Attendance,Hours_Studied,Previous_Scores,Access_to_Resources,Tutoring_Sessions,Parental_Involvement,Parental_Education_Level,Family_Income,Exam_Score
1.1237534533717888,0.0038247661472472,-1.7407954070758322,-0.1404990337643092,-0.4014114235676847,-0.1229556782182992,0.3774546054493748,1.6301694083202758,71
-0.9542014954030068,-0.3303445281971943,-0.6990751771735046,-0.1404990337643092,2.029929563625756,1.3159641670593372,-0.9037617189551556,0.2851214799545941,65
-0.7810385830051073,1.006332649180572,1.3149172673043286,-1.5719732148326244,1.2194825678946093,-0.1229556782182992,1.6586709298539055,-1.0599264484110875,68
-0.5212942144082578,0.170909413319468,-0.6296271618466828,1.290975147304006,-0.4014114235676847,-0.1229556782182992,-0.9037617189551556,0.2851214799545941,66
-1.4736902325967058,0.6721633548361304,-1.046315253807614,-0.1404990337643092,1.2194825678946093,-0.1229556782182992,-0.9037617189551556,1.6301694083202758,65
1.2969163657696885,0.8392480020083513,-1.2546592997880792,1.290975147304006,0.4090355721634622,1.3159641670593372,0.3774546054493748,1.6301694083202758,73
1.6432421905654877,-0.6645138225416359,-1.2546592997880792,-0.1404990337643092,2.029929563625756,1.3159641670593372,0.3774546054493748,0.2851214799545941,71
1.0371719971728388,0.8392480020083513,1.2454692519775068,-0.1404990337643092,1.2194825678946093,1.3159641670593372,-0.9037617189551556,1.6301694083202758,74
0.51768325997914,0.170909413319468,-1.6713473917490105,-0.1404990337643092,0.4090355721634622,-1.5618755234959356,-0.9037617189551556,-1.0599264484110875,67
0.1713574351833407,-0.6645138225416359,-0.4212831158662173,1.290975147304006,0.4090355721634622,-0.1229556782182992,0.3774546054493748,-1.0599264484110875,68
0.2579388913822905,1.3405019435250136,0.4120930680556447,-1.5719732148326244,-1.2118584192988318,1.3159641670593372,-0.9037617189551556,-1.0599264484110875,68
1.7298236467644377,-0.8315984697138568,1.3149172673043286,1.290975147304006,0.4090355721634622,1.3159641670593372,0.3774546054493748,0.2851214799545941,73
-0.6944571268061575,-1.3328524112305191,-0.560179146519861,-0.1404990337643092,-1.2118584192988318,-0.1229556782182992,-0.9037617189551556,-1.0599264484110875,61
0.6042647161780897,-0.6645138225416359,0.0648529914215355,-0.1404990337643092,-0.4014114235676847,-0.1229556782182992,1.6586709298539055,-1.0599264484110875,67
1.3834978219686382,-2.168275647091623,-1.7407954070758322,-1.5719732148326244,-0.4014114235676847,1.3159641670593372,0.3774546054493748,1.6301694083202758,65
-1.5602716887956556,-2.168275647091623,-1.6713473917490105,-0.1404990337643092,-1.2118584192988318,1.3159641670593372,0.3774546054493748,0.2851214799545941,58
-0.0018054772145589,-0.1632598810249735,-0.4212831158662173,-0.1404990337643092,-0.4014114235676847,1.3159641670593372,0.3774546054493748,-1.0599264484110875,66
0.6908461723770396,-0.4974291753694151,1.3149172673043286,1.290975147304006,0.4090355721634622,1.3159641670593372,-0.9037617189551556,0.2851214799545941,71
0.4311018037801901,0.170909413319468,-0.976867238480792,-0.1404990337643092,0.4090355721634622,1.3159641670593372,-0.9037617189551556,0.2851214799545941,68
0.1713574351833407,0.170909413319468,-1.046315253807614,-0.1404990337643092,1.2194825678946093,-0.1229556782182992,-0.9037617189551556,1.6301694083202758,70
0.51768325997914,0.8392480020083513,0.4120930680556447,-0.1404990337643092,-0.4014114235676847,-0.1229556782182992,-0.9037617189551556,1.6301694083202758,69
0.6908461723770396,1.5075865906972346,1.4538132979579723,1.290975147304006,0.4090355721634622,-0.1229556782182992,-0.9037617189551556,-1.0599264484110875,72
0.9505905409738892,1.006332649180572,-0.2823870852125736,-1.5719732148326244,-1.2118584192988318,-0.1229556782182992,-0.9037617189551556,-1.0599264484110875,68
-0.2615498458114084,-0.3303445281971943,-1.393555330441723,1.290975147304006,1.2194825678946093,-0.1229556782182992,-0.9037617189551556,1.6301694083202758,66
0.0847759789843908,-1.1657677640582984,0.6898851293629321,-0.1404990337643092,-0.4014114235676847,-1.5618755234959356,-0.9037617189551556,-1.0599264484110875,63
-1.5602716887956556,-1.6670217055749608,-1.6713473917490105,1.290975147304006,-0.4014114235676847,1.3159641670593372,-0.9037617189551556,0.2851214799545941,61
1.2969163657696885,-0.6645138225416359,-0.4907311311930391,-1.5719732148326244,0.4090355721634622,-0.1229556782182992,-0.9037617189551556,0.2851214799545941,66
-1.1273644078009066,0.170909413319468,-1.393555330441723,1.290975147304006,0.4090355721634622,-1.5618755234959356,-0.9037617189551556,1.6301694083202758,66
1.6432421905654877,1.173417296352793,-1.5324513610953667,-0.1404990337643092,0.4090355721634622,1.3159641670593372,0.3774546054493748,-1.0599264484110875,73
0.6908461723770396,0.6721633548361304,-0.0740430392321081,1.290975147304006,-1.2118584192988318,-0.1229556782182992,1.6586709298539055,-1.0599264484110875,71
0.2579388913822905,2.0088405322138967,-0.4907311311930391,-0.1404990337643092,1.2194825678946093,1.3159641670593372,-0.9037617189551556,-1.0599264484110875,71
0.4311018037801901,-0.1632598810249735,0.7593331446897539,-0.1404990337643092,-1.2118584192988318,-0.1229556782182992,0.3774546054493748,-1.0599264484110875,67
-1.0407829516019569,1.173417296352793,0.2731970374020011,-0.1404990337643092,0.4090355721634622,-1.5618755234959356,1.6586709298539055,-1.0599264484110875,64
1.7298236467644377,0.6721633548361304,0.7593331446897539,1.290975147304006,0.4090355721634622,1.3159641670593372,-0.9037617189551556,0.2851214799545941,75
0.51768325997914,-0.8315984697138568,1.523261313284794,1.290975147304006,2.029929563625756,-0.1229556782182992,-0.9037617189551556,1.6301694083202758,71
0.0847759789843908,-0.3303445281971943,-1.393555330441723,-1.5719732148326244,1.2194825678946093,-0.1229556782182992,-0.9037617189551556,-1.0599264484110875,64
0.2579388913822905,0.3379940604916889,-0.6296271618466828,-1.5719732148326244,0.4090355721634622,-0.1229556782182992,-0.9037617189551556,0.2851214799545941,67
1.5566607343665375,-1.8341063527471813,-0.7685231925003265,-0.1404990337643092,-0.4014114235676847,1.3159641670593372,-0.9037617189551556,-1.0599264484110875,67
-0.2615498458114084,0.3379940604916889,-0.2129390698857517,-0.1404990337643092,0.4090355721634622,-0.1229556782182992,-0.9037617189551556,0.2851214799545941,67
-0.1749683896124585,0.6721633548361304,1.3843652826311503,-0.1404990337643092,-0.4014114235676847,1.3159641670593372,0.3774546054493748,-1.0599264484110875,69
-0.434712758209308,1.6746712378694553,-0.1434910545589299,-0.1404990337643092,-0.4014114235676847,-0.1229556782182992,0.3774546054493748,0.2851214799545941,69
-0.3481313020103582,0.6721633548361304,-0.2129390698857517,-1.5719732148326244,-0.4014114235676847,1.3159641670593372,0.3774546054493748,1.6301694083202758,67
-0.3481313020103582,1.006332649180572,0.8982291753433976,-1.5719732148326244,0.4090355721634622,-1.5618755234959356,-0.9037617189551556,-1.0599264484110875,66
-1.6468531449946056,-1.3328524112305191,-1.6018993764221885,-1.5719732148326244,0.4090355721634622,-0.1229556782182992,-0.9037617189551556,-1.0599264484110875,58
-1.2139458639998564,0.0038247661472472,-0.2129390698857517,-1.5719732148326244,-0.4014114235676847,1.3159641670593372,0.3774546054493748,0.2851214799545941,64
-1.0407829516019569,0.6721633548361304,-0.560179146519861,-1.5719732148326244,-1.2118584192988318,-1.5618755234959356,-0.9037617189551556,-1.0599264484110875,60
-0.2615498458114084,0.3379940604916889,0.2731970374020011,-0.1404990337643092,0.4090355721634622,-0.1229556782182992,-0.9037617189551556,0.2851214799545941,67
-0.5212942144082578,-0.1632598810249735,0.4815410833824666,1.290975147304006,0.4090355721634622,-0.1229556782182992,-0.9037617189551556,-1.0599264484110875,66
0.51768325997914,0.0038247661472472,1.3149172673043286,-1.5719732148326244,0.4090355721634622,-1.5618755234959356,-0.9037617189551556,-1.0599264484110875,64
-0.7810385830051073,0.0038247661472472,-0.6296271618466828,-0.1404990337643092,-0.4014114235676847,-0.1229556782182992,0.3774546054493748,0.2851214799545941,63
0.8640090847749392,-1.3328524112305191,-0.976867238480792,1.290975147304006,0.4090355721634622,-0.1229556782182992,0.3774546054493748,0.2851214799545941,67
-1.300527320198806,0.0038247661472472,0.8982291753433976,-0.1404990337643092,-1.2118584192988318,1.3159641670593372,-0.9037617189551556,0.2851214799545941,64
1.470079278167588,1.006332649180572,0.2731970374020011,-1.5719732148326244,0.4090355721634622,-0.1229556782182992,-0.9037617189551556,-1.0599264484110875,71
1.2103349095707383,1.3405019435250136,-1.046315253807614,1.290975147304006,-0.4014114235676847,-0.1229556782182992,-0.9037617189551556,-1.0599264484110875,71
-1.4736902325967058,-2.168275647091623,1.523261313284794,-0.1404990337643092,-0.4014114235676847,-1.5618755234959356,-0.9037617189551556,-1.0599264484110875,59
1.2103349095707383,-1.6670217055749608,-0.2823870852125736,-1.5719732148326244,-0.4014114235676847,1.3159641670593372,-0.9037617189551556,1.6301694083202758,67
-1.1273644078009066,-0.1632598810249735,1.106573221323863,-0.1404990337643092,-0.4014114235676847,-0.1229556782182992,-0.9037617189551556,-1.0599264484110875,65
1.3834978219686382,-0.3303445281971943,-1.2546592997880792,-1.5719732148326244,-0.4014114235676847,-0.1229556782182992,-0.9037617189551556,0.2851214799545941,67
-1.7334346011935553,-0.8315984697138568,-0.6296271618466828,-0.1404990337643092,0.4090355721634622,-0.1229556782182992,-0.9037617189551556,1.6301694083202758,62
0.51768325997914,2.5100944737305597,-1.1157632691344357,-0.1404990337643092,0.4090355721634622,-1.5618755234959356,0.3774546054493748,-1.0599264484110875,70
1.7298236467644377,0.170909413319468,-1.1852112844612577,-0.1404990337643092,0.4090355721634622,-0.1229556782182992,-0.9037617189551556,0.2851214799545941,69
1.2103349095707383,-0.3303445281971943,0.8287811600165758,-0.1404990337643092,-0.4014114235676847,-0.1229556782182992,-0.9037617189551556,0.2851214799545941,71
-0.3481313020103582,-1.3328524112305191,-0.2823870852125736,-1.5719732148326244,-1.2118584192988318,-0.1229556782182992,-0.9037617189551556,0.2851214799545941,61
1.0371719971728388,-2.5024449414360648,-1.6018993764221885,-0.1404990337643092,0.4090355721634622,-0.1229556782182992,0.3774546054493748,1.6301694083202758,64
0.6042647161780897,-0.3303445281971943,-0.976867238480792,-0.1404990337643092,0.4090355721634622,-0.1229556782182992,-0.9037617189551556,0.2851214799545941,68
1.3834978219686382,0.170909413319468,-0.7685231925003265,-0.1404990337643092,0.4090355721634622,-0.1229556782182992,0.3774546054493748,0.2851214799545941,71
-0.6944571268061575,-0.9986831168860776,-1.5324513610953667,1.290975147304006,2.029929563625756,-0.1229556782182992,1.6586709298539055,0.2851214799545941,65
1.5566607343665375,0.8392480020083513,0.6204371140361102,-0.1404990337643092,-0.4014114235676847,-0.1229556782182992,1.6586709298539055,0.2851214799545941,73
-1.2139458639998564,-1.1657677640582984,1.5927093286116158,1.290975147304006,-0.4014114235676847,1.3159641670593372,-0.9037617189551556,1.6301694083202758,65
1.3834978219686382,0.5050787076639097,0.4120930680556447,-0.1404990337643092,-0.4014114235676847,-0.1229556782182992,1.6586709298539055,-1.0599264484110875,71
0.0847759789843908,-0.3303445281971943,-0.6990751771735046,-0.1404990337643092,0.4090355721634622,-0.1229556782182992,1.6586709298539055,-1.0599264484110875,66
-0.9542014954030068,1.006332649180572,0.8287811600165758,-1.5719732148326244,0.4090355721634622,1.3159641670593372,1.6586709298539055,0.2851214799545941,67
0.6042647161780897,0.0038247661472472,-0.0045950239052862,-0.1404990337643092,-0.4014114235676847,-1.5618755234959356,1.6586709298539055,-1.0599264484110875,68
1.5566607343665375,-2.168275647091623,-1.1852112844612577,-1.5719732148326244,0.4090355721634622,-0.1229556782182992,0.3774546054493748,0.2851214799545941,65
-0.7810385830051073,0.0038247661472472,0.8287811600165758,-1.5719732148326244,-0.4014114235676847,-0.1229556782182992,-0.9037617189551556,0.2851214799545941,65
-0.434712758209308,-0.6645138225416359,-0.9074192231539702,-0.1404990337643092,1.2194825678946093,1.3159641670593372,-0.9037617189551556,-1.0599264484110875,66
1.7298236467644377,0.8392480020083513,0.6898851293629321,-1.5719732148326244,-0.4014114235676847,1.3159641670593372,-0.9037617189551556,0.2851214799545941,72
-1.2139458639998564,1.841755885041676,0.3426450527288229,1.290975147304006,-1.2118584192988318,-1.5618755234959356,-0.9037617189551556,-1.0599264484110875,65
-1.5602716887956556,-0.6645138225416359,1.0371252059970413,-0.1404990337643092,0.4090355721634622,-1.5618755234959356,1.6586709298539055,1.6301694083202758,62
0.7774276285759895,0.0038247661472472,-0.560179146519861,1.290975147304006,0.4090355721634622,-0.1229556782182992,0.3774546054493748,-1.0599264484110875,69
-0.2615498458114084,1.5075865906972346,-1.6018993764221885,-0.1404990337643092,2.840376559356903,-0.1229556782182992,0.3774546054493748,-1.0599264484110875,70
0.1713574351833407,-2.001190999919402,0.7593331446897539,1.290975147304006,-1.2118584192988318,-0.1229556782182992,1.6586709298539055,-1.0599264484110875,64
0.3445203475812403,0.3379940604916889,-1.3241073151149012,-0.1404990337643092,-1.2118584192988318,-0.1229556782182992,-0.9037617189551556,1.6301694083202758,66
0.4311018037801901,-0.8315984697138568,-0.976867238480792,1.290975147304006,-0.4014114235676847,1.3159641670593372,-0.9037617189551556,0.2851214799545941,68
1.3834978219686382,-0.1632598810249735,-1.4630033457685447,-0.1404990337643092,-0.4014114235676847,-0.1229556782182992,0.3774546054493748,-1.0599264484110875,69
0.6908461723770396,-1.4999370584027398,-0.1434910545589299,-1.5719732148326244,-0.4014114235676847,-0.1229556782182992,0.3774546054493748,0.2851214799545941,63
-1.0407829516019569,-2.001190999919402,1.4538132979579723,-0.1404990337643092,0.4090355721634622,1.3159641670593372,1.6586709298539055,-1.0599264484110875,65
1.1237534533717888,-1.8341063527471813,-0.2129390698857517,-1.5719732148326244,-0.4014114235676847,1.3159641670593372,0.3774546054493748,0.2851214799545941,66
0.9505905409738892,-0.9986831168860776,-0.9074192231539702,-0.1404990337643092,0.4090355721634622,-0.1229556782182992,0.3774546054493748,-1.0599264484110875,68
-0.8676200392040571,0.3379940604916889,-0.976867238480792,-0.1404990337643092,-0.4014114235676847,-1.5618755234959356,0.3774546054493748,-1.0599264484110875,63
-0.7810385830051073,-0.9986831168860776,0.9676771906702194,1.290975147304006,-1.2118584192988318,1.3159641670593372,1.6586709298539055,0.2851214799545941,66
-0.1749683896124585,-1.8341063527471813,1.7316053592652596,-0.1404990337643092,0.4090355721634622,1.3159641670593372,-0.9037617189551556,0.2851214799545941,66
-1.7334346011935553,0.6721633548361304,1.176021236650685,-0.1404990337643092,1.2194825678946093,-1.5618755234959356,0.3774546054493748,0.2851214799545941,65
0.51768325997914,-0.3303445281971943,-0.4212831158662173,-1.5719732148326244,0.4090355721634622,1.3159641670593372,-0.9037617189551556,0.2851214799545941,68
-0.6944571268061575,0.5050787076639097,-1.1852112844612577,-0.1404990337643092,0.4090355721634622,1.3159641670593372,0.3774546054493748,-1.0599264484110875,66
-1.2139458639998564,-1.1657677640582984,-0.6296271618466828,-0.1404990337643092,1.2194825678946093,-0.1229556782182992,0.3774546054493748,0.2851214799545941,62
-1.5602716887956556,-2.836614235780506,-0.560179146519861,-1.5719732148326244,-0.4014114235676847,-0.1229556782182992,-0.9037617189551556,-1.0599264484110875,55
-1.300527320198806,-0.3303445281971943,0.8982291753433976,-1.5719732148326244,-0.4014114235676847,-0.1229556782182992,0.3774546054493748,0.2851214799545941,62
-0.2615498458114084,-2.001190999919402,1.0371252059970413,-1.5719732148326244,-0.4014114235676847,-0.1229556782182992,-0.9037617189551556,0.2851214799545941,61
-0.434712758209308,-0.3303445281971943,-1.1157632691344357,-0.1404990337643092,-1.2118584192988318,-1.5618755234959356,-0.9037617189551556,0.2851214799545941,62
-1.1273644078009066,1.3405019435250136,-1.046315253807614,-0.1404990337643092,-1.2118584192988318,-0.1229556782182992,-0.9037617189551556,0.2851214799545941,65
0.51768325997914,-0.3303445281971943,-0.9074192231539702,-0.1404990337643092,2.029929563625756,-1.5618755234959356,1.6586709298539055,0.2851214799545941,67
-0.7810385830051073,1.006332649180572,-1.6713473917490105,-0.1404990337643092,-0.4014114235676847,1.3159641670593372,1.6586709298539055,1.6301694083202758,67
-1.300527320198806,0.170909413319468,0.5509890987092884,1.290975147304006,1.2194825678946093,-1.5618755234959356,-0.9037617189551556,-1.0599264484110875,65
1.5566607343665375,1.5075865906972346,0.7593331446897539,1.290975147304006,0.4090355721634622,-0.1229556782182992,-0.9037617189551556,0.2851214799545941,73
-1.1273644078009066,0.5050787076639097,0.9676771906702194,-0.1404990337643092,0.4090355721634622,-0.1229556782182992,-0.9037617189551556,-1.0599264484110875,66
-1.0407829516019569,-0.3303445281971943,0.0648529914215355,-0.1404990337643092,0.4090355721634622,-0.1229556782182992,1.6586709298539055,1.6301694083202758,66
-0.6078756706072076,1.3405019435250136,-0.2823870852125736,-0.1404990337643092,-1.2118584192988318,1.3159641670593372,0.3774546054493748,0.2851214799545941,69
-0.6078756706072076,0.0038247661472472,0.6204371140361102,-0.1404990337643092,-1.2118584192988318,1.3159641670593372,-0.9037617189551556,0.2851214799545941,67
1.5566607343665375,-0.6645138225416359,-1.6018993764221885,-1.5719732148326244,1.2194825678946093,1.3159641670593372,0.3774546054493748,-1.0599264484110875,69
0.8640090847749392,0.6721633548361304,-1.393555330441723,-0.1404990337643092,-0.4014114235676847,-1.5618755234959356,1.6586709298539055,1.6301694083202758,68
1.6432421905654877,0.170909413319468,-1.1157632691344357,-1.5719732148326244,-0.4014114235676847,-0.1229556782182992,0.3774546054493748,1.6301694083202758,69
-1.6468531449946056,-1.3328524112305191,0.4120930680556447,-0.1404990337643092,0.4090355721634622,-0.1229556782182992,0.3774546054493748,1.6301694083202758,62
-0.2615498458114084,0.170909413319468,1.3149172673043286,-1.5719732148326244,-0.4014114235676847,-0.1229556782182992,-0.9037617189551556,0.2851214799545941,65
-1.300527320198806,0.3379940604916889,-0.8379712078271483,-0.1404990337643092,0.4090355721634622,-1.5618755234959356,-0.9037617189551556,0.2851214799545941,61
0.7774276285759895,0.3379940604916889,0.9676771906702194,1.290975147304006,-1.2118584192988318,1.3159641670593372,-0.9037617189551556,0.2851214799545941,71
1.6432421905654877,-0.8315984697138568,-0.2823870852125736,-0.1404990337643092,-1.2118584192988318,-0.1229556782182992,0.3774546054493748,0.2851214799545941,68
1.2103349095707383,2.0088405322138967,-1.393555330441723,1.290975147304006,2.029929563625756,-0.1229556782182992,-0.9037617189551556,0.2851214799545941,75
0.8640090847749392,0.0038247661472472,0.8982291753433976,-1.5719732148326244,1.2194825678946093,1.3159641670593372,-0.9037617189551556,-1.0599264484110875,69
0.6908461723770396,-0.9986831168860776,-0.560179146519861,-0.1404990337643092,0.4090355721634622,-0.1229556782182992,1.6586709298539055,1.6301694083202758,66
-0.8676200392040571,-1.4999370584027398,1.5927093286116158,-0.1404990337643092,1.2194825678946093,-0.1229556782182992,1.6586709298539055,1.6301694083202758,66
0.1713574351833407,-0.6645138225416359,-1.3241073151149012,-0.1404990337643092,-1.2118584192988318,-0.1229556782182992,-0.9037617189551556,1.6301694083202758,79
0.51768325997914,1.173417296352793,-0.0740430392321081,-0.1404990337643092,0.4090355721634622,-0.1229556782182992,-0.9037617189551556,1.6301694083202758,71
1.1237534533717888,-0.4974291753694151,-0.7685231925003265,-0.1404990337643092,-0.4014114235676847,-0.1229556782182992,-0.9037617189551556,0.2851214799545941,67
0.7774276285759895,-1.3328524112305191,-1.393555330441723,-1.5719732148326244,-0.4014114235676847,-0.1229556782182992,-0.9037617189551556,-1.0599264484110875,63
-0.8676200392040571,0.170909413319468,-0.1434910545589299,-1.5719732148326244,-1.2118584192988318,-1.5618755234959356,0.3774546054493748,1.6301694083202758,63
1.1237534533717888,-0.3303445281971943,0.0648529914215355,-0.1404990337643092,0.4090355721634622,-0.1229556782182992,-0.9037617189551556,0.2851214799545941,96
1.7298236467644377,-0.6645138225416359,-1.6018993764221885,1.290975147304006,2.029929563625756,1.3159641670593372,-0.9037617189551556,-1.0599264484110875,71
1.2103349095707383,-0.3303445281971943,0.4120930680556447,1.290975147304006,-1.2118584192988318,1.3159641670593372,-0.9037617189551556,1.6301694083202758,71
1.1237534533717888,-0.8315984697138568,-0.976867238480792,-0.1404990337643092,-0.4014114235676847,-0.1229556782182992,-0.9037617189551556,0.2851214799545941,67
0.7774276285759895,1.006332649180572,1.7316053592652596,-1.5719732148326244,-1.2118584192988318,-0.1229556782182992,-0.9037617189551556,0.2851214799545941,69
-1.387108776397756,1.173417296352793,-0.3518351005393955,-0.1404990337643092,-1.2118584192988318,-1.5618755234959356,-0.9037617189551556,-1.0599264484110875,65
-0.0883869334135087,0.6721633548361304,1.6621573439384378,1.290975147304006,0.4090355721634622,-1.5618755234959356,-0.9037617189551556,-1.0599264484110875,68
-1.300527320198806,-1.3328524112305191,-0.0045950239052862,1.290975147304006,-1.2118584192988318,-0.1229556782182992,-0.9037617189551556,1.6301694083202758,62
1.5566607343665375,1.006332649180572,-0.4907311311930391,-0.1404990337643092,2.029929563625756,-0.1229556782182992,-0.9037617189551556,-1.0599264484110875,73
0.4311018037801901,-0.3303445281971943,-1.393555330441723,-1.5719732148326244,1.2194825678946093,-0.1229556782182992,-0.9037617189551556,0.2851214799545941,67
-1.7334346011935553,0.0038247661472472,-0.1434910545589299,-1.5719732148326244,-1.2118584192988318,-0.1229556782182992,1.6586709298539055,-1.0599264484110875,60
1.2969163657696885,0.0038247661472472,-0.4212831158662173,1.290975147304006,-1.2118584192988318,-0.1229556782182992,-0.9037617189551556,0.2851214799545941,70
-1.300527320198806,-2.001190999919402,0.5509890987092884,-0.1404990337643092,1.2194825678946093,-0.1229556782182992,-0.9037617189551556,0.2851214799545941,60
-0.0018054772145589,-0.9986831168860776,-1.3241073151149012,-0.1404990337643092,-0.4014114235676847,1.3159641670593372,1.6586709298539055,-1.0599264484110875,65
1.0371719971728388,0.3379940604916889,-1.5324513610953667,-0.1404990337643092,2.029929563625756,-0.1229556782182992,-0.9037617189551556,1.6301694083202758,69
-0.0883869334135087,0.0038247661472472,0.8287811600165758,-1.5719732148326244,0.4090355721634622,1.3159641670593372,-0.9037617189551556,0.2851214799545941,66
0.8640090847749392,1.173417296352793,-1.6018993764221885,-0.1404990337643092,0.4090355721634622,-1.5618755234959356,0.3774546054493748,-1.0599264484110875,86
0.1713574351833407,-0.4974291753694151,-1.3241073151149012,-1.5719732148326244,1.2194825678946093,1.3159641670593372,-0.9037617189551556,1.6301694083202758,66
1.0371719971728388,1.173417296352793,1.7316053592652596,-1.5719732148326244,0.4090355721634622,-0.1229556782182992,1.6586709298539055,0.2851214799545941,73
0.3445203475812403,-0.1632598810249735,-1.3241073151149012,-0.1404990337643092,0.4090355721634622,-0.1229556782182992,-0.9037617189551556,-1.0599264484110875,65
1.2969163657696885,0.6721633548361304,-0.6296271618466828,-0.1404990337643092,0.4090355721634622,1.3159641670593372,-0.9037617189551556,1.6301694083202758,71
0.3445203475812403,0.170909413319468,1.5927093286116158,1.290975147304006,-0.4014114235676847,-1.5618755234959356,-0.9037617189551556,-1.0599264484110875,67
-1.5602716887956556,-0.4974291753694151,0.7593331446897539,-1.5719732148326244,0.4090355721634622,-0.1229556782182992,-0.9037617189551556,0.2851214799545941,62
-0.0883869334135087,0.5050787076639097,0.4815410833824666,1.290975147304006,1.2194825678946093,1.3159641670593372,1.6586709298539055,0.2851214799545941,69
0.8640090847749392,0.5050787076639097,-1.7407954070758322,-1.5719732148326244,2.029929563625756,-1.5618755234959356,-0.9037617189551556,0.2851214799545941,67
-0.8676200392040571,1.6746712378694553,0.5509890987092884,1.290975147304006,-0.4014114235676847,-0.1229556782182992,1.6586709298539055,1.6301694083202758,71
-0.2615498458114084,0.6721633548361304,-0.6990751771735046,-1.5719732148326244,0.4090355721634622,-0.1229556782182992,-0.9037617189551556,0.2851214799545941,68
0.7774276285759895,0.3379940604916889,0.3426450527288229,1.290975147304006,-0.4014114235676847,1.3159641670593372,-0.9037617189551556,1.6301694083202758,73
-0.9542014954030068,-0.8315984697138568,-1.5324513610953667,-0.1404990337643092,-1.2118584192988318,-0.1229556782182992,-0.9037617189551556,1.6301694083202758,60
-1.5602716887956556,-0.3303445281971943,-1.4630033457685447,-0.1404990337643092,0.4090355721634622,-0.1229556782182992,1.6586709298539055,0.2851214799545941,64
0.0847759789843908,-0.1632598810249735,1.7316053592652596,-0.1404990337643092,-0.4014114235676847,1.3159641670593372,1.6586709298539055,-1.0599264484110875,68
-1.387108776397756,-1.4999370584027398,-0.0045950239052862,-0.1404990337643092,-0.4014114235676847,-0.1229556782182992,-0.9037617189551556,1.6301694083202758,60
1.1237534533717888,1.006332649180572,0.3426450527288229,-0.1404990337643092,2.029929563625756,1.3159641670593372,0.3774546054493748,-1.0599264484110875,73
0.51768325997914,1.5075865906972346,-1.6018993764221885,-1.5719732148326244,-0.4014114235676847,-1.5618755234959356,0.3774546054493748,-1.0599264484110875,68
-1.2139458639998564,-0.8315984697138568,1.0371252059970413,-0.1404990337643092,0.4090355721634622,-0.1229556782182992,0.3774546054493748,0.2851214799545941,62
0.6042647161780897,0.0038247661472472,0.6204371140361102,-1.5719732148326244,0.4090355721634622,-0.1229556782182992,-0.9037617189551556,0.2851214799545941,68
-1.387108776397756,0.0038247661472472,-1.5324513610953667,1.290975147304006,2.029929563625756,-0.1229556782182992,0.3774546054493748,1.6301694083202758,65
-1.0407829516019569,0.6721633548361304,-0.3518351005393955,-1.5719732148326244,-0.4014114235676847,-0.1229556782182992,0.3774546054493748,-1.0599264484110875,64
0.0847759789843908,2.3430098265583386,0.4815410833824666,-0.1404990337643092,-0.4014114235676847,-0.1229556782182992,-0.9037617189551556,0.2851214799545941,71
-0.6944571268061575,-0.8315984697138568,-1.7407954070758322,1.290975147304006,0.4090355721634622,1.3159641670593372,-0.9037617189551556,0.2851214799545941,65
1.470079278167588,2.0088405322138967,-0.1434910545589299,-0.1404990337643092,-1.2118584192988318,1.3159641670593372,0.3774546054493748,1.6301694083202758,75
-0.7810385830051073,0.5050787076639097,-1.7407954070758322,1.290975147304006,-1.2118584192988318,-0.1229556782182992,-0.9037617189551556,1.6301694083202758,64
-0.0883869334135087,0.8392480020083513,-1.4630033457685447,-1.5719732148326244,-0.4014114235676847,-0.1229556782182992,1.6586709298539055,-1.0599264484110875,66
1.470079278167588,0.5050787076639097,1.3149172673043286,-1.5719732148326244,0.4090355721634622,1.3159641670593372,-0.9037617189551556,-1.0599264484110875,73
-1.387108776397756,0.3379940604916889,-1.046315253807614,-0.1404990337643092,-0.4014114235676847,-1.5618755234959356,-0.9037617189551556,1.6301694083202758,63
1.470079278167588,-1.1657677640582984,-0.3518351005393955,-0.1404990337643092,-1.2118584192988318,-1.5618755234959356,1.6586709298539055,1.6301694083202758,67
-0.5212942144082578,-0.1632598810249735,1.2454692519775068,1.290975147304006,-0.4014114235676847,1.3159641670593372,-0.9037617189551556,0.2851214799545941,68
1.2103349095707383,1.006332649180572,0.2731970374020011,1.290975147304006,-0.4014114235676847,-0.1229556782182992,1.6586709298539055,-1.0599264484110875,74
1.470079278167588,0.170909413319468,-0.8379712078271483,-0.1404990337643092,-1.2118584192988318,-0.1229556782182992,-0.9037617189551556,0.2851214799545941,69
0.51768325997914,0.3379940604916889,-1.2546592997880792,-0.1404990337643092,0.4090355721634622,-0.1229556782182992,0.3774546054493748,0.2851214799545941,69
1.3834978219686382,-1.8341063527471813,-0.8379712078271483,1.290975147304006,-0.4014114235676847,-0.1229556782182992,-0.9037617189551556,1.6301694083202758,67
0.7774276285759895,0.6721633548361304,-0.8379712078271483,1.290975147304006,0.4090355721634622,-0.1229556782182992,0.3774546054493748,1.6301694083202758,72
0.1713574351833407,-0.9986831168860776,1.106573221323863,-1.5719732148326244,-0.4014114235676847,1.3159641670593372,-0.9037617189551556,-1.0599264484110875,66
-0.9542014954030068,0.6721633548361304,-0.4212831158662173,-1.5719732148326244,-1.2118584192988318,-0.1229556782182992,0.3774546054493748,-1.0599264484110875,65
-1.4736902325967058,0.3379940604916889,0.6898851293629321,1.290975147304006,2.029929563625756,-0.1229556782182992,0.3774546054493748,1.6301694083202758,68
-0.9542014954030068,-0.8315984697138568,1.176021236650685,1.290975147304006,-1.2118584192988318,-0.1229556782182992,0.3774546054493748,-1.0599264484110875,63
-0.7810385830051073,1.5075865906972346,1.176021236650685,-0.1404990337643092,-0.4014114235676847,1.3159641670593372,-0.9037617189551556,-1.0599264484110875,69
1.0371719971728388,1.173417296352793,0.4120930680556447,-0.1404990337643092,-1.2118584192988318,-0.1229556782182992,0.3774546054493748,-1.0599264484110875,70
-1.6468531449946056,-0.8315984697138568,1.5927093286116158,-0.1404990337643092,-0.4014114235676847,-0.1229556782182992,-0.9037617189551556,0.2851214799545941,62
-1.6468531449946056,-0.1632598810249735,0.6204371140361102,1.290975147304006,0.4090355721634622,-0.1229556782182992,-0.9037617189551556,0.2851214799545941,66
0.2579388913822905,1.5075865906972346,-1.393555330441723,-0.1404990337643092,0.4090355721634622,-0.1229556782182992,-0.9037617189551556,-1.0599264484110875,68
0.7774276285759895,0.170909413319468,1.6621573439384378,-0.1404990337643092,-1.2118584192988318,-0.1229556782182992,-0.9037617189551556,0.2851214799545941,69
-0.5212942144082578,1.6746712378694553,1.6621573439384378,-1.5719732148326244,-0.4014114235676847,-0.1229556782182992,-0.9037617189551556,1.6301694083202758,69
0.3445203475812403,-0.3303445281971943,-0.2823870852125736,1.290975147304006,2.029929563625756,-0.1229556782182992,-0.9037617189551556,0.2851214799545941,69
0.0847759789843908,-3.170783530124948,-0.6296271618466828,-0.1404990337643092,-0.4014114235676847,-0.1229556782182992,0.3774546054493748,-1.0599264484110875,60
-1.2139458639998564,0.170909413319468,-0.976867238480792,-0.1404990337643092,0.4090355721634622,1.3159641670593372,0.3774546054493748,1.6301694083202758,66
1.5566607343665375,0.170909413319468,-1.2546592997880792,-1.5719732148326244,0.4090355721634622,-0.1229556782182992,-0.9037617189551556,1.6301694083202758,68
-0.0883869334135087,0.6721633548361304,0.8982291753433976,1.290975147304006,-1.2118584192988318,-1.5618755234959356,-0.9037617189551556,0.2851214799545941,67
1.1237534533717888,0.170909413319468,0.3426450527288229,1.290975147304006,-1.2118584192988318,-0.1229556782182992,0.3774546054493748,1.6301694083202758,71
1.3834978219686382,0.3379940604916889,1.6621573439384378,1.290975147304006,2.029929563625756,-1.5618755234959356,0.3774546054493748,-1.0599264484110875,74
-0.6078756706072076,0.3379940604916889,0.1343010067483574,-1.5719732148326244,-0.4014114235676847,-0.1229556782182992,-0.9037617189551556,1.6301694083202758,64
0.6908461723770396,1.006332649180572,-0.0740430392321081,1.290975147304006,-1.2118584192988318,-0.1229556782182992,-0.9037617189551556,-1.0599264484110875,68
-1.4736902325967058,-1.1657677640582984,-1.6018993764221885,1.290975147304006,0.4090355721634622,-0.1229556782182992,-0.9037617189551556,-1.0599264484110875,62
-0.7810385830051073,-1.1657677640582984,0.7593331446897539,1.290975147304006,0.4090355721634622,-0.1229556782182992,1.6586709298539055,-1.0599264484110875,65
-1.387108776397756,-0.1632598810249735,-1.2546592997880792,-0.1404990337643092,-1.2118584192988318,1.3159641670593372,-0.9037617189551556,0.2851214799545941,62
-0.3481313020103582,1.006332649180572,-0.560179146519861,-0.1404990337643092,-0.4014114235676847,-0.1229556782182992,-0.9037617189551556,-1.0599264484110875,67
-0.2615498458114084,-0.1632598810249735,1.176021236650685,-1.5719732148326244,0.4090355721634622,1.3159641670593372,-0.9037617189551556,-1.0599264484110875,67
0.3445203475812403,-1.1657677640582984,-1.6713473917490105,-0.1404990337643092,-1.2118584192988318,-0.1229556782182992,-0.9037617189551556,-1.0599264484110875,64
-0.1749683896124585,1.6746712378694553,1.523261313284794,1.290975147304006,-0.4014114235676847,-0.1229556782182992,-0.9037617189551556,-1.0599264484110875,70
1.2103349095707383,0.5050787076639097,-0.9074192231539702,-1.5719732148326244,0.4090355721634622,-0.1229556782182992,1.6586709298539055,-1.0599264484110875,69
-0.9542014954030068,-1.4999370584027398,1.2454692519775068,-0.1404990337643092,-1.2118584192988318,-0.1229556782182992,0.3774546054493748,0.2851214799545941,63
-1.6468531449946056,1.3405019435250136,0.4815410833824666,-1.5719732148326244,-1.2118584192988318,-1.5618755234959356,0.3774546054493748,0.2851214799545941,64
-0.2615498458114084,0.8392480020083513,-0.3518351005393955,-0.1404990337643092,-1.2118584192988318,1.3159641670593372,-0.9037617189551556,0.2851214799545941,68
-1.4736902325967058,0.3379940604916889,0.3426450527288229,-1.5719732148326244,0.4090355721634622,-0.1229556782182992,0.3774546054493748,1.6301694083202758,64
-1.1273644078009066,0.5050787076639097,-1.7407954070758322,-0.1404990337643092,2.029929563625756,-0.1229556782182992,0.3774546054493748,-1.0599264484110875,65
0.6042647161780897,1.3405019435250136,-0.3518351005393955,-0.1404990337643092,0.4090355721634622,-0.1229556782182992,1.6586709298539055,-1.0599264484110875,71
1.0371719971728388,0.3379940604916889,1.6621573439384378,1.290975147304006,-0.4014114235676847,-0.1229556782182992,0.3774546054493748,0.2851214799545941,71
-1.0407829516019569,0.0038247661472472,-1.393555330441723,-0.1404990337643092,-1.2118584192988318,1.3159641670593372,-0.9037617189551556,-1.0599264484110875,63
-0.5212942144082578,-0.3303445281971943,-0.0045950239052862,-0.1404990337643092,-0.4014114235676847,1.3159641670593372,1.6586709298539055,1.6301694083202758,68
0.7774276285759895,0.170909413319468,1.523261313284794,-0.1404990337643092,-0.4014114235676847,-0.1229556782182992,1.6586709298539055,-1.0599264484110875,68
1.2969163657696885,1.173417296352793,-1.2546592997880792,-0.1404990337643092,-0.4014114235676847,-0.1229556782182992,-0.9037617189551556,0.2851214799545941,71
-0.9542014954030068,-0.3303445281971943,0.9676771906702194,-1.5719732148326244,0.4090355721634622,-1.5618755234959356,-0.9037617189551556,-1.0599264484110875,61
0.0847759789843908,-0.9986831168860776,-0.7685231925003265,-0.1404990337643092,0.4090355721634622,-0.1229556782182992,0.3774546054493748,0.2851214799545941,66
-0.1749683896124585,-1.4999370584027398,1.7316053592652596,-0.1404990337643092,-0.4014114235676847,1.3159641670593372,-0.9037617189551556,-1.0599264484110875,66
0.6908461723770396,0.5050787076639097,-0.4212831158662173,-0.1404990337643092,1.2194825678946093,-0.1229556782182992,-0.9037617189551556,-1.0599264484110875,69
1.2103349095707383,0.0038247661472472,-0.3518351005393955,-0.1404990337643092,-0.4014114235676847,-0.1229556782182992,-0.9037617189551556,0.2851214799545941,69
0.0847759789843908,0.0038247661472472,-1.4630033457685447,-0.1404990337643092,-1.2118584192988318,-1.5618755234959356,0.3774546054493748,-1.0599264484110875,63
0.6908461723770396,1.006332649180572,-0.560179146519861,-1.5719732148326244,-1.2118584192988318,-1.5618755234959356,-0.9037617189551556,-1.0599264484110875,65
-0.9542014954030068,-1.1657677640582984,-0.2129390698857517,-0.1404990337643092,0.4090355721634622,-0.1229556782182992,-0.9037617189551556,1.6301694083202758,63
1.7298236467644377,1.5075865906972346,1.7316053592652596,-1.5719732148326244,-1.2118584192988318,-0.1229556782182992,-0.9037617189551556,-1.0599264484110875,72
0.6908461723770396,1.173417296352793,-1.393555330441723,-0.1404990337643092,0.4090355721634622,-1.5618755234959356,-0.9037617189551556,-1.0599264484110875,67
0.3445203475812403,1.6746712378694553,-0.6296271618466828,-1.5719732148326244,-1.2118584192988318,1.3159641670593372,1.6586709298539055,0.2851214799545941,70
1.470079278167588,-0.1632598810249735,-0.7685231925003265,-1.5719732148326244,0.4090355721634622,1.3159641670593372,-0.9037617189551556,-1.0599264484110875,71
0.9505905409738892,0.3379940604916889,0.4120930680556447,-1.5719732148326244,0.4090355721634622,-0.1229556782182992,-0.9037617189551556,-1.0599264484110875,68
-0.2615498458114084,0.8392480020083513,0.6898851293629321,1.290975147304006,0.4090355721634622,1.3159641670593372,0.3774546054493748,0.2851214799545941,71
0.51768325997914,0.3379940604916889,-1.3241073151149012,-0.1404990337643092,-0.4014114235676847,1.3159641670593372,-0.9037617189551556,1.6301694083202758,69
1.2969163657696885,-1.4999370584027398,1.176021236650685,-0.1404990337643092,0.4090355721634622,-0.1229556782182992,1.6586709298539055,0.2851214799545941,68
-1.1273644078009066,-1.1657677640582984,-0.3518351005393955,-1.5719732148326244,-1.2118584192988318,-0.1229556782182992,-0.9037617189551556,-1.0599264484110875,60
-0.9542014954030068,0.8392480020083513,1.5927093286116158,-0.1404990337643092,-0.4014114235676847,1.3159641670593372,0.3774546054493748,-1.0599264484110875,66
0.7774276285759895,1.3405019435250136,1.523261313284794,1.290975147304006,1.2194825678946093,-0.1229556782182992,-0.9037617189551556,0.2851214799545941,75
-0.8676200392040571,-1.1657677640582984,0.4120930680556447,1.290975147304006,0.4090355721634622,1.3159641670593372,1.6586709298539055,0.2851214799545941,66
-0.1749683896124585,-1.4999370584027398,-0.8379712078271483,1.290975147304006,-0.4014114235676847,1.3159641670593372,-0.9037617189551556,-1.0599264484110875,64
-0.6078756706072076,-2.168275647091623,-0.0045950239052862,-0.1404990337643092,-0.4014114235676847,-0.1229556782182992,0.3774546054493748,1.6301694083202758,64
-0.6078756706072076,0.3379940604916889,0.0648529914215355,1.290975147304006,1.2194825678946093,1.3159641670593372,0.3774546054493748,0.2851214799545941,69
-0.1749683896124585,-0.4974291753694151,0.8982291753433976,-0.1404990337643092,-0.4014114235676847,-0.1229556782182992,0.3774546054493748,0.2851214799545941,68
-0.9542014954030068,1.3405019435250136,1.5927093286116158,-1.5719732148326244,-1.2118584192988318,-0.1229556782182992,-0.9037617189551556,0.2851214799545941,67
-0.7810385830051073,0.170909413319468,-1.1852112844612577,-0.1404990337643092,1.2194825678946093,-0.1229556782182992,0.3774546054493748,-1.0599264484110875,65
0.6042647161780897,1.3405019435250136,-0.9074192231539702,-0.1404990337643092,0.4090355721634622,1.3159641670593372,-0.9037617189551556,-1.0599264484110875,73
-0.1749683896124585,-0.4974291753694151,-0.6990751771735046,-0.1404990337643092,-0.4014114235676847,-0.1229556782182992,-0.9037617189551556,0.2851214799545941,65
-1.4736902325967058,-1.4999370584027398,0.6898851293629321,1.290975147304006,-1.2118584192988318,1.3159641670593372,-0.9037617189551556,-1.0599264484110875,62
-0.6944571268061575,0.6721633548361304,-0.976867238480792,1.290975147304006,1.2194825678946093,1.3159641670593372,-0.9037617189551556,-1.0599264484110875,67
-1.6468531449946056,-2.001190999919402,0.2037490220751792,-1.5719732148326244,-1.2118584192988318,-0.1229556782182992,-0.9037617189551556,0.2851214799545941,59
-1.6468531449946056,0.0038247661472472,1.176021236650685,-1.5719732148326244,-1.2118584192988318,-1.5618755234959356,-0.9037617189551556,0.2851214799545941,61
-1.1273644078009066,0.5050787076639097,-0.8379712078271483,-0.1404990337643092,1.2194825678946093,-0.1229556782182992,-0.9037617189551556,-1.0599264484110875,66
0.2579388913822905,-0.6645138225416359,-1.2546592997880792,-0.1404990337643092,-1.2118584192988318,-1.5618755234959356,-0.9037617189551556,1.6301694083202758,63
-0.9542014954030068,0.3379940604916889,0.7593331446897539,1.290975147304006,-0.4014114235676847,1.3159641670593372,-0.9037617189551556,1.6301694083202758,67
0.0847759789843908,-0.8315984697138568,-0.4907311311930391,-0.1404990337643092,-1.2118584192988318,1.3159641670593372,-0.9037617189551556,0.2851214799545941,65
-1.5602716887956556,-2.168275647091623,1.0371252059970413,1.290975147304006,-0.4014114235676847,-1.5618755234959356,0.3774546054493748,0.2851214799545941,60
-0.1749683896124585,-0.4974291753694151,-0.6296271618466828,-0.1404990337643092,0.4090355721634622,1.3159641670593372,0.3774546054493748,-1.0599264484110875,67
0.7774276285759895,-0.1632598810249735,-1.6018993764221885,-0.1404990337643092,0.4090355721634622,1.3159641670593372,-0.9037617189551556,0.2851214799545941,68
-0.3481313020103582,0.3379940604916889,-0.6990751771735046,1.290975147304006,-1.2118584192988318,-1.5618755234959356,-0.9037617189551556,0.2851214799545941,64
0.51768325997914,0.5050787076639097,1.106573221323863,1.290975147304006,0.4090355721634622,-0.1229556782182992,0.3774546054493748,-1.0599264484110875,71
1.3834978219686382,-0.3303445281971943,-1.3241073151149012,-0.1404990337643092,0.4090355721634622,1.3159641670593372,0.3774546054493748,0.2851214799545941,69
-1.300527320198806,-0.1632598810249735,-0.6296271618466828,-0.1404990337643092,-1.2118584192988318,-0.1229556782182992,-0.9037617189551556,-1.0599264484110875,62
0.0847759789843908,-0.9986831168860776,-0.976867238480792,-0.1404990337643092,-1.2118584192988318,1.3159641670593372,-0.9037617189551556,-1.0599264484110875,64
0.7774276285759895,-1.6670217055749608,-0.9074192231539702,-0.1404990337643092,2.029929563625756,-0.1229556782182992,1.6586709298539055,-1.0599264484110875,67
0.6042647161780897,-0.4974291753694151,-0.4907311311930391,1.290975147304006,-0.4014114235676847,1.3159641670593372,-0.9037617189551556,0.2851214799545941,70
1.470079278167588,-0.1632598810249735,-1.046315253807614,-0.1404990337643092,1.2194825678946093,1.3159641670593372,1.6586709298539055,0.2851214799545941,72
-0.6078756706072076,-0.9986831168860776,0.4815410833824666,1.290975147304006,-0.4014114235676847,-0.1229556782182992,-0.9037617189551556,0.2851214799545941,64
-0.1749683896124585,-0.8315984697138568,-0.8379712078271483,-0.1404990337643092,-0.4014114235676847,-0.1229556782182992,0.3774546054493748,0.2851214799545941,64
-1.387108776397756,0.170909413319468,-1.6713473917490105,1.290975147304006,-1.2118584192988318,-1.5618755234959356,0.3774546054493748,1.6301694083202758,61
-0.0883869334135087,0.0038247661472472,0.6898851293629321,1.290975147304006,0.4090355721634622,1.3159641670593372,0.3774546054493748,0.2851214799545941,69
-1.1273644078009066,-0.9986831168860776,-1.5324513610953667,-0.1404990337643092,0.4090355721634622,-0.1229556782182992,0.3774546054493748,1.6301694083202758,62
-0.6078756706072076,-0.4974291753694151,0.2037490220751792,1.290975147304006,-1.2118584192988318,1.3159641670593372,1.6586709298539055,-1.0599264484110875,66
1.5566607343665375,0.5050787076639097,-0.6296271618466828,1.290975147304006,-0.4014114235676847,-0.1229556782182992,-0.9037617189551556,-1.0599264484110875,70
0.2579388913822905,0.170909413319468,-0.7685231925003265,1.290975147304006,0.4090355721634622,1.3159641670593372,-0.9037617189551556,0.2851214799545941,68
-0.0883869334135087,-1.3328524112305191,0.3426450527288229,-1.5719732148326244,-0.4014114235676847,-0.1229556782182992,0.3774546054493748,1.6301694083202758,63
0.2579388913822905,-0.1632598810249735,1.0371252059970413,-0.1404990337643092,1.2194825678946093,1.3159641670593372,0.3774546054493748,-1.0599264484110875,69
0.2579388913822905,0.0038247661472472,-0.4907311311930391,-0.1404990337643092,-0.4014114235676847,-0.1229556782182992,-0.9037617189551556,0.2851214799545941,67
-1.1273644078009066,-0.4974291753694151,1.3149172673043286,1.290975147304006,0.4090355721634622,1.3159641670593372,-0.9037617189551556,-1.0599264484110875,66
1.1237534533717888,-2.168275647091623,-1.6018993764221885,1.290975147304006,-0.4014114235676847,1.3159641670593372,-0.9037617189551556,0.2851214799545941,65
1.2969163657696885,0.170909413319468,-0.3518351005393955,-0.1404990337643092,1.2194825678946093,-1.5618755234959356,-0.9037617189551556,1.6301694083202758,71
-0.8676200392040571,-1.4999370584027398,-0.6296271618466828,-1.5719732148326244,-0.4014114235676847,-0.1229556782182992,-0.9037617189551556,0.2851214799545941,60
1.6432421905654877,0.5050787076639097,0.3426450527288229,-0.1404990337643092,1.2194825678946093,-0.1229556782182992,-0.9037617189551556,-1.0599264484110875,71
1.6432421905654877,-1.1657677640582984,0.5509890987092884,-1.5719732148326244,-0.4014114235676847,1.3159641670593372,1.6586709298539055,0.2851214799545941,69
1.6432421905654877,0.8392480020083513,-0.0740430392321081,1.290975147304006,-0.4014114235676847,-0.1229556782182992,-0.9037617189551556,0.2851214799545941,73
-1.300527320198806,-0.3303445281971943,1.106573221323863,1.290975147304006,2.840376559356903,-0.1229556782182992,0.3774546054493748,-1.0599264484110875,66
1.6432421905654877,1.5075865906972346,1.5927093286116158,-0.1404990337643092,2.840376559356903,1.3159641670593372,1.6586709298539055,-1.0599264484110875,77
0.51768325997914,0.5050787076639097,-0.2823870852125736,-0.1404990337643092,1.2194825678946093,-0.1229556782182992,0.3774546054493748,0.2851214799545941,71
-1.4736902325967058,-1.3328524112305191,-0.3518351005393955,-0.1404990337643092,-0.4014114235676847,1.3159641670593372,0.3774546054493748,1.6301694083202758,62
0.6042647161780897,-0.4974291753694151,1.6621573439384378,-0.1404990337643092,0.4090355721634622,-0.1229556782182992,1.6586709298539055,-1.0599264484110875,69
-0.5212942144082578,-0.9986831168860776,1.7316053592652596,-0.1404990337643092,-0.4014114235676847,1.3159641670593372,0.3774546054493748,-1.0599264484110875,66
-1.5602716887956556,0.3379940604916889,-0.4212831158662173,-0.1404990337643092,-0.4014114235676847,1.3159641670593372,0.3774546054493748,1.6301694083202758,64
-0.3481313020103582,1.173417296352793,-0.560179146519861,1.290975147304006,-0.4014114235676847,-1.5618755234959356,-0.9037617189551556,0.2851214799545941,69
0.51768325997914,1.173417296352793,-0.560179146519861,-0.1404990337643092,-0.4014114235676847,1.3159641670593372,0.3774546054493748,-1.0599264484110875,71
-1.2139458639998564,0.0038247661472472,1.0371252059970413,-0.1404990337643092,-1.2118584192988318,-0.1229556782182992,0.3774546054493748,0.2851214799545941,64
-1.0407829516019569,-1.3328524112305191,0.8982291753433976,1.290975147304006,1.2194825678946093,-0.1229556782182992,1.6586709298539055,-1.0599264484110875,64
0.9505905409738892,-0.3303445281971943,-0.1434910545589299,-0.1404990337643092,-1.2118584192988318,1.3159641670593372,0.3774546054493748,-1.0599264484110875,68
-1.7334346011935553,-0.3303445281971943,1.106573221323863,1.290975147304006,0.4090355721634622,-0.1229556782182992,-0.9037617189551556,-1.0599264484110875,62
-1.1273644078009066,-0.4974291753694151,-1.6018993764221885,-0.1404990337643092,0.4090355721634622,-0.1229556782182992,-0.9037617189551556,0.2851214799545941,62
0.1713574351833407,-0.6645138225416359,0.4120930680556447,1.290975147304006,-0.4014114235676847,-0.1229556782182992,0.3774546054493748,0.2851214799545941,68
-1.5602716887956556,-0.1632598810249735,0.2731970374020011,-0.1404990337643092,4.461270550819197,1.3159641670593372,-0.9037617189551556,0.2851214799545941,66
1.3834978219686382,-1.1657677640582984,-0.4212831158662173,-0.1404990337643092,0.4090355721634622,-0.1229556782182992,-0.9037617189551556,0.2851214799545941,68
0.6908461723770396,0.5050787076639097,-1.1852112844612577,-1.5719732148326244,0.4090355721634622,1.3159641670593372,-0.9037617189551556,-1.0599264484110875,68
-1.0407829516019569,1.173417296352793,1.3843652826311503,-0.1404990337643092,-1.2118584192988318,-0.1229556782182992,-0.9037617189551556,0.2851214799545941,67
-0.0883869334135087,-1.8341063527471813,1.0371252059970413,-1.5719732148326244,-0.4014114235676847,-0.1229556782182992,-0.9037617189551556,1.6301694083202758,63
1.7298236467644377,0.5050787076639097,-0.6990751771735046,-0.1404990337643092,-0.4014114235676847,-0.1229556782182992,-0.9037617189551556,0.2851214799545941,70
-1.300527320198806,-0.4974291753694151,-0.0045950239052862,1.290975147304006,0.4090355721634622,-1.5618755234959356,-0.9037617189551556,-1.0599264484110875,63
-0.7810385830051073,-1.6670217055749608,-1.393555330441723,-0.1404990337643092,0.4090355721634622,-0.1229556782182992,0.3774546054493748,-1.0599264484110875,63
-1.2139458639998564,-0.1632598810249735,-1.1852112844612577,-1.5719732148326244,2.840376559356903,-0.1229556782182992,0.3774546054493748,0.2851214799545941,64
-0.3481313020103582,1.173417296352793,-1.393555330441723,1.290975147304006,1.2194825678946093,1.3159641670593372,-0.9037617189551556,-1.0599264484110875,69
-0.9542014954030068,-1.1657677640582984,-1.5324513610953667,-1.5719732148326244,0.4090355721634622,-0.1229556782182992,-0.9037617189551556,0.2851214799545941,59
1.7298236467644377,0.170909413319468,0.2731970374020011,-0.1404990337643092,0.4090355721634622,-1.5618755234959356,-0.9037617189551556,-1.0599264484110875,70
-1.5602716887956556,0.3379940604916889,-1.6713473917490105,-0.1404990337643092,0.4090355721634622,1.3159641670593372,-0.9037617189551556,-1.0599264484110875,63
-0.0018054772145589,0.3379940604916889,-1.2546592997880792,-1.5719732148326244,-0.4014114235676847,-1.5618755234959356,1.6586709298539055,-1.0599264484110875,64
-0.0018054772145589,-0.4974291753694151,-1.6018993764221885,-0.1404990337643092,0.4090355721634622,-0.1229556782182992,1.6586709298539055,0.2851214799545941,67
-0.0883869334135087,-0.6645138225416359,-0.560179146519861,-0.1404990337643092,0.4090355721634622,-0.1229556782182992,0.3774546054493748,0.2851214799545941,65
-0.5212942144082578,1.006332649180572,0.9676771906702194,-1.5719732148326244,1.2194825678946093,-1.5618755234959356,-0.9037617189551556,1.6301694083202758,66
-0.6078756706072076,-0.9986831168860776,-1.2546592997880792,-0.1404990337643092,0.4090355721634622,1.3159641670593372,-0.9037617189551556,0.2851214799545941,64
-0.5212942144082578,0.8392480020083513,-0.560179146519861,1.290975147304006,-0.4014114235676847,1.3159641670593372,1.6586709298539055,0.2851214799545941,71
-0.6078756706072076,1.173417296352793,1.523261313284794,-1.5719732148326244,0.4090355721634622,-1.5618755234959356,-0.9037617189551556,0.2851214799545941,67
0.7774276285759895,-0.8315984697138568,1.4538132979579723,-0.1404990337643092,1.2194825678946093,-0.1229556782182992,-0.9037617189551556,-1.0599264484110875,69
0.1713574351833407,0.8392480020083513,0.4120930680556447,1.290975147304006,0.4090355721634622,-0.1229556782182992,1.6586709298539055,0.2851214799545941,71
1.7298236467644377,-0.6645138225416359,-0.8379712078271483,-1.5719732148326244,0.4090355721634622,1.3159641670593372,-0.9037617189551556,-1.0599264484110875,69
0.3445203475812403,-0.4974291753694151,-1.046315253807614,1.290975147304006,-1.2118584192988318,-0.1229556782182992,0.3774546054493748,-1.0599264484110875,67
-0.6944571268061575,0.3379940604916889,-0.3518351005393955,-0.1404990337643092,-0.4014114235676847,-1.5618755234959356,1.6586709298539055,1.6301694083202758,64
-0.9542014954030068,0.8392480020083513,-0.4907311311930391,-1.5719732148326244,0.4090355721634622,1.3159641670593372,0.3774546054493748,1.6301694083202758,68
1.6432421905654877,-1.1657677640582984,-1.2546592997880792,-0.1404990337643092,-0.4014114235676847,-0.1229556782182992,0.3774546054493748,-1.0599264484110875,68
-1.300527320198806,-0.6645138225416359,1.4538132979579723,1.290975147304006,0.4090355721634622,-1.5618755234959356,-0.9037617189551556,-1.0599264484110875,62
-0.0018054772145589,0.6721633548361304,1.6621573439384378,1.290975147304006,0.4090355721634622,-0.1229556782182992,-0.9037617189551556,0.2851214799545941,69
-0.9542014954030068,-0.8315984697138568,0.9676771906702194,-0.1404990337643092,-0.4014114235676847,-0.1229556782182992,0.3774546054493748,-1.0599264484110875,63
0.0847759789843908,1.5075865906972346,-0.4907311311930391,-0.1404990337643092,0.4090355721634622,1.3159641670593372,1.6586709298539055,0.2851214799545941,72
1.2103349095707383,0.5050787076639097,-0.0045950239052862,-1.5719732148326244,1.2194825678946093,-1.5618755234959356,1.6586709298539055,-1.0599264484110875,69
0.0847759789843908,0.5050787076639097,-1.1157632691344357,1.290975147304006,0.4090355721634622,-0.1229556782182992,0.3774546054493748,0.2851214799545941,68
-1.387108776397756,1.173417296352793,-0.4907311311930391,1.290975147304006,-0.4014114235676847,1.3159641670593372,-0.9037617189551556,-1.0599264484110875,68
-0.8676200392040571,0.8392480020083513,-0.2129390698857517,-0.1404990337643092,-1.2118584192988318,-0.1229556782182992,0.3774546054493748,-1.0599264484110875,65
1.7298236467644377,-0.6645138225416359,-0.6990751771735046,-0.1404990337643092,-0.4014114235676847,-0.1229556782182992,0.3774546054493748,1.6301694083202758,69
0.6042647161780897,0.5050787076639097,1.106573221323863,1.290975147304006,-1.2118584192988318,1.3159641670593372,-0.9037617189551556,1.6301694083202758,72
0.4311018037801901,1.3405019435250136,-0.7685231925003265,-0.1404990337643092,-0.4014114235676847,-0.1229556782182992,-0.9037617189551556,-1.0599264484110875,68
0.7774276285759895,0.3379940604916889,1.2454692519775068,1.290975147304006,0.4090355721634622,-0.1229556782182992,-0.9037617189551556,1.6301694083202758,72
0.0847759789843908,0.0038247661472472,-1.046315253807614,-0.1404990337643092,1.2194825678946093,-0.1229556782182992,-0.9037617189551556,0.2851214799545941,66
-0.1749683896124585,1.6746712378694553,0.6204371140361102,1.290975147304006,-0.4014114235676847,-0.1229556782182992,0.3774546054493748,1.6301694083202758,71
1.470079278167588,-1.4999370584027398,-1.046315253807614,1.290975147304006,-1.2118584192988318,-0.1229556782182992,-0.9037617189551556,0.2851214799545941,67
0.8640090847749392,0.6721633548361304,1.2454692519775068,1.290975147304006,-0.4014114235676847,-0.1229556782182992,1.6586709298539055,-1.0599264484110875,71
-0.0018054772145589,-0.1632598810249735,-0.560179146519861,1.290975147304006,0.4090355721634622,1.3159641670593372,1.6586709298539055,-1.0599264484110875,68
-1.5602716887956556,-2.168275647091623,-0.0740430392321081,-0.1404990337643092,1.2194825678946093,1.3159641670593372,1.6586709298539055,0.2851214799545941,62
0.7774276285759895,2.67717912090278,-0.9074192231539702,-1.5719732148326244,0.4090355721634622,1.3159641670593372,0.3774546054493748,-1.0599264484110875,72
-1.0407829516019569,0.3379940604916889,0.0648529914215355,1.290975147304006,-0.4014114235676847,-0.1229556782182992,-0.9037617189551556,0.2851214799545941,66
-0.5212942144082578,-0.9986831168860776,-1.4630033457685447,-0.1404990337643092,0.4090355721634622,-0.1229556782182992,-0.9037617189551556,-1.0599264484110875,62
1.470079278167588,-0.8315984697138568,-1.046315253807614,-0.1404990337643092,2.029929563625756,-1.5618755234959356,-0.9037617189551556,0.2851214799545941,67
0.7774276285759895,1.006332649180572,-0.6296271618466828,-0.1404990337643092,-1.2118584192988318,1.3159641670593372,0.3774546054493748,-1.0599264484110875,70
-0.5212942144082578,1.006332649180572,-0.9074192231539702,-0.1404990337643092,-1.2118584192988318,1.3159641670593372,-0.9037617189551556,-1.0599264484110875,66
0.51768325997914,-0.9986831168860776,1.0371252059970413,-1.5719732148326244,-1.2118584192988318,-1.5618755234959356,-0.9037617189551556,-1.0599264484110875,63
-1.4736902325967058,0.5050787076639097,1.4538132979579723,-0.1404990337643092,0.4090355721634622,1.3159641670593372,-0.9037617189551556,1.6301694083202758,67
-0.434712758209308,-0.4974291753694151,0.4120930680556447,-0.1404990337643092,1.2194825678946093,1.3159641670593372,1.6586709298539055,1.6301694083202758,67
1.3834978219686382,0.0038247661472472,-0.3518351005393955,1.290975147304006,0.4090355721634622,-0.1229556782182992,-0.9037617189551556,-1.0599264484110875,69
1.7298236467644377,-0.4974291753694151,-0.8379712078271483,1.290975147304006,-0.4014114235676847,1.3159641670593372,-0.9037617189551556,-1.0599264484110875,71
0.4311018037801901,1.173417296352793,-0.6296271618466828,-0.1404990337643092,0.4090355721634622,1.3159641670593372,-0.9037617189551556,-1.0599264484110875,70
0.51768325997914,-1.4999370584027398,0.6204371140361102,-0.1404990337643092,2.840376559356903,-0.1229556782182992,-0.9037617189551556,-1.0599264484110875,67
-1.6468531449946056,1.6746712378694553,0.4815410833824666,1.290975147304006,0.4090355721634622,-1.5618755234959356,1.6586709298539055,-1.0599264484110875,68
-1.7334346011935553,1.3405019435250136,-1.5324513610953667,1.290975147304006,1.2194825678946093,-0.1229556782182992,-0.9037617189551556,-1.0599264484110875,65
0.9505905409738892,-1.4999370584027398,-1.5324513610953667,-0.1404990337643092,-1.2118584192988318,-0.1229556782182992,1.6586709298539055,-1.0599264484110875,64
1.2103349095707383,1.173417296352793,-1.2546592997880792,-0.1404990337643092,-0.4014114235676847,-0.1229556782182992,-0.9037617189551556,0.2851214799545941,71
0.7774276285759895,0.0038247661472472,-0.0740430392321081,-1.5719732148326244,-0.4014114235676847,-1.5618755234959356,1.6586709298539055,0.2851214799545941,66
-1.6468531449946056,-1.6670217055749608,0.2731970374020011,-1.5719732148326244,2.029929563625756,1.3159641670593372,0.3774546054493748,1.6301694083202758,62
0.3445203475812403,-0.8315984697138568,0.4815410833824666,-0.1404990337643092,-0.4014114235676847,-0.1229556782182992,-0.9037617189551556,1.6301694083202758,64
1.6432421905654877,1.006332649180572,-0.560179146519861,-0.1404990337643092,2.029929563625756,-0.1229556782182992,-0.9037617189551556,0.2851214799545941,73
-1.1273644078009066,0.170909413319468,0.1343010067483574,-0.1404990337643092,1.2194825678946093,-0.1229556782182992,0.3774546054493748,1.6301694083202758,66
1.2103349095707383,-0.4974291753694151,-0.6990751771735046,-0.1404990337643092,2.029929563625756,-1.5618755234959356,-0.9037617189551556,0.2851214799545941,68
1.2103349095707383,0.5050787076639097,0.2037490220751792,-1.5719732148326244,0.4090355721634622,-0.1229556782182992,-0.9037617189551556,1.6301694083202758,71
-0.9542014954030068,-0.3303445281971943,1.523261313284794,1.290975147304006,0.4090355721634622,1.3159641670593372,0.3774546054493748,0.2851214799545941,69
-0.3481313020103582,0.3379940604916889,-1.2546592997880792,-0.1404990337643092,-0.4014114235676847,-0.1229556782182992,-0.9037617189551556,0.2851214799545941,66
0.51768325997914,-0.8315984697138568,0.2731970374020011,-1.5719732148326244,1.2194825678946093,1.3159641670593372,0.3774546054493748,-1.0599264484110875,68
-0.5212942144082578,0.3379940604916889,0.1343010067483574,1.290975147304006,-1.2118584192988318,1.3159641670593372,-0.9037617189551556,1.6301694083202758,66
-0.0883869334135087,-0.1632598810249735,1.7316053592652596,1.290975147304006,-0.4014114235676847,-0.1229556782182992,0.3774546054493748,1.6301694083202758,69
0.3445203475812403,0.3379940604916889,-1.1157632691344357,-0.1404990337643092,-1.2118584192988318,-0.1229556782182992,0.3774546054493748,1.6301694083202758,69
1.3834978219686382,0.170909413319468,-1.1157632691344357,-0.1404990337643092,0.4090355721634622,-0.1229556782182992,0.3774546054493748,1.6301694083202758,70
-1.4736902325967058,-0.3303445281971943,0.6204371140361102,1.290975147304006,-0.4014114235676847,1.3159641670593372,-0.9037617189551556,0.2851214799545941,66
0.7774276285759895,0.170909413319468,0.0648529914215355,1.290975147304006,-0.4014114235676847,1.3159641670593372,-0.9037617189551556,0.2851214799545941,71
-0.1749683896124585,1.006332649180572,0.2037490220751792,1.290975147304006,2.029929563625756,-1.5618755234959356,-0.9037617189551556,0.2851214799545941,69
0.1713574351833407,-0.3303445281971943,-1.7407954070758322,-1.5719732148326244,-0.4014114235676847,1.3159641670593372,-0.9037617189551556,1.6301694083202758,66
-0.2615498458114084,-0.4974291753694151,-0.560179146519861,-0.1404990337643092,-1.2118584192988318,-1.5618755234959356,-0.9037617189551556,-1.0599264484110875,62
-0.434712758209308,1.6746712378694553,0.1343010067483574,-0.1404990337643092,-1.2118584192988318,-0.1229556782182992,-0.9037617189551556,-1.0599264484110875,67
0.3445203475812403,-2.001190999919402,0.3426450527288229,1.290975147304006,-0.4014114235676847,1.3159641670593372,-0.9037617189551556,1.6301694083202758,67
-0.6944571268061575,1.6746712378694553,0.6204371140361102,-0.1404990337643092,-0.4014114235676847,-0.1229556782182992,-0.9037617189551556,-1.0599264484110875,68
-1.5602716887956556,0.3379940604916889,0.8287811600165758,-0.1404990337643092,0.4090355721634622,-1.5618755234959356,-0.9037617189551556,1.6301694083202758,64
1.2969163657696885,-0.1632598810249735,1.6621573439384378,1.290975147304006,-1.2118584192988318,-1.5618755234959356,1.6586709298539055,-1.0599264484110875,70
1.3834978219686382,0.3379940604916889,0.6204371140361102,1.290975147304006,-0.4014114235676847,-1.5618755234959356,-0.9037617189551556,1.6301694083202758,71
1.6432421905654877,-2.836614235780506,-0.4907311311930391,-1.5719732148326244,0.4090355721634622,-0.1229556782182992,-0.9037617189551556,1.6301694083202758,65
0.8640090847749392,-1.3328524112305191,0.1343010067483574,1.290975147304006,1.2194825678946093,-0.1229556782182992,1.6586709298539055,0.2851214799545941,70
-0.1749683896124585,0.8392480020083513,0.7593331446897539,-0.1404990337643092,-0.4014114235676847,-0.1229556782182992,1.6586709298539055,0.2851214799545941,68
0.51768325997914,0.6721633548361304,-1.4630033457685447,-1.5719732148326244,-1.2118584192988318,1.3159641670593372,0.3774546054493748,-1.0599264484110875,68
-1.2139458639998564,1.006332649180572,1.5927093286116158,-0.1404990337643092,0.4090355721634622,-1.5618755234959356,0.3774546054493748,-1.0599264484110875,66
-1.300527320198806,-0.3303445281971943,-1.5324513610953667,-0.1404990337643092,-0.4014114235676847,-0.1229556782182992,1.6586709298539055,0.2851214799545941,63
-1.1273644078009066,0.0038247661472472,0.0648529914215355,-0.1404990337643092,-1.2118584192988318,-1.5618755234959356,-0.9037617189551556,0.2851214799545941,63
0.51768325997914,-0.9986831168860776,-0.9074192231539702,1.290975147304006,-0.4014114235676847,1.3159641670593372,-0.9037617189551556,0.2851214799545941,68
-1.0407829516019569,0.8392480020083513,-0.9074192231539702,-0.1404990337643092,-0.4014114235676847,-1.5618755234959356,0.3774546054493748,-1.0599264484110875,63
0.4311018037801901,0.5050787076639097,1.6621573439384378,-0.1404990337643092,-0.4014114235676847,-0.1229556782182992,0.3774546054493748,-1.0599264484110875,71
-0.5212942144082578,1.5075865906972346,-1.2546592997880792,-0.1404990337643092,1.2194825678946093,1.3159641670593372,-0.9037617189551556,0.2851214799545941,68
-0.5212942144082578,-0.1632598810249735,-0.4907311311930391,1.290975147304006,0.4090355721634622,-0.1229556782182992,-0.9037617189551556,-1.0599264484110875,66
0.2579388913822905,0.0038247661472472,1.523261313284794,-1.5719732148326244,0.4090355721634622,-0.1229556782182992,-0.9037617189551556,-1.0599264484110875,68
0.1713574351833407,-0.4974291753694151,0.6204371140361102,-1.5719732148326244,0.4090355721634622,-0.1229556782182992,-0.9037617189551556,-1.0599264484110875,65
-1.5602716887956556,-1.6670217055749608,0.8287811600165758,-0.1404990337643092,0.4090355721634622,-0.1229556782182992,-0.9037617189551556,-1.0599264484110875,61
1.2969163657696885,0.6721633548361304,-1.1157632691344357,-1.5719732148326244,0.4090355721634622,1.3159641670593372,0.3774546054493748,-1.0599264484110875,70
-0.5212942144082578,-0.3303445281971943,-0.6990751771735046,-1.5719732148326244,-1.2118584192988318,-0.1229556782182992,0.3774546054493748,0.2851214799545941,64
0.2579388913822905,1.006332649180572,0.9676771906702194,1.290975147304006,1.2194825678946093,-0.1229556782182992,-0.9037617189551556,-1.0599264484110875,72
-1.300527320198806,1.006332649180572,-1.5324513610953667,-0.1404990337643092,1.2194825678946093,-1.5618755234959356,-0.9037617189551556,1.6301694083202758,64
-0.2615498458114084,1.006332649180572,1.7316053592652596,-0.1404990337643092,-0.4014114235676847,-0.1229556782182992,-0.9037617189551556,-1.0599264484110875,70
-0.8676200392040571,0.0038247661472472,1.176021236650685,1.290975147304006,0.4090355721634622,-0.1229556782182992,-0.9037617189551556,0.2851214799545941,67
1.6432421905654877,-0.1632598810249735,1.7316053592652596,-1.5719732148326244,-1.2118584192988318,-1.5618755234959356,1.6586709298539055,1.6301694083202758,69
-0.0883869334135087,-1.4999370584027398,0.4120930680556447,-0.1404990337643092,-0.4014114235676847,-0.1229556782182992,-0.9037617189551556,1.6301694083202758,64
-0.3481313020103582,1.173417296352793,-0.4907311311930391,1.290975147304006,-0.4014114235676847,1.3159641670593372,1.6586709298539055,0.2851214799545941,71
-0.2615498458114084,-0.8315984697138568,-0.6990751771735046,-0.1404990337643092,0.4090355721634622,1.3159641670593372,1.6586709298539055,-1.0599264484110875,65
1.5566607343665375,-0.4974291753694151,0.8287811600165758,1.290975147304006,1.2194825678946093,-1.5618755234959356,0.3774546054493748,0.2851214799545941,71
1.2103349095707383,0.6721633548361304,-0.3518351005393955,-1.5719732148326244,-0.4014114235676847,1.3159641670593372,-0.9037617189551556,1.6301694083202758,70
-0.6944571268061575,0.8392480020083513,-1.1157632691344357,1.290975147304006,0.4090355721634622,-1.5618755234959356,-0.9037617189551556,-1.0599264484110875,66
1.7298236467644377,-1.6670217055749608,1.2454692519775068,-0.1404990337643092,0.4090355721634622,-1.5618755234959356,-0.9037617189551556,0.2851214799545941,65
1.6432421905654877,-1.3328524112305191,0.3426450527288229,1.290975147304006,-1.2118584192988318,1.3159641670593372,-0.9037617189551556,1.6301694083202758,70
-0.8676200392040571,-0.6645138225416359,0.6898851293629321,1.290975147304006,-1.2118584192988318,-1.5618755234959356,-0.9037617189551556,0.2851214799545941,64
1.470079278167588,-0.4974291753694151,1.0371252059970413,1.290975147304006,0.4090355721634622,-1.5618755234959356,-0.9037617189551556,0.2851214799545941,69
-0.6944571268061575,0.170909413319468,-1.2546592997880792,-0.1404990337643092,-0.4014114235676847,-0.1229556782182992,0.3774546054493748,1.6301694083202758,64
-1.300527320198806,-0.8315984697138568,0.8287811600165758,1.290975147304006,-1.2118584192988318,-1.5618755234959356,-0.9037617189551556,-1.0599264484110875,63
1.2103349095707383,-0.3303445281971943,0.4815410833824666,1.290975147304006,1.2194825678946093,-0.1229556782182992,0.3774546054493748,0.2851214799545941,70
-0.434712758209308,1.006332649180572,-1.3241073151149012,-0.1404990337643092,-0.4014114235676847,-1.5618755234959356,-0.9037617189551556,-1.0599264484110875,66
1.2103349095707383,2.8442637680750007,-1.6018993764221885,-0.1404990337643092,-0.4014114235676847,1.3159641670593372,1.6586709298539055,-1.0599264484110875,76
-0.1749683896124585,1.173417296352793,-1.393555330441723,-0.1404990337643092,1.2194825678946093,-0.1229556782182992,1.6586709298539055,1.6301694083202758,69
-0.8676200392040571,-1.1657677640582984,-1.1157632691344357,-0.1404990337643092,-1.2118584192988318,-0.1229556782182992,1.6586709298539055,0.2851214799545941,63
-0.434712758209308,-0.1632598810249735,-0.976867238480792,1.290975147304006,-1.2118584192988318,-0.1229556782182992,-0.9037617189551556,0.2851214799545941,65
-0.9542014954030068,-0.8315984697138568,-1.6018993764221885,-0.1404990337643092,-1.2118584192988318,-1.5618755234959356,0.3774546054493748,1.6301694083202758,61
-1.2139458639998564,1.3405019435250136,1.523261313284794,1.290975147304006,-1.2118584192988318,-0.1229556782182992,-0.9037617189551556,0.2851214799545941,68
-0.9542014954030068,-0.3303445281971943,-0.9074192231539702,1.290975147304006,-0.4014114235676847,-1.5618755234959356,-0.9037617189551556,0.2851214799545941,63
-0.434712758209308,0.8392480020083513,-1.2546592997880792,1.290975147304006,2.029929563625756,-1.5618755234959356,0.3774546054493748,-1.0599264484110875,70
1.1237534533717888,-0.6645138225416359,-0.6990751771735046,1.290975147304006,-1.2118584192988318,-1.5618755234959356,-0.9037617189551556,0.2851214799545941,66
-0.2615498458114084,0.6721633548361304,1.6621573439384378,1.290975147304006,-0.4014114235676847,1.3159641670593372,-0.9037617189551556,-1.0599264484110875,70
1.2969163657696885,0.170909413319468,0.8287811600165758,-1.5719732148326244,0.4090355721634622,-0.1229556782182992,-0.9037617189551556,0.2851214799545941,70
-0.2615498458114084,-0.1632598810249735,1.523261313284794,-1.5719732148326244,2.029929563625756,1.3159641670593372,-0.9037617189551556,-1.0599264484110875,66
-1.387108776397756,0.170909413319468,0.4815410833824666,-0.1404990337643092,0.4090355721634622,-0.1229556782182992,0.3774546054493748,-1.0599264484110875,64
-1.6468531449946056,0.0038247661472472,-0.8379712078271483,-1.5719732148326244,-0.4014114235676847,-1.5618755234959356,0.3774546054493748,0.2851214799545941,61
0.3445203475812403,0.0038247661472472,-0.2129390698857517,-1.5719732148326244,1.2194825678946093,-1.5618755234959356,-0.9037617189551556,1.6301694083202758,66
-0.2615498458114084,-0.6645138225416359,1.176021236650685,1.290975147304006,0.4090355721634622,1.3159641670593372,0.3774546054493748,0.2851214799545941,67
0.1713574351833407,-1.8341063527471813,0.7593331446897539,-1.5719732148326244,0.4090355721634622,1.3159641670593372,0.3774546054493748,-1.0599264484110875,64
0.1713574351833407,-1.4999370584027398,1.523261313284794,1.290975147304006,0.4090355721634622,1.3159641670593372,0.3774546054493748,1.6301694083202758,69
0.9505905409738892,1.006332649180572,-0.2129390698857517,-0.1404990337643092,2.029929563625756,-1.5618755234959356,0.3774546054493748,1.6301694083202758,71
1.6432421905654877,0.3379940604916889,-0.2823870852125736,-0.1404990337643092,-1.2118584192988318,-0.1229556782182992,0.3774546054493748,0.2851214799545941,72
0.6042647161780897,-1.8341063527471813,-0.2823870852125736,-1.5719732148326244,-1.2118584192988318,-1.5618755234959356,0.3774546054493748,-1.0599264484110875,60
-0.3481313020103582,-0.9986831168860776,-0.0740430392321081,-0.1404990337643092,-1.2118584192988318,1.3159641670593372,0.3774546054493748,1.6301694083202758,63
-1.300527320198806,0.3379940604916889,1.523261313284794,-0.1404990337643092,0.4090355721634622,-1.5618755234959356,-0.9037617189551556,0.2851214799545941,64
1.1237534533717888,0.8392480020083513,-1.046315253807614,-0.1404990337643092,-0.4014114235676847,-0.1229556782182992,0.3774546054493748,0.2851214799545941,70
0.9505905409738892,-0.4974291753694151,-0.6296271618466828,-0.1404990337643092,1.2194825678946093,-0.1229556782182992,0.3774546054493748,0.2851214799545941,69
0.1713574351833407,0.0038247661472472,0.2731970374020011,-0.1404990337643092,-0.4014114235676847,-0.1229556782182992,-0.9037617189551556,-1.0599264484110875,67
1.2103349095707383,0.8392480020083513,-0.2823870852125736,1.290975147304006,2.029929563625756,1.3159641670593372,0.3774546054493748,0.2851214799545941,74
-0.2615498458114084,1.5075865906972346,0.8982291753433976,-1.5719732148326244,-1.2118584192988318,1.3159641670593372,0.3774546054493748,0.2851214799545941,70
-0.8676200392040571,-0.3303445281971943,0.7593331446897539,-0.1404990337643092,2.840376559356903,-0.1229556782182992,-0.9037617189551556,1.6301694083202758,67
0.8640090847749392,-0.3303445281971943,-1.4630033457685447,1.290975147304006,-0.4014114235676847,1.3159641670593372,-0.9037617189551556,0.2851214799545941,95
-1.387108776397756,0.3379940604916889,-0.4907311311930391,1.290975147304006,0.4090355721634622,-0.1229556782182992,-0.9037617189551556,0.2851214799545941,65
1.1237534533717888,0.170909413319468,0.4815410833824666,-0.1404990337643092,0.4090355721634622,-1.5618755234959356,0.3774546054493748,0.2851214799545941,70
0.1713574351833407,-0.8315984697138568,1.2454692519775068,-0.1404990337643092,1.2194825678946093,-0.1229556782182992,-0.9037617189551556,-1.0599264484110875,66
-0.434712758209308,0.6721633548361304,-0.3518351005393955,1.290975147304006,2.840376559356903,-1.5618755234959356,0.3774546054493748,1.6301694083202758,71
-0.434712758209308,0.0038247661472472,-0.560179146519861,1.290975147304006,-0.4014114235676847,-1.5618755234959356,0.3774546054493748,1.6301694083202758,66
-0.9542014954030068,-0.9986831168860776,1.2454692519775068,1.290975147304006,0.4090355721634622,-0.1229556782182992,-0.9037617189551556,-1.0599264484110875,63
1.0371719971728388,1.841755885041676,-1.393555330441723,-0.1404990337643092,1.2194825678946093,1.3159641670593372,-0.9037617189551556,-1.0599264484110875,74
0.3445203475812403,-0.9986831168860776,-0.3518351005393955,1.290975147304006,0.4090355721634622,-0.1229556782182992,0.3774546054493748,1.6301694083202758,69
1.2103349095707383,-1.4999370584027398,-0.6296271618466828,-0.1404990337643092,0.4090355721634622,-0.1229556782182992,-0.9037617189551556,-1.0599264484110875,65
-1.0407829516019569,0.5050787076639097,-1.5324513610953667,1.290975147304006,1.2194825678946093,-0.1229556782182992,-0.9037617189551556,1.6301694083202758,66
-0.7810385830051073,-1.3328524112305191,-1.4630033457685447,-0.1404990337643092,-1.2118584192988318,-0.1229556782182992,0.3774546054493748,-1.0599264484110875,61
-0.5212942144082578,-0.1632598810249735,0.7593331446897539,-0.1404990337643092,-0.4014114235676847,-0.1229556782182992,1.6586709298539055,1.6301694083202758,68
0.1713574351833407,-1.1657677640582984,0.8982291753433976,-0.1404990337643092,-1.2118584192988318,-0.1229556782182992,-0.9037617189551556,-1.0599264484110875,65
-1.2139458639998564,-0.6645138225416359,0.8287811600165758,-0.1404990337643092,1.2194825678946093,-1.5618755234959356,-0.9037617189551556,0.2851214799545941,64
-1.6468531449946056,-0.6645138225416359,0.7593331446897539,-1.5719732148326244,1.2194825678946093,-0.1229556782182992,-0.9037617189551556,0.2851214799545941,63
1.0371719971728388,-0.6645138225416359,0.7593331446897539,-0.1404990337643092,0.4090355721634622,-0.1229556782182992,0.3774546054493748,0.2851214799545941,66
1.470079278167588,-2.168275647091623,1.523261313284794,1.290975147304006,1.2194825678946093,-1.5618755234959356,0.3774546054493748,0.2851214799545941,69
0.51768325997914,2.175925179386118,0.3426450527288229,-0.1404990337643092,-1.2118584192988318,-1.5618755234959356,1.6586709298539055,-1.0599264484110875,72
1.3834978219686382,1.5075865906972346,-1.3241073151149012,1.290975147304006,-1.2118584192988318,1.3159641670593372,-0.9037617189551556,-1.0599264484110875,73
0.1713574351833407,-0.9986831168860776,1.3149172673043286,1.290975147304006,0.4090355721634622,-0.1229556782182992,0.3774546054493748,-1.0599264484110875,67
1.3834978219686382,-0.1632598810249735,-0.7685231925003265,-0.1404990337643092,-0.4014114235676847,-0.1229556782182992,-0.9037617189551556,0.2851214799545941,69
1.470079278167588,0.3379940604916889,-0.0045950239052862,-0.1404990337643092,-0.4014114235676847,-1.5618755234959356,1.6586709298539055,0.2851214799545941,71
-0.1749683896124585,-0.3303445281971943,0.1343010067483574,-0.1404990337643092,0.4090355721634622,1.3159641670593372,-0.9037617189551556,0.2851214799545941,66
-1.1273644078009066,0.5050787076639097,1.523261313284794,-1.5719732148326244,-0.4014114235676847,-0.1229556782182992,0.3774546054493748,0.2851214799545941,66
0.3445203475812403,0.3379940604916889,0.8982291753433976,-0.1404990337643092,0.4090355721634622,-0.1229556782182992,1.6586709298539055,-1.0599264484110875,71
1.3834978219686382,1.6746712378694553,-0.0740430392321081,-1.5719732148326244,-1.2118584192988318,-0.1229556782182992,-0.9037617189551556,-1.0599264484110875,69
1.470079278167588,0.5050787076639097,-1.046315253807614,1.290975147304006,-0.4014114235676847,-0.1229556782182992,0.3774546054493748,0.2851214799545941,72
-0.6078756706072076,1.173417296352793,-0.1434910545589299,1.290975147304006,2.840376559356903,1.3159641670593372,-0.9037617189551556,1.6301694083202758,73
-0.9542014954030068,-0.3303445281971943,-1.4630033457685447,-1.5719732148326244,-0.4014114235676847,-0.1229556782182992,-0.9037617189551556,-1.0599264484110875,61
0.3445203475812403,0.170909413319468,-1.6018993764221885,-0.1404990337643092,0.4090355721634622,-0.1229556782182992,-0.9037617189551556,1.6301694083202758,68
-0.6944571268061575,0.0038247661472472,0.9676771906702194,-1.5719732148326244,-0.4014114235676847,-0.1229556782182992,-0.9037617189551556,-1.0599264484110875,62
-0.0018054772145589,0.170909413319468,1.0371252059970413,-0.1404990337643092,-1.2118584192988318,-0.1229556782182992,0.3774546054493748,0.2851214799545941,68
-1.5602716887956556,1.3405019435250136,0.6898851293629321,1.290975147304006,0.4090355721634622,-1.5618755234959356,-0.9037617189551556,-1.0599264484110875,66
1.2103349095707383,-0.6645138225416359,-1.3241073151149012,-1.5719732148326244,0.4090355721634622,-1.5618755234959356,0.3774546054493748,-1.0599264484110875,66
-1.4736902325967058,0.6721633548361304,1.0371252059970413,-0.1404990337643092,0.4090355721634622,-0.1229556782182992,1.6586709298539055,-1.0599264484110875,66
-1.387108776397756,1.006332649180572,-0.9074192231539702,1.290975147304006,-0.4014114235676847,-1.5618755234959356,-0.9037617189551556,-1.0599264484110875,64
-1.387108776397756,-0.4974291753694151,0.3426450527288229,1.290975147304006,1.2194825678946093,1.3159641670593372,-0.9037617189551556,0.2851214799545941,66
1.470079278167588,0.170909413319468,1.6621573439384378,1.290975147304006,-0.4014114235676847,-0.1229556782182992,1.6586709298539055,0.2851214799545941,74
1.2969163657696885,-0.1632598810249735,1.3843652826311503,-0.1404990337643092,-1.2118584192988318,-0.1229556782182992,0.3774546054493748,0.2851214799545941,71
-0.6944571268061575,-1.3328524112305191,-1.046315253807614,-0.1404990337643092,-1.2118584192988318,-1.5618755234959356,1.6586709298539055,-1.0599264484110875,62
1.470079278167588,1.6746712378694553,-0.2129390698857517,-0.1404990337643092,-0.4014114235676847,1.3159641670593372,-0.9037617189551556,-1.0599264484110875,74
1.2969163657696885,-0.3303445281971943,0.4120930680556447,-0.1404990337643092,-1.2118584192988318,-0.1229556782182992,-0.9037617189551556,-1.0599264484110875,68
0.1713574351833407,-0.9986831168860776,0.5509890987092884,-0.1404990337643092,-1.2118584192988318,-0.1229556782182992,-0.9037617189551556,0.2851214799545941,64
-1.387108776397756,-0.6645138225416359,0.2731970374020011,-0.1404990337643092,1.2194825678946093,1.3159641670593372,1.6586709298539055,0.2851214799545941,66
1.3834978219686382,-1.3328524112305191,-0.6990751771735046,-0.1404990337643092,0.4090355721634622,-0.1229556782182992,1.6586709298539055,1.6301694083202758,69
-0.9542014954030068,0.170909413319468,0.6898851293629321,-0.1404990337643092,1.2194825678946093,-0.1229556782182992,0.3774546054493748,-1.0599264484110875,64
-0.2615498458114084,1.006332649180572,-0.976867238480792,-0.1404990337643092,-0.4014114235676847,-0.1229556782182992,0.3774546054493748,-1.0599264484110875,67
-1.5602716887956556,-0.6645138225416359,0.8982291753433976,-0.1404990337643092,-0.4014114235676847,-0.1229556782182992,-0.9037617189551556,-1.0599264484110875,62
1.2103349095707383,0.8392480020083513,0.6898851293629321,1.290975147304006,-0.4014114235676847,1.3159641670593372,0.3774546054493748,0.2851214799545941,74
0.4311018037801901,-1.1657677640582984,-0.2823870852125736,1.290975147304006,-0.4014114235676847,-1.5618755234959356,-0.9037617189551556,-1.0599264484110875,66
0.9505905409738892,0.170909413319468,0.2037490220751792,-0.1404990337643092,0.4090355721634622,-0.1229556782182992,-0.9037617189551556,-1.0599264484110875,70
1.470079278167588,-1.6670217055749608,-0.2129390698857517,1.290975147304006,-1.2118584192988318,-1.5618755234959356,1.6586709298539055,-1.0599264484110875,67
-0.1749683896124585,-0.8315984697138568,0.4120930680556447,-0.1404990337643092,-1.2118584192988318,-0.1229556782182992,-0.9037617189551556,0.2851214799545941,64
-0.1749683896124585,1.3405019435250136,-0.1434910545589299,-0.1404990337643092,0.4090355721634622,1.3159641670593372,0.3774546054493748,0.2851214799545941,70
1.3834978219686382,0.3379940604916889,-1.1157632691344357,-1.5719732148326244,-1.2118584192988318,-1.5618755234959356,-0.9037617189551556,0.2851214799545941,67
-1.6468531449946056,-0.1632598810249735,-1.6018993764221885,-0.1404990337643092,-0.4014114235676847,1.3159641670593372,-0.9037617189551556,-1.0599264484110875,59
1.3834978219686382,0.8392480020083513,-0.4212831158662173,1.290975147304006,-1.2118584192988318,-0.1229556782182992,-0.9037617189551556,-1.0599264484110875,71
1.2103349095707383,-0.6645138225416359,-0.6296271618466828,-0.1404990337643092,1.2194825678946093,-1.5618755234959356,0.3774546054493748,0.2851214799545941,69
0.7774276285759895,-0.4974291753694151,0.2731970374020011,-1.5719732148326244,-1.2118584192988318,1.3159641670593372,0.3774546054493748,0.2851214799545941,67
0.9505905409738892,0.3379940604916889,0.0648529914215355,-0.1404990337643092,0.4090355721634622,1.3159641670593372,0.3774546054493748,0.2851214799545941,71
-0.8676200392040571,-2.836614235780506,-1.1852112844612577,-0.1404990337643092,-1.2118584192988318,-0.1229556782182992,-0.9037617189551556,0.2851214799545941,58
-0.5212942144082578,0.170909413319468,0.5509890987092884,1.290975147304006,-0.4014114235676847,-0.1229556782182992,-0.9037617189551556,1.6301694083202758,67
-1.0407829516019569,0.6721633548361304,-1.3241073151149012,-0.1404990337643092,1.2194825678946093,1.3159641670593372,0.3774546054493748,1.6301694083202758,67
-1.300527320198806,0.3379940604916889,-0.0740430392321081,-0.1404990337643092,0.4090355721634622,-1.5618755234959356,0.3774546054493748,0.2851214799545941,65
1.0371719971728388,0.8392480020083513,0.6898851293629321,1.290975147304006,-0.4014114235676847,-0.1229556782182992,0.3774546054493748,-1.0599264484110875,71
1.470079278167588,-1.4999370584027398,-0.4212831158662173,-1.5719732148326244,1.2194825678946093,-1.5618755234959356,-0.9037617189551556,-1.0599264484110875,66
-0.1749683896124585,-1.1657677640582984,-1.4630033457685447,-1.5719732148326244,0.4090355721634622,-0.1229556782182992,0.3774546054493748,-1.0599264484110875,62
1.2969163657696885,2.175925179386118,0.1343010067483574,-1.5719732148326244,0.4090355721634622,-1.5618755234959356,-0.9037617189551556,1.6301694083202758,73
-1.1273644078009066,0.5050787076639097,1.5927093286116158,-0.1404990337643092,2.029929563625756,-0.1229556782182992,-0.9037617189551556,-1.0599264484110875,66
0.1713574351833407,1.6746712378694553,-0.2823870852125736,1.290975147304006,1.2194825678946093,-0.1229556782182992,1.6586709298539055,-1.0599264484110875,72
-0.3481313020103582,-1.1657677640582984,1.6621573439384378,1.290975147304006,0.4090355721634622,-0.1229556782182992,-0.9037617189551556,0.2851214799545941,66
1.5566607343665375,0.0038247661472472,0.3426450527288229,-0.1404990337643092,-1.2118584192988318,-0.1229556782182992,0.3774546054493748,0.2851214799545941,70
0.1713574351833407,1.173417296352793,-1.6713473917490105,1.290975147304006,-0.4014114235676847,-0.1229556782182992,-0.9037617189551556,-1.0599264484110875,66
-1.7334346011935553,0.3379940604916889,1.6621573439384378,-0.1404990337643092,-0.4014114235676847,-1.5618755234959356,0.3774546054493748,-1.0599264484110875,63
-1.300527320198806,-0.9986831168860776,-0.2129390698857517,1.290975147304006,1.2194825678946093,-0.1229556782182992,-0.9037617189551556,-1.0599264484110875,62
1.0371719971728388,0.6721633548361304,-0.2823870852125736,1.290975147304006,0.4090355721634622,-1.5618755234959356,-0.9037617189551556,-1.0599264484110875,71
0.0847759789843908,-0.4974291753694151,1.7316053592652596,-0.1404990337643092,0.4090355721634622,-0.1229556782182992,0.3774546054493748,0.2851214799545941,68
0.51768325997914,0.6721633548361304,0.8982291753433976,-0.1404990337643092,-0.4014114235676847,-0.1229556782182992,-0.9037617189551556,-1.0599264484110875,69
0.1713574351833407,-0.3303445281971943,-0.9074192231539702,-0.1404990337643092,1.2194825678946093,1.3159641670593372,-0.9037617189551556,-1.0599264484110875,69
1.0371719971728388,-0.1632598810249735,0.9676771906702194,-0.1404990337643092,-1.2118584192988318,-0.1229556782182992,1.6586709298539055,-1.0599264484110875,69
-1.5602716887956556,1.006332649180572,-1.6018993764221885,-0.1404990337643092,2.029929563625756,1.3159641670593372,0.3774546054493748,-1.0599264484110875,67
1.1237534533717888,-2.5024449414360648,-0.8379712078271483,-1.5719732148326244,0.4090355721634622,-1.5618755234959356,1.6586709298539055,0.2851214799545941,64
0.6042647161780897,0.5050787076639097,0.8982291753433976,-0.1404990337643092,0.4090355721634622,-1.5618755234959356,-0.9037617189551556,0.2851214799545941,70
-1.5602716887956556,0.6721633548361304,-0.3518351005393955,1.290975147304006,0.4090355721634622,-1.5618755234959356,0.3774546054493748,-1.0599264484110875,63
-0.0883869334135087,-0.1632598810249735,1.0371252059970413,1.290975147304006,-0.4014114235676847,-0.1229556782182992,0.3774546054493748,1.6301694083202758,68
0.51768325997914,0.5050787076639097,-1.4630033457685447,-0.1404990337643092,0.4090355721634622,1.3159641670593372,-0.9037617189551556,0.2851214799545941,67
0.2579388913822905,-1.1657677640582984,0.4120930680556447,-0.1404990337643092,2.029929563625756,-1.5618755234959356,0.3774546054493748,-1.0599264484110875,66
1.3834978219686382,1.5075865906972346,1.3149172673043286,1.290975147304006,0.4090355721634622,-0.1229556782182992,-0.9037617189551556,-1.0599264484110875,74
0.0847759789843908,-1.4999370584027398,-0.8379712078271483,1.290975147304006,1.2194825678946093,-1.5618755234959356,1.6586709298539055,0.2851214799545941,66
-0.2615498458114084,-0.4974291753694151,-1.4630033457685447,-0.1404990337643092,1.2194825678946093,-0.1229556782182992,-0.9037617189551556,-1.0599264484110875,64
-0.9542014954030068,0.3379940604916889,0.9676771906702194,-0.1404990337643092,-1.2118584192988318,-0.1229556782182992,-0.9037617189551556,-1.0599264484110875,64
0.51768325997914,-0.1632598810249735,0.2037490220751792,-0.1404990337643092,0.4090355721634622,1.3159641670593372,0.3774546054493748,0.2851214799545941,69
-1.0407829516019569,1.006332649180572,1.0371252059970413,1.290975147304006,2.029929563625756,-0.1229556782182992,-0.9037617189551556,-1.0599264484110875,70
0.0847759789843908,1.3405019435250136,-0.1434910545589299,-0.1404990337643092,-1.2118584192988318,1.3159641670593372,1.6586709298539055,0.2851214799545941,70
0.4311018037801901,0.170909413319468,0.3426450527288229,-0.1404990337643092,1.2194825678946093,-0.1229556782182992,0.3774546054493748,-1.0599264484110875,68
1.5566607343665375,0.170909413319468,-1.6713473917490105,1.290975147304006,-1.2118584192988318,-1.5618755234959356,-0.9037617189551556,0.2851214799545941,69
0.6042647161780897,0.5050787076639097,-1.1157632691344357,-1.5719732148326244,2.029929563625756,1.3159641670593372,-0.9037617189551556,0.2851214799545941,70
-0.5212942144082578,-0.8315984697138568,1.6621573439384378,1.290975147304006,-1.2118584192988318,-1.5618755234959356,0.3774546054493748,-1.0599264484110875,63
-0.8676200392040571,1.006332649180572,-0.0045950239052862,-1.5719732148326244,-0.4014114235676847,-0.1229556782182992,-0.9037617189551556,0.2851214799545941,63
-0.0883869334135087,0.8392480020083513,-0.7685231925003265,-0.1404990337643092,-1.2118584192988318,-0.1229556782182992,0.3774546054493748,-1.0599264484110875,66
0.6042647161780897,-0.4974291753694151,-1.5324513610953667,-0.1404990337643092,1.2194825678946093,-0.1229556782182992,1.6586709298539055,-1.0599264484110875,67
-1.300527320198806,-1.3328524112305191,0.7593331446897539,-1.5719732148326244,-0.4014114235676847,-0.1229556782182992,1.6586709298539055,0.2851214799545941,62
-1.2139458639998564,1.3405019435250136,-1.6018993764221885,-0.1404990337643092,-1.2118584192988318,-0.1229556782182992,-0.9037617189551556,-1.0599264484110875,64
0.9505905409738892,0.6721633548361304,-1.6713473917490105,1.290975147304006,0.4090355721634622,1.3159641670593372,-0.9037617189551556,0.2851214799545941,72
-1.2139458639998564,0.170909413319468,-0.9074192231539702,-0.1404990337643092,1.2194825678946093,-0.1229556782182992,-0.9037617189551556,0.2851214799545941,63
-1.300527320198806,-0.4974291753694151,-1.393555330441723,1.290975147304006,-0.4014114235676847,1.3159641670593372,-0.9037617189551556,0.2851214799545941,64
1.2103349095707383,-0.9986831168860776,0.0648529914215355,-0.1404990337643092,-1.2118584192988318,-1.5618755234959356,-0.9037617189551556,-1.0599264484110875,64
0.9505905409738892,-2.001190999919402,1.5927093286116158,-1.5719732148326244,-0.4014114235676847,1.3159641670593372,-0.9037617189551556,0.2851214799545941,67
0.3445203475812403,-2.335360294263844,0.8982291753433976,-0.1404990337643092,-0.4014114235676847,-0.1229556782182992,1.6586709298539055,-1.0599264484110875,65
0.1713574351833407,0.170909413319468,-1.5324513610953667,1.290975147304006,-1.2118584192988318,1.3159641670593372,1.6586709298539055,1.6301694083202758,69
1.2103349095707383,1.5075865906972346,1.3843652826311503,1.290975147304006,-0.4014114235676847,-1.5618755234959356,-0.9037617189551556,0.2851214799545941,74
-0.5212942144082578,-2.168275647091623,1.5927093286116158,1.290975147304006,1.2194825678946093,-1.5618755234959356,-0.9037617189551556,1.6301694083202758,63
-0.7810385830051073,-0.6645138225416359,0.1343010067483574,-1.5719732148326244,2.029929563625756,1.3159641670593372,0.3774546054493748,0.2851214799545941,64
-1.300527320198806,-0.1632598810249735,0.8287811600165758,-0.1404990337643092,-1.2118584192988318,1.3159641670593372,0.3774546054493748,1.6301694083202758,65
1.2103349095707383,1.3405019435250136,0.3426450527288229,1.290975147304006,1.2194825678946093,-0.1229556782182992,1.6586709298539055,-1.0599264484110875,75
0.3445203475812403,-1.1657677640582984,-0.2823870852125736,-0.1404990337643092,-0.4014114235676847,-1.5618755234959356,0.3774546054493748,0.2851214799545941,64
-0.6078756706072076,0.0038247661472472,1.106573221323863,-0.1404990337643092,-0.4014114235676847,-0.1229556782182992,1.6586709298539055,0.2851214799545941,66
-1.1273644078009066,-0.6645138225416359,0.9676771906702194,1.290975147304006,1.2194825678946093,-0.1229556782182992,0.3774546054493748,-1.0599264484110875,66
1.6432421905654877,0.170909413319468,1.106573221323863,-0.1404990337643092,1.2194825678946093,1.3159641670593372,0.3774546054493748,0.2851214799545941,74
0.4311018037801901,0.5050787076639097,-1.6713473917490105,-0.1404990337643092,-1.2118584192988318,1.3159641670593372,0.3774546054493748,1.6301694083202758,68
1.5566607343665375,-0.9986831168860776,1.106573221323863,-0.1404990337643092,-1.2118584192988318,-0.1229556782182992,-0.9037617189551556,-1.0599264484110875,67
-0.1749683896124585,0.6721633548361304,1.3149172673043286,-1.5719732148326244,-1.2118584192988318,1.3159641670593372,-0.9037617189551556,-1.0599264484110875,67
-0.6944571268061575,1.006332649180572,-1.4630033457685447,-0.1404990337643092,0.4090355721634622,-0.1229556782182992,0.3774546054493748,1.6301694083202758,66
0.8640090847749392,0.5050787076639097,0.9676771906702194,-0.1404990337643092,0.4090355721634622,-0.1229556782182992,0.3774546054493748,1.6301694083202758,71
-1.4736902325967058,0.3379940604916889,1.523261313284794,1.290975147304006,2.840376559356903,-0.1229556782182992,-0.9037617189551556,0.2851214799545941,69
-1.1273644078009066,1.006332649180572,-1.2546592997880792,-0.1404990337643092,-1.2118584192988318,-1.5618755234959356,0.3774546054493748,0.2851214799545941,62
-0.5212942144082578,-0.3303445281971943,-0.560179146519861,-1.5719732148326244,0.4090355721634622,-0.1229556782182992,-0.9037617189551556,-1.0599264484110875,64
-1.5602716887956556,-0.3303445281971943,1.5927093286116158,1.290975147304006,1.2194825678946093,-0.1229556782182992,0.3774546054493748,0.2851214799545941,65
-1.1273644078009066,0.8392480020083513,1.5927093286116158,-0.1404990337643092,-1.2118584192988318,-0.1229556782182992,-0.9037617189551556,1.6301694083202758,68
1.3834978219686382,-0.4974291753694151,0.8982291753433976,1.290975147304006,2.029929563625756,1.3159641670593372,1.6586709298539055,-1.0599264484110875,74
0.6908461723770396,0.170909413319468,-0.4212831158662173,-1.5719732148326244,2.029929563625756,1.3159641670593372,0.3774546054493748,0.2851214799545941,71
0.2579388913822905,-1.1657677640582984,-1.1157632691344357,-1.5719732148326244,2.029929563625756,-1.5618755234959356,-0.9037617189551556,-1.0599264484110875,63
-1.6468531449946056,-0.4974291753694151,-0.0045950239052862,1.290975147304006,0.4090355721634622,-1.5618755234959356,0.3774546054493748,0.2851214799545941,62
1.5566607343665375,-1.1657677640582984,-0.2823870852125736,1.290975147304006,-0.4014114235676847,-0.1229556782182992,0.3774546054493748,-1.0599264484110875,70
0.1713574351833407,-0.6645138225416359,0.4815410833824666,-0.1404990337643092,-0.4014114235676847,-0.1229556782182992,1.6586709298539055,0.2851214799545941,66
-0.5212942144082578,-0.3303445281971943,0.2037490220751792,-0.1404990337643092,-1.2118584192988318,-0.1229556782182992,-0.9037617189551556,1.6301694083202758,65
-1.300527320198806,-0.4974291753694151,1.4538132979579723,-0.1404990337643092,0.4090355721634622,-0.1229556782182992,0.3774546054493748,0.2851214799545941,65
-0.1749683896124585,0.5050787076639097,-0.6296271618466828,-0.1404990337643092,-0.4014114235676847,-0.1229556782182992,0.3774546054493748,0.2851214799545941,67
1.470079278167588,-0.9986831168860776,-0.0045950239052862,-0.1404990337643092,-0.4014114235676847,-0.1229556782182992,0.3774546054493748,0.2851214799545941,70
0.8640090847749392,-0.9986831168860776,-1.3241073151149012,-0.1404990337643092,-1.2118584192988318,-0.1229556782182992,-0.9037617189551556,-1.0599264484110875,65
1.2969163657696885,-1.4999370584027398,0.2037490220751792,-0.1404990337643092,2.029929563625756,-0.1229556782182992,-0.9037617189551556,0.2851214799545941,68
-1.7334346011935553,0.6721633548361304,0.6898851293629321,-0.1404990337643092,-0.4014114235676847,-0.1229556782182992,1.6586709298539055,1.6301694083202758,64
-0.6944571268061575,1.6746712378694553,0.4815410833824666,-0.1404990337643092,-0.4014114235676847,1.3159641670593372,0.3774546054493748,-1.0599264484110875,70
-0.5212942144082578,-0.1632598810249735,0.9676771906702194,-1.5719732148326244,-1.2118584192988318,-0.1229556782182992,-0.9037617189551556,1.6301694083202758,63
-1.6468531449946056,-0.3303445281971943,1.106573221323863,-1.5719732148326244,1.2194825678946093,-0.1229556782182992,0.3774546054493748,0.2851214799545941,80
-0.8676200392040571,0.3379940604916889,0.6204371140361102,1.290975147304006,1.2194825678946093,-0.1229556782182992,-0.9037617189551556,-1.0599264484110875,68
1.5566607343665375,-0.4974291753694151,0.8287811600165758,-0.1404990337643092,-1.2118584192988318,-0.1229556782182992,-0.9037617189551556,1.6301694083202758,69
-0.9542014954030068,-0.3303445281971943,-0.1434910545589299,-1.5719732148326244,-0.4014114235676847,-0.1229556782182992,1.6586709298539055,-1.0599264484110875,64
1.6432421905654877,0.5050787076639097,0.9676771906702194,1.290975147304006,-0.4014114235676847,-0.1229556782182992,-0.9037617189551556,0.2851214799545941,73
-0.2615498458114084,1.173417296352793,0.7593331446897539,-0.1404990337643092,-0.4014114235676847,-0.1229556782182992,-0.9037617189551556,1.6301694083202758,68
1.470079278167588,-0.3303445281971943,1.3843652826311503,-1.5719732148326244,-0.4014114235676847,1.3159641670593372,1.6586709298539055,0.2851214799545941,72
0.7774276285759895,0.0038247661472472,0.6898851293629321,-0.1404990337643092,0.4090355721634622,-1.5618755234959356,1.6586709298539055,0.2851214799545941,70
-0.1749683896124585,0.8392480020083513,-1.7407954070758322,1.290975147304006,-0.4014114235676847,-1.5618755234959356,-0.9037617189551556,1.6301694083202758,66
1.7298236467644377,-0.9986831168860776,1.106573221323863,-1.5719732148326244,-1.2118584192988318,-0.1229556782182992,-0.9037617189551556,-1.0599264484110875,69
1.2103349095707383,-1.1657677640582984,-0.3518351005393955,1.290975147304006,-0.4014114235676847,1.3159641670593372,-0.9037617189551556,0.2851214799545941,68
0.4311018037801901,-0.1632598810249735,-0.2823870852125736,-0.1404990337643092,-0.4014114235676847,1.3159641670593372,-0.9037617189551556,0.2851214799545941,66
1.0371719971728388,-2.836614235780506,1.3843652826311503,-1.5719732148326244,1.2194825678946093,1.3159641670593372,1.6586709298539055,0.2851214799545941,67
-0.1749683896124585,-0.8315984697138568,0.9676771906702194,1.290975147304006,-1.2118584192988318,1.3159641670593372,-0.9037617189551556,0.2851214799545941,67
-0.6078756706072076,-0.9986831168860776,0.8287811600165758,-0.1404990337643092,0.4090355721634622,1.3159641670593372,0.3774546054493748,0.2851214799545941,67
-0.6078756706072076,1.173417296352793,1.106573221323863,-0.1404990337643092,0.4090355721634622,-1.5618755234959356,0.3774546054493748,1.6301694083202758,68
0.0847759789843908,-0.8315984697138568,1.0371252059970413,1.290975147304006,-0.4014114235676847,-0.1229556782182992,1.6586709298539055,-1.0599264484110875,68
-1.6468531449946056,1.006332649180572,1.3843652826311503,-0.1404990337643092,-1.2118584192988318,1.3159641670593372,0.3774546054493748,0.2851214799545941,67
0.4311018037801901,0.6721633548361304,0.8287811600165758,-0.1404990337643092,0.4090355721634622,-0.1229556782182992,-0.9037617189551556,0.2851214799545941,71
0.0847759789843908,1.173417296352793,1.3149172673043286,1.290975147304006,-1.2118584192988318,-1.5618755234959356,0.3774546054493748,-1.0599264484110875,68
0.6042647161780897,0.170909413319468,0.2037490220751792,1.290975147304006,-0.4014114235676847,-1.5618755234959356,-0.9037617189551556,-1.0599264484110875,69
-1.4736902325967058,1.6746712378694553,1.4538132979579723,1.290975147304006,2.029929563625756,-0.1229556782182992,1.6586709298539055,-1.0599264484110875,71
0.7774276285759895,0.0038247661472472,1.106573221323863,-0.1404990337643092,-1.2118584192988318,-1.5618755234959356,0.3774546054493748,0.2851214799545941,70
0.7774276285759895,1.006332649180572,1.176021236650685,-1.5719732148326244,0.4090355721634622,-0.1229556782182992,1.6586709298539055,-1.0599264484110875,72
0.4311018037801901,-0.8315984697138568,0.9676771906702194,-0.1404990337643092,-1.2118584192988318,-1.5618755234959356,0.3774546054493748,0.2851214799545941,66
-1.4736902325967058,1.173417296352793,0.3426450527288229,-0.1404990337643092,-0.4014114235676847,1.3159641670593372,-0.9037617189551556,-1.0599264484110875,66
1.1237534533717888,0.170909413319468,0.2037490220751792,1.290975147304006,-0.4014114235676847,-1.5618755234959356,-0.9037617189551556,0.2851214799545941,67
-1.1273644078009066,0.6721633548361304,1.0371252059970413,-1.5719732148326244,-1.2118584192988318,1.3159641670593372,0.3774546054493748,-1.0599264484110875,64
1.2969163657696885,-0.6645138225416359,0.8982291753433976,-1.5719732148326244,0.4090355721634622,-0.1229556782182992,-0.9037617189551556,1.6301694083202758,70
0.1713574351833407,-0.4974291753694151,-0.6990751771735046,1.290975147304006,2.029929563625756,-0.1229556782182992,-0.9037617189551556,-1.0599264484110875,67
-0.5212942144082578,1.3405019435250136,1.0371252059970413,1.290975147304006,0.4090355721634622,-0.1229556782182992,1.6586709298539055,0.2851214799545941,72
-0.7810385830051073,1.173417296352793,-0.4212831158662173,-1.5719732148326244,-0.4014114235676847,-0.1229556782182992,0.3774546054493748,1.6301694083202758,67
1.470079278167588,0.170909413319468,1.6621573439384378,-1.5719732148326244,-0.4014114235676847,-0.1229556782182992,1.6586709298539055,1.6301694083202758,71
-0.6078756706072076,-0.3303445281971943,-0.0740430392321081,-0.1404990337643092,1.2194825678946093,-0.1229556782182992,1.6586709298539055,0.2851214799545941,66
1.470079278167588,-0.3303445281971943,-0.6296271618466828,1.290975147304006,0.4090355721634622,-0.1229556782182992,0.3774546054493748,0.2851214799545941,70
-1.0407829516019569,1.6746712378694553,-1.1157632691344357,1.290975147304006,1.2194825678946093,-0.1229556782182992,0.3774546054493748,-1.0599264484110875,68
0.3445203475812403,0.0038247661472472,-0.976867238480792,1.290975147304006,1.2194825678946093,1.3159641670593372,-0.9037617189551556,0.2851214799545941,69
-0.0018054772145589,-2.001190999919402,-1.6018993764221885,-1.5719732148326244,0.4090355721634622,1.3159641670593372,-0.9037617189551556,0.2851214799545941,63
1.5566607343665375,-1.4999370584027398,0.4815410833824666,-0.1404990337643092,-0.4014114235676847,-0.1229556782182992,1.6586709298539055,0.2851214799545941,68
1.6432421905654877,-0.4974291753694151,-0.560179146519861,-0.1404990337643092,0.4090355721634622,-0.1229556782182992,1.6586709298539055,0.2851214799545941,69
-1.300527320198806,-0.3303445281971943,1.4538132979579723,-0.1404990337643092,-0.4014114235676847,1.3159641670593372,-0.9037617189551556,1.6301694083202758,66
-0.0018054772145589,-0.3303445281971943,1.176021236650685,-1.5719732148326244,-1.2118584192988318,-0.1229556782182992,0.3774546054493748,0.2851214799545941,67
0.9505905409738892,0.3379940604916889,-0.0740430392321081,-0.1404990337643092,-0.4014114235676847,-0.1229556782182992,0.3774546054493748,0.2851214799545941,67
1.1237534533717888,-1.3328524112305191,-1.1157632691344357,1.290975147304006,0.4090355721634622,-0.1229556782182992,-0.9037617189551556,-1.0599264484110875,67
1.3834978219686382,0.170909413319468,1.7316053592652596,1.290975147304006,-0.4014114235676847,-0.1229556782182992,0.3774546054493748,1.6301694083202758,73
-1.387108776397756,-0.3303445281971943,-0.4212831158662173,1.290975147304006,1.2194825678946093,1.3159641670593372,0.3774546054493748,1.6301694083202758,66
1.1237534533717888,0.6721633548361304,-1.3241073151149012,1.290975147304006,2.029929563625756,-0.1229556782182992,1.6586709298539055,-1.0599264484110875,71
0.3445203475812403,-1.1657677640582984,1.5927093286116158,-0.1404990337643092,-1.2118584192988318,1.3159641670593372,-0.9037617189551556,-1.0599264484110875,64
-1.5602716887956556,0.5050787076639097,0.8287811600165758,-1.5719732148326244,-0.4014114235676847,1.3159641670593372,-0.9037617189551556,1.6301694083202758,65
-1.4736902325967058,1.006332649180572,-0.8379712078271483,1.290975147304006,-0.4014114235676847,-0.1229556782182992,1.6586709298539055,1.6301694083202758,67
-1.300527320198806,-1.1657677640582984,1.6621573439384378,1.290975147304006,-1.2118584192988318,-1.5618755234959356,-0.9037617189551556,-1.0599264484110875,61
0.0847759789843908,-1.8341063527471813,1.6621573439384378,-0.1404990337643092,0.4090355721634622,-0.1229556782182992,-0.9037617189551556,-1.0599264484110875,64
-0.6078756706072076,0.8392480020083513,0.4815410833824666,-0.1404990337643092,-0.4014114235676847,1.3159641670593372,-0.9037617189551556,0.2851214799545941,66
0.51768325997914,0.0038247661472472,-1.5324513610953667,-1.5719732148326244,-0.4014114235676847,-0.1229556782182992,-0.9037617189551556,-1.0599264484110875,65
-0.2615498458114084,-0.8315984697138568,-1.1852112844612577,-0.1404990337643092,-0.4014114235676847,-0.1229556782182992,0.3774546054493748,-1.0599264484110875,64
-1.6468531449946056,-0.6645138225416359,-1.6713473917490105,-0.1404990337643092,-0.4014114235676847,-1.5618755234959356,-0.9037617189551556,-1.0599264484110875,59
-0.5212942144082578,-1.3328524112305191,1.5927093286116158,-0.1404990337643092,0.4090355721634622,-0.1229556782182992,0.3774546054493748,-1.0599264484110875,65
0.9505905409738892,0.0038247661472472,-0.976867238480792,1.290975147304006,2.029929563625756,1.3159641670593372,1.6586709298539055,-1.0599264484110875,72
0.8640090847749392,1.173417296352793,1.4538132979579723,-0.1404990337643092,-1.2118584192988318,1.3159641670593372,-0.9037617189551556,0.2851214799545941,72
0.2579388913822905,1.6746712378694553,0.1343010067483574,-0.1404990337643092,-1.2118584192988318,-1.5618755234959356,-0.9037617189551556,-1.0599264484110875,69
1.6432421905654877,1.3405019435250136,1.7316053592652596,-0.1404990337643092,-1.2118584192988318,-1.5618755234959356,-0.9037617189551556,0.2851214799545941,72
0.1713574351833407,0.3379940604916889,0.2731970374020011,1.290975147304006,0.4090355721634622,1.3159641670593372,0.3774546054493748,0.2851214799545941,69
-1.2139458639998564,-0.6645138225416359,0.2731970374020011,-0.1404990337643092,-1.2118584192988318,1.3159641670593372,0.3774546054493748,1.6301694083202758,66
0.2579388913822905,0.170909413319468,1.176021236650685,-1.5719732148326244,0.4090355721634622,-0.1229556782182992,-0.9037617189551556,0.2851214799545941,66
1.470079278167588,-0.9986831168860776,0.8982291753433976,-0.1404990337643092,0.4090355721634622,-1.5618755234959356,1.6586709298539055,1.6301694083202758,71
1.7298236467644377,1.006332649180572,-1.046315253807614,-0.1404990337643092,0.4090355721634622,-1.5618755234959356,-0.9037617189551556,0.2851214799545941,72
1.3834978219686382,1.6746712378694553,-1.6018993764221885,-0.1404990337643092,-1.2118584192988318,1.3159641670593372,0.3774546054493748,1.6301694083202758,74
-1.387108776397756,2.67717912090278,0.4815410833824666,-0.1404990337643092,0.4090355721634622,-0.1229556782182992,-0.9037617189551556,0.2851214799545941,70
0.6908461723770396,0.3379940604916889,-0.3518351005393955,-1.5719732148326244,1.2194825678946093,-0.1229556782182992,-0.9037617189551556,-1.0599264484110875,69
-1.5602716887956556,0.170909413319468,-1.1852112844612577,-1.5719732148326244,0.4090355721634622,1.3159641670593372,0.3774546054493748,-1.0599264484110875,64
-1.0407829516019569,-0.9986831168860776,-1.6713473917490105,1.290975147304006,-0.4014114235676847,1.3159641670593372,-0.9037617189551556,1.6301694083202758,63
1.1237534533717888,2.175925179386118,1.5927093286116158,1.290975147304006,-1.2118584192988318,1.3159641670593372,-0.9037617189551556,0.2851214799545941,74
1.3834978219686382,-0.8315984697138568,0.4815410833824666,1.290975147304006,0.4090355721634622,1.3159641670593372,-0.9037617189551556,-1.0599264484110875,70
-0.7810385830051073,-0.4974291753694151,-1.2546592997880792,-1.5719732148326244,1.2194825678946093,-0.1229556782182992,-0.9037617189551556,0.2851214799545941,64
0.6042647161780897,0.8392480020083513,0.9676771906702194,1.290975147304006,-0.4014114235676847,-1.5618755234959356,-0.9037617189551556,-1.0599264484110875,69
-0.434712758209308,-1.3328524112305191,-0.0045950239052862,-0.1404990337643092,-0.4014114235676847,-0.1229556782182992,0.3774546054493748,-1.0599264484110875,63
1.470079278167588,-0.9986831168860776,-0.6296271618466828,-0.1404990337643092,0.4090355721634622,-0.1229556782182992,0.3774546054493748,0.2851214799545941,67
-1.387108776397756,-2.001190999919402,-0.6296271618466828,-0.1404990337643092,-0.4014114235676847,-0.1229556782182992,0.3774546054493748,-1.0599264484110875,60
-0.8676200392040571,1.173417296352793,1.6621573439384378,-0.1404990337643092,0.4090355721634622,-0.1229556782182992,-0.9037617189551556,-1.0599264484110875,68
-0.8676200392040571,-0.1632598810249735,-1.4630033457685447,-1.5719732148326244,-1.2118584192988318,-0.1229556782182992,-0.9037617189551556,0.2851214799545941,89
-1.387108776397756,2.3430098265583386,-0.2823870852125736,-0.1404990337643092,-1.2118584192988318,-0.1229556782182992,-0.9037617189551556,-1.0599264484110875,67
0.1713574351833407,-0.9986831168860776,-1.6018993764221885,-0.1404990337643092,1.2194825678946093,1.3159641670593372,-0.9037617189551556,-1.0599264484110875,66
-0.8676200392040571,-2.5024449414360648,-1.393555330441723,1.290975147304006,1.2194825678946093,1.3159641670593372,-0.9037617189551556,-1.0599264484110875,62
-1.4736902325967058,0.6721633548361304,0.2037490220751792,-0.1404990337643092,-1.2118584192988318,-0.1229556782182992,-0.9037617189551556,-1.0599264484110875,64
-0.0883869334135087,0.5050787076639097,0.1343010067483574,1.290975147304006,-0.4014114235676847,-0.1229556782182992,-0.9037617189551556,-1.0599264484110875,68
-1.4736902325967058,1.3405019435250136,0.8982291753433976,-1.5719732148326244,2.029929563625756,-0.1229556782182992,-0.9037617189551556,0.2851214799545941,67
-1.6468531449946056,1.6746712378694553,1.0371252059970413,1.290975147304006,0.4090355721634622,-1.5618755234959356,-0.9037617189551556,-1.0599264484110875,66
0.4311018037801901,0.170909413319468,-1.6018993764221885,1.290975147304006,2.840376559356903,-1.5618755234959356,1.6586709298539055,1.6301694083202758,71
0.1713574351833407,0.8392480020083513,-0.2129390698857517,-0.1404990337643092,-1.2118584192988318,1.3159641670593372,0.3774546054493748,1.6301694083202758,70
1.1237534533717888,1.173417296352793,-1.1157632691344357,-1.5719732148326244,0.4090355721634622,1.3159641670593372,-0.9037617189551556,-1.0599264484110875,70
-0.434712758209308,0.5050787076639097,-0.4907311311930391,-1.5719732148326244,-0.4014114235676847,-1.5618755234959356,-0.9037617189551556,1.6301694083202758,64
0.4311018037801901,-1.6670217055749608,0.4120930680556447,-0.1404990337643092,1.2194825678946093,-0.1229556782182992,-0.9037617189551556,-1.0599264484110875,66
-0.0018054772145589,1.173417296352793,1.3149172673043286,-1.5719732148326244,1.2194825678946093,-1.5618755234959356,-0.9037617189551556,1.6301694083202758,69
0.9505905409738892,0.3379940604916889,-0.1434910545589299,1.290975147304006,1.2194825678946093,1.3159641670593372,1.6586709298539055,1.6301694083202758,74
1.1237534533717888,-1.1657677640582984,-1.6713473917490105,1.290975147304006,-0.4014114235676847,-0.1229556782182992,-0.9037617189551556,-1.0599264484110875,67
-1.6468531449946056,2.175925179386118,1.6621573439384378,-0.1404990337643092,0.4090355721634622,-0.1229556782182992,0.3774546054493748,0.2851214799545941,70
-1.300527320198806,0.6721633548361304,-0.7685231925003265,-1.5719732148326244,-0.4014114235676847,-0.1229556782182992,1.6586709298539055,1.6301694083202758,64
-1.300527320198806,-1.6670217055749608,-1.393555330441723,1.290975147304006,-1.2118584192988318,-1.5618755234959356,-0.9037617189551556,-1.0599264484110875,59
1.470079278167588,-0.9986831168860776,0.5509890987092884,-0.1404990337643092,-1.2118584192988318,-0.1229556782182992,-0.9037617189551556,-1.0599264484110875,68
0.0847759789843908,-0.4974291753694151,0.1343010067483574,-0.1404990337643092,1.2194825678946093,-1.5618755234959356,0.3774546054493748,-1.0599264484110875,66
1.2969163657696885,-1.4999370584027398,-0.7685231925003265,-0.1404990337643092,2.029929563625756,-0.1229556782182992,-0.9037617189551556,-1.0599264484110875,68
-0.6078756706072076,1.173417296352793,1.6621573439384378,-0.1404990337643092,-0.4014114235676847,-0.1229556782182992,0.3774546054493748,-1.0599264484110875,68
-0.3481313020103582,1.006332649180572,-1.1157632691344357,-0.1404990337643092,-1.2118584192988318,-0.1229556782182992,1.6586709298539055,0.2851214799545941,65
0.0847759789843908,0.0038247661472472,-0.4907311311930391,1.290975147304006,-1.2118584192988318,-0.1229556782182992,0.3774546054493748,0.2851214799545941,68
-0.7810385830051073,0.170909413319468,-1.1157632691344357,-0.1404990337643092,1.2194825678946093,-1.5618755234959356,0.3774546054493748,-1.0599264484110875,64
0.2579388913822905,-0.8315984697138568,1.523261313284794,-0.1404990337643092,0.4090355721634622,-0.1229556782182992,-0.9037617189551556,-1.0599264484110875,97
-1.2139458639998564,1.006332649180572,-0.560179146519861,-0.1404990337643092,1.2194825678946093,-0.1229556782182992,-0.9037617189551556,0.2851214799545941,66
1.0371719971728388,0.6721633548361304,0.2037490220751792,1.290975147304006,-1.2118584192988318,-0.1229556782182992,-0.9037617189551556,0.2851214799545941,71
1.5566607343665375,-1.6670217055749608,0.4815410833824666,-0.1404990337643092,0.4090355721634622,-0.1229556782182992,0.3774546054493748,1.6301694083202758,69
0.4311018037801901,-0.6645138225416359,0.7593331446897539,-0.1404990337643092,1.2194825678946093,-0.1229556782182992,-0.9037617189551556,0.2851214799545941,67
-0.2615498458114084,0.6721633548361304,0.8982291753433976,1.290975147304006,-0.4014114235676847,1.3159641670593372,0.3774546054493748,1.6301694083202758,71
-0.6078756706072076,1.3405019435250136,-0.6990751771735046,1.290975147304006,1.2194825678946093,-0.1229556782182992,1.6586709298539055,1.6301694083202758,72
0.6908461723770396,0.6721633548361304,-0.2823870852125736,1.290975147304006,0.4090355721634622,1.3159641670593372,-0.9037617189551556,1.6301694083202758,72
-0.8676200392040571,0.170909413319468,-0.976867238480792,-0.1404990337643092,-0.4014114235676847,-1.5618755234959356,-0.9037617189551556,-1.0599264484110875,62
0.2579388913822905,0.0038247661472472,0.8287811600165758,-0.1404990337643092,-1.2118584192988318,1.3159641670593372,-0.9037617189551556,1.6301694083202758,68
-1.7334346011935553,1.006332649180572,1.3149172673043286,-0.1404990337643092,1.2194825678946093,-0.1229556782182992,-0.9037617189551556,1.6301694083202758,68
0.2579388913822905,0.6721633548361304,-1.6018993764221885,-0.1404990337643092,-0.4014114235676847,1.3159641670593372,0.3774546054493748,0.2851214799545941,71
0.9505905409738892,-1.3328524112305191,0.4120930680556447,-1.5719732148326244,-1.2118584192988318,-0.1229556782182992,-0.9037617189551556,-1.0599264484110875,64
1.1237534533717888,-1.1657677640582984,-1.6018993764221885,-0.1404990337643092,0.4090355721634622,-0.1229556782182992,0.3774546054493748,0.2851214799545941,67
1.5566607343665375,0.0038247661472472,-1.7407954070758322,-1.5719732148326244,-0.4014114235676847,-0.1229556782182992,-0.9037617189551556,0.2851214799545941,68
-1.7334346011935553,-1.4999370584027398,-1.1157632691344357,1.290975147304006,0.4090355721634622,-0.1229556782182992,0.3774546054493748,-1.0599264484110875,60
0.7774276285759895,0.170909413319468,-1.6713473917490105,-0.1404990337643092,-0.4014114235676847,1.3159641670593372,-0.9037617189551556,0.2851214799545941,69
0.7774276285759895,0.3379940604916889,-1.1852112844612577,1.290975147304006,2.029929563625756,-0.1229556782182992,0.3774546054493748,1.6301694083202758,71
-1.6468531449946056,1.006332649180572,-0.3518351005393955,-0.1404990337643092,-0.4014114235676847,1.3159641670593372,1.6586709298539055,0.2851214799545941,65
-0.6944571268061575,0.6721633548361304,0.0648529914215355,1.290975147304006,-0.4014114235676847,-0.1229556782182992,-0.9037617189551556,-1.0599264484110875,66
0.51768325997914,1.6746712378694553,-1.6018993764221885,-1.5719732148326244,0.4090355721634622,-0.1229556782182992,0.3774546054493748,0.2851214799545941,68
-0.0018054772145589,1.6746712378694553,-0.560179146519861,1.290975147304006,1.2194825678946093,-1.5618755234959356,0.3774546054493748,0.2851214799545941,69
-1.1273644078009066,0.8392480020083513,-0.7685231925003265,1.290975147304006,-1.2118584192988318,-0.1229556782182992,-0.9037617189551556,-1.0599264484110875,64
-1.2139458639998564,-1.1657677640582984,-1.6713473917490105,-0.1404990337643092,1.2194825678946093,1.3159641670593372,1.6586709298539055,0.2851214799545941,63
-0.6078756706072076,0.3379940604916889,0.2731970374020011,-0.1404990337643092,2.029929563625756,-1.5618755234959356,1.6586709298539055,0.2851214799545941,65
-1.300527320198806,1.173417296352793,-1.6713473917490105,-0.1404990337643092,0.4090355721634622,-0.1229556782182992,1.6586709298539055,1.6301694083202758,66
-1.6468531449946056,-0.8315984697138568,-1.1157632691344357,-0.1404990337643092,-1.2118584192988318,-0.1229556782182992,-0.9037617189551556,-1.0599264484110875,61
0.1713574351833407,0.8392480020083513,1.4538132979579723,-0.1404990337643092,-0.4014114235676847,-0.1229556782182992,-0.9037617189551556,-1.0599264484110875,69
1.5566607343665375,-1.6670217055749608,-0.6990751771735046,-0.1404990337643092,-0.4014114235676847,-1.5618755234959356,-0.9037617189551556,-1.0599264484110875,66
-0.7810385830051073,-0.1632598810249735,1.6621573439384378,-0.1404990337643092,-1.2118584192988318,1.3159641670593372,-0.9037617189551556,-1.0599264484110875,65
-1.5602716887956556,0.0038247661472472,1.3149172673043286,-1.5719732148326244,-0.4014114235676847,1.3159641670593372,-0.9037617189551556,0.2851214799545941,65
1.2103349095707383,0.170909413319468,0.6898851293629321,-1.5719732148326244,-0.4014114235676847,1.3159641670593372,0.3774546054493748,0.2851214799545941,70
0.2579388913822905,1.841755885041676,-0.3518351005393955,1.290975147304006,1.2194825678946093,-1.5618755234959356,0.3774546054493748,-1.0599264484110875,71
-0.8676200392040571,0.6721633548361304,-1.1157632691344357,1.290975147304006,0.4090355721634622,-0.1229556782182992,-0.9037617189551556,-1.0599264484110875,67
-0.2615498458114084,-0.3303445281971943,1.7316053592652596,-0.1404990337643092,0.4090355721634622,-1.5618755234959356,-0.9037617189551556,1.6301694083202758,67
-0.2615498458114084,-0.8315984697138568,-1.2546592997880792,-0.1404990337643092,-0.4014114235676847,-0.1229556782182992,0.3774546054493748,-1.0599264484110875,63
-1.0407829516019569,0.0038247661472472,0.0648529914215355,1.290975147304006,0.4090355721634622,1.3159641670593372,-0.9037617189551556,0.2851214799545941,66
0.1713574351833407,2.3430098265583386,0.8287811600165758,1.290975147304006,1.2194825678946093,-0.1229556782182992,-0.9037617189551556,-1.0599264484110875,75
1.2969163657696885,0.6721633548361304,1.0371252059970413,-1.5719732148326244,1.2194825678946093,-0.1229556782182992,-0.9037617189551556,-1.0599264484110875,71
-0.0883869334135087,-1.1657677640582984,1.176021236650685,1.290975147304006,1.2194825678946093,1.3159641670593372,-0.9037617189551556,0.2851214799545941,68
-0.6944571268061575,0.8392480020083513,1.3149172673043286,1.290975147304006,0.4090355721634622,1.3159641670593372,0.3774546054493748,-1.0599264484110875,70
-0.5212942144082578,1.006332649180572,-0.4212831158662173,-0.1404990337643092,0.4090355721634622,-0.1229556782182992,1.6586709298539055,-1.0599264484110875,68
-1.1273644078009066,1.841755885041676,1.176021236650685,-1.5719732148326244,0.4090355721634622,-0.1229556782182992,-0.9037617189551556,0.2851214799545941,66
0.3445203475812403,1.841755885041676,-0.2823870852125736,1.290975147304006,2.029929563625756,-0.1229556782182992,-0.9037617189551556,-1.0599264484110875,70
-0.3481313020103582,1.006332649180572,-0.7685231925003265,-0.1404990337643092,-1.2118584192988318,-0.1229556782182992,0.3774546054493748,0.2851214799545941,66
1.2103349095707383,-1.4999370584027398,0.8982291753433976,1.290975147304006,0.4090355721634622,1.3159641670593372,-0.9037617189551556,0.2851214799545941,70
0.1713574351833407,0.0038247661472472,0.6898851293629321,-0.1404990337643092,-0.4014114235676847,-1.5618755234959356,1.6586709298539055,0.2851214799545941,66
1.0371719971728388,-2.168275647091623,-1.6713473917490105,-0.1404990337643092,-1.2118584192988318,-1.5618755234959356,-0.9037617189551556,1.6301694083202758,63
1.3834978219686382,-1.1657677640582984,-1.6713473917490105,-0.1404990337643092,-0.4014114235676847,-0.1229556782182992,1.6586709298539055,-1.0599264484110875,67
0.6908461723770396,-0.9986831168860776,1.523261313284794,-0.1404990337643092,-1.2118584192988318,1.3159641670593372,0.3774546054493748,-1.0599264484110875,69
1.6432421905654877,-0.8315984697138568,-0.1434910545589299,-0.1404990337643092,-0.4014114235676847,1.3159641670593372,-0.9037617189551556,-1.0599264484110875,69
0.51768325997914,1.841755885041676,-0.6296271618466828,1.290975147304006,1.2194825678946093,1.3159641670593372,0.3774546054493748,0.2851214799545941,75
-0.7810385830051073,-1.1657677640582984,1.6621573439384378,-0.1404990337643092,-1.2118584192988318,-0.1229556782182992,1.6586709298539055,-1.0599264484110875,64
-1.4736902325967058,2.0088405322138967,1.106573221323863,1.290975147304006,0.4090355721634622,-0.1229556782182992,-0.9037617189551556,1.6301694083202758,68
-0.5212942144082578,1.173417296352793,-0.0740430392321081,-0.1404990337643092,0.4090355721634622,-0.1229556782182992,0.3774546054493748,0.2851214799545941,68
1.6432421905654877,0.170909413319468,-1.2546592997880792,-1.5719732148326244,0.4090355721634622,-0.1229556782182992,1.6586709298539055,0.2851214799545941,71
-1.0407829516019569,0.6721633548361304,-1.6713473917490105,1.290975147304006,-1.2118584192988318,-1.5618755234959356,-0.9037617189551556,-1.0599264484110875,63
1.6432421905654877,0.5050787076639097,-0.1434910545589299,-0.1404990337643092,-1.2118584192988318,-1.5618755234959356,0.3774546054493748,-1.0599264484110875,69
0.4311018037801901,0.8392480020083513,-1.1852112844612577,-0.1404990337643092,0.4090355721634622,-0.1229556782182992,0.3774546054493748,0.2851214799545941,70
-0.6078756706072076,1.006332649180572,1.4538132979579723,-0.1404990337643092,-1.2118584192988318,-0.1229556782182992,-0.9037617189551556,0.2851214799545941,68
-1.4736902325967058,0.8392480020083513,-1.4630033457685447,-0.1404990337643092,1.2194825678946093,-1.5618755234959356,-0.9037617189551556,0.2851214799545941,64
0.1713574351833407,1.3405019435250136,1.3843652826311503,-0.1404990337643092,-1.2118584192988318,-1.5618755234959356,-0.9037617189551556,1.6301694083202758,69
-1.0407829516019569,-0.6645138225416359,0.1343010067483574,1.290975147304006,-0.4014114235676847,-0.1229556782182992,1.6586709298539055,0.2851214799545941,66
-0.434712758209308,-0.1632598810249735,0.1343010067483574,1.290975147304006,-0.4014114235676847,-0.1229556782182992,-0.9037617189551556,-1.0599264484110875,66
1.2103349095707383,0.170909413319468,1.3149172673043286,1.290975147304006,0.4090355721634622,1.3159641670593372,0.3774546054493748,-1.0599264484110875,73
-0.5212942144082578,0.170909413319468,-0.3518351005393955,-1.5719732148326244,-0.4014114235676847,-0.1229556782182992,1.6586709298539055,0.2851214799545941,65
1.470079278167588,-0.3303445281971943,0.1343010067483574,-1.5719732148326244,2.029929563625756,-1.5618755234959356,1.6586709298539055,-1.0599264484110875,69
-1.5602716887956556,-0.4974291753694151,-0.6296271618466828,-0.1404990337643092,0.4090355721634622,-0.1229556782182992,-0.9037617189551556,1.6301694083202758,63
0.6042647161780897,0.5050787076639097,0.0648529914215355,1.290975147304006,0.4090355721634622,-1.5618755234959356,1.6586709298539055,1.6301694083202758,71
-0.6078756706072076,1.173417296352793,0.3426450527288229,-0.1404990337643092,1.2194825678946093,-0.1229556782182992,-0.9037617189551556,0.2851214799545941,68
-0.6944571268061575,-0.3303445281971943,-0.7685231925003265,-0.1404990337643092,2.029929563625756,1.3159641670593372,1.6586709298539055,-1.0599264484110875,68
0.2579388913822905,1.3405019435250136,1.5927093286116158,1.290975147304006,-0.4014114235676847,-0.1229556782182992,1.6586709298539055,-1.0599264484110875,72
1.470079278167588,0.3379940604916889,-1.4630033457685447,1.290975147304006,-0.4014114235676847,-0.1229556782182992,1.6586709298539055,-1.0599264484110875,72
-0.0018054772145589,-1.8341063527471813,1.106573221323863,1.290975147304006,-0.4014114235676847,-0.1229556782182992,0.3774546054493748,0.2851214799545941,65
0.6042647161780897,0.5050787076639097,0.2731970374020011,-1.5719732148326244,0.4090355721634622,-0.1229556782182992,-0.9037617189551556,0.2851214799545941,67
-0.9542014954030068,-1.6670217055749608,-0.6990751771735046,-0.1404990337643092,-1.2118584192988318,-0.1229556782182992,-0.9037617189551556,0.2851214799545941,60
1.5566607343665375,-1.3328524112305191,-1.4630033457685447,-1.5719732148326244,0.4090355721634622,-0.1229556782182992,-0.9037617189551556,0.2851214799545941,67
-1.2139458639998564,0.8392480020083513,-0.6990751771735046,-0.1404990337643092,-1.2118584192988318,-1.5618755234959356,-0.9037617189551556,0.2851214799545941,63
-1.387108776397756,-1.1657677640582984,-0.2129390698857517,1.290975147304006,0.4090355721634622,-0.1229556782182992,1.6586709298539055,0.2851214799545941,63
-1.2139458639998564,1.3405019435250136,-0.560179146519861,1.290975147304006,-0.4014114235676847,-0.1229556782182992,1.6586709298539055,1.6301694083202758,68
0.9505905409738892,-1.8341063527471813,-1.1157632691344357,-0.1404990337643092,-1.2118584192988318,-0.1229556782182992,0.3774546054493748,-1.0599264484110875,64
-1.1273644078009066,0.170909413319468,1.4538132979579723,-0.1404990337643092,1.2194825678946093,-0.1229556782182992,-0.9037617189551556,-1.0599264484110875,64
1.2103349095707383,0.0038247661472472,0.4120930680556447,1.290975147304006,-0.4014114235676847,-0.1229556782182992,-0.9037617189551556,0.2851214799545941,69
0.7774276285759895,-0.3303445281971943,-1.5324513610953667,-0.1404990337643092,2.840376559356903,-0.1229556782182992,0.3774546054493748,-1.0599264484110875,69
1.6432421905654877,-1.1657677640582984,-1.1852112844612577,-0.1404990337643092,-0.4014114235676847,-0.1229556782182992,-0.9037617189551556,-1.0599264484110875,67
-0.5212942144082578,0.3379940604916889,-0.976867238480792,-1.5719732148326244,-0.4014114235676847,-0.1229556782182992,1.6586709298539055,-1.0599264484110875,65
1.3834978219686382,-1.1657677640582984,-0.9074192231539702,1.290975147304006,-1.2118584192988318,-0.1229556782182992,1.6586709298539055,1.6301694083202758,69
-0.3481313020103582,0.8392480020083513,0.8982291753433976,-1.5719732148326244,-0.4014114235676847,-0.1229556782182992,0.3774546054493748,0.2851214799545941,66
0.2579388913822905,0.0038247661472472,-0.1434910545589299,-0.1404990337643092,-1.2118584192988318,1.3159641670593372,0.3774546054493748,1.6301694083202758,68
0.8640090847749392,-0.4974291753694151,0.8982291753433976,1.290975147304006,-0.4014114235676847,-1.5618755234959356,0.3774546054493748,0.2851214799545941,68
-1.300527320198806,0.170909413319468,1.106573221323863,1.290975147304006,-0.4014114235676847,-0.1229556782182992,-0.9037617189551556,0.2851214799545941,67
-0.6944571268061575,0.8392480020083513,-0.1434910545589299,-1.5719732148326244,2.029929563625756,1.3159641670593372,0.3774546054493748,0.2851214799545941,69
-1.387108776397756,-0.4974291753694151,-0.560179146519861,1.290975147304006,1.2194825678946093,-0.1229556782182992,0.3774546054493748,-1.0599264484110875,64
1.2103349095707383,0.0038247661472472,-0.6296271618466828,1.290975147304006,-0.4014114235676847,-1.5618755234959356,-0.9037617189551556,-1.0599264484110875,70
-1.4736902325967058,0.3379940604916889,1.6621573439384378,-0.1404990337643092,1.2194825678946093,-0.1229556782182992,-0.9037617189551556,0.2851214799545941,65
-1.5602716887956556,0.3379940604916889,1.3843652826311503,1.290975147304006,0.4090355721634622,-0.1229556782182992,-0.9037617189551556,0.2851214799545941,66
-0.2615498458114084,-0.9986831168860776,-1.393555330441723,-0.1404990337643092,0.4090355721634622,-0.1229556782182992,-0.9037617189551556,1.6301694083202758,65
-0.2615498458114084,0.0038247661472472,-1.1157632691344357,-1.5719732148326244,-0.4014114235676847,-1.5618755234959356,-0.9037617189551556,1.6301694083202758,62
1.2969163657696885,-1.3328524112305191,-0.976867238480792,-0.1404990337643092,2.029929563625756,-0.1229556782182992,0.3774546054493748,1.6301694083202758,69
-1.2139458639998564,0.5050787076639097,0.3426450527288229,-0.1404990337643092,-0.4014114235676847,-0.1229556782182992,0.3774546054493748,0.2851214799545941,66
0.4311018037801901,-0.3303445281971943,1.3843652826311503,1.290975147304006,0.4090355721634622,-0.1229556782182992,0.3774546054493748,-1.0599264484110875,70
1.470079278167588,-1.3328524112305191,0.2731970374020011,-0.1404990337643092,-0.4014114235676847,-1.5618755234959356,-0.9037617189551556,0.2851214799545941,65
0.6042647161780897,0.5050787076639097,0.4120930680556447,-1.5719732148326244,2.840376559356903,1.3159641670593372,-0.9037617189551556,0.2851214799545941,70
-0.6078756706072076,-0.6645138225416359,-0.0740430392321081,-0.1404990337643092,-0.4014114235676847,-0.1229556782182992,-0.9037617189551556,-1.0599264484110875,64
0.1713574351833407,-0.4974291753694151,-0.976867238480792,1.290975147304006,1.2194825678946093,1.3159641670593372,1.6586709298539055,0.2851214799545941,69
1.3834978219686382,-0.9986831168860776,-0.7685231925003265,1.290975147304006,0.4090355721634622,-1.5618755234959356,1.6586709298539055,-1.0599264484110875,69
-0.1749683896124585,-0.6645138225416359,0.2037490220751792,-0.1404990337643092,2.840376559356903,-0.1229556782182992,-0.9037617189551556,1.6301694083202758,68
1.3834978219686382,-0.4974291753694151,-1.046315253807614,-0.1404990337643092,-1.2118584192988318,1.3159641670593372,0.3774546054493748,-1.0599264484110875,67
-0.0018054772145589,0.170909413319468,-1.046315253807614,1.290975147304006,-0.4014114235676847,-1.5618755234959356,0.3774546054493748,0.2851214799545941,67
-0.1749683896124585,0.5050787076639097,1.2454692519775068,-1.5719732148326244,-1.2118584192988318,1.3159641670593372,1.6586709298539055,0.2851214799545941,70
-1.2139458639998564,-0.4974291753694151,0.9676771906702194,-0.1404990337643092,-1.2118584192988318,-0.1229556782182992,0.3774546054493748,0.2851214799545941,63
-0.0883869334135087,-0.3303445281971943,-0.4212831158662173,-0.1404990337643092,0.4090355721634622,-0.1229556782182992,0.3774546054493748,1.6301694083202758,67
1.5566607343665375,1.3405019435250136,-0.2129390698857517,1.290975147304006,-0.4014114235676847,-0.1229556782182992,0.3774546054493748,-1.0599264484110875,74
-1.387108776397756,1.5075865906972346,-0.0740430392321081,1.290975147304006,-1.2118584192988318,-0.1229556782182992,1.6586709298539055,1.6301694083202758,69
0.4311018037801901,-0.1632598810249735,-0.0740430392321081,1.290975147304006,-0.4014114235676847,-0.1229556782182992,0.3774546054493748,1.6301694083202758,69
-1.387108776397756,0.5050787076639097,-1.1157632691344357,-0.1404990337643092,1.2194825678946093,-0.1229556782182992,-0.9037617189551556,0.2851214799545941,65
-0.0018054772145589,1.173417296352793,-0.6990751771735046,-0.1404990337643092,-0.4014114235676847,-0.1229556782182992,0.3774546054493748,1.6301694083202758,68
1.1237534533717888,0.8392480020083513,-1.5324513610953667,-0.1404990337643092,-1.2118584192988318,-0.1229556782182992,0.3774546054493748,1.6301694083202758,70
-0.6078756706072076,0.8392480020083513,-0.1434910545589299,-1.5719732148326244,-0.4014114235676847,-0.1229556782182992,-0.9037617189551556,0.2851214799545941,66
0.8640090847749392,1.173417296352793,-0.560179146519861,-1.5719732148326244,0.4090355721634622,-0.1229556782182992,1.6586709298539055,0.2851214799545941,70
-1.300527320198806,0.6721633548361304,0.2731970374020011,1.290975147304006,-0.4014114235676847,-1.5618755234959356,1.6586709298539055,0.2851214799545941,66
0.3445203475812403,-0.8315984697138568,-1.393555330441723,1.290975147304006,-0.4014114235676847,-0.1229556782182992,-0.9037617189551556,0.2851214799545941,64
-0.1749683896124585,-0.1632598810249735,-1.1157632691344357,1.290975147304006,0.4090355721634622,-1.5618755234959356,-0.9037617189551556,1.6301694083202758,66
0.8640090847749392,0.0038247661472472,1.523261313284794,-1.5719732148326244,-0.4014114235676847,-0.1229556782182992,-0.9037617189551556,0.2851214799545941,68
-0.7810385830051073,-2.001190999919402,-0.0045950239052862,-1.5719732148326244,-1.2118584192988318,1.3159641670593372,-0.9037617189551556,0.2851214799545941,61
-0.5212942144082578,0.0038247661472472,0.9676771906702194,1.290975147304006,-0.4014114235676847,-0.1229556782182992,0.3774546054493748,0.2851214799545941,66
-1.4736902325967058,1.006332649180572,-1.393555330441723,-0.1404990337643092,0.4090355721634622,-0.1229556782182992,-0.9037617189551556,0.2851214799545941,65
0.3445203475812403,1.6746712378694553,1.3149172673043286,-0.1404990337643092,-0.4014114235676847,1.3159641670593372,-0.9037617189551556,-1.0599264484110875,72
0.8640090847749392,-1.4999370584027398,-0.2129390698857517,-0.1404990337643092,1.2194825678946093,-0.1229556782182992,-0.9037617189551556,0.2851214799545941,67
-0.7810385830051073,-0.1632598810249735,1.106573221323863,-0.1404990337643092,1.2194825678946093,-0.1229556782182992,-0.9037617189551556,1.6301694083202758,66
-1.4736902325967058,-0.1632598810249735,-1.3241073151149012,1.290975147304006,0.4090355721634622,-0.1229556782182992,-0.9037617189551556,-1.0599264484110875,64
-0.2615498458114084,-0.1632598810249735,1.0371252059970413,-0.1404990337643092,-0.4014114235676847,-1.5618755234959356,0.3774546054493748,-1.0599264484110875,65
-0.0883869334135087,0.0038247661472472,0.5509890987092884,-0.1404990337643092,1.2194825678946093,-0.1229556782182992,0.3774546054493748,-1.0599264484110875,67
1.470079278167588,-0.8315984697138568,-0.560179146519861,-0.1404990337643092,-0.4014114235676847,-1.5618755234959356,0.3774546054493748,-1.0599264484110875,68
0.9505905409738892,-0.4974291753694151,0.6898851293629321,1.290975147304006,1.2194825678946093,-0.1229556782182992,0.3774546054493748,0.2851214799545941,71
-0.2615498458114084,-0.1632598810249735,-1.5324513610953667,-1.5719732148326244,-0.4014114235676847,1.3159641670593372,-0.9037617189551556,-1.0599264484110875,64
-1.1273644078009066,0.0038247661472472,-1.1157632691344357,1.290975147304006,-0.4014114235676847,1.3159641670593372,0.3774546054493748,0.2851214799545941,65
-0.0018054772145589,0.3379940604916889,-0.2129390698857517,1.290975147304006,0.4090355721634622,-0.1229556782182992,0.3774546054493748,0.2851214799545941,69
-1.0407829516019569,0.0038247661472472,1.3843652826311503,1.290975147304006,-1.2118584192988318,-0.1229556782182992,-0.9037617189551556,-1.0599264484110875,66
0.2579388913822905,0.0038247661472472,-1.6713473917490105,-0.1404990337643092,0.4090355721634622,-0.1229556782182992,1.6586709298539055,-1.0599264484110875,67
-0.434712758209308,1.006332649180572,-0.2129390698857517,-0.1404990337643092,-1.2118584192988318,-1.5618755234959356,-0.9037617189551556,-1.0599264484110875,66
-1.6468531449946056,0.3379940604916889,1.5927093286116158,-1.5719732148326244,1.2194825678946093,-0.1229556782182992,0.3774546054493748,1.6301694083202758,65
1.2969163657696885,-0.8315984697138568,-0.9074192231539702,1.290975147304006,0.4090355721634622,-0.1229556782182992,-0.9037617189551556,0.2851214799545941,69
-1.1273644078009066,0.6721633548361304,0.7593331446897539,-1.5719732148326244,3.65082355508805,1.3159641670593372,1.6586709298539055,-1.0599264484110875,67
0.1713574351833407,0.8392480020083513,-0.6990751771735046,-0.1404990337643092,-1.2118584192988318,-0.1229556782182992,-0.9037617189551556,1.6301694083202758,69
-0.3481313020103582,-1.6670217055749608,0.0648529914215355,-0.1404990337643092,0.4090355721634622,-1.5618755234959356,1.6586709298539055,1.6301694083202758,64
-0.0883869334135087,-0.3303445281971943,0.7593331446897539,1.290975147304006,1.2194825678946093,-0.1229556782182992,0.3774546054493748,-1.0599264484110875,68
-1.300527320198806,-1.3328524112305191,-0.6990751771735046,-0.1404990337643092,0.4090355721634622,-1.5618755234959356,-0.9037617189551556,0.2851214799545941,60
1.1237534533717888,-0.6645138225416359,-1.393555330441723,1.290975147304006,0.4090355721634622,-0.1229556782182992,0.3774546054493748,-1.0599264484110875,67
0.9505905409738892,1.3405019435250136,0.2037490220751792,-0.1404990337643092,-0.4014114235676847,1.3159641670593372,-0.9037617189551556,0.2851214799545941,72
1.0371719971728388,0.6721633548361304,-1.393555330441723,-0.1404990337643092,-0.4014114235676847,-0.1229556782182992,0.3774546054493748,0.2851214799545941,69
1.0371719971728388,-1.3328524112305191,-1.1852112844612577,-0.1404990337643092,0.4090355721634622,1.3159641670593372,0.3774546054493748,0.2851214799545941,66
-0.0883869334135087,1.173417296352793,-0.6990751771735046,-1.5719732148326244,-1.2118584192988318,-0.1229556782182992,0.3774546054493748,0.2851214799545941,66
-0.9542014954030068,0.6721633548361304,-0.4212831158662173,-0.1404990337643092,4.461270550819197,1.3159641670593372,0.3774546054493748,1.6301694083202758,70
-0.8676200392040571,0.3379940604916889,-1.1852112844612577,-1.5719732148326244,2.029929563625756,-0.1229556782182992,1.6586709298539055,1.6301694083202758,66
-0.6944571268061575,0.3379940604916889,-0.7685231925003265,-0.1404990337643092,-0.4014114235676847,1.3159641670593372,0.3774546054493748,0.2851214799545941,66
0.2579388913822905,1.5075865906972346,-0.7685231925003265,1.290975147304006,0.4090355721634622,1.3159641670593372,-0.9037617189551556,0.2851214799545941,71
1.5566607343665375,0.3379940604916889,-0.1434910545589299,-1.5719732148326244,-0.4014114235676847,-0.1229556782182992,0.3774546054493748,-1.0599264484110875,68
1.470079278167588,-0.6645138225416359,1.4538132979579723,-0.1404990337643092,2.029929563625756,-0.1229556782182992,-0.9037617189551556,-1.0599264484110875,69
-0.6944571268061575,1.173417296352793,-1.5324513610953667,1.290975147304006,1.2194825678946093,1.3159641670593372,-0.9037617189551556,0.2851214799545941,68
0.51768325997914,-0.6645138225416359,1.3149172673043286,-0.1404990337643092,0.4090355721634622,1.3159641670593372,-0.9037617189551556,-1.0599264484110875,69
-1.387108776397756,-1.3328524112305191,-0.560179146519861,-1.5719732148326244,1.2194825678946093,-0.1229556782182992,-0.9037617189551556,-1.0599264484110875,59
-1.387108776397756,-0.8315984697138568,1.176021236650685,-0.1404990337643092,1.2194825678946093,-0.1229556782182992,0.3774546054493748,-1.0599264484110875,63
-0.2615498458114084,1.173417296352793,0.7593331446897539,1.290975147304006,-0.4014114235676847,-1.5618755234959356,0.3774546054493748,1.6301694083202758,70
-0.0883869334135087,-0.4974291753694151,0.3426450527288229,-0.1404990337643092,-0.4014114235676847,-0.1229556782182992,0.3774546054493748,1.6301694083202758,67
-1.1273644078009066,-0.1632598810249735,-1.1157632691344357,-0.1404990337643092,1.2194825678946093,-0.1229556782182992,1.6586709298539055,-1.0599264484110875,65
-1.300527320198806,-1.1657677640582984,-0.0045950239052862,1.290975147304006,0.4090355721634622,-0.1229556782182992,-0.9037617189551556,0.2851214799545941,63
-1.5602716887956556,0.0038247661472472,1.176021236650685,-1.5719732148326244,0.4090355721634622,-1.5618755234959356,1.6586709298539055,0.2851214799545941,63
0.3445203475812403,-0.9986831168860776,-0.3518351005393955,-0.1404990337643092,-0.4014114235676847,-0.1229556782182992,0.3774546054493748,-1.0599264484110875,67
1.0371719971728388,1.841755885041676,-1.4630033457685447,-0.1404990337643092,-0.4014114235676847,-0.1229556782182992,0.3774546054493748,-1.0599264484110875,71
0.6908461723770396,1.006332649180572,-0.9074192231539702,1.290975147304006,-0.4014114235676847,-1.5618755234959356,-0.9037617189551556,1.6301694083202758,70
1.1237534533717888,-0.6645138225416359,0.1343010067483574,1.290975147304006,0.4090355721634622,-1.5618755234959356,-0.9037617189551556,-1.0599264484110875,67
0.6042647161780897,-0.4974291753694151,0.6204371140361102,-1.5719732148326244,-1.2118584192988318,1.3159641670593372,0.3774546054493748,0.2851214799545941,67
0.4311018037801901,-1.6670217055749608,1.176021236650685,1.290975147304006,-1.2118584192988318,-0.1229556782182992,-0.9037617189551556,-1.0599264484110875,65
-0.0018054772145589,1.5075865906972346,0.6898851293629321,-1.5719732148326244,-1.2118584192988318,-0.1229556782182992,-0.9037617189551556,1.6301694083202758,69
1.5566607343665375,-1.8341063527471813,-1.1852112844612577,1.290975147304006,0.4090355721634622,1.3159641670593372,0.3774546054493748,0.2851214799545941,69
0.51768325997914,-0.8315984697138568,0.1343010067483574,-0.1404990337643092,-1.2118584192988318,1.3159641670593372,1.6586709298539055,0.2851214799545941,69
1.2969163657696885,0.0038247661472472,1.7316053592652596,-1.5719732148326244,1.2194825678946093,-0.1229556782182992,-0.9037617189551556,-1.0599264484110875,69
-1.5602716887956556,-0.1632598810249735,-1.046315253807614,-1.5719732148326244,-0.4014114235676847,1.3159641670593372,0.3774546054493748,-1.0599264484110875,61
1.5566607343665375,1.6746712378694553,-1.6713473917490105,-0.1404990337643092,-1.2118584192988318,-1.5618755234959356,-0.9037617189551556,-1.0599264484110875,71
0.7774276285759895,-0.6645138225416359,1.4538132979579723,-0.1404990337643092,0.4090355721634622,1.3159641670593372,0.3774546054493748,0.2851214799545941,69
-1.387108776397756,-0.1632598810249735,0.8287811600165758,-0.1404990337643092,0.4090355721634622,-0.1229556782182992,-0.9037617189551556,0.2851214799545941,65
0.9505905409738892,-0.3303445281971943,-0.8379712078271483,-0.1404990337643092,-0.4014114235676847,-0.1229556782182992,0.3774546054493748,0.2851214799545941,68
-1.4736902325967058,-2.168275647091623,1.0371252059970413,1.290975147304006,-1.2118584192988318,1.3159641670593372,-0.9037617189551556,-1.0599264484110875,86
-0.434712758209308,0.3379940604916889,-0.9074192231539702,-1.5719732148326244,-1.2118584192988318,-1.5618755234959356,1.6586709298539055,1.6301694083202758,65
-0.7810385830051073,0.3379940604916889,-0.6990751771735046,-0.1404990337643092,-0.4014114235676847,-0.1229556782182992,0.3774546054493748,-1.0599264484110875,64
-0.0883869334135087,-0.1632598810249735,-1.1157632691344357,-0.1404990337643092,-0.4014114235676847,1.3159641670593372,0.3774546054493748,0.2851214799545941,65
-1.300527320198806,-0.1632598810249735,-0.4212831158662173,-1.5719732148326244,2.029929563625756,1.3159641670593372,0.3774546054493748,-1.0599264484110875,64
1.5566607343665375,0.3379940604916889,1.523261313284794,-0.1404990337643092,-0.4014114235676847,-0.1229556782182992,1.6586709298539055,1.6301694083202758,72
0.4311018037801901,0.8392480020083513,-0.4907311311930391,1.290975147304006,-0.4014114235676847,1.3159641670593372,1.6586709298539055,1.6301694083202758,71
0.6908461723770396,0.170909413319468,0.3426450527288229,-0.1404990337643092,-0.4014114235676847,-1.5618755234959356,1.6586709298539055,0.2851214799545941,67
0.7774276285759895,-0.9986831168860776,-1.1157632691344357,-0.1404990337643092,-0.4014114235676847,-0.1229556782182992,0.3774546054493748,-1.0599264484110875,67
1.1237534533717888,0.8392480020083513,-0.8379712078271483,1.290975147304006,0.4090355721634622,1.3159641670593372,1.6586709298539055,1.6301694083202758,75
-1.1273644078009066,-0.6645138225416359,0.3426450527288229,-0.1404990337643092,-0.4014114235676847,1.3159641670593372,-0.9037617189551556,-1.0599264484110875,64
0.3445203475812403,-0.1632598810249735,1.523261313284794,-0.1404990337643092,-0.4014114235676847,1.3159641670593372,-0.9037617189551556,1.6301694083202758,68
-0.6078756706072076,-0.4974291753694151,-0.9074192231539702,1.290975147304006,0.4090355721634622,-0.1229556782182992,0.3774546054493748,-1.0599264484110875,64
-0.6944571268061575,0.5050787076639097,0.6204371140361102,-0.1404990337643092,-1.2118584192988318,-1.5618755234959356,-0.9037617189551556,0.2851214799545941,66
0.1713574351833407,-1.4999370584027398,0.8982291753433976,-0.1404990337643092,-0.4014114235676847,-0.1229556782182992,1.6586709298539055,-1.0599264484110875,64
0.0847759789843908,1.173417296352793,0.2037490220751792,-0.1404990337643092,-1.2118584192988318,-0.1229556782182992,-0.9037617189551556,0.2851214799545941,68
-1.1273644078009066,-0.3303445281971943,0.8287811600165758,1.290975147304006,2.840376559356903,-1.5618755234959356,0.3774546054493748,-1.0599264484110875,66
-0.0883869334135087,0.8392480020083513,-1.6018993764221885,-0.1404990337643092,-0.4014114235676847,1.3159641670593372,1.6586709298539055,0.2851214799545941,68
0.3445203475812403,-0.9986831168860776,-1.6713473917490105,-0.1404990337643092,2.029929563625756,1.3159641670593372,-0.9037617189551556,1.6301694083202758,67
-0.434712758209308,0.170909413319468,0.2731970374020011,1.290975147304006,-1.2118584192988318,-1.5618755234959356,-0.9037617189551556,-1.0599264484110875,65
0.7774276285759895,0.5050787076639097,-1.1852112844612577,1.290975147304006,0.4090355721634622,1.3159641670593372,1.6586709298539055,0.2851214799545941,73
1.470079278167588,-0.3303445281971943,-0.3518351005393955,-0.1404990337643092,-1.2118584192988318,-1.5618755234959356,-0.9037617189551556,1.6301694083202758,66
1.3834978219686382,0.6721633548361304,0.1343010067483574,-0.1404990337643092,-1.2118584192988318,-0.1229556782182992,-0.9037617189551556,-1.0599264484110875,67
1.2103349095707383,0.5050787076639097,1.7316053592652596,1.290975147304006,0.4090355721634622,-0.1229556782182992,1.6586709298539055,0.2851214799545941,73
1.6432421905654877,-0.3303445281971943,-1.4630033457685447,1.290975147304006,-1.2118584192988318,-0.1229556782182992,1.6586709298539055,0.2851214799545941,70
1.6432421905654877,-1.3328524112305191,-0.6296271618466828,-0.1404990337643092,1.2194825678946093,-0.1229556782182992,1.6586709298539055,0.2851214799545941,67
0.3445203475812403,0.170909413319468,-1.6713473917490105,1.290975147304006,-1.2118584192988318,1.3159641670593372,-0.9037617189551556,0.2851214799545941,68
-0.3481313020103582,0.5050787076639097,1.2454692519775068,1.290975147304006,0.4090355721634622,-1.5618755234959356,0.3774546054493748,-1.0599264484110875,68
-0.9542014954030068,1.173417296352793,-1.6713473917490105,-0.1404990337643092,-0.4014114235676847,-0.1229556782182992,-0.9037617189551556,1.6301694083202758,65
0.3445203475812403,-0.3303445281971943,-1.7407954070758322,-1.5719732148326244,2.029929563625756,-0.1229556782182992,1.6586709298539055,1.6301694083202758,68
1.2103349095707383,-2.168275647091623,-1.2546592997880792,-1.5719732148326244,0.4090355721634622,-0.1229556782182992,1.6586709298539055,0.2851214799545941,66
0.0847759789843908,-0.9986831168860776,0.9676771906702194,-0.1404990337643092,3.65082355508805,-1.5618755234959356,0.3774546054493748,-1.0599264484110875,67
0.9505905409738892,0.6721633548361304,-0.6296271618466828,-1.5719732148326244,0.4090355721634622,-1.5618755234959356,-0.9037617189551556,-1.0599264484110875,69
1.6432421905654877,0.3379940604916889,-1.6713473917490105,1.290975147304006,0.4090355721634622,1.3159641670593372,-0.9037617189551556,1.6301694083202758,72
0.9505905409738892,1.841755885041676,0.4815410833824666,-0.1404990337643092,0.4090355721634622,-0.1229556782182992,-0.9037617189551556,0.2851214799545941,74
1.470079278167588,0.5050787076639097,-1.2546592997880792,1.290975147304006,0.4090355721634622,1.3159641670593372,1.6586709298539055,1.6301694083202758,72
0.2579388913822905,-0.3303445281971943,-0.7685231925003265,1.290975147304006,-0.4014114235676847,-0.1229556782182992,-0.9037617189551556,0.2851214799545941,66
0.1713574351833407,0.0038247661472472,1.3149172673043286,-0.1404990337643092,1.2194825678946093,-0.1229556782182992,-0.9037617189551556,-1.0599264484110875,68
-1.1273644078009066,0.6721633548361304,-1.5324513610953667,-0.1404990337643092,-1.2118584192988318,-1.5618755234959356,0.3774546054493748,0.2851214799545941,63
0.4311018037801901,0.0038247661472472,0.5509890987092884,-0.1404990337643092,1.2194825678946093,1.3159641670593372,0.3774546054493748,0.2851214799545941,70
-1.1273644078009066,-0.9986831168860776,-0.6296271618466828,-1.5719732148326244,-1.2118584192988318,-1.5618755234959356,-0.9037617189551556,-1.0599264484110875,57
-0.9542014954030068,0.5050787076639097,-1.1157632691344357,-0.1404990337643092,1.2194825678946093,-0.1229556782182992,1.6586709298539055,1.6301694083202758,67
-1.1273644078009066,0.3379940604916889,0.7593331446897539,-0.1404990337643092,-0.4014114235676847,-1.5618755234959356,-0.9037617189551556,-1.0599264484110875,63
-0.0883869334135087,-2.5024449414360648,0.9676771906702194,1.290975147304006,1.2194825678946093,1.3159641670593372,0.3774546054493748,0.2851214799545941,66
0.3445203475812403,0.3379940604916889,0.9676771906702194,-0.1404990337643092,0.4090355721634622,1.3159641670593372,-0.9037617189551556,0.2851214799545941,71
0.4311018037801901,-2.335360294263844,-0.3518351005393955,-0.1404990337643092,-1.2118584192988318,1.3159641670593372,1.6586709298539055,-1.0599264484110875,64
-0.6944571268061575,-1.3328524112305191,0.8982291753433976,-0.1404990337643092,0.4090355721634622,-0.1229556782182992,-0.9037617189551556,1.6301694083202758,65
1.6432421905654877,-0.6645138225416359,0.1343010067483574,1.290975147304006,-1.2118584192988318,-1.5618755234959356,-0.9037617189551556,-1.0599264484110875,68
-1.387108776397756,-0.3303445281971943,0.3426450527288229,-0.1404990337643092,-0.4014114235676847,-0.1229556782182992,-0.9037617189551556,0.2851214799545941,63
-0.434712758209308,1.841755885041676,1.0371252059970413,-0.1404990337643092,0.4090355721634622,-0.1229556782182992,-0.9037617189551556,0.2851214799545941,68
1.7298236467644377,0.170909413319468,1.3149172673043286,1.290975147304006,-0.4014114235676847,-1.5618755234959356,0.3774546054493748,1.6301694083202758,72
-1.6468531449946056,-0.4974291753694151,-0.4212831158662173,-0.1404990337643092,-0.4014114235676847,1.3159641670593372,-0.9037617189551556,0.2851214799545941,64
-0.6944571268061575,-0.4974291753694151,-0.976867238480792,1.290975147304006,-0.4014114235676847,1.3159641670593372,-0.9037617189551556,0.2851214799545941,65
0.0847759789843908,0.0038247661472472,-1.6713473917490105,-0.1404990337643092,1.2194825678946093,1.3159641670593372,-0.9037617189551556,0.2851214799545941,67
1.2103349095707383,0.8392480020083513,1.4538132979579723,1.290975147304006,3.65082355508805,1.3159641670593372,-0.9037617189551556,0.2851214799545941,74
-1.1273644078009066,1.173417296352793,1.0371252059970413,-0.1404990337643092,0.4090355721634622,-1.5618755234959356,-0.9037617189551556,1.6301694083202758,67
-0.6944571268061575,0.8392480020083513,-1.6018993764221885,-0.1404990337643092,-1.2118584192988318,-0.1229556782182992,1.6586709298539055,0.2851214799545941,66
-1.6468531449946056,-0.9986831168860776,1.2454692519775068,-0.1404990337643092,1.2194825678946093,-0.1229556782182992,-0.9037617189551556,0.2851214799545941,62
-0.3481313020103582,0.5050787076639097,0.2037490220751792,-0.1404990337643092,0.4090355721634622,-1.5618755234959356,-0.9037617189551556,1.6301694083202758,66
-1.4736902325967058,-0.3303445281971943,1.3149172673043286,-1.5719732148326244,0.4090355721634622,1.3159641670593372,-0.9037617189551556,0.2851214799545941,63
-0.3481313020103582,1.006332649180572,-1.2546592997880792,-0.1404990337643092,-0.4014114235676847,-0.1229556782182992,-0.9037617189551556,0.2851214799545941,68
1.6432421905654877,0.5050787076639097,1.3843652826311503,-0.1404990337643092,2.840376559356903,-0.1229556782182992,-0.9037617189551556,0.2851214799545941,74
-0.0883869334135087,-0.3303445281971943,0.2731970374020011,-0.1404990337643092,-1.2118584192988318,-0.1229556782182992,0.3774546054493748,-1.0599264484110875,65
0.4311018037801901,0.6721633548361304,0.9676771906702194,1.290975147304006,-0.4014114235676847,1.3159641670593372,-0.9037617189551556,-1.0599264484110875,70
0.1713574351833407,-1.6670217055749608,-0.3518351005393955,-1.5719732148326244,1.2194825678946093,-0.1229556782182992,1.6586709298539055,-1.0599264484110875,64
-1.387108776397756,0.3379940604916889,0.1343010067483574,-0.1404990337643092,2.840376559356903,-0.1229556782182992,-0.9037617189551556,0.2851214799545941,66
0.2579388913822905,-0.4974291753694151,1.4538132979579723,-0.1404990337643092,-0.4014114235676847,-0.1229556782182992,0.3774546054493748,-1.0599264484110875,67
0.9505905409738892,0.170909413319468,-0.6296271618466828,-0.1404990337643092,-1.2118584192988318,-0.1229556782182992,0.3774546054493748,0.2851214799545941,68
-0.3481313020103582,1.3405019435250136,-0.560179146519861,-1.5719732148326244,-0.4014114235676847,-1.5618755234959356,0.3774546054493748,1.6301694083202758,66
1.0371719971728388,0.5050787076639097,-0.2129390698857517,1.290975147304006,-1.2118584192988318,-0.1229556782182992,0.3774546054493748,-1.0599264484110875,69
-0.434712758209308,-0.3303445281971943,0.3426450527288229,-0.1404990337643092,0.4090355721634622,1.3159641670593372,-0.9037617189551556,-1.0599264484110875,67
-0.8676200392040571,-0.1632598810249735,-0.560179146519861,-0.1404990337643092,2.840376559356903,-0.1229556782182992,1.6586709298539055,0.2851214799545941,67
0.6908461723770396,0.0038247661472472,-1.4630033457685447,-0.1404990337643092,-1.2118584192988318,-0.1229556782182992,-0.9037617189551556,1.6301694083202758,66
1.5566607343665375,-1.4999370584027398,0.4815410833824666,1.290975147304006,-0.4014114235676847,1.3159641670593372,1.6586709298539055,0.2851214799545941,71
1.2103349095707383,-1.3328524112305191,0.2037490220751792,-0.1404990337643092,-0.4014114235676847,-0.1229556782182992,-0.9037617189551556,0.2851214799545941,68
0.6908461723770396,0.8392480020083513,-1.1852112844612577,1.290975147304006,-1.2118584192988318,1.3159641670593372,1.6586709298539055,-1.0599264484110875,70
-0.0018054772145589,-0.8315984697138568,1.106573221323863,-0.1404990337643092,1.2194825678946093,-0.1229556782182992,0.3774546054493748,-1.0599264484110875,67
-0.3481313020103582,-0.8315984697138568,0.4815410833824666,1.290975147304006,2.029929563625756,1.3159641670593372,-0.9037617189551556,-1.0599264484110875,69
-0.2615498458114084,0.6721633548361304,-1.2546592997880792,-0.1404990337643092,1.2194825678946093,1.3159641670593372,0.3774546054493748,0.2851214799545941,84
-0.434712758209308,0.3379940604916889,0.6204371140361102,-0.1404990337643092,1.2194825678946093,1.3159641670593372,0.3774546054493748,1.6301694083202758,69
-0.0883869334135087,-0.1632598810249735,-0.8379712078271483,1.290975147304006,2.029929563625756,-0.1229556782182992,-0.9037617189551556,-1.0599264484110875,68
0.9505905409738892,1.841755885041676,1.3149172673043286,1.290975147304006,0.4090355721634622,-0.1229556782182992,-0.9037617189551556,1.6301694083202758,75
-0.3481313020103582,-2.669529588608285,1.0371252059970413,-0.1404990337643092,0.4090355721634622,-0.1229556782182992,-0.9037617189551556,1.6301694083202758,63
-0.3481313020103582,-1.6670217055749608,0.3426450527288229,-0.1404990337643092,-0.4014114235676847,-0.1229556782182992,1.6586709298539055,-1.0599264484110875,65
-1.1273644078009066,0.6721633548361304,0.8287811600165758,1.290975147304006,-1.2118584192988318,-0.1229556782182992,0.3774546054493748,0.2851214799545941,67
-1.387108776397756,-1.1657677640582984,0.8982291753433976,-1.5719732148326244,-0.4014114235676847,-1.5618755234959356,0.3774546054493748,0.2851214799545941,59
0.8640090847749392,0.5050787076639097,-1.6713473917490105,-0.1404990337643092,-1.2118584192988318,1.3159641670593372,-0.9037617189551556,-1.0599264484110875,68
-1.300527320198806,0.0038247661472472,-0.0740430392321081,-1.5719732148326244,-1.2118584192988318,-0.1229556782182992,0.3774546054493748,0.2851214799545941,62
-1.1273644078009066,-0.4974291753694151,-0.2823870852125736,-0.1404990337643092,1.2194825678946093,-0.1229556782182992,-0.9037617189551556,0.2851214799545941,63
-0.9542014954030068,1.3405019435250136,0.1343010067483574,-0.1404990337643092,1.2194825678946093,-1.5618755234959356,0.3774546054493748,0.2851214799545941,67
0.6042647161780897,0.5050787076639097,1.5927093286116158,-0.1404990337643092,1.2194825678946093,-0.1229556782182992,0.3774546054493748,0.2851214799545941,72
-0.6944571268061575,0.3379940604916889,0.2037490220751792,-0.1404990337643092,-0.4014114235676847,-0.1229556782182992,-0.9037617189551556,-1.0599264484110875,66
-1.387108776397756,-0.8315984697138568,-0.560179146519861,-0.1404990337643092,0.4090355721634622,1.3159641670593372,-0.9037617189551556,-1.0599264484110875,64
0.9505905409738892,0.3379940604916889,0.0648529914215355,-1.5719732148326244,-0.4014114235676847,-0.1229556782182992,0.3774546054493748,-1.0599264484110875,69
-1.4736902325967058,0.0038247661472472,-0.0045950239052862,-0.1404990337643092,0.4090355721634622,-1.5618755234959356,-0.9037617189551556,0.2851214799545941,63
1.0371719971728388,-1.6670217055749608,-1.6713473917490105,1.290975147304006,-0.4014114235676847,-1.5618755234959356,-0.9037617189551556,0.2851214799545941,65
-0.1749683896124585,0.5050787076639097,0.5509890987092884,-0.1404990337643092,-0.4014114235676847,-0.1229556782182992,-0.9037617189551556,0.2851214799545941,68
0.8640090847749392,-1.4999370584027398,-1.1157632691344357,-1.5719732148326244,-0.4014114235676847,-1.5618755234959356,-0.9037617189551556,-1.0599264484110875,64
-0.0883869334135087,-0.6645138225416359,-0.6296271618466828,1.290975147304006,0.4090355721634622,-0.1229556782182992,0.3774546054493748,0.2851214799545941,67
0.3445203475812403,0.170909413319468,1.5927093286116158,-0.1404990337643092,-1.2118584192988318,-0.1229556782182992,0.3774546054493748,0.2851214799545941,70
-0.1749683896124585,0.0038247661472472,0.1343010067483574,-0.1404990337643092,1.2194825678946093,-0.1229556782182992,-0.9037617189551556,0.2851214799545941,67
-0.0018054772145589,-0.8315984697138568,0.3426450527288229,-0.1404990337643092,-1.2118584192988318,1.3159641670593372,-0.9037617189551556,-1.0599264484110875,65
-1.300527320198806,0.3379940604916889,0.6898851293629321,1.290975147304006,0.4090355721634622,-1.5618755234959356,1.6586709298539055,1.6301694083202758,66
-1.4736902325967058,2.5100944737305597,1.0371252059970413,1.290975147304006,-1.2118584192988318,1.3159641670593372,0.3774546054493748,0.2851214799545941,71
-1.5602716887956556,1.173417296352793,-1.5324513610953667,-0.1404990337643092,-0.4014114235676847,1.3159641670593372,-0.9037617189551556,0.2851214799545941,64
0.8640090847749392,-0.6645138225416359,-1.1852112844612577,1.290975147304006,-0.4014114235676847,1.3159641670593372,1.6586709298539055,-1.0599264484110875,70
-0.8676200392040571,0.170909413319468,-0.0740430392321081,-0.1404990337643092,0.4090355721634622,-0.1229556782182992,1.6586709298539055,0.2851214799545941,65
0.9505905409738892,0.8392480020083513,-0.2129390698857517,-0.1404990337643092,-0.4014114235676847,-1.5618755234959356,0.3774546054493748,0.2851214799545941,69
-0.3481313020103582,1.006332649180572,-1.6018993764221885,1.290975147304006,2.029929563625756,-0.1229556782182992,-0.9037617189551556,1.6301694083202758,69
-1.6468531449946056,-0.6645138225416359,-1.4630033457685447,1.290975147304006,-1.2118584192988318,-0.1229556782182992,0.3774546054493748,-1.0599264484110875,62
0.0847759789843908,-0.4974291753694151,-0.4907311311930391,-1.5719732148326244,-0.4014114235676847,1.3159641670593372,0.3774546054493748,-1.0599264484110875,66
1.470079278167588,0.5050787076639097,0.4120930680556447,1.290975147304006,0.4090355721634622,-1.5618755234959356,-0.9037617189551556,0.2851214799545941,72
-1.1273644078009066,-0.8315984697138568,0.3426450527288229,-0.1404990337643092,1.2194825678946093,1.3159641670593372,0.3774546054493748,0.2851214799545941,67
-1.300527320198806,-1.3328524112305191,-1.2546592997880792,-0.1404990337643092,-0.4014114235676847,-0.1229556782182992,-0.9037617189551556,1.6301694083202758,61
-1.2139458639998564,-0.6645138225416359,1.2454692519775068,-0.1404990337643092,4.461270550819197,-1.5618755234959356,-0.9037617189551556,-1.0599264484110875,63
-1.5602716887956556,1.3405019435250136,1.4538132979579723,1.290975147304006,2.029929563625756,-0.1229556782182992,-0.9037617189551556,0.2851214799545941,70
-1.6468531449946056,0.3379940604916889,0.1343010067483574,-0.1404990337643092,-0.4014114235676847,1.3159641670593372,1.6586709298539055,0.2851214799545941,65
0.6908461723770396,0.0038247661472472,-0.4907311311930391,-0.1404990337643092,-1.2118584192988318,-0.1229556782182992,0.3774546054493748,-1.0599264484110875,69
0.1713574351833407,0.6721633548361304,-1.3241073151149012,-0.1404990337643092,-0.4014114235676847,-1.5618755234959356,1.6586709298539055,0.2851214799545941,67
0.4311018037801901,-0.3303445281971943,0.7593331446897539,1.290975147304006,-0.4014114235676847,-0.1229556782182992,-0.9037617189551556,0.2851214799545941,68
1.3834978219686382,-1.1657677640582984,-0.3518351005393955,-0.1404990337643092,-0.4014114235676847,-0.1229556782182992,0.3774546054493748,-1.0599264484110875,68
0.9505905409738892,0.6721633548361304,-1.6018993764221885,-0.1404990337643092,-0.4014114235676847,-1.5618755234959356,-0.9037617189551556,-1.0599264484110875,68
-0.3481313020103582,1.006332649180572,0.1343010067483574,-0.1404990337643092,-0.4014114235676847,-1.5618755234959356,-0.9037617189551556,0.2851214799545941,68
1.3834978219686382,1.3405019435250136,-0.8379712078271483,1.290975147304006,-0.4014114235676847,-1.5618755234959356,-0.9037617189551556,1.6301694083202758,71
-1.6468531449946056,0.8392480020083513,-0.6990751771735046,1.290975147304006,1.2194825678946093,-0.1229556782182992,0.3774546054493748,-1.0599264484110875,65
0.7774276285759895,-1.8341063527471813,1.4538132979579723,-0.1404990337643092,-1.2118584192988318,-0.1229556782182992,-0.9037617189551556,1.6301694083202758,66
-0.6078756706072076,-2.168275647091623,-0.0045950239052862,-0.1404990337643092,1.2194825678946093,1.3159641670593372,0.3774546054493748,-1.0599264484110875,64
-0.2615498458114084,0.8392480020083513,-1.3241073151149012,1.290975147304006,-0.4014114235676847,-0.1229556782182992,1.6586709298539055,-1.0599264484110875,69
-0.1749683896124585,1.006332649180572,-0.560179146519861,1.290975147304006,-0.4014114235676847,1.3159641670593372,-0.9037617189551556,1.6301694083202758,69
-1.2139458639998564,0.5050787076639097,-1.5324513610953667,-1.5719732148326244,0.4090355721634622,1.3159641670593372,0.3774546054493748,0.2851214799545941,63
-1.2139458639998564,-0.3303445281971943,1.0371252059970413,-0.1404990337643092,-1.2118584192988318,-0.1229556782182992,1.6586709298539055,0.2851214799545941,64
1.1237534533717888,0.170909413319468,-1.3241073151149012,-0.1404990337643092,-0.4014114235676847,-0.1229556782182992,-0.9037617189551556,-1.0599264484110875,68
0.9505905409738892,-1.8341063527471813,-0.6990751771735046,-0.1404990337643092,-1.2118584192988318,-0.1229556782182992,-0.9037617189551556,0.2851214799545941,65
-1.0407829516019569,0.0038247661472472,0.6898851293629321,-0.1404990337643092,-0.4014114235676847,1.3159641670593372,0.3774546054493748,0.2851214799545941,65
-1.1273644078009066,0.0038247661472472,1.5927093286116158,-1.5719732148326244,-0.4014114235676847,-1.5618755234959356,0.3774546054493748,0.2851214799545941,64
1.3834978219686382,-0.1632598810249735,-0.560179146519861,1.290975147304006,2.029929563625756,-0.1229556782182992,-0.9037617189551556,1.6301694083202758,72
1.2103349095707383,0.170909413319468,-0.2823870852125736,-0.1404990337643092,-0.4014114235676847,-0.1229556782182992,1.6586709298539055,-1.0599264484110875,69
-0.8676200392040571,0.6721633548361304,-0.9074192231539702,1.290975147304006,0.4090355721634622,-0.1229556782182992,0.3774546054493748,-1.0599264484110875,65
-0.1749683896124585,-0.9986831168860776,0.3426450527288229,1.290975147304006,-0.4014114235676847,1.3159641670593372,-0.9037617189551556,0.2851214799545941,66
1.2969163657696885,-1.4999370584027398,1.3843652826311503,-0.1404990337643092,-0.4014114235676847,-0.1229556782182992,1.6586709298539055,-1.0599264484110875,69
-1.0407829516019569,-0.4974291753694151,1.6621573439384378,-0.1404990337643092,-0.4014114235676847,-0.1229556782182992,1.6586709298539055,0.2851214799545941,65
-1.1273644078009066,0.8392480020083513,0.4815410833824666,1.290975147304006,-0.4014114235676847,-0.1229556782182992,1.6586709298539055,0.2851214799545941,67
1.2103349095707383,-0.4974291753694151,-1.2546592997880792,1.290975147304006,2.029929563625756,1.3159641670593372,-0.9037617189551556,0.2851214799545941,72
0.6042647161780897,-1.1657677640582984,1.4538132979579723,-0.1404990337643092,1.2194825678946093,1.3159641670593372,0.3774546054493748,-1.0599264484110875,67
-0.6944571268061575,-0.6645138225416359,-0.6296271618466828,-0.1404990337643092,-1.2118584192988318,-0.1229556782182992,0.3774546054493748,-1.0599264484110875,63
0.1713574351833407,-0.6645138225416359,0.5509890987092884,-0.1404990337643092,-1.2118584192988318,-1.5618755234959356,-0.9037617189551556,0.2851214799545941,64
-0.8676200392040571,-0.3303445281971943,0.4120930680556447,-0.1404990337643092,0.4090355721634622,1.3159641670593372,-0.9037617189551556,-1.0599264484110875,63
-1.2139458639998564,0.6721633548361304,-0.7685231925003265,-0.1404990337643092,-1.2118584192988318,-0.1229556782182992,-0.9037617189551556,0.2851214799545941,64
1.0371719971728388,1.173417296352793,0.7593331446897539,-0.1404990337643092,-1.2118584192988318,-0.1229556782182992,-0.9037617189551556,-1.0599264484110875,71
1.3834978219686382,0.0038247661472472,-0.6990751771735046,-0.1404990337643092,-1.2118584192988318,1.3159641670593372,-0.9037617189551556,0.2851214799545941,70
1.7298236467644377,0.5050787076639097,-1.1157632691344357,-1.5719732148326244,0.4090355721634622,1.3159641670593372,-0.9037617189551556,0.2851214799545941,72
-1.5602716887956556,-0.6645138225416359,0.2731970374020011,-0.1404990337643092,0.4090355721634622,-0.1229556782182992,-0.9037617189551556,0.2851214799545941,63
0.0847759789843908,1.006332649180572,0.8287811600165758,1.290975147304006,0.4090355721634622,-0.1229556782182992,1.6586709298539055,1.6301694083202758,73
0.7774276285759895,-0.9986831168860776,-1.1157632691344357,1.290975147304006,0.4090355721634622,-1.5618755234959356,1.6586709298539055,-1.0599264484110875,66
-1.0407829516019569,1.841755885041676,-0.6296271618466828,1.290975147304006,-1.2118584192988318,-1.5618755234959356,-0.9037617189551556,-1.0599264484110875,66
0.1713574351833407,1.6746712378694553,0.7593331446897539,-0.1404990337643092,0.4090355721634622,-1.5618755234959356,-0.9037617189551556,-1.0599264484110875,70
-0.0883869334135087,0.3379940604916889,1.5927093286116158,-0.1404990337643092,-1.2118584192988318,-0.1229556782182992,-0.9037617189551556,1.6301694083202758,69
-0.0883869334135087,1.6746712378694553,0.1343010067483574,1.290975147304006,-0.4014114235676847,1.3159641670593372,-0.9037617189551556,-1.0599264484110875,72
1.6432421905654877,0.0038247661472472,-0.7685231925003265,-1.5719732148326244,-1.2118584192988318,-0.1229556782182992,-0.9037617189551556,0.2851214799545941,70
-0.6944571268061575,1.006332649180572,-0.2129390698857517,-1.5719732148326244,0.4090355721634622,-0.1229556782182992,-0.9037617189551556,0.2851214799545941,65
0.7774276285759895,0.8392480020083513,-1.1157632691344357,1.290975147304006,-0.4014114235676847,-0.1229556782182992,-0.9037617189551556,-1.0599264484110875,68
-0.2615498458114084,-0.1632598810249735,-1.4630033457685447,-1.5719732148326244,0.4090355721634622,-0.1229556782182992,-0.9037617189551556,-1.0599264484110875,64
0.1713574351833407,-0.8315984697138568,-0.0045950239052862,-0.1404990337643092,-0.4014114235676847,-0.1229556782182992,0.3774546054493748,1.6301694083202758,66
-1.0407829516019569,0.6721633548361304,0.6204371140361102,-1.5719732148326244,-0.4014114235676847,1.3159641670593372,-0.9037617189551556,-1.0599264484110875,66
-1.387108776397756,0.3379940604916889,0.1343010067483574,-0.1404990337643092,-0.4014114235676847,1.3159641670593372,0.3774546054493748,1.6301694083202758,65
-0.6944571268061575,-1.3328524112305191,0.2731970374020011,-0.1404990337643092,-0.4014114235676847,-0.1229556782182992,0.3774546054493748,1.6301694083202758,64
0.6042647161780897,-0.4974291753694151,1.6621573439384378,-0.1404990337643092,-0.4014114235676847,-0.1229556782182992,-0.9037617189551556,0.2851214799545941,67
0.6908461723770396,0.6721633548361304,-1.1852112844612577,-0.1404990337643092,-0.4014114235676847,-1.5618755234959356,-0.9037617189551556,-1.0599264484110875,67
1.7298236467644377,-1.4999370584027398,0.1343010067483574,1.290975147304006,0.4090355721634622,-1.5618755234959356,1.6586709298539055,0.2851214799545941,70
0.51768325997914,-0.3303445281971943,-1.5324513610953667,-0.1404990337643092,2.840376559356903,1.3159641670593372,-0.9037617189551556,-1.0599264484110875,68
1.1237534533717888,0.0038247661472472,1.523261313284794,1.290975147304006,-0.4014114235676847,-0.1229556782182992,1.6586709298539055,-1.0599264484110875,71
-1.300527320198806,-0.4974291753694151,-0.976867238480792,-0.1404990337643092,2.840376559356903,-0.1229556782182992,-0.9037617189551556,-1.0599264484110875,64
-0.2615498458114084,0.0038247661472472,-1.393555330441723,1.290975147304006,-0.4014114235676847,1.3159641670593372,0.3774546054493748,1.6301694083202758,67
0.9505905409738892,1.5075865906972346,0.8287811600165758,1.290975147304006,0.4090355721634622,-0.1229556782182992,0.3774546054493748,0.2851214799545941,74
1.2103349095707383,1.3405019435250136,-0.7685231925003265,-0.1404990337643092,-1.2118584192988318,-1.5618755234959356,-0.9037617189551556,0.2851214799545941,70
0.51768325997914,-0.4974291753694151,-1.6713473917490105,-0.1404990337643092,0.4090355721634622,-0.1229556782182992,1.6586709298539055,-1.0599264484110875,66
-1.2139458639998564,-0.6645138225416359,0.6204371140361102,-1.5719732148326244,1.2194825678946093,-0.1229556782182992,-0.9037617189551556,-1.0599264484110875,63
-1.4736902325967058,0.5050787076639097,0.2731970374020011,-0.1404990337643092,-1.2118584192988318,-0.1229556782182992,-0.9037617189551556,-1.0599264484110875,63
1.0371719971728388,-1.6670217055749608,-1.046315253807614,-0.1404990337643092,1.2194825678946093,-0.1229556782182992,0.3774546054493748,-1.0599264484110875,66
-0.9542014954030068,-0.9986831168860776,-0.9074192231539702,1.290975147304006,-0.4014114235676847,-1.5618755234959356,-0.9037617189551556,0.2851214799545941,63
1.6432421905654877,-0.3303445281971943,-1.6713473917490105,1.290975147304006,-0.4014114235676847,-0.1229556782182992,1.6586709298539055,0.2851214799545941,71
0.9505905409738892,0.8392480020083513,-0.1434910545589299,1.290975147304006,0.4090355721634622,-0.1229556782182992,-0.9037617189551556,-1.0599264484110875,72
-0.3481313020103582,-0.6645138225416359,1.0371252059970413,-0.1404990337643092,-1.2118584192988318,-0.1229556782182992,1.6586709298539055,-1.0599264484110875,65
-0.8676200392040571,-0.6645138225416359,0.2731970374020011,-0.1404990337643092,-1.2118584192988318,-1.5618755234959356,0.3774546054493748,1.6301694083202758,64
-0.8676200392040571,0.3379940604916889,-1.5324513610953667,-0.1404990337643092,-0.4014114235676847,-1.5618755234959356,-0.9037617189551556,-1.0599264484110875,83
-1.4736902325967058,0.170909413319468,-0.7685231925003265,-0.1404990337643092,-0.4014114235676847,-0.1229556782182992,-0.9037617189551556,1.6301694083202758,63
-0.6944571268061575,0.170909413319468,0.2037490220751792,1.290975147304006,-1.2118584192988318,-0.1229556782182992,-0.9037617189551556,1.6301694083202758,63
-1.387108776397756,0.5050787076639097,1.3843652826311503,-1.5719732148326244,-0.4014114235676847,-0.1229556782182992,0.3774546054493748,-1.0599264484110875,63
-0.0018054772145589,-0.3303445281971943,-1.2546592997880792,1.290975147304006,0.4090355721634622,-0.1229556782182992,1.6586709298539055,-1.0599264484110875,66
-1.300527320198806,-1.4999370584027398,-0.9074192231539702,-1.5719732148326244,0.4090355721634622,-0.1229556782182992,0.3774546054493748,0.2851214799545941,60
0.3445203475812403,-2.168275647091623,-0.560179146519861,1.290975147304006,-0.4014114235676847,-0.1229556782182992,0.3774546054493748,0.2851214799545941,64
1.6432421905654877,-0.1632598810249735,0.8982291753433976,1.290975147304006,-0.4014114235676847,-0.1229556782182992,-0.9037617189551556,-1.0599264484110875,71
-1.1273644078009066,-0.8315984697138568,0.5509890987092884,-0.1404990337643092,1.2194825678946093,-1.5618755234959356,-0.9037617189551556,0.2851214799545941,62
0.8640090847749392,0.8392480020083513,-0.7685231925003265,-0.1404990337643092,0.4090355721634622,-0.1229556782182992,-0.9037617189551556,0.2851214799545941,71
0.9505905409738892,-0.1632598810249735,-1.2546592997880792,1.290975147304006,1.2194825678946093,-0.1229556782182992,-0.9037617189551556,1.6301694083202758,69
1.0371719971728388,0.0038247661472472,-1.5324513610953667,-1.5719732148326244,0.4090355721634622,-0.1229556782182992,0.3774546054493748,0.2851214799545941,68
-1.5602716887956556,-0.9986831168860776,1.7316053592652596,-0.1404990337643092,-0.4014114235676847,1.3159641670593372,-0.9037617189551556,-1.0599264484110875,62
1.6432421905654877,0.6721633548361304,-0.4212831158662173,-0.1404990337643092,-1.2118584192988318,1.3159641670593372,-0.9037617189551556,0.2851214799545941,73
0.8640090847749392,0.170909413319468,-0.9074192231539702,-0.1404990337643092,0.4090355721634622,-1.5618755234959356,-0.9037617189551556,0.2851214799545941,67
0.6908461723770396,-0.4974291753694151,-0.0045950239052862,-0.1404990337643092,0.4090355721634622,-0.1229556782182992,-0.9037617189551556,0.2851214799545941,68
-1.6468531449946056,0.0038247661472472,0.4120930680556447,-0.1404990337643092,-0.4014114235676847,-0.1229556782182992,-0.9037617189551556,0.2851214799545941,62
-0.0883869334135087,0.170909413319468,0.4120930680556447,-1.5719732148326244,0.4090355721634622,-0.1229556782182992,-0.9037617189551556,0.2851214799545941,67
-0.2615498458114084,0.6721633548361304,1.176021236650685,-0.1404990337643092,-1.2118584192988318,-1.5618755234959356,-0.9037617189551556,1.6301694083202758,67
0.9505905409738892,0.6721633548361304,-0.1434910545589299,-0.1404990337643092,0.4090355721634622,-1.5618755234959356,1.6586709298539055,-1.0599264484110875,70
1.5566607343665375,0.3379940604916889,-0.4212831158662173,1.290975147304006,-0.4014114235676847,-0.1229556782182992,-0.9037617189551556,-1.0599264484110875,69
1.2103349095707383,0.5050787076639097,-1.393555330441723,-0.1404990337643092,0.4090355721634622,1.3159641670593372,-0.9037617189551556,0.2851214799545941,70
1.5566607343665375,0.8392480020083513,1.106573221323863,-1.5719732148326244,0.4090355721634622,-1.5618755234959356,1.6586709298539055,-1.0599264484110875,72
-0.6078756706072076,-0.4974291753694151,0.6898851293629321,-0.1404990337643092,1.2194825678946093,-1.5618755234959356,0.3774546054493748,0.2851214799545941,66
1.5566607343665375,-0.9986831168860776,0.4815410833824666,-0.1404990337643092,-0.4014114235676847,-0.1229556782182992,-0.9037617189551556,-1.0599264484110875,69
-1.7334346011935553,-1.1657677640582984,-0.7685231925003265,-1.5719732148326244,-0.4014114235676847,1.3159641670593372,0.3774546054493748,0.2851214799545941,59
-0.434712758209308,0.170909413319468,0.5509890987092884,1.290975147304006,-0.4014114235676847,1.3159641670593372,0.3774546054493748,0.2851214799545941,68
0.6042647161780897,-1.6670217055749608,0.5509890987092884,-1.5719732148326244,-1.2118584192988318,-0.1229556782182992,-0.9037617189551556,-1.0599264484110875,63
0.1713574351833407,-0.6645138225416359,-0.0045950239052862,-1.5719732148326244,0.4090355721634622,-0.1229556782182992,0.3774546054493748,0.2851214799545941,66
1.7298236467644377,-2.001190999919402,1.176021236650685,-0.1404990337643092,-0.4014114235676847,1.3159641670593372,1.6586709298539055,0.2851214799545941,70
-0.7810385830051073,-0.9986831168860776,0.6898851293629321,-0.1404990337643092,0.4090355721634622,-0.1229556782182992,-0.9037617189551556,0.2851214799545941,64
-1.0407829516019569,-0.3303445281971943,0.6898851293629321,1.290975147304006,1.2194825678946093,-0.1229556782182992,-0.9037617189551556,-1.0599264484110875,66
0.0847759789843908,-0.9986831168860776,-0.2823870852125736,-0.1404990337643092,-0.4014114235676847,-1.5618755234959356,1.6586709298539055,-1.0599264484110875,63
-0.5212942144082578,0.170909413319468,-0.3518351005393955,-1.5719732148326244,0.4090355721634622,-1.5618755234959356,-0.9037617189551556,-1.0599264484110875,64
-1.1273644078009066,1.006332649180572,1.3149172673043286,1.290975147304006,-1.2118584192988318,-0.1229556782182992,0.3774546054493748,0.2851214799545941,68
0.51768325997914,-0.4974291753694151,1.3149172673043286,1.290975147304006,0.4090355721634622,1.3159641670593372,-0.9037617189551556,0.2851214799545941,70
-0.6078756706072076,0.6721633548361304,-0.7685231925003265,1.290975147304006,2.029929563625756,-0.1229556782182992,0.3774546054493748,1.6301694083202758,68
1.470079278167588,-0.4974291753694151,0.9676771906702194,-1.5719732148326244,-0.4014114235676847,1.3159641670593372,0.3774546054493748,-1.0599264484110875,70
1.3834978219686382,-0.6645138225416359,-1.7407954070758322,-0.1404990337643092,-0.4014114235676847,-0.1229556782182992,0.3774546054493748,0.2851214799545941,69
1.3834978219686382,1.5075865906972346,0.9676771906702194,-1.5719732148326244,0.4090355721634622,-1.5618755234959356,-0.9037617189551556,-1.0599264484110875,70
1.7298236467644377,-0.3303445281971943,0.7593331446897539,-0.1404990337643092,-0.4014114235676847,1.3159641670593372,-0.9037617189551556,0.2851214799545941,72
-0.5212942144082578,-0.8315984697138568,0.2731970374020011,-0.1404990337643092,-1.2118584192988318,1.3159641670593372,0.3774546054493748,1.6301694083202758,65
-0.6078756706072076,-0.8315984697138568,-0.976867238480792,1.290975147304006,-0.4014114235676847,-0.1229556782182992,1.6586709298539055,-1.0599264484110875,63
-0.1749683896124585,-0.6645138225416359,0.5509890987092884,1.290975147304006,-1.2118584192988318,-0.1229556782182992,0.3774546054493748,-1.0599264484110875,64
1.3834978219686382,0.5050787076639097,1.2454692519775068,1.290975147304006,2.840376559356903,-1.5618755234959356,-0.9037617189551556,-1.0599264484110875,72
-1.0407829516019569,0.5050787076639097,-1.393555330441723,-0.1404990337643092,-1.2118584192988318,-0.1229556782182992,0.3774546054493748,-1.0599264484110875,64
1.3834978219686382,-0.1632598810249735,-0.3518351005393955,-1.5719732148326244,-1.2118584192988318,-1.5618755234959356,-0.9037617189551556,-1.0599264484110875,66
1.5566607343665375,0.3379940604916889,-0.7685231925003265,-0.1404990337643092,-1.2118584192988318,1.3159641670593372,-0.9037617189551556,0.2851214799545941,71
1.2103349095707383,0.170909413319468,-0.6990751771735046,-0.1404990337643092,2.840376559356903,-0.1229556782182992,-0.9037617189551556,1.6301694083202758,71
1.1237534533717888,-0.3303445281971943,-0.0045950239052862,1.290975147304006,-0.4014114235676847,-1.5618755234959356,0.3774546054493748,1.6301694083202758,69
-1.5602716887956556,-0.1632598810249735,1.0371252059970413,-0.1404990337643092,0.4090355721634622,-0.1229556782182992,0.3774546054493748,-1.0599264484110875,64
-1.300527320198806,-0.6645138225416359,0.1343010067483574,-0.1404990337643092,-0.4014114235676847,-0.1229556782182992,-0.9037617189551556,1.6301694083202758,63
-0.7810385830051073,-0.3303445281971943,0.4120930680556447,1.290975147304006,-1.2118584192988318,-0.1229556782182992,0.3774546054493748,0.2851214799545941,65
0.8640090847749392,0.8392480020083513,0.5509890987092884,1.290975147304006,0.4090355721634622,1.3159641670593372,0.3774546054493748,0.2851214799545941,73
0.0847759789843908,1.6746712378694553,-0.2129390698857517,1.290975147304006,-1.2118584192988318,-0.1229556782182992,-0.9037617189551556,-1.0599264484110875,68
0.2579388913822905,-0.9986831168860776,0.4120930680556447,-1.5719732148326244,-0.4014114235676847,-1.5618755234959356,-0.9037617189551556,-1.0599264484110875,61
-1.300527320198806,0.170909413319468,-1.3241073151149012,-0.1404990337643092,-0.4014114235676847,-1.5618755234959356,-0.9037617189551556,0.2851214799545941,63
0.6042647161780897,-0.1632598810249735,-1.4630033457685447,-0.1404990337643092,1.2194825678946093,-1.5618755234959356,-0.9037617189551556,-1.0599264484110875,66
-1.0407829516019569,0.170909413319468,0.2731970374020011,-0.1404990337643092,-0.4014114235676847,-0.1229556782182992,1.6586709298539055,1.6301694083202758,66
0.51768325997914,-0.4974291753694151,1.5927093286116158,1.290975147304006,0.4090355721634622,-0.1229556782182992,1.6586709298539055,-1.0599264484110875,71
0.4311018037801901,-0.3303445281971943,1.4538132979579723,-0.1404990337643092,-1.2118584192988318,-0.1229556782182992,0.3774546054493748,1.6301694083202758,68
0.4311018037801901,1.173417296352793,-0.8379712078271483,1.290975147304006,-0.4014114235676847,-1.5618755234959356,0.3774546054493748,-1.0599264484110875,68
-1.1273644078009066,-0.9986831168860776,-0.2823870852125736,-1.5719732148326244,-1.2118584192988318,-0.1229556782182992,0.3774546054493748,1.6301694083202758,62
0.6042647161780897,0.3379940604916889,0.3426450527288229,1.290975147304006,0.4090355721634622,1.3159641670593372,-0.9037617189551556,-1.0599264484110875,70
1.0371719971728388,-1.4999370584027398,-0.0045950239052862,-0.1404990337643092,0.4090355721634622,-0.1229556782182992,-0.9037617189551556,0.2851214799545941,66
-1.387108776397756,-0.1632598810249735,-0.9074192231539702,-0.1404990337643092,-1.2118584192988318,-1.5618755234959356,0.3774546054493748,1.6301694083202758,61
0.9505905409738892,-0.3303445281971943,1.3843652826311503,-0.1404990337643092,0.4090355721634622,-1.5618755234959356,1.6586709298539055,-1.0599264484110875,70
-0.9542014954030068,0.8392480020083513,-0.8379712078271483,-0.1404990337643092,-0.4014114235676847,-1.5618755234959356,-0.9037617189551556,1.6301694083202758,65
-0.3481313020103582,0.3379940604916889,1.176021236650685,-0.1404990337643092,-0.4014114235676847,-0.1229556782182992,-0.9037617189551556,-1.0599264484110875,68
0.51768325997914,-0.4974291753694151,-1.1157632691344357,-0.1404990337643092,1.2194825678946093,1.3159641670593372,1.6586709298539055,-1.0599264484110875,68
-1.387108776397756,1.6746712378694553,0.7593331446897539,-0.1404990337643092,-0.4014114235676847,-0.1229556782182992,1.6586709298539055,0.2851214799545941,66
0.6908461723770396,1.173417296352793,1.2454692519775068,1.290975147304006,-1.2118584192988318,-0.1229556782182992,-0.9037617189551556,-1.0599264484110875,71
0.2579388913822905,-0.9986831168860776,0.8982291753433976,1.290975147304006,-1.2118584192988318,-0.1229556782182992,-0.9037617189551556,1.6301694083202758,65
-0.1749683896124585,-2.001190999919402,1.3149172673043286,1.290975147304006,-0.4014114235676847,1.3159641670593372,-0.9037617189551556,1.6301694083202758,65
-1.4736902325967058,-0.3303445281971943,0.4815410833824666,1.290975147304006,-0.4014114235676847,1.3159641670593372,-0.9037617189551556,1.6301694083202758,64
-1.1273644078009066,-1.6670217055749608,-0.6990751771735046,-0.1404990337643092,-0.4014114235676847,-0.1229556782182992,-0.9037617189551556,0.2851214799545941,61
-1.300527320198806,-0.9986831168860776,1.3149172673043286,-0.1404990337643092,2.840376559356903,-0.1229556782182992,1.6586709298539055,-1.0599264484110875,65
-0.6078756706072076,-0.1632598810249735,-0.4212831158662173,1.290975147304006,-0.4014114235676847,-1.5618755234959356,1.6586709298539055,-1.0599264484110875,66
-0.6944571268061575,0.6721633548361304,1.3843652826311503,-0.1404990337643092,1.2194825678946093,1.3159641670593372,1.6586709298539055,-1.0599264484110875,69
-0.5212942144082578,0.8392480020083513,0.1343010067483574,-1.5719732148326244,-0.4014114235676847,1.3159641670593372,1.6586709298539055,-1.0599264484110875,67
0.4311018037801901,0.170909413319468,-0.0045950239052862,-0.1404990337643092,-0.4014114235676847,1.3159641670593372,-0.9037617189551556,1.6301694083202758,70
1.2969163657696885,-1.3328524112305191,0.8287811600165758,-0.1404990337643092,-1.2118584192988318,-0.1229556782182992,-0.9037617189551556,-1.0599264484110875,67
0.1713574351833407,-1.3328524112305191,1.5927093286116158,-0.1404990337643092,-1.2118584192988318,-1.5618755234959356,-0.9037617189551556,-1.0599264484110875,63
-0.8676200392040571,-0.1632598810249735,1.176021236650685,1.290975147304006,-0.4014114235676847,-0.1229556782182992,-0.9037617189551556,-1.0599264484110875,67
0.4311018037801901,-0.1632598810249735,-1.5324513610953667,-0.1404990337643092,-0.4014114235676847,-0.1229556782182992,0.3774546054493748,0.2851214799545941,66
-0.9542014954030068,0.3379940604916889,1.106573221323863,-0.1404990337643092,-1.2118584192988318,-0.1229556782182992,-0.9037617189551556,1.6301694083202758,64
1.3834978219686382,-0.4974291753694151,0.6204371140361102,-0.1404990337643092,0.4090355721634622,1.3159641670593372,0.3774546054493748,-1.0599264484110875,72
1.5566607343665375,0.6721633548361304,1.523261313284794,-0.1404990337643092,-0.4014114235676847,1.3159641670593372,0.3774546054493748,0.2851214799545941,74
-0.434712758209308,-1.4999370584027398,-0.7685231925003265,1.290975147304006,1.2194825678946093,-1.5618755234959356,0.3774546054493748,-1.0599264484110875,62
-0.5212942144082578,-0.3303445281971943,0.6898851293629321,-0.1404990337643092,2.029929563625756,-0.1229556782182992,0.3774546054493748,0.2851214799545941,66
0.6908461723770396,0.8392480020083513,-0.3518351005393955,-0.1404990337643092,-0.4014114235676847,-0.1229556782182992,1.6586709298539055,0.2851214799545941,70
0.3445203475812403,1.3405019435250136,-1.6713473917490105,-0.1404990337643092,1.2194825678946093,-0.1229556782182992,1.6586709298539055,0.2851214799545941,71
-0.6944571268061575,0.0038247661472472,-1.3241073151149012,-0.1404990337643092,2.029929563625756,-0.1229556782182992,-0.9037617189551556,1.6301694083202758,65
0.8640090847749392,-1.3328524112305191,1.2454692519775068,-0.1404990337643092,1.2194825678946093,-0.1229556782182992,-0.9037617189551556,1.6301694083202758,68
1.5566607343665375,-0.3303445281971943,-0.9074192231539702,-0.1404990337643092,1.2194825678946093,1.3159641670593372,-0.9037617189551556,0.2851214799545941,71
0.51768325997914,1.173417296352793,-0.560179146519861,-0.1404990337643092,2.840376559356903,1.3159641670593372,1.6586709298539055,1.6301694083202758,75
1.0371719971728388,-0.4974291753694151,1.6621573439384378,-0.1404990337643092,-0.4014114235676847,-0.1229556782182992,0.3774546054493748,0.2851214799545941,68
1.2103349095707383,-0.3303445281971943,0.1343010067483574,1.290975147304006,-0.4014114235676847,-0.1229556782182992,0.3774546054493748,0.2851214799545941,70
0.3445203475812403,-0.1632598810249735,-0.8379712078271483,-0.1404990337643092,-1.2118584192988318,1.3159641670593372,0.3774546054493748,-1.0599264484110875,65
1.1237534533717888,1.3405019435250136,0.2731970374020011,-0.1404990337643092,-1.2118584192988318,-0.1229556782182992,1.6586709298539055,0.2851214799545941,74
0.8640090847749392,-1.3328524112305191,-0.560179146519861,1.290975147304006,0.4090355721634622,1.3159641670593372,-0.9037617189551556,-1.0599264484110875,67
-0.0018054772145589,0.0038247661472472,0.9676771906702194,-0.1404990337643092,-1.2118584192988318,-1.5618755234959356,1.6586709298539055,1.6301694083202758,67
-0.8676200392040571,-1.1657677640582984,0.2037490220751792,-0.1404990337643092,-0.4014114235676847,1.3159641670593372,-0.9037617189551556,-1.0599264484110875,61
1.1237534533717888,0.170909413319468,0.5509890987092884,-1.5719732148326244,-0.4014114235676847,-0.1229556782182992,-0.9037617189551556,1.6301694083202758,67
-1.1273644078009066,-0.8315984697138568,1.3149172673043286,1.290975147304006,-0.4014114235676847,-0.1229556782182992,-0.9037617189551556,0.2851214799545941,65
-0.0018054772145589,1.841755885041676,-0.2823870852125736,-0.1404990337643092,0.4090355721634622,-0.1229556782182992,-0.9037617189551556,-1.0599264484110875,71
-1.1273644078009066,-2.001190999919402,-1.1852112844612577,-0.1404990337643092,0.4090355721634622,1.3159641670593372,1.6586709298539055,0.2851214799545941,61
1.6432421905654877,-1.1657677640582984,0.1343010067483574,-0.1404990337643092,-1.2118584192988318,-0.1229556782182992,0.3774546054493748,0.2851214799545941,68
-1.4736902325967058,0.5050787076639097,1.3149172673043286,-0.1404990337643092,0.4090355721634622,-0.1229556782182992,1.6586709298539055,0.2851214799545941,68
-0.7810385830051073,-0.6645138225416359,-1.6713473917490105,-0.1404990337643092,-1.2118584192988318,-0.1229556782182992,1.6586709298539055,-1.0599264484110875,61
0.51768325997914,0.0038247661472472,-1.046315253807614,-1.5719732148326244,-0.4014114235676847,1.3159641670593372,0.3774546054493748,0.2851214799545941,66
0.7774276285759895,-0.1632598810249735,1.3843652826311503,-0.1404990337643092,-1.2118584192988318,1.3159641670593372,-0.9037617189551556,0.2851214799545941,70
0.0847759789843908,-1.3328524112305191,0.6898851293629321,-0.1404990337643092,-1.2118584192988318,-0.1229556782182992,-0.9037617189551556,-1.0599264484110875,64
-1.4736902325967058,0.0038247661472472,-0.2129390698857517,-0.1404990337643092,1.2194825678946093,-0.1229556782182992,1.6586709298539055,-1.0599264484110875,63
0.9505905409738892,-0.3303445281971943,-0.9074192231539702,1.290975147304006,1.2194825678946093,1.3159641670593372,-0.9037617189551556,-1.0599264484110875,71
-1.1273644078009066,-0.1632598810249735,1.2454692519775068,-0.1404990337643092,-1.2118584192988318,-1.5618755234959356,1.6586709298539055,0.2851214799545941,66
1.1237534533717888,0.5050787076639097,-0.4212831158662173,-1.5719732148326244,-1.2118584192988318,1.3159641670593372,1.6586709298539055,0.2851214799545941,69
-0.8676200392040571,1.6746712378694553,0.6204371140361102,-1.5719732148326244,0.4090355721634622,1.3159641670593372,1.6586709298539055,0.2851214799545941,70
1.6432421905654877,0.8392480020083513,-0.3518351005393955,-0.1404990337643092,-0.4014114235676847,-1.5618755234959356,0.3774546054493748,0.2851214799545941,71
0.51768325997914,1.173417296352793,0.8982291753433976,1.290975147304006,-0.4014114235676847,-0.1229556782182992,1.6586709298539055,0.2851214799545941,72
1.7298236467644377,0.5050787076639097,1.2454692519775068,-0.1404990337643092,2.029929563625756,-1.5618755234959356,1.6586709298539055,-1.0599264484110875,73
-0.3481313020103582,0.5050787076639097,-1.2546592997880792,-0.1404990337643092,-0.4014114235676847,-0.1229556782182992,-0.9037617189551556,0.2851214799545941,66
-1.7334346011935553,-0.1632598810249735,-1.046315253807614,1.290975147304006,-0.4014114235676847,1.3159641670593372,0.3774546054493748,-1.0599264484110875,65
1.1237534533717888,2.3430098265583386,1.2454692519775068,-0.1404990337643092,0.4090355721634622,1.3159641670593372,-0.9037617189551556,-1.0599264484110875,77
1.3834978219686382,0.8392480020083513,-1.393555330441723,-1.5719732148326244,0.4090355721634622,-0.1229556782182992,-0.9037617189551556,0.2851214799545941,71
-0.0018054772145589,-0.1632598810249735,1.7316053592652596,-0.1404990337643092,-1.2118584192988318,-0.1229556782182992,-0.9037617189551556,0.2851214799545941,67
1.2103349095707383,-0.1632598810249735,-0.6990751771735046,-1.5719732148326244,-0.4014114235676847,-0.1229556782182992,1.6586709298539055,-1.0599264484110875,69
-0.0018054772145589,1.006332649180572,0.4120930680556447,1.290975147304006,-1.2118584192988318,-0.1229556782182992,0.3774546054493748,0.2851214799545941,70
0.6908461723770396,2.0088405322138967,0.5509890987092884,-1.5719732148326244,-0.4014114235676847,-0.1229556782182992,1.6586709298539055,-1.0599264484110875,73
1.0371719971728388,0.5050787076639097,-0.2823870852125736,-0.1404990337643092,-0.4014114235676847,-1.5618755234959356,0.3774546054493748,-1.0599264484110875,69
0.9505905409738892,-0.6645138225416359,-0.2823870852125736,-0.1404990337643092,0.4090355721634622,-0.1229556782182992,0.3774546054493748,1.6301694083202758,69
-1.387108776397756,0.6721633548361304,1.0371252059970413,-0.1404990337643092,-1.2118584192988318,-0.1229556782182992,-0.9037617189551556,-1.0599264484110875,65
-0.7810385830051073,1.006332649180572,1.6621573439384378,-1.5719732148326244,-0.4014114235676847,-0.1229556782182992,-0.9037617189551556,0.2851214799545941,67
-0.2615498458114084,0.6721633548361304,-0.7685231925003265,-0.1404990337643092,0.4090355721634622,-0.1229556782182992,-0.9037617189551556,1.6301694083202758,69
-0.1749683896124585,-1.1657677640582984,0.4815410833824666,1.290975147304006,-1.2118584192988318,-0.1229556782182992,0.3774546054493748,-1.0599264484110875,65
0.6042647161780897,1.6746712378694553,-0.0045950239052862,-0.1404990337643092,1.2194825678946093,-1.5618755234959356,0.3774546054493748,-1.0599264484110875,71
0.0847759789843908,-0.1632598810249735,-1.3241073151149012,-1.5719732148326244,-0.4014114235676847,-0.1229556782182992,-0.9037617189551556,0.2851214799545941,65
-0.0018054772145589,-1.3328524112305191,1.0371252059970413,-1.5719732148326244,1.2194825678946093,-0.1229556782182992,-0.9037617189551556,-1.0599264484110875,64
-1.2139458639998564,0.8392480020083513,-0.3518351005393955,-0.1404990337643092,-0.4014114235676847,1.3159641670593372,-0.9037617189551556,1.6301694083202758,66
-1.300527320198806,0.3379940604916889,0.4120930680556447,-0.1404990337643092,2.840376559356903,-0.1229556782182992,0.3774546054493748,0.2851214799545941,68
-1.387108776397756,-0.3303445281971943,-1.2546592997880792,-0.1404990337643092,-0.4014114235676847,-1.5618755234959356,-0.9037617189551556,1.6301694083202758,61
-0.9542014954030068,1.006332649180572,1.3843652826311503,1.290975147304006,-1.2118584192988318,1.3159641670593372,1.6586709298539055,0.2851214799545941,93
1.3834978219686382,1.006332649180572,-0.7685231925003265,1.290975147304006,0.4090355721634622,1.3159641670593372,-0.9037617189551556,0.2851214799545941,72
-1.7334346011935553,0.0038247661472472,0.4120930680556447,-0.1404990337643092,1.2194825678946093,-0.1229556782182992,0.3774546054493748,-1.0599264484110875,65
-0.0883869334135087,0.3379940604916889,1.2454692519775068,1.290975147304006,-1.2118584192988318,1.3159641670593372,-0.9037617189551556,0.2851214799545941,68
-1.0407829516019569,1.3405019435250136,0.6898851293629321,-1.5719732148326244,-1.2118584192988318,-1.5618755234959356,1.6586709298539055,0.2851214799545941,65
-0.3481313020103582,-1.8341063527471813,0.2731970374020011,-0.1404990337643092,-0.4014114235676847,-0.1229556782182992,0.3774546054493748,0.2851214799545941,63
-0.7810385830051073,-0.4974291753694151,-1.5324513610953667,-0.1404990337643092,-1.2118584192988318,-0.1229556782182992,-0.9037617189551556,-1.0599264484110875,61
0.0847759789843908,0.5050787076639097,0.6898851293629321,-0.1404990337643092,-1.2118584192988318,-0.1229556782182992,-0.9037617189551556,0.2851214799545941,68
-0.6944571268061575,1.5075865906972346,-0.4907311311930391,-0.1404990337643092,-1.2118584192988318,-0.1229556782182992,0.3774546054493748,-1.0599264484110875,67
-1.0407829516019569,-0.6645138225416359,0.6898851293629321,-0.1404990337643092,-0.4014114235676847,-1.5618755234959356,1.6586709298539055,-1.0599264484110875,64
0.51768325997914,1.6746712378694553,0.2037490220751792,-0.1404990337643092,2.029929563625756,1.3159641670593372,0.3774546054493748,0.2851214799545941,73
0.8640090847749392,0.170909413319468,1.3843652826311503,-0.1404990337643092,0.4090355721634622,-1.5618755234959356,0.3774546054493748,1.6301694083202758,72
0.6908461723770396,0.3379940604916889,-0.2129390698857517,-0.1404990337643092,2.029929563625756,-0.1229556782182992,1.6586709298539055,1.6301694083202758,70
1.2969163657696885,0.3379940604916889,0.6898851293629321,-0.1404990337643092,-1.2118584192988318,-0.1229556782182992,0.3774546054493748,0.2851214799545941,71
-0.8676200392040571,0.8392480020083513,-0.1434910545589299,1.290975147304006,-0.4014114235676847,-1.5618755234959356,1.6586709298539055,-1.0599264484110875,65
-0.3481313020103582,-0.9986831168860776,0.6898851293629321,-0.1404990337643092,1.2194825678946093,-0.1229556782182992,0.3774546054493748,-1.0599264484110875,66
-0.6078756706072076,0.8392480020083513,-1.4630033457685447,-0.1404990337643092,0.4090355721634622,1.3159641670593372,-0.9037617189551556,0.2851214799545941,67
-0.3481313020103582,-0.6645138225416359,-1.3241073151149012,1.290975147304006,-0.4014114235676847,-1.5618755234959356,-0.9037617189551556,-1.0599264484110875,62
0.1713574351833407,-0.6645138225416359,0.6898851293629321,-0.1404990337643092,-0.4014114235676847,-0.1229556782182992,-0.9037617189551556,1.6301694083202758,67
-1.2139458639998564,0.8392480020083513,-1.393555330441723,-0.1404990337643092,2.029929563625756,1.3159641670593372,-0.9037617189551556,0.2851214799545941,84
-0.0883869334135087,-1.3328524112305191,-1.393555330441723,1.290975147304006,-0.4014114235676847,-1.5618755234959356,0.3774546054493748,-1.0599264484110875,62
-0.9542014954030068,-0.6645138225416359,-0.4907311311930391,-0.1404990337643092,-1.2118584192988318,-0.1229556782182992,0.3774546054493748,0.2851214799545941,63
-0.5212942144082578,-0.4974291753694151,1.5927093286116158,-1.5719732148326244,-0.4014114235676847,-0.1229556782182992,-0.9037617189551556,1.6301694083202758,65
0.51768325997914,-0.8315984697138568,1.523261313284794,-0.1404990337643092,0.4090355721634622,-1.5618755234959356,-0.9037617189551556,0.2851214799545941,67
-0.8676200392040571,1.3405019435250136,0.8287811600165758,-1.5719732148326244,1.2194825678946093,1.3159641670593372,1.6586709298539055,-1.0599264484110875,70
1.0371719971728388,1.006332649180572,1.5927093286116158,-0.1404990337643092,0.4090355721634622,-1.5618755234959356,1.6586709298539055,0.2851214799545941,72
-0.6944571268061575,0.5050787076639097,1.176021236650685,-1.5719732148326244,0.4090355721634622,1.3159641670593372,0.3774546054493748,1.6301694083202758,67
-1.5602716887956556,-0.3303445281971943,-0.9074192231539702,-0.1404990337643092,-0.4014114235676847,-0.1229556782182992,0.3774546054493748,0.2851214799545941,63
0.0847759789843908,-0.9986831168860776,-0.7685231925003265,1.290975147304006,0.4090355721634622,-0.1229556782182992,-0.9037617189551556,1.6301694083202758,64
-0.0018054772145589,0.0038247661472472,0.0648529914215355,1.290975147304006,-1.2118584192988318,-0.1229556782182992,0.3774546054493748,-1.0599264484110875,66
-0.1749683896124585,1.173417296352793,0.1343010067483574,-1.5719732148326244,-1.2118584192988318,1.3159641670593372,1.6586709298539055,0.2851214799545941,69
-1.1273644078009066,0.5050787076639097,0.8982291753433976,-0.1404990337643092,0.4090355721634622,-1.5618755234959356,-0.9037617189551556,0.2851214799545941,65
-0.5212942144082578,0.8392480020083513,0.3426450527288229,-0.1404990337643092,2.029929563625756,1.3159641670593372,0.3774546054493748,0.2851214799545941,71
0.3445203475812403,-1.8341063527471813,-1.046315253807614,1.290975147304006,-0.4014114235676847,1.3159641670593372,0.3774546054493748,-1.0599264484110875,66
0.0847759789843908,1.3405019435250136,1.0371252059970413,1.290975147304006,1.2194825678946093,-0.1229556782182992,-0.9037617189551556,0.2851214799545941,72
-1.1273644078009066,-0.8315984697138568,1.3149172673043286,-1.5719732148326244,-1.2118584192988318,-0.1229556782182992,1.6586709298539055,0.2851214799545941,64
0.1713574351833407,1.3405019435250136,-0.2823870852125736,1.290975147304006,-0.4014114235676847,-0.1229556782182992,-0.9037617189551556,0.2851214799545941,70
-0.9542014954030068,-0.9986831168860776,1.106573221323863,-0.1404990337643092,-1.2118584192988318,-1.5618755234959356,0.3774546054493748,1.6301694083202758,63
-0.3481313020103582,0.3379940604916889,0.0648529914215355,-1.5719732148326244,0.4090355721634622,-0.1229556782182992,-0.9037617189551556,-1.0599264484110875,65
0.3445203475812403,0.6721633548361304,1.6621573439384378,-0.1404990337643092,-0.4014114235676847,-1.5618755234959356,1.6586709298539055,0.2851214799545941,70
-1.4736902325967058,0.6721633548361304,1.6621573439384378,-1.5719732148326244,-1.2118584192988318,-0.1229556782182992,-0.9037617189551556,-1.0599264484110875,62
-0.1749683896124585,1.3405019435250136,0.6204371140361102,1.290975147304006,0.4090355721634622,-0.1229556782182992,0.3774546054493748,-1.0599264484110875,69
-1.1273644078009066,1.006332649180572,-0.2823870852125736,-1.5719732148326244,1.2194825678946093,-0.1229556782182992,1.6586709298539055,-1.0599264484110875,67
1.6432421905654877,0.8392480020083513,0.5509890987092884,-0.1404990337643092,-0.4014114235676847,-0.1229556782182992,0.3774546054493748,0.2851214799545941,72
0.9505905409738892,-0.6645138225416359,-0.8379712078271483,-0.1404990337643092,0.4090355721634622,-0.1229556782182992,0.3774546054493748,0.2851214799545941,69
0.6042647161780897,1.173417296352793,1.106573221323863,-1.5719732148326244,2.029929563625756,1.3159641670593372,-0.9037617189551556,1.6301694083202758,72
-0.0018054772145589,-0.9986831168860776,1.5927093286116158,-1.5719732148326244,0.4090355721634622,1.3159641670593372,-0.9037617189551556,-1.0599264484110875,66
-0.8676200392040571,-0.8315984697138568,0.6898851293629321,1.290975147304006,-1.2118584192988318,1.3159641670593372,0.3774546054493748,-1.0599264484110875,65
1.7298236467644377,-1.8341063527471813,0.2731970374020011,-1.5719732148326244,-0.4014114235676847,-1.5618755234959356,1.6586709298539055,-1.0599264484110875,66
0.2579388913822905,-0.4974291753694151,0.3426450527288229,-0.1404990337643092,2.029929563625756,-1.5618755234959356,0.3774546054493748,0.2851214799545941,67
-1.0407829516019569,-0.9986831168860776,0.6898851293629321,-0.1404990337643092,0.4090355721634622,-1.5618755234959356,-0.9037617189551556,0.2851214799545941,63
0.4311018037801901,-1.6670217055749608,-1.5324513610953667,-1.5719732148326244,-0.4014114235676847,-1.5618755234959356,-0.9037617189551556,-1.0599264484110875,60
1.3834978219686382,1.841755885041676,-0.6990751771735046,1.290975147304006,-1.2118584192988318,1.3159641670593372,-0.9037617189551556,-1.0599264484110875,74
-0.434712758209308,-0.9986831168860776,1.3843652826311503,-0.1404990337643092,-1.2118584192988318,-0.1229556782182992,0.3774546054493748,0.2851214799545941,82
-0.5212942144082578,0.6721633548361304,0.2037490220751792,-0.1404990337643092,1.2194825678946093,1.3159641670593372,0.3774546054493748,-1.0599264484110875,70
0.0847759789843908,-0.3303445281971943,-0.7685231925003265,-0.1404990337643092,-0.4014114235676847,-1.5618755234959356,-0.9037617189551556,0.2851214799545941,65
0.7774276285759895,-1.6670217055749608,0.8982291753433976,1.290975147304006,0.4090355721634622,1.3159641670593372,1.6586709298539055,1.6301694083202758,71
-1.4736902325967058,1.841755885041676,-0.1434910545589299,1.290975147304006,-0.4014114235676847,1.3159641670593372,-0.9037617189551556,1.6301694083202758,68
-0.0883869334135087,0.5050787076639097,1.5927093286116158,-1.5719732148326244,-1.2118584192988318,1.3159641670593372,0.3774546054493748,0.2851214799545941,69
0.6042647161780897,-0.4974291753694151,1.3149172673043286,1.290975147304006,0.4090355721634622,1.3159641670593372,-0.9037617189551556,-1.0599264484110875,70
-1.387108776397756,-0.1632598810249735,1.3149172673043286,1.290975147304006,1.2194825678946093,-0.1229556782182992,1.6586709298539055,0.2851214799545941,66
-1.1273644078009066,-0.9986831168860776,0.4815410833824666,1.290975147304006,-0.4014114235676847,-0.1229556782182992,-0.9037617189551556,0.2851214799545941,62
-1.0407829516019569,-0.8315984697138568,-0.2129390698857517,-0.1404990337643092,1.2194825678946093,-1.5618755234959356,-0.9037617189551556,1.6301694083202758,62
0.3445203475812403,0.3379940604916889,1.0371252059970413,-0.1404990337643092,0.4090355721634622,-0.1229556782182992,0.3774546054493748,0.2851214799545941,70
-0.8676200392040571,-0.1632598810249735,-0.4907311311930391,-0.1404990337643092,-0.4014114235676847,1.3159641670593372,0.3774546054493748,-1.0599264484110875,65
-1.6468531449946056,0.6721633548361304,0.3426450527288229,-0.1404990337643092,-1.2118584192988318,-0.1229556782182992,1.6586709298539055,-1.0599264484110875,64
0.51768325997914,-2.001190999919402,-1.7407954070758322,1.290975147304006,-0.4014114235676847,-0.1229556782182992,0.3774546054493748,0.2851214799545941,65
-0.6078756706072076,1.5075865906972346,0.0648529914215355,-0.1404990337643092,0.4090355721634622,-0.1229556782182992,-0.9037617189551556,-1.0599264484110875,68
-0.9542014954030068,-1.1657677640582984,-0.3518351005393955,-1.5719732148326244,-1.2118584192988318,-0.1229556782182992,0.3774546054493748,0.2851214799545941,61
0.0847759789843908,-0.9986831168860776,1.3843652826311503,-0.1404990337643092,0.4090355721634622,1.3159641670593372,-0.9037617189551556,-1.0599264484110875,68
-0.5212942144082578,-0.3303445281971943,1.106573221323863,1.290975147304006,-1.2118584192988318,-0.1229556782182992,-0.9037617189551556,0.2851214799545941,67
0.8640090847749392,-0.4974291753694151,0.6204371140361102,1.290975147304006,-0.4014114235676847,-0.1229556782182992,-0.9037617189551556,-1.0599264484110875,67
-0.0018054772145589,0.0038247661472472,-1.5324513610953667,-1.5719732148326244,-1.2118584192988318,1.3159641670593372,0.3774546054493748,-1.0599264484110875,65
-0.3481313020103582,0.6721633548361304,1.176021236650685,-0.1404990337643092,-0.4014114235676847,-0.1229556782182992,1.6586709298539055,0.2851214799545941,68
1.2103349095707383,-1.1657677640582984,-0.6990751771735046,1.290975147304006,0.4090355721634622,-1.5618755234959356,1.6586709298539055,0.2851214799545941,68
0.6042647161780897,-0.8315984697138568,0.3426450527288229,-1.5719732148326244,-1.2118584192988318,1.3159641670593372,0.3774546054493748,-1.0599264484110875,67
-0.434712758209308,1.173417296352793,-1.4630033457685447,-1.5719732148326244,0.4090355721634622,-0.1229556782182992,1.6586709298539055,0.2851214799545941,66
-1.387108776397756,0.0038247661472472,-1.2546592997880792,-0.1404990337643092,1.2194825678946093,-0.1229556782182992,0.3774546054493748,-1.0599264484110875,65
1.6432421905654877,0.170909413319468,0.6898851293629321,-0.1404990337643092,2.029929563625756,-0.1229556782182992,-0.9037617189551556,0.2851214799545941,73
0.4311018037801901,0.5050787076639097,-1.046315253807614,1.290975147304006,0.4090355721634622,-1.5618755234959356,0.3774546054493748,0.2851214799545941,68
1.0371719971728388,-0.4974291753694151,-0.6990751771735046,-0.1404990337643092,1.2194825678946093,-1.5618755234959356,0.3774546054493748,0.2851214799545941,70
-1.0407829516019569,-1.4999370584027398,1.6621573439384378,1.290975147304006,-0.4014114235676847,-0.1229556782182992,1.6586709298539055,1.6301694083202758,66
-1.1273644078009066,-0.6645138225416359,0.8287811600165758,1.290975147304006,2.840376559356903,-0.1229556782182992,0.3774546054493748,1.6301694083202758,69
1.7298236467644377,1.3405019435250136,-0.2129390698857517,-1.5719732148326244,-0.4014114235676847,1.3159641670593372,1.6586709298539055,-1.0599264484110875,73
-1.387108776397756,2.5100944737305597,0.6898851293629321,-1.5719732148326244,0.4090355721634622,-0.1229556782182992,-0.9037617189551556,0.2851214799545941,68
-0.0883869334135087,0.170909413319468,1.5927093286116158,-1.5719732148326244,0.4090355721634622,1.3159641670593372,-0.9037617189551556,-1.0599264484110875,69
1.7298236467644377,-0.6645138225416359,-1.393555330441723,1.290975147304006,-0.4014114235676847,1.3159641670593372,0.3774546054493748,-1.0599264484110875,69
0.2579388913822905,0.3379940604916889,0.7593331446897539,-1.5719732148326244,1.2194825678946093,-0.1229556782182992,-0.9037617189551556,0.2851214799545941,68
0.1713574351833407,1.173417296352793,0.8287811600165758,-0.1404990337643092,0.4090355721634622,-0.1229556782182992,-0.9037617189551556,-1.0599264484110875,69
-0.9542014954030068,1.006332649180572,0.6204371140361102,-1.5719732148326244,-1.2118584192988318,-1.5618755234959356,-0.9037617189551556,0.2851214799545941,63
1.2103349095707383,-1.4999370584027398,1.176021236650685,1.290975147304006,-1.2118584192988318,-1.5618755234959356,-0.9037617189551556,0.2851214799545941,68
-0.3481313020103582,1.3405019435250136,1.106573221323863,-0.1404990337643092,-1.2118584192988318,-0.1229556782182992,-0.9037617189551556,-1.0599264484110875,68
0.51768325997914,0.170909413319468,-1.1157632691344357,-1.5719732148326244,0.4090355721634622,-0.1229556782182992,0.3774546054493748,0.2851214799545941,69
-0.5212942144082578,0.0038247661472472,-1.6713473917490105,-0.1404990337643092,0.4090355721634622,-0.1229556782182992,0.3774546054493748,0.2851214799545941,65
-0.1749683896124585,1.173417296352793,0.0648529914215355,-0.1404990337643092,-0.4014114235676847,-0.1229556782182992,1.6586709298539055,0.2851214799545941,71
-0.2615498458114084,0.8392480020083513,-1.4630033457685447,-0.1404990337643092,0.4090355721634622,-1.5618755234959356,0.3774546054493748,0.2851214799545941,66
-0.2615498458114084,0.6721633548361304,1.4538132979579723,-1.5719732148326244,-1.2118584192988318,1.3159641670593372,-0.9037617189551556,0.2851214799545941,67
1.5566607343665375,0.170909413319468,-0.3518351005393955,-1.5719732148326244,-0.4014114235676847,-1.5618755234959356,-0.9037617189551556,0.2851214799545941,68
-0.7810385830051073,-0.1632598810249735,0.4120930680556447,-0.1404990337643092,0.4090355721634622,1.3159641670593372,-0.9037617189551556,0.2851214799545941,68
-0.6078756706072076,0.0038247661472472,-0.6990751771735046,-1.5719732148326244,0.4090355721634622,-0.1229556782182992,0.3774546054493748,1.6301694083202758,66
1.7298236467644377,0.170909413319468,1.176021236650685,-0.1404990337643092,1.2194825678946093,-0.1229556782182992,1.6586709298539055,-1.0599264484110875,71
-1.1273644078009066,0.0038247661472472,-0.560179146519861,1.290975147304006,-0.4014114235676847,1.3159641670593372,0.3774546054493748,0.2851214799545941,66
0.6908461723770396,0.3379940604916889,-1.1852112844612577,-0.1404990337643092,1.2194825678946093,-0.1229556782182992,0.3774546054493748,-1.0599264484110875,68
-0.6078756706072076,-2.5024449414360648,0.9676771906702194,-1.5719732148326244,-0.4014114235676847,1.3159641670593372,-0.9037617189551556,0.2851214799545941,62
-1.0407829516019569,0.0038247661472472,1.5927093286116158,-0.1404990337643092,-1.2118584192988318,-1.5618755234959356,-0.9037617189551556,-1.0599264484110875,64
-0.8676200392040571,-0.9986831168860776,-1.4630033457685447,-0.1404990337643092,1.2194825678946093,1.3159641670593372,0.3774546054493748,0.2851214799545941,64
1.1237534533717888,0.3379940604916889,-1.1157632691344357,1.290975147304006,1.2194825678946093,-0.1229556782182992,1.6586709298539055,-1.0599264484110875,72
-0.434712758209308,-0.8315984697138568,1.3149172673043286,-0.1404990337643092,-0.4014114235676847,1.3159641670593372,-0.9037617189551556,-1.0599264484110875,62
-0.9542014954030068,-0.1632598810249735,1.4538132979579723,-0.1404990337643092,-1.2118584192988318,-0.1229556782182992,-0.9037617189551556,1.6301694083202758,66
0.9505905409738892,0.3379940604916889,1.3843652826311503,-0.1404990337643092,-0.4014114235676847,-1.5618755234959356,-0.9037617189551556,-1.0599264484110875,70
-1.1273644078009066,0.3379940604916889,-1.1852112844612577,-0.1404990337643092,-0.4014114235676847,-0.1229556782182992,1.6586709298539055,-1.0599264484110875,64
-0.0883869334135087,-0.8315984697138568,1.7316053592652596,1.290975147304006,2.029929563625756,1.3159641670593372,0.3774546054493748,-1.0599264484110875,70
-1.5602716887956556,-0.9986831168860776,0.8287811600165758,-0.1404990337643092,-0.4014114235676847,-1.5618755234959356,-0.9037617189551556,0.2851214799545941,60
-0.5212942144082578,-1.1657677640582984,-0.976867238480792,1.290975147304006,0.4090355721634622,1.3159641670593372,-0.9037617189551556,-1.0599264484110875,65
1.6432421905654877,0.3379940604916889,1.3843652826311503,1.290975147304006,0.4090355721634622,-0.1229556782182992,-0.9037617189551556,-1.0599264484110875,71
0.6908461723770396,0.170909413319468,1.106573221323863,-0.1404990337643092,-1.2118584192988318,1.3159641670593372,1.6586709298539055,-1.0599264484110875,70
0.7774276285759895,-1.8341063527471813,-0.4907311311930391,-1.5719732148326244,-0.4014114235676847,-0.1229556782182992,-0.9037617189551556,1.6301694083202758,65
0.9505905409738892,0.5050787076639097,1.2454692519775068,-0.1404990337643092,1.2194825678946093,1.3159641670593372,-0.9037617189551556,-1.0599264484110875,71
0.51768325997914,-0.8315984697138568,1.0371252059970413,-1.5719732148326244,-1.2118584192988318,-0.1229556782182992,1.6586709298539055,0.2851214799545941,66
0.2579388913822905,-0.1632598810249735,-0.3518351005393955,-0.1404990337643092,0.4090355721634622,-0.1229556782182992,1.6586709298539055,-1.0599264484110875,67
-1.0407829516019569,0.5050787076639097,-1.046315253807614,-0.1404990337643092,-0.4014114235676847,1.3159641670593372,-0.9037617189551556,-1.0599264484110875,64
-1.2139458639998564,-0.1632598810249735,0.5509890987092884,-0.1404990337643092,0.4090355721634622,-0.1229556782182992,-0.9037617189551556,0.2851214799545941,65
0.7774276285759895,0.3379940604916889,-1.1157632691344357,1.290975147304006,2.840376559356903,-0.1229556782182992,-0.9037617189551556,0.2851214799545941,71
-1.6468531449946056,-0.9986831168860776,-0.2823870852125736,-0.1404990337643092,0.4090355721634622,-1.5618755234959356,-0.9037617189551556,-1.0599264484110875,59
-0.9542014954030068,1.3405019435250136,1.2454692519775068,1.290975147304006,-1.2118584192988318,-1.5618755234959356,0.3774546054493748,1.6301694083202758,67
-1.5602716887956556,0.0038247661472472,0.2731970374020011,-0.1404990337643092,0.4090355721634622,-1.5618755234959356,-0.9037617189551556,-1.0599264484110875,62
0.51768325997914,-0.8315984697138568,-1.2546592997880792,-0.1404990337643092,-0.4014114235676847,-0.1229556782182992,0.3774546054493748,0.2851214799545941,65
-0.7810385830051073,0.0038247661472472,0.8982291753433976,-0.1404990337643092,-0.4014114235676847,-0.1229556782182992,0.3774546054493748,-1.0599264484110875,65
-1.5602716887956556,-0.9986831168860776,-0.7685231925003265,-0.1404990337643092,0.4090355721634622,-0.1229556782182992,0.3774546054493748,-1.0599264484110875,61
-0.0018054772145589,0.170909413319468,-1.393555330441723,-0.1404990337643092,-0.4014114235676847,-0.1229556782182992,1.6586709298539055,1.6301694083202758,68
-0.9542014954030068,-0.6645138225416359,0.4815410833824666,-0.1404990337643092,-1.2118584192988318,1.3159641670593372,-0.9037617189551556,-1.0599264484110875,62
1.7298236467644377,-0.4974291753694151,1.5927093286116158,-0.1404990337643092,-1.2118584192988318,1.3159641670593372,0.3774546054493748,0.2851214799545941,72
-0.6078756706072076,0.170909413319468,1.6621573439384378,-0.1404990337643092,-0.4014114235676847,1.3159641670593372,0.3774546054493748,0.2851214799545941,69
-0.8676200392040571,-1.3328524112305191,0.6898851293629321,-0.1404990337643092,-0.4014114235676847,1.3159641670593372,1.6586709298539055,1.6301694083202758,66
-1.387108776397756,-0.3303445281971943,-0.560179146519861,-0.1404990337643092,-1.2118584192988318,1.3159641670593372,0.3774546054493748,-1.0599264484110875,63
0.1713574351833407,0.170909413319468,-1.6018993764221885,-0.1404990337643092,2.029929563625756,1.3159641670593372,-0.9037617189551556,-1.0599264484110875,67
-0.8676200392040571,-0.4974291753694151,0.4815410833824666,-0.1404990337643092,0.4090355721634622,1.3159641670593372,-0.9037617189551556,1.6301694083202758,64
-1.6468531449946056,-0.6645138225416359,0.2037490220751792,1.290975147304006,0.4090355721634622,-0.1229556782182992,0.3774546054493748,-1.0599264484110875,64
0.4311018037801901,-1.1657677640582984,-0.2129390698857517,-1.5719732148326244,0.4090355721634622,1.3159641670593372,0.3774546054493748,-1.0599264484110875,66
-0.7810385830051073,0.170909413319468,-1.4630033457685447,-0.1404990337643092,-0.4014114235676847,-0.1229556782182992,-0.9037617189551556,0.2851214799545941,64
-1.6468531449946056,0.3379940604916889,0.8982291753433976,-0.1404990337643092,-0.4014114235676847,1.3159641670593372,-0.9037617189551556,0.2851214799545941,65
-1.387108776397756,-0.3303445281971943,1.0371252059970413,-0.1404990337643092,-0.4014114235676847,-0.1229556782182992,-0.9037617189551556,-1.0599264484110875,63
-0.2615498458114084,-0.8315984697138568,-1.6018993764221885,-0.1404990337643092,-0.4014114235676847,-0.1229556782182992,0.3774546054493748,0.2851214799545941,64
-0.0883869334135087,-0.6645138225416359,0.8287811600165758,-0.1404990337643092,-0.4014114235676847,-1.5618755234959356,0.3774546054493748,-1.0599264484110875,64
1.3834978219686382,-1.3328524112305191,0.8982291753433976,1.290975147304006,-1.2118584192988318,1.3159641670593372,0.3774546054493748,0.2851214799545941,70
-0.9542014954030068,-2.168275647091623,0.8982291753433976,-0.1404990337643092,-1.2118584192988318,-1.5618755234959356,1.6586709298539055,-1.0599264484110875,61
-0.3481313020103582,0.8392480020083513,-1.5324513610953667,1.290975147304006,-0.4014114235676847,-0.1229556782182992,-0.9037617189551556,1.6301694083202758,67
1.5566607343665375,-1.3328524112305191,-1.6713473917490105,-0.1404990337643092,-1.2118584192988318,1.3159641670593372,1.6586709298539055,0.2851214799545941,68
-0.1749683896124585,1.841755885041676,1.523261313284794,1.290975147304006,-1.2118584192988318,1.3159641670593372,-0.9037617189551556,0.2851214799545941,72
-1.2139458639998564,1.5075865906972346,-0.6296271618466828,1.290975147304006,-1.2118584192988318,1.3159641670593372,1.6586709298539055,0.2851214799545941,68
-1.0407829516019569,-0.6645138225416359,-0.2823870852125736,1.290975147304006,-0.4014114235676847,-0.1229556782182992,-0.9037617189551556,1.6301694083202758,65
-0.1749683896124585,0.5050787076639097,0.4120930680556447,1.290975147304006,-1.2118584192988318,-1.5618755234959356,-0.9037617189551556,-1.0599264484110875,66
1.470079278167588,-0.6645138225416359,1.176021236650685,-0.1404990337643092,-1.2118584192988318,-0.1229556782182992,0.3774546054493748,1.6301694083202758,71
1.1237534533717888,1.006332649180572,0.9676771906702194,1.290975147304006,-1.2118584192988318,-0.1229556782182992,0.3774546054493748,-1.0599264484110875,72
0.2579388913822905,-0.1632598810249735,-0.7685231925003265,1.290975147304006,-1.2118584192988318,1.3159641670593372,1.6586709298539055,0.2851214799545941,68
1.1237534533717888,-2.5024449414360648,0.4120930680556447,-0.1404990337643092,-0.4014114235676847,-0.1229556782182992,0.3774546054493748,-1.0599264484110875,65
-1.4736902325967058,-0.4974291753694151,-1.1157632691344357,-0.1404990337643092,-0.4014114235676847,-0.1229556782182992,1.6586709298539055,-1.0599264484110875,62
0.6908461723770396,0.5050787076639097,-1.1157632691344357,-0.1404990337643092,-0.4014114235676847,-1.5618755234959356,-0.9037617189551556,0.2851214799545941,67
-1.5602716887956556,0.0038247661472472,0.3426450527288229,-1.5719732148326244,-0.4014114235676847,-0.1229556782182992,0.3774546054493748,0.2851214799545941,62
0.7774276285759895,-0.8315984697138568,-0.1434910545589299,-1.5719732148326244,0.4090355721634622,1.3159641670593372,-0.9037617189551556,-1.0599264484110875,66
0.0847759789843908,0.5050787076639097,0.8982291753433976,-0.1404990337643092,-0.4014114235676847,-0.1229556782182992,1.6586709298539055,-1.0599264484110875,69
-1.300527320198806,-0.8315984697138568,-1.5324513610953667,-0.1404990337643092,0.4090355721634622,-0.1229556782182992,0.3774546054493748,-1.0599264484110875,61
-0.6944571268061575,-1.4999370584027398,1.3149172673043286,-0.1404990337643092,-0.4014114235676847,-1.5618755234959356,-0.9037617189551556,-1.0599264484110875,62
0.7774276285759895,-2.5024449414360648,0.0648529914215355,-0.1404990337643092,0.4090355721634622,-0.1229556782182992,0.3774546054493748,0.2851214799545941,65
1.2103349095707383,-0.3303445281971943,-1.5324513610953667,-1.5719732148326244,1.2194825678946093,-1.5618755234959356,-0.9037617189551556,0.2851214799545941,67
0.6042647161780897,0.8392480020083513,-1.6713473917490105,-1.5719732148326244,1.2194825678946093,1.3159641670593372,1.6586709298539055,0.2851214799545941,70
-1.2139458639998564,0.5050787076639097,0.0648529914215355,-0.1404990337643092,-0.4014114235676847,-0.1229556782182992,0.3774546054493748,1.6301694083202758,64
-1.1273644078009066,1.841755885041676,0.0648529914215355,1.290975147304006,0.4090355721634622,-1.5618755234959356,0.3774546054493748,0.2851214799545941,70
-1.6468531449946056,1.173417296352793,0.7593331446897539,1.290975147304006,1.2194825678946093,1.3159641670593372,-0.9037617189551556,0.2851214799545941,70
-0.6078756706072076,0.5050787076639097,0.6898851293629321,1.290975147304006,-0.4014114235676847,-0.1229556782182992,0.3774546054493748,-1.0599264484110875,67
-1.5602716887956556,0.0038247661472472,1.3149172673043286,-0.1404990337643092,1.2194825678946093,-1.5618755234959356,1.6586709298539055,0.2851214799545941,66
-1.5602716887956556,-0.1632598810249735,0.9676771906702194,-1.5719732148326244,1.2194825678946093,-0.1229556782182992,-0.9037617189551556,0.2851214799545941,63
1.470079278167588,1.5075865906972346,1.176021236650685,1.290975147304006,0.4090355721634622,-0.1229556782182992,-0.9037617189551556,-1.0599264484110875,75
-0.6078756706072076,-1.4999370584027398,-0.560179146519861,-0.1404990337643092,1.2194825678946093,-0.1229556782182992,1.6586709298539055,0.2851214799545941,63
-0.0018054772145589,0.6721633548361304,0.6898851293629321,-0.1404990337643092,1.2194825678946093,-0.1229556782182992,-0.9037617189551556,-1.0599264484110875,69
1.5566607343665375,0.3379940604916889,0.2731970374020011,1.290975147304006,0.4090355721634622,-0.1229556782182992,-0.9037617189551556,1.6301694083202758,72
1.470079278167588,0.0038247661472472,-0.560179146519861,1.290975147304006,-0.4014114235676847,-0.1229556782182992,1.6586709298539055,-1.0599264484110875,71
-1.1273644078009066,-0.8315984697138568,-1.1157632691344357,-0.1404990337643092,-1.2118584192988318,-1.5618755234959356,-0.9037617189551556,-1.0599264484110875,59
-0.6078756706072076,0.0038247661472472,0.9676771906702194,-0.1404990337643092,0.4090355721634622,1.3159641670593372,-0.9037617189551556,0.2851214799545941,68
1.0371719971728388,1.173417296352793,-0.976867238480792,1.290975147304006,-1.2118584192988318,1.3159641670593372,1.6586709298539055,0.2851214799545941,74
-1.5602716887956556,0.6721633548361304,-1.3241073151149012,-0.1404990337643092,-1.2118584192988318,-0.1229556782182992,0.3774546054493748,0.2851214799545941,63
1.5566607343665375,0.6721633548361304,1.6621573439384378,-1.5719732148326244,0.4090355721634622,-0.1229556782182992,1.6586709298539055,-1.0599264484110875,73
-0.5212942144082578,0.3379940604916889,-0.4907311311930391,1.290975147304006,-1.2118584192988318,-1.5618755234959356,-0.9037617189551556,0.2851214799545941,65
1.2103349095707383,1.6746712378694553,-1.6018993764221885,-1.5719732148326244,1.2194825678946093,-0.1229556782182992,1.6586709298539055,1.6301694083202758,70
-0.9542014954030068,-0.6645138225416359,-1.393555330441723,1.290975147304006,-0.4014114235676847,-0.1229556782182992,-0.9037617189551556,0.2851214799545941,62
-1.300527320198806,-0.4974291753694151,-0.2129390698857517,1.290975147304006,-0.4014114235676847,1.3159641670593372,0.3774546054493748,-1.0599264484110875,65
-0.8676200392040571,0.3379940604916889,0.4120930680556447,-0.1404990337643092,1.2194825678946093,1.3159641670593372,1.6586709298539055,0.2851214799545941,68
0.6908461723770396,-1.1657677640582984,-0.6296271618466828,-0.1404990337643092,-0.4014114235676847,1.3159641670593372,-0.9037617189551556,-1.0599264484110875,67
1.7298236467644377,0.0038247661472472,-0.976867238480792,-0.1404990337643092,1.2194825678946093,-1.5618755234959356,0.3774546054493748,0.2851214799545941,70
0.3445203475812403,1.006332649180572,-0.7685231925003265,-0.1404990337643092,0.4090355721634622,-0.1229556782182992,-0.9037617189551556,1.6301694083202758,69
0.0847759789843908,0.170909413319468,1.3149172673043286,-0.1404990337643092,1.2194825678946093,1.3159641670593372,1.6586709298539055,0.2851214799545941,70
-0.5212942144082578,-0.6645138225416359,-0.4907311311930391,1.290975147304006,0.4090355721634622,1.3159641670593372,0.3774546054493748,0.2851214799545941,67
-0.7810385830051073,-1.1657677640582984,-1.6713473917490105,1.290975147304006,2.029929563625756,-0.1229556782182992,0.3774546054493748,1.6301694083202758,65
-0.0018054772145589,-1.3328524112305191,-1.1157632691344357,-0.1404990337643092,-0.4014114235676847,-0.1229556782182992,-0.9037617189551556,-1.0599264484110875,64
-1.6468531449946056,-0.1632598810249735,-1.6713473917490105,-0.1404990337643092,-0.4014114235676847,-0.1229556782182992,-0.9037617189551556,-1.0599264484110875,60
0.6908461723770396,-0.8315984697138568,-1.2546592997880792,-0.1404990337643092,-0.4014114235676847,-0.1229556782182992,-0.9037617189551556,1.6301694083202758,66
-0.8676200392040571,1.5075865906972346,-0.2129390698857517,-1.5719732148326244,-0.4014114235676847,-0.1229556782182992,0.3774546054493748,0.2851214799545941,67
-1.387108776397756,0.0038247661472472,-1.5324513610953667,-1.5719732148326244,-0.4014114235676847,-0.1229556782182992,-0.9037617189551556,-1.0599264484110875,61
-0.2615498458114084,0.0038247661472472,-1.393555330441723,-0.1404990337643092,-0.4014114235676847,1.3159641670593372,0.3774546054493748,0.2851214799545941,64
0.8640090847749392,-0.4974291753694151,0.4815410833824666,-0.1404990337643092,-1.2118584192988318,1.3159641670593372,0.3774546054493748,0.2851214799545941,70
-0.9542014954030068,-0.3303445281971943,-1.1157632691344357,-0.1404990337643092,-0.4014114235676847,-1.5618755234959356,-0.9037617189551556,-1.0599264484110875,60
1.3834978219686382,-0.4974291753694151,-1.046315253807614,-0.1404990337643092,-0.4014114235676847,1.3159641670593372,0.3774546054493748,-1.0599264484110875,69
-1.6468531449946056,0.170909413319468,1.2454692519775068,-1.5719732148326244,-0.4014114235676847,-0.1229556782182992,-0.9037617189551556,-1.0599264484110875,63
1.5566607343665375,0.6721633548361304,-0.976867238480792,1.290975147304006,3.65082355508805,-0.1229556782182992,-0.9037617189551556,0.2851214799545941,75
-0.0883869334135087,-0.9986831168860776,-0.0740430392321081,-0.1404990337643092,-0.4014114235676847,-0.1229556782182992,-0.9037617189551556,0.2851214799545941,64
-1.0407829516019569,-1.4999370584027398,0.3426450527288229,-0.1404990337643092,0.4090355721634622,-0.1229556782182992,0.3774546054493748,0.2851214799545941,63
1.5566607343665375,-1.6670217055749608,1.5927093286116158,-0.1404990337643092,-1.2118584192988318,-0.1229556782182992,0.3774546054493748,0.2851214799545941,66
1.3834978219686382,-2.836614235780506,-0.9074192231539702,1.290975147304006,1.2194825678946093,1.3159641670593372,-0.9037617189551556,-1.0599264484110875,66
-0.6078756706072076,-2.001190999919402,-1.4630033457685447,1.290975147304006,0.4090355721634622,-0.1229556782182992,-0.9037617189551556,0.2851214799545941,63
0.9505905409738892,-0.8315984697138568,-1.7407954070758322,1.290975147304006,-0.4014114235676847,-1.5618755234959356,-0.9037617189551556,0.2851214799545941,66
1.6432421905654877,-2.001190999919402,0.5509890987092884,1.290975147304006,0.4090355721634622,-1.5618755234959356,1.6586709298539055,0.2851214799545941,70
-1.4736902325967058,-1.6670217055749608,-1.1157632691344357,-0.1404990337643092,-1.2118584192988318,1.3159641670593372,1.6586709298539055,0.2851214799545941,61
0.6042647161780897,-1.4999370584027398,-1.2546592997880792,-0.1404990337643092,-1.2118584192988318,-1.5618755234959356,-0.9037617189551556,-1.0599264484110875,62
-1.7334346011935553,-0.4974291753694151,-1.7407954070758322,1.290975147304006,-1.2118584192988318,-0.1229556782182992,-0.9037617189551556,-1.0599264484110875,63
-0.434712758209308,0.0038247661472472,0.4815410833824666,-0.1404990337643092,-1.2118584192988318,-0.1229556782182992,0.3774546054493748,-1.0599264484110875,66
0.2579388913822905,-1.8341063527471813,0.7593331446897539,-1.5719732148326244,-1.2118584192988318,1.3159641670593372,0.3774546054493748,-1.0599264484110875,62
-0.1749683896124585,-0.6645138225416359,1.6621573439384378,1.290975147304006,-1.2118584192988318,-0.1229556782182992,-0.9037617189551556,-1.0599264484110875,65
-0.7810385830051073,0.3379940604916889,-1.046315253807614,-0.1404990337643092,-0.4014114235676847,-0.1229556782182992,-0.9037617189551556,0.2851214799545941,65
1.0371719971728388,-2.335360294263844,0.1343010067483574,-0.1404990337643092,-0.4014114235676847,-0.1229556782182992,-0.9037617189551556,-1.0599264484110875,66
-0.8676200392040571,-1.1657677640582984,-1.3241073151149012,-0.1404990337643092,0.4090355721634622,-0.1229556782182992,-0.9037617189551556,0.2851214799545941,62
0.51768325997914,-0.6645138225416359,0.2037490220751792,-0.1404990337643092,-0.4014114235676847,1.3159641670593372,1.6586709298539055,-1.0599264484110875,68
-0.1749683896124585,-0.1632598810249735,-0.0740430392321081,-0.1404990337643092,0.4090355721634622,-0.1229556782182992,-0.9037617189551556,-1.0599264484110875,66
1.0371719971728388,0.170909413319468,0.0648529914215355,-1.5719732148326244,0.4090355721634622,1.3159641670593372,0.3774546054493748,-1.0599264484110875,70
-1.387108776397756,0.170909413319468,0.5509890987092884,-1.5719732148326244,0.4090355721634622,1.3159641670593372,-0.9037617189551556,-1.0599264484110875,64
1.6432421905654877,0.3379940604916889,1.176021236650685,-1.5719732148326244,1.2194825678946093,-0.1229556782182992,1.6586709298539055,0.2851214799545941,72
1.2103349095707383,0.5050787076639097,1.106573221323863,-1.5719732148326244,-0.4014114235676847,-0.1229556782182992,-0.9037617189551556,0.2851214799545941,71
0.3445203475812403,2.0088405322138967,0.8287811600165758,-0.1404990337643092,0.4090355721634622,-0.1229556782182992,-0.9037617189551556,0.2851214799545941,70
-0.434712758209308,1.006332649180572,1.523261313284794,1.290975147304006,-0.4014114235676847,1.3159641670593372,-0.9037617189551556,-1.0599264484110875,69
-1.300527320198806,0.3379940604916889,0.4815410833824666,-1.5719732148326244,0.4090355721634622,1.3159641670593372,1.6586709298539055,0.2851214799545941,66
0.8640090847749392,-2.168275647091623,1.2454692519775068,-0.1404990337643092,2.029929563625756,-1.5618755234959356,0.3774546054493748,0.2851214799545941,66
-0.3481313020103582,-0.4974291753694151,0.2731970374020011,-0.1404990337643092,-0.4014114235676847,-0.1229556782182992,1.6586709298539055,-1.0599264484110875,63
-0.0883869334135087,0.5050787076639097,-1.4630033457685447,1.290975147304006,-0.4014114235676847,1.3159641670593372,-0.9037617189551556,-1.0599264484110875,67
-0.3481313020103582,0.6721633548361304,-1.393555330441723,-0.1404990337643092,0.4090355721634622,1.3159641670593372,-0.9037617189551556,-1.0599264484110875,67
1.2103349095707383,-0.4974291753694151,0.6898851293629321,-0.1404990337643092,-0.4014114235676847,-1.5618755234959356,-0.9037617189551556,0.2851214799545941,68
1.5566607343665375,0.8392480020083513,1.0371252059970413,-0.1404990337643092,-0.4014114235676847,-0.1229556782182992,1.6586709298539055,1.6301694083202758,94
-0.6944571268061575,0.5050787076639097,0.9676771906702194,1.290975147304006,-1.2118584192988318,1.3159641670593372,-0.9037617189551556,0.2851214799545941,67
-1.6468531449946056,0.0038247661472472,0.3426450527288229,-0.1404990337643092,-0.4014114235676847,1.3159641670593372,-0.9037617189551556,-1.0599264484110875,65
0.0847759789843908,-0.6645138225416359,-0.0740430392321081,-0.1404990337643092,1.2194825678946093,-0.1229556782182992,1.6586709298539055,0.2851214799545941,68
1.6432421905654877,0.170909413319468,1.3843652826311503,-1.5719732148326244,0.4090355721634622,1.3159641670593372,-0.9037617189551556,-1.0599264484110875,70
-0.0018054772145589,-0.1632598810249735,1.7316053592652596,1.290975147304006,-0.4014114235676847,1.3159641670593372,-0.9037617189551556,0.2851214799545941,70
1.2969163657696885,-1.6670217055749608,1.2454692519775068,1.290975147304006,-1.2118584192988318,-0.1229556782182992,-0.9037617189551556,-1.0599264484110875,69
0.7774276285759895,-2.168275647091623,-1.5324513610953667,-1.5719732148326244,1.2194825678946093,1.3159641670593372,-0.9037617189551556,-1.0599264484110875,64
1.6432421905654877,0.5050787076639097,-0.976867238480792,-0.1404990337643092,0.4090355721634622,-1.5618755234959356,-0.9037617189551556,1.6301694083202758,70
0.4311018037801901,2.5100944737305597,-0.1434910545589299,1.290975147304006,-0.4014114235676847,-0.1229556782182992,-0.9037617189551556,1.6301694083202758,74
0.4311018037801901,0.0038247661472472,-1.1852112844612577,-0.1404990337643092,-1.2118584192988318,-0.1229556782182992,1.6586709298539055,-1.0599264484110875,65
-1.300527320198806,2.3430098265583386,-0.9074192231539702,-0.1404990337643092,-1.2118584192988318,-0.1229556782182992,-0.9037617189551556,0.2851214799545941,67
-0.0883869334135087,-1.3328524112305191,1.6621573439384378,-0.1404990337643092,0.4090355721634622,-0.1229556782182992,-0.9037617189551556,0.2851214799545941,64
-0.3481313020103582,1.5075865906972346,-1.1157632691344357,1.290975147304006,2.029929563625756,-0.1229556782182992,1.6586709298539055,-1.0599264484110875,71
-0.434712758209308,-0.1632598810249735,-0.7685231925003265,1.290975147304006,0.4090355721634622,-0.1229556782182992,1.6586709298539055,1.6301694083202758,67
-1.387108776397756,0.0038247661472472,0.4815410833824666,1.290975147304006,1.2194825678946093,-0.1229556782182992,-0.9037617189551556,0.2851214799545941,64
1.3834978219686382,-0.8315984697138568,-1.4630033457685447,-1.5719732148326244,-1.2118584192988318,-0.1229556782182992,0.3774546054493748,-1.0599264484110875,65
0.9505905409738892,-0.8315984697138568,-0.976867238480792,-0.1404990337643092,-0.4014114235676847,-0.1229556782182992,-0.9037617189551556,0.2851214799545941,66
1.2103349095707383,0.0038247661472472,0.9676771906702194,1.290975147304006,-0.4014114235676847,-1.5618755234959356,-0.9037617189551556,-1.0599264484110875,71
1.1237534533717888,1.841755885041676,0.4815410833824666,-1.5719732148326244,0.4090355721634622,-0.1229556782182992,-0.9037617189551556,1.6301694083202758,72
0.7774276285759895,-0.8315984697138568,-1.3241073151149012,-0.1404990337643092,0.4090355721634622,-0.1229556782182992,0.3774546054493748,0.2851214799545941,67
1.470079278167588,0.0038247661472472,0.4120930680556447,-0.1404990337643092,1.2194825678946093,-0.1229556782182992,0.3774546054493748,0.2851214799545941,71
-1.5602716887956556,1.6746712378694553,1.523261313284794,-1.5719732148326244,-1.2118584192988318,-1.5618755234959356,0.3774546054493748,1.6301694083202758,66
-0.6078756706072076,-1.4999370584027398,-1.1852112844612577,1.290975147304006,-1.2118584192988318,-0.1229556782182992,0.3774546054493748,0.2851214799545941,62
-1.0407829516019569,-0.1632598810249735,0.3426450527288229,-0.1404990337643092,-1.2118584192988318,-0.1229556782182992,-0.9037617189551556,0.2851214799545941,78
-1.5602716887956556,-1.6670217055749608,-0.4907311311930391,-1.5719732148326244,1.2194825678946093,-0.1229556782182992,1.6586709298539055,0.2851214799545941,61
1.2103349095707383,0.3379940604916889,0.4120930680556447,1.290975147304006,0.4090355721634622,-1.5618755234959356,-0.9037617189551556,0.2851214799545941,71
-1.6468531449946056,0.6721633548361304,0.5509890987092884,-0.1404990337643092,-1.2118584192988318,-0.1229556782182992,-0.9037617189551556,0.2851214799545941,64
-0.9542014954030068,-1.8341063527471813,0.4815410833824666,-0.1404990337643092,-0.4014114235676847,1.3159641670593372,-0.9037617189551556,1.6301694083202758,65
-1.300527320198806,0.8392480020083513,-0.7685231925003265,-0.1404990337643092,-0.4014114235676847,-1.5618755234959356,0.3774546054493748,0.2851214799545941,64
0.2579388913822905,1.5075865906972346,-0.9074192231539702,-1.5719732148326244,2.029929563625756,-0.1229556782182992,0.3774546054493748,1.6301694083202758,70
0.2579388913822905,1.006332649180572,1.523261313284794,-0.1404990337643092,0.4090355721634622,-0.1229556782182992,0.3774546054493748,-1.0599264484110875,70
-1.1273644078009066,-0.6645138225416359,-1.5324513610953667,-0.1404990337643092,0.4090355721634622,-0.1229556782182992,-0.9037617189551556,0.2851214799545941,62
1.3834978219686382,-1.6670217055749608,0.3426450527288229,1.290975147304006,-1.2118584192988318,1.3159641670593372,-0.9037617189551556,0.2851214799545941,67
0.7774276285759895,-1.1657677640582984,1.5927093286116158,1.290975147304006,-1.2118584192988318,-1.5618755234959356,-0.9037617189551556,0.2851214799545941,67
-0.7810385830051073,-0.8315984697138568,-0.4212831158662173,1.290975147304006,0.4090355721634622,1.3159641670593372,0.3774546054493748,-1.0599264484110875,65
0.51768325997914,-2.001190999919402,1.5927093286116158,-1.5719732148326244,-0.4014114235676847,1.3159641670593372,0.3774546054493748,-1.0599264484110875,65
0.7774276285759895,1.006332649180572,-1.1157632691344357,-0.1404990337643092,-0.4014114235676847,-0.1229556782182992,-0.9037617189551556,-1.0599264484110875,70
-0.434712758209308,-0.1632598810249735,-0.6990751771735046,-0.1404990337643092,-1.2118584192988318,-0.1229556782182992,-0.9037617189551556,-1.0599264484110875,63
-0.3481313020103582,0.0038247661472472,1.3843652826311503,-0.1404990337643092,2.029929563625756,-1.5618755234959356,-0.9037617189551556,-1.0599264484110875,68
1.470079278167588,1.006332649180572,0.5509890987092884,-0.1404990337643092,0.4090355721634622,-0.1229556782182992,1.6586709298539055,-1.0599264484110875,74
-1.1273644078009066,-0.4974291753694151,-1.1157632691344357,-0.1404990337643092,-1.2118584192988318,-0.1229556782182992,-0.9037617189551556,0.2851214799545941,61
-1.2139458639998564,-0.3303445281971943,1.2454692519775068,-0.1404990337643092,-0.4014114235676847,-1.5618755234959356,0.3774546054493748,-1.0599264484110875,63
-1.5602716887956556,0.0038247661472472,0.6898851293629321,-0.1404990337643092,0.4090355721634622,1.3159641670593372,0.3774546054493748,0.2851214799545941,66
0.6908461723770396,-1.1657677640582984,0.8982291753433976,1.290975147304006,0.4090355721634622,-1.5618755234959356,1.6586709298539055,-1.0599264484110875,68
-1.5602716887956556,0.0038247661472472,1.5927093286116158,-0.1404990337643092,-0.4014114235676847,-0.1229556782182992,-0.9037617189551556,1.6301694083202758,64
1.6432421905654877,0.8392480020083513,0.2731970374020011,-1.5719732148326244,0.4090355721634622,-0.1229556782182992,0.3774546054493748,-1.0599264484110875,71
1.2969163657696885,0.5050787076639097,0.7593331446897539,-0.1404990337643092,1.2194825678946093,-0.1229556782182992,1.6586709298539055,-1.0599264484110875,72
1.470079278167588,-1.3328524112305191,-0.4212831158662173,-1.5719732148326244,-1.2118584192988318,-0.1229556782182992,-0.9037617189551556,-1.0599264484110875,67
-0.6944571268061575,0.8392480020083513,-0.9074192231539702,1.290975147304006,0.4090355721634622,-0.1229556782182992,-0.9037617189551556,-1.0599264484110875,67
-1.5602716887956556,1.5075865906972346,-0.0740430392321081,-0.1404990337643092,-0.4014114235676847,1.3159641670593372,0.3774546054493748,-1.0599264484110875,66
0.0847759789843908,-1.6670217055749608,0.6898851293629321,-1.5719732148326244,-0.4014114235676847,-0.1229556782182992,0.3774546054493748,-1.0599264484110875,63
0.1713574351833407,-0.3303445281971943,-0.1434910545589299,-0.1404990337643092,0.4090355721634622,-1.5618755234959356,0.3774546054493748,-1.0599264484110875,66
0.6908461723770396,0.3379940604916889,-1.046315253807614,-0.1404990337643092,-0.4014114235676847,-0.1229556782182992,-0.9037617189551556,-1.0599264484110875,67
0.6042647161780897,0.5050787076639097,1.4538132979579723,-0.1404990337643092,0.4090355721634622,1.3159641670593372,0.3774546054493748,0.2851214799545941,72
-0.3481313020103582,1.3405019435250136,-1.046315253807614,-0.1404990337643092,-0.4014114235676847,-0.1229556782182992,-0.9037617189551556,-1.0599264484110875,66
-1.387108776397756,0.0038247661472472,1.3843652826311503,-1.5719732148326244,2.029929563625756,1.3159641670593372,-0.9037617189551556,0.2851214799545941,66
0.9505905409738892,0.170909413319468,-1.393555330441723,-0.1404990337643092,0.4090355721634622,-0.1229556782182992,-0.9037617189551556,1.6301694083202758,70
1.2969163657696885,0.0038247661472472,0.0648529914215355,-0.1404990337643092,-1.2118584192988318,-0.1229556782182992,-0.9037617189551556,-1.0599264484110875,69
-0.2615498458114084,0.170909413319468,1.6621573439384378,-0.1404990337643092,1.2194825678946093,-1.5618755234959356,1.6586709298539055,0.2851214799545941,69
-0.434712758209308,0.170909413319468,-0.3518351005393955,-0.1404990337643092,1.2194825678946093,-0.1229556782182992,1.6586709298539055,0.2851214799545941,67
-0.6944571268061575,-0.8315984697138568,-0.4907311311930391,-0.1404990337643092,-1.2118584192988318,-0.1229556782182992,-0.9037617189551556,0.2851214799545941,64
-1.387108776397756,1.006332649180572,1.106573221323863,1.290975147304006,-0.4014114235676847,-0.1229556782182992,-0.9037617189551556,-1.0599264484110875,66
1.470079278167588,-2.001190999919402,-1.1852112844612577,1.290975147304006,0.4090355721634622,-0.1229556782182992,0.3774546054493748,1.6301694083202758,69
0.7774276285759895,-0.9986831168860776,-0.1434910545589299,1.290975147304006,0.4090355721634622,1.3159641670593372,0.3774546054493748,0.2851214799545941,70
1.5566607343665375,-0.8315984697138568,-1.1852112844612577,-0.1404990337643092,-1.2118584192988318,1.3159641670593372,0.3774546054493748,-1.0599264484110875,69
-0.6944571268061575,-1.3328524112305191,1.0371252059970413,-1.5719732148326244,-1.2118584192988318,-0.1229556782182992,1.6586709298539055,1.6301694083202758,63
-1.387108776397756,-1.6670217055749608,1.4538132979579723,1.290975147304006,-0.4014114235676847,-0.1229556782182992,-0.9037617189551556,0.2851214799545941,62
-0.2615498458114084,2.3430098265583386,-1.6018993764221885,1.290975147304006,-1.2118584192988318,-0.1229556782182992,-0.9037617189551556,0.2851214799545941,69
-1.0407829516019569,-1.3328524112305191,-0.0045950239052862,1.290975147304006,-0.4014114235676847,1.3159641670593372,-0.9037617189551556,0.2851214799545941,64
-0.6078756706072076,-0.3303445281971943,1.3149172673043286,1.290975147304006,-0.4014114235676847,-0.1229556782182992,1.6586709298539055,1.6301694083202758,68
-1.6468531449946056,1.3405019435250136,0.3426450527288229,-0.1404990337643092,0.4090355721634622,-1.5618755234959356,1.6586709298539055,0.2851214799545941,67
1.5566607343665375,-0.8315984697138568,-0.976867238480792,1.290975147304006,2.029929563625756,-0.1229556782182992,-0.9037617189551556,-1.0599264484110875,70
1.1237534533717888,-1.6670217055749608,-1.6018993764221885,-0.1404990337643092,0.4090355721634622,-1.5618755234959356,1.6586709298539055,0.2851214799545941,66
-1.6468531449946056,0.6721633548361304,0.8982291753433976,-0.1404990337643092,-0.4014114235676847,-0.1229556782182992,-0.9037617189551556,-1.0599264484110875,64
0.0847759789843908,-0.1632598810249735,0.6898851293629321,-0.1404990337643092,-0.4014114235676847,-0.1229556782182992,-0.9037617189551556,-1.0599264484110875,66
0.9505905409738892,-1.1657677640582984,-0.6296271618466828,-0.1404990337643092,0.4090355721634622,1.3159641670593372,-0.9037617189551556,0.2851214799545941,69
-0.6078756706072076,1.3405019435250136,-1.4630033457685447,-0.1404990337643092,2.029929563625756,-1.5618755234959356,-0.9037617189551556,0.2851214799545941,67
-1.2139458639998564,0.5050787076639097,1.0371252059970413,1.290975147304006,0.4090355721634622,-0.1229556782182992,-0.9037617189551556,-1.0599264484110875,66
-0.5212942144082578,0.8392480020083513,-0.6990751771735046,-0.1404990337643092,-1.2118584192988318,-1.5618755234959356,-0.9037617189551556,1.6301694083202758,65
0.51768325997914,1.3405019435250136,-1.6018993764221885,-0.1404990337643092,-1.2118584192988318,-0.1229556782182992,0.3774546054493748,0.2851214799545941,70
0.3445203475812403,0.5050787076639097,-1.3241073151149012,-1.5719732148326244,-0.4014114235676847,-1.5618755234959356,-0.9037617189551556,0.2851214799545941,65
0.4311018037801901,-0.8315984697138568,-1.1852112844612577,-0.1404990337643092,-0.4014114235676847,-0.1229556782182992,0.3774546054493748,-1.0599264484110875,65
-0.8676200392040571,0.170909413319468,1.3149172673043286,1.290975147304006,-1.2118584192988318,-1.5618755234959356,0.3774546054493748,-1.0599264484110875,65
-0.5212942144082578,0.170909413319468,-1.6018993764221885,-0.1404990337643092,1.2194825678946093,-0.1229556782182992,-0.9037617189551556,0.2851214799545941,66
1.5566607343665375,-0.6645138225416359,0.8982291753433976,-0.1404990337643092,-0.4014114235676847,1.3159641670593372,1.6586709298539055,-1.0599264484110875,70
0.3445203475812403,0.170909413319468,-1.6018993764221885,-0.1404990337643092,-0.4014114235676847,-0.1229556782182992,0.3774546054493748,0.2851214799545941,65
-1.387108776397756,-1.8341063527471813,-0.4907311311930391,-1.5719732148326244,-1.2118584192988318,-0.1229556782182992,-0.9037617189551556,0.2851214799545941,57
0.0847759789843908,-1.3328524112305191,0.4815410833824666,1.290975147304006,-0.4014114235676847,1.3159641670593372,-0.9037617189551556,0.2851214799545941,66
1.2969163657696885,0.5050787076639097,0.7593331446897539,-0.1404990337643092,-1.2118584192988318,1.3159641670593372,-0.9037617189551556,0.2851214799545941,71
-1.0407829516019569,-0.3303445281971943,0.4815410833824666,1.290975147304006,-1.2118584192988318,1.3159641670593372,-0.9037617189551556,0.2851214799545941,66
-0.5212942144082578,-0.6645138225416359,-1.3241073151149012,1.290975147304006,-0.4014114235676847,1.3159641670593372,-0.9037617189551556,-1.0599264484110875,65
0.7774276285759895,0.6721633548361304,1.6621573439384378,-1.5719732148326244,-0.4014114235676847,-0.1229556782182992,1.6586709298539055,1.6301694083202758,73
-1.6468531449946056,2.5100944737305597,-0.976867238480792,1.290975147304006,0.4090355721634622,-0.1229556782182992,-0.9037617189551556,0.2851214799545941,68
-0.434712758209308,-1.1657677640582984,-1.6713473917490105,1.290975147304006,1.2194825678946093,1.3159641670593372,-0.9037617189551556,0.2851214799545941,65
0.8640090847749392,-0.1632598810249735,-1.6713473917490105,-1.5719732148326244,-0.4014114235676847,-1.5618755234959356,1.6586709298539055,-1.0599264484110875,65
1.470079278167588,0.5050787076639097,0.6204371140361102,1.290975147304006,-0.4014114235676847,-0.1229556782182992,-0.9037617189551556,1.6301694083202758,71
1.470079278167588,-0.1632598810249735,0.2037490220751792,1.290975147304006,-1.2118584192988318,1.3159641670593372,0.3774546054493748,0.2851214799545941,70
1.0371719971728388,0.8392480020083513,-0.2129390698857517,1.290975147304006,-0.4014114235676847,-1.5618755234959356,1.6586709298539055,-1.0599264484110875,70
0.0847759789843908,1.841755885041676,-0.3518351005393955,-0.1404990337643092,-0.4014114235676847,-0.1229556782182992,1.6586709298539055,-1.0599264484110875,70
-1.300527320198806,-0.4974291753694151,-1.393555330441723,-1.5719732148326244,0.4090355721634622,-1.5618755234959356,-0.9037617189551556,-1.0599264484110875,61
-1.300527320198806,1.5075865906972346,1.176021236650685,-0.1404990337643092,-1.2118584192988318,-1.5618755234959356,-0.9037617189551556,0.2851214799545941,66
-0.9542014954030068,1.173417296352793,0.9676771906702194,1.290975147304006,0.4090355721634622,-0.1229556782182992,-0.9037617189551556,1.6301694083202758,69
0.9505905409738892,0.170909413319468,-0.0740430392321081,1.290975147304006,-1.2118584192988318,-0.1229556782182992,1.6586709298539055,0.2851214799545941,70
-0.9542014954030068,-2.168275647091623,-1.4630033457685447,1.290975147304006,-0.4014114235676847,-0.1229556782182992,-0.9037617189551556,0.2851214799545941,87
-1.2139458639998564,1.3405019435250136,1.5927093286116158,-1.5719732148326244,-1.2118584192988318,-0.1229556782182992,-0.9037617189551556,0.2851214799545941,67
-1.2139458639998564,1.006332649180572,0.4815410833824666,1.290975147304006,-0.4014114235676847,1.3159641670593372,-0.9037617189551556,-1.0599264484110875,68
1.0371719971728388,0.3379940604916889,1.3843652826311503,-1.5719732148326244,-1.2118584192988318,1.3159641670593372,1.6586709298539055,-1.0599264484110875,70
-0.0883869334135087,-0.9986831168860776,-1.046315253807614,-1.5719732148326244,1.2194825678946093,-0.1229556782182992,-0.9037617189551556,-1.0599264484110875,64
1.0371719971728388,0.0038247661472472,-0.976867238480792,1.290975147304006,0.4090355721634622,-0.1229556782182992,0.3774546054493748,1.6301694083202758,71
1.6432421905654877,-0.4974291753694151,0.0648529914215355,-0.1404990337643092,0.4090355721634622,-0.1229556782182992,1.6586709298539055,1.6301694083202758,70
-1.2139458639998564,-0.1632598810249735,0.1343010067483574,-0.1404990337643092,1.2194825678946093,1.3159641670593372,0.3774546054493748,0.2851214799545941,64
0.3445203475812403,-0.6645138225416359,-1.5324513610953667,1.290975147304006,0.4090355721634622,-0.1229556782182992,-0.9037617189551556,-1.0599264484110875,65
-0.6944571268061575,-0.6645138225416359,-1.1852112844612577,1.290975147304006,-0.4014114235676847,-0.1229556782182992,-0.9037617189551556,0.2851214799545941,62
-0.6078756706072076,0.0038247661472472,1.176021236650685,-0.1404990337643092,0.4090355721634622,1.3159641670593372,0.3774546054493748,0.2851214799545941,69
1.0371719971728388,0.8392480020083513,-0.2129390698857517,1.290975147304006,-0.4014114235676847,-1.5618755234959356,-0.9037617189551556,0.2851214799545941,71
-1.387108776397756,0.8392480020083513,-1.5324513610953667,-0.1404990337643092,-0.4014114235676847,-0.1229556782182992,0.3774546054493748,0.2851214799545941,64
-1.6468531449946056,-0.6645138225416359,0.7593331446897539,-0.1404990337643092,0.4090355721634622,-0.1229556782182992,-0.9037617189551556,-1.0599264484110875,62
-1.6468531449946056,-0.1632598810249735,0.5509890987092884,1.290975147304006,-0.4014114235676847,-1.5618755234959356,-0.9037617189551556,0.2851214799545941,62
-1.5602716887956556,2.175925179386118,-0.0740430392321081,-0.1404990337643092,0.4090355721634622,-0.1229556782182992,0.3774546054493748,0.2851214799545941,66
0.7774276285759895,0.0038247661472472,0.6204371140361102,1.290975147304006,2.840376559356903,-0.1229556782182992,1.6586709298539055,1.6301694083202758,72
0.6908461723770396,-0.3303445281971943,1.4538132979579723,1.290975147304006,-0.4014114235676847,1.3159641670593372,-0.9037617189551556,-1.0599264484110875,69
-0.0018054772145589,1.006332649180572,-0.1434910545589299,-1.5719732148326244,-0.4014114235676847,1.3159641670593372,-0.9037617189551556,0.2851214799545941,69
1.2969163657696885,-0.4974291753694151,-0.3518351005393955,-0.1404990337643092,-0.4014114235676847,1.3159641670593372,-0.9037617189551556,-1.0599264484110875,69
-1.5602716887956556,1.841755885041676,0.5509890987092884,-0.1404990337643092,-1.2118584192988318,1.3159641670593372,0.3774546054493748,0.2851214799545941,67
-0.6944571268061575,-1.6670217055749608,0.5509890987092884,-0.1404990337643092,-1.2118584192988318,-0.1229556782182992,-0.9037617189551556,0.2851214799545941,63
-0.2615498458114084,1.006332649180572,-1.5324513610953667,-1.5719732148326244,1.2194825678946093,-0.1229556782182992,-0.9037617189551556,0.2851214799545941,67
-1.1273644078009066,-0.6645138225416359,-1.3241073151149012,-0.1404990337643092,-0.4014114235676847,-0.1229556782182992,0.3774546054493748,-1.0599264484110875,61
0.1713574351833407,0.8392480020083513,1.6621573439384378,-0.1404990337643092,1.2194825678946093,-0.1229556782182992,-0.9037617189551556,-1.0599264484110875,71
-1.300527320198806,-2.5024449414360648,1.5927093286116158,1.290975147304006,-0.4014114235676847,-0.1229556782182992,-0.9037617189551556,-1.0599264484110875,59
1.5566607343665375,-0.8315984697138568,0.3426450527288229,-1.5719732148326244,0.4090355721634622,1.3159641670593372,1.6586709298539055,1.6301694083202758,69
-1.4736902325967058,0.3379940604916889,1.2454692519775068,-0.1404990337643092,-1.2118584192988318,1.3159641670593372,-0.9037617189551556,0.2851214799545941,64
-0.1749683896124585,-0.3303445281971943,-0.560179146519861,-0.1404990337643092,-1.2118584192988318,1.3159641670593372,0.3774546054493748,1.6301694083202758,64
-1.2139458639998564,0.170909413319468,-0.0740430392321081,-0.1404990337643092,0.4090355721634622,-0.1229556782182992,-0.9037617189551556,0.2851214799545941,66
-0.6944571268061575,-0.1632598810249735,0.6898851293629321,-0.1404990337643092,-0.4014114235676847,-0.1229556782182992,0.3774546054493748,-1.0599264484110875,66
0.0847759789843908,-0.4974291753694151,1.3843652826311503,-0.1404990337643092,0.4090355721634622,1.3159641670593372,-0.9037617189551556,0.2851214799545941,69
1.7298236467644377,0.0038247661472472,1.106573221323863,-0.1404990337643092,1.2194825678946093,-0.1229556782182992,-0.9037617189551556,-1.0599264484110875,72
0.8640090847749392,1.006332649180572,0.4120930680556447,1.290975147304006,-0.4014114235676847,-1.5618755234959356,1.6586709298539055,-1.0599264484110875,71
0.51768325997914,0.170909413319468,-1.3241073151149012,-1.5719732148326244,-0.4014114235676847,-0.1229556782182992,0.3774546054493748,-1.0599264484110875,66
-0.7810385830051073,0.3379940604916889,-1.1852112844612577,-0.1404990337643092,0.4090355721634622,1.3159641670593372,0.3774546054493748,-1.0599264484110875,65
-1.5602716887956556,-0.6645138225416359,-0.1434910545589299,-0.1404990337643092,1.2194825678946093,-0.1229556782182992,-0.9037617189551556,1.6301694083202758,62
-1.2139458639998564,-2.335360294263844,-0.9074192231539702,-0.1404990337643092,0.4090355721634622,1.3159641670593372,1.6586709298539055,-1.0599264484110875,61
0.51768325997914,-1.4999370584027398,-0.0045950239052862,-0.1404990337643092,-0.4014114235676847,-0.1229556782182992,1.6586709298539055,0.2851214799545941,65
-1.300527320198806,0.6721633548361304,-1.6018993764221885,1.290975147304006,-0.4014114235676847,-1.5618755234959356,1.6586709298539055,1.6301694083202758,64
1.2969163657696885,-0.6645138225416359,0.5509890987092884,-1.5719732148326244,0.4090355721634622,-0.1229556782182992,-0.9037617189551556,-1.0599264484110875,68
1.5566607343665375,1.6746712378694553,1.2454692519775068,-1.5719732148326244,-0.4014114235676847,-0.1229556782182992,-0.9037617189551556,-1.0599264484110875,88
-0.2615498458114084,0.0038247661472472,-0.976867238480792,-1.5719732148326244,0.4090355721634622,-0.1229556782182992,-0.9037617189551556,0.2851214799545941,65
0.7774276285759895,0.6721633548361304,1.6621573439384378,-0.1404990337643092,0.4090355721634622,1.3159641670593372,-0.9037617189551556,-1.0599264484110875,73
-1.1273644078009066,0.3379940604916889,0.2731970374020011,-0.1404990337643092,-0.4014114235676847,-0.1229556782182992,0.3774546054493748,0.2851214799545941,65
-0.0018054772145589,-0.1632598810249735,1.6621573439384378,-1.5719732148326244,-0.4014114235676847,-1.5618755234959356,1.6586709298539055,-1.0599264484110875,67
0.3445203475812403,0.170909413319468,0.8287811600165758,-1.5719732148326244,0.4090355721634622,1.3159641670593372,1.6586709298539055,1.6301694083202758,69
-0.0018054772145589,0.3379940604916889,-0.2823870852125736,-0.1404990337643092,0.4090355721634622,-0.1229556782182992,-0.9037617189551556,-1.0599264484110875,68
-1.300527320198806,-0.6645138225416359,-0.4907311311930391,-1.5719732148326244,-0.4014114235676847,-0.1229556782182992,-0.9037617189551556,1.6301694083202758,61
-0.0018054772145589,-0.3303445281971943,-1.393555330441723,-0.1404990337643092,0.4090355721634622,-0.1229556782182992,-0.9037617189551556,-1.0599264484110875,63
-0.6944571268061575,-0.4974291753694151,-0.0740430392321081,1.290975147304006,0.4090355721634622,-0.1229556782182992,1.6586709298539055,1.6301694083202758,67
-0.6078756706072076,0.3379940604916889,-0.2129390698857517,-0.1404990337643092,1.2194825678946093,-1.5618755234959356,-0.9037617189551556,0.2851214799545941,66
-0.6078756706072076,0.6721633548361304,1.6621573439384378,-0.1404990337643092,1.2194825678946093,-0.1229556782182992,-0.9037617189551556,0.2851214799545941,69
-1.5602716887956556,1.173417296352793,1.4538132979579723,-1.5719732148326244,0.4090355721634622,1.3159641670593372,-0.9037617189551556,-1.0599264484110875,66
-0.7810385830051073,-0.6645138225416359,-0.4212831158662173,1.290975147304006,-0.4014114235676847,-0.1229556782182992,1.6586709298539055,-1.0599264484110875,65
0.0847759789843908,-0.9986831168860776,0.8982291753433976,-0.1404990337643092,-0.4014114235676847,-0.1229556782182992,1.6586709298539055,1.6301694083202758,67
0.3445203475812403,-0.8315984697138568,0.2731970374020011,1.290975147304006,-0.4014114235676847,-0.1229556782182992,-0.9037617189551556,0.2851214799545941,68
0.8640090847749392,-0.6645138225416359,-0.6296271618466828,-0.1404990337643092,-1.2118584192988318,1.3159641670593372,-0.9037617189551556,1.6301694083202758,67
0.6042647161780897,-0.4974291753694151,-1.6018993764221885,-0.1404990337643092,-0.4014114235676847,-0.1229556782182992,0.3774546054493748,0.2851214799545941,67
-0.9542014954030068,0.170909413319468,-1.6018993764221885,-0.1404990337643092,-1.2118584192988318,1.3159641670593372,1.6586709298539055,-1.0599264484110875,64
-1.387108776397756,0.170909413319468,-0.1434910545589299,-1.5719732148326244,0.4090355721634622,-0.1229556782182992,0.3774546054493748,-1.0599264484110875,61
-1.6468531449946056,0.5050787076639097,-1.1852112844612577,-0.1404990337643092,2.029929563625756,-1.5618755234959356,-0.9037617189551556,0.2851214799545941,63
-0.6944571268061575,-0.9986831168860776,0.9676771906702194,1.290975147304006,0.4090355721634622,-1.5618755234959356,-0.9037617189551556,0.2851214799545941,65
-1.0407829516019569,-1.1657677640582984,-1.046315253807614,1.290975147304006,-0.4014114235676847,-1.5618755234959356,0.3774546054493748,0.2851214799545941,61
-1.2139458639998564,-0.1632598810249735,-1.1157632691344357,1.290975147304006,-0.4014114235676847,-0.1229556782182992,-0.9037617189551556,1.6301694083202758,62
-0.2615498458114084,-0.4974291753694151,-1.4630033457685447,-0.1404990337643092,-0.4014114235676847,-0.1229556782182992,0.3774546054493748,-1.0599264484110875,64
1.6432421905654877,0.170909413319468,-0.560179146519861,-1.5719732148326244,-0.4014114235676847,1.3159641670593372,0.3774546054493748,0.2851214799545941,71
-0.7810385830051073,0.0038247661472472,-0.9074192231539702,1.290975147304006,0.4090355721634622,-1.5618755234959356,0.3774546054493748,0.2851214799545941,66
-1.4736902325967058,-0.6645138225416359,-0.1434910545589299,1.290975147304006,-1.2118584192988318,-0.1229556782182992,0.3774546054493748,0.2851214799545941,63
-0.0018054772145589,-1.1657677640582984,-0.6296271618466828,1.290975147304006,0.4090355721634622,-1.5618755234959356,-0.9037617189551556,-1.0599264484110875,64
-1.0407829516019569,-0.3303445281971943,1.4538132979579723,1.290975147304006,-0.4014114235676847,-1.5618755234959356,-0.9037617189551556,1.6301694083202758,65
-1.6468531449946056,-0.1632598810249735,-0.6296271618466828,-0.1404990337643092,-1.2118584192988318,-0.1229556782182992,-0.9037617189551556,1.6301694083202758,61
0.8640090847749392,-0.4974291753694151,-1.3241073151149012,-0.1404990337643092,-1.2118584192988318,-0.1229556782182992,0.3774546054493748,0.2851214799545941,67
-1.300527320198806,-0.9986831168860776,0.4120930680556447,-0.1404990337643092,-0.4014114235676847,-1.5618755234959356,-0.9037617189551556,-1.0599264484110875,61
-0.5212942144082578,0.5050787076639097,-0.976867238480792,-1.5719732148326244,-1.2118584192988318,-1.5618755234959356,1.6586709298539055,0.2851214799545941,64
0.6042647161780897,0.5050787076639097,0.8287811600165758,1.290975147304006,-0.4014114235676847,1.3159641670593372,0.3774546054493748,0.2851214799545941,73
-1.6468531449946056,-1.1657677640582984,-0.1434910545589299,-1.5719732148326244,0.4090355721634622,-1.5618755234959356,-0.9037617189551556,1.6301694083202758,59
0.51768325997914,0.6721633548361304,-0.4907311311930391,1.290975147304006,1.2194825678946093,-0.1229556782182992,0.3774546054493748,-1.0599264484110875,70
0.6042647161780897,1.006332649180572,-0.3518351005393955,1.290975147304006,1.2194825678946093,-0.1229556782182992,0.3774546054493748,0.2851214799545941,71
1.3834978219686382,0.0038247661472472,-1.2546592997880792,1.290975147304006,-0.4014114235676847,1.3159641670593372,-0.9037617189551556,-1.0599264484110875,70
1.3834978219686382,-0.9986831168860776,-0.4212831158662173,-1.5719732148326244,-1.2118584192988318,-0.1229556782182992,0.3774546054493748,0.2851214799545941,66
1.3834978219686382,0.6721633548361304,1.2454692519775068,1.290975147304006,0.4090355721634622,-1.5618755234959356,-0.9037617189551556,-1.0599264484110875,94
1.1237534533717888,-0.6645138225416359,-1.6018993764221885,-0.1404990337643092,0.4090355721634622,1.3159641670593372,-0.9037617189551556,0.2851214799545941,69
-1.0407829516019569,-0.4974291753694151,0.2037490220751792,-1.5719732148326244,2.029929563625756,-0.1229556782182992,0.3774546054493748,-1.0599264484110875,64
-0.2615498458114084,1.006332649180572,-0.3518351005393955,-0.1404990337643092,0.4090355721634622,-1.5618755234959356,0.3774546054493748,1.6301694083202758,65
-0.0883869334135087,-1.3328524112305191,-0.4212831158662173,-0.1404990337643092,0.4090355721634622,-1.5618755234959356,1.6586709298539055,-1.0599264484110875,65
-0.8676200392040571,-1.3328524112305191,-1.5324513610953667,1.290975147304006,0.4090355721634622,-1.5618755234959356,-0.9037617189551556,-1.0599264484110875,60
-0.2615498458114084,0.6721633548361304,-0.1434910545589299,-0.1404990337643092,1.2194825678946093,1.3159641670593372,-0.9037617189551556,0.2851214799545941,70
1.0371719971728388,-1.1657677640582984,-0.3518351005393955,1.290975147304006,2.029929563625756,-0.1229556782182992,-0.9037617189551556,-1.0599264484110875,68
-0.2615498458114084,-0.8315984697138568,0.6898851293629321,-0.1404990337643092,-0.4014114235676847,-0.1229556782182992,1.6586709298539055,-1.0599264484110875,66
1.6432421905654877,1.841755885041676,-1.2546592997880792,-1.5719732148326244,-0.4014114235676847,-0.1229556782182992,1.6586709298539055,1.6301694083202758,74
-0.2615498458114084,-0.8315984697138568,-0.8379712078271483,-0.1404990337643092,-1.2118584192988318,-1.5618755234959356,-0.9037617189551556,0.2851214799545941,62
0.2579388913822905,-0.8315984697138568,0.6204371140361102,-0.1404990337643092,-0.4014114235676847,1.3159641670593372,0.3774546054493748,1.6301694083202758,68
1.470079278167588,-0.1632598810249735,-0.6296271618466828,-0.1404990337643092,0.4090355721634622,1.3159641670593372,0.3774546054493748,0.2851214799545941,72
1.1237534533717888,1.5075865906972346,0.4815410833824666,1.290975147304006,2.840376559356903,-0.1229556782182992,-0.9037617189551556,-1.0599264484110875,73
-0.1749683896124585,-0.6645138225416359,1.4538132979579723,-0.1404990337643092,-1.2118584192988318,-1.5618755234959356,1.6586709298539055,0.2851214799545941,66
-0.3481313020103582,1.173417296352793,-0.560179146519861,1.290975147304006,-0.4014114235676847,1.3159641670593372,-0.9037617189551556,-1.0599264484110875,68
0.1713574351833407,-1.1657677640582984,-1.3241073151149012,1.290975147304006,0.4090355721634622,-0.1229556782182992,1.6586709298539055,-1.0599264484110875,66
1.0371719971728388,0.5050787076639097,-0.2823870852125736,1.290975147304006,0.4090355721634622,-1.5618755234959356,-0.9037617189551556,-1.0599264484110875,70
-0.0883869334135087,-0.6645138225416359,0.4815410833824666,-0.1404990337643092,0.4090355721634622,-0.1229556782182992,1.6586709298539055,-1.0599264484110875,64
1.2103349095707383,-0.1632598810249735,-0.0045950239052862,-0.1404990337643092,-0.4014114235676847,-1.5618755234959356,0.3774546054493748,0.2851214799545941,68
-0.0018054772145589,-0.9986831168860776,1.2454692519775068,-0.1404990337643092,1.2194825678946093,-1.5618755234959356,-0.9037617189551556,-1.0599264484110875,67
1.5566607343665375,1.6746712378694553,-0.976867238480792,-0.1404990337643092,-1.2118584192988318,-1.5618755234959356,1.6586709298539055,-1.0599264484110875,72
-0.9542014954030068,0.170909413319468,0.7593331446897539,1.290975147304006,0.4090355721634622,1.3159641670593372,-0.9037617189551556,-1.0599264484110875,68
1.470079278167588,1.006332649180572,0.6898851293629321,-0.1404990337643092,0.4090355721634622,-0.1229556782182992,-0.9037617189551556,1.6301694083202758,71
-0.2615498458114084,0.6721633548361304,-0.6990751771735046,1.290975147304006,-0.4014114235676847,-1.5618755234959356,1.6586709298539055,0.2851214799545941,70
-0.6944571268061575,-0.3303445281971943,-0.1434910545589299,1.290975147304006,-1.2118584192988318,1.3159641670593372,-0.9037617189551556,0.2851214799545941,66
0.7774276285759895,0.170909413319468,0.8287811600165758,-0.1404990337643092,1.2194825678946093,-1.5618755234959356,0.3774546054493748,0.2851214799545941,70
0.0847759789843908,-0.8315984697138568,-0.0045950239052862,-1.5719732148326244,-0.4014114235676847,-1.5618755234959356,1.6586709298539055,0.2851214799545941,63
0.7774276285759895,-0.6645138225416359,-1.1852112844612577,-0.1404990337643092,0.4090355721634622,1.3159641670593372,0.3774546054493748,-1.0599264484110875,67
-0.1749683896124585,0.5050787076639097,-1.046315253807614,1.290975147304006,0.4090355721634622,1.3159641670593372,-0.9037617189551556,1.6301694083202758,70
1.1237534533717888,0.6721633548361304,1.4538132979579723,-0.1404990337643092,-1.2118584192988318,1.3159641670593372,1.6586709298539055,0.2851214799545941,73
-0.3481313020103582,-0.1632598810249735,-0.4907311311930391,-1.5719732148326244,0.4090355721634622,-0.1229556782182992,-0.9037617189551556,1.6301694083202758,65
-0.2615498458114084,-0.3303445281971943,-0.976867238480792,1.290975147304006,-0.4014114235676847,-0.1229556782182992,-0.9037617189551556,-1.0599264484110875,65
1.2969163657696885,-0.9986831168860776,-1.6713473917490105,-0.1404990337643092,2.840376559356903,-0.1229556782182992,0.3774546054493748,0.2851214799545941,70
0.4311018037801901,-0.1632598810249735,0.2037490220751792,1.290975147304006,0.4090355721634622,1.3159641670593372,0.3774546054493748,-1.0599264484110875,69
-0.6078756706072076,0.8392480020083513,0.3426450527288229,-0.1404990337643092,1.2194825678946093,1.3159641670593372,-0.9037617189551556,1.6301694083202758,69
1.3834978219686382,0.170909413319468,-1.7407954070758322,-0.1404990337643092,-0.4014114235676847,-0.1229556782182992,1.6586709298539055,-1.0599264484110875,69
1.2969163657696885,-0.8315984697138568,-0.560179146519861,-1.5719732148326244,1.2194825678946093,-1.5618755234959356,-0.9037617189551556,0.2851214799545941,67
1.0371719971728388,-0.1632598810249735,-1.393555330441723,-0.1404990337643092,-0.4014114235676847,-1.5618755234959356,-0.9037617189551556,0.2851214799545941,66
1.0371719971728388,1.173417296352793,0.5509890987092884,-0.1404990337643092,0.4090355721634622,-1.5618755234959356,0.3774546054493748,-1.0599264484110875,70
0.6042647161780897,-0.1632598810249735,-1.046315253807614,1.290975147304006,0.4090355721634622,1.3159641670593372,-0.9037617189551556,0.2851214799545941,69
-1.300527320198806,0.3379940604916889,0.4815410833824666,-0.1404990337643092,0.4090355721634622,-1.5618755234959356,0.3774546054493748,0.2851214799545941,65
-1.1273644078009066,-2.335360294263844,1.6621573439384378,-1.5719732148326244,-1.2118584192988318,-0.1229556782182992,0.3774546054493748,0.2851214799545941,60
1.5566607343665375,-0.1632598810249735,1.4538132979579723,-1.5719732148326244,0.4090355721634622,-0.1229556782182992,-0.9037617189551556,-1.0599264484110875,68
1.6432421905654877,-0.1632598810249735,-0.2129390698857517,-0.1404990337643092,1.2194825678946093,-0.1229556782182992,1.6586709298539055,0.2851214799545941,73
-0.3481313020103582,0.6721633548361304,-0.0045950239052862,1.290975147304006,-1.2118584192988318,-1.5618755234959356,-0.9037617189551556,-1.0599264484110875,66
0.6042647161780897,1.6746712378694553,-1.1157632691344357,-0.1404990337643092,0.4090355721634622,-1.5618755234959356,-0.9037617189551556,0.2851214799545941,69
-0.434712758209308,0.6721633548361304,-1.2546592997880792,-1.5719732148326244,-1.2118584192988318,1.3159641670593372,1.6586709298539055,0.2851214799545941,66
1.2103349095707383,1.5075865906972346,0.2731970374020011,-0.1404990337643092,3.65082355508805,1.3159641670593372,0.3774546054493748,-1.0599264484110875,76
-1.0407829516019569,0.0038247661472472,0.8982291753433976,-1.5719732148326244,2.840376559356903,-1.5618755234959356,-0.9037617189551556,-1.0599264484110875,63
0.3445203475812403,-0.3303445281971943,-0.4907311311930391,-1.5719732148326244,-1.2118584192988318,-0.1229556782182992,1.6586709298539055,0.2851214799545941,66
-0.2615498458114084,-2.168275647091623,-1.5324513610953667,-0.1404990337643092,2.029929563625756,-1.5618755234959356,0.3774546054493748,-1.0599264484110875,62
1.6432421905654877,-0.1632598810249735,-0.4212831158662173,-0.1404990337643092,-0.4014114235676847,1.3159641670593372,-0.9037617189551556,1.6301694083202758,72
-0.7810385830051073,-1.3328524112305191,-0.6990751771735046,-0.1404990337643092,-0.4014114235676847,-0.1229556782182992,-0.9037617189551556,0.2851214799545941,62
0.4311018037801901,0.0038247661472472,0.4120930680556447,-1.5719732148326244,-0.4014114235676847,-0.1229556782182992,0.3774546054493748,1.6301694083202758,68
1.2969163657696885,-0.8315984697138568,1.2454692519775068,-0.1404990337643092,0.4090355721634622,-0.1229556782182992,0.3774546054493748,-1.0599264484110875,70
0.9505905409738892,0.170909413319468,1.176021236650685,1.290975147304006,2.840376559356903,-0.1229556782182992,-0.9037617189551556,-1.0599264484110875,72
-1.5602716887956556,-0.8315984697138568,1.4538132979579723,1.290975147304006,-1.2118584192988318,-1.5618755234959356,-0.9037617189551556,0.2851214799545941,62
1.7298236467644377,-0.1632598810249735,-0.6296271618466828,-1.5719732148326244,-0.4014114235676847,-0.1229556782182992,1.6586709298539055,1.6301694083202758,69
1.5566607343665375,-0.9986831168860776,0.6204371140361102,-0.1404990337643092,1.2194825678946093,-0.1229556782182992,-0.9037617189551556,1.6301694083202758,70
1.2103349095707383,-0.1632598810249735,-0.9074192231539702,-0.1404990337643092,-1.2118584192988318,-1.5618755234959356,-0.9037617189551556,0.2851214799545941,65
-0.2615498458114084,-0.9986831168860776,0.9676771906702194,1.290975147304006,-1.2118584192988318,1.3159641670593372,0.3774546054493748,0.2851214799545941,67
0.2579388913822905,-0.4974291753694151,-0.4212831158662173,-1.5719732148326244,2.029929563625756,-0.1229556782182992,0.3774546054493748,-1.0599264484110875,67
0.3445203475812403,-2.669529588608285,-0.3518351005393955,-0.1404990337643092,2.840376559356903,-0.1229556782182992,-0.9037617189551556,0.2851214799545941,65
0.3445203475812403,0.0038247661472472,-0.0740430392321081,-1.5719732148326244,-0.4014114235676847,-1.5618755234959356,1.6586709298539055,1.6301694083202758,66
1.7298236467644377,1.5075865906972346,0.9676771906702194,1.290975147304006,0.4090355721634622,1.3159641670593372,-0.9037617189551556,0.2851214799545941,76
-0.2615498458114084,2.175925179386118,0.6898851293629321,1.290975147304006,-1.2118584192988318,-1.5618755234959356,-0.9037617189551556,-1.0599264484110875,69
1.470079278167588,-0.4974291753694151,1.4538132979579723,1.290975147304006,-1.2118584192988318,-0.1229556782182992,1.6586709298539055,1.6301694083202758,71
0.6908461723770396,-0.3303445281971943,0.2037490220751792,1.290975147304006,-1.2118584192988318,1.3159641670593372,0.3774546054493748,0.2851214799545941,69
1.2103349095707383,0.0038247661472472,0.9676771906702194,-0.1404990337643092,-1.2118584192988318,-0.1229556782182992,-0.9037617189551556,-1.0599264484110875,68
0.4311018037801901,-0.9986831168860776,1.3149172673043286,-0.1404990337643092,-1.2118584192988318,-0.1229556782182992,0.3774546054493748,1.6301694083202758,67
0.6908461723770396,0.3379940604916889,-0.2129390698857517,-0.1404990337643092,0.4090355721634622,-0.1229556782182992,-0.9037617189551556,-1.0599264484110875,69
0.7774276285759895,-0.4974291753694151,-1.6018993764221885,-0.1404990337643092,-1.2118584192988318,1.3159641670593372,0.3774546054493748,-1.0599264484110875,67
-0.0883869334135087,-0.3303445281971943,-1.393555330441723,-0.1404990337643092,-0.4014114235676847,-0.1229556782182992,-0.9037617189551556,-1.0599264484110875,65
0.4311018037801901,-0.1632598810249735,-0.3518351005393955,-0.1404990337643092,2.029929563625756,-0.1229556782182992,-0.9037617189551556,1.6301694083202758,68
0.4311018037801901,-0.6645138225416359,0.7593331446897539,-1.5719732148326244,1.2194825678946093,1.3159641670593372,-0.9037617189551556,1.6301694083202758,67
1.0371719971728388,0.0038247661472472,1.2454692519775068,-0.1404990337643092,1.2194825678946093,-0.1229556782182992,0.3774546054493748,1.6301694083202758,72
-1.5602716887956556,1.6746712378694553,-0.8379712078271483,1.290975147304006,0.4090355721634622,-0.1229556782182992,-0.9037617189551556,-1.0599264484110875,68
-0.9542014954030068,2.0088405322138967,-0.7685231925003265,1.290975147304006,-1.2118584192988318,1.3159641670593372,1.6586709298539055,0.2851214799545941,70
0.6908461723770396,-1.1657677640582984,-1.5324513610953667,-0.1404990337643092,0.4090355721634622,1.3159641670593372,0.3774546054493748,0.2851214799545941,66
0.7774276285759895,0.170909413319468,-1.2546592997880792,-0.1404990337643092,-0.4014114235676847,-0.1229556782182992,-0.9037617189551556,1.6301694083202758,68
-0.3481313020103582,-0.3303445281971943,0.5509890987092884,1.290975147304006,-0.4014114235676847,1.3159641670593372,-0.9037617189551556,1.6301694083202758,68
0.6908461723770396,-0.1632598810249735,1.3149172673043286,1.290975147304006,-0.4014114235676847,-0.1229556782182992,-0.9037617189551556,0.2851214799545941,70
0.9505905409738892,1.841755885041676,0.6204371140361102,-0.1404990337643092,0.4090355721634622,1.3159641670593372,-0.9037617189551556,-1.0599264484110875,72
1.5566607343665375,0.0038247661472472,0.5509890987092884,1.290975147304006,-1.2118584192988318,-1.5618755234959356,-0.9037617189551556,-1.0599264484110875,68
-1.1273644078009066,0.5050787076639097,0.8982291753433976,-1.5719732148326244,-0.4014114235676847,1.3159641670593372,-0.9037617189551556,-1.0599264484110875,66
1.3834978219686382,-0.3303445281971943,0.8982291753433976,-0.1404990337643092,-0.4014114235676847,-0.1229556782182992,-0.9037617189551556,0.2851214799545941,70
-0.6944571268061575,0.5050787076639097,-0.6296271618466828,-0.1404990337643092,1.2194825678946093,-1.5618755234959356,1.6586709298539055,-1.0599264484110875,66
-1.300527320198806,-0.1632598810249735,-1.4630033457685447,1.290975147304006,-1.2118584192988318,-0.1229556782182992,-0.9037617189551556,-1.0599264484110875,62
-0.3481313020103582,1.5075865906972346,-1.046315253807614,1.290975147304006,0.4090355721634622,-1.5618755234959356,-0.9037617189551556,0.2851214799545941,68
0.9505905409738892,-0.9986831168860776,-1.046315253807614,-0.1404990337643092,-1.2118584192988318,1.3159641670593372,-0.9037617189551556,1.6301694083202758,67
1.2969163657696885,-0.1632598810249735,0.7593331446897539,-1.5719732148326244,-1.2118584192988318,-1.5618755234959356,-0.9037617189551556,1.6301694083202758,67
0.9505905409738892,0.3379940604916889,-0.7685231925003265,-0.1404990337643092,-0.4014114235676847,-0.1229556782182992,-0.9037617189551556,-1.0599264484110875,68
-0.0883869334135087,-0.4974291753694151,-0.4212831158662173,1.290975147304006,2.029929563625756,1.3159641670593372,1.6586709298539055,-1.0599264484110875,68
0.2579388913822905,0.8392480020083513,0.8982291753433976,-0.1404990337643092,-0.4014114235676847,-1.5618755234959356,0.3774546054493748,0.2851214799545941,68
-1.1273644078009066,-0.6645138225416359,1.5927093286116158,-0.1404990337643092,-1.2118584192988318,1.3159641670593372,-0.9037617189551556,-1.0599264484110875,63
0.4311018037801901,-0.6645138225416359,0.6898851293629321,-0.1404990337643092,-0.4014114235676847,-1.5618755234959356,-0.9037617189551556,0.2851214799545941,66
0.6042647161780897,0.5050787076639097,-1.2546592997880792,-1.5719732148326244,0.4090355721634622,-0.1229556782182992,-0.9037617189551556,1.6301694083202758,67
-1.7334346011935553,-0.8315984697138568,1.106573221323863,1.290975147304006,-1.2118584192988318,-1.5618755234959356,0.3774546054493748,-1.0599264484110875,59
0.51768325997914,1.006332649180572,0.5509890987092884,1.290975147304006,0.4090355721634622,-0.1229556782182992,-0.9037617189551556,-1.0599264484110875,72
-1.300527320198806,-0.8315984697138568,1.2454692519775068,1.290975147304006,0.4090355721634622,-0.1229556782182992,0.3774546054493748,-1.0599264484110875,64
0.51768325997914,-0.3303445281971943,-0.0045950239052862,-0.1404990337643092,-1.2118584192988318,-0.1229556782182992,-0.9037617189551556,-1.0599264484110875,67
1.3834978219686382,0.5050787076639097,1.6621573439384378,-1.5719732148326244,-1.2118584192988318,-0.1229556782182992,0.3774546054493748,1.6301694083202758,71
-1.5602716887956556,-0.6645138225416359,0.9676771906702194,-1.5719732148326244,-1.2118584192988318,-1.5618755234959356,-0.9037617189551556,0.2851214799545941,59
-0.6078756706072076,-0.6645138225416359,-0.2823870852125736,1.290975147304006,-1.2118584192988318,1.3159641670593372,1.6586709298539055,-1.0599264484110875,67
-1.5602716887956556,0.6721633548361304,1.3843652826311503,-0.1404990337643092,-0.4014114235676847,-1.5618755234959356,0.3774546054493748,1.6301694083202758,64
-1.0407829516019569,0.6721633548361304,-0.1434910545589299,-0.1404990337643092,-0.4014114235676847,-0.1229556782182992,-0.9037617189551556,0.2851214799545941,64
1.2103349095707383,0.170909413319468,0.8982291753433976,-0.1404990337643092,-0.4014114235676847,-0.1229556782182992,0.3774546054493748,0.2851214799545941,71
-0.6078756706072076,-2.001190999919402,0.2037490220751792,1.290975147304006,-1.2118584192988318,-0.1229556782182992,-0.9037617189551556,0.2851214799545941,63
-0.6944571268061575,0.0038247661472472,1.0371252059970413,-1.5719732148326244,-1.2118584192988318,1.3159641670593372,1.6586709298539055,-1.0599264484110875,66
-0.6944571268061575,0.5050787076639097,1.6621573439384378,1.290975147304006,0.4090355721634622,-0.1229556782182992,1.6586709298539055,0.2851214799545941,71
0.7774276285759895,0.0038247661472472,-1.6713473917490105,-0.1404990337643092,1.2194825678946093,-0.1229556782182992,1.6586709298539055,0.2851214799545941,70
-0.2615498458114084,-0.9986831168860776,-1.4630033457685447,-1.5719732148326244,-0.4014114235676847,1.3159641670593372,-0.9037617189551556,0.2851214799545941,62
0.6042647161780897,-0.1632598810249735,-1.7407954070758322,1.290975147304006,1.2194825678946093,-1.5618755234959356,1.6586709298539055,-1.0599264484110875,68
1.470079278167588,-0.4974291753694151,-0.976867238480792,-0.1404990337643092,0.4090355721634622,-0.1229556782182992,-0.9037617189551556,-1.0599264484110875,68
-1.7334346011935553,-0.6645138225416359,-0.560179146519861,1.290975147304006,-1.2118584192988318,-0.1229556782182992,-0.9037617189551556,-1.0599264484110875,61
-0.0018054772145589,0.6721633548361304,1.523261313284794,1.290975147304006,-1.2118584192988318,-0.1229556782182992,-0.9037617189551556,-1.0599264484110875,69
0.6042647161780897,1.6746712378694553,-1.1852112844612577,-0.1404990337643092,-0.4014114235676847,1.3159641670593372,0.3774546054493748,-1.0599264484110875,71
1.2103349095707383,-0.9986831168860776,-1.6713473917490105,-0.1404990337643092,-1.2118584192988318,-0.1229556782182992,0.3774546054493748,0.2851214799545941,66
1.6432421905654877,-0.1632598810249735,-0.4212831158662173,1.290975147304006,-1.2118584192988318,-1.5618755234959356,-0.9037617189551556,1.6301694083202758,68
1.7298236467644377,-0.9986831168860776,0.0648529914215355,-1.5719732148326244,-0.4014114235676847,-0.1229556782182992,1.6586709298539055,0.2851214799545941,68
-1.2139458639998564,-0.8315984697138568,0.3426450527288229,1.290975147304006,-0.4014114235676847,-1.5618755234959356,0.3774546054493748,-1.0599264484110875,61
-1.300527320198806,-0.3303445281971943,-1.046315253807614,1.290975147304006,-1.2118584192988318,-0.1229556782182992,-0.9037617189551556,0.2851214799545941,62
-0.7810385830051073,0.0038247661472472,-1.6018993764221885,-0.1404990337643092,-0.4014114235676847,1.3159641670593372,-0.9037617189551556,0.2851214799545941,65
0.2579388913822905,-0.4974291753694151,-1.6713473917490105,1.290975147304006,-1.2118584192988318,-0.1229556782182992,-0.9037617189551556,-1.0599264484110875,64
-1.4736902325967058,0.8392480020083513,-0.2823870852125736,-0.1404990337643092,-0.4014114235676847,1.3159641670593372,-0.9037617189551556,0.2851214799545941,66
0.2579388913822905,-0.6645138225416359,1.176021236650685,-0.1404990337643092,0.4090355721634622,-1.5618755234959356,1.6586709298539055,1.6301694083202758,98
-0.0883869334135087,-0.3303445281971943,-0.0740430392321081,1.290975147304006,0.4090355721634622,-1.5618755234959356,-0.9037617189551556,-1.0599264484110875,64
0.7774276285759895,0.0038247661472472,-0.0740430392321081,-0.1404990337643092,-0.4014114235676847,1.3159641670593372,-0.9037617189551556,-1.0599264484110875,69
-1.300527320198806,0.8392480020083513,0.6204371140361102,-0.1404990337643092,-0.4014114235676847,1.3159641670593372,-0.9037617189551556,1.6301694083202758,68
0.7774276285759895,0.6721633548361304,-1.046315253807614,1.290975147304006,-0.4014114235676847,-1.5618755234959356,-0.9037617189551556,-1.0599264484110875,68
-0.2615498458114084,2.3430098265583386,0.3426450527288229,-1.5719732148326244,-1.2118584192988318,-0.1229556782182992,-0.9037617189551556,0.2851214799545941,69
0.7774276285759895,-0.3303445281971943,-0.6296271618466828,-0.1404990337643092,0.4090355721634622,-0.1229556782182992,0.3774546054493748,0.2851214799545941,68
-1.0407829516019569,-0.8315984697138568,-0.3518351005393955,-0.1404990337643092,1.2194825678946093,1.3159641670593372,-0.9037617189551556,0.2851214799545941,64
-0.8676200392040571,-0.1632598810249735,0.9676771906702194,-0.1404990337643092,-0.4014114235676847,-0.1229556782182992,-0.9037617189551556,-1.0599264484110875,64
-0.0018054772145589,-1.8341063527471813,-1.046315253807614,-1.5719732148326244,0.4090355721634622,1.3159641670593372,-0.9037617189551556,-1.0599264484110875,62
1.1237534533717888,-0.1632598810249735,-0.6296271618466828,1.290975147304006,-0.4014114235676847,-1.5618755234959356,-0.9037617189551556,0.2851214799545941,68
-0.1749683896124585,-0.8315984697138568,-1.2546592997880792,1.290975147304006,0.4090355721634622,-0.1229556782182992,-0.9037617189551556,0.2851214799545941,65
-0.2615498458114084,-0.3303445281971943,-1.2546592997880792,-0.1404990337643092,-0.4014114235676847,1.3159641670593372,1.6586709298539055,-1.0599264484110875,66
-0.7810385830051073,0.0038247661472472,1.176021236650685,-1.5719732148326244,-0.4014114235676847,-0.1229556782182992,0.3774546054493748,-1.0599264484110875,65
-0.2615498458114084,0.6721633548361304,0.2037490220751792,-0.1404990337643092,0.4090355721634622,-0.1229556782182992,-0.9037617189551556,1.6301694083202758,69
1.3834978219686382,1.173417296352793,0.8287811600165758,1.290975147304006,-1.2118584192988318,-0.1229556782182992,0.3774546054493748,0.2851214799545941,72
1.0371719971728388,-1.4999370584027398,0.6204371140361102,1.290975147304006,0.4090355721634622,1.3159641670593372,-0.9037617189551556,-1.0599264484110875,68
-1.300527320198806,0.0038247661472472,1.523261313284794,1.290975147304006,-1.2118584192988318,1.3159641670593372,-0.9037617189551556,-1.0599264484110875,65
1.5566607343665375,0.5050787076639097,-1.393555330441723,-1.5719732148326244,1.2194825678946093,-0.1229556782182992,-0.9037617189551556,1.6301694083202758,71
0.6908461723770396,0.8392480020083513,-0.9074192231539702,-1.5719732148326244,0.4090355721634622,-0.1229556782182992,-0.9037617189551556,-1.0599264484110875,68
-0.0018054772145589,1.3405019435250136,0.8982291753433976,1.290975147304006,0.4090355721634622,1.3159641670593372,-0.9037617189551556,1.6301694083202758,72
1.2969163657696885,0.170909413319468,-0.0045950239052862,1.290975147304006,-0.4014114235676847,-0.1229556782182992,0.3774546054493748,-1.0599264484110875,69
-0.6944571268061575,1.841755885041676,1.3149172673043286,1.290975147304006,0.4090355721634622,-1.5618755234959356,-0.9037617189551556,-1.0599264484110875,70
0.1713574351833407,1.006332649180572,0.2731970374020011,-1.5719732148326244,-0.4014114235676847,1.3159641670593372,1.6586709298539055,0.2851214799545941,69
1.2103349095707383,1.173417296352793,0.7593331446897539,-1.5719732148326244,0.4090355721634622,-0.1229556782182992,-0.9037617189551556,0.2851214799545941,71
0.2579388913822905,1.006332649180572,0.2731970374020011,-0.1404990337643092,-0.4014114235676847,-0.1229556782182992,-0.9037617189551556,1.6301694083202758,69
0.0847759789843908,-0.9986831168860776,0.2037490220751792,-0.1404990337643092,0.4090355721634622,-1.5618755234959356,1.6586709298539055,1.6301694083202758,68
0.6042647161780897,-0.3303445281971943,0.2731970374020011,-1.5719732148326244,-0.4014114235676847,-1.5618755234959356,0.3774546054493748,-1.0599264484110875,82
-0.8676200392040571,-1.1657677640582984,1.7316053592652596,-0.1404990337643092,1.2194825678946093,-0.1229556782182992,-0.9037617189551556,-1.0599264484110875,65
0.6042647161780897,-0.9986831168860776,0.0648529914215355,-0.1404990337643092,-0.4014114235676847,-0.1229556782182992,0.3774546054493748,-1.0599264484110875,66
-1.387108776397756,1.173417296352793,0.1343010067483574,-0.1404990337643092,1.2194825678946093,-0.1229556782182992,-0.9037617189551556,1.6301694083202758,68
-0.2615498458114084,-0.9986831168860776,0.1343010067483574,-0.1404990337643092,-0.4014114235676847,-0.1229556782182992,0.3774546054493748,-1.0599264484110875,64
1.3834978219686382,0.170909413319468,-1.5324513610953667,1.290975147304006,-1.2118584192988318,-0.1229556782182992,0.3774546054493748,-1.0599264484110875,70
-0.0883869334135087,0.6721633548361304,-0.4907311311930391,-1.5719732148326244,0.4090355721634622,-1.5618755234959356,-0.9037617189551556,-1.0599264484110875,65
-0.8676200392040571,-1.8341063527471813,0.4120930680556447,-0.1404990337643092,-0.4014114235676847,1.3159641670593372,1.6586709298539055,1.6301694083202758,65
-0.7810385830051073,-0.9986831168860776,-0.976867238480792,-1.5719732148326244,-1.2118584192988318,1.3159641670593372,1.6586709298539055,-1.0599264484110875,63
-0.434712758209308,-0.8315984697138568,-0.0740430392321081,-0.1404990337643092,1.2194825678946093,1.3159641670593372,0.3774546054493748,0.2851214799545941,68
-0.434712758209308,-1.3328524112305191,-1.1852112844612577,1.290975147304006,1.2194825678946093,-0.1229556782182992,0.3774546054493748,0.2851214799545941,66
-1.6468531449946056,1.173417296352793,0.2731970374020011,-0.1404990337643092,-0.4014114235676847,-0.1229556782182992,-0.9037617189551556,-1.0599264484110875,65
0.51768325997914,-1.1657677640582984,-1.1157632691344357,1.290975147304006,1.2194825678946093,-0.1229556782182992,-0.9037617189551556,0.2851214799545941,67
0.1713574351833407,-0.8315984697138568,-0.0045950239052862,1.290975147304006,-0.4014114235676847,-0.1229556782182992,-0.9037617189551556,0.2851214799545941,67
1.6432421905654877,-0.6645138225416359,0.0648529914215355,-0.1404990337643092,0.4090355721634622,-0.1229556782182992,0.3774546054493748,0.2851214799545941,70
0.3445203475812403,-1.4999370584027398,0.6898851293629321,-0.1404990337643092,1.2194825678946093,-0.1229556782182992,0.3774546054493748,0.2851214799545941,67
0.6042647161780897,0.0038247661472472,-1.3241073151149012,-1.5719732148326244,-0.4014114235676847,-1.5618755234959356,0.3774546054493748,1.6301694083202758,64
1.5566607343665375,0.170909413319468,-1.393555330441723,-1.5719732148326244,-0.4014114235676847,1.3159641670593372,-0.9037617189551556,0.2851214799545941,70
0.9505905409738892,-0.1632598810249735,1.6621573439384378,-0.1404990337643092,-1.2118584192988318,-0.1229556782182992,-0.9037617189551556,0.2851214799545941,70
-1.6468531449946056,1.841755885041676,0.2731970374020011,-0.1404990337643092,-1.2118584192988318,-0.1229556782182992,-0.9037617189551556,-1.0599264484110875,65
-1.4736902325967058,1.5075865906972346,1.3149172673043286,1.290975147304006,-1.2118584192988318,-0.1229556782182992,1.6586709298539055,0.2851214799545941,69
0.3445203475812403,1.006332649180572,-0.9074192231539702,1.290975147304006,1.2194825678946093,-1.5618755234959356,-0.9037617189551556,1.6301694083202758,70
0.7774276285759895,-0.1632598810249735,-0.2823870852125736,-0.1404990337643092,0.4090355721634622,-1.5618755234959356,-0.9037617189551556,-1.0599264484110875,68
-0.7810385830051073,-0.6645138225416359,-1.6018993764221885,1.290975147304006,-1.2118584192988318,-0.1229556782182992,-0.9037617189551556,1.6301694083202758,62
-0.0883869334135087,0.0038247661472472,1.106573221323863,-1.5719732148326244,0.4090355721634622,1.3159641670593372,0.3774546054493748,-1.0599264484110875,66
-0.8676200392040571,-0.6645138225416359,-1.7407954070758322,1.290975147304006,1.2194825678946093,-0.1229556782182992,1.6586709298539055,1.6301694083202758,65
-0.1749683896124585,1.5075865906972346,0.3426450527288229,1.290975147304006,0.4090355721634622,-0.1229556782182992,1.6586709298539055,0.2851214799545941,73
1.470079278167588,0.3379940604916889,0.2731970374020011,-0.1404990337643092,0.4090355721634622,-0.1229556782182992,-0.9037617189551556,0.2851214799545941,71
-1.387108776397756,1.5075865906972346,0.1343010067483574,-0.1404990337643092,-1.2118584192988318,-1.5618755234959356,-0.9037617189551556,-1.0599264484110875,63
-1.4736902325967058,1.3405019435250136,0.8287811600165758,1.290975147304006,-1.2118584192988318,-0.1229556782182992,-0.9037617189551556,-1.0599264484110875,66
0.7774276285759895,-0.4974291753694151,-0.0740430392321081,-0.1404990337643092,-0.4014114235676847,-0.1229556782182992,1.6586709298539055,-1.0599264484110875,67
0.1713574351833407,0.3379940604916889,-1.4630033457685447,-1.5719732148326244,0.4090355721634622,-0.1229556782182992,0.3774546054493748,0.2851214799545941,66
1.7298236467644377,-0.6645138225416359,0.4815410833824666,1.290975147304006,0.4090355721634622,1.3159641670593372,-0.9037617189551556,1.6301694083202758,73
-1.6468531449946056,0.0038247661472472,0.2037490220751792,1.290975147304006,-1.2118584192988318,-1.5618755234959356,-0.9037617189551556,-1.0599264484110875,63
-0.5212942144082578,-1.1657677640582984,-0.7685231925003265,-0.1404990337643092,2.029929563625756,-0.1229556782182992,-0.9037617189551556,1.6301694083202758,63
-0.2615498458114084,0.3379940604916889,-0.6296271618466828,-1.5719732148326244,0.4090355721634622,-1.5618755234959356,0.3774546054493748,-1.0599264484110875,64
0.9505905409738892,-0.3303445281971943,-0.4212831158662173,-0.1404990337643092,2.840376559356903,1.3159641670593372,-0.9037617189551556,-1.0599264484110875,71
-0.6944571268061575,0.3379940604916889,-0.2823870852125736,-0.1404990337643092,-0.4014114235676847,-1.5618755234959356,0.3774546054493748,0.2851214799545941,64
-0.434712758209308,0.5050787076639097,0.3426450527288229,-0.1404990337643092,-1.2118584192988318,1.3159641670593372,-0.9037617189551556,-1.0599264484110875,68
-1.2139458639998564,-0.4974291753694151,0.9676771906702194,-0.1404990337643092,-0.4014114235676847,-0.1229556782182992,-0.9037617189551556,0.2851214799545941,64
-0.0883869334135087,-0.4974291753694151,0.6204371140361102,1.290975147304006,-1.2118584192988318,-0.1229556782182992,-0.9037617189551556,0.2851214799545941,66
-0.2615498458114084,-1.1657677640582984,0.0648529914215355,-0.1404990337643092,-0.4014114235676847,-1.5618755234959356,0.3774546054493748,0.2851214799545941,62
0.1713574351833407,-0.4974291753694151,0.8982291753433976,-0.1404990337643092,-0.4014114235676847,1.3159641670593372,-0.9037617189551556,0.2851214799545941,66
-0.7810385830051073,-0.6645138225416359,-1.1157632691344357,-1.5719732148326244,-0.4014114235676847,-1.5618755234959356,1.6586709298539055,-1.0599264484110875,82
0.8640090847749392,0.3379940604916889,-0.6296271618466828,-0.1404990337643092,-1.2118584192988318,-0.1229556782182992,1.6586709298539055,-1.0599264484110875,69
-1.7334346011935553,0.5050787076639097,-0.4212831158662173,-0.1404990337643092,-0.4014114235676847,1.3159641670593372,0.3774546054493748,-1.0599264484110875,66
-1.5602716887956556,0.3379940604916889,-1.046315253807614,-0.1404990337643092,-1.2118584192988318,-1.5618755234959356,0.3774546054493748,0.2851214799545941,61
0.4311018037801901,0.170909413319468,1.176021236650685,1.290975147304006,-0.4014114235676847,-0.1229556782182992,-0.9037617189551556,0.2851214799545941,69
-0.6078756706072076,1.841755885041676,-1.2546592997880792,-0.1404990337643092,0.4090355721634622,1.3159641670593372,-0.9037617189551556,-1.0599264484110875,69
1.2969163657696885,-0.6645138225416359,0.7593331446897539,-0.1404990337643092,-1.2118584192988318,1.3159641670593372,-0.9037617189551556,-1.0599264484110875,69
0.9505905409738892,1.173417296352793,-0.3518351005393955,1.290975147304006,-0.4014114235676847,-1.5618755234959356,-0.9037617189551556,0.2851214799545941,70
-0.9542014954030068,-0.1632598810249735,-1.1157632691344357,1.290975147304006,0.4090355721634622,-0.1229556782182992,1.6586709298539055,-1.0599264484110875,64
0.8640090847749392,-0.8315984697138568,-1.6713473917490105,1.290975147304006,0.4090355721634622,1.3159641670593372,-0.9037617189551556,1.6301694083202758,68
1.3834978219686382,0.170909413319468,-0.2823870852125736,-0.1404990337643092,1.2194825678946093,1.3159641670593372,-0.9037617189551556,0.2851214799545941,71
1.470079278167588,-0.9986831168860776,-1.4630033457685447,-0.1404990337643092,1.2194825678946093,-0.1229556782182992,0.3774546054493748,0.2851214799545941,68
-0.434712758209308,-0.3303445281971943,-1.7407954070758322,-1.5719732148326244,2.029929563625756,-0.1229556782182992,1.6586709298539055,-1.0599264484110875,65
1.2103349095707383,0.5050787076639097,0.5509890987092884,-1.5719732148326244,0.4090355721634622,-1.5618755234959356,-0.9037617189551556,-1.0599264484110875,69
1.3834978219686382,0.8392480020083513,-0.2129390698857517,-0.1404990337643092,-1.2118584192988318,-1.5618755234959356,-0.9037617189551556,-1.0599264484110875,69
1.1237534533717888,-0.4974291753694151,1.3843652826311503,-1.5719732148326244,-0.4014114235676847,1.3159641670593372,-0.9037617189551556,-1.0599264484110875,69
1.5566607343665375,0.6721633548361304,1.2454692519775068,-1.5719732148326244,0.4090355721634622,-1.5618755234959356,0.3774546054493748,-1.0599264484110875,69
-1.387108776397756,2.0088405322138967,1.523261313284794,-1.5719732148326244,-0.4014114235676847,-1.5618755234959356,0.3774546054493748,0.2851214799545941,66
1.2969163657696885,0.5050787076639097,1.3149172673043286,-0.1404990337643092,-0.4014114235676847,-0.1229556782182992,-0.9037617189551556,0.2851214799545941,73
-0.5212942144082578,0.6721633548361304,-0.8379712078271483,-1.5719732148326244,-0.4014114235676847,-1.5618755234959356,-0.9037617189551556,-1.0599264484110875,65
-1.6468531449946056,-0.4974291753694151,-1.1852112844612577,1.290975147304006,0.4090355721634622,-0.1229556782182992,-0.9037617189551556,-1.0599264484110875,61
-1.4736902325967058,1.173417296352793,-0.7685231925003265,-0.1404990337643092,-0.4014114235676847,1.3159641670593372,1.6586709298539055,1.6301694083202758,67
-1.6468531449946056,-1.4999370584027398,-0.976867238480792,-0.1404990337643092,1.2194825678946093,-0.1229556782182992,1.6586709298539055,0.2851214799545941,60
-0.3481313020103582,0.8392480020083513,-0.976867238480792,1.290975147304006,-0.4014114235676847,-0.1229556782182992,1.6586709298539055,0.2851214799545941,67
0.2579388913822905,-0.3303445281971943,-0.9074192231539702,-1.5719732148326244,0.4090355721634622,-0.1229556782182992,-0.9037617189551556,-1.0599264484110875,65
-1.0407829516019569,1.006332649180572,-0.9074192231539702,-0.1404990337643092,2.029929563625756,-0.1229556782182992,1.6586709298539055,0.2851214799545941,69
-0.0883869334135087,-0.9986831168860776,1.2454692519775068,-0.1404990337643092,0.4090355721634622,1.3159641670593372,0.3774546054493748,0.2851214799545941,68
-1.300527320198806,0.170909413319468,-0.560179146519861,-0.1404990337643092,-0.4014114235676847,-0.1229556782182992,0.3774546054493748,-1.0599264484110875,63
1.2103349095707383,2.0088405322138967,-1.5324513610953667,1.290975147304006,-0.4014114235676847,-0.1229556782182992,-0.9037617189551556,0.2851214799545941,73
-0.7810385830051073,-0.9986831168860776,0.1343010067483574,1.290975147304006,-1.2118584192988318,1.3159641670593372,-0.9037617189551556,0.2851214799545941,64
0.0847759789843908,-0.8315984697138568,-1.6018993764221885,-0.1404990337643092,-1.2118584192988318,-0.1229556782182992,1.6586709298539055,0.2851214799545941,65
-0.8676200392040571,0.8392480020083513,-1.6713473917490105,-0.1404990337643092,-0.4014114235676847,-0.1229556782182992,0.3774546054493748,1.6301694083202758,65
-0.434712758209308,-0.3303445281971943,0.8982291753433976,-0.1404990337643092,0.4090355721634622,-0.1229556782182992,1.6586709298539055,0.2851214799545941,66
0.4311018037801901,-1.1657677640582984,0.9676771906702194,-0.1404990337643092,-1.2118584192988318,1.3159641670593372,-0.9037617189551556,1.6301694083202758,65
-0.9542014954030068,0.170909413319468,-0.6296271618466828,-0.1404990337643092,-0.4014114235676847,-0.1229556782182992,-0.9037617189551556,0.2851214799545941,64
0.8640090847749392,-0.8315984697138568,1.523261313284794,-1.5719732148326244,0.4090355721634622,-0.1229556782182992,-0.9037617189551556,1.6301694083202758,69
1.1237534533717888,-0.3303445281971943,0.6898851293629321,1.290975147304006,-1.2118584192988318,-0.1229556782182992,-0.9037617189551556,-1.0599264484110875,70
0.8640090847749392,1.173417296352793,1.176021236650685,1.290975147304006,-1.2118584192988318,1.3159641670593372,-0.9037617189551556,-1.0599264484110875,72
-1.1273644078009066,0.170909413319468,0.0648529914215355,-0.1404990337643092,-0.4014114235676847,1.3159641670593372,-0.9037617189551556,0.2851214799545941,65
0.2579388913822905,0.170909413319468,0.4120930680556447,-0.1404990337643092,1.2194825678946093,1.3159641670593372,1.6586709298539055,1.6301694083202758,71
0.7774276285759895,-0.6645138225416359,0.5509890987092884,-0.1404990337643092,-1.2118584192988318,1.3159641670593372,1.6586709298539055,-1.0599264484110875,70
-0.8676200392040571,0.8392480020083513,-1.6018993764221885,-0.1404990337643092,-0.4014114235676847,-0.1229556782182992,1.6586709298539055,0.2851214799545941,66
0.51768325997914,0.3379940604916889,0.4815410833824666,-0.1404990337643092,-0.4014114235676847,-1.5618755234959356,0.3774546054493748,-1.0599264484110875,67
-0.434712758209308,-0.9986831168860776,-0.0045950239052862,-0.1404990337643092,-1.2118584192988318,-0.1229556782182992,-0.9037617189551556,-1.0599264484110875,64
1.470079278167588,-1.6670217055749608,-0.6296271618466828,-0.1404990337643092,0.4090355721634622,-0.1229556782182992,1.6586709298539055,-1.0599264484110875,67
0.0847759789843908,0.6721633548361304,-0.2823870852125736,-0.1404990337643092,-0.4014114235676847,-0.1229556782182992,0.3774546054493748,0.2851214799545941,70
-0.0018054772145589,-0.1632598810249735,1.3149172673043286,-0.1404990337643092,-1.2118584192988318,-0.1229556782182992,0.3774546054493748,0.2851214799545941,66
0.2579388913822905,-0.9986831168860776,1.0371252059970413,-0.1404990337643092,-1.2118584192988318,-0.1229556782182992,0.3774546054493748,-1.0599264484110875,65
-0.6944571268061575,-0.4974291753694151,1.4538132979579723,-0.1404990337643092,0.4090355721634622,-1.5618755234959356,-0.9037617189551556,-1.0599264484110875,65
-0.7810385830051073,0.0038247661472472,-0.4907311311930391,-0.1404990337643092,-0.4014114235676847,-1.5618755234959356,-0.9037617189551556,-1.0599264484110875,63
0.8640090847749392,-1.1657677640582984,-0.8379712078271483,-0.1404990337643092,-1.2118584192988318,-0.1229556782182992,-0.9037617189551556,-1.0599264484110875,64
-1.2139458639998564,-0.6645138225416359,-0.4907311311930391,1.290975147304006,0.4090355721634622,1.3159641670593372,1.6586709298539055,-1.0599264484110875,65
0.3445203475812403,-0.9986831168860776,0.7593331446897539,-0.1404990337643092,-0.4014114235676847,1.3159641670593372,-0.9037617189551556,-1.0599264484110875,68
0.2579388913822905,-0.6645138225416359,0.7593331446897539,-0.1404990337643092,2.840376559356903,-0.1229556782182992,-0.9037617189551556,-1.0599264484110875,68
0.51768325997914,1.173417296352793,-0.2129390698857517,-0.1404990337643092,-0.4014114235676847,-0.1229556782182992,-0.9037617189551556,0.2851214799545941,69
0.8640090847749392,-0.6645138225416359,-1.6713473917490105,1.290975147304006,-0.4014114235676847,-1.5618755234959356,-0.9037617189551556,1.6301694083202758,67
0.8640090847749392,-0.1632598810249735,-0.4907311311930391,-0.1404990337643092,-1.2118584192988318,-0.1229556782182992,-0.9037617189551556,1.6301694083202758,66
-0.2615498458114084,-1.6670217055749608,0.6204371140361102,1.290975147304006,0.4090355721634622,1.3159641670593372,-0.9037617189551556,-1.0599264484110875,64
-1.2139458639998564,-0.3303445281971943,0.7593331446897539,1.290975147304006,0.4090355721634622,-0.1229556782182992,0.3774546054493748,0.2851214799545941,66
-1.387108776397756,-1.4999370584027398,-0.6296271618466828,-0.1404990337643092,0.4090355721634622,-0.1229556782182992,0.3774546054493748,-1.0599264484110875,61
0.51768325997914,0.6721633548361304,-1.046315253807614,1.290975147304006,-1.2118584192988318,-1.5618755234959356,0.3774546054493748,-1.0599264484110875,68
-1.0407829516019569,-0.4974291753694151,-1.2546592997880792,-0.1404990337643092,0.4090355721634622,1.3159641670593372,-0.9037617189551556,0.2851214799545941,63
-0.2615498458114084,-1.1657677640582984,0.5509890987092884,1.290975147304006,-0.4014114235676847,-0.1229556782182992,1.6586709298539055,0.2851214799545941,65
-0.2615498458114084,-0.4974291753694151,1.2454692519775068,1.290975147304006,1.2194825678946093,-0.1229556782182992,0.3774546054493748,1.6301694083202758,68
-0.5212942144082578,0.3379940604916889,-1.3241073151149012,-1.5719732148326244,2.029929563625756,-0.1229556782182992,1.6586709298539055,0.2851214799545941,66
0.8640090847749392,0.170909413319468,-0.0740430392321081,1.290975147304006,2.029929563625756,-0.1229556782182992,-0.9037617189551556,-1.0599264484110875,71
1.1237534533717888,-0.6645138225416359,0.4815410833824666,-0.1404990337643092,2.840376559356903,-0.1229556782182992,-0.9037617189551556,1.6301694083202758,71
1.1237534533717888,-0.8315984697138568,0.3426450527288229,-1.5719732148326244,-1.2118584192988318,-0.1229556782182992,-0.9037617189551556,-1.0599264484110875,66
-0.0883869334135087,1.173417296352793,-0.8379712078271483,1.290975147304006,0.4090355721634622,-1.5618755234959356,0.3774546054493748,-1.0599264484110875,69
-0.1749683896124585,0.3379940604916889,-0.976867238480792,-0.1404990337643092,0.4090355721634622,-0.1229556782182992,-0.9037617189551556,1.6301694083202758,68
1.470079278167588,-1.6670217055749608,0.5509890987092884,1.290975147304006,-0.4014114235676847,1.3159641670593372,1.6586709298539055,-1.0599264484110875,69
1.470079278167588,-1.4999370584027398,1.106573221323863,-0.1404990337643092,-0.4014114235676847,-0.1229556782182992,-0.9037617189551556,0.2851214799545941,69
1.1237534533717888,-0.6645138225416359,-1.046315253807614,-0.1404990337643092,-0.4014114235676847,-1.5618755234959356,-0.9037617189551556,0.2851214799545941,66
0.3445203475812403,-0.1632598810249735,-0.4212831158662173,-0.1404990337643092,0.4090355721634622,-0.1229556782182992,0.3774546054493748,0.2851214799545941,68
0.7774276285759895,-2.001190999919402,0.4120930680556447,1.290975147304006,2.029929563625756,-0.1229556782182992,0.3774546054493748,-1.0599264484110875,67
0.8640090847749392,0.170909413319468,1.6621573439384378,-0.1404990337643092,0.4090355721634622,-0.1229556782182992,0.3774546054493748,-1.0599264484110875,70
0.3445203475812403,-1.3328524112305191,0.8982291753433976,1.290975147304006,0.4090355721634622,-0.1229556782182992,-0.9037617189551556,1.6301694083202758,67
-0.3481313020103582,-0.6645138225416359,0.6204371140361102,-0.1404990337643092,-0.4014114235676847,-0.1229556782182992,-0.9037617189551556,1.6301694083202758,66
1.5566607343665375,1.006332649180572,1.0371252059970413,-1.5719732148326244,-0.4014114235676847,1.3159641670593372,1.6586709298539055,1.6301694083202758,72
1.1237534533717888,-1.1657677640582984,1.4538132979579723,-0.1404990337643092,0.4090355721634622,-1.5618755234959356,-0.9037617189551556,1.6301694083202758,68
0.3445203475812403,-0.6645138225416359,0.7593331446897539,1.290975147304006,-0.4014114235676847,-0.1229556782182992,-0.9037617189551556,-1.0599264484110875,67
1.3834978219686382,-0.8315984697138568,0.7593331446897539,1.290975147304006,0.4090355721634622,-0.1229556782182992,-0.9037617189551556,1.6301694083202758,71
0.4311018037801901,0.8392480020083513,-1.7407954070758322,1.290975147304006,-0.4014114235676847,1.3159641670593372,0.3774546054493748,1.6301694083202758,70
0.0847759789843908,1.6746712378694553,0.0648529914215355,1.290975147304006,-1.2118584192988318,-0.1229556782182992,1.6586709298539055,1.6301694083202758,72
-0.7810385830051073,0.5050787076639097,-1.7407954070758322,-0.1404990337643092,-0.4014114235676847,-0.1229556782182992,0.3774546054493748,-1.0599264484110875,65
0.9505905409738892,-0.3303445281971943,-1.6018993764221885,-0.1404990337643092,0.4090355721634622,-0.1229556782182992,-0.9037617189551556,0.2851214799545941,66
1.2103349095707383,-0.6645138225416359,1.2454692519775068,-0.1404990337643092,-0.4014114235676847,-0.1229556782182992,1.6586709298539055,-1.0599264484110875,68
0.0847759789843908,1.006332649180572,-1.046315253807614,-1.5719732148326244,0.4090355721634622,1.3159641670593372,1.6586709298539055,-1.0599264484110875,71
1.2969163657696885,0.6721633548361304,1.176021236650685,-0.1404990337643092,0.4090355721634622,1.3159641670593372,-0.9037617189551556,-1.0599264484110875,72
0.4311018037801901,1.3405019435250136,1.5927093286116158,1.290975147304006,0.4090355721634622,-0.1229556782182992,-0.9037617189551556,-1.0599264484110875,72
-0.9542014954030068,1.3405019435250136,-0.976867238480792,-1.5719732148326244,0.4090355721634622,1.3159641670593372,-0.9037617189551556,0.2851214799545941,65
0.4311018037801901,0.5050787076639097,-0.6296271618466828,1.290975147304006,-1.2118584192988318,-0.1229556782182992,0.3774546054493748,1.6301694083202758,68
-1.387108776397756,0.5050787076639097,-1.393555330441723,1.290975147304006,-1.2118584192988318,-0.1229556782182992,-0.9037617189551556,0.2851214799545941,65
-0.9542014954030068,0.3379940604916889,-0.0740430392321081,-0.1404990337643092,-0.4014114235676847,1.3159641670593372,0.3774546054493748,0.2851214799545941,65
0.7774276285759895,0.8392480020083513,-1.1157632691344357,-1.5719732148326244,0.4090355721634622,-0.1229556782182992,0.3774546054493748,-1.0599264484110875,69
-1.1273644078009066,-1.6670217055749608,1.176021236650685,-0.1404990337643092,-0.4014114235676847,1.3159641670593372,1.6586709298539055,0.2851214799545941,65
0.9505905409738892,-1.1657677640582984,-0.0740430392321081,-0.1404990337643092,-0.4014114235676847,-0.1229556782182992,1.6586709298539055,-1.0599264484110875,68
-0.2615498458114084,-0.8315984697138568,1.3149172673043286,-0.1404990337643092,-1.2118584192988318,-0.1229556782182992,0.3774546054493748,1.6301694083202758,66
1.0371719971728388,-1.4999370584027398,0.4815410833824666,-0.1404990337643092,2.029929563625756,1.3159641670593372,1.6586709298539055,0.2851214799545941,70
0.2579388913822905,-0.9986831168860776,0.2731970374020011,-1.5719732148326244,-0.4014114235676847,-1.5618755234959356,-0.9037617189551556,0.2851214799545941,64
0.1713574351833407,-0.6645138225416359,-0.6990751771735046,-0.1404990337643092,0.4090355721634622,-0.1229556782182992,1.6586709298539055,-1.0599264484110875,67
1.1237534533717888,-0.9986831168860776,0.3426450527288229,-0.1404990337643092,0.4090355721634622,-0.1229556782182992,1.6586709298539055,-1.0599264484110875,69
-1.4736902325967058,0.170909413319468,0.1343010067483574,-0.1404990337643092,1.2194825678946093,-1.5618755234959356,-0.9037617189551556,0.2851214799545941,63
-1.387108776397756,-0.6645138225416359,-0.3518351005393955,1.290975147304006,2.840376559356903,-0.1229556782182992,-0.9037617189551556,-1.0599264484110875,65
-1.1273644078009066,-0.8315984697138568,-0.0740430392321081,-0.1404990337643092,-1.2118584192988318,-0.1229556782182992,0.3774546054493748,-1.0599264484110875,61
-1.387108776397756,0.8392480020083513,1.106573221323863,-1.5719732148326244,-0.4014114235676847,-0.1229556782182992,0.3774546054493748,-1.0599264484110875,66
0.51768325997914,-0.4974291753694151,0.6204371140361102,-0.1404990337643092,-1.2118584192988318,-1.5618755234959356,-0.9037617189551556,0.2851214799545941,66
0.6908461723770396,0.8392480020083513,-1.6018993764221885,-0.1404990337643092,-0.4014114235676847,1.3159641670593372,-0.9037617189551556,0.2851214799545941,70
-0.9542014954030068,-0.4974291753694151,-1.4630033457685447,-0.1404990337643092,-0.4014114235676847,-0.1229556782182992,-0.9037617189551556,1.6301694083202758,63
-0.434712758209308,-0.3303445281971943,-0.6296271618466828,-0.1404990337643092,-0.4014114235676847,-0.1229556782182992,-0.9037617189551556,1.6301694083202758,67
-0.434712758209308,-0.6645138225416359,1.106573221323863,1.290975147304006,0.4090355721634622,-0.1229556782182992,-0.9037617189551556,-1.0599264484110875,65
-1.7334346011935553,1.173417296352793,-0.4907311311930391,1.290975147304006,-0.4014114235676847,-0.1229556782182992,-0.9037617189551556,0.2851214799545941,63
1.470079278167588,-0.9986831168860776,-0.2129390698857517,-1.5719732148326244,-0.4014114235676847,-0.1229556782182992,-0.9037617189551556,-1.0599264484110875,66
-1.387108776397756,-0.1632598810249735,-0.2823870852125736,1.290975147304006,-0.4014114235676847,-0.1229556782182992,-0.9037617189551556,1.6301694083202758,65
-0.9542014954030068,0.6721633548361304,-1.393555330441723,1.290975147304006,1.2194825678946093,-0.1229556782182992,-0.9037617189551556,0.2851214799545941,67
-0.8676200392040571,0.0038247661472472,0.2731970374020011,-0.1404990337643092,2.029929563625756,-1.5618755234959356,1.6586709298539055,0.2851214799545941,67
-1.0407829516019569,0.5050787076639097,-0.4907311311930391,-1.5719732148326244,-0.4014114235676847,1.3159641670593372,0.3774546054493748,0.2851214799545941,65
1.1237534533717888,-1.3328524112305191,-0.0740430392321081,-0.1404990337643092,-0.4014114235676847,-0.1229556782182992,1.6586709298539055,0.2851214799545941,67
-0.6078756706072076,0.5050787076639097,-1.2546592997880792,-0.1404990337643092,1.2194825678946093,1.3159641670593372,0.3774546054493748,0.2851214799545941,67
-0.1749683896124585,0.170909413319468,1.523261313284794,-0.1404990337643092,-1.2118584192988318,1.3159641670593372,-0.9037617189551556,0.2851214799545941,69
-0.8676200392040571,-0.1632598810249735,0.7593331446897539,-1.5719732148326244,0.4090355721634622,-0.1229556782182992,-0.9037617189551556,1.6301694083202758,63
-1.0407829516019569,2.3430098265583386,-0.560179146519861,-0.1404990337643092,-1.2118584192988318,-0.1229556782182992,-0.9037617189551556,0.2851214799545941,67
-0.0018054772145589,1.3405019435250136,-0.976867238480792,1.290975147304006,-0.4014114235676847,-0.1229556782182992,0.3774546054493748,-1.0599264484110875,68
1.5566607343665375,0.170909413319468,0.8982291753433976,-0.1404990337643092,-0.4014114235676847,-1.5618755234959356,1.6586709298539055,0.2851214799545941,71
1.5566607343665375,-0.3303445281971943,-0.6990751771735046,-0.1404990337643092,-0.4014114235676847,-1.5618755234959356,1.6586709298539055,1.6301694083202758,70
0.6908461723770396,-0.6645138225416359,-1.393555330441723,-0.1404990337643092,1.2194825678946093,-1.5618755234959356,1.6586709298539055,-1.0599264484110875,66
-1.300527320198806,0.8392480020083513,1.2454692519775068,1.290975147304006,0.4090355721634622,-0.1229556782182992,0.3774546054493748,0.2851214799545941,66
0.1713574351833407,-0.3303445281971943,-0.560179146519861,-0.1404990337643092,-0.4014114235676847,-1.5618755234959356,1.6586709298539055,1.6301694083202758,66
-0.3481313020103582,0.6721633548361304,0.5509890987092884,1.290975147304006,-0.4014114235676847,-1.5618755234959356,-0.9037617189551556,1.6301694083202758,69
-1.0407829516019569,-0.1632598810249735,-0.2129390698857517,1.290975147304006,0.4090355721634622,-1.5618755234959356,0.3774546054493748,-1.0599264484110875,64
0.6908461723770396,1.6746712378694553,1.4538132979579723,-0.1404990337643092,-0.4014114235676847,1.3159641670593372,-0.9037617189551556,0.2851214799545941,73
0.6908461723770396,1.173417296352793,-1.3241073151149012,-1.5719732148326244,0.4090355721634622,-0.1229556782182992,1.6586709298539055,-1.0599264484110875,70
1.470079278167588,0.6721633548361304,-0.4907311311930391,-0.1404990337643092,-0.4014114235676847,-0.1229556782182992,0.3774546054493748,0.2851214799545941,72
1.0371719971728388,0.0038247661472472,-0.6296271618466828,-0.1404990337643092,0.4090355721634622,-0.1229556782182992,0.3774546054493748,0.2851214799545941,68
0.1713574351833407,-0.6645138225416359,-0.1434910545589299,1.290975147304006,1.2194825678946093,-1.5618755234959356,0.3774546054493748,-1.0599264484110875,67
0.8640090847749392,0.170909413319468,-1.393555330441723,-0.1404990337643092,-0.4014114235676847,1.3159641670593372,-0.9037617189551556,-1.0599264484110875,70
1.2103349095707383,-1.6670217055749608,-0.1434910545589299,1.290975147304006,-0.4014114235676847,-0.1229556782182992,-0.9037617189551556,0.2851214799545941,66
-1.4736902325967058,0.170909413319468,1.3843652826311503,1.290975147304006,0.4090355721634622,-1.5618755234959356,-0.9037617189551556,1.6301694083202758,66
0.8640090847749392,-0.9986831168860776,-0.6296271618466828,-0.1404990337643092,-0.4014114235676847,-1.5618755234959356,0.3774546054493748,0.2851214799545941,67
0.4311018037801901,0.170909413319468,-0.0740430392321081,1.290975147304006,0.4090355721634622,1.3159641670593372,-0.9037617189551556,0.2851214799545941,71
-0.6078756706072076,0.5050787076639097,-1.7407954070758322,1.290975147304006,-0.4014114235676847,1.3159641670593372,0.3774546054493748,0.2851214799545941,68
1.2969163657696885,-0.1632598810249735,0.6898851293629321,-0.1404990337643092,0.4090355721634622,-0.1229556782182992,0.3774546054493748,-1.0599264484110875,69
-0.2615498458114084,0.3379940604916889,-0.0740430392321081,-0.1404990337643092,0.4090355721634622,-0.1229556782182992,0.3774546054493748,-1.0599264484110875,67
-1.7334346011935553,1.3405019435250136,-0.3518351005393955,-0.1404990337643092,-1.2118584192988318,-1.5618755234959356,-0.9037617189551556,-1.0599264484110875,63
1.2103349095707383,-0.1632598810249735,1.3843652826311503,-0.1404990337643092,1.2194825678946093,-1.5618755234959356,-0.9037617189551556,-1.0599264484110875,69
-1.2139458639998564,0.170909413319468,0.0648529914215355,-0.1404990337643092,1.2194825678946093,1.3159641670593372,-0.9037617189551556,-1.0599264484110875,65
-0.9542014954030068,1.173417296352793,0.3426450527288229,1.290975147304006,-0.4014114235676847,1.3159641670593372,-0.9037617189551556,0.2851214799545941,68
0.6042647161780897,0.5050787076639097,-1.1157632691344357,1.290975147304006,-0.4014114235676847,-0.1229556782182992,0.3774546054493748,1.6301694083202758,70
-0.6944571268061575,0.3379940604916889,-0.560179146519861,-1.5719732148326244,0.4090355721634622,-1.5618755234959356,0.3774546054493748,0.2851214799545941,64
-0.5212942144082578,0.5050787076639097,-1.2546592997880792,1.290975147304006,-0.4014114235676847,-0.1229556782182992,0.3774546054493748,1.6301694083202758,67
0.7774276285759895,-0.4974291753694151,-0.9074192231539702,-0.1404990337643092,0.4090355721634622,-1.5618755234959356,0.3774546054493748,0.2851214799545941,68
-0.6944571268061575,0.3379940604916889,0.2037490220751792,1.290975147304006,-0.4014114235676847,-1.5618755234959356,1.6586709298539055,-1.0599264484110875,65
-0.8676200392040571,-0.1632598810249735,-0.6296271618466828,-1.5719732148326244,-0.4014114235676847,1.3159641670593372,0.3774546054493748,1.6301694083202758,64
0.0847759789843908,1.006332649180572,-0.6990751771735046,-0.1404990337643092,-0.4014114235676847,-1.5618755234959356,-0.9037617189551556,0.2851214799545941,65
0.6042647161780897,1.3405019435250136,-1.2546592997880792,-1.5719732148326244,0.4090355721634622,-1.5618755234959356,-0.9037617189551556,0.2851214799545941,68
-1.387108776397756,-0.3303445281971943,1.523261313284794,1.290975147304006,0.4090355721634622,-1.5618755234959356,-0.9037617189551556,0.2851214799545941,64
-0.0883869334135087,0.170909413319468,1.106573221323863,-0.1404990337643092,-0.4014114235676847,-1.5618755234959356,-0.9037617189551556,-1.0599264484110875,67
0.9505905409738892,-0.8315984697138568,-0.976867238480792,-1.5719732148326244,-1.2118584192988318,-0.1229556782182992,-0.9037617189551556,-1.0599264484110875,65
0.1713574351833407,0.0038247661472472,-0.4212831158662173,1.290975147304006,-0.4014114235676847,-0.1229556782182992,0.3774546054493748,0.2851214799545941,69
0.6042647161780897,-0.8315984697138568,-1.6018993764221885,1.290975147304006,0.4090355721634622,-0.1229556782182992,0.3774546054493748,-1.0599264484110875,68
-0.7810385830051073,1.006332649180572,1.7316053592652596,1.290975147304006,-0.4014114235676847,-1.5618755234959356,0.3774546054493748,-1.0599264484110875,69
0.6908461723770396,-0.1632598810249735,-0.4907311311930391,-0.1404990337643092,-0.4014114235676847,-1.5618755234959356,-0.9037617189551556,-1.0599264484110875,67
1.5566607343665375,-0.9986831168860776,0.5509890987092884,1.290975147304006,1.2194825678946093,1.3159641670593372,0.3774546054493748,-1.0599264484110875,72
-1.300527320198806,0.8392480020083513,0.9676771906702194,-0.1404990337643092,0.4090355721634622,-1.5618755234959356,-0.9037617189551556,0.2851214799545941,66
1.2969163657696885,0.3379940604916889,-1.1157632691344357,-0.1404990337643092,0.4090355721634622,1.3159641670593372,-0.9037617189551556,-1.0599264484110875,69
-0.434712758209308,-0.8315984697138568,1.106573221323863,1.290975147304006,-1.2118584192988318,-0.1229556782182992,0.3774546054493748,0.2851214799545941,67
-0.6944571268061575,0.0038247661472472,-1.046315253807614,-1.5719732148326244,-1.2118584192988318,1.3159641670593372,-0.9037617189551556,-1.0599264484110875,63
0.2579388913822905,0.5050787076639097,-1.6713473917490105,-0.1404990337643092,1.2194825678946093,-0.1229556782182992,0.3774546054493748,0.2851214799545941,68
1.2969163657696885,0.5050787076639097,-0.0045950239052862,-0.1404990337643092,0.4090355721634622,-0.1229556782182992,0.3774546054493748,1.6301694083202758,73
-1.300527320198806,-0.6645138225416359,1.523261313284794,-1.5719732148326244,0.4090355721634622,1.3159641670593372,-0.9037617189551556,-1.0599264484110875,63
-0.434712758209308,-0.8315984697138568,0.6898851293629321,-0.1404990337643092,-0.4014114235676847,1.3159641670593372,-0.9037617189551556,-1.0599264484110875,65
0.6908461723770396,-0.8315984697138568,-1.393555330441723,-0.1404990337643092,-0.4014114235676847,1.3159641670593372,-0.9037617189551556,1.6301694083202758,67
-0.9542014954030068,-1.4999370584027398,1.7316053592652596,-0.1404990337643092,-0.4014114235676847,1.3159641670593372,-0.9037617189551556,-1.0599264484110875,64
0.6042647161780897,0.8392480020083513,0.5509890987092884,-0.1404990337643092,-1.2118584192988318,1.3159641670593372,0.3774546054493748,0.2851214799545941,72
-1.2139458639998564,-1.8341063527471813,1.7316053592652596,-0.1404990337643092,1.2194825678946093,-1.5618755234959356,0.3774546054493748,0.2851214799545941,62
0.1713574351833407,0.3379940604916889,1.2454692519775068,-0.1404990337643092,0.4090355721634622,-0.1229556782182992,-0.9037617189551556,-1.0599264484110875,68
-0.434712758209308,-1.4999370584027398,0.1343010067483574,1.290975147304006,-0.4014114235676847,1.3159641670593372,0.3774546054493748,1.6301694083202758,64
0.2579388913822905,0.170909413319468,1.3843652826311503,-0.1404990337643092,2.029929563625756,-0.1229556782182992,-0.9037617189551556,1.6301694083202758,70
-0.6944571268061575,-0.3303445281971943,1.3843652826311503,1.290975147304006,-0.4014114235676847,1.3159641670593372,-0.9037617189551556,0.2851214799545941,67
-1.300527320198806,2.5100944737305597,0.6204371140361102,-0.1404990337643092,-1.2118584192988318,1.3159641670593372,-0.9037617189551556,0.2851214799545941,70
0.0847759789843908,-0.6645138225416359,0.6898851293629321,1.290975147304006,0.4090355721634622,-0.1229556782182992,0.3774546054493748,-1.0599264484110875,68
-0.8676200392040571,-1.8341063527471813,0.4815410833824666,-0.1404990337643092,0.4090355721634622,1.3159641670593372,-0.9037617189551556,1.6301694083202758,62
0.7774276285759895,-1.8341063527471813,1.106573221323863,1.290975147304006,-0.4014114235676847,-1.5618755234959356,1.6586709298539055,1.6301694083202758,67
-0.434712758209308,-0.1632598810249735,0.2731970374020011,1.290975147304006,-0.4014114235676847,-0.1229556782182992,-0.9037617189551556,0.2851214799545941,66
-0.3481313020103582,-1.8341063527471813,-0.2823870852125736,-0.1404990337643092,-0.4014114235676847,-0.1229556782182992,0.3774546054493748,0.2851214799545941,63
-1.387108776397756,-0.1632598810249735,-1.3241073151149012,-0.1404990337643092,0.4090355721634622,-0.1229556782182992,1.6586709298539055,-1.0599264484110875,63
-0.6078756706072076,-0.6645138225416359,1.3843652826311503,-0.1404990337643092,-0.4014114235676847,-0.1229556782182992,0.3774546054493748,-1.0599264484110875,65
1.0371719971728388,0.8392480020083513,0.1343010067483574,-0.1404990337643092,-1.2118584192988318,-0.1229556782182992,-0.9037617189551556,-1.0599264484110875,70
1.1237534533717888,-0.6645138225416359,0.4120930680556447,-1.5719732148326244,0.4090355721634622,-0.1229556782182992,1.6586709298539055,-1.0599264484110875,67
-0.6944571268061575,-1.6670217055749608,0.9676771906702194,-1.5719732148326244,1.2194825678946093,-0.1229556782182992,0.3774546054493748,0.2851214799545941,63
-0.1749683896124585,1.3405019435250136,-0.1434910545589299,-1.5719732148326244,1.2194825678946093,1.3159641670593372,-0.9037617189551556,-1.0599264484110875,68
-0.434712758209308,-2.5024449414360648,0.6204371140361102,-1.5719732148326244,-1.2118584192988318,-0.1229556782182992,1.6586709298539055,1.6301694083202758,62
1.0371719971728388,0.8392480020083513,-0.0740430392321081,-0.1404990337643092,1.2194825678946093,-0.1229556782182992,-0.9037617189551556,-1.0599264484110875,71
-1.387108776397756,-0.4974291753694151,-0.4907311311930391,-0.1404990337643092,2.840376559356903,-1.5618755234959356,-0.9037617189551556,0.2851214799545941,63
-0.9542014954030068,-0.6645138225416359,-1.3241073151149012,-0.1404990337643092,0.4090355721634622,-0.1229556782182992,1.6586709298539055,0.2851214799545941,63
0.6908461723770396,-2.669529588608285,0.8287811600165758,1.290975147304006,-0.4014114235676847,-0.1229556782182992,0.3774546054493748,0.2851214799545941,66
-1.2139458639998564,0.8392480020083513,1.6621573439384378,-0.1404990337643092,0.4090355721634622,-0.1229556782182992,0.3774546054493748,0.2851214799545941,68
1.3834978219686382,-1.3328524112305191,0.0648529914215355,-1.5719732148326244,0.4090355721634622,-0.1229556782182992,-0.9037617189551556,0.2851214799545941,68
-1.4736902325967058,-0.3303445281971943,-1.6018993764221885,-1.5719732148326244,0.4090355721634622,-0.1229556782182992,1.6586709298539055,1.6301694083202758,63
0.6042647161780897,1.3405019435250136,1.3843652826311503,-0.1404990337643092,0.4090355721634622,-0.1229556782182992,1.6586709298539055,0.2851214799545941,73
-1.387108776397756,-0.4974291753694151,-0.8379712078271483,-1.5719732148326244,-1.2118584192988318,1.3159641670593372,-0.9037617189551556,1.6301694083202758,62
1.1237534533717888,0.3379940604916889,-1.6018993764221885,-0.1404990337643092,-0.4014114235676847,-0.1229556782182992,0.3774546054493748,-1.0599264484110875,69
0.4311018037801901,-1.1657677640582984,-0.976867238480792,1.290975147304006,1.2194825678946093,1.3159641670593372,-0.9037617189551556,0.2851214799545941,69
-0.8676200392040571,0.170909413319468,-0.2129390698857517,1.290975147304006,1.2194825678946093,1.3159641670593372,1.6586709298539055,0.2851214799545941,67
0.0847759789843908,-0.4974291753694151,0.4815410833824666,-0.1404990337643092,1.2194825678946093,-0.1229556782182992,0.3774546054493748,-1.0599264484110875,67
-0.1749683896124585,0.3379940604916889,1.106573221323863,-0.1404990337643092,-1.2118584192988318,-0.1229556782182992,1.6586709298539055,0.2851214799545941,68
-1.0407829516019569,-1.4999370584027398,-1.7407954070758322,1.290975147304006,0.4090355721634622,-1.5618755234959356,-0.9037617189551556,-1.0599264484110875,61
1.470079278167588,0.0038247661472472,-0.9074192231539702,1.290975147304006,-0.4014114235676847,-0.1229556782182992,-0.9037617189551556,0.2851214799545941,69
0.7774276285759895,1.3405019435250136,-0.2823870852125736,-1.5719732148326244,0.4090355721634622,-0.1229556782182992,0.3774546054493748,-1.0599264484110875,70
-0.0883869334135087,-1.3328524112305191,-0.1434910545589299,-0.1404990337643092,0.4090355721634622,-0.1229556782182992,-0.9037617189551556,0.2851214799545941,65
-0.7810385830051073,0.3379940604916889,-1.3241073151149012,1.290975147304006,-0.4014114235676847,-1.5618755234959356,0.3774546054493748,-1.0599264484110875,84
1.0371719971728388,0.5050787076639097,-1.4630033457685447,-0.1404990337643092,-1.2118584192988318,-1.5618755234959356,1.6586709298539055,1.6301694083202758,68
-0.5212942144082578,-1.3328524112305191,-1.393555330441723,1.290975147304006,-1.2118584192988318,-1.5618755234959356,1.6586709298539055,0.2851214799545941,63
0.4311018037801901,-0.3303445281971943,-0.4212831158662173,1.290975147304006,0.4090355721634622,-0.1229556782182992,-0.9037617189551556,-1.0599264484110875,68
1.1237534533717888,0.6721633548361304,0.8982291753433976,-0.1404990337643092,-0.4014114235676847,1.3159641670593372,-0.9037617189551556,0.2851214799545941,71
-0.6944571268061575,1.006332649180572,0.0648529914215355,-0.1404990337643092,-0.4014114235676847,-0.1229556782182992,1.6586709298539055,0.2851214799545941,68
0.2579388913822905,-0.3303445281971943,1.7316053592652596,-0.1404990337643092,-0.4014114235676847,-1.5618755234959356,-0.9037617189551556,-1.0599264484110875,66
1.3834978219686382,-0.8315984697138568,-0.0740430392321081,-0.1404990337643092,0.4090355721634622,1.3159641670593372,-0.9037617189551556,-1.0599264484110875,68
-0.2615498458114084,0.3379940604916889,-0.4907311311930391,-0.1404990337643092,1.2194825678946093,-1.5618755234959356,-0.9037617189551556,1.6301694083202758,68
1.3834978219686382,-1.3328524112305191,-0.2823870852125736,-0.1404990337643092,0.4090355721634622,-1.5618755234959356,0.3774546054493748,0.2851214799545941,68
1.470079278167588,0.8392480020083513,0.4815410833824666,1.290975147304006,-0.4014114235676847,-0.1229556782182992,0.3774546054493748,-1.0599264484110875,73
-0.3481313020103582,1.006332649180572,-0.0740430392321081,-1.5719732148326244,2.029929563625756,1.3159641670593372,-0.9037617189551556,0.2851214799545941,70
-0.0018054772145589,-0.1632598810249735,-0.6296271618466828,-0.1404990337643092,2.029929563625756,1.3159641670593372,0.3774546054493748,0.2851214799545941,69
-0.3481313020103582,0.5050787076639097,0.4815410833824666,-0.1404990337643092,-1.2118584192988318,1.3159641670593372,0.3774546054493748,0.2851214799545941,68
-0.3481313020103582,0.170909413319468,1.4538132979579723,-0.1404990337643092,-0.4014114235676847,-1.5618755234959356,-0.9037617189551556,-1.0599264484110875,65
-0.8676200392040571,-1.6670217055749608,1.6621573439384378,1.290975147304006,-0.4014114235676847,1.3159641670593372,-0.9037617189551556,0.2851214799545941,65
-1.0407829516019569,-1.1657677640582984,0.2731970374020011,-0.1404990337643092,-0.4014114235676847,-1.5618755234959356,0.3774546054493748,1.6301694083202758,62
-1.5602716887956556,-0.8315984697138568,-0.7685231925003265,1.290975147304006,0.4090355721634622,-1.5618755234959356,0.3774546054493748,-1.0599264484110875,62
-1.387108776397756,-0.6645138225416359,-0.3518351005393955,-0.1404990337643092,1.2194825678946093,1.3159641670593372,-0.9037617189551556,1.6301694083202758,63
-0.0883869334135087,0.170909413319468,0.4815410833824666,1.290975147304006,-0.4014114235676847,-1.5618755234959356,-0.9037617189551556,1.6301694083202758,67
0.8640090847749392,-0.3303445281971943,0.4120930680556447,-0.1404990337643092,0.4090355721634622,1.3159641670593372,1.6586709298539055,0.2851214799545941,69
1.0371719971728388,-1.3328524112305191,1.0371252059970413,-0.1404990337643092,0.4090355721634622,1.3159641670593372,-0.9037617189551556,0.2851214799545941,69
-0.0883869334135087,0.170909413319468,0.8982291753433976,-0.1404990337643092,-1.2118584192988318,-1.5618755234959356,-0.9037617189551556,-1.0599264484110875,65
1.5566607343665375,0.6721633548361304,-0.6296271618466828,-1.5719732148326244,0.4090355721634622,1.3159641670593372,-0.9037617189551556,-1.0599264484110875,71
0.7774276285759895,0.5050787076639097,-1.3241073151149012,-1.5719732148326244,2.029929563625756,-1.5618755234959356,1.6586709298539055,0.2851214799545941,69
-0.8676200392040571,0.170909413319468,-0.6296271618466828,1.290975147304006,-0.4014114235676847,1.3159641670593372,0.3774546054493748,0.2851214799545941,91
0.4311018037801901,-1.1657677640582984,1.4538132979579723,-0.1404990337643092,-0.4014114235676847,-1.5618755234959356,1.6586709298539055,-1.0599264484110875,66
-0.434712758209308,-0.8315984697138568,0.5509890987092884,1.290975147304006,-0.4014114235676847,-0.1229556782182992,-0.9037617189551556,1.6301694083202758,65
1.2103349095707383,0.5050787076639097,-0.976867238480792,1.290975147304006,-1.2118584192988318,-0.1229556782182992,1.6586709298539055,0.2851214799545941,68
-0.9542014954030068,1.5075865906972346,1.4538132979579723,1.290975147304006,-0.4014114235676847,-0.1229556782182992,-0.9037617189551556,1.6301694083202758,70
1.470079278167588,-0.9986831168860776,-0.9074192231539702,1.290975147304006,-0.4014114235676847,-1.5618755234959356,1.6586709298539055,0.2851214799545941,66
-0.7810385830051073,-1.1657677640582984,-0.6990751771735046,1.290975147304006,0.4090355721634622,-0.1229556782182992,1.6586709298539055,0.2851214799545941,66
0.3445203475812403,0.170909413319468,-0.0045950239052862,-0.1404990337643092,-0.4014114235676847,-0.1229556782182992,0.3774546054493748,1.6301694083202758,67
1.6432421905654877,-0.8315984697138568,1.3149172673043286,-0.1404990337643092,0.4090355721634622,-1.5618755234959356,1.6586709298539055,0.2851214799545941,71
0.4311018037801901,-0.6645138225416359,0.8287811600165758,-0.1404990337643092,2.029929563625756,-0.1229556782182992,-0.9037617189551556,-1.0599264484110875,67
-0.6078756706072076,-0.8315984697138568,-1.046315253807614,-0.1404990337643092,1.2194825678946093,-0.1229556782182992,0.3774546054493748,0.2851214799545941,66
-0.7810385830051073,-0.8315984697138568,1.7316053592652596,1.290975147304006,0.4090355721634622,1.3159641670593372,-0.9037617189551556,-1.0599264484110875,66
1.2103349095707383,1.5075865906972346,1.3843652826311503,-0.1404990337643092,0.4090355721634622,-1.5618755234959356,0.3774546054493748,-1.0599264484110875,70
-1.2139458639998564,-1.1657677640582984,1.0371252059970413,-0.1404990337643092,0.4090355721634622,1.3159641670593372,-0.9037617189551556,-1.0599264484110875,63
-0.434712758209308,0.6721633548361304,1.3843652826311503,-1.5719732148326244,-1.2118584192988318,-0.1229556782182992,0.3774546054493748,0.2851214799545941,68
-1.387108776397756,0.5050787076639097,-0.2823870852125736,1.290975147304006,0.4090355721634622,-0.1229556782182992,1.6586709298539055,0.2851214799545941,65
-0.9542014954030068,0.0038247661472472,0.4120930680556447,-0.1404990337643092,0.4090355721634622,-0.1229556782182992,-0.9037617189551556,0.2851214799545941,67
-1.387108776397756,1.173417296352793,-1.3241073151149012,-0.1404990337643092,-1.2118584192988318,1.3159641670593372,0.3774546054493748,-1.0599264484110875,65
-0.5212942144082578,-0.6645138225416359,0.0648529914215355,1.290975147304006,2.840376559356903,-1.5618755234959356,0.3774546054493748,-1.0599264484110875,65
-1.387108776397756,0.0038247661472472,-0.1434910545589299,-1.5719732148326244,1.2194825678946093,-0.1229556782182992,1.6586709298539055,0.2851214799545941,65
-0.0883869334135087,-1.4999370584027398,1.6621573439384378,1.290975147304006,-0.4014114235676847,1.3159641670593372,-0.9037617189551556,1.6301694083202758,68
-0.1749683896124585,0.3379940604916889,-0.4212831158662173,1.290975147304006,0.4090355721634622,-1.5618755234959356,-0.9037617189551556,-1.0599264484110875,67
-0.8676200392040571,1.3405019435250136,1.523261313284794,1.290975147304006,2.840376559356903,1.3159641670593372,-0.9037617189551556,-1.0599264484110875,70
0.7774276285759895,-0.3303445281971943,0.0648529914215355,-1.5719732148326244,-1.2118584192988318,-0.1229556782182992,-0.9037617189551556,-1.0599264484110875,67
1.5566607343665375,-0.1632598810249735,1.0371252059970413,1.290975147304006,-0.4014114235676847,-0.1229556782182992,0.3774546054493748,1.6301694083202758,70
-1.300527320198806,-1.8341063527471813,0.9676771906702194,-0.1404990337643092,0.4090355721634622,-1.5618755234959356,-0.9037617189551556,-1.0599264484110875,61
0.0847759789843908,0.6721633548361304,0.6898851293629321,-0.1404990337643092,-0.4014114235676847,-0.1229556782182992,0.3774546054493748,0.2851214799545941,68
0.3445203475812403,-0.8315984697138568,-0.560179146519861,-1.5719732148326244,-0.4014114235676847,-0.1229556782182992,0.3774546054493748,0.2851214799545941,65
0.2579388913822905,0.6721633548361304,-0.6296271618466828,-0.1404990337643092,0.4090355721634622,1.3159641670593372,1.6586709298539055,0.2851214799545941,70
0.0847759789843908,0.3379940604916889,1.0371252059970413,-1.5719732148326244,-1.2118584192988318,-1.5618755234959356,0.3774546054493748,1.6301694083202758,66
-0.0883869334135087,0.3379940604916889,1.7316053592652596,-0.1404990337643092,2.029929563625756,1.3159641670593372,0.3774546054493748,1.6301694083202758,72
-0.5212942144082578,1.173417296352793,-0.7685231925003265,-1.5719732148326244,-0.4014114235676847,-0.1229556782182992,-0.9037617189551556,-1.0599264484110875,65
1.470079278167588,1.3405019435250136,1.2454692519775068,-0.1404990337643092,1.2194825678946093,-0.1229556782182992,-0.9037617189551556,0.2851214799545941,74
-1.6468531449946056,2.175925179386118,1.176021236650685,-0.1404990337643092,-0.4014114235676847,1.3159641670593372,-0.9037617189551556,0.2851214799545941,69
-0.6078756706072076,-1.4999370584027398,0.2731970374020011,1.290975147304006,-0.4014114235676847,-0.1229556782182992,-0.9037617189551556,-1.0599264484110875,64
0.0847759789843908,0.5050787076639097,-1.4630033457685447,-0.1404990337643092,-0.4014114235676847,-1.5618755234959356,0.3774546054493748,-1.0599264484110875,66
-0.3481313020103582,0.6721633548361304,0.2037490220751792,-0.1404990337643092,-0.4014114235676847,-1.5618755234959356,-0.9037617189551556,0.2851214799545941,65
-1.300527320198806,-0.8315984697138568,-0.9074192231539702,-0.1404990337643092,-0.4014114235676847,-0.1229556782182992,-0.9037617189551556,0.2851214799545941,61
-0.7810385830051073,0.170909413319468,0.7593331446897539,-1.5719732148326244,0.4090355721634622,-0.1229556782182992,0.3774546054493748,0.2851214799545941,66
0.3445203475812403,1.6746712378694553,1.3843652826311503,-0.1404990337643092,0.4090355721634622,-1.5618755234959356,0.3774546054493748,1.6301694083202758,72
-0.1749683896124585,0.170909413319468,-1.046315253807614,1.290975147304006,1.2194825678946093,-0.1229556782182992,-0.9037617189551556,1.6301694083202758,68
-1.0407829516019569,-0.6645138225416359,0.1343010067483574,-0.1404990337643092,-0.4014114235676847,1.3159641670593372,1.6586709298539055,1.6301694083202758,66
0.6042647161780897,1.173417296352793,-1.3241073151149012,-1.5719732148326244,-1.2118584192988318,1.3159641670593372,-0.9037617189551556,-1.0599264484110875,68
1.6432421905654877,-1.3328524112305191,-1.046315253807614,1.290975147304006,-1.2118584192988318,-0.1229556782182992,-0.9037617189551556,-1.0599264484110875,66
1.1237534533717888,-0.6645138225416359,-1.6713473917490105,-1.5719732148326244,1.2194825678946093,-0.1229556782182992,0.3774546054493748,-1.0599264484110875,67
-1.300527320198806,-1.1657677640582984,-0.0740430392321081,-0.1404990337643092,-1.2118584192988318,1.3159641670593372,-0.9037617189551556,1.6301694083202758,60
0.6908461723770396,0.6721633548361304,1.3149172673043286,-0.1404990337643092,-1.2118584192988318,-0.1229556782182992,1.6586709298539055,-1.0599264484110875,69
-0.8676200392040571,-0.3303445281971943,-1.3241073151149012,-0.1404990337643092,-0.4014114235676847,-0.1229556782182992,-0.9037617189551556,1.6301694083202758,65
0.7774276285759895,-0.9986831168860776,0.4815410833824666,-0.1404990337643092,0.4090355721634622,1.3159641670593372,0.3774546054493748,0.2851214799545941,69
1.1237534533717888,0.3379940604916889,-0.0740430392321081,-0.1404990337643092,0.4090355721634622,1.3159641670593372,0.3774546054493748,0.2851214799545941,70
0.6042647161780897,-1.1657677640582984,1.5927093286116158,-0.1404990337643092,-1.2118584192988318,-1.5618755234959356,1.6586709298539055,1.6301694083202758,66
-0.6944571268061575,-0.3303445281971943,-0.4212831158662173,-0.1404990337643092,0.4090355721634622,1.3159641670593372,-0.9037617189551556,1.6301694083202758,64
-1.300527320198806,0.6721633548361304,1.176021236650685,-0.1404990337643092,1.2194825678946093,-0.1229556782182992,-0.9037617189551556,0.2851214799545941,67
1.7298236467644377,-0.1632598810249735,-1.2546592997880792,1.290975147304006,-0.4014114235676847,-0.1229556782182992,-0.9037617189551556,1.6301694083202758,70
-0.7810385830051073,1.3405019435250136,-0.6296271618466828,1.290975147304006,0.4090355721634622,-0.1229556782182992,0.3774546054493748,-1.0599264484110875,69
-0.6944571268061575,-0.1632598810249735,1.4538132979579723,1.290975147304006,1.2194825678946093,-1.5618755234959356,-0.9037617189551556,-1.0599264484110875,64
-1.2139458639998564,0.0038247661472472,-1.4630033457685447,-0.1404990337643092,0.4090355721634622,-1.5618755234959356,1.6586709298539055,0.2851214799545941,63
0.0847759789843908,1.173417296352793,0.1343010067483574,-0.1404990337643092,0.4090355721634622,-0.1229556782182992,1.6586709298539055,0.2851214799545941,69
-1.300527320198806,-1.3328524112305191,-0.6296271618466828,1.290975147304006,-1.2118584192988318,1.3159641670593372,-0.9037617189551556,0.2851214799545941,63
0.1713574351833407,0.170909413319468,1.3843652826311503,1.290975147304006,-0.4014114235676847,-0.1229556782182992,-0.9037617189551556,1.6301694083202758,70
1.2969163657696885,-0.6645138225416359,-0.8379712078271483,1.290975147304006,-1.2118584192988318,1.3159641670593372,-0.9037617189551556,0.2851214799545941,68
1.7298236467644377,-0.9986831168860776,1.7316053592652596,-0.1404990337643092,1.2194825678946093,-0.1229556782182992,1.6586709298539055,-1.0599264484110875,71
0.6908461723770396,1.6746712378694553,1.106573221323863,-0.1404990337643092,1.2194825678946093,-0.1229556782182992,-0.9037617189551556,0.2851214799545941,73
0.3445203475812403,-1.4999370584027398,-1.1157632691344357,-1.5719732148326244,0.4090355721634622,-0.1229556782182992,-0.9037617189551556,0.2851214799545941,64
0.1713574351833407,1.3405019435250136,0.3426450527288229,-0.1404990337643092,-0.4014114235676847,-0.1229556782182992,-0.9037617189551556,-1.0599264484110875,69
0.1713574351833407,-0.9986831168860776,-0.6990751771735046,-0.1404990337643092,-0.4014114235676847,-0.1229556782182992,0.3774546054493748,-1.0599264484110875,65
-0.0018054772145589,1.5075865906972346,1.106573221323863,-0.1404990337643092,-0.4014114235676847,-1.5618755234959356,0.3774546054493748,1.6301694083202758,70
-1.5602716887956556,1.841755885041676,-1.6713473917490105,-0.1404990337643092,0.4090355721634622,-0.1229556782182992,0.3774546054493748,0.2851214799545941,65
0.9505905409738892,0.8392480020083513,-0.2129390698857517,-0.1404990337643092,0.4090355721634622,-0.1229556782182992,1.6586709298539055,0.2851214799545941,71
0.8640090847749392,3.011348415247222,-1.046315253807614,-0.1404990337643092,0.4090355721634622,1.3159641670593372,0.3774546054493748,-1.0599264484110875,74
-1.387108776397756,0.3379940604916889,-0.1434910545589299,-0.1404990337643092,1.2194825678946093,-0.1229556782182992,1.6586709298539055,0.2851214799545941,67
1.2103349095707383,0.8392480020083513,0.0648529914215355,-1.5719732148326244,-0.4014114235676847,-0.1229556782182992,-0.9037617189551556,-1.0599264484110875,69
-0.7810385830051073,0.3379940604916889,-1.2546592997880792,-1.5719732148326244,-0.4014114235676847,-0.1229556782182992,-0.9037617189551556,-1.0599264484110875,63
-1.2139458639998564,0.5050787076639097,-0.1434910545589299,-1.5719732148326244,0.4090355721634622,-0.1229556782182992,0.3774546054493748,1.6301694083202758,66
0.1713574351833407,-0.3303445281971943,-0.0045950239052862,-0.1404990337643092,-1.2118584192988318,-0.1229556782182992,0.3774546054493748,-1.0599264484110875,66
-1.4736902325967058,1.841755885041676,-0.0740430392321081,1.290975147304006,1.2194825678946093,-1.5618755234959356,0.3774546054493748,0.2851214799545941,66
0.7774276285759895,0.170909413319468,0.0648529914215355,-0.1404990337643092,1.2194825678946093,-1.5618755234959356,-0.9037617189551556,1.6301694083202758,68
-1.387108776397756,-0.3303445281971943,1.523261313284794,-1.5719732148326244,0.4090355721634622,-1.5618755234959356,0.3774546054493748,0.2851214799545941,62
-0.0018054772145589,-0.9986831168860776,0.8982291753433976,-0.1404990337643092,-0.4014114235676847,-0.1229556782182992,-0.9037617189551556,0.2851214799545941,66
1.2103349095707383,0.6721633548361304,-0.8379712078271483,-0.1404990337643092,-0.4014114235676847,-0.1229556782182992,-0.9037617189551556,-1.0599264484110875,70
1.6432421905654877,1.6746712378694553,-1.4630033457685447,-0.1404990337643092,-1.2118584192988318,-1.5618755234959356,1.6586709298539055,0.2851214799545941,72
0.9505905409738892,-0.3303445281971943,0.5509890987092884,-1.5719732148326244,0.4090355721634622,-0.1229556782182992,-0.9037617189551556,-1.0599264484110875,68
1.2103349095707383,0.3379940604916889,-0.0045950239052862,-0.1404990337643092,-1.2118584192988318,-0.1229556782182992,-0.9037617189551556,-1.0599264484110875,69
-0.0018054772145589,0.170909413319468,-0.1434910545589299,-1.5719732148326244,-1.2118584192988318,1.3159641670593372,-0.9037617189551556,0.2851214799545941,65
-1.2139458639998564,-0.1632598810249735,1.6621573439384378,-1.5719732148326244,-0.4014114235676847,1.3159641670593372,0.3774546054493748,0.2851214799545941,66
-0.434712758209308,0.6721633548361304,0.6898851293629321,-1.5719732148326244,-0.4014114235676847,-0.1229556782182992,1.6586709298539055,-1.0599264484110875,66
-0.6078756706072076,-1.4999370584027398,-0.4907311311930391,-1.5719732148326244,1.2194825678946093,1.3159641670593372,0.3774546054493748,-1.0599264484110875,64
-1.6468531449946056,1.006332649180572,1.3843652826311503,-1.5719732148326244,-1.2118584192988318,1.3159641670593372,1.6586709298539055,0.2851214799545941,65
0.51768325997914,-1.3328524112305191,0.0648529914215355,-0.1404990337643092,0.4090355721634622,1.3159641670593372,1.6586709298539055,1.6301694083202758,68
-0.434712758209308,0.6721633548361304,1.5927093286116158,-0.1404990337643092,-0.4014114235676847,-1.5618755234959356,-0.9037617189551556,-1.0599264484110875,67
-1.1273644078009066,-0.6645138225416359,-0.2129390698857517,1.290975147304006,-0.4014114235676847,1.3159641670593372,1.6586709298539055,-1.0599264484110875,66
1.2969163657696885,0.6721633548361304,-0.1434910545589299,-1.5719732148326244,1.2194825678946093,-0.1229556782182992,-0.9037617189551556,-1.0599264484110875,69
0.1713574351833407,-1.6670217055749608,0.4815410833824666,-0.1404990337643092,0.4090355721634622,1.3159641670593372,-0.9037617189551556,-1.0599264484110875,65
0.6042647161780897,-1.3328524112305191,-1.5324513610953667,-0.1404990337643092,0.4090355721634622,-0.1229556782182992,0.3774546054493748,0.2851214799545941,65
0.51768325997914,0.3379940604916889,1.3843652826311503,-0.1404990337643092,2.029929563625756,-0.1229556782182992,0.3774546054493748,0.2851214799545941,71
1.0371719971728388,-0.6645138225416359,0.6898851293629321,1.290975147304006,-0.4014114235676847,-0.1229556782182992,-0.9037617189551556,-1.0599264484110875,68
1.470079278167588,-0.8315984697138568,1.0371252059970413,1.290975147304006,0.4090355721634622,-0.1229556782182992,-0.9037617189551556,1.6301694083202758,71
0.3445203475812403,-0.4974291753694151,-0.2823870852125736,-1.5719732148326244,-1.2118584192988318,-1.5618755234959356,-0.9037617189551556,0.2851214799545941,62
1.1237534533717888,0.6721633548361304,-0.9074192231539702,-0.1404990337643092,-0.4014114235676847,-1.5618755234959356,0.3774546054493748,1.6301694083202758,69
1.2103349095707383,-0.9986831168860776,0.5509890987092884,-0.1404990337643092,0.4090355721634622,-0.1229556782182992,1.6586709298539055,-1.0599264484110875,70
-0.7810385830051073,-0.8315984697138568,-0.4212831158662173,-0.1404990337643092,1.2194825678946093,1.3159641670593372,1.6586709298539055,0.2851214799545941,66
-1.6468531449946056,-1.1657677640582984,0.9676771906702194,-0.1404990337643092,2.029929563625756,-0.1229556782182992,-0.9037617189551556,-1.0599264484110875,62
-0.434712758209308,-0.1632598810249735,1.4538132979579723,1.290975147304006,0.4090355721634622,1.3159641670593372,-0.9037617189551556,0.2851214799545941,70
-0.3481313020103582,0.3379940604916889,0.5509890987092884,-1.5719732148326244,-1.2118584192988318,1.3159641670593372,0.3774546054493748,-1.0599264484110875,66
0.2579388913822905,0.3379940604916889,1.4538132979579723,1.290975147304006,0.4090355721634622,1.3159641670593372,0.3774546054493748,0.2851214799545941,71
0.7774276285759895,0.8392480020083513,0.4120930680556447,-0.1404990337643092,1.2194825678946093,-0.1229556782182992,0.3774546054493748,0.2851214799545941,71
0.2579388913822905,0.170909413319468,0.2037490220751792,-0.1404990337643092,0.4090355721634622,1.3159641670593372,-0.9037617189551556,1.6301694083202758,69
-0.0883869334135087,1.006332649180572,0.8982291753433976,1.290975147304006,-0.4014114235676847,-0.1229556782182992,0.3774546054493748,-1.0599264484110875,70
-1.7334346011935553,-0.1632598810249735,-0.2129390698857517,1.290975147304006,1.2194825678946093,-0.1229556782182992,-0.9037617189551556,-1.0599264484110875,65
-0.1749683896124585,-0.4974291753694151,1.5927093286116158,-0.1404990337643092,0.4090355721634622,-0.1229556782182992,-0.9037617189551556,0.2851214799545941,66
-1.300527320198806,0.3379940604916889,1.5927093286116158,-0.1404990337643092,2.029929563625756,-1.5618755234959356,-0.9037617189551556,0.2851214799545941,66
-1.1273644078009066,-0.4974291753694151,0.5509890987092884,-1.5719732148326244,1.2194825678946093,1.3159641670593372,-0.9037617189551556,-1.0599264484110875,64
1.5566607343665375,-0.6645138225416359,0.6898851293629321,-0.1404990337643092,-1.2118584192988318,-0.1229556782182992,0.3774546054493748,-1.0599264484110875,69
1.6432421905654877,0.5050787076639097,-0.4907311311930391,-0.1404990337643092,-1.2118584192988318,-1.5618755234959356,-0.9037617189551556,1.6301694083202758,70
0.6042647161780897,-0.4974291753694151,-1.046315253807614,-0.1404990337643092,2.029929563625756,-0.1229556782182992,-0.9037617189551556,0.2851214799545941,67
-1.2139458639998564,-0.3303445281971943,-0.4907311311930391,-0.1404990337643092,-0.4014114235676847,1.3159641670593372,-0.9037617189551556,0.2851214799545941,61
-0.0883869334135087,-2.836614235780506,-0.7685231925003265,-0.1404990337643092,-1.2118584192988318,-1.5618755234959356,1.6586709298539055,0.2851214799545941,58
-1.7334346011935553,-0.8315984697138568,0.4120930680556447,-0.1404990337643092,2.029929563625756,-0.1229556782182992,-0.9037617189551556,-1.0599264484110875,63
0.9505905409738892,0.8392480020083513,1.4538132979579723,-0.1404990337643092,1.2194825678946093,-1.5618755234959356,-0.9037617189551556,0.2851214799545941,72
0.4311018037801901,1.6746712378694553,-0.6990751771735046,-1.5719732148326244,0.4090355721634622,1.3159641670593372,-0.9037617189551556,-1.0599264484110875,70
0.8640090847749392,1.841755885041676,-0.976867238480792,1.290975147304006,-1.2118584192988318,1.3159641670593372,-0.9037617189551556,-1.0599264484110875,72
0.0847759789843908,0.3379940604916889,0.3426450527288229,-1.5719732148326244,-0.4014114235676847,-0.1229556782182992,0.3774546054493748,0.2851214799545941,67
-0.6078756706072076,-0.8315984697138568,-1.3241073151149012,1.290975147304006,-0.4014114235676847,-0.1229556782182992,1.6586709298539055,0.2851214799545941,65
0.6042647161780897,1.006332649180572,0.4815410833824666,-0.1404990337643092,-0.4014114235676847,-0.1229556782182992,1.6586709298539055,-1.0599264484110875,71
1.2103349095707383,0.5050787076639097,-1.1852112844612577,-0.1404990337643092,2.840376559356903,-1.5618755234959356,-0.9037617189551556,-1.0599264484110875,71
1.6432421905654877,-1.4999370584027398,0.8982291753433976,-1.5719732148326244,0.4090355721634622,-0.1229556782182992,-0.9037617189551556,-1.0599264484110875,67
-1.2139458639998564,0.5050787076639097,0.5509890987092884,1.290975147304006,-1.2118584192988318,-0.1229556782182992,-0.9037617189551556,1.6301694083202758,66
-0.1749683896124585,-0.9986831168860776,1.0371252059970413,1.290975147304006,-0.4014114235676847,1.3159641670593372,1.6586709298539055,0.2851214799545941,68
-0.7810385830051073,0.8392480020083513,1.5927093286116158,-0.1404990337643092,-1.2118584192988318,-0.1229556782182992,1.6586709298539055,-1.0599264484110875,66
-0.1749683896124585,1.5075865906972346,1.4538132979579723,-0.1404990337643092,2.840376559356903,-1.5618755234959356,0.3774546054493748,-1.0599264484110875,72
1.2969163657696885,-0.6645138225416359,-0.6990751771735046,-0.1404990337643092,-1.2118584192988318,-1.5618755234959356,0.3774546054493748,0.2851214799545941,68
-0.6944571268061575,-0.3303445281971943,0.2731970374020011,-0.1404990337643092,-0.4014114235676847,-1.5618755234959356,-0.9037617189551556,0.2851214799545941,65
-0.6078756706072076,0.0038247661472472,0.6204371140361102,-0.1404990337643092,-1.2118584192988318,-0.1229556782182992,1.6586709298539055,0.2851214799545941,66
-0.2615498458114084,0.5050787076639097,-0.4212831158662173,1.290975147304006,-0.4014114235676847,-0.1229556782182992,-0.9037617189551556,0.2851214799545941,67
0.3445203475812403,0.5050787076639097,1.2454692519775068,1.290975147304006,-0.4014114235676847,1.3159641670593372,1.6586709298539055,1.6301694083202758,72
0.0847759789843908,0.8392480020083513,-1.046315253807614,-0.1404990337643092,0.4090355721634622,-0.1229556782182992,-0.9037617189551556,0.2851214799545941,68
-0.1749683896124585,0.6721633548361304,0.8287811600165758,1.290975147304006,0.4090355721634622,1.3159641670593372,-0.9037617189551556,0.2851214799545941,71
-0.3481313020103582,1.006332649180572,1.3843652826311503,-1.5719732148326244,-0.4014114235676847,-1.5618755234959356,1.6586709298539055,-1.0599264484110875,67
-0.8676200392040571,-1.8341063527471813,0.2037490220751792,-0.1404990337643092,-0.4014114235676847,-0.1229556782182992,-0.9037617189551556,0.2851214799545941,60
-0.2615498458114084,1.3405019435250136,-1.4630033457685447,-0.1404990337643092,-0.4014114235676847,1.3159641670593372,1.6586709298539055,1.6301694083202758,70
-1.387108776397756,-0.4974291753694151,-0.1434910545589299,-1.5719732148326244,-0.4014114235676847,-0.1229556782182992,0.3774546054493748,-1.0599264484110875,62
-1.5602716887956556,1.173417296352793,-0.8379712078271483,1.290975147304006,2.029929563625756,-0.1229556782182992,-0.9037617189551556,1.6301694083202758,67
-1.1273644078009066,1.3405019435250136,0.4815410833824666,1.290975147304006,-0.4014114235676847,1.3159641670593372,-0.9037617189551556,1.6301694083202758,68
0.9505905409738892,-1.4999370584027398,1.7316053592652596,-1.5719732148326244,2.029929563625756,1.3159641670593372,1.6586709298539055,-1.0599264484110875,68
-0.434712758209308,-1.4999370584027398,1.176021236650685,-0.1404990337643092,0.4090355721634622,-1.5618755234959356,0.3774546054493748,-1.0599264484110875,63
0.6042647161780897,-0.4974291753694151,-0.976867238480792,-0.1404990337643092,2.029929563625756,-0.1229556782182992,-0.9037617189551556,1.6301694083202758,67
0.4311018037801901,1.3405019435250136,-1.1157632691344357,-1.5719732148326244,-0.4014114235676847,-0.1229556782182992,1.6586709298539055,-1.0599264484110875,67
-0.434712758209308,-0.1632598810249735,0.8982291753433976,1.290975147304006,-1.2118584192988318,-0.1229556782182992,-0.9037617189551556,-1.0599264484110875,66
0.6908461723770396,-0.8315984697138568,-0.2823870852125736,-1.5719732148326244,-0.4014114235676847,-1.5618755234959356,1.6586709298539055,-1.0599264484110875,64
1.5566607343665375,-0.1632598810249735,0.8287811600165758,1.290975147304006,-0.4014114235676847,-0.1229556782182992,1.6586709298539055,0.2851214799545941,74
-1.7334346011935553,-0.9986831168860776,-0.6990751771735046,-1.5719732148326244,-1.2118584192988318,-0.1229556782182992,0.3774546054493748,1.6301694083202758,60
-0.5212942144082578,-0.1632598810249735,-1.2546592997880792,1.290975147304006,-0.4014114235676847,-0.1229556782182992,-0.9037617189551556,0.2851214799545941,66
-0.6078756706072076,0.5050787076639097,-0.8379712078271483,-0.1404990337643092,-0.4014114235676847,-0.1229556782182992,-0.9037617189551556,1.6301694083202758,67
-0.434712758209308,0.0038247661472472,-0.560179146519861,-0.1404990337643092,-0.4014114235676847,1.3159641670593372,-0.9037617189551556,-1.0599264484110875,66
-0.434712758209308,-0.9986831168860776,0.8982291753433976,-1.5719732148326244,0.4090355721634622,-1.5618755234959356,0.3774546054493748,-1.0599264484110875,62
-1.387108776397756,0.170909413319468,0.2037490220751792,-1.5719732148326244,-0.4014114235676847,1.3159641670593372,-0.9037617189551556,0.2851214799545941,64
-1.300527320198806,-1.3328524112305191,-0.2823870852125736,1.290975147304006,-0.4014114235676847,-0.1229556782182992,-0.9037617189551556,-1.0599264484110875,62
0.7774276285759895,0.3379940604916889,1.523261313284794,1.290975147304006,0.4090355721634622,-0.1229556782182992,-0.9037617189551556,0.2851214799545941,72
-1.300527320198806,0.8392480020083513,1.3149172673043286,-1.5719732148326244,-0.4014114235676847,-0.1229556782182992,-0.9037617189551556,-1.0599264484110875,64
1.7298236467644377,-0.3303445281971943,0.0648529914215355,-1.5719732148326244,-0.4014114235676847,1.3159641670593372,-0.9037617189551556,-1.0599264484110875,69
1.470079278167588,0.0038247661472472,0.6204371140361102,-1.5719732148326244,2.029929563625756,-0.1229556782182992,-0.9037617189551556,0.2851214799545941,72
-0.9542014954030068,-0.8315984697138568,-0.9074192231539702,-0.1404990337643092,0.4090355721634622,-1.5618755234959356,-0.9037617189551556,0.2851214799545941,62
0.9505905409738892,1.6746712378694553,-0.4212831158662173,-1.5719732148326244,0.4090355721634622,1.3159641670593372,-0.9037617189551556,0.2851214799545941,72
1.5566607343665375,-0.4974291753694151,-0.4907311311930391,1.290975147304006,0.4090355721634622,1.3159641670593372,-0.9037617189551556,0.2851214799545941,72
1.2103349095707383,-0.8315984697138568,-1.046315253807614,-1.5719732148326244,0.4090355721634622,-0.1229556782182992,-0.9037617189551556,0.2851214799545941,66
-0.0883869334135087,-0.8315984697138568,0.2731970374020011,-0.1404990337643092,0.4090355721634622,-1.5618755234959356,0.3774546054493748,-1.0599264484110875,65
-1.2139458639998564,-0.3303445281971943,1.176021236650685,-0.1404990337643092,0.4090355721634622,1.3159641670593372,-0.9037617189551556,-1.0599264484110875,65
1.5566607343665375,1.006332649180572,1.5927093286116158,1.290975147304006,2.029929563625756,-1.5618755234959356,0.3774546054493748,-1.0599264484110875,74
-0.6944571268061575,-1.1657677640582984,-0.6296271618466828,1.290975147304006,-1.2118584192988318,1.3159641670593372,1.6586709298539055,-1.0599264484110875,65
1.1237534533717888,2.175925179386118,1.4538132979579723,-0.1404990337643092,-0.4014114235676847,1.3159641670593372,1.6586709298539055,-1.0599264484110875,75
0.51768325997914,0.5050787076639097,-0.560179146519861,1.290975147304006,0.4090355721634622,-1.5618755234959356,0.3774546054493748,0.2851214799545941,68
-0.0018054772145589,-0.3303445281971943,0.1343010067483574,-1.5719732148326244,-0.4014114235676847,-1.5618755234959356,0.3774546054493748,-1.0599264484110875,64
1.3834978219686382,-0.4974291753694151,0.2731970374020011,-1.5719732148326244,1.2194825678946093,-0.1229556782182992,1.6586709298539055,0.2851214799545941,68
1.2969163657696885,0.170909413319468,-0.4212831158662173,1.290975147304006,-1.2118584192988318,-1.5618755234959356,1.6586709298539055,-1.0599264484110875,69
-1.6468531449946056,0.8392480020083513,-0.6990751771735046,1.290975147304006,0.4090355721634622,-0.1229556782182992,-0.9037617189551556,0.2851214799545941,64
-0.3481313020103582,0.3379940604916889,-1.1157632691344357,-0.1404990337643092,-0.4014114235676847,-0.1229556782182992,0.3774546054493748,-1.0599264484110875,66
0.9505905409738892,-1.1657677640582984,1.0371252059970413,-0.1404990337643092,-0.4014114235676847,-1.5618755234959356,-0.9037617189551556,1.6301694083202758,65
-0.2615498458114084,-2.001190999919402,0.8287811600165758,-0.1404990337643092,-1.2118584192988318,1.3159641670593372,-0.9037617189551556,-1.0599264484110875,63
0.8640090847749392,0.0038247661472472,-0.4212831158662173,1.290975147304006,0.4090355721634622,1.3159641670593372,-0.9037617189551556,1.6301694083202758,72
0.51768325997914,0.3379940604916889,-1.046315253807614,-0.1404990337643092,-1.2118584192988318,1.3159641670593372,1.6586709298539055,1.6301694083202758,70
0.1713574351833407,0.0038247661472472,-0.4907311311930391,-1.5719732148326244,0.4090355721634622,-0.1229556782182992,-0.9037617189551556,-1.0599264484110875,67
0.9505905409738892,-0.3303445281971943,0.4815410833824666,1.290975147304006,1.2194825678946093,-0.1229556782182992,-0.9037617189551556,0.2851214799545941,70
1.0371719971728388,3.1784330624194426,-0.1434910545589299,-0.1404990337643092,-0.4014114235676847,-0.1229556782182992,1.6586709298539055,0.2851214799545941,75
1.5566607343665375,0.0038247661472472,1.4538132979579723,-0.1404990337643092,-0.4014114235676847,-1.5618755234959356,0.3774546054493748,-1.0599264484110875,70
-1.4736902325967058,-1.1657677640582984,-0.6990751771735046,-0.1404990337643092,0.4090355721634622,1.3159641670593372,-0.9037617189551556,1.6301694083202758,62
-1.387108776397756,1.173417296352793,-1.6713473917490105,-0.1404990337643092,-0.4014114235676847,-0.1229556782182992,-0.9037617189551556,-1.0599264484110875,64
0.8640090847749392,-2.001190999919402,-0.1434910545589299,-0.1404990337643092,1.2194825678946093,-0.1229556782182992,1.6586709298539055,1.6301694083202758,67
1.470079278167588,0.3379940604916889,-1.4630033457685447,-0.1404990337643092,0.4090355721634622,-0.1229556782182992,0.3774546054493748,1.6301694083202758,70
-0.7810385830051073,0.0038247661472472,-0.8379712078271483,1.290975147304006,-0.4014114235676847,-1.5618755234959356,0.3774546054493748,-1.0599264484110875,65
0.4311018037801901,-1.3328524112305191,0.8982291753433976,1.290975147304006,-0.4014114235676847,1.3159641670593372,0.3774546054493748,-1.0599264484110875,67
-0.6078756706072076,1.006332649180572,0.1343010067483574,1.290975147304006,-1.2118584192988318,-0.1229556782182992,0.3774546054493748,0.2851214799545941,68
-1.5602716887956556,0.6721633548361304,0.5509890987092884,1.290975147304006,-0.4014114235676847,-0.1229556782182992,0.3774546054493748,0.2851214799545941,64
0.51768325997914,1.173417296352793,0.4815410833824666,-0.1404990337643092,0.4090355721634622,-0.1229556782182992,-0.9037617189551556,-1.0599264484110875,70
-1.7334346011935553,0.170909413319468,1.2454692519775068,1.290975147304006,-1.2118584192988318,-0.1229556782182992,-0.9037617189551556,-1.0599264484110875,63
-0.9542014954030068,-0.9986831168860776,-1.393555330441723,-0.1404990337643092,1.2194825678946093,1.3159641670593372,-0.9037617189551556,-1.0599264484110875,62
-1.2139458639998564,0.0038247661472472,-1.1157632691344357,1.290975147304006,2.029929563625756,-0.1229556782182992,0.3774546054493748,0.2851214799545941,66
-1.0407829516019569,-0.6645138225416359,-0.7685231925003265,-1.5719732148326244,0.4090355721634622,-0.1229556782182992,-0.9037617189551556,1.6301694083202758,61
0.51768325997914,-1.4999370584027398,0.6204371140361102,1.290975147304006,-1.2118584192988318,-0.1229556782182992,-0.9037617189551556,1.6301694083202758,67
0.1713574351833407,1.3405019435250136,0.4815410833824666,1.290975147304006,-0.4014114235676847,-0.1229556782182992,1.6586709298539055,0.2851214799545941,71
-0.7810385830051073,1.6746712378694553,1.3843652826311503,-0.1404990337643092,-0.4014114235676847,1.3159641670593372,0.3774546054493748,0.2851214799545941,70
1.6432421905654877,0.8392480020083513,0.8982291753433976,-0.1404990337643092,1.2194825678946093,1.3159641670593372,0.3774546054493748,-1.0599264484110875,75
1.2103349095707383,1.3405019435250136,0.3426450527288229,-1.5719732148326244,0.4090355721634622,-0.1229556782182992,-0.9037617189551556,1.6301694083202758,71
-0.0883869334135087,-0.8315984697138568,-0.6296271618466828,1.290975147304006,0.4090355721634622,-0.1229556782182992,0.3774546054493748,-1.0599264484110875,66
-1.387108776397756,1.3405019435250136,0.9676771906702194,-0.1404990337643092,-1.2118584192988318,-1.5618755234959356,0.3774546054493748,-1.0599264484110875,64
-0.434712758209308,1.173417296352793,0.7593331446897539,-0.1404990337643092,1.2194825678946093,-1.5618755234959356,1.6586709298539055,0.2851214799545941,69
-0.6078756706072076,1.3405019435250136,-0.8379712078271483,-0.1404990337643092,-1.2118584192988318,-1.5618755234959356,-0.9037617189551556,-1.0599264484110875,65
-1.387108776397756,0.3379940604916889,-1.1157632691344357,-1.5719732148326244,-1.2118584192988318,1.3159641670593372,-0.9037617189551556,0.2851214799545941,64
1.2103349095707383,-0.8315984697138568,0.1343010067483574,-1.5719732148326244,-0.4014114235676847,-1.5618755234959356,0.3774546054493748,1.6301694083202758,68
1.1237534533717888,0.170909413319468,-0.7685231925003265,-1.5719732148326244,0.4090355721634622,-0.1229556782182992,1.6586709298539055,-1.0599264484110875,69
1.2103349095707383,-0.9986831168860776,0.5509890987092884,1.290975147304006,2.029929563625756,1.3159641670593372,1.6586709298539055,0.2851214799545941,71
-1.6468531449946056,-0.4974291753694151,0.8287811600165758,-0.1404990337643092,2.840376559356903,-0.1229556782182992,-0.9037617189551556,0.2851214799545941,65
0.1713574351833407,0.170909413319468,-1.4630033457685447,-1.5719732148326244,1.2194825678946093,-1.5618755234959356,0.3774546054493748,-1.0599264484110875,65
-0.6078756706072076,-2.669529588608285,1.523261313284794,-0.1404990337643092,-0.4014114235676847,-1.5618755234959356,-0.9037617189551556,-1.0599264484110875,60
-0.2615498458114084,-1.1657677640582984,-1.393555330441723,-0.1404990337643092,0.4090355721634622,-0.1229556782182992,0.3774546054493748,-1.0599264484110875,63
0.7774276285759895,-1.3328524112305191,-1.1157632691344357,-1.5719732148326244,0.4090355721634622,1.3159641670593372,-0.9037617189551556,-1.0599264484110875,65
1.2103349095707383,0.8392480020083513,0.7593331446897539,-0.1404990337643092,0.4090355721634622,1.3159641670593372,0.3774546054493748,-1.0599264484110875,70
-0.1749683896124585,0.170909413319468,0.5509890987092884,-1.5719732148326244,0.4090355721634622,-0.1229556782182992,-0.9037617189551556,0.2851214799545941,65
1.2969163657696885,0.6721633548361304,0.1343010067483574,1.290975147304006,-0.4014114235676847,-0.1229556782182992,-0.9037617189551556,-1.0599264484110875,71
-1.4736902325967058,0.5050787076639097,-0.4212831158662173,-0.1404990337643092,0.4090355721634622,-0.1229556782182992,-0.9037617189551556,0.2851214799545941,63
-0.6944571268061575,-1.1657677640582984,-1.3241073151149012,1.290975147304006,-0.4014114235676847,-0.1229556782182992,1.6586709298539055,-1.0599264484110875,64
-0.2615498458114084,0.170909413319468,1.0371252059970413,-0.1404990337643092,2.029929563625756,-1.5618755234959356,1.6586709298539055,0.2851214799545941,68
0.2579388913822905,-0.6645138225416359,-1.3241073151149012,1.290975147304006,2.029929563625756,-0.1229556782182992,-0.9037617189551556,1.6301694083202758,68
0.9505905409738892,0.3379940604916889,0.6898851293629321,-0.1404990337643092,0.4090355721634622,1.3159641670593372,-0.9037617189551556,0.2851214799545941,71
-0.6944571268061575,-1.3328524112305191,-1.7407954070758322,-0.1404990337643092,-0.4014114235676847,-0.1229556782182992,0.3774546054493748,-1.0599264484110875,62
0.51768325997914,0.8392480020083513,-1.1157632691344357,-1.5719732148326244,1.2194825678946093,-0.1229556782182992,-0.9037617189551556,-1.0599264484110875,69
1.5566607343665375,-0.3303445281971943,1.0371252059970413,-1.5719732148326244,-1.2118584192988318,-1.5618755234959356,-0.9037617189551556,1.6301694083202758,68
0.9505905409738892,-1.4999370584027398,1.3149172673043286,-0.1404990337643092,1.2194825678946093,-0.1229556782182992,0.3774546054493748,0.2851214799545941,68
-0.3481313020103582,-0.3303445281971943,-1.3241073151149012,1.290975147304006,-0.4014114235676847,-0.1229556782182992,0.3774546054493748,-1.0599264484110875,63
-0.3481313020103582,-0.4974291753694151,0.4120930680556447,-1.5719732148326244,2.029929563625756,-0.1229556782182992,-0.9037617189551556,1.6301694083202758,65
1.6432421905654877,1.173417296352793,-1.2546592997880792,-0.1404990337643092,1.2194825678946093,1.3159641670593372,0.3774546054493748,-1.0599264484110875,73
1.0371719971728388,1.5075865906972346,1.106573221323863,-0.1404990337643092,0.4090355721634622,-1.5618755234959356,1.6586709298539055,0.2851214799545941,72
0.1713574351833407,-0.3303445281971943,-1.6018993764221885,-1.5719732148326244,-0.4014114235676847,1.3159641670593372,-0.9037617189551556,-1.0599264484110875,64
-0.7810385830051073,-0.3303445281971943,-0.9074192231539702,-0.1404990337643092,1.2194825678946093,-1.5618755234959356,0.3774546054493748,1.6301694083202758,66
-1.6468531449946056,1.5075865906972346,-1.6018993764221885,1.290975147304006,1.2194825678946093,-0.1229556782182992,0.3774546054493748,-1.0599264484110875,67
1.6432421905654877,-0.3303445281971943,-0.560179146519861,-0.1404990337643092,2.840376559356903,-0.1229556782182992,1.6586709298539055,-1.0599264484110875,72
-0.9542014954030068,0.6721633548361304,-0.560179146519861,1.290975147304006,0.4090355721634622,-0.1229556782182992,1.6586709298539055,0.2851214799545941,67
0.1713574351833407,0.8392480020083513,-0.976867238480792,-0.1404990337643092,-0.4014114235676847,1.3159641670593372,-0.9037617189551556,1.6301694083202758,68
0.7774276285759895,0.3379940604916889,-1.4630033457685447,-0.1404990337643092,-0.4014114235676847,-0.1229556782182992,-0.9037617189551556,1.6301694083202758,69
0.1713574351833407,0.3379940604916889,-0.4907311311930391,-0.1404990337643092,0.4090355721634622,1.3159641670593372,1.6586709298539055,-1.0599264484110875,70
-0.434712758209308,-1.6670217055749608,1.0371252059970413,1.290975147304006,0.4090355721634622,-0.1229556782182992,1.6586709298539055,-1.0599264484110875,65
0.1713574351833407,0.6721633548361304,-0.6296271618466828,-0.1404990337643092,-1.2118584192988318,1.3159641670593372,1.6586709298539055,0.2851214799545941,69
-1.1273644078009066,2.175925179386118,0.7593331446897539,-0.1404990337643092,2.029929563625756,1.3159641670593372,-0.9037617189551556,0.2851214799545941,71
-1.0407829516019569,-0.6645138225416359,1.176021236650685,-0.1404990337643092,-0.4014114235676847,-1.5618755234959356,0.3774546054493748,0.2851214799545941,62
1.5566607343665375,-0.4974291753694151,-0.2823870852125736,-1.5719732148326244,-1.2118584192988318,1.3159641670593372,1.6586709298539055,-1.0599264484110875,70
1.470079278167588,-1.3328524112305191,0.5509890987092884,-1.5719732148326244,-1.2118584192988318,-0.1229556782182992,0.3774546054493748,-1.0599264484110875,66
-0.2615498458114084,1.5075865906972346,-0.6990751771735046,-0.1404990337643092,-0.4014114235676847,-0.1229556782182992,-0.9037617189551556,0.2851214799545941,68
-1.2139458639998564,-0.8315984697138568,-0.0045950239052862,1.290975147304006,-1.2118584192988318,-1.5618755234959356,0.3774546054493748,1.6301694083202758,62
0.1713574351833407,1.841755885041676,1.5927093286116158,1.290975147304006,-1.2118584192988318,-0.1229556782182992,-0.9037617189551556,-1.0599264484110875,71
-0.6944571268061575,-0.4974291753694151,1.3149172673043286,-0.1404990337643092,2.029929563625756,-1.5618755234959356,-0.9037617189551556,0.2851214799545941,64
0.51768325997914,0.5050787076639097,1.106573221323863,-0.1404990337643092,-1.2118584192988318,-0.1229556782182992,-0.9037617189551556,-1.0599264484110875,67
-0.8676200392040571,0.8392480020083513,-1.3241073151149012,-0.1404990337643092,-1.2118584192988318,-0.1229556782182992,-0.9037617189551556,-1.0599264484110875,64
-0.1749683896124585,0.170909413319468,1.106573221323863,-1.5719732148326244,-1.2118584192988318,-0.1229556782182992,-0.9037617189551556,0.2851214799545941,64
0.6908461723770396,0.170909413319468,0.7593331446897539,-1.5719732148326244,-0.4014114235676847,1.3159641670593372,-0.9037617189551556,-1.0599264484110875,68
-1.387108776397756,0.5050787076639097,-1.1157632691344357,-1.5719732148326244,1.2194825678946093,-0.1229556782182992,-0.9037617189551556,-1.0599264484110875,64
-0.8676200392040571,0.8392480020083513,-0.1434910545589299,1.290975147304006,0.4090355721634622,-1.5618755234959356,1.6586709298539055,0.2851214799545941,67
-1.1273644078009066,-0.1632598810249735,1.176021236650685,-0.1404990337643092,0.4090355721634622,1.3159641670593372,1.6586709298539055,1.6301694083202758,68
-0.6944571268061575,-0.4974291753694151,-0.6296271618466828,-0.1404990337643092,0.4090355721634622,-1.5618755234959356,0.3774546054493748,1.6301694083202758,65
-0.8676200392040571,-1.3328524112305191,1.2454692519775068,-0.1404990337643092,-0.4014114235676847,-0.1229556782182992,-0.9037617189551556,-1.0599264484110875,62
-1.300527320198806,0.0038247661472472,-0.2823870852125736,-0.1404990337643092,0.4090355721634622,1.3159641670593372,0.3774546054493748,-1.0599264484110875,63
-0.3481313020103582,0.5050787076639097,0.6898851293629321,-1.5719732148326244,-0.4014114235676847,-0.1229556782182992,-0.9037617189551556,0.2851214799545941,66
1.2969163657696885,1.173417296352793,0.8982291753433976,1.290975147304006,1.2194825678946093,-0.1229556782182992,-0.9037617189551556,0.2851214799545941,74
-1.5602716887956556,1.006332649180572,-0.2129390698857517,-1.5719732148326244,-0.4014114235676847,1.3159641670593372,0.3774546054493748,0.2851214799545941,64
-0.0883869334135087,-0.4974291753694151,0.4815410833824666,1.290975147304006,-1.2118584192988318,-1.5618755234959356,0.3774546054493748,0.2851214799545941,66
-1.4736902325967058,0.3379940604916889,1.523261313284794,-0.1404990337643092,-0.4014114235676847,-0.1229556782182992,-0.9037617189551556,1.6301694083202758,66
1.0371719971728388,-0.8315984697138568,-0.2129390698857517,-1.5719732148326244,-0.4014114235676847,-0.1229556782182992,-0.9037617189551556,0.2851214799545941,66
0.2579388913822905,0.3379940604916889,0.4815410833824666,1.290975147304006,0.4090355721634622,-0.1229556782182992,1.6586709298539055,-1.0599264484110875,71
-1.2139458639998564,-0.6645138225416359,-1.2546592997880792,1.290975147304006,1.2194825678946093,-0.1229556782182992,-0.9037617189551556,0.2851214799545941,64
1.2969163657696885,0.0038247661472472,1.2454692519775068,-1.5719732148326244,-1.2118584192988318,1.3159641670593372,-0.9037617189551556,-1.0599264484110875,68
1.6432421905654877,-0.3303445281971943,-0.2129390698857517,-0.1404990337643092,2.029929563625756,1.3159641670593372,-0.9037617189551556,-1.0599264484110875,72
0.6908461723770396,0.6721633548361304,-1.6713473917490105,-0.1404990337643092,2.029929563625756,-0.1229556782182992,-0.9037617189551556,0.2851214799545941,71
-0.1749683896124585,-0.1632598810249735,-1.3241073151149012,-1.5719732148326244,1.2194825678946093,-0.1229556782182992,0.3774546054493748,1.6301694083202758,65
0.51768325997914,-0.8315984697138568,-1.046315253807614,1.290975147304006,0.4090355721634622,-1.5618755234959356,0.3774546054493748,0.2851214799545941,67
-0.9542014954030068,-0.1632598810249735,-0.2129390698857517,1.290975147304006,-0.4014114235676847,-0.1229556782182992,0.3774546054493748,-1.0599264484110875,64
-1.0407829516019569,-0.8315984697138568,-0.560179146519861,-0.1404990337643092,1.2194825678946093,-0.1229556782182992,1.6586709298539055,0.2851214799545941,64
-1.387108776397756,-0.6645138225416359,-0.6990751771735046,-0.1404990337643092,0.4090355721634622,-0.1229556782182992,-0.9037617189551556,0.2851214799545941,63
1.470079278167588,-0.1632598810249735,0.2037490220751792,1.290975147304006,-1.2118584192988318,-1.5618755234959356,-0.9037617189551556,0.2851214799545941,68
0.4311018037801901,-0.1632598810249735,-0.2823870852125736,-0.1404990337643092,-0.4014114235676847,1.3159641670593372,1.6586709298539055,0.2851214799545941,69
-0.3481313020103582,-0.4974291753694151,1.7316053592652596,-0.1404990337643092,-1.2118584192988318,1.3159641670593372,-0.9037617189551556,1.6301694083202758,65
1.7298236467644377,1.5075865906972346,0.8287811600165758,-0.1404990337643092,1.2194825678946093,-0.1229556782182992,0.3774546054493748,-1.0599264484110875,74
0.1713574351833407,-0.4974291753694151,-1.1157632691344357,-0.1404990337643092,1.2194825678946093,-0.1229556782182992,0.3774546054493748,0.2851214799545941,68
0.2579388913822905,1.006332649180572,-1.6018993764221885,-1.5719732148326244,-1.2118584192988318,1.3159641670593372,-0.9037617189551556,-1.0599264484110875,67
-0.9542014954030068,1.006332649180572,-0.976867238480792,-0.1404990337643092,-0.4014114235676847,-0.1229556782182992,0.3774546054493748,1.6301694083202758,67
0.51768325997914,3.846771651108326,1.523261313284794,-0.1404990337643092,0.4090355721634622,1.3159641670593372,-0.9037617189551556,0.2851214799545941,78
0.6042647161780897,0.8392480020083513,1.3149172673043286,-0.1404990337643092,-1.2118584192988318,-0.1229556782182992,-0.9037617189551556,0.2851214799545941,71
-0.0018054772145589,-0.1632598810249735,-0.8379712078271483,-1.5719732148326244,-0.4014114235676847,1.3159641670593372,-0.9037617189551556,-1.0599264484110875,64
-1.1273644078009066,2.175925179386118,1.2454692519775068,-0.1404990337643092,-1.2118584192988318,-0.1229556782182992,-0.9037617189551556,-1.0599264484110875,68
-0.2615498458114084,0.3379940604916889,0.6204371140361102,-0.1404990337643092,1.2194825678946093,-1.5618755234959356,-0.9037617189551556,1.6301694083202758,66
-0.6944571268061575,2.0088405322138967,1.2454692519775068,-0.1404990337643092,-0.4014114235676847,1.3159641670593372,1.6586709298539055,-1.0599264484110875,71
0.9505905409738892,-0.3303445281971943,-1.046315253807614,-0.1404990337643092,-1.2118584192988318,-1.5618755234959356,-0.9037617189551556,1.6301694083202758,67
1.6432421905654877,0.0038247661472472,-0.976867238480792,-1.5719732148326244,-0.4014114235676847,-1.5618755234959356,-0.9037617189551556,1.6301694083202758,68
-0.6078756706072076,0.0038247661472472,-1.046315253807614,1.290975147304006,-0.4014114235676847,-0.1229556782182992,-0.9037617189551556,-1.0599264484110875,64
1.2969163657696885,-0.3303445281971943,-1.7407954070758322,-1.5719732148326244,1.2194825678946093,-1.5618755234959356,-0.9037617189551556,0.2851214799545941,66
1.7298236467644377,0.170909413319468,-0.560179146519861,-0.1404990337643092,-1.2118584192988318,-0.1229556782182992,-0.9037617189551556,1.6301694083202758,70
1.7298236467644377,-2.669529588608285,-0.2823870852125736,-1.5719732148326244,0.4090355721634622,1.3159641670593372,-0.9037617189551556,-1.0599264484110875,64
-1.4736902325967058,0.3379940604916889,0.5509890987092884,-1.5719732148326244,1.2194825678946093,-1.5618755234959356,0.3774546054493748,0.2851214799545941,63
-0.1749683896124585,1.173417296352793,1.5927093286116158,-0.1404990337643092,-0.4014114235676847,-0.1229556782182992,-0.9037617189551556,0.2851214799545941,68
1.470079278167588,0.3379940604916889,-1.1157632691344357,1.290975147304006,-0.4014114235676847,-0.1229556782182992,-0.9037617189551556,-1.0599264484110875,70
0.0847759789843908,-0.1632598810249735,-0.9074192231539702,1.290975147304006,-0.4014114235676847,-1.5618755234959356,-0.9037617189551556,0.2851214799545941,64
1.2103349095707383,-0.9986831168860776,0.9676771906702194,-0.1404990337643092,-1.2118584192988318,1.3159641670593372,1.6586709298539055,0.2851214799545941,70
0.8640090847749392,0.5050787076639097,-0.1434910545589299,-0.1404990337643092,-0.4014114235676847,-0.1229556782182992,-0.9037617189551556,1.6301694083202758,69
-0.3481313020103582,0.3379940604916889,-0.2823870852125736,-0.1404990337643092,-1.2118584192988318,-0.1229556782182992,-0.9037617189551556,-1.0599264484110875,65
-1.6468531449946056,-0.9986831168860776,0.6898851293629321,-0.1404990337643092,-0.4014114235676847,-1.5618755234959356,-0.9037617189551556,-1.0599264484110875,60
-0.434712758209308,1.006332649180572,0.4120930680556447,1.290975147304006,1.2194825678946093,-1.5618755234959356,-0.9037617189551556,0.2851214799545941,70
-0.5212942144082578,0.5050787076639097,-0.6296271618466828,-1.5719732148326244,-1.2118584192988318,-0.1229556782182992,1.6586709298539055,1.6301694083202758,65
-0.6944571268061575,1.6746712378694553,-0.1434910545589299,-1.5719732148326244,-1.2118584192988318,-0.1229556782182992,-0.9037617189551556,1.6301694083202758,66
1.3834978219686382,0.5050787076639097,0.9676771906702194,-0.1404990337643092,-0.4014114235676847,-1.5618755234959356,0.3774546054493748,-1.0599264484110875,70
-0.6944571268061575,0.5050787076639097,-0.7685231925003265,-0.1404990337643092,-0.4014114235676847,-0.1229556782182992,1.6586709298539055,-1.0599264484110875,66
-1.2139458639998564,0.5050787076639097,0.4815410833824666,1.290975147304006,-0.4014114235676847,-0.1229556782182992,-0.9037617189551556,0.2851214799545941,67
0.1713574351833407,0.3379940604916889,-0.6296271618466828,-1.5719732148326244,-0.4014114235676847,1.3159641670593372,-0.9037617189551556,-1.0599264484110875,66
0.1713574351833407,0.3379940604916889,-0.560179146519861,-0.1404990337643092,-0.4014114235676847,-1.5618755234959356,1.6586709298539055,-1.0599264484110875,65
-0.0883869334135087,1.6746712378694553,-1.046315253807614,1.290975147304006,-0.4014114235676847,-0.1229556782182992,-0.9037617189551556,-1.0599264484110875,69
0.6042647161780897,-0.1632598810249735,0.1343010067483574,1.290975147304006,1.2194825678946093,1.3159641670593372,-0.9037617189551556,-1.0599264484110875,69
0.6042647161780897,0.3379940604916889,-0.0045950239052862,1.290975147304006,-1.2118584192988318,-0.1229556782182992,0.3774546054493748,0.2851214799545941,70
-0.0018054772145589,1.173417296352793,1.0371252059970413,-0.1404990337643092,-0.4014114235676847,1.3159641670593372,1.6586709298539055,0.2851214799545941,71
-0.9542014954030068,-0.9986831168860776,0.2731970374020011,-1.5719732148326244,-0.4014114235676847,-0.1229556782182992,1.6586709298539055,1.6301694083202758,62
-1.387108776397756,0.5050787076639097,-0.2129390698857517,-0.1404990337643092,-1.2118584192988318,1.3159641670593372,0.3774546054493748,-1.0599264484110875,66
1.1237534533717888,0.170909413319468,-0.3518351005393955,-0.1404990337643092,-1.2118584192988318,-1.5618755234959356,1.6586709298539055,0.2851214799545941,68
0.6042647161780897,-1.3328524112305191,-0.0045950239052862,1.290975147304006,-0.4014114235676847,1.3159641670593372,0.3774546054493748,-1.0599264484110875,65
-1.1273644078009066,0.3379940604916889,-0.2129390698857517,-0.1404990337643092,1.2194825678946093,-0.1229556782182992,1.6586709298539055,-1.0599264484110875,67
1.5566607343665375,-1.3328524112305191,0.8287811600165758,1.290975147304006,0.4090355721634622,-1.5618755234959356,1.6586709298539055,-1.0599264484110875,70
0.8640090847749392,0.170909413319468,-0.0045950239052862,-0.1404990337643092,2.029929563625756,1.3159641670593372,-0.9037617189551556,-1.0599264484110875,71
1.3834978219686382,1.006332649180572,-0.8379712078271483,-0.1404990337643092,-0.4014114235676847,-0.1229556782182992,1.6586709298539055,1.6301694083202758,72
1.0371719971728388,1.006332649180572,-1.4630033457685447,1.290975147304006,0.4090355721634622,-0.1229556782182992,-0.9037617189551556,1.6301694083202758,72
-1.300527320198806,-0.1632598810249735,0.0648529914215355,1.290975147304006,-1.2118584192988318,-0.1229556782182992,1.6586709298539055,0.2851214799545941,64
1.1237534533717888,0.5050787076639097,1.2454692519775068,1.290975147304006,-0.4014114235676847,-1.5618755234959356,-0.9037617189551556,0.2851214799545941,72
0.2579388913822905,-0.1632598810249735,0.0648529914215355,-1.5719732148326244,1.2194825678946093,-1.5618755234959356,1.6586709298539055,-1.0599264484110875,65
1.1237534533717888,0.5050787076639097,-1.2546592997880792,-0.1404990337643092,-0.4014114235676847,1.3159641670593372,1.6586709298539055,1.6301694083202758,72
1.470079278167588,0.8392480020083513,0.1343010067483574,-0.1404990337643092,-0.4014114235676847,-0.1229556782182992,1.6586709298539055,-1.0599264484110875,73
-1.0407829516019569,2.0088405322138967,0.6204371140361102,1.290975147304006,-1.2118584192988318,1.3159641670593372,1.6586709298539055,0.2851214799545941,70
-1.387108776397756,1.6746712378694553,0.4120930680556447,-0.1404990337643092,1.2194825678946093,1.3159641670593372,0.3774546054493748,0.2851214799545941,68
1.1237534533717888,0.0038247661472472,-1.6713473917490105,-0.1404990337643092,-0.4014114235676847,1.3159641670593372,-0.9037617189551556,0.2851214799545941,69
1.2103349095707383,0.3379940604916889,-1.5324513610953667,-1.5719732148326244,-0.4014114235676847,-1.5618755234959356,0.3774546054493748,0.2851214799545941,68
0.8640090847749392,-0.3303445281971943,-0.6990751771735046,-0.1404990337643092,2.029929563625756,-0.1229556782182992,0.3774546054493748,0.2851214799545941,69
0.4311018037801901,0.6721633548361304,0.5509890987092884,-0.1404990337643092,-0.4014114235676847,-0.1229556782182992,0.3774546054493748,0.2851214799545941,70
-1.7334346011935553,0.3379940604916889,1.176021236650685,-0.1404990337643092,0.4090355721634622,-0.1229556782182992,-0.9037617189551556,-1.0599264484110875,63
1.3834978219686382,1.5075865906972346,1.3843652826311503,1.290975147304006,-1.2118584192988318,-0.1229556782182992,-0.9037617189551556,1.6301694083202758,75
1.0371719971728388,0.3379940604916889,-0.6990751771735046,1.290975147304006,-1.2118584192988318,1.3159641670593372,-0.9037617189551556,0.2851214799545941,71
1.3834978219686382,-0.3303445281971943,-1.6018993764221885,-1.5719732148326244,-0.4014114235676847,1.3159641670593372,0.3774546054493748,-1.0599264484110875,68
-1.6468531449946056,-0.1632598810249735,-0.7685231925003265,-0.1404990337643092,1.2194825678946093,1.3159641670593372,-0.9037617189551556,-1.0599264484110875,63
0.0847759789843908,-0.6645138225416359,-1.4630033457685447,1.290975147304006,1.2194825678946093,-0.1229556782182992,1.6586709298539055,0.2851214799545941,67
1.470079278167588,0.170909413319468,-0.976867238480792,1.290975147304006,-1.2118584192988318,1.3159641670593372,1.6586709298539055,-1.0599264484110875,70
0.8640090847749392,0.6721633548361304,1.523261313284794,-0.1404990337643092,-0.4014114235676847,-0.1229556782182992,-0.9037617189551556,1.6301694083202758,72
-0.0883869334135087,-0.3303445281971943,1.4538132979579723,1.290975147304006,1.2194825678946093,-0.1229556782182992,1.6586709298539055,0.2851214799545941,69
1.0371719971728388,0.8392480020083513,0.2731970374020011,-0.1404990337643092,1.2194825678946093,-0.1229556782182992,0.3774546054493748,0.2851214799545941,72
-0.0018054772145589,-0.4974291753694151,-0.7685231925003265,-0.1404990337643092,-0.4014114235676847,-1.5618755234959356,1.6586709298539055,-1.0599264484110875,65
0.4311018037801901,-0.8315984697138568,-0.2129390698857517,-0.1404990337643092,2.029929563625756,1.3159641670593372,0.3774546054493748,-1.0599264484110875,69
0.9505905409738892,-2.669529588608285,0.7593331446897539,-0.1404990337643092,1.2194825678946093,-0.1229556782182992,0.3774546054493748,-1.0599264484110875,64
0.3445203475812403,-0.1632598810249735,1.0371252059970413,-0.1404990337643092,0.4090355721634622,-1.5618755234959356,1.6586709298539055,-1.0599264484110875,67
0.51768325997914,-1.8341063527471813,0.3426450527288229,1.290975147304006,-0.4014114235676847,1.3159641670593372,0.3774546054493748,-1.0599264484110875,67
-1.1273644078009066,-1.3328524112305191,-1.2546592997880792,-0.1404990337643092,-1.2118584192988318,1.3159641670593372,0.3774546054493748,-1.0599264484110875,61
-1.4736902325967058,-1.3328524112305191,-0.4212831158662173,1.290975147304006,-1.2118584192988318,-0.1229556782182992,0.3774546054493748,0.2851214799545941,60
1.2969163657696885,1.006332649180572,-1.6713473917490105,-0.1404990337643092,-0.4014114235676847,-0.1229556782182992,-0.9037617189551556,-1.0599264484110875,70
1.3834978219686382,-0.4974291753694151,-1.2546592997880792,-0.1404990337643092,0.4090355721634622,1.3159641670593372,0.3774546054493748,0.2851214799545941,68
-1.0407829516019569,-0.4974291753694151,-0.6296271618466828,1.290975147304006,-0.4014114235676847,-0.1229556782182992,-0.9037617189551556,1.6301694083202758,64
1.2969163657696885,0.0038247661472472,0.8287811600165758,-0.1404990337643092,-1.2118584192988318,1.3159641670593372,1.6586709298539055,-1.0599264484110875,71
0.6908461723770396,-0.3303445281971943,0.8287811600165758,-0.1404990337643092,0.4090355721634622,-1.5618755234959356,1.6586709298539055,0.2851214799545941,68
1.6432421905654877,-0.1632598810249735,-1.4630033457685447,1.290975147304006,-1.2118584192988318,-0.1229556782182992,1.6586709298539055,0.2851214799545941,70
1.5566607343665375,1.6746712378694553,-1.7407954070758322,-1.5719732148326244,-1.2118584192988318,-1.5618755234959356,0.3774546054493748,-1.0599264484110875,70
0.1713574351833407,0.0038247661472472,0.3426450527288229,-0.1404990337643092,1.2194825678946093,1.3159641670593372,0.3774546054493748,-1.0599264484110875,68
1.2969163657696885,0.170909413319468,0.4120930680556447,-0.1404990337643092,-1.2118584192988318,1.3159641670593372,-0.9037617189551556,0.2851214799545941,71
-0.9542014954030068,0.8392480020083513,0.0648529914215355,-0.1404990337643092,-0.4014114235676847,1.3159641670593372,-0.9037617189551556,1.6301694083202758,68
-1.1273644078009066,-0.4974291753694151,-0.8379712078271483,-0.1404990337643092,-0.4014114235676847,-1.5618755234959356,0.3774546054493748,-1.0599264484110875,61
-1.6468531449946056,-2.5024449414360648,0.6204371140361102,-0.1404990337643092,-0.4014114235676847,1.3159641670593372,0.3774546054493748,0.2851214799545941,60
-0.0883869334135087,-0.6645138225416359,1.106573221323863,-0.1404990337643092,2.029929563625756,-0.1229556782182992,1.6586709298539055,1.6301694083202758,69
-1.300527320198806,-0.8315984697138568,-1.393555330441723,1.290975147304006,0.4090355721634622,-0.1229556782182992,-0.9037617189551556,0.2851214799545941,63
-0.3481313020103582,0.170909413319468,-1.7407954070758322,-0.1404990337643092,0.4090355721634622,-1.5618755234959356,1.6586709298539055,-1.0599264484110875,63
0.9505905409738892,-0.6645138225416359,1.106573221323863,-1.5719732148326244,0.4090355721634622,-0.1229556782182992,-0.9037617189551556,0.2851214799545941,66
1.470079278167588,0.0038247661472472,1.2454692519775068,-1.5719732148326244,-0.4014114235676847,1.3159641670593372,0.3774546054493748,1.6301694083202758,71
0.6042647161780897,0.3379940604916889,-0.7685231925003265,1.290975147304006,0.4090355721634622,1.3159641670593372,-0.9037617189551556,0.2851214799545941,70
-0.2615498458114084,0.5050787076639097,-1.6713473917490105,1.290975147304006,-0.4014114235676847,1.3159641670593372,0.3774546054493748,-1.0599264484110875,67
0.4311018037801901,-0.4974291753694151,-0.0740430392321081,-0.1404990337643092,-0.4014114235676847,-0.1229556782182992,-0.9037617189551556,0.2851214799545941,67
0.6042647161780897,-0.9986831168860776,-0.976867238480792,1.290975147304006,-1.2118584192988318,-0.1229556782182992,-0.9037617189551556,-1.0599264484110875,65
0.4311018037801901,-0.3303445281971943,-0.0740430392321081,-0.1404990337643092,1.2194825678946093,1.3159641670593372,0.3774546054493748,-1.0599264484110875,67
0.9505905409738892,-0.1632598810249735,-1.1157632691344357,-1.5719732148326244,2.840376559356903,1.3159641670593372,0.3774546054493748,0.2851214799545941,70
1.2103349095707383,0.0038247661472472,1.6621573439384378,-0.1404990337643092,-1.2118584192988318,-1.5618755234959356,0.3774546054493748,0.2851214799545941,70
0.0847759789843908,0.170909413319468,0.7593331446897539,-0.1404990337643092,-0.4014114235676847,1.3159641670593372,0.3774546054493748,-1.0599264484110875,69
-1.0407829516019569,-0.4974291753694151,-1.2546592997880792,-0.1404990337643092,-0.4014114235676847,-0.1229556782182992,-0.9037617189551556,1.6301694083202758,62
-1.2139458639998564,0.170909413319468,-1.3241073151149012,-0.1404990337643092,-0.4014114235676847,1.3159641670593372,1.6586709298539055,-1.0599264484110875,65
-0.434712758209308,0.5050787076639097,-0.2823870852125736,1.290975147304006,-1.2118584192988318,-1.5618755234959356,0.3774546054493748,0.2851214799545941,65
0.6908461723770396,-1.3328524112305191,-0.6990751771735046,-0.1404990337643092,-1.2118584192988318,-0.1229556782182992,-0.9037617189551556,-1.0599264484110875,65
-0.6078756706072076,-0.8315984697138568,1.2454692519775068,1.290975147304006,-0.4014114235676847,-1.5618755234959356,0.3774546054493748,-1.0599264484110875,65
-1.1273644078009066,1.6746712378694553,1.3149172673043286,-0.1404990337643092,-0.4014114235676847,-0.1229556782182992,0.3774546054493748,0.2851214799545941,69
1.470079278167588,-0.3303445281971943,1.2454692519775068,1.290975147304006,2.840376559356903,-0.1229556782182992,0.3774546054493748,1.6301694083202758,75
-0.7810385830051073,-0.4974291753694151,1.0371252059970413,-0.1404990337643092,2.840376559356903,-0.1229556782182992,1.6586709298539055,0.2851214799545941,67
1.7298236467644377,1.841755885041676,-1.1157632691344357,-0.1404990337643092,0.4090355721634622,-0.1229556782182992,1.6586709298539055,1.6301694083202758,76
-0.434712758209308,0.5050787076639097,0.8287811600165758,-0.1404990337643092,-1.2118584192988318,-0.1229556782182992,-0.9037617189551556,1.6301694083202758,66
1.470079278167588,-0.1632598810249735,-1.6713473917490105,-1.5719732148326244,1.2194825678946093,-0.1229556782182992,0.3774546054493748,-1.0599264484110875,69
1.3834978219686382,0.170909413319468,0.2037490220751792,1.290975147304006,0.4090355721634622,-1.5618755234959356,-0.9037617189551556,0.2851214799545941,71
-1.387108776397756,-1.1657677640582984,-0.9074192231539702,1.290975147304006,-0.4014114235676847,1.3159641670593372,0.3774546054493748,-1.0599264484110875,62
-0.1749683896124585,-1.6670217055749608,-0.0740430392321081,1.290975147304006,-0.4014114235676847,-0.1229556782182992,1.6586709298539055,-1.0599264484110875,65
0.1713574351833407,0.5050787076639097,0.5509890987092884,1.290975147304006,0.4090355721634622,-0.1229556782182992,1.6586709298539055,0.2851214799545941,71
-1.300527320198806,0.8392480020083513,1.3149172673043286,-0.1404990337643092,-0.4014114235676847,-1.5618755234959356,0.3774546054493748,-1.0599264484110875,65
0.0847759789843908,2.0088405322138967,-1.1157632691344357,-0.1404990337643092,0.4090355721634622,1.3159641670593372,-0.9037617189551556,1.6301694083202758,71
-1.7334346011935553,-1.1657677640582984,-0.3518351005393955,1.290975147304006,-0.4014114235676847,1.3159641670593372,0.3774546054493748,0.2851214799545941,61
1.5566607343665375,-0.9986831168860776,1.5927093286116158,-0.1404990337643092,-1.2118584192988318,-1.5618755234959356,-0.9037617189551556,0.2851214799545941,68
-1.387108776397756,2.5100944737305597,-1.6713473917490105,-0.1404990337643092,0.4090355721634622,-0.1229556782182992,-0.9037617189551556,0.2851214799545941,66
1.2969163657696885,-1.4999370584027398,0.4120930680556447,-0.1404990337643092,0.4090355721634622,-0.1229556782182992,-0.9037617189551556,-1.0599264484110875,67
1.6432421905654877,0.0038247661472472,-0.0045950239052862,-0.1404990337643092,0.4090355721634622,-0.1229556782182992,1.6586709298539055,-1.0599264484110875,70
-1.7334346011935553,0.8392480020083513,-0.1434910545589299,-1.5719732148326244,-0.4014114235676847,-0.1229556782182992,-0.9037617189551556,0.2851214799545941,62
-0.9542014954030068,0.0038247661472472,-0.6990751771735046,-0.1404990337643092,-0.4014114235676847,1.3159641670593372,-0.9037617189551556,-1.0599264484110875,64
-0.0018054772145589,1.841755885041676,-1.2546592997880792,1.290975147304006,-0.4014114235676847,1.3159641670593372,-0.9037617189551556,0.2851214799545941,72
1.5566607343665375,1.6746712378694553,0.5509890987092884,1.290975147304006,-0.4014114235676847,1.3159641670593372,-0.9037617189551556,-1.0599264484110875,76
-1.0407829516019569,-0.3303445281971943,0.9676771906702194,-1.5719732148326244,-1.2118584192988318,1.3159641670593372,0.3774546054493748,0.2851214799545941,63
-0.5212942144082578,0.5050787076639097,0.8982291753433976,1.290975147304006,-1.2118584192988318,-0.1229556782182992,-0.9037617189551556,0.2851214799545941,66
-0.6944571268061575,0.6721633548361304,-0.1434910545589299,1.290975147304006,0.4090355721634622,-1.5618755234959356,-0.9037617189551556,0.2851214799545941,67
-0.6944571268061575,-0.1632598810249735,-1.6018993764221885,-0.1404990337643092,-0.4014114235676847,1.3159641670593372,-0.9037617189551556,-1.0599264484110875,64
-0.6078756706072076,0.8392480020083513,-0.2823870852125736,-0.1404990337643092,-1.2118584192988318,1.3159641670593372,0.3774546054493748,-1.0599264484110875,67
0.3445203475812403,-0.4974291753694151,1.5927093286116158,-1.5719732148326244,-0.4014114235676847,-0.1229556782182992,0.3774546054493748,-1.0599264484110875,67
-0.8676200392040571,-0.3303445281971943,-1.046315253807614,-1.5719732148326244,-0.4014114235676847,1.3159641670593372,0.3774546054493748,0.2851214799545941,65
1.2969163657696885,-0.9986831168860776,-1.2546592997880792,-0.1404990337643092,0.4090355721634622,1.3159641670593372,0.3774546054493748,-1.0599264484110875,68
1.2969163657696885,0.6721633548361304,-0.8379712078271483,-1.5719732148326244,1.2194825678946093,-0.1229556782182992,-0.9037617189551556,-1.0599264484110875,70
0.4311018037801901,0.8392480020083513,-1.393555330441723,-0.1404990337643092,1.2194825678946093,-1.5618755234959356,-0.9037617189551556,1.6301694083202758,67
1.2103349095707383,1.006332649180572,0.9676771906702194,-0.1404990337643092,-1.2118584192988318,-0.1229556782182992,-0.9037617189551556,-1.0599264484110875,70
-0.434712758209308,-0.3303445281971943,0.5509890987092884,-0.1404990337643092,0.4090355721634622,1.3159641670593372,1.6586709298539055,-1.0599264484110875,67
0.8640090847749392,-0.1632598810249735,1.0371252059970413,1.290975147304006,-1.2118584192988318,-0.1229556782182992,0.3774546054493748,-1.0599264484110875,94
0.0847759789843908,1.3405019435250136,1.4538132979579723,-0.1404990337643092,0.4090355721634622,-0.1229556782182992,-0.9037617189551556,-1.0599264484110875,71
1.0371719971728388,0.3379940604916889,0.4815410833824666,-1.5719732148326244,0.4090355721634622,1.3159641670593372,1.6586709298539055,0.2851214799545941,72
-1.1273644078009066,-0.6645138225416359,1.6621573439384378,1.290975147304006,0.4090355721634622,1.3159641670593372,-0.9037617189551556,0.2851214799545941,64
-0.3481313020103582,-0.3303445281971943,-0.6296271618466828,-0.1404990337643092,-0.4014114235676847,-0.1229556782182992,-0.9037617189551556,1.6301694083202758,66
1.2103349095707383,-0.8315984697138568,0.1343010067483574,-0.1404990337643092,1.2194825678946093,-0.1229556782182992,0.3774546054493748,1.6301694083202758,70
-1.1273644078009066,1.006332649180572,0.1343010067483574,-0.1404990337643092,0.4090355721634622,-1.5618755234959356,-0.9037617189551556,-1.0599264484110875,64
-0.6078756706072076,-0.6645138225416359,-0.6990751771735046,1.290975147304006,-0.4014114235676847,1.3159641670593372,0.3774546054493748,0.2851214799545941,66
0.6042647161780897,0.8392480020083513,0.0648529914215355,1.290975147304006,-0.4014114235676847,-0.1229556782182992,0.3774546054493748,-1.0599264484110875,70
1.3834978219686382,0.6721633548361304,1.4538132979579723,-0.1404990337643092,0.4090355721634622,-0.1229556782182992,0.3774546054493748,-1.0599264484110875,72
-0.0883869334135087,0.6721633548361304,-1.046315253807614,-1.5719732148326244,-1.2118584192988318,-1.5618755234959356,1.6586709298539055,-1.0599264484110875,65
0.3445203475812403,-0.4974291753694151,0.2037490220751792,-0.1404990337643092,-1.2118584192988318,-1.5618755234959356,0.3774546054493748,1.6301694083202758,65
1.5566607343665375,0.3379940604916889,-0.4212831158662173,-1.5719732148326244,2.029929563625756,-0.1229556782182992,-0.9037617189551556,1.6301694083202758,72
-0.3481313020103582,1.3405019435250136,1.6621573439384378,-0.1404990337643092,-0.4014114235676847,-0.1229556782182992,-0.9037617189551556,0.2851214799545941,70
-0.0018054772145589,0.6721633548361304,-1.5324513610953667,-0.1404990337643092,0.4090355721634622,-0.1229556782182992,-0.9037617189551556,-1.0599264484110875,67
0.2579388913822905,0.0038247661472472,1.3149172673043286,-1.5719732148326244,-0.4014114235676847,1.3159641670593372,-0.9037617189551556,-1.0599264484110875,67
0.8640090847749392,0.0038247661472472,1.523261313284794,-1.5719732148326244,0.4090355721634622,-0.1229556782182992,0.3774546054493748,1.6301694083202758,71
1.1237534533717888,1.5075865906972346,0.6204371140361102,-0.1404990337643092,-1.2118584192988318,-0.1229556782182992,0.3774546054493748,1.6301694083202758,72
1.1237534533717888,0.6721633548361304,0.2037490220751792,1.290975147304006,-0.4014114235676847,-1.5618755234959356,-0.9037617189551556,1.6301694083202758,72
0.8640090847749392,-0.8315984697138568,-1.393555330441723,-0.1404990337643092,-0.4014114235676847,-0.1229556782182992,0.3774546054493748,-1.0599264484110875,66
0.7774276285759895,-1.4999370584027398,0.0648529914215355,-1.5719732148326244,-0.4014114235676847,-0.1229556782182992,1.6586709298539055,0.2851214799545941,66
-1.4736902325967058,0.8392480020083513,-0.4212831158662173,-0.1404990337643092,-1.2118584192988318,1.3159641670593372,-0.9037617189551556,-1.0599264484110875,64
-0.9542014954030068,-0.1632598810249735,-0.560179146519861,-0.1404990337643092,2.029929563625756,-0.1229556782182992,1.6586709298539055,1.6301694083202758,66
0.51768325997914,-0.6645138225416359,0.9676771906702194,1.290975147304006,-0.4014114235676847,-1.5618755234959356,1.6586709298539055,0.2851214799545941,68
1.7298236467644377,-1.3328524112305191,-0.4907311311930391,-0.1404990337643092,0.4090355721634622,-0.1229556782182992,0.3774546054493748,-1.0599264484110875,68
-1.1273644078009066,0.170909413319468,1.2454692519775068,-0.1404990337643092,-0.4014114235676847,-1.5618755234959356,0.3774546054493748,-1.0599264484110875,66
-0.2615498458114084,-0.4974291753694151,-0.560179146519861,-0.1404990337643092,-0.4014114235676847,-0.1229556782182992,0.3774546054493748,-1.0599264484110875,64
-0.7810385830051073,0.6721633548361304,-0.6990751771735046,-0.1404990337643092,-0.4014114235676847,1.3159641670593372,-0.9037617189551556,-1.0599264484110875,65
-0.1749683896124585,-0.8315984697138568,1.3149172673043286,1.290975147304006,-1.2118584192988318,-0.1229556782182992,1.6586709298539055,-1.0599264484110875,67
-1.4736902325967058,2.175925179386118,-1.1157632691344357,1.290975147304006,-0.4014114235676847,1.3159641670593372,-0.9037617189551556,0.2851214799545941,69
-1.1273644078009066,-1.1657677640582984,1.0371252059970413,-0.1404990337643092,0.4090355721634622,-1.5618755234959356,-0.9037617189551556,-1.0599264484110875,61
-0.6944571268061575,0.8392480020083513,-1.1852112844612577,-0.1404990337643092,-1.2118584192988318,1.3159641670593372,0.3774546054493748,-1.0599264484110875,66
0.3445203475812403,0.5050787076639097,-0.1434910545589299,1.290975147304006,-1.2118584192988318,-1.5618755234959356,-0.9037617189551556,-1.0599264484110875,67
-1.300527320198806,-0.8315984697138568,-1.3241073151149012,-1.5719732148326244,1.2194825678946093,1.3159641670593372,-0.9037617189551556,1.6301694083202758,61
0.2579388913822905,0.5050787076639097,-0.560179146519861,-1.5719732148326244,1.2194825678946093,-0.1229556782182992,-0.9037617189551556,-1.0599264484110875,66
0.4311018037801901,1.3405019435250136,-0.0740430392321081,-0.1404990337643092,-0.4014114235676847,-0.1229556782182992,1.6586709298539055,0.2851214799545941,72
-0.3481313020103582,0.170909413319468,0.4120930680556447,-0.1404990337643092,-1.2118584192988318,-0.1229556782182992,0.3774546054493748,0.2851214799545941,67
1.2103349095707383,1.841755885041676,1.176021236650685,-0.1404990337643092,-0.4014114235676847,-1.5618755234959356,-0.9037617189551556,1.6301694083202758,72
0.2579388913822905,2.0088405322138967,-0.0740430392321081,-0.1404990337643092,1.2194825678946093,-0.1229556782182992,0.3774546054493748,-1.0599264484110875,71
-0.3481313020103582,1.3405019435250136,-0.0045950239052862,1.290975147304006,1.2194825678946093,-0.1229556782182992,-0.9037617189551556,1.6301694083202758,72
-0.6078756706072076,1.841755885041676,-0.4907311311930391,1.290975147304006,-0.4014114235676847,-0.1229556782182992,-0.9037617189551556,0.2851214799545941,70
0.3445203475812403,0.3379940604916889,1.3843652826311503,1.290975147304006,0.4090355721634622,-1.5618755234959356,-0.9037617189551556,-1.0599264484110875,69
-1.1273644078009066,0.0038247661472472,1.2454692519775068,-0.1404990337643092,-0.4014114235676847,-0.1229556782182992,0.3774546054493748,-1.0599264484110875,62
0.9505905409738892,-0.3303445281971943,1.3149172673043286,-0.1404990337643092,1.2194825678946093,-0.1229556782182992,-0.9037617189551556,-1.0599264484110875,69
1.5566607343665375,0.0038247661472472,0.3426450527288229,-0.1404990337643092,2.029929563625756,-1.5618755234959356,0.3774546054493748,0.2851214799545941,72
-1.4736902325967058,1.173417296352793,0.8287811600165758,-0.1404990337643092,1.2194825678946093,-1.5618755234959356,-0.9037617189551556,-1.0599264484110875,67
-1.300527320198806,-1.8341063527471813,0.8982291753433976,-0.1404990337643092,-0.4014114235676847,-0.1229556782182992,0.3774546054493748,-1.0599264484110875,61
-1.5602716887956556,1.841755885041676,1.106573221323863,-0.1404990337643092,2.029929563625756,-0.1229556782182992,-0.9037617189551556,1.6301694083202758,71
1.1237534533717888,0.0038247661472472,-0.8379712078271483,-1.5719732148326244,-1.2118584192988318,-0.1229556782182992,-0.9037617189551556,-1.0599264484110875,66
-0.8676200392040571,0.5050787076639097,-0.1434910545589299,1.290975147304006,-0.4014114235676847,-0.1229556782182992,1.6586709298539055,-1.0599264484110875,68
0.2579388913822905,0.0038247661472472,-0.6296271618466828,-1.5719732148326244,-0.4014114235676847,1.3159641670593372,0.3774546054493748,1.6301694083202758,67
-1.387108776397756,-0.3303445281971943,0.0648529914215355,-0.1404990337643092,0.4090355721634622,-0.1229556782182992,-0.9037617189551556,0.2851214799545941,65
1.6432421905654877,1.3405019435250136,-0.976867238480792,-0.1404990337643092,-0.4014114235676847,-0.1229556782182992,-0.9037617189551556,-1.0599264484110875,71
-1.387108776397756,0.3379940604916889,0.1343010067483574,-0.1404990337643092,-0.4014114235676847,1.3159641670593372,-0.9037617189551556,-1.0599264484110875,66
-0.8676200392040571,0.0038247661472472,-0.0045950239052862,-0.1404990337643092,1.2194825678946093,1.3159641670593372,0.3774546054493748,0.2851214799545941,66
1.6432421905654877,-0.1632598810249735,0.2731970374020011,-0.1404990337643092,0.4090355721634622,-1.5618755234959356,1.6586709298539055,-1.0599264484110875,70
0.2579388913822905,0.6721633548361304,-1.1157632691344357,-1.5719732148326244,-0.4014114235676847,1.3159641670593372,-0.9037617189551556,-1.0599264484110875,68
0.9505905409738892,1.173417296352793,-1.5324513610953667,-0.1404990337643092,-0.4014114235676847,-0.1229556782182992,1.6586709298539055,-1.0599264484110875,70
0.8640090847749392,-1.3328524112305191,-0.0045950239052862,1.290975147304006,0.4090355721634622,1.3159641670593372,1.6586709298539055,0.2851214799545941,69
1.3834978219686382,-0.1632598810249735,1.3843652826311503,-0.1404990337643092,1.2194825678946093,-0.1229556782182992,0.3774546054493748,0.2851214799545941,73
-1.387108776397756,-1.3328524112305191,-0.0740430392321081,-1.5719732148326244,-1.2118584192988318,1.3159641670593372,-0.9037617189551556,0.2851214799545941,61
-1.4736902325967058,-0.9986831168860776,-0.7685231925003265,-0.1404990337643092,-0.4014114235676847,-0.1229556782182992,-0.9037617189551556,-1.0599264484110875,61
-0.3481313020103582,0.170909413319468,0.2037490220751792,-1.5719732148326244,-1.2118584192988318,-0.1229556782182992,-0.9037617189551556,-1.0599264484110875,65
-1.4736902325967058,-0.6645138225416359,0.4815410833824666,-0.1404990337643092,-1.2118584192988318,-0.1229556782182992,-0.9037617189551556,1.6301694083202758,63
0.0847759789843908,1.5075865906972346,-1.6018993764221885,-0.1404990337643092,-0.4014114235676847,-0.1229556782182992,0.3774546054493748,1.6301694083202758,69
-0.2615498458114084,0.6721633548361304,0.4815410833824666,-1.5719732148326244,-0.4014114235676847,1.3159641670593372,-0.9037617189551556,0.2851214799545941,67
0.1713574351833407,0.170909413319468,-1.1852112844612577,1.290975147304006,-1.2118584192988318,-1.5618755234959356,-0.9037617189551556,0.2851214799545941,65
-0.3481313020103582,1.5075865906972346,1.2454692519775068,1.290975147304006,-1.2118584192988318,-0.1229556782182992,0.3774546054493748,0.2851214799545941,70
-1.2139458639998564,0.3379940604916889,1.523261313284794,-0.1404990337643092,-1.2118584192988318,-0.1229556782182992,-0.9037617189551556,1.6301694083202758,64
-1.2139458639998564,0.8392480020083513,-0.2823870852125736,1.290975147304006,-1.2118584192988318,-0.1229556782182992,-0.9037617189551556,0.2851214799545941,64
-0.6944571268061575,-0.1632598810249735,-1.1852112844612577,-1.5719732148326244,-1.2118584192988318,-0.1229556782182992,-0.9037617189551556,0.2851214799545941,62
0.8640090847749392,1.5075865906972346,0.0648529914215355,1.290975147304006,-1.2118584192988318,-0.1229556782182992,1.6586709298539055,-1.0599264484110875,71
-1.6468531449946056,-0.4974291753694151,-1.1852112844612577,-1.5719732148326244,-0.4014114235676847,-1.5618755234959356,-0.9037617189551556,0.2851214799545941,60
-0.7810385830051073,-0.1632598810249735,1.3149172673043286,1.290975147304006,-0.4014114235676847,-0.1229556782182992,-0.9037617189551556,1.6301694083202758,68
-1.6468531449946056,-0.9986831168860776,-1.4630033457685447,1.290975147304006,1.2194825678946093,-0.1229556782182992,-0.9037617189551556,-1.0599264484110875,60
-1.4736902325967058,-1.4999370584027398,-1.6713473917490105,1.290975147304006,-1.2118584192988318,-0.1229556782182992,0.3774546054493748,-1.0599264484110875,58
-0.0883869334135087,2.8442637680750007,1.3843652826311503,1.290975147304006,-0.4014114235676847,-0.1229556782182992,-0.9037617189551556,1.6301694083202758,73
1.5566607343665375,-0.9986831168860776,0.0648529914215355,-0.1404990337643092,-1.2118584192988318,-0.1229556782182992,0.3774546054493748,0.2851214799545941,69
-0.2615498458114084,-0.9986831168860776,-1.046315253807614,-0.1404990337643092,-0.4014114235676847,-0.1229556782182992,1.6586709298539055,1.6301694083202758,64
-0.7810385830051073,0.3379940604916889,-0.6990751771735046,-0.1404990337643092,-0.4014114235676847,-1.5618755234959356,0.3774546054493748,0.2851214799545941,64
-1.387108776397756,0.5050787076639097,-1.046315253807614,-0.1404990337643092,0.4090355721634622,1.3159641670593372,0.3774546054493748,0.2851214799545941,65
1.470079278167588,-0.1632598810249735,-0.976867238480792,-0.1404990337643092,0.4090355721634622,1.3159641670593372,1.6586709298539055,0.2851214799545941,72
-0.2615498458114084,-1.8341063527471813,-1.2546592997880792,-0.1404990337643092,0.4090355721634622,-0.1229556782182992,-0.9037617189551556,0.2851214799545941,61
-0.0018054772145589,0.170909413319468,-0.6990751771735046,1.290975147304006,0.4090355721634622,-0.1229556782182992,1.6586709298539055,0.2851214799545941,68
0.0847759789843908,0.170909413319468,-1.6713473917490105,-0.1404990337643092,-1.2118584192988318,1.3159641670593372,0.3774546054493748,0.2851214799545941,67
-1.5602716887956556,-0.9986831168860776,-0.1434910545589299,-0.1404990337643092,-0.4014114235676847,-0.1229556782182992,-0.9037617189551556,-1.0599264484110875,61
1.3834978219686382,-1.6670217055749608,1.176021236650685,1.290975147304006,-0.4014114235676847,1.3159641670593372,-0.9037617189551556,-1.0599264484110875,68
-1.7334346011935553,-2.836614235780506,0.2037490220751792,-1.5719732148326244,-0.4014114235676847,-0.1229556782182992,1.6586709298539055,-1.0599264484110875,57
-0.434712758209308,-0.1632598810249735,0.5509890987092884,1.290975147304006,0.4090355721634622,-0.1229556782182992,-0.9037617189551556,1.6301694083202758,68
-0.6078756706072076,0.170909413319468,-1.046315253807614,-0.1404990337643092,0.4090355721634622,-1.5618755234959356,0.3774546054493748,0.2851214799545941,66
-0.6078756706072076,-0.1632598810249735,0.7593331446897539,-0.1404990337643092,-1.2118584192988318,-1.5618755234959356,0.3774546054493748,0.2851214799545941,66
-0.0018054772145589,0.170909413319468,1.176021236650685,-0.1404990337643092,-0.4014114235676847,-0.1229556782182992,-0.9037617189551556,0.2851214799545941,67
-1.300527320198806,-0.4974291753694151,0.2731970374020011,1.290975147304006,-1.2118584192988318,-0.1229556782182992,-0.9037617189551556,0.2851214799545941,62
0.9505905409738892,-0.1632598810249735,-0.0740430392321081,-1.5719732148326244,2.029929563625756,-0.1229556782182992,1.6586709298539055,0.2851214799545941,69
1.6432421905654877,-1.4999370584027398,0.9676771906702194,-0.1404990337643092,1.2194825678946093,1.3159641670593372,0.3774546054493748,-1.0599264484110875,72
1.1237534533717888,-1.1657677640582984,-0.2129390698857517,-1.5719732148326244,0.4090355721634622,-1.5618755234959356,1.6586709298539055,0.2851214799545941,67
1.470079278167588,0.3379940604916889,-1.2546592997880792,-0.1404990337643092,-1.2118584192988318,-0.1229556782182992,-0.9037617189551556,0.2851214799545941,70
-1.1273644078009066,0.170909413319468,1.3843652826311503,-0.1404990337643092,-0.4014114235676847,-0.1229556782182992,-0.9037617189551556,0.2851214799545941,67
1.0371719971728388,-1.3328524112305191,0.2037490220751792,-1.5719732148326244,1.2194825678946093,-1.5618755234959356,0.3774546054493748,0.2851214799545941,67
1.3834978219686382,-0.3303445281971943,-0.6990751771735046,-0.1404990337643092,1.2194825678946093,1.3159641670593372,0.3774546054493748,0.2851214799545941,71
-1.0407829516019569,1.006332649180572,1.4538132979579723,1.290975147304006,-0.4014114235676847,-0.1229556782182992,-0.9037617189551556,0.2851214799545941,69
-1.4736902325967058,-0.4974291753694151,1.3149172673043286,-0.1404990337643092,-1.2118584192988318,-0.1229556782182992,-0.9037617189551556,0.2851214799545941,61
-1.0407829516019569,0.6721633548361304,1.3843652826311503,-0.1404990337643092,1.2194825678946093,1.3159641670593372,-0.9037617189551556,0.2851214799545941,67
-1.0407829516019569,1.173417296352793,1.523261313284794,-0.1404990337643092,-0.4014114235676847,-0.1229556782182992,0.3774546054493748,0.2851214799545941,68
-1.4736902325967058,-0.3303445281971943,-0.6296271618466828,-0.1404990337643092,0.4090355721634622,-0.1229556782182992,0.3774546054493748,0.2851214799545941,62
-0.6078756706072076,0.3379940604916889,-0.560179146519861,-0.1404990337643092,1.2194825678946093,-1.5618755234959356,-0.9037617189551556,1.6301694083202758,65
-0.7810385830051073,-0.1632598810249735,1.4538132979579723,1.290975147304006,0.4090355721634622,1.3159641670593372,0.3774546054493748,-1.0599264484110875,67
0.6908461723770396,-2.5024449414360648,-1.1157632691344357,-0.1404990337643092,1.2194825678946093,-0.1229556782182992,0.3774546054493748,-1.0599264484110875,63
-1.5602716887956556,0.6721633548361304,1.523261313284794,-0.1404990337643092,-0.4014114235676847,-0.1229556782182992,1.6586709298539055,0.2851214799545941,65
-1.4736902325967058,-1.6670217055749608,0.3426450527288229,-0.1404990337643092,-1.2118584192988318,-0.1229556782182992,0.3774546054493748,-1.0599264484110875,60
-0.5212942144082578,1.5075865906972346,-1.3241073151149012,-0.1404990337643092,0.4090355721634622,-0.1229556782182992,1.6586709298539055,-1.0599264484110875,68
0.3445203475812403,-1.3328524112305191,1.5927093286116158,-0.1404990337643092,-0.4014114235676847,1.3159641670593372,-0.9037617189551556,-1.0599264484110875,68
-1.387108776397756,-0.8315984697138568,-1.1157632691344357,-0.1404990337643092,-1.2118584192988318,1.3159641670593372,-0.9037617189551556,-1.0599264484110875,59
-0.5212942144082578,0.3379940604916889,-0.1434910545589299,1.290975147304006,1.2194825678946093,1.3159641670593372,1.6586709298539055,1.6301694083202758,71
0.6908461723770396,0.3379940604916889,0.2037490220751792,1.290975147304006,-1.2118584192988318,1.3159641670593372,-0.9037617189551556,0.2851214799545941,71
1.2969163657696885,0.170909413319468,-1.2546592997880792,1.290975147304006,-0.4014114235676847,-0.1229556782182992,-0.9037617189551556,-1.0599264484110875,69
-0.6078756706072076,0.6721633548361304,0.4815410833824666,-1.5719732148326244,-1.2118584192988318,-1.5618755234959356,-0.9037617189551556,0.2851214799545941,63
-0.0883869334135087,0.0038247661472472,-0.2129390698857517,-0.1404990337643092,-0.4014114235676847,-0.1229556782182992,-0.9037617189551556,0.2851214799545941,65
0.3445203475812403,1.3405019435250136,1.176021236650685,-0.1404990337643092,-0.4014114235676847,1.3159641670593372,-0.9037617189551556,0.2851214799545941,70
-0.434712758209308,0.8392480020083513,-0.8379712078271483,-0.1404990337643092,1.2194825678946093,-0.1229556782182992,-0.9037617189551556,1.6301694083202758,68
-1.5602716887956556,0.0038247661472472,1.5927093286116158,-0.1404990337643092,-1.2118584192988318,1.3159641670593372,1.6586709298539055,1.6301694083202758,67
0.0847759789843908,0.6721633548361304,-0.976867238480792,-0.1404990337643092,1.2194825678946093,-1.5618755234959356,1.6586709298539055,0.2851214799545941,69
1.5566607343665375,-1.3328524112305191,-0.8379712078271483,-0.1404990337643092,-1.2118584192988318,-1.5618755234959356,-0.9037617189551556,1.6301694083202758,65
0.6042647161780897,-0.1632598810249735,0.9676771906702194,-0.1404990337643092,-1.2118584192988318,1.3159641670593372,1.6586709298539055,-1.0599264484110875,68
-0.6944571268061575,-0.4974291753694151,1.3149172673043286,-0.1404990337643092,-0.4014114235676847,1.3159641670593372,-0.9037617189551556,-1.0599264484110875,66
-0.8676200392040571,0.8392480020083513,-0.2823870852125736,-1.5719732148326244,0.4090355721634622,-0.1229556782182992,0.3774546054493748,-1.0599264484110875,63
1.0371719971728388,1.173417296352793,-0.9074192231539702,-0.1404990337643092,-1.2118584192988318,1.3159641670593372,0.3774546054493748,0.2851214799545941,73
-0.1749683896124585,0.5050787076639097,-1.7407954070758322,-0.1404990337643092,-0.4014114235676847,-0.1229556782182992,1.6586709298539055,0.2851214799545941,67
-0.9542014954030068,-0.1632598810249735,-0.976867238480792,-0.1404990337643092,1.2194825678946093,-0.1229556782182992,-0.9037617189551556,1.6301694083202758,66
0.9505905409738892,-0.1632598810249735,-1.6018993764221885,-1.5719732148326244,0.4090355721634622,1.3159641670593372,-0.9037617189551556,-1.0599264484110875,66
0.2579388913822905,0.8392480020083513,0.6898851293629321,1.290975147304006,0.4090355721634622,1.3159641670593372,0.3774546054493748,-1.0599264484110875,72
-0.7810385830051073,-0.8315984697138568,-1.046315253807614,-0.1404990337643092,2.840376559356903,-1.5618755234959356,-0.9037617189551556,-1.0599264484110875,63
-0.6078756706072076,1.006332649180572,-1.5324513610953667,-0.1404990337643092,1.2194825678946093,1.3159641670593372,-0.9037617189551556,0.2851214799545941,68
0.6908461723770396,2.0088405322138967,-1.1852112844612577,-0.1404990337643092,1.2194825678946093,-1.5618755234959356,-0.9037617189551556,-1.0599264484110875,69
-0.3481313020103582,0.170909413319468,-0.0740430392321081,-0.1404990337643092,0.4090355721634622,-0.1229556782182992,-0.9037617189551556,0.2851214799545941,67
1.6432421905654877,-0.6645138225416359,1.6621573439384378,-0.1404990337643092,-1.2118584192988318,-0.1229556782182992,0.3774546054493748,-1.0599264484110875,68
-0.5212942144082578,0.0038247661472472,1.106573221323863,-0.1404990337643092,-0.4014114235676847,-0.1229556782182992,-0.9037617189551556,-1.0599264484110875,66
1.2103349095707383,-0.1632598810249735,1.523261313284794,-0.1404990337643092,-1.2118584192988318,-0.1229556782182992,-0.9037617189551556,0.2851214799545941,69
-1.0407829516019569,1.841755885041676,-1.1157632691344357,-0.1404990337643092,1.2194825678946093,-0.1229556782182992,1.6586709298539055,1.6301694083202758,69
1.7298236467644377,-0.3303445281971943,0.8982291753433976,-0.1404990337643092,0.4090355721634622,-0.1229556782182992,0.3774546054493748,0.2851214799545941,71
-1.6468531449946056,0.3379940604916889,-0.8379712078271483,-0.1404990337643092,-0.4014114235676847,1.3159641670593372,1.6586709298539055,-1.0599264484110875,64
-0.1749683896124585,0.8392480020083513,1.106573221323863,-1.5719732148326244,1.2194825678946093,1.3159641670593372,-0.9037617189551556,-1.0599264484110875,69
0.7774276285759895,1.841755885041676,-0.3518351005393955,-0.1404990337643092,0.4090355721634622,-0.1229556782182992,-0.9037617189551556,-1.0599264484110875,71
1.2969163657696885,0.170909413319468,-0.560179146519861,-1.5719732148326244,1.2194825678946093,-0.1229556782182992,0.3774546054493748,0.2851214799545941,70
1.3834978219686382,1.841755885041676,-0.560179146519861,-1.5719732148326244,0.4090355721634622,-0.1229556782182992,0.3774546054493748,0.2851214799545941,73
0.9505905409738892,-0.8315984697138568,-0.2129390698857517,1.290975147304006,-0.4014114235676847,-0.1229556782182992,-0.9037617189551556,1.6301694083202758,69
1.2103349095707383,-0.9986831168860776,-0.9074192231539702,-0.1404990337643092,0.4090355721634622,-0.1229556782182992,1.6586709298539055,0.2851214799545941,69
-1.6468531449946056,-0.3303445281971943,-0.6296271618466828,-0.1404990337643092,-0.4014114235676847,-0.1229556782182992,-0.9037617189551556,0.2851214799545941,62
-0.9542014954030068,-1.1657677640582984,1.4538132979579723,-1.5719732148326244,-1.2118584192988318,-0.1229556782182992,-0.9037617189551556,1.6301694083202758,61
-0.6078756706072076,1.006332649180572,1.106573221323863,-0.1404990337643092,2.029929563625756,1.3159641670593372,-0.9037617189551556,-1.0599264484110875,69
-1.387108776397756,-0.1632598810249735,-1.1157632691344357,-0.1404990337643092,0.4090355721634622,-1.5618755234959356,0.3774546054493748,0.2851214799545941,61
1.6432421905654877,-0.4974291753694151,-1.1157632691344357,1.290975147304006,-1.2118584192988318,-0.1229556782182992,-0.9037617189551556,0.2851214799545941,68
-0.1749683896124585,-0.9986831168860776,-1.393555330441723,-0.1404990337643092,0.4090355721634622,1.3159641670593372,-0.9037617189551556,-1.0599264484110875,63
-0.9542014954030068,-0.1632598810249735,-1.393555330441723,-0.1404990337643092,-0.4014114235676847,-0.1229556782182992,0.3774546054493748,-1.0599264484110875,63
1.3834978219686382,-0.4974291753694151,-0.976867238480792,1.290975147304006,-0.4014114235676847,1.3159641670593372,0.3774546054493748,-1.0599264484110875,69
-1.7334346011935553,0.6721633548361304,1.6621573439384378,-0.1404990337643092,0.4090355721634622,-0.1229556782182992,-0.9037617189551556,-1.0599264484110875,64
-0.0018054772145589,-0.4974291753694151,-0.4907311311930391,-0.1404990337643092,-1.2118584192988318,-0.1229556782182992,0.3774546054493748,0.2851214799545941,65
-1.1273644078009066,-1.6670217055749608,-0.976867238480792,1.290975147304006,-1.2118584192988318,1.3159641670593372,-0.9037617189551556,-1.0599264484110875,61
0.51768325997914,1.006332649180572,-0.6990751771735046,-1.5719732148326244,-1.2118584192988318,-1.5618755234959356,-0.9037617189551556,-1.0599264484110875,66
-0.3481313020103582,-0.4974291753694151,0.8287811600165758,1.290975147304006,-0.4014114235676847,-0.1229556782182992,-0.9037617189551556,0.2851214799545941,68
0.7774276285759895,-1.4999370584027398,-0.8379712078271483,-0.1404990337643092,-1.2118584192988318,-0.1229556782182992,0.3774546054493748,0.2851214799545941,65
1.2103349095707383,-0.6645138225416359,0.0648529914215355,-0.1404990337643092,0.4090355721634622,-0.1229556782182992,-0.9037617189551556,0.2851214799545941,67
-1.0407829516019569,0.6721633548361304,0.3426450527288229,-0.1404990337643092,-0.4014114235676847,-1.5618755234959356,1.6586709298539055,-1.0599264484110875,64
0.6042647161780897,0.8392480020083513,0.7593331446897539,-0.1404990337643092,2.029929563625756,1.3159641670593372,0.3774546054493748,0.2851214799545941,72
-1.4736902325967058,-0.6645138225416359,-1.2546592997880792,-0.1404990337643092,0.4090355721634622,-1.5618755234959356,1.6586709298539055,-1.0599264484110875,61
-0.7810385830051073,0.6721633548361304,1.106573221323863,1.290975147304006,1.2194825678946093,-1.5618755234959356,-0.9037617189551556,1.6301694083202758,67
-1.0407829516019569,-0.3303445281971943,0.8287811600165758,1.290975147304006,1.2194825678946093,1.3159641670593372,-0.9037617189551556,0.2851214799545941,69
-0.8676200392040571,0.3379940604916889,-0.2129390698857517,1.290975147304006,0.4090355721634622,-0.1229556782182992,-0.9037617189551556,1.6301694083202758,67
0.2579388913822905,0.5050787076639097,-1.2546592997880792,-1.5719732148326244,0.4090355721634622,-0.1229556782182992,-0.9037617189551556,0.2851214799545941,67
-1.300527320198806,0.0038247661472472,-1.7407954070758322,1.290975147304006,-1.2118584192988318,-0.1229556782182992,-0.9037617189551556,-1.0599264484110875,64
0.0847759789843908,0.8392480020083513,0.4120930680556447,-1.5719732148326244,0.4090355721634622,1.3159641670593372,-0.9037617189551556,-1.0599264484110875,68
-0.8676200392040571,0.170909413319468,-0.8379712078271483,-1.5719732148326244,-1.2118584192988318,-1.5618755234959356,-0.9037617189551556,0.2851214799545941,61
0.0847759789843908,0.0038247661472472,-0.976867238480792,-0.1404990337643092,-1.2118584192988318,-1.5618755234959356,-0.9037617189551556,-1.0599264484110875,63
1.7298236467644377,1.6746712378694553,-1.5324513610953667,1.290975147304006,0.4090355721634622,-1.5618755234959356,-0.9037617189551556,-1.0599264484110875,72
-1.0407829516019569,0.5050787076639097,1.176021236650685,-1.5719732148326244,1.2194825678946093,-1.5618755234959356,-0.9037617189551556,-1.0599264484110875,65
-1.387108776397756,-0.6645138225416359,0.8982291753433976,-1.5719732148326244,-0.4014114235676847,1.3159641670593372,-0.9037617189551556,0.2851214799545941,64
0.9505905409738892,1.3405019435250136,1.0371252059970413,-0.1404990337643092,0.4090355721634622,-1.5618755234959356,-0.9037617189551556,1.6301694083202758,71
-1.7334346011935553,1.5075865906972346,-0.8379712078271483,1.290975147304006,-1.2118584192988318,-1.5618755234959356,1.6586709298539055,-1.0599264484110875,64
0.3445203475812403,2.5100944737305597,0.7593331446897539,-0.1404990337643092,-0.4014114235676847,-0.1229556782182992,-0.9037617189551556,0.2851214799545941,72
0.9505905409738892,-0.1632598810249735,-1.046315253807614,-1.5719732148326244,0.4090355721634622,1.3159641670593372,-0.9037617189551556,-1.0599264484110875,68
0.2579388913822905,-0.1632598810249735,0.1343010067483574,-0.1404990337643092,-0.4014114235676847,-0.1229556782182992,-0.9037617189551556,-1.0599264484110875,66
1.2969163657696885,1.5075865906972346,-0.3518351005393955,-0.1404990337643092,-0.4014114235676847,1.3159641670593372,1.6586709298539055,-1.0599264484110875,73
-1.5602716887956556,0.5050787076639097,1.106573221323863,-0.1404990337643092,1.2194825678946093,-0.1229556782182992,-0.9037617189551556,1.6301694083202758,64
-0.0883869334135087,-0.3303445281971943,0.1343010067483574,-0.1404990337643092,-0.4014114235676847,-0.1229556782182992,-0.9037617189551556,-1.0599264484110875,65
-1.4736902325967058,0.0038247661472472,-1.5324513610953667,-1.5719732148326244,-0.4014114235676847,-1.5618755234959356,-0.9037617189551556,0.2851214799545941,60
1.1237534533717888,2.5100944737305597,1.3149172673043286,-0.1404990337643092,2.840376559356903,-0.1229556782182992,0.3774546054493748,0.2851214799545941,76
0.8640090847749392,3.1784330624194426,1.176021236650685,1.290975147304006,0.4090355721634622,1.3159641670593372,-0.9037617189551556,0.2851214799545941,78
1.2103349095707383,1.006332649180572,-1.393555330441723,-1.5719732148326244,0.4090355721634622,-1.5618755234959356,-0.9037617189551556,1.6301694083202758,69
-0.6078756706072076,1.3405019435250136,1.2454692519775068,-1.5719732148326244,0.4090355721634622,-1.5618755234959356,0.3774546054493748,-1.0599264484110875,68
0.2579388913822905,-2.836614235780506,-1.1157632691344357,-1.5719732148326244,0.4090355721634622,1.3159641670593372,-0.9037617189551556,0.2851214799545941,63
0.7774276285759895,-0.8315984697138568,1.5927093286116158,-1.5719732148326244,-1.2118584192988318,1.3159641670593372,0.3774546054493748,-1.0599264484110875,67
1.3834978219686382,-1.4999370584027398,-1.046315253807614,1.290975147304006,0.4090355721634622,1.3159641670593372,-0.9037617189551556,-1.0599264484110875,68
0.51768325997914,-1.1657677640582984,-1.4630033457685447,-1.5719732148326244,1.2194825678946093,-0.1229556782182992,0.3774546054493748,1.6301694083202758,66
1.6432421905654877,-0.1632598810249735,0.6204371140361102,-0.1404990337643092,-1.2118584192988318,1.3159641670593372,-0.9037617189551556,1.6301694083202758,73
-0.8676200392040571,0.6721633548361304,-1.393555330441723,1.290975147304006,2.029929563625756,-0.1229556782182992,1.6586709298539055,-1.0599264484110875,68
0.9505905409738892,0.8392480020083513,1.176021236650685,1.290975147304006,1.2194825678946093,-0.1229556782182992,-0.9037617189551556,-1.0599264484110875,72
0.51768325997914,-1.8341063527471813,0.7593331446897539,-0.1404990337643092,-0.4014114235676847,1.3159641670593372,-0.9037617189551556,-1.0599264484110875,65
0.51768325997914,-0.8315984697138568,0.2731970374020011,-0.1404990337643092,-0.4014114235676847,-0.1229556782182992,-0.9037617189551556,-1.0599264484110875,64
-0.6078756706072076,0.6721633548361304,-1.7407954070758322,-0.1404990337643092,-0.4014114235676847,-0.1229556782182992,-0.9037617189551556,-1.0599264484110875,63
0.6908461723770396,-1.3328524112305191,0.7593331446897539,-0.1404990337643092,1.2194825678946093,-0.1229556782182992,-0.9037617189551556,0.2851214799545941,68
-0.434712758209308,1.173417296352793,-1.6713473917490105,-0.1404990337643092,-0.4014114235676847,-0.1229556782182992,1.6586709298539055,0.2851214799545941,67
0.7774276285759895,0.5050787076639097,0.6898851293629321,-0.1404990337643092,-1.2118584192988318,-1.5618755234959356,1.6586709298539055,-1.0599264484110875,68
-0.2615498458114084,-1.3328524112305191,1.0371252059970413,-1.5719732148326244,0.4090355721634622,-0.1229556782182992,-0.9037617189551556,0.2851214799545941,63
1.1237534533717888,0.6721633548361304,-1.3241073151149012,1.290975147304006,-0.4014114235676847,-1.5618755234959356,0.3774546054493748,-1.0599264484110875,69
1.470079278167588,0.6721633548361304,-0.0045950239052862,-1.5719732148326244,-0.4014114235676847,1.3159641670593372,-0.9037617189551556,0.2851214799545941,69
0.8640090847749392,-0.1632598810249735,0.4120930680556447,-1.5719732148326244,2.029929563625756,1.3159641670593372,0.3774546054493748,1.6301694083202758,71
1.2103349095707383,-0.3303445281971943,-0.2823870852125736,-0.1404990337643092,1.2194825678946093,-0.1229556782182992,0.3774546054493748,1.6301694083202758,71
1.2969163657696885,0.170909413319468,-0.6296271618466828,-0.1404990337643092,-0.4014114235676847,1.3159641670593372,0.3774546054493748,0.2851214799545941,73
-1.1273644078009066,0.3379940604916889,-1.1157632691344357,-0.1404990337643092,0.4090355721634622,-0.1229556782182992,1.6586709298539055,-1.0599264484110875,67
-1.387108776397756,0.5050787076639097,-0.4907311311930391,1.290975147304006,1.2194825678946093,-0.1229556782182992,-0.9037617189551556,-1.0599264484110875,66
1.2969163657696885,-0.3303445281971943,1.4538132979579723,-0.1404990337643092,2.029929563625756,-0.1229556782182992,0.3774546054493748,0.2851214799545941,72
-1.5602716887956556,-0.6645138225416359,1.176021236650685,1.290975147304006,-1.2118584192988318,-0.1229556782182992,-0.9037617189551556,0.2851214799545941,63
-0.6944571268061575,0.6721633548361304,0.8982291753433976,-1.5719732148326244,1.2194825678946093,1.3159641670593372,-0.9037617189551556,-1.0599264484110875,68
0.51768325997914,1.5075865906972346,-0.976867238480792,-0.1404990337643092,-1.2118584192988318,-0.1229556782182992,-0.9037617189551556,0.2851214799545941,68
-1.1273644078009066,1.173417296352793,1.3149172673043286,1.290975147304006,-1.2118584192988318,1.3159641670593372,0.3774546054493748,1.6301694083202758,70
1.6432421905654877,-0.1632598810249735,0.6204371140361102,1.290975147304006,-0.4014114235676847,-0.1229556782182992,-0.9037617189551556,0.2851214799545941,72
1.3834978219686382,0.0038247661472472,1.176021236650685,-0.1404990337643092,-1.2118584192988318,-1.5618755234959356,0.3774546054493748,0.2851214799545941,70
1.2103349095707383,-1.3328524112305191,-0.4907311311930391,1.290975147304006,-0.4014114235676847,1.3159641670593372,-0.9037617189551556,1.6301694083202758,69
-0.2615498458114084,-2.168275647091623,0.0648529914215355,-0.1404990337643092,0.4090355721634622,1.3159641670593372,0.3774546054493748,0.2851214799545941,63
-0.2615498458114084,1.5075865906972346,0.6898851293629321,1.290975147304006,-0.4014114235676847,-1.5618755234959356,0.3774546054493748,0.2851214799545941,69
-0.0883869334135087,-0.3303445281971943,-1.1852112844612577,-0.1404990337643092,1.2194825678946093,-1.5618755234959356,-0.9037617189551556,0.2851214799545941,65
0.0847759789843908,-0.3303445281971943,-0.3518351005393955,-1.5719732148326244,-1.2118584192988318,-0.1229556782182992,0.3774546054493748,-1.0599264484110875,65
0.51768325997914,-1.8341063527471813,-0.6990751771735046,-0.1404990337643092,-1.2118584192988318,1.3159641670593372,0.3774546054493748,0.2851214799545941,66
1.2969163657696885,0.0038247661472472,-0.6990751771735046,-0.1404990337643092,0.4090355721634622,-0.1229556782182992,0.3774546054493748,-1.0599264484110875,70
0.6042647161780897,-2.001190999919402,1.523261313284794,1.290975147304006,0.4090355721634622,1.3159641670593372,-0.9037617189551556,-1.0599264484110875,67
0.6042647161780897,-0.4974291753694151,-0.4907311311930391,1.290975147304006,0.4090355721634622,-0.1229556782182992,1.6586709298539055,-1.0599264484110875,68
1.6432421905654877,-0.8315984697138568,-1.7407954070758322,1.290975147304006,2.029929563625756,-1.5618755234959356,-0.9037617189551556,-1.0599264484110875,68
0.6908461723770396,-1.1657677640582984,-0.4907311311930391,-0.1404990337643092,-0.4014114235676847,-0.1229556782182992,-0.9037617189551556,1.6301694083202758,67
-0.1749683896124585,0.5050787076639097,0.3426450527288229,1.290975147304006,-1.2118584192988318,1.3159641670593372,-0.9037617189551556,-1.0599264484110875,68
-1.387108776397756,0.0038247661472472,0.3426450527288229,-0.1404990337643092,-0.4014114235676847,-0.1229556782182992,-0.9037617189551556,0.2851214799545941,65
-1.1273644078009066,-0.8315984697138568,0.7593331446897539,-0.1404990337643092,-0.4014114235676847,-0.1229556782182992,1.6586709298539055,1.6301694083202758,66
-1.6468531449946056,2.0088405322138967,-0.4212831158662173,-0.1404990337643092,-1.2118584192988318,1.3159641670593372,-0.9037617189551556,1.6301694083202758,68
-0.7810385830051073,-1.3328524112305191,0.2037490220751792,1.290975147304006,1.2194825678946093,1.3159641670593372,0.3774546054493748,-1.0599264484110875,67
-0.6078756706072076,-1.8341063527471813,1.3843652826311503,-1.5719732148326244,1.2194825678946093,-0.1229556782182992,1.6586709298539055,-1.0599264484110875,62
0.0847759789843908,0.5050787076639097,0.2037490220751792,-0.1404990337643092,2.029929563625756,1.3159641670593372,-0.9037617189551556,-1.0599264484110875,70
-1.387108776397756,0.3379940604916889,1.5927093286116158,-0.1404990337643092,-0.4014114235676847,-1.5618755234959356,-0.9037617189551556,0.2851214799545941,62
1.6432421905654877,-0.1632598810249735,0.2731970374020011,-1.5719732148326244,1.2194825678946093,-1.5618755234959356,-0.9037617189551556,0.2851214799545941,70
-0.0018054772145589,-0.8315984697138568,1.0371252059970413,-0.1404990337643092,2.029929563625756,1.3159641670593372,-0.9037617189551556,0.2851214799545941,69
-0.2615498458114084,0.5050787076639097,-0.2129390698857517,-0.1404990337643092,0.4090355721634622,-0.1229556782182992,0.3774546054493748,1.6301694083202758,69
0.2579388913822905,-1.4999370584027398,-0.8379712078271483,-0.1404990337643092,0.4090355721634622,-0.1229556782182992,0.3774546054493748,-1.0599264484110875,65
0.1713574351833407,-0.8315984697138568,1.0371252059970413,1.290975147304006,0.4090355721634622,-0.1229556782182992,-0.9037617189551556,1.6301694083202758,68
-0.6944571268061575,-1.3328524112305191,-1.3241073151149012,1.290975147304006,1.2194825678946093,-1.5618755234959356,-0.9037617189551556,-1.0599264484110875,62
-0.3481313020103582,0.8392480020083513,0.9676771906702194,1.290975147304006,1.2194825678946093,-0.1229556782182992,0.3774546054493748,-1.0599264484110875,70
-0.3481313020103582,-0.6645138225416359,0.8287811600165758,-0.1404990337643092,1.2194825678946093,-1.5618755234959356,0.3774546054493748,-1.0599264484110875,65
0.51768325997914,2.0088405322138967,-0.4907311311930391,-0.1404990337643092,-0.4014114235676847,-0.1229556782182992,-0.9037617189551556,0.2851214799545941,70
1.470079278167588,0.170909413319468,0.2037490220751792,-1.5719732148326244,-1.2118584192988318,-1.5618755234959356,1.6586709298539055,1.6301694083202758,69
1.0371719971728388,0.3379940604916889,-1.6018993764221885,-0.1404990337643092,-0.4014114235676847,-0.1229556782182992,1.6586709298539055,0.2851214799545941,68
0.3445203475812403,-1.1657677640582984,1.5927093286116158,-0.1404990337643092,0.4090355721634622,-0.1229556782182992,0.3774546054493748,0.2851214799545941,66
1.5566607343665375,0.0038247661472472,-1.6018993764221885,1.290975147304006,-1.2118584192988318,1.3159641670593372,0.3774546054493748,0.2851214799545941,71
1.2103349095707383,-1.3328524112305191,1.106573221323863,1.290975147304006,1.2194825678946093,-0.1229556782182992,1.6586709298539055,0.2851214799545941,71
-0.7810385830051073,-0.4974291753694151,0.5509890987092884,-0.1404990337643092,0.4090355721634622,1.3159641670593372,-0.9037617189551556,0.2851214799545941,66
-1.1273644078009066,-1.3328524112305191,-0.6990751771735046,-0.1404990337643092,-0.4014114235676847,-0.1229556782182992,-0.9037617189551556,1.6301694083202758,61
-1.4736902325967058,-0.1632598810249735,-1.393555330441723,-0.1404990337643092,-1.2118584192988318,1.3159641670593372,0.3774546054493748,0.2851214799545941,63
0.3445203475812403,-1.1657677640582984,1.3149172673043286,-0.1404990337643092,1.2194825678946093,-0.1229556782182992,-0.9037617189551556,0.2851214799545941,66
0.2579388913822905,-0.8315984697138568,-1.2546592997880792,-0.1404990337643092,-1.2118584192988318,-0.1229556782182992,1.6586709298539055,0.2851214799545941,65
1.5566607343665375,0.8392480020083513,-1.3241073151149012,1.290975147304006,-1.2118584192988318,-1.5618755234959356,1.6586709298539055,0.2851214799545941,71
-0.8676200392040571,1.3405019435250136,-0.4212831158662173,-0.1404990337643092,0.4090355721634622,-0.1229556782182992,-0.9037617189551556,-1.0599264484110875,66
1.3834978219686382,0.3379940604916889,1.0371252059970413,-1.5719732148326244,0.4090355721634622,1.3159641670593372,0.3774546054493748,-1.0599264484110875,71
1.2969163657696885,-1.3328524112305191,0.4815410833824666,-0.1404990337643092,0.4090355721634622,-1.5618755234959356,-0.9037617189551556,-1.0599264484110875,66
0.2579388913822905,-0.1632598810249735,0.2037490220751792,-0.1404990337643092,0.4090355721634622,-1.5618755234959356,1.6586709298539055,-1.0599264484110875,67
-0.1749683896124585,0.3379940604916889,-0.3518351005393955,1.290975147304006,0.4090355721634622,-0.1229556782182992,0.3774546054493748,-1.0599264484110875,68
-0.8676200392040571,0.170909413319468,1.0371252059970413,-1.5719732148326244,-0.4014114235676847,-0.1229556782182992,-0.9037617189551556,-1.0599264484110875,63
1.7298236467644377,-2.001190999919402,-0.2823870852125736,1.290975147304006,-1.2118584192988318,1.3159641670593372,1.6586709298539055,-1.0599264484110875,70
0.3445203475812403,-0.9986831168860776,1.4538132979579723,-0.1404990337643092,0.4090355721634622,-0.1229556782182992,1.6586709298539055,-1.0599264484110875,66
-1.5602716887956556,0.0038247661472472,0.2037490220751792,-0.1404990337643092,-0.4014114235676847,1.3159641670593372,-0.9037617189551556,1.6301694083202758,64
0.9505905409738892,0.6721633548361304,-1.1157632691344357,-1.5719732148326244,-1.2118584192988318,1.3159641670593372,-0.9037617189551556,-1.0599264484110875,69
1.0371719971728388,1.3405019435250136,-0.4212831158662173,-0.1404990337643092,2.029929563625756,-1.5618755234959356,-0.9037617189551556,-1.0599264484110875,71
-0.9542014954030068,1.006332649180572,1.0371252059970413,1.290975147304006,1.2194825678946093,1.3159641670593372,0.3774546054493748,0.2851214799545941,71
1.470079278167588,0.0038247661472472,0.4120930680556447,-0.1404990337643092,0.4090355721634622,1.3159641670593372,-0.9037617189551556,-1.0599264484110875,71
0.0847759789843908,0.8392480020083513,0.2731970374020011,-0.1404990337643092,-0.4014114235676847,-0.1229556782182992,0.3774546054493748,0.2851214799545941,68
-0.0883869334135087,-0.6645138225416359,-0.0740430392321081,-0.1404990337643092,1.2194825678946093,1.3159641670593372,1.6586709298539055,0.2851214799545941,68
1.470079278167588,2.0088405322138967,1.523261313284794,-1.5719732148326244,-0.4014114235676847,1.3159641670593372,0.3774546054493748,-1.0599264484110875,76
-0.9542014954030068,0.8392480020083513,-0.7685231925003265,-0.1404990337643092,-0.4014114235676847,-0.1229556782182992,1.6586709298539055,1.6301694083202758,66
1.7298236467644377,-1.3328524112305191,-0.7685231925003265,-0.1404990337643092,-0.4014114235676847,-0.1229556782182992,-0.9037617189551556,0.2851214799545941,69
1.1237534533717888,0.0038247661472472,-1.046315253807614,-0.1404990337643092,-1.2118584192988318,1.3159641670593372,-0.9037617189551556,-1.0599264484110875,69
0.9505905409738892,-0.3303445281971943,0.7593331446897539,-0.1404990337643092,-0.4014114235676847,1.3159641670593372,-0.9037617189551556,0.2851214799545941,69
1.0371719971728388,0.0038247661472472,-1.1852112844612577,-0.1404990337643092,0.4090355721634622,1.3159641670593372,1.6586709298539055,-1.0599264484110875,70
1.2103349095707383,0.0038247661472472,-1.7407954070758322,-0.1404990337643092,-0.4014114235676847,-0.1229556782182992,1.6586709298539055,-1.0599264484110875,68
0.6908461723770396,0.0038247661472472,1.4538132979579723,-1.5719732148326244,-1.2118584192988318,-1.5618755234959356,1.6586709298539055,1.6301694083202758,68
-0.6078756706072076,0.3379940604916889,1.176021236650685,1.290975147304006,-1.2118584192988318,-1.5618755234959356,1.6586709298539055,-1.0599264484110875,67
0.6042647161780897,-0.6645138225416359,1.4538132979579723,-0.1404990337643092,-0.4014114235676847,-1.5618755234959356,0.3774546054493748,-1.0599264484110875,66
1.1237534533717888,-1.4999370584027398,1.3149172673043286,-0.1404990337643092,2.029929563625756,1.3159641670593372,-0.9037617189551556,-1.0599264484110875,69
1.2103349095707383,1.6746712378694553,-1.6018993764221885,-0.1404990337643092,-0.4014114235676847,-0.1229556782182992,-0.9037617189551556,0.2851214799545941,71
-1.7334346011935553,0.170909413319468,1.6621573439384378,1.290975147304006,-1.2118584192988318,-1.5618755234959356,-0.9037617189551556,-1.0599264484110875,62
0.3445203475812403,-1.1657677640582984,0.2037490220751792,-0.1404990337643092,-0.4014114235676847,-0.1229556782182992,-0.9037617189551556,-1.0599264484110875,65
-1.4736902325967058,-0.8315984697138568,-0.6296271618466828,1.290975147304006,-0.4014114235676847,-0.1229556782182992,0.3774546054493748,-1.0599264484110875,62
0.6908461723770396,-0.6645138225416359,1.3149172673043286,1.290975147304006,2.029929563625756,-0.1229556782182992,0.3774546054493748,0.2851214799545941,72
-0.8676200392040571,-0.9986831168860776,1.106573221323863,-0.1404990337643092,0.4090355721634622,-0.1229556782182992,-0.9037617189551556,0.2851214799545941,65
-0.6078756706072076,-1.1657677640582984,-1.046315253807614,1.290975147304006,-1.2118584192988318,-0.1229556782182992,0.3774546054493748,1.6301694083202758,65
1.2103349095707383,0.3379940604916889,0.3426450527288229,1.290975147304006,-1.2118584192988318,-0.1229556782182992,1.6586709298539055,1.6301694083202758,72
-0.6078756706072076,-2.335360294263844,1.2454692519775068,-0.1404990337643092,-1.2118584192988318,-0.1229556782182992,-0.9037617189551556,-1.0599264484110875,58
-0.1749683896124585,1.006332649180572,-0.1434910545589299,1.290975147304006,0.4090355721634622,1.3159641670593372,0.3774546054493748,-1.0599264484110875,71
-0.434712758209308,-0.1632598810249735,1.5927093286116158,-0.1404990337643092,-0.4014114235676847,1.3159641670593372,1.6586709298539055,-1.0599264484110875,67
1.6432421905654877,0.6721633548361304,1.176021236650685,-0.1404990337643092,0.4090355721634622,1.3159641670593372,-0.9037617189551556,1.6301694083202758,72
-0.2615498458114084,-1.6670217055749608,1.2454692519775068,1.290975147304006,1.2194825678946093,-1.5618755234959356,0.3774546054493748,-1.0599264484110875,66
-0.5212942144082578,2.175925179386118,-0.7685231925003265,-0.1404990337643092,0.4090355721634622,-0.1229556782182992,1.6586709298539055,0.2851214799545941,70
0.0847759789843908,-0.6645138225416359,0.2731970374020011,1.290975147304006,0.4090355721634622,-0.1229556782182992,0.3774546054493748,-1.0599264484110875,68
-0.0018054772145589,-2.001190999919402,0.7593331446897539,-0.1404990337643092,0.4090355721634622,1.3159641670593372,-0.9037617189551556,-1.0599264484110875,64
1.2969163657696885,-0.3303445281971943,-1.4630033457685447,1.290975147304006,0.4090355721634622,-0.1229556782182992,0.3774546054493748,1.6301694083202758,70
-1.300527320198806,-0.8315984697138568,-0.6990751771735046,-0.1404990337643092,-0.4014114235676847,-0.1229556782182992,0.3774546054493748,-1.0599264484110875,61
-1.5602716887956556,-1.3328524112305191,-0.8379712078271483,1.290975147304006,-1.2118584192988318,1.3159641670593372,-0.9037617189551556,-1.0599264484110875,61
-1.300527320198806,-1.1657677640582984,-0.1434910545589299,1.290975147304006,-1.2118584192988318,-1.5618755234959356,1.6586709298539055,-1.0599264484110875,62
-0.0018054772145589,0.170909413319468,-0.0045950239052862,1.290975147304006,1.2194825678946093,-0.1229556782182992,-0.9037617189551556,0.2851214799545941,69
-0.7810385830051073,1.5075865906972346,0.7593331446897539,-0.1404990337643092,-0.4014114235676847,-0.1229556782182992,0.3774546054493748,-1.0599264484110875,69
-1.0407829516019569,1.173417296352793,-1.6018993764221885,-0.1404990337643092,-0.4014114235676847,1.3159641670593372,1.6586709298539055,0.2851214799545941,66
-1.300527320198806,1.3405019435250136,0.1343010067483574,-0.1404990337643092,-0.4014114235676847,-1.5618755234959356,0.3774546054493748,-1.0599264484110875,67
-1.387108776397756,2.175925179386118,0.0648529914215355,-1.5719732148326244,0.4090355721634622,-0.1229556782182992,-0.9037617189551556,1.6301694083202758,68
0.4311018037801901,0.0038247661472472,-0.976867238480792,-0.1404990337643092,0.4090355721634622,1.3159641670593372,0.3774546054493748,1.6301694083202758,70
-1.5602716887956556,0.6721633548361304,-0.2129390698857517,-0.1404990337643092,0.4090355721634622,-0.1229556782182992,-0.9037617189551556,-1.0599264484110875,64
0.6908461723770396,0.8392480020083513,-1.6713473917490105,1.290975147304006,-0.4014114235676847,-0.1229556782182992,-0.9037617189551556,0.2851214799545941,68
0.7774276285759895,-0.1632598810249735,1.3149172673043286,1.290975147304006,-1.2118584192988318,1.3159641670593372,0.3774546054493748,1.6301694083202758,72
-0.8676200392040571,1.006332649180572,0.4120930680556447,-0.1404990337643092,-1.2118584192988318,1.3159641670593372,-0.9037617189551556,-1.0599264484110875,66
-0.3481313020103582,0.5050787076639097,1.2454692519775068,1.290975147304006,-1.2118584192988318,1.3159641670593372,-0.9037617189551556,0.2851214799545941,68
-0.8676200392040571,0.6721633548361304,-1.4630033457685447,1.290975147304006,-0.4014114235676847,-0.1229556782182992,-0.9037617189551556,1.6301694083202758,64
-0.6944571268061575,-0.3303445281971943,0.6204371140361102,-1.5719732148326244,0.4090355721634622,-0.1229556782182992,-0.9037617189551556,0.2851214799545941,64
0.4311018037801901,-1.4999370584027398,0.2731970374020011,-0.1404990337643092,0.4090355721634622,-0.1229556782182992,-0.9037617189551556,1.6301694083202758,65
1.2969163657696885,1.5075865906972346,0.8982291753433976,-1.5719732148326244,-1.2118584192988318,-0.1229556782182992,-0.9037617189551556,0.2851214799545941,72
0.51768325997914,1.3405019435250136,0.6898851293629321,-0.1404990337643092,3.65082355508805,-1.5618755234959356,-0.9037617189551556,-1.0599264484110875,72
-0.8676200392040571,0.6721633548361304,-0.4212831158662173,-1.5719732148326244,-0.4014114235676847,-1.5618755234959356,-0.9037617189551556,1.6301694083202758,64
-0.434712758209308,-0.9986831168860776,-1.6018993764221885,-0.1404990337643092,1.2194825678946093,1.3159641670593372,1.6586709298539055,0.2851214799545941,65
-1.0407829516019569,-0.8315984697138568,1.3843652826311503,1.290975147304006,-0.4014114235676847,-0.1229556782182992,0.3774546054493748,0.2851214799545941,64
-0.434712758209308,-0.6645138225416359,1.3149172673043286,-0.1404990337643092,-1.2118584192988318,-0.1229556782182992,-0.9037617189551556,0.2851214799545941,65
0.8640090847749392,0.0038247661472472,0.2037490220751792,-0.1404990337643092,-1.2118584192988318,-0.1229556782182992,1.6586709298539055,0.2851214799545941,69
1.2969163657696885,0.8392480020083513,-1.2546592997880792,-1.5719732148326244,2.029929563625756,-0.1229556782182992,-0.9037617189551556,-1.0599264484110875,69
-1.300527320198806,0.3379940604916889,0.8982291753433976,-1.5719732148326244,0.4090355721634622,-0.1229556782182992,0.3774546054493748,0.2851214799545941,64
-1.7334346011935553,0.6721633548361304,-0.4212831158662173,-1.5719732148326244,-0.4014114235676847,1.3159641670593372,-0.9037617189551556,0.2851214799545941,64
0.8640090847749392,-0.3303445281971943,-0.4212831158662173,1.290975147304006,-0.4014114235676847,-0.1229556782182992,0.3774546054493748,1.6301694083202758,71
-0.5212942144082578,-0.8315984697138568,0.3426450527288229,1.290975147304006,0.4090355721634622,-0.1229556782182992,1.6586709298539055,1.6301694083202758,66
-1.7334346011935553,-1.8341063527471813,1.2454692519775068,-1.5719732148326244,1.2194825678946093,-0.1229556782182992,-0.9037617189551556,-1.0599264484110875,60
-0.434712758209308,0.5050787076639097,1.5927093286116158,1.290975147304006,1.2194825678946093,-0.1229556782182992,0.3774546054493748,0.2851214799545941,71
-1.387108776397756,0.3379940604916889,-0.6990751771735046,-0.1404990337643092,0.4090355721634622,-0.1229556782182992,1.6586709298539055,0.2851214799545941,65
0.4311018037801901,-1.6670217055749608,-0.7685231925003265,-0.1404990337643092,0.4090355721634622,1.3159641670593372,1.6586709298539055,1.6301694083202758,67
-0.6078756706072076,-0.3303445281971943,-0.0045950239052862,-0.1404990337643092,-1.2118584192988318,-0.1229556782182992,0.3774546054493748,1.6301694083202758,64
-1.2139458639998564,0.170909413319468,-1.6018993764221885,-0.1404990337643092,-0.4014114235676847,-0.1229556782182992,-0.9037617189551556,0.2851214799545941,63
-0.0018054772145589,0.3379940604916889,-0.976867238480792,-0.1404990337643092,-0.4014114235676847,-0.1229556782182992,0.3774546054493748,-1.0599264484110875,67
0.9505905409738892,-0.3303445281971943,0.0648529914215355,-0.1404990337643092,-0.4014114235676847,-1.5618755234959356,-0.9037617189551556,0.2851214799545941,68
-1.1273644078009066,-0.9986831168860776,0.8287811600165758,-1.5719732148326244,-0.4014114235676847,1.3159641670593372,-0.9037617189551556,0.2851214799545941,63
-1.300527320198806,-0.8315984697138568,-1.6713473917490105,-1.5719732148326244,-0.4014114235676847,-0.1229556782182992,-0.9037617189551556,1.6301694083202758,61
1.3834978219686382,0.6721633548361304,-0.0045950239052862,1.290975147304006,-0.4014114235676847,1.3159641670593372,0.3774546054493748,0.2851214799545941,72
1.2969163657696885,0.170909413319468,1.5927093286116158,-1.5719732148326244,-0.4014114235676847,-1.5618755234959356,-0.9037617189551556,-1.0599264484110875,69
-1.300527320198806,0.170909413319468,1.5927093286116158,-0.1404990337643092,-0.4014114235676847,-1.5618755234959356,-0.9037617189551556,0.2851214799545941,64
0.51768325997914,0.0038247661472472,0.9676771906702194,-0.1404990337643092,-0.4014114235676847,-0.1229556782182992,1.6586709298539055,-1.0599264484110875,69
-1.6468531449946056,-2.168275647091623,0.0648529914215355,1.290975147304006,-0.4014114235676847,-1.5618755234959356,-0.9037617189551556,0.2851214799545941,60
-0.5212942144082578,1.006332649180572,0.7593331446897539,-0.1404990337643092,0.4090355721634622,-0.1229556782182992,0.3774546054493748,-1.0599264484110875,69
-1.387108776397756,1.006332649180572,-1.5324513610953667,1.290975147304006,0.4090355721634622,-1.5618755234959356,0.3774546054493748,-1.0599264484110875,64
0.2579388913822905,0.0038247661472472,0.9676771906702194,-0.1404990337643092,1.2194825678946093,1.3159641670593372,-0.9037617189551556,-1.0599264484110875,69
0.4311018037801901,1.841755885041676,-0.2823870852125736,-0.1404990337643092,-1.2118584192988318,-0.1229556782182992,0.3774546054493748,0.2851214799545941,69
-0.8676200392040571,0.6721633548361304,-0.6990751771735046,-0.1404990337643092,1.2194825678946093,1.3159641670593372,-0.9037617189551556,0.2851214799545941,67
-0.434712758209308,0.3379940604916889,-0.6296271618466828,1.290975147304006,-1.2118584192988318,1.3159641670593372,1.6586709298539055,-1.0599264484110875,67
-0.5212942144082578,1.5075865906972346,-0.7685231925003265,-1.5719732148326244,0.4090355721634622,-0.1229556782182992,0.3774546054493748,0.2851214799545941,66
0.6042647161780897,1.006332649180572,-0.3518351005393955,1.290975147304006,-0.4014114235676847,-0.1229556782182992,-0.9037617189551556,-1.0599264484110875,70
-1.7334346011935553,-2.836614235780506,0.0648529914215355,-0.1404990337643092,-1.2118584192988318,-0.1229556782182992,-0.9037617189551556,0.2851214799545941,58
0.1713574351833407,-0.6645138225416359,1.106573221323863,-0.1404990337643092,-1.2118584192988318,-0.1229556782182992,-0.9037617189551556,-1.0599264484110875,66
-1.0407829516019569,-1.3328524112305191,-0.4907311311930391,-0.1404990337643092,0.4090355721634622,1.3159641670593372,0.3774546054493748,0.2851214799545941,64
-0.434712758209308,-1.1657677640582984,1.7316053592652596,1.290975147304006,-0.4014114235676847,-1.5618755234959356,1.6586709298539055,0.2851214799545941,67
-1.300527320198806,1.3405019435250136,-1.1157632691344357,-0.1404990337643092,0.4090355721634622,-0.1229556782182992,-0.9037617189551556,-1.0599264484110875,67
1.5566607343665375,0.0038247661472472,-0.4212831158662173,-0.1404990337643092,0.4090355721634622,1.3159641670593372,0.3774546054493748,1.6301694083202758,72
-0.9542014954030068,-0.1632598810249735,0.4815410833824666,1.290975147304006,-0.4014114235676847,-0.1229556782182992,-0.9037617189551556,-1.0599264484110875,65
0.0847759789843908,0.170909413319468,-0.976867238480792,-0.1404990337643092,1.2194825678946093,-1.5618755234959356,-0.9037617189551556,0.2851214799545941,66
0.9505905409738892,-0.6645138225416359,1.106573221323863,-0.1404990337643092,-0.4014114235676847,-0.1229556782182992,-0.9037617189551556,0.2851214799545941,68
-1.1273644078009066,0.6721633548361304,-1.393555330441723,-0.1404990337643092,0.4090355721634622,1.3159641670593372,0.3774546054493748,-1.0599264484110875,65
-0.2615498458114084,-0.3303445281971943,-0.6296271618466828,-1.5719732148326244,1.2194825678946093,-0.1229556782182992,0.3774546054493748,0.2851214799545941,66
-0.0883869334135087,1.173417296352793,1.0371252059970413,1.290975147304006,1.2194825678946093,1.3159641670593372,-0.9037617189551556,0.2851214799545941,73
-1.0407829516019569,0.3379940604916889,1.176021236650685,1.290975147304006,0.4090355721634622,-0.1229556782182992,-0.9037617189551556,1.6301694083202758,68
-1.300527320198806,0.5050787076639097,-0.560179146519861,-0.1404990337643092,1.2194825678946093,1.3159641670593372,-0.9037617189551556,0.2851214799545941,65
0.7774276285759895,-0.3303445281971943,-0.2129390698857517,-0.1404990337643092,1.2194825678946093,1.3159641670593372,0.3774546054493748,0.2851214799545941,69
-0.9542014954030068,0.0038247661472472,1.523261313284794,1.290975147304006,1.2194825678946093,-0.1229556782182992,0.3774546054493748,0.2851214799545941,68
-0.9542014954030068,0.5050787076639097,-0.9074192231539702,1.290975147304006,-0.4014114235676847,-0.1229556782182992,-0.9037617189551556,0.2851214799545941,64
1.5566607343665375,-0.1632598810249735,-0.4907311311930391,1.290975147304006,-0.4014114235676847,-1.5618755234959356,-0.9037617189551556,-1.0599264484110875,69
-0.0018054772145589,-2.168275647091623,0.5509890987092884,-0.1404990337643092,1.2194825678946093,1.3159641670593372,-0.9037617189551556,0.2851214799545941,62
-0.434712758209308,-0.4974291753694151,-0.1434910545589299,-1.5719732148326244,-1.2118584192988318,-0.1229556782182992,-0.9037617189551556,-1.0599264484110875,63
-1.2139458639998564,-0.8315984697138568,-1.5324513610953667,-0.1404990337643092,0.4090355721634622,-1.5618755234959356,0.3774546054493748,0.2851214799545941,61
-1.2139458639998564,1.173417296352793,-0.560179146519861,1.290975147304006,-0.4014114235676847,-1.5618755234959356,0.3774546054493748,1.6301694083202758,65
-0.3481313020103582,0.5050787076639097,0.7593331446897539,-0.1404990337643092,-0.4014114235676847,-1.5618755234959356,0.3774546054493748,-1.0599264484110875,64
-0.3481313020103582,0.5050787076639097,1.4538132979579723,1.290975147304006,0.4090355721634622,-1.5618755234959356,-0.9037617189551556,0.2851214799545941,68
0.2579388913822905,0.3379940604916889,-1.5324513610953667,1.290975147304006,-1.2118584192988318,-1.5618755234959356,1.6586709298539055,-1.0599264484110875,65
1.1237534533717888,0.170909413319468,1.106573221323863,-1.5719732148326244,-0.4014114235676847,-1.5618755234959356,1.6586709298539055,1.6301694083202758,69
-0.6078756706072076,-1.6670217055749608,-1.1852112844612577,-1.5719732148326244,2.840376559356903,-0.1229556782182992,-0.9037617189551556,-1.0599264484110875,61
1.1237534533717888,1.006332649180572,1.3149172673043286,1.290975147304006,-0.4014114235676847,1.3159641670593372,-0.9037617189551556,0.2851214799545941,74
0.51768325997914,3.011348415247222,0.8982291753433976,-0.1404990337643092,-0.4014114235676847,1.3159641670593372,-0.9037617189551556,-1.0599264484110875,74
-1.4736902325967058,0.0038247661472472,-0.1434910545589299,-1.5719732148326244,-1.2118584192988318,-1.5618755234959356,0.3774546054493748,1.6301694083202758,61
0.7774276285759895,0.6721633548361304,-1.5324513610953667,-1.5719732148326244,-0.4014114235676847,-0.1229556782182992,-0.9037617189551556,-1.0599264484110875,68
1.2103349095707383,-1.4999370584027398,-0.976867238480792,-1.5719732148326244,-0.4014114235676847,1.3159641670593372,0.3774546054493748,0.2851214799545941,66
1.5566607343665375,-0.3303445281971943,-1.5324513610953667,-0.1404990337643092,-1.2118584192988318,-1.5618755234959356,-0.9037617189551556,1.6301694083202758,66
-0.3481313020103582,-1.4999370584027398,0.5509890987092884,-0.1404990337643092,1.2194825678946093,-1.5618755234959356,-0.9037617189551556,0.2851214799545941,64
-1.5602716887956556,1.006332649180572,-0.0045950239052862,1.290975147304006,0.4090355721634622,1.3159641670593372,0.3774546054493748,0.2851214799545941,67
1.3834978219686382,-0.1632598810249735,0.2037490220751792,-0.1404990337643092,-0.4014114235676847,-1.5618755234959356,-0.9037617189551556,-1.0599264484110875,67
0.9505905409738892,-0.9986831168860776,1.5927093286116158,-0.1404990337643092,-1.2118584192988318,-1.5618755234959356,-0.9037617189551556,1.6301694083202758,68
-0.9542014954030068,-0.9986831168860776,0.9676771906702194,-0.1404990337643092,0.4090355721634622,-0.1229556782182992,-0.9037617189551556,1.6301694083202758,66
1.0371719971728388,0.6721633548361304,0.4120930680556447,1.290975147304006,0.4090355721634622,-1.5618755234959356,-0.9037617189551556,-1.0599264484110875,69
-1.0407829516019569,0.6721633548361304,-0.2823870852125736,-0.1404990337643092,0.4090355721634622,-0.1229556782182992,0.3774546054493748,0.2851214799545941,66
-0.0883869334135087,1.006332649180572,-0.8379712078271483,-1.5719732148326244,-1.2118584192988318,-0.1229556782182992,-0.9037617189551556,-1.0599264484110875,66
0.6042647161780897,-0.3303445281971943,0.6204371140361102,1.290975147304006,0.4090355721634622,-0.1229556782182992,1.6586709298539055,0.2851214799545941,71
-0.9542014954030068,-0.4974291753694151,-1.3241073151149012,-0.1404990337643092,-0.4014114235676847,-0.1229556782182992,-0.9037617189551556,0.2851214799545941,63
1.1237534533717888,0.6721633548361304,1.0371252059970413,-1.5719732148326244,-1.2118584192988318,1.3159641670593372,0.3774546054493748,1.6301694083202758,72
-0.1749683896124585,-0.8315984697138568,-0.0045950239052862,1.290975147304006,-0.4014114235676847,1.3159641670593372,-0.9037617189551556,-1.0599264484110875,65
0.2579388913822905,0.170909413319468,-0.0045950239052862,-0.1404990337643092,-0.4014114235676847,-0.1229556782182992,-0.9037617189551556,-1.0599264484110875,67
0.7774276285759895,-0.3303445281971943,1.0371252059970413,-1.5719732148326244,-0.4014114235676847,-0.1229556782182992,1.6586709298539055,1.6301694083202758,68
-1.5602716887956556,-0.9986831168860776,0.2731970374020011,1.290975147304006,0.4090355721634622,-0.1229556782182992,-0.9037617189551556,0.2851214799545941,62
-1.0407829516019569,1.006332649180572,1.5927093286116158,1.290975147304006,0.4090355721634622,-0.1229556782182992,0.3774546054493748,0.2851214799545941,67
-0.434712758209308,-1.3328524112305191,1.5927093286116158,1.290975147304006,0.4090355721634622,-0.1229556782182992,0.3774546054493748,-1.0599264484110875,65
-0.0018054772145589,1.6746712378694553,-1.4630033457685447,1.290975147304006,-0.4014114235676847,1.3159641670593372,-0.9037617189551556,1.6301694083202758,71
0.4311018037801901,-0.4974291753694151,-0.6296271618466828,1.290975147304006,-1.2118584192988318,1.3159641670593372,0.3774546054493748,0.2851214799545941,68
-0.0018054772145589,-0.8315984697138568,-1.3241073151149012,-1.5719732148326244,1.2194825678946093,1.3159641670593372,-0.9037617189551556,0.2851214799545941,64
-1.300527320198806,-0.4974291753694151,-0.9074192231539702,-0.1404990337643092,0.4090355721634622,-0.1229556782182992,-0.9037617189551556,0.2851214799545941,63
-1.0407829516019569,-0.3303445281971943,0.5509890987092884,1.290975147304006,-0.4014114235676847,-0.1229556782182992,0.3774546054493748,-1.0599264484110875,65
1.5566607343665375,0.170909413319468,-0.6296271618466828,-0.1404990337643092,1.2194825678946093,1.3159641670593372,-0.9037617189551556,1.6301694083202758,73
0.4311018037801901,-1.3328524112305191,-1.1852112844612577,1.290975147304006,-0.4014114235676847,1.3159641670593372,1.6586709298539055,-1.0599264484110875,67
0.0847759789843908,1.006332649180572,-0.560179146519861,-0.1404990337643092,1.2194825678946093,-0.1229556782182992,0.3774546054493748,-1.0599264484110875,69
0.3445203475812403,-0.8315984697138568,0.9676771906702194,-1.5719732148326244,-0.4014114235676847,-1.5618755234959356,-0.9037617189551556,-1.0599264484110875,65
0.0847759789843908,1.3405019435250136,-1.393555330441723,-0.1404990337643092,0.4090355721634622,-0.1229556782182992,-0.9037617189551556,0.2851214799545941,68
-1.0407829516019569,0.170909413319468,1.7316053592652596,-1.5719732148326244,-1.2118584192988318,-0.1229556782182992,-0.9037617189551556,0.2851214799545941,63
-0.434712758209308,0.6721633548361304,0.1343010067483574,-1.5719732148326244,-0.4014114235676847,1.3159641670593372,0.3774546054493748,-1.0599264484110875,66
-0.3481313020103582,1.841755885041676,0.5509890987092884,-0.1404990337643092,0.4090355721634622,-0.1229556782182992,-0.9037617189551556,1.6301694083202758,70
0.9505905409738892,1.006332649180572,-0.6990751771735046,-0.1404990337643092,-1.2118584192988318,1.3159641670593372,-0.9037617189551556,0.2851214799545941,70
-1.2139458639998564,-0.9986831168860776,-0.8379712078271483,-0.1404990337643092,-1.2118584192988318,-0.1229556782182992,-0.9037617189551556,-1.0599264484110875,60
-1.1273644078009066,-1.4999370584027398,-1.4630033457685447,-0.1404990337643092,-1.2118584192988318,-0.1229556782182992,-0.9037617189551556,-1.0599264484110875,60
-1.4736902325967058,0.170909413319468,-1.4630033457685447,-1.5719732148326244,-0.4014114235676847,-0.1229556782182992,0.3774546054493748,0.2851214799545941,62
0.9505905409738892,-0.9986831168860776,1.2454692519775068,-0.1404990337643092,-1.2118584192988318,-0.1229556782182992,-0.9037617189551556,0.2851214799545941,67
-1.6468531449946056,1.5075865906972346,-0.0740430392321081,-0.1404990337643092,-0.4014114235676847,-1.5618755234959356,1.6586709298539055,0.2851214799545941,65
-1.2139458639998564,-0.3303445281971943,-0.9074192231539702,1.290975147304006,0.4090355721634622,1.3159641670593372,-0.9037617189551556,1.6301694083202758,65
-1.6468531449946056,-0.6645138225416359,1.176021236650685,1.290975147304006,2.029929563625756,-0.1229556782182992,-0.9037617189551556,1.6301694083202758,66
0.3445203475812403,1.5075865906972346,-1.3241073151149012,-0.1404990337643092,1.2194825678946093,1.3159641670593372,1.6586709298539055,-1.0599264484110875,72
0.3445203475812403,-1.4999370584027398,0.4120930680556447,-0.1404990337643092,-0.4014114235676847,1.3159641670593372,-0.9037617189551556,-1.0599264484110875,64
1.0371719971728388,1.006332649180572,-0.2129390698857517,-1.5719732148326244,-0.4014114235676847,-0.1229556782182992,-0.9037617189551556,-1.0599264484110875,69
1.7298236467644377,-1.1657677640582984,0.0648529914215355,-0.1404990337643092,-1.2118584192988318,1.3159641670593372,1.6586709298539055,-1.0599264484110875,69
-0.434712758209308,-0.6645138225416359,0.7593331446897539,-1.5719732148326244,-1.2118584192988318,-1.5618755234959356,0.3774546054493748,-1.0599264484110875,62
0.4311018037801901,-0.6645138225416359,1.106573221323863,1.290975147304006,-1.2118584192988318,-0.1229556782182992,1.6586709298539055,0.2851214799545941,69
-0.2615498458114084,1.5075865906972346,-1.6018993764221885,1.290975147304006,0.4090355721634622,1.3159641670593372,-0.9037617189551556,1.6301694083202758,69
-0.9542014954030068,-2.168275647091623,0.4815410833824666,-0.1404990337643092,-0.4014114235676847,-1.5618755234959356,1.6586709298539055,0.2851214799545941,61
1.2969163657696885,-1.1657677640582984,-0.4212831158662173,-0.1404990337643092,-0.4014114235676847,-0.1229556782182992,1.6586709298539055,-1.0599264484110875,66
0.3445203475812403,1.841755885041676,0.8287811600165758,-0.1404990337643092,-1.2118584192988318,-0.1229556782182992,0.3774546054493748,0.2851214799545941,71
0.51768325997914,1.006332649180572,1.3843652826311503,-1.5719732148326244,-1.2118584192988318,-0.1229556782182992,-0.9037617189551556,-1.0599264484110875,68
-0.9542014954030068,-0.3303445281971943,-1.046315253807614,1.290975147304006,1.2194825678946093,-0.1229556782182992,0.3774546054493748,-1.0599264484110875,64
-0.7810385830051073,1.006332649180572,0.1343010067483574,-0.1404990337643092,-1.2118584192988318,-1.5618755234959356,1.6586709298539055,0.2851214799545941,66
-1.6468531449946056,2.0088405322138967,0.3426450527288229,1.290975147304006,-1.2118584192988318,1.3159641670593372,0.3774546054493748,-1.0599264484110875,68
0.7774276285759895,-0.1632598810249735,1.176021236650685,1.290975147304006,2.840376559356903,-0.1229556782182992,1.6586709298539055,0.2851214799545941,74
-0.6078756706072076,-1.3328524112305191,-1.046315253807614,-0.1404990337643092,-0.4014114235676847,1.3159641670593372,-0.9037617189551556,-1.0599264484110875,62
0.6042647161780897,-0.8315984697138568,-0.8379712078271483,1.290975147304006,-1.2118584192988318,1.3159641670593372,0.3774546054493748,1.6301694083202758,69
0.7774276285759895,0.5050787076639097,0.8287811600165758,1.290975147304006,2.029929563625756,1.3159641670593372,0.3774546054493748,0.2851214799545941,74
0.2579388913822905,1.3405019435250136,-0.976867238480792,-1.5719732148326244,-0.4014114235676847,-0.1229556782182992,1.6586709298539055,-1.0599264484110875,67
1.470079278167588,1.173417296352793,-0.4212831158662173,-0.1404990337643092,-0.4014114235676847,-0.1229556782182992,-0.9037617189551556,-1.0599264484110875,70
1.2969163657696885,0.8392480020083513,-0.0045950239052862,1.290975147304006,-0.4014114235676847,-0.1229556782182992,-0.9037617189551556,0.2851214799545941,73
-0.8676200392040571,-1.8341063527471813,-0.3518351005393955,-0.1404990337643092,-0.4014114235676847,1.3159641670593372,0.3774546054493748,0.2851214799545941,63
1.5566607343665375,-0.8315984697138568,-0.976867238480792,1.290975147304006,-0.4014114235676847,1.3159641670593372,0.3774546054493748,-1.0599264484110875,71
0.51768325997914,3.011348415247222,0.2731970374020011,1.290975147304006,1.2194825678946093,-1.5618755234959356,-0.9037617189551556,-1.0599264484110875,73
0.3445203475812403,-0.9986831168860776,1.6621573439384378,1.290975147304006,1.2194825678946093,1.3159641670593372,1.6586709298539055,0.2851214799545941,70
-0.3481313020103582,0.6721633548361304,0.1343010067483574,-0.1404990337643092,1.2194825678946093,-0.1229556782182992,1.6586709298539055,0.2851214799545941,68
-1.5602716887956556,-0.3303445281971943,0.9676771906702194,1.290975147304006,-1.2118584192988318,-0.1229556782182992,1.6586709298539055,1.6301694083202758,66
-1.0407829516019569,-0.8315984697138568,-1.7407954070758322,-0.1404990337643092,0.4090355721634622,-0.1229556782182992,-0.9037617189551556,1.6301694083202758,62
0.9505905409738892,2.5100944737305597,-0.8379712078271483,-0.1404990337643092,-0.4014114235676847,-1.5618755234959356,-0.9037617189551556,0.2851214799545941,72
1.3834978219686382,0.5050787076639097,-0.9074192231539702,-0.1404990337643092,-1.2118584192988318,-0.1229556782182992,-0.9037617189551556,-1.0599264484110875,69
-1.2139458639998564,1.6746712378694553,-0.976867238480792,1.290975147304006,-1.2118584192988318,-0.1229556782182992,-0.9037617189551556,1.6301694083202758,66
0.8640090847749392,0.0038247661472472,0.5509890987092884,-0.1404990337643092,-0.4014114235676847,-0.1229556782182992,0.3774546054493748,-1.0599264484110875,69
1.2103349095707383,-0.1632598810249735,-0.0045950239052862,-1.5719732148326244,0.4090355721634622,1.3159641670593372,0.3774546054493748,1.6301694083202758,71
1.6432421905654877,-0.8315984697138568,-0.1434910545589299,1.290975147304006,-0.4014114235676847,-0.1229556782182992,1.6586709298539055,1.6301694083202758,72
0.2579388913822905,-0.6645138225416359,1.3843652826311503,1.290975147304006,0.4090355721634622,-0.1229556782182992,0.3774546054493748,-1.0599264484110875,69
0.2579388913822905,0.170909413319468,0.9676771906702194,-1.5719732148326244,-1.2118584192988318,1.3159641670593372,0.3774546054493748,-1.0599264484110875,65
-0.434712758209308,0.6721633548361304,-0.6990751771735046,-0.1404990337643092,-1.2118584192988318,-1.5618755234959356,0.3774546054493748,0.2851214799545941,65
0.7774276285759895,1.006332649180572,-0.976867238480792,-1.5719732148326244,-1.2118584192988318,-0.1229556782182992,-0.9037617189551556,0.2851214799545941,68
1.470079278167588,0.0038247661472472,1.523261313284794,1.290975147304006,0.4090355721634622,1.3159641670593372,-0.9037617189551556,0.2851214799545941,74
0.4311018037801901,0.170909413319468,-1.7407954070758322,-0.1404990337643092,-0.4014114235676847,-0.1229556782182992,-0.9037617189551556,0.2851214799545941,65
1.0371719971728388,0.6721633548361304,-0.4212831158662173,-0.1404990337643092,0.4090355721634622,-0.1229556782182992,-0.9037617189551556,0.2851214799545941,70
0.2579388913822905,-0.4974291753694151,-0.7685231925003265,-0.1404990337643092,-0.4014114235676847,-1.5618755234959356,-0.9037617189551556,0.2851214799545941,65
0.2579388913822905,1.173417296352793,0.0648529914215355,-0.1404990337643092,-0.4014114235676847,-0.1229556782182992,-0.9037617189551556,-1.0599264484110875,70
0.9505905409738892,0.170909413319468,0.6204371140361102,1.290975147304006,-0.4014114235676847,-0.1229556782182992,-0.9037617189551556,1.6301694083202758,70
-0.3481313020103582,-0.6645138225416359,0.8982291753433976,-1.5719732148326244,-1.2118584192988318,-0.1229556782182992,1.6586709298539055,-1.0599264484110875,65
-1.4736902325967058,0.0038247661472472,-0.976867238480792,-0.1404990337643092,0.4090355721634622,-0.1229556782182992,-0.9037617189551556,1.6301694083202758,64
1.6432421905654877,-0.1632598810249735,-1.6018993764221885,-0.1404990337643092,-0.4014114235676847,1.3159641670593372,-0.9037617189551556,0.2851214799545941,70
-1.5602716887956556,0.8392480020083513,-0.976867238480792,-1.5719732148326244,-0.4014114235676847,-0.1229556782182992,1.6586709298539055,0.2851214799545941,64
0.9505905409738892,0.5050787076639097,0.9676771906702194,-0.1404990337643092,1.2194825678946093,1.3159641670593372,1.6586709298539055,0.2851214799545941,73
-1.1273644078009066,0.6721633548361304,0.1343010067483574,1.290975147304006,-1.2118584192988318,1.3159641670593372,0.3774546054493748,1.6301694083202758,68
1.1237534533717888,-0.1632598810249735,0.6204371140361102,-0.1404990337643092,-1.2118584192988318,-0.1229556782182992,0.3774546054493748,0.2851214799545941,68
0.51768325997914,-0.8315984697138568,-0.6296271618466828,-0.1404990337643092,-1.2118584192988318,1.3159641670593372,0.3774546054493748,0.2851214799545941,68
-0.434712758209308,1.6746712378694553,0.2731970374020011,-0.1404990337643092,-1.2118584192988318,-0.1229556782182992,-0.9037617189551556,0.2851214799545941,67
-1.1273644078009066,-0.3303445281971943,-1.6018993764221885,-0.1404990337643092,-1.2118584192988318,1.3159641670593372,1.6586709298539055,0.2851214799545941,64
-0.3481313020103582,0.170909413319468,-0.2129390698857517,1.290975147304006,-0.4014114235676847,1.3159641670593372,-0.9037617189551556,-1.0599264484110875,67
0.3445203475812403,-0.4974291753694151,0.9676771906702194,1.290975147304006,0.4090355721634622,-1.5618755234959356,-0.9037617189551556,1.6301694083202758,68
-1.7334346011935553,0.3379940604916889,0.5509890987092884,-1.5719732148326244,1.2194825678946093,-1.5618755234959356,0.3774546054493748,0.2851214799545941,62
-1.1273644078009066,1.006332649180572,-0.2823870852125736,-0.1404990337643092,0.4090355721634622,-1.5618755234959356,-0.9037617189551556,1.6301694083202758,65
1.1237534533717888,0.3379940604916889,-0.560179146519861,-0.1404990337643092,-1.2118584192988318,-1.5618755234959356,0.3774546054493748,0.2851214799545941,68
0.9505905409738892,-1.4999370584027398,-0.4212831158662173,-0.1404990337643092,0.4090355721634622,1.3159641670593372,0.3774546054493748,-1.0599264484110875,67
-1.0407829516019569,0.170909413319468,-0.6296271618466828,-0.1404990337643092,0.4090355721634622,-1.5618755234959356,-0.9037617189551556,1.6301694083202758,64
0.7774276285759895,0.0038247661472472,-1.6018993764221885,1.290975147304006,0.4090355721634622,1.3159641670593372,0.3774546054493748,0.2851214799545941,69
-1.6468531449946056,-0.3303445281971943,-0.560179146519861,-0.1404990337643092,2.840376559356903,-1.5618755234959356,1.6586709298539055,1.6301694083202758,66
-0.7810385830051073,1.006332649180572,0.0648529914215355,-0.1404990337643092,1.2194825678946093,1.3159641670593372,1.6586709298539055,-1.0599264484110875,69
-0.8676200392040571,-0.3303445281971943,1.2454692519775068,1.290975147304006,-1.2118584192988318,-0.1229556782182992,0.3774546054493748,0.2851214799545941,67
-1.4736902325967058,-0.4974291753694151,1.2454692519775068,-0.1404990337643092,-1.2118584192988318,-0.1229556782182992,1.6586709298539055,-1.0599264484110875,63
1.470079278167588,-0.4974291753694151,0.1343010067483574,1.290975147304006,-1.2118584192988318,-0.1229556782182992,0.3774546054493748,-1.0599264484110875,68
1.5566607343665375,0.3379940604916889,-1.3241073151149012,-0.1404990337643092,-0.4014114235676847,-1.5618755234959356,0.3774546054493748,1.6301694083202758,70
-1.5602716887956556,-1.1657677640582984,1.0371252059970413,-0.1404990337643092,1.2194825678946093,-1.5618755234959356,1.6586709298539055,1.6301694083202758,62
-0.0018054772145589,-0.1632598810249735,-0.8379712078271483,-0.1404990337643092,-0.4014114235676847,-1.5618755234959356,0.3774546054493748,0.2851214799545941,65
0.6042647161780897,-0.1632598810249735,-0.0740430392321081,-0.1404990337643092,-0.4014114235676847,-0.1229556782182992,0.3774546054493748,1.6301694083202758,69
-1.1273644078009066,0.3379940604916889,-1.393555330441723,1.290975147304006,-0.4014114235676847,1.3159641670593372,-0.9037617189551556,-1.0599264484110875,65
-0.8676200392040571,1.5075865906972346,-1.1157632691344357,-1.5719732148326244,0.4090355721634622,-0.1229556782182992,1.6586709298539055,0.2851214799545941,67
-0.7810385830051073,-0.4974291753694151,-0.9074192231539702,-0.1404990337643092,0.4090355721634622,-1.5618755234959356,0.3774546054493748,-1.0599264484110875,62
-0.3481313020103582,0.170909413319468,-0.7685231925003265,1.290975147304006,-0.4014114235676847,-1.5618755234959356,-0.9037617189551556,0.2851214799545941,66
-0.434712758209308,1.006332649180572,-0.3518351005393955,-0.1404990337643092,-1.2118584192988318,1.3159641670593372,1.6586709298539055,1.6301694083202758,68
-0.2615498458114084,-0.3303445281971943,1.3843652826311503,-0.1404990337643092,-1.2118584192988318,-0.1229556782182992,1.6586709298539055,0.2851214799545941,68
1.0371719971728388,0.6721633548361304,0.6898851293629321,1.290975147304006,-1.2118584192988318,1.3159641670593372,0.3774546054493748,0.2851214799545941,73
-0.8676200392040571,-0.6645138225416359,1.3843652826311503,1.290975147304006,-0.4014114235676847,1.3159641670593372,-0.9037617189551556,0.2851214799545941,66
0.9505905409738892,-0.1632598810249735,0.6204371140361102,1.290975147304006,0.4090355721634622,-1.5618755234959356,-0.9037617189551556,1.6301694083202758,71
0.3445203475812403,0.0038247661472472,0.2731970374020011,-0.1404990337643092,1.2194825678946093,1.3159641670593372,0.3774546054493748,0.2851214799545941,69
0.6042647161780897,0.0038247661472472,-0.0045950239052862,1.290975147304006,1.2194825678946093,-0.1229556782182992,0.3774546054493748,0.2851214799545941,70
1.0371719971728388,-0.8315984697138568,-1.6713473917490105,-0.1404990337643092,-0.4014114235676847,-0.1229556782182992,0.3774546054493748,1.6301694083202758,69
1.6432421905654877,0.170909413319468,-1.4630033457685447,-0.1404990337643092,-0.4014114235676847,-0.1229556782182992,0.3774546054493748,-1.0599264484110875,70
-0.434712758209308,3.1784330624194426,0.4815410833824666,1.290975147304006,-0.4014114235676847,-0.1229556782182992,0.3774546054493748,1.6301694083202758,73
1.1237534533717888,-0.4974291753694151,1.2454692519775068,-0.1404990337643092,0.4090355721634622,-1.5618755234959356,-0.9037617189551556,0.2851214799545941,69
1.3834978219686382,1.5075865906972346,-0.2129390698857517,-1.5719732148326244,-0.4014114235676847,-0.1229556782182992,-0.9037617189551556,-1.0599264484110875,71
0.1713574351833407,-0.1632598810249735,1.0371252059970413,-0.1404990337643092,-0.4014114235676847,-0.1229556782182992,0.3774546054493748,1.6301694083202758,68
0.6908461723770396,-2.168275647091623,-0.7685231925003265,1.290975147304006,0.4090355721634622,-0.1229556782182992,1.6586709298539055,0.2851214799545941,66
1.5566607343665375,-1.3328524112305191,-1.1157632691344357,-0.1404990337643092,-0.4014114235676847,-1.5618755234959356,1.6586709298539055,1.6301694083202758,67
0.3445203475812403,-0.9986831168860776,-0.976867238480792,1.290975147304006,-0.4014114235676847,-1.5618755234959356,0.3774546054493748,1.6301694083202758,64
-0.8676200392040571,0.3379940604916889,0.6898851293629321,-1.5719732148326244,-1.2118584192988318,1.3159641670593372,-0.9037617189551556,1.6301694083202758,64
0.2579388913822905,-0.6645138225416359,-0.2129390698857517,-0.1404990337643092,-0.4014114235676847,-0.1229556782182992,0.3774546054493748,-1.0599264484110875,66
-0.5212942144082578,-0.3303445281971943,-1.3241073151149012,-0.1404990337643092,-0.4014114235676847,-0.1229556782182992,0.3774546054493748,0.2851214799545941,64
-1.4736902325967058,0.5050787076639097,0.8287811600165758,-1.5719732148326244,-0.4014114235676847,-0.1229556782182992,1.6586709298539055,0.2851214799545941,64
1.470079278167588,-1.8341063527471813,-1.2546592997880792,-0.1404990337643092,2.029929563625756,-1.5618755234959356,-0.9037617189551556,0.2851214799545941,67
0.6908461723770396,0.3379940604916889,0.8287811600165758,-0.1404990337643092,-0.4014114235676847,-0.1229556782182992,1.6586709298539055,-1.0599264484110875,70
0.2579388913822905,0.0038247661472472,-1.1852112844612577,1.290975147304006,-1.2118584192988318,-1.5618755234959356,-0.9037617189551556,-1.0599264484110875,66
0.3445203475812403,0.5050787076639097,0.3426450527288229,-1.5719732148326244,-0.4014114235676847,-0.1229556782182992,0.3774546054493748,0.2851214799545941,69
-1.2139458639998564,2.175925179386118,-1.1157632691344357,-0.1404990337643092,1.2194825678946093,-0.1229556782182992,1.6586709298539055,1.6301694083202758,70
0.7774276285759895,-0.1632598810249735,-0.6296271618466828,1.290975147304006,-0.4014114235676847,-0.1229556782182992,1.6586709298539055,-1.0599264484110875,69
-0.0018054772145589,0.5050787076639097,-0.6296271618466828,-1.5719732148326244,-0.4014114235676847,-0.1229556782182992,0.3774546054493748,1.6301694083202758,69
-0.9542014954030068,-1.4999370584027398,-0.6990751771735046,-0.1404990337643092,-1.2118584192988318,-1.5618755234959356,0.3774546054493748,-1.0599264484110875,58
-1.2139458639998564,0.170909413319468,-0.3518351005393955,-0.1404990337643092,-0.4014114235676847,-0.1229556782182992,-0.9037617189551556,-1.0599264484110875,65
0.51768325997914,0.6721633548361304,0.2731970374020011,-0.1404990337643092,-1.2118584192988318,-0.1229556782182992,-0.9037617189551556,-1.0599264484110875,68
-0.5212942144082578,-0.9986831168860776,-0.6296271618466828,-0.1404990337643092,-1.2118584192988318,-1.5618755234959356,1.6586709298539055,0.2851214799545941,63
-0.1749683896124585,0.3379940604916889,-0.8379712078271483,-1.5719732148326244,0.4090355721634622,-0.1229556782182992,-0.9037617189551556,0.2851214799545941,67
0.3445203475812403,-0.4974291753694151,0.6898851293629321,1.290975147304006,-0.4014114235676847,-1.5618755234959356,0.3774546054493748,0.2851214799545941,67
0.9505905409738892,1.173417296352793,-0.0045950239052862,1.290975147304006,-0.4014114235676847,-0.1229556782182992,0.3774546054493748,1.6301694083202758,74
-0.5212942144082578,-1.4999370584027398,-0.4907311311930391,-0.1404990337643092,-1.2118584192988318,1.3159641670593372,-0.9037617189551556,0.2851214799545941,62
1.2969163657696885,2.0088405322138967,-1.1852112844612577,1.290975147304006,0.4090355721634622,-0.1229556782182992,-0.9037617189551556,0.2851214799545941,75
0.3445203475812403,1.006332649180572,-0.2823870852125736,1.290975147304006,-1.2118584192988318,-0.1229556782182992,-0.9037617189551556,0.2851214799545941,70
-0.8676200392040571,-1.1657677640582984,-0.6296271618466828,1.290975147304006,-0.4014114235676847,-0.1229556782182992,-0.9037617189551556,0.2851214799545941,63
-1.300527320198806,2.0088405322138967,-1.2546592997880792,-1.5719732148326244,0.4090355721634622,-0.1229556782182992,-0.9037617189551556,-1.0599264484110875,65
0.9505905409738892,0.0038247661472472,1.2454692519775068,-0.1404990337643092,-0.4014114235676847,-0.1229556782182992,1.6586709298539055,-1.0599264484110875,70
-0.0018054772145589,1.3405019435250136,-0.6990751771735046,-0.1404990337643092,0.4090355721634622,-1.5618755234959356,0.3774546054493748,-1.0599264484110875,67
-0.7810385830051073,0.6721633548361304,-0.0740430392321081,-0.1404990337643092,-0.4014114235676847,-0.1229556782182992,-0.9037617189551556,0.2851214799545941,67
0.9505905409738892,2.3430098265583386,1.3843652826311503,-0.1404990337643092,-0.4014114235676847,-1.5618755234959356,0.3774546054493748,0.2851214799545941,70
-0.3481313020103582,-0.1632598810249735,-1.1157632691344357,1.290975147304006,-0.4014114235676847,-0.1229556782182992,-0.9037617189551556,0.2851214799545941,66
0.4311018037801901,-0.4974291753694151,-0.4212831158662173,-1.5719732148326244,-0.4014114235676847,-0.1229556782182992,1.6586709298539055,0.2851214799545941,65
-0.6078756706072076,0.8392480020083513,-0.3518351005393955,1.290975147304006,-1.2118584192988318,-0.1229556782182992,1.6586709298539055,-1.0599264484110875,67
-0.434712758209308,-0.1632598810249735,-0.7685231925003265,-1.5719732148326244,0.4090355721634622,-0.1229556782182992,-0.9037617189551556,-1.0599264484110875,64
-0.0883869334135087,0.3379940604916889,1.106573221323863,-0.1404990337643092,-1.2118584192988318,-0.1229556782182992,0.3774546054493748,-1.0599264484110875,66
-0.6078756706072076,-0.6645138225416359,-1.6018993764221885,-0.1404990337643092,0.4090355721634622,1.3159641670593372,0.3774546054493748,0.2851214799545941,66
-0.2615498458114084,-0.9986831168860776,-1.6713473917490105,1.290975147304006,2.840376559356903,1.3159641670593372,0.3774546054493748,-1.0599264484110875,66
1.470079278167588,-1.3328524112305191,-1.2546592997880792,1.290975147304006,-1.2118584192988318,-0.1229556782182992,0.3774546054493748,-1.0599264484110875,67
1.5566607343665375,1.173417296352793,1.2454692519775068,-1.5719732148326244,-1.2118584192988318,1.3159641670593372,-0.9037617189551556,-1.0599264484110875,72
-0.5212942144082578,-0.9986831168860776,1.4538132979579723,1.290975147304006,0.4090355721634622,1.3159641670593372,0.3774546054493748,-1.0599264484110875,68
0.0847759789843908,-0.3303445281971943,0.6204371140361102,-0.1404990337643092,-0.4014114235676847,-0.1229556782182992,0.3774546054493748,0.2851214799545941,68
-1.2139458639998564,-0.3303445281971943,0.7593331446897539,-0.1404990337643092,-1.2118584192988318,-0.1229556782182992,-0.9037617189551556,1.6301694083202758,63
0.6042647161780897,0.0038247661472472,-1.046315253807614,1.290975147304006,-1.2118584192988318,-0.1229556782182992,-0.9037617189551556,-1.0599264484110875,66
-0.434712758209308,-0.1632598810249735,0.8982291753433976,-0.1404990337643092,-0.4014114235676847,-0.1229556782182992,1.6586709298539055,0.2851214799545941,67
-1.6468531449946056,0.3379940604916889,1.523261313284794,-0.1404990337643092,-1.2118584192988318,-0.1229556782182992,-0.9037617189551556,-1.0599264484110875,63
-1.2139458639998564,-0.9986831168860776,1.4538132979579723,-1.5719732148326244,1.2194825678946093,1.3159641670593372,-0.9037617189551556,-1.0599264484110875,63
1.7298236467644377,-0.8315984697138568,-0.0740430392321081,-1.5719732148326244,0.4090355721634622,-0.1229556782182992,-0.9037617189551556,0.2851214799545941,67
0.6908461723770396,0.5050787076639097,-0.3518351005393955,-0.1404990337643092,0.4090355721634622,-0.1229556782182992,-0.9037617189551556,0.2851214799545941,70
-0.8676200392040571,1.5075865906972346,1.106573221323863,-0.1404990337643092,0.4090355721634622,-0.1229556782182992,0.3774546054493748,-1.0599264484110875,69
-1.2139458639998564,0.3379940604916889,-0.8379712078271483,-0.1404990337643092,-0.4014114235676847,-0.1229556782182992,1.6586709298539055,-1.0599264484110875,64
-1.0407829516019569,2.5100944737305597,-0.7685231925003265,1.290975147304006,-1.2118584192988318,-1.5618755234959356,-0.9037617189551556,1.6301694083202758,67
1.470079278167588,0.3379940604916889,0.8982291753433976,-0.1404990337643092,-0.4014114235676847,-0.1229556782182992,0.3774546054493748,-1.0599264484110875,72
-1.6468531449946056,-1.4999370584027398,1.0371252059970413,-0.1404990337643092,-1.2118584192988318,-1.5618755234959356,-0.9037617189551556,0.2851214799545941,61
0.0847759789843908,-0.1632598810249735,1.4538132979579723,-1.5719732148326244,-0.4014114235676847,-0.1229556782182992,1.6586709298539055,-1.0599264484110875,67
1.6432421905654877,-1.4999370584027398,-1.6018993764221885,-0.1404990337643092,-1.2118584192988318,1.3159641670593372,0.3774546054493748,1.6301694083202758,69
1.470079278167588,-1.8341063527471813,-0.4907311311930391,-0.1404990337643092,2.840376559356903,1.3159641670593372,0.3774546054493748,0.2851214799545941,69
1.7298236467644377,-0.8315984697138568,-0.0740430392321081,-0.1404990337643092,0.4090355721634622,1.3159641670593372,1.6586709298539055,1.6301694083202758,72
-0.3481313020103582,1.173417296352793,-1.1852112844612577,-0.1404990337643092,-0.4014114235676847,-0.1229556782182992,0.3774546054493748,0.2851214799545941,68
-0.6944571268061575,0.0038247661472472,-1.3241073151149012,1.290975147304006,-1.2118584192988318,-0.1229556782182992,0.3774546054493748,-1.0599264484110875,63
1.3834978219686382,-0.3303445281971943,0.3426450527288229,1.290975147304006,-0.4014114235676847,-0.1229556782182992,0.3774546054493748,-1.0599264484110875,72
0.6908461723770396,-1.4999370584027398,-1.3241073151149012,-0.1404990337643092,0.4090355721634622,1.3159641670593372,0.3774546054493748,0.2851214799545941,66
1.2103349095707383,2.5100944737305597,-0.8379712078271483,-0.1404990337643092,-0.4014114235676847,1.3159641670593372,0.3774546054493748,-1.0599264484110875,75
1.3834978219686382,-0.4974291753694151,0.8287811600165758,1.290975147304006,-1.2118584192988318,-0.1229556782182992,-0.9037617189551556,0.2851214799545941,71
-0.3481313020103582,1.5075865906972346,-0.2129390698857517,-1.5719732148326244,-0.4014114235676847,-0.1229556782182992,-0.9037617189551556,1.6301694083202758,69
0.0847759789843908,-1.3328524112305191,-1.5324513610953667,-0.1404990337643092,-0.4014114235676847,1.3159641670593372,0.3774546054493748,0.2851214799545941,65
-1.5602716887956556,-1.4999370584027398,0.4815410833824666,1.290975147304006,1.2194825678946093,-0.1229556782182992,0.3774546054493748,1.6301694083202758,64
0.3445203475812403,-2.168275647091623,1.4538132979579723,-0.1404990337643092,-0.4014114235676847,-0.1229556782182992,-0.9037617189551556,-1.0599264484110875,62
1.7298236467644377,-1.1657677640582984,-0.1434910545589299,-1.5719732148326244,-0.4014114235676847,-0.1229556782182992,1.6586709298539055,-1.0599264484110875,68
-0.6944571268061575,0.6721633548361304,-0.0045950239052862,-0.1404990337643092,1.2194825678946093,-0.1229556782182992,0.3774546054493748,1.6301694083202758,68
-0.2615498458114084,0.170909413319468,-1.1157632691344357,-1.5719732148326244,1.2194825678946093,-0.1229556782182992,-0.9037617189551556,-1.0599264484110875,66
-1.5602716887956556,-1.8341063527471813,-1.1852112844612577,1.290975147304006,-1.2118584192988318,-1.5618755234959356,0.3774546054493748,0.2851214799545941,59
-0.0883869334135087,-2.168275647091623,0.6898851293629321,1.290975147304006,-1.2118584192988318,-1.5618755234959356,-0.9037617189551556,0.2851214799545941,62
0.0847759789843908,-0.8315984697138568,1.7316053592652596,-0.1404990337643092,-0.4014114235676847,-0.1229556782182992,1.6586709298539055,-1.0599264484110875,67
-0.0883869334135087,-0.3303445281971943,-0.0740430392321081,1.290975147304006,1.2194825678946093,1.3159641670593372,-0.9037617189551556,-1.0599264484110875,69
0.8640090847749392,1.3405019435250136,-0.0045950239052862,-1.5719732148326244,-0.4014114235676847,1.3159641670593372,-0.9037617189551556,-1.0599264484110875,70
1.6432421905654877,-1.3328524112305191,0.5509890987092884,-0.1404990337643092,-0.4014114235676847,-0.1229556782182992,-0.9037617189551556,0.2851214799545941,67
1.2103349095707383,0.0038247661472472,1.106573221323863,-0.1404990337643092,-0.4014114235676847,-0.1229556782182992,1.6586709298539055,-1.0599264484110875,71
-1.5602716887956556,0.5050787076639097,-0.3518351005393955,-1.5719732148326244,1.2194825678946093,-0.1229556782182992,0.3774546054493748,0.2851214799545941,65
0.8640090847749392,1.006332649180572,-0.6990751771735046,-0.1404990337643092,1.2194825678946093,-0.1229556782182992,-0.9037617189551556,0.2851214799545941,72
1.5566607343665375,0.5050787076639097,0.8982291753433976,-0.1404990337643092,-0.4014114235676847,-0.1229556782182992,1.6586709298539055,-1.0599264484110875,72
0.3445203475812403,0.8392480020083513,0.6204371140361102,-1.5719732148326244,0.4090355721634622,-0.1229556782182992,-0.9037617189551556,0.2851214799545941,70
-0.0018054772145589,-0.9986831168860776,0.4120930680556447,-0.1404990337643092,-0.4014114235676847,1.3159641670593372,1.6586709298539055,-1.0599264484110875,67
-0.0018054772145589,-0.6645138225416359,-0.1434910545589299,-0.1404990337643092,0.4090355721634622,-0.1229556782182992,0.3774546054493748,0.2851214799545941,66
-1.300527320198806,-0.1632598810249735,-1.2546592997880792,-0.1404990337643092,-0.4014114235676847,-0.1229556782182992,-0.9037617189551556,0.2851214799545941,61
1.1237534533717888,-0.3303445281971943,1.4538132979579723,1.290975147304006,0.4090355721634622,-0.1229556782182992,-0.9037617189551556,0.2851214799545941,71
0.9505905409738892,-0.8315984697138568,-0.7685231925003265,-0.1404990337643092,-0.4014114235676847,-1.5618755234959356,-0.9037617189551556,-1.0599264484110875,64
0.6908461723770396,-2.001190999919402,1.176021236650685,-0.1404990337643092,-0.4014114235676847,-0.1229556782182992,0.3774546054493748,-1.0599264484110875,66
1.5566607343665375,0.170909413319468,-1.1157632691344357,-0.1404990337643092,1.2194825678946093,-0.1229556782182992,0.3774546054493748,0.2851214799545941,70
-0.8676200392040571,0.170909413319468,0.6204371140361102,-1.5719732148326244,-0.4014114235676847,-1.5618755234959356,1.6586709298539055,1.6301694083202758,65
1.0371719971728388,2.175925179386118,-0.560179146519861,1.290975147304006,3.65082355508805,1.3159641670593372,-0.9037617189551556,1.6301694083202758,78
-0.6078756706072076,0.0038247661472472,1.2454692519775068,-1.5719732148326244,-0.4014114235676847,-0.1229556782182992,-0.9037617189551556,-1.0599264484110875,65
-1.300527320198806,-0.1632598810249735,1.4538132979579723,-1.5719732148326244,0.4090355721634622,-0.1229556782182992,1.6586709298539055,0.2851214799545941,65
0.6042647161780897,0.5050787076639097,0.2731970374020011,-0.1404990337643092,0.4090355721634622,-0.1229556782182992,1.6586709298539055,-1.0599264484110875,71
0.8640090847749392,1.006332649180572,1.5927093286116158,-0.1404990337643092,-1.2118584192988318,-0.1229556782182992,1.6586709298539055,-1.0599264484110875,69
0.7774276285759895,-1.4999370584027398,-0.4212831158662173,1.290975147304006,-0.4014114235676847,-1.5618755234959356,-0.9037617189551556,-1.0599264484110875,64
0.8640090847749392,0.170909413319468,-1.046315253807614,-0.1404990337643092,-0.4014114235676847,-1.5618755234959356,0.3774546054493748,-1.0599264484110875,66
-0.2615498458114084,-0.6645138225416359,1.176021236650685,-0.1404990337643092,2.840376559356903,-0.1229556782182992,1.6586709298539055,-1.0599264484110875,70
-0.6944571268061575,-0.6645138225416359,-1.5324513610953667,1.290975147304006,-0.4014114235676847,-0.1229556782182992,0.3774546054493748,1.6301694083202758,65
0.6908461723770396,-0.6645138225416359,-1.6018993764221885,-0.1404990337643092,0.4090355721634622,-0.1229556782182992,-0.9037617189551556,1.6301694083202758,68
0.7774276285759895,0.170909413319468,-0.6990751771735046,-1.5719732148326244,0.4090355721634622,-1.5618755234959356,0.3774546054493748,-1.0599264484110875,67
1.470079278167588,-2.5024449414360648,0.8287811600165758,-1.5719732148326244,0.4090355721634622,-0.1229556782182992,-0.9037617189551556,0.2851214799545941,64
1.3834978219686382,-0.4974291753694151,1.523261313284794,-1.5719732148326244,-1.2118584192988318,-0.1229556782182992,-0.9037617189551556,0.2851214799545941,67
-0.0883869334135087,0.170909413319468,-0.1434910545589299,-1.5719732148326244,-0.4014114235676847,-0.1229556782182992,-0.9037617189551556,-1.0599264484110875,64
0.0847759789843908,1.3405019435250136,-0.6990751771735046,-1.5719732148326244,-0.4014114235676847,-0.1229556782182992,-0.9037617189551556,-1.0599264484110875,67
0.1713574351833407,-0.6645138225416359,-0.0045950239052862,1.290975147304006,-1.2118584192988318,-1.5618755234959356,1.6586709298539055,-1.0599264484110875,64
-0.1749683896124585,-0.1632598810249735,-1.393555330441723,-0.1404990337643092,-1.2118584192988318,-0.1229556782182992,0.3774546054493748,0.2851214799545941,65
-1.1273644078009066,-0.3303445281971943,-0.4907311311930391,1.290975147304006,-1.2118584192988318,1.3159641670593372,-0.9037617189551556,0.2851214799545941,66
-0.9542014954030068,0.3379940604916889,1.5927093286116158,-0.1404990337643092,-1.2118584192988318,-1.5618755234959356,1.6586709298539055,-1.0599264484110875,64
0.0847759789843908,0.3379940604916889,0.8287811600165758,-0.1404990337643092,-1.2118584192988318,1.3159641670593372,-0.9037617189551556,-1.0599264484110875,67
-0.9542014954030068,-0.1632598810249735,0.6204371140361102,-0.1404990337643092,0.4090355721634622,-0.1229556782182992,-0.9037617189551556,0.2851214799545941,66
-0.0883869334135087,0.5050787076639097,0.8287811600165758,-0.1404990337643092,0.4090355721634622,-0.1229556782182992,0.3774546054493748,-1.0599264484110875,68
1.1237534533717888,0.6721633548361304,0.0648529914215355,-0.1404990337643092,0.4090355721634622,-0.1229556782182992,-0.9037617189551556,-1.0599264484110875,70
0.6042647161780897,1.173417296352793,-1.3241073151149012,-0.1404990337643092,1.2194825678946093,-0.1229556782182992,1.6586709298539055,0.2851214799545941,72
-0.2615498458114084,-0.8315984697138568,0.2037490220751792,1.290975147304006,-1.2118584192988318,-0.1229556782182992,-0.9037617189551556,-1.0599264484110875,65
0.0847759789843908,-0.1632598810249735,-1.5324513610953667,1.290975147304006,0.4090355721634622,-0.1229556782182992,-0.9037617189551556,1.6301694083202758,68
-0.8676200392040571,-1.1657677640582984,0.3426450527288229,-1.5719732148326244,-0.4014114235676847,-0.1229556782182992,0.3774546054493748,1.6301694083202758,63
-0.8676200392040571,-1.1657677640582984,-1.5324513610953667,-0.1404990337643092,0.4090355721634622,-0.1229556782182992,0.3774546054493748,-1.0599264484110875,60
0.8640090847749392,-0.4974291753694151,0.5509890987092884,-0.1404990337643092,2.840376559356903,-0.1229556782182992,-0.9037617189551556,0.2851214799545941,68
1.2969163657696885,-0.8315984697138568,-0.9074192231539702,-0.1404990337643092,-1.2118584192988318,-0.1229556782182992,0.3774546054493748,1.6301694083202758,68
-0.9542014954030068,-1.1657677640582984,-0.4907311311930391,-1.5719732148326244,-1.2118584192988318,-0.1229556782182992,-0.9037617189551556,1.6301694083202758,59
1.6432421905654877,-3.003698882952727,-1.6018993764221885,-1.5719732148326244,-1.2118584192988318,-0.1229556782182992,-0.9037617189551556,0.2851214799545941,62
-0.6078756706072076,1.3405019435250136,-0.9074192231539702,-1.5719732148326244,1.2194825678946093,-0.1229556782182992,1.6586709298539055,1.6301694083202758,68
-0.5212942144082578,-0.8315984697138568,0.0648529914215355,-0.1404990337643092,-0.4014114235676847,1.3159641670593372,-0.9037617189551556,0.2851214799545941,64
1.3834978219686382,-0.6645138225416359,0.4120930680556447,-0.1404990337643092,-1.2118584192988318,-0.1229556782182992,-0.9037617189551556,-1.0599264484110875,66
-1.4736902325967058,-1.6670217055749608,0.1343010067483574,1.290975147304006,1.2194825678946093,-0.1229556782182992,-0.9037617189551556,-1.0599264484110875,60
0.6042647161780897,0.8392480020083513,1.0371252059970413,-0.1404990337643092,-0.4014114235676847,1.3159641670593372,-0.9037617189551556,-1.0599264484110875,71
-1.2139458639998564,-0.8315984697138568,-1.046315253807614,1.290975147304006,0.4090355721634622,-0.1229556782182992,-0.9037617189551556,1.6301694083202758,63
1.6432421905654877,-0.6645138225416359,0.5509890987092884,-0.1404990337643092,-1.2118584192988318,-1.5618755234959356,1.6586709298539055,-1.0599264484110875,69
-0.6078756706072076,-1.8341063527471813,1.4538132979579723,-0.1404990337643092,-1.2118584192988318,-0.1229556782182992,-0.9037617189551556,-1.0599264484110875,62
-0.434712758209308,0.5050787076639097,0.8287811600165758,-0.1404990337643092,-0.4014114235676847,1.3159641670593372,0.3774546054493748,0.2851214799545941,69
-0.3481313020103582,1.3405019435250136,-0.2823870852125736,-0.1404990337643092,1.2194825678946093,-0.1229556782182992,-0.9037617189551556,-1.0599264484110875,68
0.6908461723770396,1.173417296352793,1.0371252059970413,-0.1404990337643092,1.2194825678946093,-0.1229556782182992,1.6586709298539055,0.2851214799545941,74
1.3834978219686382,0.170909413319468,0.8287811600165758,-0.1404990337643092,-1.2118584192988318,-0.1229556782182992,-0.9037617189551556,0.2851214799545941,70
0.0847759789843908,0.0038247661472472,-0.4212831158662173,-1.5719732148326244,-0.4014114235676847,-0.1229556782182992,-0.9037617189551556,0.2851214799545941,65
0.9505905409738892,1.173417296352793,-0.1434910545589299,-0.1404990337643092,-1.2118584192988318,-1.5618755234959356,0.3774546054493748,-1.0599264484110875,69
1.3834978219686382,0.170909413319468,-0.8379712078271483,1.290975147304006,-0.4014114235676847,-0.1229556782182992,1.6586709298539055,0.2851214799545941,70
-1.7334346011935553,0.0038247661472472,-0.560179146519861,-0.1404990337643092,-0.4014114235676847,-0.1229556782182992,1.6586709298539055,0.2851214799545941,63
-1.5602716887956556,0.0038247661472472,1.106573221323863,-0.1404990337643092,-0.4014114235676847,1.3159641670593372,0.3774546054493748,0.2851214799545941,64
-0.3481313020103582,-0.6645138225416359,-0.8379712078271483,1.290975147304006,-1.2118584192988318,-0.1229556782182992,-0.9037617189551556,-1.0599264484110875,86
0.2579388913822905,-0.9986831168860776,0.3426450527288229,-0.1404990337643092,-0.4014114235676847,-0.1229556782182992,0.3774546054493748,0.2851214799545941,66
0.6042647161780897,-2.5024449414360648,0.7593331446897539,-1.5719732148326244,0.4090355721634622,1.3159641670593372,1.6586709298539055,0.2851214799545941,66
-0.2615498458114084,0.8392480020083513,-0.7685231925003265,-1.5719732148326244,1.2194825678946093,-0.1229556782182992,0.3774546054493748,-1.0599264484110875,65
-0.1749683896124585,-0.3303445281971943,-0.4212831158662173,-0.1404990337643092,-0.4014114235676847,-0.1229556782182992,1.6586709298539055,0.2851214799545941,66
-0.1749683896124585,-0.3303445281971943,1.106573221323863,-0.1404990337643092,0.4090355721634622,-0.1229556782182992,0.3774546054493748,1.6301694083202758,67
0.2579388913822905,-2.335360294263844,0.9676771906702194,-0.1404990337643092,-0.4014114235676847,-0.1229556782182992,1.6586709298539055,-1.0599264484110875,65
1.1237534533717888,0.5050787076639097,0.8287811600165758,-1.5719732148326244,0.4090355721634622,-0.1229556782182992,-0.9037617189551556,0.2851214799545941,70
-0.1749683896124585,0.3379940604916889,-0.976867238480792,1.290975147304006,0.4090355721634622,-0.1229556782182992,0.3774546054493748,-1.0599264484110875,68
-1.6468531449946056,-2.669529588608285,-0.8379712078271483,1.290975147304006,2.029929563625756,-1.5618755234959356,-0.9037617189551556,0.2851214799545941,59
-1.4736902325967058,-0.1632598810249735,-1.6713473917490105,-1.5719732148326244,0.4090355721634622,-0.1229556782182992,-0.9037617189551556,0.2851214799545941,62
-1.6468531449946056,2.3430098265583386,-0.8379712078271483,-1.5719732148326244,0.4090355721634622,-0.1229556782182992,-0.9037617189551556,0.2851214799545941,65
0.2579388913822905,0.3379940604916889,0.3426450527288229,1.290975147304006,0.4090355721634622,-1.5618755234959356,-0.9037617189551556,0.2851214799545941,69
-1.387108776397756,1.006332649180572,-0.9074192231539702,-0.1404990337643092,1.2194825678946093,-0.1229556782182992,-0.9037617189551556,0.2851214799545941,66
-1.5602716887956556,-0.6645138225416359,-0.0740430392321081,-0.1404990337643092,0.4090355721634622,-1.5618755234959356,-0.9037617189551556,1.6301694083202758,62
0.1713574351833407,0.0038247661472472,-1.6018993764221885,-1.5719732148326244,-1.2118584192988318,-1.5618755234959356,0.3774546054493748,0.2851214799545941,64
0.8640090847749392,0.0038247661472472,-0.3518351005393955,-0.1404990337643092,-1.2118584192988318,1.3159641670593372,-0.9037617189551556,0.2851214799545941,68
1.2103349095707383,-0.3303445281971943,-0.2823870852125736,-0.1404990337643092,0.4090355721634622,-0.1229556782182992,1.6586709298539055,1.6301694083202758,69
-0.0018054772145589,0.6721633548361304,-0.6296271618466828,1.290975147304006,-0.4014114235676847,-0.1229556782182992,0.3774546054493748,0.2851214799545941,69
0.4311018037801901,0.6721633548361304,-1.4630033457685447,-0.1404990337643092,0.4090355721634622,-1.5618755234959356,0.3774546054493748,0.2851214799545941,66
-1.300527320198806,0.3379940604916889,-0.7685231925003265,-0.1404990337643092,-0.4014114235676847,-0.1229556782182992,-0.9037617189551556,0.2851214799545941,64
-1.1273644078009066,0.5050787076639097,1.5927093286116158,-1.5719732148326244,0.4090355721634622,-1.5618755234959356,0.3774546054493748,-1.0599264484110875,64
-0.6078756706072076,-0.6645138225416359,-0.0045950239052862,-0.1404990337643092,1.2194825678946093,-0.1229556782182992,-0.9037617189551556,0.2851214799545941,66
-1.4736902325967058,-0.8315984697138568,0.7593331446897539,-0.1404990337643092,2.029929563625756,-0.1229556782182992,-0.9037617189551556,1.6301694083202758,65
-1.6468531449946056,-1.1657677640582984,-0.4907311311930391,-1.5719732148326244,-0.4014114235676847,1.3159641670593372,-0.9037617189551556,0.2851214799545941,58
0.51768325997914,0.3379940604916889,-1.4630033457685447,-1.5719732148326244,0.4090355721634622,-1.5618755234959356,-0.9037617189551556,0.2851214799545941,64
-1.0407829516019569,-0.6645138225416359,0.5509890987092884,1.290975147304006,0.4090355721634622,-0.1229556782182992,-0.9037617189551556,-1.0599264484110875,65
0.3445203475812403,-0.1632598810249735,0.6204371140361102,-0.1404990337643092,1.2194825678946093,-0.1229556782182992,1.6586709298539055,0.2851214799545941,69
0.6908461723770396,1.173417296352793,-0.2129390698857517,1.290975147304006,-0.4014114235676847,-0.1229556782182992,-0.9037617189551556,-1.0599264484110875,71
0.2579388913822905,-0.3303445281971943,1.4538132979579723,1.290975147304006,-1.2118584192988318,-0.1229556782182992,1.6586709298539055,0.2851214799545941,69
1.6432421905654877,1.5075865906972346,-1.393555330441723,-0.1404990337643092,-1.2118584192988318,-0.1229556782182992,-0.9037617189551556,0.2851214799545941,71
-0.2615498458114084,2.5100944737305597,0.9676771906702194,1.290975147304006,2.840376559356903,1.3159641670593372,0.3774546054493748,1.6301694083202758,77
-0.3481313020103582,0.6721633548361304,-0.2129390698857517,1.290975147304006,1.2194825678946093,-1.5618755234959356,-0.9037617189551556,0.2851214799545941,67
-1.1273644078009066,-0.4974291753694151,-0.9074192231539702,-0.1404990337643092,-1.2118584192988318,-1.5618755234959356,0.3774546054493748,0.2851214799545941,61
-0.5212942144082578,-0.4974291753694151,-1.7407954070758322,-0.1404990337643092,-1.2118584192988318,-1.5618755234959356,-0.9037617189551556,-1.0599264484110875,60
1.1237534533717888,0.0038247661472472,0.2037490220751792,-0.1404990337643092,-0.4014114235676847,1.3159641670593372,0.3774546054493748,-1.0599264484110875,70
-0.3481313020103582,1.6746712378694553,-0.0045950239052862,-0.1404990337643092,1.2194825678946093,-0.1229556782182992,0.3774546054493748,1.6301694083202758,71
0.2579388913822905,-0.3303445281971943,-0.6990751771735046,1.290975147304006,1.2194825678946093,-0.1229556782182992,0.3774546054493748,-1.0599264484110875,68
-0.9542014954030068,-1.1657677640582984,-0.1434910545589299,1.290975147304006,-0.4014114235676847,1.3159641670593372,-0.9037617189551556,0.2851214799545941,62
1.5566607343665375,-1.1657677640582984,-1.3241073151149012,-1.5719732148326244,-0.4014114235676847,1.3159641670593372,0.3774546054493748,1.6301694083202758,67
-0.434712758209308,-0.3303445281971943,-1.5324513610953667,-1.5719732148326244,-1.2118584192988318,-0.1229556782182992,-0.9037617189551556,1.6301694083202758,63
0.6042647161780897,-0.1632598810249735,-1.7407954070758322,-0.1404990337643092,-1.2118584192988318,1.3159641670593372,-0.9037617189551556,1.6301694083202758,67
0.6908461723770396,0.8392480020083513,-1.5324513610953667,1.290975147304006,0.4090355721634622,-1.5618755234959356,0.3774546054493748,0.2851214799545941,70
1.3834978219686382,2.0088405322138967,1.523261313284794,-1.5719732148326244,-0.4014114235676847,-0.1229556782182992,0.3774546054493748,-1.0599264484110875,73
-0.2615498458114084,-1.3328524112305191,-0.7685231925003265,-0.1404990337643092,0.4090355721634622,-1.5618755234959356,0.3774546054493748,1.6301694083202758,64
-1.300527320198806,-0.1632598810249735,-1.1852112844612577,1.290975147304006,1.2194825678946093,-1.5618755234959356,-0.9037617189551556,0.2851214799545941,62
-1.4736902325967058,-0.6645138225416359,1.176021236650685,-1.5719732148326244,-1.2118584192988318,-0.1229556782182992,0.3774546054493748,-1.0599264484110875,61
0.6042647161780897,0.8392480020083513,1.523261313284794,-0.1404990337643092,2.029929563625756,-1.5618755234959356,-0.9037617189551556,-1.0599264484110875,69
0.6908461723770396,0.170909413319468,1.106573221323863,-0.1404990337643092,0.4090355721634622,1.3159641670593372,-0.9037617189551556,1.6301694083202758,70
0.0847759789843908,-1.6670217055749608,1.3843652826311503,1.290975147304006,2.840376559356903,-0.1229556782182992,-0.9037617189551556,-1.0599264484110875,69
-1.5602716887956556,-2.5024449414360648,-0.2823870852125736,1.290975147304006,-0.4014114235676847,1.3159641670593372,0.3774546054493748,-1.0599264484110875,59
1.0371719971728388,0.6721633548361304,-1.2546592997880792,-1.5719732148326244,1.2194825678946093,1.3159641670593372,0.3774546054493748,0.2851214799545941,71
-0.9542014954030068,-0.6645138225416359,-1.4630033457685447,1.290975147304006,2.029929563625756,-0.1229556782182992,0.3774546054493748,-1.0599264484110875,65
0.6042647161780897,0.8392480020083513,-1.6018993764221885,-1.5719732148326244,-0.4014114235676847,-0.1229556782182992,-0.9037617189551556,-1.0599264484110875,68
1.1237534533717888,-1.1657677640582984,-1.5324513610953667,-1.5719732148326244,-0.4014114235676847,-1.5618755234959356,1.6586709298539055,0.2851214799545941,65
-0.6944571268061575,1.3405019435250136,1.176021236650685,-0.1404990337643092,-0.4014114235676847,1.3159641670593372,-0.9037617189551556,0.2851214799545941,68
-0.8676200392040571,-1.3328524112305191,0.4120930680556447,-0.1404990337643092,-0.4014114235676847,-0.1229556782182992,-0.9037617189551556,-1.0599264484110875,59
-1.300527320198806,-0.8315984697138568,-1.6018993764221885,1.290975147304006,2.029929563625756,-1.5618755234959356,-0.9037617189551556,-1.0599264484110875,61
-1.2139458639998564,-1.6670217055749608,0.1343010067483574,1.290975147304006,-1.2118584192988318,-0.1229556782182992,-0.9037617189551556,0.2851214799545941,62
-1.300527320198806,-1.4999370584027398,0.2037490220751792,1.290975147304006,0.4090355721634622,-0.1229556782182992,1.6586709298539055,-1.0599264484110875,63
-0.3481313020103582,0.8392480020083513,-1.5324513610953667,-0.1404990337643092,-1.2118584192988318,-0.1229556782182992,-0.9037617189551556,1.6301694083202758,67
1.470079278167588,0.170909413319468,-1.5324513610953667,1.290975147304006,-1.2118584192988318,-0.1229556782182992,-0.9037617189551556,-1.0599264484110875,67
-0.5212942144082578,-1.6670217055749608,1.6621573439384378,-0.1404990337643092,0.4090355721634622,-0.1229556782182992,0.3774546054493748,0.2851214799545941,66
-0.1749683896124585,2.175925179386118,0.7593331446897539,-1.5719732148326244,-0.4014114235676847,-1.5618755234959356,-0.9037617189551556,-1.0599264484110875,69
0.1713574351833407,-1.4999370584027398,0.4120930680556447,1.290975147304006,0.4090355721634622,1.3159641670593372,-0.9037617189551556,-1.0599264484110875,67
-0.1749683896124585,-0.3303445281971943,-0.976867238480792,1.290975147304006,-0.4014114235676847,1.3159641670593372,-0.9037617189551556,-1.0599264484110875,67
1.1237534533717888,-0.6645138225416359,-1.1852112844612577,-0.1404990337643092,-0.4014114235676847,-0.1229556782182992,0.3774546054493748,1.6301694083202758,70
1.2969163657696885,-0.4974291753694151,0.6898851293629321,-1.5719732148326244,-0.4014114235676847,-0.1229556782182992,0.3774546054493748,-1.0599264484110875,66
0.1713574351833407,-0.3303445281971943,0.8982291753433976,-0.1404990337643092,1.2194825678946093,-0.1229556782182992,0.3774546054493748,-1.0599264484110875,67
-1.1273644078009066,0.3379940604916889,-0.560179146519861,1.290975147304006,-0.4014114235676847,-0.1229556782182992,0.3774546054493748,-1.0599264484110875,66
-1.2139458639998564,2.175925179386118,0.1343010067483574,-0.1404990337643092,0.4090355721634622,-0.1229556782182992,-0.9037617189551556,0.2851214799545941,68
-0.3481313020103582,0.5050787076639097,1.5927093286116158,1.290975147304006,-1.2118584192988318,-0.1229556782182992,1.6586709298539055,0.2851214799545941,69
0.2579388913822905,0.5050787076639097,-0.0740430392321081,-0.1404990337643092,1.2194825678946093,1.3159641670593372,1.6586709298539055,-1.0599264484110875,69
0.51768325997914,2.0088405322138967,0.1343010067483574,-0.1404990337643092,0.4090355721634622,-0.1229556782182992,-0.9037617189551556,0.2851214799545941,71
-0.0018054772145589,-1.3328524112305191,-0.2823870852125736,-1.5719732148326244,-0.4014114235676847,-1.5618755234959356,-0.9037617189551556,-1.0599264484110875,60
-0.2615498458114084,0.0038247661472472,-0.4907311311930391,-1.5719732148326244,-1.2118584192988318,-0.1229556782182992,0.3774546054493748,0.2851214799545941,65
-0.2615498458114084,-0.1632598810249735,0.8982291753433976,-0.1404990337643092,1.2194825678946093,1.3159641670593372,0.3774546054493748,-1.0599264484110875,67
1.1237534533717888,0.8392480020083513,-0.9074192231539702,-0.1404990337643092,-1.2118584192988318,-0.1229556782182992,-0.9037617189551556,-1.0599264484110875,68
1.2103349095707383,-0.1632598810249735,-1.5324513610953667,1.290975147304006,-0.4014114235676847,-1.5618755234959356,-0.9037617189551556,0.2851214799545941,68
0.9505905409738892,1.3405019435250136,-0.1434910545589299,-0.1404990337643092,0.4090355721634622,-1.5618755234959356,-0.9037617189551556,0.2851214799545941,69
-0.0883869334135087,1.006332649180572,-1.6018993764221885,1.290975147304006,-0.4014114235676847,-0.1229556782182992,1.6586709298539055,0.2851214799545941,68
-0.9542014954030068,0.8392480020083513,-0.6296271618466828,-0.1404990337643092,-1.2118584192988318,-0.1229556782182992,0.3774546054493748,-1.0599264484110875,62
-1.2139458639998564,0.6721633548361304,0.4120930680556447,-1.5719732148326244,-0.4014114235676847,1.3159641670593372,-0.9037617189551556,0.2851214799545941,65
1.2969163657696885,-0.3303445281971943,1.3149172673043286,1.290975147304006,3.65082355508805,-0.1229556782182992,-0.9037617189551556,-1.0599264484110875,73
-0.0018054772145589,0.3379940604916889,0.2731970374020011,-1.5719732148326244,-1.2118584192988318,-1.5618755234959356,0.3774546054493748,0.2851214799545941,66
1.2969163657696885,2.0088405322138967,-0.6296271618466828,-0.1404990337643092,2.840376559356903,-0.1229556782182992,0.3774546054493748,1.6301694083202758,76
0.2579388913822905,1.5075865906972346,1.6621573439384378,1.290975147304006,-1.2118584192988318,1.3159641670593372,0.3774546054493748,0.2851214799545941,73
1.5566607343665375,-0.8315984697138568,0.9676771906702194,-0.1404990337643092,0.4090355721634622,-0.1229556782182992,0.3774546054493748,-1.0599264484110875,68
-1.387108776397756,-1.4999370584027398,-0.560179146519861,-1.5719732148326244,-0.4014114235676847,-0.1229556782182992,0.3774546054493748,0.2851214799545941,58
0.6908461723770396,-0.9986831168860776,0.1343010067483574,1.290975147304006,0.4090355721634622,1.3159641670593372,0.3774546054493748,0.2851214799545941,69
-0.8676200392040571,1.173417296352793,0.8982291753433976,-1.5719732148326244,-0.4014114235676847,-1.5618755234959356,-0.9037617189551556,1.6301694083202758,65
1.7298236467644377,1.6746712378694553,1.0371252059970413,1.290975147304006,-1.2118584192988318,1.3159641670593372,-0.9037617189551556,0.2851214799545941,74
0.0847759789843908,-0.3303445281971943,-0.1434910545589299,-1.5719732148326244,-0.4014114235676847,1.3159641670593372,-0.9037617189551556,0.2851214799545941,67
-1.1273644078009066,-0.6645138225416359,-0.0740430392321081,-0.1404990337643092,-0.4014114235676847,1.3159641670593372,1.6586709298539055,1.6301694083202758,66
-0.1749683896124585,0.5050787076639097,1.3149172673043286,-0.1404990337643092,-0.4014114235676847,1.3159641670593372,-0.9037617189551556,1.6301694083202758,68
0.8640090847749392,2.0088405322138967,1.5927093286116158,-0.1404990337643092,-1.2118584192988318,-0.1229556782182992,0.3774546054493748,0.2851214799545941,74
1.5566607343665375,-0.3303445281971943,1.176021236650685,-0.1404990337643092,0.4090355721634622,1.3159641670593372,-0.9037617189551556,-1.0599264484110875,73
0.7774276285759895,-0.3303445281971943,-0.1434910545589299,-0.1404990337643092,1.2194825678946093,1.3159641670593372,0.3774546054493748,1.6301694083202758,100
-0.3481313020103582,-0.1632598810249735,-0.3518351005393955,1.290975147304006,-0.4014114235676847,-1.5618755234959356,0.3774546054493748,-1.0599264484110875,63
-0.1749683896124585,-0.3303445281971943,0.6898851293629321,-1.5719732148326244,1.2194825678946093,1.3159641670593372,0.3774546054493748,-1.0599264484110875,67
1.1237534533717888,1.006332649180572,0.6898851293629321,-0.1404990337643092,-0.4014114235676847,1.3159641670593372,0.3774546054493748,1.6301694083202758,73
1.470079278167588,0.5050787076639097,1.6621573439384378,-0.1404990337643092,-0.4014114235676847,-0.1229556782182992,-0.9037617189551556,-1.0599264484110875,72
1.5566607343665375,-0.6645138225416359,-1.046315253807614,-1.5719732148326244,-0.4014114235676847,-0.1229556782182992,-0.9037617189551556,0.2851214799545941,67
0.7774276285759895,0.6721633548361304,-0.4212831158662173,-0.1404990337643092,1.2194825678946093,1.3159641670593372,0.3774546054493748,1.6301694083202758,70
-0.434712758209308,0.0038247661472472,-0.560179146519861,-0.1404990337643092,-1.2118584192988318,-1.5618755234959356,-0.9037617189551556,0.2851214799545941,64
1.1237534533717888,-0.3303445281971943,0.0648529914215355,1.290975147304006,1.2194825678946093,-0.1229556782182992,0.3774546054493748,-1.0599264484110875,70
-0.1749683896124585,1.173417296352793,-1.5324513610953667,-0.1404990337643092,1.2194825678946093,-0.1229556782182992,1.6586709298539055,0.2851214799545941,68
-0.0883869334135087,1.6746712378694553,0.6204371140361102,-0.1404990337643092,1.2194825678946093,-1.5618755234959356,0.3774546054493748,-1.0599264484110875,69
-1.5602716887956556,1.5075865906972346,-1.5324513610953667,1.290975147304006,-1.2118584192988318,-1.5618755234959356,0.3774546054493748,-1.0599264484110875,65
1.0371719971728388,0.0038247661472472,0.4815410833824666,1.290975147304006,-1.2118584192988318,-0.1229556782182992,1.6586709298539055,0.2851214799545941,72
-0.5212942144082578,2.175925179386118,0.8982291753433976,-0.1404990337643092,0.4090355721634622,-0.1229556782182992,0.3774546054493748,0.2851214799545941,71
-1.1273644078009066,-0.6645138225416359,1.0371252059970413,1.290975147304006,-0.4014114235676847,-0.1229556782182992,-0.9037617189551556,1.6301694083202758,65
0.3445203475812403,0.8392480020083513,0.5509890987092884,-0.1404990337643092,-0.4014114235676847,-0.1229556782182992,-0.9037617189551556,-1.0599264484110875,70
-1.300527320198806,-0.9986831168860776,-1.1157632691344357,-0.1404990337643092,-0.4014114235676847,1.3159641670593372,1.6586709298539055,1.6301694083202758,63
1.470079278167588,0.0038247661472472,-0.4212831158662173,1.290975147304006,-1.2118584192988318,-0.1229556782182992,-0.9037617189551556,-1.0599264484110875,67
-0.2615498458114084,1.5075865906972346,1.106573221323863,-1.5719732148326244,0.4090355721634622,-0.1229556782182992,1.6586709298539055,-1.0599264484110875,70
-0.7810385830051073,1.3405019435250136,-1.2546592997880792,-0.1404990337643092,-0.4014114235676847,-0.1229556782182992,1.6586709298539055,-1.0599264484110875,69
-0.8676200392040571,-0.3303445281971943,0.2731970374020011,-1.5719732148326244,-0.4014114235676847,1.3159641670593372,0.3774546054493748,0.2851214799545941,65
1.2969163657696885,0.0038247661472472,-0.9074192231539702,-1.5719732148326244,0.4090355721634622,-0.1229556782182992,0.3774546054493748,-1.0599264484110875,68
-1.0407829516019569,0.6721633548361304,1.176021236650685,1.290975147304006,-0.4014114235676847,-0.1229556782182992,-0.9037617189551556,-1.0599264484110875,67
-0.6944571268061575,-1.4999370584027398,1.3149172673043286,-0.1404990337643092,0.4090355721634622,-0.1229556782182992,-0.9037617189551556,0.2851214799545941,63
0.6908461723770396,-0.4974291753694151,1.3149172673043286,-0.1404990337643092,2.840376559356903,-0.1229556782182992,0.3774546054493748,0.2851214799545941,70
0.7774276285759895,-0.4974291753694151,0.4815410833824666,-0.1404990337643092,1.2194825678946093,-0.1229556782182992,0.3774546054493748,0.2851214799545941,70
1.6432421905654877,0.8392480020083513,-1.1852112844612577,1.290975147304006,-1.2118584192988318,-0.1229556782182992,-0.9037617189551556,0.2851214799545941,72
1.1237534533717888,-0.8315984697138568,-0.7685231925003265,-0.1404990337643092,0.4090355721634622,1.3159641670593372,1.6586709298539055,0.2851214799545941,71
-0.1749683896124585,-0.3303445281971943,-1.1157632691344357,-0.1404990337643092,-1.2118584192988318,-1.5618755234959356,-0.9037617189551556,1.6301694083202758,64
-1.1273644078009066,1.006332649180572,0.4120930680556447,1.290975147304006,2.029929563625756,-1.5618755234959356,0.3774546054493748,-1.0599264484110875,68
0.1713574351833407,-0.1632598810249735,0.4815410833824666,-0.1404990337643092,0.4090355721634622,-0.1229556782182992,0.3774546054493748,0.2851214799545941,69
-1.300527320198806,2.0088405322138967,-1.2546592997880792,-0.1404990337643092,-0.4014114235676847,1.3159641670593372,-0.9037617189551556,1.6301694083202758,67
0.6042647161780897,0.8392480020083513,1.4538132979579723,1.290975147304006,1.2194825678946093,1.3159641670593372,-0.9037617189551556,0.2851214799545941,72
-1.300527320198806,-0.1632598810249735,1.2454692519775068,-0.1404990337643092,-0.4014114235676847,-1.5618755234959356,0.3774546054493748,0.2851214799545941,64
-0.5212942144082578,1.173417296352793,1.6621573439384378,-0.1404990337643092,1.2194825678946093,1.3159641670593372,-0.9037617189551556,0.2851214799545941,71
-1.300527320198806,0.0038247661472472,1.3149172673043286,-0.1404990337643092,-0.4014114235676847,-1.5618755234959356,1.6586709298539055,-1.0599264484110875,64
1.3834978219686382,-0.1632598810249735,0.7593331446897539,-1.5719732148326244,1.2194825678946093,-0.1229556782182992,-0.9037617189551556,0.2851214799545941,69
-0.5212942144082578,0.0038247661472472,-1.046315253807614,1.290975147304006,-0.4014114235676847,-0.1229556782182992,-0.9037617189551556,-1.0599264484110875,64
1.470079278167588,0.5050787076639097,0.3426450527288229,1.290975147304006,-0.4014114235676847,-0.1229556782182992,0.3774546054493748,-1.0599264484110875,70
-0.6078756706072076,-0.9986831168860776,1.5927093286116158,-0.1404990337643092,0.4090355721634622,1.3159641670593372,-0.9037617189551556,-1.0599264484110875,65
0.3445203475812403,0.0038247661472472,1.6621573439384378,-0.1404990337643092,0.4090355721634622,-0.1229556782182992,-0.9037617189551556,0.2851214799545941,69
-1.300527320198806,-0.3303445281971943,-0.7685231925003265,-0.1404990337643092,0.4090355721634622,1.3159641670593372,-0.9037617189551556,1.6301694083202758,65
-1.6468531449946056,0.3379940604916889,0.0648529914215355,1.290975147304006,-0.4014114235676847,-1.5618755234959356,0.3774546054493748,1.6301694083202758,65
0.4311018037801901,1.6746712378694553,0.5509890987092884,-0.1404990337643092,0.4090355721634622,-0.1229556782182992,1.6586709298539055,1.6301694083202758,74
0.9505905409738892,-0.9986831168860776,1.3843652826311503,-0.1404990337643092,0.4090355721634622,-0.1229556782182992,-0.9037617189551556,1.6301694083202758,70
-1.4736902325967058,1.3405019435250136,1.106573221323863,-0.1404990337643092,-0.4014114235676847,-0.1229556782182992,-0.9037617189551556,-1.0599264484110875,65
-0.0018054772145589,1.3405019435250136,1.4538132979579723,1.290975147304006,0.4090355721634622,-0.1229556782182992,-0.9037617189551556,-1.0599264484110875,73
-0.8676200392040571,0.3379940604916889,1.106573221323863,-0.1404990337643092,0.4090355721634622,-0.1229556782182992,-0.9037617189551556,0.2851214799545941,66
-0.7810385830051073,-0.3303445281971943,0.3426450527288229,-1.5719732148326244,-0.4014114235676847,-1.5618755234959356,1.6586709298539055,0.2851214799545941,63
-0.0018054772145589,-0.9986831168860776,-0.9074192231539702,-0.1404990337643092,-1.2118584192988318,1.3159641670593372,1.6586709298539055,1.6301694083202758,65
-0.434712758209308,-1.6670217055749608,0.4120930680556447,-0.1404990337643092,1.2194825678946093,1.3159641670593372,-0.9037617189551556,-1.0599264484110875,65
0.6908461723770396,0.170909413319468,-0.0045950239052862,-1.5719732148326244,-0.4014114235676847,-0.1229556782182992,1.6586709298539055,0.2851214799545941,67
-1.2139458639998564,0.0038247661472472,1.3843652826311503,1.290975147304006,0.4090355721634622,-1.5618755234959356,-0.9037617189551556,1.6301694083202758,66
0.4311018037801901,-0.6645138225416359,1.2454692519775068,-0.1404990337643092,-0.4014114235676847,-1.5618755234959356,-0.9037617189551556,0.2851214799545941,68
0.1713574351833407,1.841755885041676,-0.8379712078271483,-0.1404990337643092,0.4090355721634622,1.3159641670593372,1.6586709298539055,1.6301694083202758,72
-0.1749683896124585,-0.1632598810249735,0.0648529914215355,-0.1404990337643092,0.4090355721634622,-0.1229556782182992,0.3774546054493748,0.2851214799545941,66
-0.9542014954030068,1.006332649180572,0.5509890987092884,-0.1404990337643092,2.029929563625756,-0.1229556782182992,-0.9037617189551556,0.2851214799545941,68
0.7774276285759895,-1.3328524112305191,-0.2129390698857517,-1.5719732148326244,-0.4014114235676847,-0.1229556782182992,0.3774546054493748,1.6301694083202758,67
0.4311018037801901,0.8392480020083513,-1.1157632691344357,1.290975147304006,1.2194825678946093,1.3159641670593372,-0.9037617189551556,-1.0599264484110875,70
0.8640090847749392,-0.1632598810249735,0.6898851293629321,-0.1404990337643092,-1.2118584192988318,1.3159641670593372,1.6586709298539055,0.2851214799545941,73
-0.0883869334135087,0.3379940604916889,-1.2546592997880792,-0.1404990337643092,-0.4014114235676847,-1.5618755234959356,-0.9037617189551556,0.2851214799545941,65
0.1713574351833407,0.3379940604916889,0.2037490220751792,1.290975147304006,1.2194825678946093,-1.5618755234959356,-0.9037617189551556,0.2851214799545941,69
-1.387108776397756,-0.8315984697138568,0.2037490220751792,-0.1404990337643092,0.4090355721634622,1.3159641670593372,-0.9037617189551556,-1.0599264484110875,63
-0.6078756706072076,-0.4974291753694151,1.0371252059970413,-0.1404990337643092,-0.4014114235676847,1.3159641670593372,-0.9037617189551556,-1.0599264484110875,67
-1.7334346011935553,-0.4974291753694151,-0.976867238480792,-1.5719732148326244,-0.4014114235676847,-1.5618755234959356,1.6586709298539055,-1.0599264484110875,61
1.5566607343665375,-0.4974291753694151,-0.2129390698857517,1.290975147304006,-1.2118584192988318,-0.1229556782182992,-0.9037617189551556,-1.0599264484110875,71
-1.2139458639998564,0.5050787076639097,1.2454692519775068,1.290975147304006,-0.4014114235676847,-0.1229556782182992,-0.9037617189551556,1.6301694083202758,69
-1.7334346011935553,0.170909413319468,-0.9074192231539702,-0.1404990337643092,0.4090355721634622,1.3159641670593372,-0.9037617189551556,-1.0599264484110875,64
-1.387108776397756,0.6721633548361304,0.6898851293629321,-1.5719732148326244,1.2194825678946093,-0.1229556782182992,1.6586709298539055,0.2851214799545941,65
-0.3481313020103582,-0.4974291753694151,-1.1852112844612577,-0.1404990337643092,2.029929563625756,1.3159641670593372,1.6586709298539055,0.2851214799545941,67
0.2579388913822905,1.006332649180572,-0.3518351005393955,-1.5719732148326244,0.4090355721634622,-1.5618755234959356,-0.9037617189551556,0.2851214799545941,65
-0.434712758209308,1.6746712378694553,-1.2546592997880792,1.290975147304006,-1.2118584192988318,1.3159641670593372,0.3774546054493748,-1.0599264484110875,68
1.1237534533717888,0.5050787076639097,0.4120930680556447,1.290975147304006,0.4090355721634622,-0.1229556782182992,0.3774546054493748,-1.0599264484110875,71
-0.1749683896124585,-0.9986831168860776,-0.4212831158662173,-0.1404990337643092,-1.2118584192988318,1.3159641670593372,0.3774546054493748,0.2851214799545941,67
1.0371719971728388,-0.6645138225416359,1.0371252059970413,-0.1404990337643092,3.65082355508805,-0.1229556782182992,-0.9037617189551556,1.6301694083202758,72
-1.0407829516019569,-0.4974291753694151,1.3149172673043286,-0.1404990337643092,-0.4014114235676847,-0.1229556782182992,0.3774546054493748,1.6301694083202758,66
-0.7810385830051073,2.67717912090278,-1.3241073151149012,-0.1404990337643092,0.4090355721634622,-0.1229556782182992,-0.9037617189551556,1.6301694083202758,69
0.8640090847749392,0.0038247661472472,-1.1852112844612577,-0.1404990337643092,-0.4014114235676847,-0.1229556782182992,-0.9037617189551556,1.6301694083202758,70
0.6042647161780897,1.006332649180572,1.5927093286116158,-0.1404990337643092,-1.2118584192988318,-0.1229556782182992,0.3774546054493748,0.2851214799545941,71
0.51768325997914,-2.168275647091623,0.8982291753433976,-1.5719732148326244,0.4090355721634622,-0.1229556782182992,0.3774546054493748,-1.0599264484110875,63
-1.2139458639998564,0.8392480020083513,1.106573221323863,1.290975147304006,0.4090355721634622,-0.1229556782182992,0.3774546054493748,-1.0599264484110875,68
1.2103349095707383,-0.6645138225416359,1.5927093286116158,-0.1404990337643092,-1.2118584192988318,1.3159641670593372,-0.9037617189551556,-1.0599264484110875,69
0.6908461723770396,0.170909413319468,1.2454692519775068,1.290975147304006,2.029929563625756,-0.1229556782182992,-0.9037617189551556,-1.0599264484110875,72
-0.434712758209308,-0.3303445281971943,0.7593331446897539,-0.1404990337643092,-0.4014114235676847,-0.1229556782182992,-0.9037617189551556,-1.0599264484110875,64
0.2579388913822905,-0.4974291753694151,-0.0045950239052862,-0.1404990337643092,0.4090355721634622,1.3159641670593372,-0.9037617189551556,0.2851214799545941,67
1.470079278167588,-0.4974291753694151,-1.3241073151149012,-0.1404990337643092,0.4090355721634622,-0.1229556782182992,-0.9037617189551556,1.6301694083202758,69
-0.1749683896124585,-2.001190999919402,0.6204371140361102,-0.1404990337643092,-1.2118584192988318,1.3159641670593372,0.3774546054493748,0.2851214799545941,65
-0.0883869334135087,0.170909413319468,0.8982291753433976,-1.5719732148326244,0.4090355721634622,-0.1229556782182992,-0.9037617189551556,1.6301694083202758,67
-1.7334346011935553,0.3379940604916889,-1.6018993764221885,-0.1404990337643092,-1.2118584192988318,-0.1229556782182992,-0.9037617189551556,-1.0599264484110875,61
0.6042647161780897,-1.4999370584027398,-1.5324513610953667,-0.1404990337643092,-0.4014114235676847,-1.5618755234959356,-0.9037617189551556,0.2851214799545941,64
-0.9542014954030068,1.5075865906972346,-1.1852112844612577,-0.1404990337643092,-0.4014114235676847,-0.1229556782182992,0.3774546054493748,-1.0599264484110875,66
1.5566607343665375,-1.3328524112305191,-0.7685231925003265,-1.5719732148326244,2.840376559356903,1.3159641670593372,0.3774546054493748,-1.0599264484110875,69
-0.3481313020103582,0.170909413319468,0.3426450527288229,-0.1404990337643092,1.2194825678946093,-1.5618755234959356,0.3774546054493748,-1.0599264484110875,65
1.3834978219686382,-0.9986831168860776,0.0648529914215355,-1.5719732148326244,-1.2118584192988318,-0.1229556782182992,-0.9037617189551556,-1.0599264484110875,66
0.3445203475812403,-0.3303445281971943,-0.6990751771735046,-0.1404990337643092,0.4090355721634622,-0.1229556782182992,-0.9037617189551556,0.2851214799545941,66
1.0371719971728388,1.5075865906972346,0.6204371140361102,-1.5719732148326244,0.4090355721634622,-1.5618755234959356,1.6586709298539055,-1.0599264484110875,71
-0.2615498458114084,0.5050787076639097,-0.2823870852125736,1.290975147304006,1.2194825678946093,-0.1229556782182992,-0.9037617189551556,0.2851214799545941,68
-0.8676200392040571,-1.4999370584027398,0.9676771906702194,1.290975147304006,0.4090355721634622,-0.1229556782182992,-0.9037617189551556,0.2851214799545941,64
-0.9542014954030068,0.8392480020083513,0.8982291753433976,-0.1404990337643092,-1.2118584192988318,-0.1229556782182992,0.3774546054493748,-1.0599264484110875,66
-0.7810385830051073,-1.6670217055749608,0.7593331446897539,1.290975147304006,-0.4014114235676847,-0.1229556782182992,1.6586709298539055,0.2851214799545941,62
-1.6468531449946056,1.006332649180572,0.8287811600165758,-1.5719732148326244,1.2194825678946093,-0.1229556782182992,-0.9037617189551556,1.6301694083202758,66
0.51768325997914,0.3379940604916889,-0.560179146519861,-0.1404990337643092,-1.2118584192988318,-1.5618755234959356,0.3774546054493748,1.6301694083202758,68
-0.7810385830051073,-0.8315984697138568,-0.4907311311930391,-1.5719732148326244,2.840376559356903,1.3159641670593372,0.3774546054493748,-1.0599264484110875,64
-0.0018054772145589,-1.1657677640582984,0.0648529914215355,-0.1404990337643092,-1.2118584192988318,-0.1229556782182992,-0.9037617189551556,1.6301694083202758,64
-0.0018054772145589,-2.669529588608285,-1.6713473917490105,-0.1404990337643092,2.029929563625756,-1.5618755234959356,-0.9037617189551556,0.2851214799545941,62
1.1237534533717888,0.3379940604916889,0.2731970374020011,-0.1404990337643092,0.4090355721634622,1.3159641670593372,1.6586709298539055,0.2851214799545941,73
-0.5212942144082578,-0.8315984697138568,-0.2823870852125736,-1.5719732148326244,-1.2118584192988318,-1.5618755234959356,1.6586709298539055,-1.0599264484110875,61
0.51768325997914,1.006332649180572,-0.6990751771735046,-1.5719732148326244,0.4090355721634622,-0.1229556782182992,1.6586709298539055,1.6301694083202758,71
0.0847759789843908,1.6746712378694553,-0.560179146519861,-1.5719732148326244,-0.4014114235676847,-0.1229556782182992,-0.9037617189551556,1.6301694083202758,69
1.1237534533717888,0.8392480020083513,-1.1852112844612577,-0.1404990337643092,-1.2118584192988318,1.3159641670593372,-0.9037617189551556,1.6301694083202758,71
-0.6078756706072076,-0.3303445281971943,-1.5324513610953667,1.290975147304006,-0.4014114235676847,-0.1229556782182992,1.6586709298539055,-1.0599264484110875,64
-1.387108776397756,-1.4999370584027398,0.2037490220751792,-0.1404990337643092,0.4090355721634622,1.3159641670593372,0.3774546054493748,-1.0599264484110875,62
0.4311018037801901,0.3379940604916889,-0.1434910545589299,1.290975147304006,-0.4014114235676847,-1.5618755234959356,0.3774546054493748,0.2851214799545941,70
0.3445203475812403,0.6721633548361304,-0.976867238480792,-0.1404990337643092,0.4090355721634622,-0.1229556782182992,-0.9037617189551556,0.2851214799545941,68
0.3445203475812403,-2.5024449414360648,1.2454692519775068,-0.1404990337643092,2.029929563625756,-0.1229556782182992,0.3774546054493748,1.6301694083202758,68
0.8640090847749392,0.5050787076639097,0.8287811600165758,1.290975147304006,-0.4014114235676847,1.3159641670593372,-0.9037617189551556,-1.0599264484110875,72
-0.6078756706072076,1.006332649180572,-0.2129390698857517,1.290975147304006,-0.4014114235676847,-1.5618755234959356,0.3774546054493748,-1.0599264484110875,65
-0.5212942144082578,1.5075865906972346,-0.4907311311930391,-0.1404990337643092,-1.2118584192988318,1.3159641670593372,-0.9037617189551556,0.2851214799545941,69
1.2969163657696885,-0.3303445281971943,1.4538132979579723,1.290975147304006,1.2194825678946093,-0.1229556782182992,1.6586709298539055,0.2851214799545941,73
0.9505905409738892,1.173417296352793,-0.0045950239052862,-0.1404990337643092,0.4090355721634622,-0.1229556782182992,-0.9037617189551556,0.2851214799545941,71
-0.434712758209308,-2.168275647091623,0.0648529914215355,1.290975147304006,-1.2118584192988318,-0.1229556782182992,0.3774546054493748,0.2851214799545941,63
-0.6078756706072076,-0.3303445281971943,0.8982291753433976,-1.5719732148326244,-0.4014114235676847,-0.1229556782182992,0.3774546054493748,0.2851214799545941,66
-0.2615498458114084,-0.4974291753694151,-1.1157632691344357,-0.1404990337643092,0.4090355721634622,-1.5618755234959356,-0.9037617189551556,0.2851214799545941,65
-0.7810385830051073,0.170909413319468,0.2731970374020011,-0.1404990337643092,-0.4014114235676847,-0.1229556782182992,1.6586709298539055,-1.0599264484110875,65
0.6908461723770396,-0.8315984697138568,-0.976867238480792,1.290975147304006,0.4090355721634622,-0.1229556782182992,-0.9037617189551556,0.2851214799545941,68
0.9505905409738892,0.3379940604916889,-1.6713473917490105,-0.1404990337643092,0.4090355721634622,-1.5618755234959356,-0.9037617189551556,1.6301694083202758,69
-1.2139458639998564,0.3379940604916889,1.3843652826311503,1.290975147304006,-0.4014114235676847,-0.1229556782182992,0.3774546054493748,-1.0599264484110875,65
0.3445203475812403,-1.8341063527471813,1.176021236650685,-1.5719732148326244,-0.4014114235676847,1.3159641670593372,1.6586709298539055,-1.0599264484110875,66
-1.300527320198806,0.8392480020083513,0.0648529914215355,1.290975147304006,-0.4014114235676847,1.3159641670593372,-0.9037617189551556,1.6301694083202758,67
0.6908461723770396,-0.8315984697138568,-0.976867238480792,-0.1404990337643092,-1.2118584192988318,-1.5618755234959356,1.6586709298539055,1.6301694083202758,65
-0.0883869334135087,-0.8315984697138568,0.3426450527288229,-0.1404990337643092,-0.4014114235676847,1.3159641670593372,-0.9037617189551556,1.6301694083202758,66
-0.5212942144082578,0.0038247661472472,-0.560179146519861,-0.1404990337643092,-1.2118584192988318,-1.5618755234959356,0.3774546054493748,0.2851214799545941,63
0.1713574351833407,3.011348415247222,1.523261313284794,-1.5719732148326244,0.4090355721634622,-0.1229556782182992,0.3774546054493748,-1.0599264484110875,72
-0.0883869334135087,0.170909413319468,1.6621573439384378,-1.5719732148326244,0.4090355721634622,1.3159641670593372,-0.9037617189551556,-1.0599264484110875,69
0.4311018037801901,-1.1657677640582984,0.6204371140361102,1.290975147304006,-1.2118584192988318,-1.5618755234959356,-0.9037617189551556,-1.0599264484110875,64
1.1237534533717888,0.170909413319468,0.3426450527288229,-1.5719732148326244,1.2194825678946093,-0.1229556782182992,-0.9037617189551556,1.6301694083202758,70
1.2103349095707383,-1.6670217055749608,-0.0740430392321081,-0.1404990337643092,1.2194825678946093,1.3159641670593372,0.3774546054493748,1.6301694083202758,70
0.7774276285759895,0.0038247661472472,-0.3518351005393955,-0.1404990337643092,-0.4014114235676847,1.3159641670593372,-0.9037617189551556,-1.0599264484110875,68
1.2103349095707383,0.5050787076639097,0.0648529914215355,1.290975147304006,1.2194825678946093,-0.1229556782182992,-0.9037617189551556,0.2851214799545941,72
-1.5602716887956556,-1.4999370584027398,0.0648529914215355,-0.1404990337643092,1.2194825678946093,1.3159641670593372,-0.9037617189551556,1.6301694083202758,88
0.6908461723770396,1.173417296352793,-1.046315253807614,1.290975147304006,0.4090355721634622,1.3159641670593372,-0.9037617189551556,-1.0599264484110875,72
-1.1273644078009066,-0.4974291753694151,-1.4630033457685447,1.290975147304006,-1.2118584192988318,-0.1229556782182992,-0.9037617189551556,-1.0599264484110875,61
-0.1749683896124585,-0.9986831168860776,0.6898851293629321,1.290975147304006,0.4090355721634622,-0.1229556782182992,-0.9037617189551556,-1.0599264484110875,66
-1.5602716887956556,0.170909413319468,-1.7407954070758322,1.290975147304006,-0.4014114235676847,-1.5618755234959356,-0.9037617189551556,1.6301694083202758,60
0.8640090847749392,1.173417296352793,-1.5324513610953667,-0.1404990337643092,-0.4014114235676847,1.3159641670593372,1.6586709298539055,0.2851214799545941,73
1.5566607343665375,-1.6670217055749608,-0.6296271618466828,-1.5719732148326244,-0.4014114235676847,-0.1229556782182992,0.3774546054493748,-1.0599264484110875,66
1.470079278167588,0.170909413319468,-0.2823870852125736,-0.1404990337643092,0.4090355721634622,-0.1229556782182992,0.3774546054493748,1.6301694083202758,72
-0.8676200392040571,1.006332649180572,-1.1852112844612577,1.290975147304006,-0.4014114235676847,1.3159641670593372,1.6586709298539055,-1.0599264484110875,68
-0.1749683896124585,1.5075865906972346,1.2454692519775068,1.290975147304006,2.840376559356903,1.3159641670593372,0.3774546054493748,0.2851214799545941,74
1.6432421905654877,0.8392480020083513,-0.4212831158662173,-0.1404990337643092,-0.4014114235676847,-1.5618755234959356,1.6586709298539055,-1.0599264484110875,70
-0.0018054772145589,-0.4974291753694151,0.4120930680556447,-0.1404990337643092,-0.4014114235676847,-0.1229556782182992,0.3774546054493748,0.2851214799545941,65
-1.387108776397756,-2.168275647091623,0.4120930680556447,1.290975147304006,0.4090355721634622,1.3159641670593372,1.6586709298539055,-1.0599264484110875,62
-1.4736902325967058,-0.4974291753694151,-1.5324513610953667,-0.1404990337643092,-0.4014114235676847,1.3159641670593372,0.3774546054493748,-1.0599264484110875,63
0.8640090847749392,0.0038247661472472,0.2731970374020011,1.290975147304006,0.4090355721634622,1.3159641670593372,-0.9037617189551556,-1.0599264484110875,70
-0.5212942144082578,0.170909413319468,-0.976867238480792,1.290975147304006,-1.2118584192988318,-0.1229556782182992,-0.9037617189551556,-1.0599264484110875,65
-0.3481313020103582,-0.8315984697138568,-1.5324513610953667,1.290975147304006,-0.4014114235676847,1.3159641670593372,0.3774546054493748,-1.0599264484110875,65
0.51768325997914,0.3379940604916889,-1.393555330441723,-0.1404990337643092,2.840376559356903,1.3159641670593372,1.6586709298539055,1.6301694083202758,71
0.7774276285759895,1.3405019435250136,0.2731970374020011,1.290975147304006,-1.2118584192988318,-1.5618755234959356,0.3774546054493748,-1.0599264484110875,71
1.470079278167588,-0.1632598810249735,1.3149172673043286,-1.5719732148326244,0.4090355721634622,-0.1229556782182992,1.6586709298539055,1.6301694083202758,72
0.3445203475812403,1.6746712378694553,-1.6713473917490105,-0.1404990337643092,-0.4014114235676847,1.3159641670593372,1.6586709298539055,-1.0599264484110875,69
-1.5602716887956556,0.3379940604916889,0.0648529914215355,-1.5719732148326244,-0.4014114235676847,1.3159641670593372,-0.9037617189551556,0.2851214799545941,63
-0.1749683896124585,-0.9986831168860776,0.0648529914215355,-0.1404990337643092,-1.2118584192988318,1.3159641670593372,0.3774546054493748,1.6301694083202758,65
-0.3481313020103582,0.0038247661472472,1.3149172673043286,-0.1404990337643092,0.4090355721634622,-0.1229556782182992,-0.9037617189551556,-1.0599264484110875,65
-0.2615498458114084,-0.6645138225416359,-0.4212831158662173,-1.5719732148326244,-0.4014114235676847,-0.1229556782182992,-0.9037617189551556,0.2851214799545941,64
1.0371719971728388,-0.4974291753694151,-0.4907311311930391,-0.1404990337643092,-1.2118584192988318,-0.1229556782182992,0.3774546054493748,0.2851214799545941,68
0.7774276285759895,0.0038247661472472,1.106573221323863,1.290975147304006,1.2194825678946093,1.3159641670593372,0.3774546054493748,0.2851214799545941,72
0.1713574351833407,-0.4974291753694151,-0.6990751771735046,-0.1404990337643092,-0.4014114235676847,1.3159641670593372,-0.9037617189551556,0.2851214799545941,68
0.6042647161780897,-1.1657677640582984,-0.2129390698857517,-1.5719732148326244,0.4090355721634622,1.3159641670593372,-0.9037617189551556,0.2851214799545941,67
-0.0883869334135087,0.3379940604916889,-1.1157632691344357,-1.5719732148326244,-1.2118584192988318,1.3159641670593372,0.3774546054493748,0.2851214799545941,66
-0.7810385830051073,0.3379940604916889,1.3149172673043286,1.290975147304006,-0.4014114235676847,-0.1229556782182992,-0.9037617189551556,0.2851214799545941,68
0.3445203475812403,0.0038247661472472,-1.2546592997880792,1.290975147304006,0.4090355721634622,-0.1229556782182992,-0.9037617189551556,0.2851214799545941,69
-1.5602716887956556,0.6721633548361304,1.106573221323863,1.290975147304006,0.4090355721634622,-1.5618755234959356,-0.9037617189551556,0.2851214799545941,65
1.5566607343665375,0.6721633548361304,-1.5324513610953667,-1.5719732148326244,1.2194825678946093,-0.1229556782182992,1.6586709298539055,1.6301694083202758,69
-0.1749683896124585,-1.4999370584027398,1.5927093286116158,-1.5719732148326244,0.4090355721634622,-0.1229556782182992,-0.9037617189551556,0.2851214799545941,64
-0.9542014954030068,1.3405019435250136,0.8982291753433976,1.290975147304006,0.4090355721634622,1.3159641670593372,-0.9037617189551556,-1.0599264484110875,68
-0.3481313020103582,-0.3303445281971943,0.2731970374020011,1.290975147304006,-0.4014114235676847,1.3159641670593372,1.6586709298539055,0.2851214799545941,67
-1.387108776397756,-0.3303445281971943,0.6204371140361102,-0.1404990337643092,0.4090355721634622,1.3159641670593372,0.3774546054493748,0.2851214799545941,64
1.5566607343665375,1.5075865906972346,-1.046315253807614,-0.1404990337643092,-1.2118584192988318,-0.1229556782182992,-0.9037617189551556,-1.0599264484110875,70
0.9505905409738892,-0.8315984697138568,1.106573221323863,-1.5719732148326244,-1.2118584192988318,-0.1229556782182992,0.3774546054493748,0.2851214799545941,67
-0.5212942144082578,0.170909413319468,-1.393555330441723,-0.1404990337643092,1.2194825678946093,-1.5618755234959356,0.3774546054493748,-1.0599264484110875,65
1.0371719971728388,0.5050787076639097,-1.4630033457685447,-1.5719732148326244,1.2194825678946093,-0.1229556782182992,1.6586709298539055,0.2851214799545941,70
1.1237534533717888,2.0088405322138967,1.5927093286116158,-0.1404990337643092,-1.2118584192988318,1.3159641670593372,-0.9037617189551556,0.2851214799545941,73
-1.2139458639998564,-0.6645138225416359,-1.5324513610953667,-0.1404990337643092,0.4090355721634622,-0.1229556782182992,1.6586709298539055,0.2851214799545941,62
-1.7334346011935553,1.173417296352793,-1.5324513610953667,1.290975147304006,1.2194825678946093,1.3159641670593372,-0.9037617189551556,-1.0599264484110875,65
1.1237534533717888,0.0038247661472472,-0.4212831158662173,-1.5719732148326244,0.4090355721634622,-1.5618755234959356,-0.9037617189551556,-1.0599264484110875,67
-1.0407829516019569,0.0038247661472472,1.6621573439384378,-1.5719732148326244,-1.2118584192988318,1.3159641670593372,0.3774546054493748,-1.0599264484110875,64
-0.1749683896124585,0.3379940604916889,1.176021236650685,1.290975147304006,-0.4014114235676847,1.3159641670593372,-0.9037617189551556,1.6301694083202758,70
-0.1749683896124585,1.5075865906972346,-0.6296271618466828,-0.1404990337643092,0.4090355721634622,1.3159641670593372,-0.9037617189551556,-1.0599264484110875,69
0.9505905409738892,0.5050787076639097,-0.2823870852125736,-1.5719732148326244,2.840376559356903,-0.1229556782182992,-0.9037617189551556,-1.0599264484110875,70
-1.0407829516019569,1.5075865906972346,0.9676771906702194,-0.1404990337643092,-1.2118584192988318,-0.1229556782182992,0.3774546054493748,0.2851214799545941,67
1.470079278167588,0.0038247661472472,0.0648529914215355,-0.1404990337643092,0.4090355721634622,-0.1229556782182992,1.6586709298539055,-1.0599264484110875,71
-0.6078756706072076,-0.8315984697138568,-0.8379712078271483,1.290975147304006,0.4090355721634622,-0.1229556782182992,1.6586709298539055,0.2851214799545941,65
0.6908461723770396,0.8392480020083513,1.5927093286116158,-0.1404990337643092,-0.4014114235676847,-1.5618755234959356,1.6586709298539055,-1.0599264484110875,69
1.1237534533717888,-0.1632598810249735,-0.4907311311930391,-0.1404990337643092,-0.4014114235676847,1.3159641670593372,1.6586709298539055,1.6301694083202758,72
-0.7810385830051073,-0.8315984697138568,-1.7407954070758322,1.290975147304006,-0.4014114235676847,-0.1229556782182992,1.6586709298539055,0.2851214799545941,62
-1.6468531449946056,-1.3328524112305191,1.176021236650685,-0.1404990337643092,0.4090355721634622,-1.5618755234959356,-0.9037617189551556,1.6301694083202758,60
1.7298236467644377,0.0038247661472472,-0.7685231925003265,-0.1404990337643092,-1.2118584192988318,-0.1229556782182992,-0.9037617189551556,-1.0599264484110875,69
0.3445203475812403,2.0088405322138967,-0.4907311311930391,1.290975147304006,-0.4014114235676847,-0.1229556782182992,-0.9037617189551556,-1.0599264484110875,73
0.2579388913822905,-0.6645138225416359,-0.976867238480792,-1.5719732148326244,-1.2118584192988318,-1.5618755234959356,0.3774546054493748,0.2851214799545941,64
1.6432421905654877,-2.001190999919402,-1.4630033457685447,-0.1404990337643092,0.4090355721634622,-0.1229556782182992,1.6586709298539055,-1.0599264484110875,67
0.7774276285759895,2.175925179386118,1.6621573439384378,-0.1404990337643092,0.4090355721634622,-1.5618755234959356,0.3774546054493748,1.6301694083202758,75
-0.3481313020103582,-0.1632598810249735,-1.5324513610953667,-0.1404990337643092,-0.4014114235676847,1.3159641670593372,0.3774546054493748,0.2851214799545941,66
-1.6468531449946056,-0.1632598810249735,-0.0740430392321081,-0.1404990337643092,0.4090355721634622,-0.1229556782182992,1.6586709298539055,1.6301694083202758,62
-0.2615498458114084,-0.1632598810249735,0.7593331446897539,-0.1404990337643092,-1.2118584192988318,1.3159641670593372,-0.9037617189551556,0.2851214799545941,66
-0.434712758209308,1.006332649180572,0.0648529914215355,-1.5719732148326244,0.4090355721634622,-0.1229556782182992,0.3774546054493748,0.2851214799545941,68
0.51768325997914,-0.1632598810249735,0.4120930680556447,-0.1404990337643092,1.2194825678946093,-0.1229556782182992,0.3774546054493748,0.2851214799545941,70
0.6908461723770396,0.3379940604916889,-0.4907311311930391,-0.1404990337643092,0.4090355721634622,-0.1229556782182992,-0.9037617189551556,0.2851214799545941,66
0.2579388913822905,0.0038247661472472,-0.0045950239052862,-0.1404990337643092,-1.2118584192988318,-0.1229556782182992,-0.9037617189551556,0.2851214799545941,67
-1.1273644078009066,0.5050787076639097,-0.2823870852125736,-0.1404990337643092,0.4090355721634622,-0.1229556782182992,0.3774546054493748,0.2851214799545941,66
0.4311018037801901,-0.1632598810249735,0.6204371140361102,1.290975147304006,1.2194825678946093,1.3159641670593372,1.6586709298539055,0.2851214799545941,70
-0.434712758209308,-2.168275647091623,1.5927093286116158,-0.1404990337643092,-0.4014114235676847,-0.1229556782182992,0.3774546054493748,-1.0599264484110875,62
1.6432421905654877,-1.1657677640582984,1.3843652826311503,1.290975147304006,-1.2118584192988318,-1.5618755234959356,1.6586709298539055,-1.0599264484110875,69
-0.2615498458114084,1.006332649180572,-0.8379712078271483,-0.1404990337643092,-0.4014114235676847,-1.5618755234959356,-0.9037617189551556,-1.0599264484110875,66
-1.2139458639998564,1.006332649180572,-0.2823870852125736,1.290975147304006,0.4090355721634622,1.3159641670593372,-0.9037617189551556,0.2851214799545941,68
0.3445203475812403,0.170909413319468,-0.6296271618466828,-1.5719732148326244,0.4090355721634622,1.3159641670593372,0.3774546054493748,1.6301694083202758,68
-1.6468531449946056,-0.1632598810249735,1.523261313284794,1.290975147304006,-1.2118584192988318,-0.1229556782182992,0.3774546054493748,0.2851214799545941,62
1.2103349095707383,0.170909413319468,1.4538132979579723,-0.1404990337643092,-1.2118584192988318,-0.1229556782182992,1.6586709298539055,0.2851214799545941,69
-0.0018054772145589,0.5050787076639097,-1.2546592997880792,-0.1404990337643092,0.4090355721634622,1.3159641670593372,1.6586709298539055,0.2851214799545941,68
1.6432421905654877,-1.3328524112305191,-0.2823870852125736,1.290975147304006,0.4090355721634622,1.3159641670593372,0.3774546054493748,0.2851214799545941,70
-0.3481313020103582,0.5050787076639097,0.6898851293629321,1.290975147304006,0.4090355721634622,-0.1229556782182992,-0.9037617189551556,-1.0599264484110875,66
1.3834978219686382,0.170909413319468,0.7593331446897539,-1.5719732148326244,-0.4014114235676847,1.3159641670593372,0.3774546054493748,-1.0599264484110875,71
-0.3481313020103582,-1.4999370584027398,1.176021236650685,-0.1404990337643092,2.029929563625756,-1.5618755234959356,1.6586709298539055,0.2851214799545941,65
-1.6468531449946056,-0.1632598810249735,-0.9074192231539702,-1.5719732148326244,0.4090355721634622,-0.1229556782182992,-0.9037617189551556,0.2851214799545941,60
0.8640090847749392,0.3379940604916889,0.4120930680556447,-0.1404990337643092,-1.2118584192988318,-1.5618755234959356,-0.9037617189551556,0.2851214799545941,69
1.6432421905654877,0.6721633548361304,-1.5324513610953667,-0.1404990337643092,-0.4014114235676847,1.3159641670593372,-0.9037617189551556,-1.0599264484110875,70
0.3445203475812403,-0.1632598810249735,-0.560179146519861,-0.1404990337643092,-1.2118584192988318,1.3159641670593372,1.6586709298539055,0.2851214799545941,68
1.5566607343665375,0.8392480020083513,1.5927093286116158,-0.1404990337643092,-0.4014114235676847,-1.5618755234959356,1.6586709298539055,0.2851214799545941,72
0.51768325997914,-2.168275647091623,-0.4907311311930391,-0.1404990337643092,2.840376559356903,1.3159641670593372,1.6586709298539055,-1.0599264484110875,67
1.0371719971728388,-0.4974291753694151,0.2731970374020011,-0.1404990337643092,-0.4014114235676847,-0.1229556782182992,1.6586709298539055,-1.0599264484110875,70
0.9505905409738892,-0.1632598810249735,-1.1157632691344357,-0.1404990337643092,-0.4014114235676847,-0.1229556782182992,1.6586709298539055,1.6301694083202758,69
1.2103349095707383,-0.8315984697138568,-1.6018993764221885,-0.1404990337643092,-0.4014114235676847,1.3159641670593372,0.3774546054493748,0.2851214799545941,67
-1.387108776397756,2.175925179386118,-1.393555330441723,-0.1404990337643092,-0.4014114235676847,1.3159641670593372,0.3774546054493748,0.2851214799545941,68
-0.8676200392040571,0.0038247661472472,0.4815410833824666,-1.5719732148326244,0.4090355721634622,1.3159641670593372,-0.9037617189551556,-1.0599264484110875,65
-0.6944571268061575,0.5050787076639097,-0.4212831158662173,-0.1404990337643092,0.4090355721634622,-0.1229556782182992,-0.9037617189551556,1.6301694083202758,67
-0.434712758209308,1.006332649180572,0.2731970374020011,-1.5719732148326244,0.4090355721634622,-0.1229556782182992,0.3774546054493748,1.6301694083202758,67
-0.5212942144082578,1.173417296352793,-0.2823870852125736,1.290975147304006,-0.4014114235676847,-0.1229556782182992,-0.9037617189551556,0.2851214799545941,69
0.1713574351833407,1.5075865906972346,0.6204371140361102,1.290975147304006,-0.4014114235676847,-0.1229556782182992,-0.9037617189551556,-1.0599264484110875,70
1.5566607343665375,0.5050787076639097,-0.2823870852125736,-0.1404990337643092,-1.2118584192988318,-0.1229556782182992,-0.9037617189551556,1.6301694083202758,72
-0.6078756706072076,-0.6645138225416359,-0.976867238480792,-0.1404990337643092,2.029929563625756,-0.1229556782182992,-0.9037617189551556,-1.0599264484110875,64
1.470079278167588,0.8392480020083513,0.2037490220751792,-0.1404990337643092,-1.2118584192988318,-1.5618755234959356,-0.9037617189551556,0.2851214799545941,70
1.470079278167588,-1.4999370584027398,0.5509890987092884,-0.1404990337643092,2.029929563625756,-0.1229556782182992,-0.9037617189551556,0.2851214799545941,68
-0.1749683896124585,1.3405019435250136,1.176021236650685,1.290975147304006,-0.4014114235676847,-0.1229556782182992,1.6586709298539055,0.2851214799545941,71
1.470079278167588,1.5075865906972346,-0.0740430392321081,-0.1404990337643092,-0.4014114235676847,1.3159641670593372,-0.9037617189551556,0.2851214799545941,73
-0.8676200392040571,0.3379940604916889,-1.5324513610953667,1.290975147304006,1.2194825678946093,-0.1229556782182992,-0.9037617189551556,0.2851214799545941,67
-0.0018054772145589,-1.3328524112305191,1.176021236650685,1.290975147304006,-0.4014114235676847,1.3159641670593372,1.6586709298539055,1.6301694083202758,70
-0.434712758209308,0.6721633548361304,1.3149172673043286,-1.5719732148326244,0.4090355721634622,-0.1229556782182992,-0.9037617189551556,0.2851214799545941,67
0.4311018037801901,0.3379940604916889,0.2731970374020011,-0.1404990337643092,-0.4014114235676847,-0.1229556782182992,-0.9037617189551556,-1.0599264484110875,68
0.8640090847749392,0.5050787076639097,0.0648529914215355,1.290975147304006,0.4090355721634622,-0.1229556782182992,-0.9037617189551556,0.2851214799545941,72
-0.5212942144082578,0.170909413319468,1.3149172673043286,-0.1404990337643092,-0.4014114235676847,1.3159641670593372,-0.9037617189551556,-1.0599264484110875,97
-0.6078756706072076,0.0038247661472472,1.6621573439384378,-0.1404990337643092,-0.4014114235676847,-0.1229556782182992,-0.9037617189551556,0.2851214799545941,66
0.9505905409738892,0.5050787076639097,-0.0045950239052862,1.290975147304006,0.4090355721634622,-0.1229556782182992,-0.9037617189551556,-1.0599264484110875,69
-1.387108776397756,-0.1632598810249735,0.4120930680556447,-0.1404990337643092,-0.4014114235676847,-0.1229556782182992,-0.9037617189551556,0.2851214799545941,62
-0.0018054772145589,-0.6645138225416359,1.5927093286116158,-0.1404990337643092,0.4090355721634622,1.3159641670593372,1.6586709298539055,0.2851214799545941,71
-1.2139458639998564,2.67717912090278,-1.1852112844612577,1.290975147304006,-0.4014114235676847,-1.5618755234959356,0.3774546054493748,0.2851214799545941,69
0.6908461723770396,-1.3328524112305191,-0.2129390698857517,-0.1404990337643092,0.4090355721634622,-1.5618755234959356,0.3774546054493748,0.2851214799545941,64
-0.3481313020103582,-0.1632598810249735,0.0648529914215355,-1.5719732148326244,-1.2118584192988318,1.3159641670593372,1.6586709298539055,1.6301694083202758,66
1.1237534533717888,0.6721633548361304,-1.6713473917490105,-0.1404990337643092,2.029929563625756,1.3159641670593372,-0.9037617189551556,0.2851214799545941,72
-0.0018054772145589,0.3379940604916889,-1.6713473917490105,1.290975147304006,0.4090355721634622,-0.1229556782182992,1.6586709298539055,0.2851214799545941,68
-0.3481313020103582,0.8392480020083513,0.2731970374020011,-0.1404990337643092,0.4090355721634622,-0.1229556782182992,0.3774546054493748,0.2851214799545941,69
1.2969163657696885,-0.4974291753694151,0.1343010067483574,1.290975147304006,0.4090355721634622,-1.5618755234959356,-0.9037617189551556,0.2851214799545941,69
-0.6078756706072076,1.6746712378694553,-1.046315253807614,-1.5719732148326244,-1.2118584192988318,1.3159641670593372,-0.9037617189551556,-1.0599264484110875,66
0.3445203475812403,-0.1632598810249735,0.6898851293629321,-1.5719732148326244,-0.4014114235676847,1.3159641670593372,-0.9037617189551556,1.6301694083202758,68
1.470079278167588,1.6746712378694553,-0.6296271618466828,1.290975147304006,-0.4014114235676847,-0.1229556782182992,0.3774546054493748,0.2851214799545941,74
1.2969163657696885,-0.3303445281971943,-1.4630033457685447,1.290975147304006,-1.2118584192988318,-1.5618755234959356,0.3774546054493748,0.2851214799545941,68
-0.8676200392040571,-1.3328524112305191,-1.5324513610953667,1.290975147304006,0.4090355721634622,-0.1229556782182992,0.3774546054493748,-1.0599264484110875,63
1.470079278167588,0.0038247661472472,1.3149172673043286,-0.1404990337643092,-0.4014114235676847,1.3159641670593372,0.3774546054493748,0.2851214799545941,72
0.4311018037801901,-0.4974291753694151,1.3149172673043286,-1.5719732148326244,2.029929563625756,-0.1229556782182992,0.3774546054493748,-1.0599264484110875,69
1.5566607343665375,1.6746712378694553,0.0648529914215355,1.290975147304006,-0.4014114235676847,-0.1229556782182992,0.3774546054493748,-1.0599264484110875,74
0.3445203475812403,0.6721633548361304,-0.6990751771735046,-1.5719732148326244,1.2194825678946093,1.3159641670593372,-0.9037617189551556,0.2851214799545941,69
0.1713574351833407,-2.168275647091623,-1.3241073151149012,1.290975147304006,-1.2118584192988318,1.3159641670593372,-0.9037617189551556,-1.0599264484110875,62
1.2969163657696885,-0.3303445281971943,0.8287811600165758,-0.1404990337643092,2.840376559356903,1.3159641670593372,0.3774546054493748,0.2851214799545941,74
-1.7334346011935553,-0.9986831168860776,1.106573221323863,-0.1404990337643092,-0.4014114235676847,-0.1229556782182992,1.6586709298539055,-1.0599264484110875,63
-0.2615498458114084,1.173417296352793,1.4538132979579723,1.290975147304006,-1.2118584192988318,-0.1229556782182992,1.6586709298539055,0.2851214799545941,71
-0.6078756706072076,-0.3303445281971943,0.8982291753433976,-0.1404990337643092,1.2194825678946093,-1.5618755234959356,0.3774546054493748,-1.0599264484110875,65
0.6042647161780897,2.0088405322138967,1.7316053592652596,1.290975147304006,0.4090355721634622,-0.1229556782182992,1.6586709298539055,0.2851214799545941,74
-1.387108776397756,-0.4974291753694151,-0.0740430392321081,-1.5719732148326244,0.4090355721634622,1.3159641670593372,1.6586709298539055,0.2851214799545941,64
-0.5212942144082578,-0.1632598810249735,0.0648529914215355,-0.1404990337643092,2.840376559356903,-0.1229556782182992,0.3774546054493748,0.2851214799545941,68
-1.4736902325967058,1.6746712378694553,1.523261313284794,1.290975147304006,-0.4014114235676847,1.3159641670593372,-0.9037617189551556,-1.0599264484110875,69
0.7774276285759895,-0.1632598810249735,-0.0740430392321081,-1.5719732148326244,-0.4014114235676847,-0.1229556782182992,-0.9037617189551556,-1.0599264484110875,66
-1.1273644078009066,-0.6645138225416359,1.5927093286116158,1.290975147304006,-1.2118584192988318,-1.5618755234959356,-0.9037617189551556,1.6301694083202758,63
0.7774276285759895,0.8392480020083513,-1.6713473917490105,1.290975147304006,0.4090355721634622,-0.1229556782182992,1.6586709298539055,0.2851214799545941,70
0.9505905409738892,-0.4974291753694151,0.6204371140361102,-1.5719732148326244,4.461270550819197,1.3159641670593372,0.3774546054493748,-1.0599264484110875,71
1.0371719971728388,1.173417296352793,1.4538132979579723,-0.1404990337643092,-1.2118584192988318,-1.5618755234959356,1.6586709298539055,-1.0599264484110875,70
-1.4736902325967058,0.0038247661472472,-1.393555330441723,-0.1404990337643092,0.4090355721634622,-0.1229556782182992,-0.9037617189551556,-1.0599264484110875,63
1.2969163657696885,-0.3303445281971943,0.6898851293629321,1.290975147304006,0.4090355721634622,1.3159641670593372,0.3774546054493748,-1.0599264484110875,73
0.4311018037801901,1.841755885041676,-1.5324513610953667,-0.1404990337643092,0.4090355721634622,1.3159641670593372,-0.9037617189551556,-1.0599264484110875,72
-0.9542014954030068,0.170909413319468,-1.1157632691344357,-0.1404990337643092,1.2194825678946093,-1.5618755234959356,1.6586709298539055,-1.0599264484110875,64
0.6908461723770396,0.0038247661472472,-1.7407954070758322,1.290975147304006,0.4090355721634622,-0.1229556782182992,-0.9037617189551556,-1.0599264484110875,67
-1.6468531449946056,1.841755885041676,0.6204371140361102,-0.1404990337643092,0.4090355721634622,1.3159641670593372,-0.9037617189551556,0.2851214799545941,68
0.3445203475812403,0.5050787076639097,-0.0740430392321081,-1.5719732148326244,1.2194825678946093,-1.5618755234959356,-0.9037617189551556,-1.0599264484110875,66
-0.434712758209308,-0.3303445281971943,0.8287811600165758,-0.1404990337643092,1.2194825678946093,-0.1229556782182992,1.6586709298539055,-1.0599264484110875,67
0.0847759789843908,0.8392480020083513,0.6898851293629321,-0.1404990337643092,1.2194825678946093,1.3159641670593372,1.6586709298539055,0.2851214799545941,71
-0.7810385830051073,-0.3303445281971943,-0.976867238480792,-1.5719732148326244,0.4090355721634622,-1.5618755234959356,0.3774546054493748,-1.0599264484110875,61
-1.7334346011935553,0.8392480020083513,-0.560179146519861,1.290975147304006,-0.4014114235676847,-0.1229556782182992,0.3774546054493748,0.2851214799545941,66
-0.2615498458114084,1.3405019435250136,-0.1434910545589299,1.290975147304006,1.2194825678946093,1.3159641670593372,0.3774546054493748,0.2851214799545941,71
-0.0018054772145589,-0.4974291753694151,-1.1157632691344357,-1.5719732148326244,-1.2118584192988318,1.3159641670593372,0.3774546054493748,1.6301694083202758,66
-0.7810385830051073,0.6721633548361304,0.4120930680556447,-0.1404990337643092,-1.2118584192988318,-0.1229556782182992,-0.9037617189551556,-1.0599264484110875,66
-0.3481313020103582,0.5050787076639097,1.5927093286116158,-0.1404990337643092,-0.4014114235676847,-1.5618755234959356,0.3774546054493748,-1.0599264484110875,67
-1.4736902325967058,-0.9986831168860776,0.4120930680556447,-0.1404990337643092,-1.2118584192988318,-0.1229556782182992,-0.9037617189551556,0.2851214799545941,61
0.9505905409738892,-0.1632598810249735,1.106573221323863,1.290975147304006,-0.4014114235676847,-1.5618755234959356,-0.9037617189551556,1.6301694083202758,71
1.6432421905654877,0.0038247661472472,0.0648529914215355,-1.5719732148326244,0.4090355721634622,1.3159641670593372,0.3774546054493748,-1.0599264484110875,71
0.1713574351833407,0.5050787076639097,-0.6990751771735046,-1.5719732148326244,-0.4014114235676847,1.3159641670593372,-0.9037617189551556,0.2851214799545941,68
1.5566607343665375,0.0038247661472472,-0.1434910545589299,1.290975147304006,0.4090355721634622,-0.1229556782182992,-0.9037617189551556,0.2851214799545941,70
1.6432421905654877,1.6746712378694553,-1.2546592997880792,-0.1404990337643092,-1.2118584192988318,-0.1229556782182992,1.6586709298539055,-1.0599264484110875,73
0.51768325997914,0.0038247661472472,-1.046315253807614,-0.1404990337643092,-0.4014114235676847,-0.1229556782182992,1.6586709298539055,1.6301694083202758,67
-1.1273644078009066,-0.3303445281971943,-0.1434910545589299,-1.5719732148326244,-1.2118584192988318,1.3159641670593372,1.6586709298539055,0.2851214799545941,62
1.6432421905654877,0.3379940604916889,-0.6990751771735046,-1.5719732148326244,1.2194825678946093,1.3159641670593372,1.6586709298539055,-1.0599264484110875,71
0.51768325997914,0.6721633548361304,1.106573221323863,1.290975147304006,-1.2118584192988318,-0.1229556782182992,0.3774546054493748,-1.0599264484110875,72
-0.6944571268061575,0.8392480020083513,0.8287811600165758,-0.1404990337643092,1.2194825678946093,-0.1229556782182992,1.6586709298539055,0.2851214799545941,68
-0.3481313020103582,0.0038247661472472,-0.7685231925003265,-0.1404990337643092,0.4090355721634622,-0.1229556782182992,0.3774546054493748,-1.0599264484110875,64
1.2103349095707383,1.006332649180572,1.176021236650685,1.290975147304006,-0.4014114235676847,-1.5618755234959356,-0.9037617189551556,-1.0599264484110875,72
1.3834978219686382,1.3405019435250136,1.5927093286116158,-1.5719732148326244,-0.4014114235676847,1.3159641670593372,-0.9037617189551556,1.6301694083202758,98
1.2969163657696885,0.0038247661472472,-1.1852112844612577,-0.1404990337643092,-0.4014114235676847,-0.1229556782182992,0.3774546054493748,-1.0599264484110875,69
0.1713574351833407,0.5050787076639097,-0.4212831158662173,-0.1404990337643092,-1.2118584192988318,-0.1229556782182992,-0.9037617189551556,1.6301694083202758,68
0.0847759789843908,1.173417296352793,1.5927093286116158,-1.5719732148326244,-1.2118584192988318,-0.1229556782182992,-0.9037617189551556,1.6301694083202758,70
-0.6944571268061575,0.6721633548361304,-0.1434910545589299,-0.1404990337643092,-0.4014114235676847,-1.5618755234959356,0.3774546054493748,-1.0599264484110875,65
-0.0883869334135087,0.3379940604916889,-0.8379712078271483,-0.1404990337643092,-0.4014114235676847,1.3159641670593372,-0.9037617189551556,0.2851214799545941,68
-0.2615498458114084,0.0038247661472472,-1.3241073151149012,-0.1404990337643092,-0.4014114235676847,-1.5618755234959356,0.3774546054493748,0.2851214799545941,65
-0.0018054772145589,0.6721633548361304,0.9676771906702194,-0.1404990337643092,-0.4014114235676847,-0.1229556782182992,0.3774546054493748,-1.0599264484110875,69
1.5566607343665375,1.006332649180572,-0.1434910545589299,-1.5719732148326244,-0.4014114235676847,-0.1229556782182992,1.6586709298539055,1.6301694083202758,73
-0.9542014954030068,0.8392480020083513,-1.3241073151149012,-0.1404990337643092,0.4090355721634622,1.3159641670593372,-0.9037617189551556,-1.0599264484110875,67
0.7774276285759895,-0.3303445281971943,-1.6018993764221885,-0.1404990337643092,1.2194825678946093,-0.1229556782182992,-0.9037617189551556,1.6301694083202758,69
0.9505905409738892,0.8392480020083513,0.0648529914215355,-1.5719732148326244,-0.4014114235676847,1.3159641670593372,0.3774546054493748,-1.0599264484110875,71
1.7298236467644377,-1.4999370584027398,-1.4630033457685447,-0.1404990337643092,-0.4014114235676847,-0.1229556782182992,1.6586709298539055,-1.0599264484110875,66
1.1237534533717888,1.173417296352793,0.2037490220751792,-0.1404990337643092,-0.4014114235676847,-0.1229556782182992,1.6586709298539055,-1.0599264484110875,72
-0.6078756706072076,-0.1632598810249735,-1.6018993764221885,-0.1404990337643092,-0.4014114235676847,1.3159641670593372,-0.9037617189551556,0.2851214799545941,65
-0.5212942144082578,-0.9986831168860776,1.3843652826311503,1.290975147304006,-0.4014114235676847,-0.1229556782182992,0.3774546054493748,-1.0599264484110875,66
-1.6468531449946056,1.3405019435250136,0.0648529914215355,-0.1404990337643092,-0.4014114235676847,1.3159641670593372,-0.9037617189551556,0.2851214799545941,67
-0.8676200392040571,-0.6645138225416359,1.5927093286116158,-0.1404990337643092,0.4090355721634622,-0.1229556782182992,-0.9037617189551556,0.2851214799545941,65
0.8640090847749392,1.5075865906972346,1.3843652826311503,-0.1404990337643092,-1.2118584192988318,-1.5618755234959356,-0.9037617189551556,1.6301694083202758,71
1.5566607343665375,-0.4974291753694151,-1.3241073151149012,-0.1404990337643092,0.4090355721634622,1.3159641670593372,-0.9037617189551556,-1.0599264484110875,69
-1.0407829516019569,-2.168275647091623,-0.0740430392321081,-0.1404990337643092,-0.4014114235676847,1.3159641670593372,-0.9037617189551556,-1.0599264484110875,62
0.4311018037801901,0.5050787076639097,-0.560179146519861,-1.5719732148326244,-0.4014114235676847,-0.1229556782182992,1.6586709298539055,0.2851214799545941,66
0.2579388913822905,-2.669529588608285,1.6621573439384378,-0.1404990337643092,-0.4014114235676847,1.3159641670593372,0.3774546054493748,-1.0599264484110875,64
-1.6468531449946056,0.0038247661472472,-0.3518351005393955,-1.5719732148326244,-0.4014114235676847,-0.1229556782182992,-0.9037617189551556,0.2851214799545941,62
1.3834978219686382,0.6721633548361304,1.4538132979579723,1.290975147304006,-0.4014114235676847,1.3159641670593372,-0.9037617189551556,0.2851214799545941,74
-1.7334346011935553,-1.1657677640582984,-0.6296271618466828,-0.1404990337643092,0.4090355721634622,-0.1229556782182992,1.6586709298539055,-1.0599264484110875,62
-0.0883869334135087,-0.1632598810249735,-0.4907311311930391,-0.1404990337643092,0.4090355721634622,1.3159641670593372,0.3774546054493748,1.6301694083202758,68
1.5566607343665375,-1.6670217055749608,0.3426450527288229,1.290975147304006,1.2194825678946093,-0.1229556782182992,0.3774546054493748,0.2851214799545941,69
0.8640090847749392,-0.9986831168860776,-1.2546592997880792,-0.1404990337643092,-1.2118584192988318,1.3159641670593372,0.3774546054493748,0.2851214799545941,66
-0.1749683896124585,0.3379940604916889,-1.4630033457685447,-0.1404990337643092,-0.4014114235676847,1.3159641670593372,-0.9037617189551556,0.2851214799545941,65
-1.1273644078009066,0.6721633548361304,0.6204371140361102,1.290975147304006,-1.2118584192988318,-1.5618755234959356,0.3774546054493748,-1.0599264484110875,65
0.0847759789843908,-0.9986831168860776,0.4120930680556447,-0.1404990337643092,-0.4014114235676847,-0.1229556782182992,1.6586709298539055,-1.0599264484110875,66
1.470079278167588,-1.1657677640582984,0.4120930680556447,-0.1404990337643092,1.2194825678946093,-0.1229556782182992,-0.9037617189551556,-1.0599264484110875,68
-1.0407829516019569,-0.3303445281971943,-0.2129390698857517,-0.1404990337643092,-1.2118584192988318,1.3159641670593372,0.3774546054493748,0.2851214799545941,64
1.5566607343665375,-0.1632598810249735,0.8287811600165758,-0.1404990337643092,-1.2118584192988318,-0.1229556782182992,-0.9037617189551556,0.2851214799545941,70
1.2969163657696885,-0.3303445281971943,1.4538132979579723,1.290975147304006,0.4090355721634622,-1.5618755234959356,-0.9037617189551556,0.2851214799545941,70
1.2103349095707383,0.170909413319468,-0.7685231925003265,-1.5719732148326244,0.4090355721634622,-0.1229556782182992,-0.9037617189551556,0.2851214799545941,68
-1.300527320198806,-0.9986831168860776,0.4815410833824666,1.290975147304006,-0.4014114235676847,-1.5618755234959356,-0.9037617189551556,-1.0599264484110875,60
-1.7334346011935553,1.006332649180572,-1.4630033457685447,1.290975147304006,-0.4014114235676847,-1.5618755234959356,1.6586709298539055,-1.0599264484110875,63
-1.0407829516019569,-0.1632598810249735,-1.6713473917490105,1.290975147304006,-0.4014114235676847,1.3159641670593372,-0.9037617189551556,1.6301694083202758,64
0.0847759789843908,-0.4974291753694151,0.8287811600165758,-0.1404990337643092,-1.2118584192988318,-0.1229556782182992,0.3774546054493748,-1.0599264484110875,67
0.2579388913822905,-0.6645138225416359,-0.8379712078271483,-0.1404990337643092,0.4090355721634622,-1.5618755234959356,-0.9037617189551556,1.6301694083202758,64
-1.4736902325967058,1.006332649180572,0.2731970374020011,1.290975147304006,-0.4014114235676847,1.3159641670593372,-0.9037617189551556,-1.0599264484110875,67
0.0847759789843908,1.173417296352793,1.523261313284794,-0.1404990337643092,-0.4014114235676847,-0.1229556782182992,0.3774546054493748,0.2851214799545941,70
-1.7334346011935553,0.170909413319468,0.2037490220751792,-1.5719732148326244,0.4090355721634622,1.3159641670593372,-0.9037617189551556,0.2851214799545941,64
-0.3481313020103582,-1.4999370584027398,-0.2823870852125736,-0.1404990337643092,-0.4014114235676847,-0.1229556782182992,0.3774546054493748,0.2851214799545941,62
0.8640090847749392,1.6746712378694553,-0.560179146519861,-0.1404990337643092,0.4090355721634622,1.3159641670593372,-0.9037617189551556,0.2851214799545941,74
-0.0883869334135087,-0.4974291753694151,0.2731970374020011,-0.1404990337643092,1.2194825678946093,-0.1229556782182992,1.6586709298539055,0.2851214799545941,67
-0.0883869334135087,-0.1632598810249735,-0.6296271618466828,1.290975147304006,1.2194825678946093,-0.1229556782182992,-0.9037617189551556,1.6301694083202758,67
-1.6468531449946056,1.3405019435250136,0.7593331446897539,1.290975147304006,-0.4014114235676847,-0.1229556782182992,1.6586709298539055,-1.0599264484110875,65
0.1713574351833407,-0.4974291753694151,-0.8379712078271483,-0.1404990337643092,0.4090355721634622,-1.5618755234959356,0.3774546054493748,-1.0599264484110875,65
0.51768325997914,1.006332649180572,0.4815410833824666,1.290975147304006,0.4090355721634622,-1.5618755234959356,-0.9037617189551556,-1.0599264484110875,70
1.1237534533717888,-0.3303445281971943,1.2454692519775068,-1.5719732148326244,1.2194825678946093,-1.5618755234959356,1.6586709298539055,-1.0599264484110875,69
-0.6944571268061575,0.3379940604916889,-0.560179146519861,-0.1404990337643092,0.4090355721634622,1.3159641670593372,0.3774546054493748,0.2851214799545941,67
-0.9542014954030068,2.175925179386118,0.5509890987092884,1.290975147304006,0.4090355721634622,-0.1229556782182992,1.6586709298539055,0.2851214799545941,71
0.1713574351833407,0.0038247661472472,-1.046315253807614,-1.5719732148326244,1.2194825678946093,-1.5618755234959356,-0.9037617189551556,0.2851214799545941,66
-0.434712758209308,-1.4999370584027398,0.9676771906702194,-0.1404990337643092,0.4090355721634622,-0.1229556782182992,0.3774546054493748,1.6301694083202758,65
-0.5212942144082578,0.8392480020083513,1.176021236650685,-0.1404990337643092,2.029929563625756,-1.5618755234959356,1.6586709298539055,0.2851214799545941,70
-0.6944571268061575,-0.1632598810249735,-0.6296271618466828,-1.5719732148326244,-1.2118584192988318,-0.1229556782182992,1.6586709298539055,0.2851214799545941,64
-1.5602716887956556,0.170909413319468,-0.1434910545589299,1.290975147304006,0.4090355721634622,1.3159641670593372,0.3774546054493748,1.6301694083202758,66
1.0371719971728388,-0.8315984697138568,-0.560179146519861,-1.5719732148326244,-0.4014114235676847,1.3159641670593372,1.6586709298539055,1.6301694083202758,69
1.2969163657696885,0.6721633548361304,1.4538132979579723,-1.5719732148326244,1.2194825678946093,-0.1229556782182992,1.6586709298539055,-1.0599264484110875,73
1.0371719971728388,0.5050787076639097,1.7316053592652596,1.290975147304006,-0.4014114235676847,-0.1229556782182992,0.3774546054493748,1.6301694083202758,72
-1.0407829516019569,0.0038247661472472,1.106573221323863,1.290975147304006,2.029929563625756,-0.1229556782182992,0.3774546054493748,1.6301694083202758,70
1.5566607343665375,0.0038247661472472,-0.7685231925003265,-0.1404990337643092,-0.4014114235676847,-0.1229556782182992,1.6586709298539055,1.6301694083202758,72
0.2579388913822905,0.170909413319468,-0.976867238480792,1.290975147304006,0.4090355721634622,-0.1229556782182992,1.6586709298539055,-1.0599264484110875,71
-0.6078756706072076,0.6721633548361304,-0.3518351005393955,-0.1404990337643092,-1.2118584192988318,1.3159641670593372,1.6586709298539055,1.6301694083202758,68
1.6432421905654877,1.173417296352793,1.4538132979579723,-0.1404990337643092,-1.2118584192988318,1.3159641670593372,0.3774546054493748,1.6301694083202758,74
-0.8676200392040571,0.8392480020083513,-0.976867238480792,-0.1404990337643092,1.2194825678946093,-1.5618755234959356,0.3774546054493748,-1.0599264484110875,64
-1.4736902325967058,0.170909413319468,-0.0740430392321081,-1.5719732148326244,-1.2118584192988318,-0.1229556782182992,-0.9037617189551556,-1.0599264484110875,61
0.9505905409738892,1.173417296352793,-0.560179146519861,1.290975147304006,-0.4014114235676847,-1.5618755234959356,-0.9037617189551556,1.6301694083202758,71
0.6908461723770396,-0.1632598810249735,0.7593331446897539,1.290975147304006,2.029929563625756,-0.1229556782182992,0.3774546054493748,0.2851214799545941,70
1.2969163657696885,0.170909413319468,0.6204371140361102,-1.5719732148326244,-1.2118584192988318,-1.5618755234959356,-0.9037617189551556,1.6301694083202758,67
-1.1273644078009066,-0.9986831168860776,0.7593331446897539,-0.1404990337643092,-1.2118584192988318,1.3159641670593372,0.3774546054493748,1.6301694083202758,64
-1.387108776397756,-0.1632598810249735,-1.3241073151149012,-0.1404990337643092,-1.2118584192988318,-0.1229556782182992,-0.9037617189551556,-1.0599264484110875,62
1.470079278167588,0.8392480020083513,-1.1157632691344357,1.290975147304006,-1.2118584192988318,1.3159641670593372,-0.9037617189551556,-1.0599264484110875,72
-0.9542014954030068,0.6721633548361304,1.4538132979579723,-1.5719732148326244,2.029929563625756,1.3159641670593372,0.3774546054493748,1.6301694083202758,70
-1.5602716887956556,-0.3303445281971943,1.106573221323863,1.290975147304006,2.029929563625756,-1.5618755234959356,-0.9037617189551556,-1.0599264484110875,63
0.51768325997914,-0.4974291753694151,-1.393555330441723,-1.5719732148326244,0.4090355721634622,1.3159641670593372,0.3774546054493748,1.6301694083202758,66
-0.1749683896124585,0.0038247661472472,1.176021236650685,-0.1404990337643092,-0.4014114235676847,-1.5618755234959356,-0.9037617189551556,0.2851214799545941,65
1.470079278167588,-0.4974291753694151,0.6204371140361102,-0.1404990337643092,1.2194825678946093,-0.1229556782182992,1.6586709298539055,-1.0599264484110875,70
1.2969163657696885,-0.3303445281971943,1.106573221323863,-0.1404990337643092,-1.2118584192988318,-0.1229556782182992,1.6586709298539055,-1.0599264484110875,69
-1.387108776397756,-1.3328524112305191,-1.6713473917490105,-0.1404990337643092,0.4090355721634622,-0.1229556782182992,0.3774546054493748,-1.0599264484110875,59
-0.6944571268061575,0.8392480020083513,0.9676771906702194,1.290975147304006,0.4090355721634622,-0.1229556782182992,1.6586709298539055,-1.0599264484110875,71
-0.0883869334135087,0.5050787076639097,0.4120930680556447,-0.1404990337643092,-0.4014114235676847,-0.1229556782182992,-0.9037617189551556,0.2851214799545941,67
-0.8676200392040571,-0.9986831168860776,-1.5324513610953667,1.290975147304006,-1.2118584192988318,-0.1229556782182992,-0.9037617189551556,0.2851214799545941,61
0.2579388913822905,-2.5024449414360648,-0.976867238480792,-0.1404990337643092,0.4090355721634622,-0.1229556782182992,-0.9037617189551556,-1.0599264484110875,61
-0.6944571268061575,-0.6645138225416359,0.8287811600165758,-1.5719732148326244,0.4090355721634622,-0.1229556782182992,-0.9037617189551556,0.2851214799545941,63
-0.0018054772145589,1.6746712378694553,0.3426450527288229,1.290975147304006,-1.2118584192988318,1.3159641670593372,1.6586709298539055,-1.0599264484110875,72
0.6042647161780897,-0.8315984697138568,1.106573221323863,-0.1404990337643092,-0.4014114235676847,1.3159641670593372,-0.9037617189551556,-1.0599264484110875,67
1.2969163657696885,-0.8315984697138568,0.1343010067483574,-0.1404990337643092,-1.2118584192988318,-0.1229556782182992,-0.9037617189551556,-1.0599264484110875,68
1.3834978219686382,-1.3328524112305191,-0.9074192231539702,1.290975147304006,0.4090355721634622,-1.5618755234959356,0.3774546054493748,0.2851214799545941,68
-0.1749683896124585,0.5050787076639097,-1.4630033457685447,-0.1404990337643092,-1.2118584192988318,-0.1229556782182992,1.6586709298539055,-1.0599264484110875,67
-1.387108776397756,2.0088405322138967,-1.5324513610953667,1.290975147304006,-0.4014114235676847,-1.5618755234959356,0.3774546054493748,-1.0599264484110875,65
0.6042647161780897,1.3405019435250136,-1.6018993764221885,-0.1404990337643092,2.029929563625756,-0.1229556782182992,1.6586709298539055,-1.0599264484110875,70
1.7298236467644377,1.006332649180572,0.2731970374020011,-0.1404990337643092,-0.4014114235676847,1.3159641670593372,0.3774546054493748,0.2851214799545941,75
-1.1273644078009066,0.8392480020083513,-0.6990751771735046,-0.1404990337643092,-0.4014114235676847,1.3159641670593372,-0.9037617189551556,-1.0599264484110875,65
0.2579388913822905,0.8392480020083513,-0.7685231925003265,1.290975147304006,-1.2118584192988318,-0.1229556782182992,0.3774546054493748,-1.0599264484110875,68
-1.300527320198806,0.5050787076639097,-1.1852112844612577,1.290975147304006,-0.4014114235676847,-0.1229556782182992,0.3774546054493748,-1.0599264484110875,63
-0.8676200392040571,0.6721633548361304,-1.6018993764221885,1.290975147304006,-0.4014114235676847,-0.1229556782182992,1.6586709298539055,-1.0599264484110875,85
-0.8676200392040571,0.6721633548361304,-0.0740430392321081,1.290975147304006,0.4090355721634622,-0.1229556782182992,-0.9037617189551556,0.2851214799545941,67
-0.7810385830051073,2.175925179386118,-1.046315253807614,-1.5719732148326244,-1.2118584192988318,-0.1229556782182992,-0.9037617189551556,0.2851214799545941,67
1.2969163657696885,-0.8315984697138568,-0.3518351005393955,-1.5719732148326244,0.4090355721634622,1.3159641670593372,-0.9037617189551556,1.6301694083202758,68
-1.4736902325967058,0.8392480020083513,0.9676771906702194,-1.5719732148326244,-0.4014114235676847,-0.1229556782182992,-0.9037617189551556,0.2851214799545941,65
1.2969163657696885,-0.6645138225416359,0.7593331446897539,-1.5719732148326244,2.029929563625756,-1.5618755234959356,0.3774546054493748,1.6301694083202758,70
-0.5212942144082578,-0.1632598810249735,0.0648529914215355,-0.1404990337643092,-0.4014114235676847,-0.1229556782182992,0.3774546054493748,1.6301694083202758,66
1.5566607343665375,0.8392480020083513,-1.6713473917490105,1.290975147304006,-1.2118584192988318,-0.1229556782182992,0.3774546054493748,0.2851214799545941,72
1.2969163657696885,1.3405019435250136,1.4538132979579723,-0.1404990337643092,-0.4014114235676847,-0.1229556782182992,1.6586709298539055,0.2851214799545941,73
-0.0018054772145589,0.5050787076639097,1.106573221323863,-0.1404990337643092,2.840376559356903,-0.1229556782182992,-0.9037617189551556,1.6301694083202758,70
-0.0883869334135087,-0.6645138225416359,1.3843652826311503,-1.5719732148326244,-1.2118584192988318,1.3159641670593372,0.3774546054493748,1.6301694083202758,68
-0.5212942144082578,-0.9986831168860776,-0.8379712078271483,-0.1404990337643092,0.4090355721634622,1.3159641670593372,0.3774546054493748,-1.0599264484110875,63
0.6908461723770396,-0.3303445281971943,-0.4907311311930391,-0.1404990337643092,-1.2118584192988318,1.3159641670593372,-0.9037617189551556,0.2851214799545941,67
-0.6078756706072076,1.3405019435250136,1.4538132979579723,1.290975147304006,-0.4014114235676847,-0.1229556782182992,1.6586709298539055,0.2851214799545941,70
0.8640090847749392,2.5100944737305597,1.176021236650685,-0.1404990337643092,-1.2118584192988318,1.3159641670593372,-0.9037617189551556,-1.0599264484110875,73
-0.6078756706072076,-0.3303445281971943,-0.6990751771735046,-0.1404990337643092,-0.4014114235676847,-0.1229556782182992,0.3774546054493748,-1.0599264484110875,63
1.1237534533717888,0.170909413319468,0.2037490220751792,-0.1404990337643092,-1.2118584192988318,-0.1229556782182992,-0.9037617189551556,-1.0599264484110875,68
-1.5602716887956556,0.170909413319468,-1.6713473917490105,-1.5719732148326244,-1.2118584192988318,-0.1229556782182992,-0.9037617189551556,-1.0599264484110875,61
-0.2615498458114084,0.170909413319468,1.4538132979579723,-1.5719732148326244,0.4090355721634622,-0.1229556782182992,-0.9037617189551556,-1.0599264484110875,68
0.9505905409738892,1.006332649180572,-1.2546592997880792,-0.1404990337643092,1.2194825678946093,1.3159641670593372,0.3774546054493748,0.2851214799545941,72
0.9505905409738892,1.5075865906972346,0.3426450527288229,-0.1404990337643092,-1.2118584192988318,-0.1229556782182992,-0.9037617189551556,-1.0599264484110875,70
-1.300527320198806,0.5050787076639097,1.4538132979579723,-0.1404990337643092,-1.2118584192988318,-0.1229556782182992,-0.9037617189551556,-1.0599264484110875,65
-1.300527320198806,-0.1632598810249735,1.3843652826311503,-0.1404990337643092,0.4090355721634622,-1.5618755234959356,0.3774546054493748,0.2851214799545941,65
-0.0018054772145589,0.6721633548361304,1.4538132979579723,1.290975147304006,-1.2118584192988318,-0.1229556782182992,0.3774546054493748,-1.0599264484110875,70
-1.300527320198806,-0.8315984697138568,1.2454692519775068,-0.1404990337643092,0.4090355721634622,1.3159641670593372,-0.9037617189551556,-1.0599264484110875,63
-1.387108776397756,0.5050787076639097,1.106573221323863,-0.1404990337643092,0.4090355721634622,-1.5618755234959356,-0.9037617189551556,-1.0599264484110875,63
0.9505905409738892,0.6721633548361304,-0.9074192231539702,1.290975147304006,1.2194825678946093,-0.1229556782182992,0.3774546054493748,-1.0599264484110875,70
-1.4736902325967058,0.5050787076639097,1.2454692519775068,-0.1404990337643092,0.4090355721634622,-1.5618755234959356,-0.9037617189551556,0.2851214799545941,65
0.2579388913822905,-0.8315984697138568,1.5927093286116158,1.290975147304006,1.2194825678946093,-0.1229556782182992,-0.9037617189551556,-1.0599264484110875,68
-0.2615498458114084,1.6746712378694553,-0.3518351005393955,-1.5719732148326244,-1.2118584192988318,-0.1229556782182992,-0.9037617189551556,0.2851214799545941,67
0.6908461723770396,-1.4999370584027398,-0.976867238480792,1.290975147304006,0.4090355721634622,1.3159641670593372,1.6586709298539055,0.2851214799545941,68
-1.300527320198806,0.3379940604916889,1.3843652826311503,-0.1404990337643092,1.2194825678946093,-0.1229556782182992,-0.9037617189551556,-1.0599264484110875,65
0.8640090847749392,-1.3328524112305191,-0.976867238480792,-1.5719732148326244,0.4090355721634622,-0.1229556782182992,-0.9037617189551556,-1.0599264484110875,66
-0.0883869334135087,0.0038247661472472,-0.0740430392321081,-1.5719732148326244,0.4090355721634622,-0.1229556782182992,-0.9037617189551556,-1.0599264484110875,64
1.2969163657696885,0.8392480020083513,-0.4907311311930391,-1.5719732148326244,-0.4014114235676847,-0.1229556782182992,-0.9037617189551556,0.2851214799545941,70
-0.5212942144082578,0.170909413319468,-1.6018993764221885,-1.5719732148326244,-0.4014114235676847,-0.1229556782182992,-0.9037617189551556,1.6301694083202758,62
0.1713574351833407,-0.1632598810249735,-0.2823870852125736,-1.5719732148326244,-0.4014114235676847,1.3159641670593372,0.3774546054493748,-1.0599264484110875,67
1.2969163657696885,-0.6645138225416359,-1.6018993764221885,1.290975147304006,-1.2118584192988318,-0.1229556782182992,1.6586709298539055,-1.0599264484110875,69
1.2969163657696885,-0.8315984697138568,-1.3241073151149012,-0.1404990337643092,1.2194825678946093,-0.1229556782182992,-0.9037617189551556,-1.0599264484110875,67
0.6042647161780897,1.5075865906972346,1.2454692519775068,1.290975147304006,-0.4014114235676847,-0.1229556782182992,-0.9037617189551556,-1.0599264484110875,72
0.7774276285759895,-0.8315984697138568,-0.0740430392321081,1.290975147304006,0.4090355721634622,-0.1229556782182992,0.3774546054493748,0.2851214799545941,69
0.8640090847749392,0.6721633548361304,1.6621573439384378,1.290975147304006,-1.2118584192988318,1.3159641670593372,0.3774546054493748,-1.0599264484110875,72
0.0847759789843908,-0.1632598810249735,1.0371252059970413,1.290975147304006,0.4090355721634622,-1.5618755234959356,-0.9037617189551556,-1.0599264484110875,67
0.8640090847749392,1.5075865906972346,0.5509890987092884,-0.1404990337643092,-1.2118584192988318,-0.1229556782182992,-0.9037617189551556,0.2851214799545941,72
1.470079278167588,-0.3303445281971943,-0.0045950239052862,-0.1404990337643092,-1.2118584192988318,1.3159641670593372,-0.9037617189551556,-1.0599264484110875,69
-1.6468531449946056,-0.4974291753694151,-0.0740430392321081,-0.1404990337643092,-1.2118584192988318,-0.1229556782182992,1.6586709298539055,0.2851214799545941,62
0.6908461723770396,-0.6645138225416359,-1.6713473917490105,1.290975147304006,-1.2118584192988318,-0.1229556782182992,0.3774546054493748,0.2851214799545941,68
0.8640090847749392,0.6721633548361304,-1.6018993764221885,-1.5719732148326244,-1.2118584192988318,-0.1229556782182992,0.3774546054493748,-1.0599264484110875,65
1.6432421905654877,-0.6645138225416359,0.8982291753433976,1.290975147304006,0.4090355721634622,-1.5618755234959356,1.6586709298539055,-1.0599264484110875,71
0.6042647161780897,0.8392480020083513,-0.0045950239052862,-0.1404990337643092,-1.2118584192988318,-0.1229556782182992,-0.9037617189551556,-1.0599264484110875,67
-0.6078756706072076,0.5050787076639097,0.2037490220751792,1.290975147304006,-1.2118584192988318,1.3159641670593372,-0.9037617189551556,1.6301694083202758,67
1.470079278167588,3.1784330624194426,1.106573221323863,1.290975147304006,0.4090355721634622,1.3159641670593372,-0.9037617189551556,-1.0599264484110875,79
0.7774276285759895,0.5050787076639097,-0.6296271618466828,1.290975147304006,-1.2118584192988318,1.3159641670593372,-0.9037617189551556,-1.0599264484110875,70
-1.300527320198806,0.6721633548361304,1.3149172673043286,1.290975147304006,0.4090355721634622,1.3159641670593372,1.6586709298539055,0.2851214799545941,68
0.6908461723770396,0.5050787076639097,-1.6018993764221885,-1.5719732148326244,-1.2118584192988318,-0.1229556782182992,-0.9037617189551556,0.2851214799545941,67
-0.6078756706072076,2.8442637680750007,-0.2823870852125736,1.290975147304006,-1.2118584192988318,-0.1229556782182992,-0.9037617189551556,1.6301694083202758,72
-1.387108776397756,-1.1657677640582984,0.1343010067483574,-1.5719732148326244,-1.2118584192988318,-0.1229556782182992,-0.9037617189551556,-1.0599264484110875,60
0.2579388913822905,0.8392480020083513,1.3149172673043286,1.290975147304006,0.4090355721634622,1.3159641670593372,0.3774546054493748,-1.0599264484110875,72
-1.4736902325967058,-0.8315984697138568,-1.393555330441723,-1.5719732148326244,-1.2118584192988318,-0.1229556782182992,0.3774546054493748,0.2851214799545941,59
-0.6944571268061575,1.173417296352793,-0.4907311311930391,-1.5719732148326244,-1.2118584192988318,-0.1229556782182992,0.3774546054493748,0.2851214799545941,63
1.2103349095707383,0.0038247661472472,0.9676771906702194,1.290975147304006,-1.2118584192988318,-0.1229556782182992,-0.9037617189551556,0.2851214799545941,70
0.4311018037801901,0.8392480020083513,0.0648529914215355,-0.1404990337643092,0.4090355721634622,-0.1229556782182992,0.3774546054493748,1.6301694083202758,71
-1.1273644078009066,-1.3328524112305191,-1.1852112844612577,-0.1404990337643092,-1.2118584192988318,1.3159641670593372,-0.9037617189551556,1.6301694083202758,59
1.6432421905654877,0.6721633548361304,1.6621573439384378,-0.1404990337643092,-1.2118584192988318,-0.1229556782182992,-0.9037617189551556,-1.0599264484110875,72
0.4311018037801901,-0.9986831168860776,0.8287811600165758,1.290975147304006,-1.2118584192988318,-0.1229556782182992,0.3774546054493748,0.2851214799545941,67
-0.2615498458114084,-1.6670217055749608,1.6621573439384378,1.290975147304006,-1.2118584192988318,-0.1229556782182992,-0.9037617189551556,0.2851214799545941,64
-0.6078756706072076,-0.6645138225416359,1.4538132979579723,1.290975147304006,-0.4014114235676847,-1.5618755234959356,-0.9037617189551556,0.2851214799545941,66
0.3445203475812403,-0.1632598810249735,1.523261313284794,-0.1404990337643092,0.4090355721634622,-0.1229556782182992,0.3774546054493748,0.2851214799545941,68
0.9505905409738892,0.170909413319468,-0.2129390698857517,1.290975147304006,1.2194825678946093,-0.1229556782182992,-0.9037617189551556,-1.0599264484110875,69
-0.7810385830051073,-0.8315984697138568,-1.046315253807614,1.290975147304006,-1.2118584192988318,1.3159641670593372,-0.9037617189551556,-1.0599264484110875,62
1.3834978219686382,-1.1657677640582984,1.7316053592652596,1.290975147304006,2.029929563625756,-0.1229556782182992,-0.9037617189551556,0.2851214799545941,71
0.6908461723770396,-0.1632598810249735,-1.1157632691344357,-0.1404990337643092,0.4090355721634622,-1.5618755234959356,-0.9037617189551556,0.2851214799545941,67
0.7774276285759895,1.3405019435250136,1.0371252059970413,-1.5719732148326244,1.2194825678946093,1.3159641670593372,1.6586709298539055,-1.0599264484110875,73
-1.5602716887956556,-0.1632598810249735,0.4815410833824666,-0.1404990337643092,-1.2118584192988318,1.3159641670593372,1.6586709298539055,-1.0599264484110875,62
0.7774276285759895,1.173417296352793,-0.6990751771735046,-0.1404990337643092,-0.4014114235676847,-0.1229556782182992,-0.9037617189551556,0.2851214799545941,70
-0.0018054772145589,0.170909413319468,0.2037490220751792,1.290975147304006,-0.4014114235676847,-0.1229556782182992,-0.9037617189551556,-1.0599264484110875,67
-1.2139458639998564,-0.4974291753694151,-1.4630033457685447,-0.1404990337643092,0.4090355721634622,1.3159641670593372,-0.9037617189551556,1.6301694083202758,63
-1.5602716887956556,1.006332649180572,-1.1157632691344357,-0.1404990337643092,-0.4014114235676847,-0.1229556782182992,-0.9037617189551556,0.2851214799545941,63
0.7774276285759895,-0.1632598810249735,0.8982291753433976,-0.1404990337643092,-0.4014114235676847,-0.1229556782182992,-0.9037617189551556,0.2851214799545941,69
-0.3481313020103582,0.8392480020083513,-1.2546592997880792,1.290975147304006,-1.2118584192988318,1.3159641670593372,1.6586709298539055,0.2851214799545941,68
0.2579388913822905,-0.6645138225416359,-1.3241073151149012,1.290975147304006,1.2194825678946093,1.3159641670593372,-0.9037617189551556,0.2851214799545941,68
-1.4736902325967058,0.5050787076639097,1.7316053592652596,1.290975147304006,0.4090355721634622,1.3159641670593372,1.6586709298539055,0.2851214799545941,69
0.6908461723770396,-1.3328524112305191,-1.6018993764221885,-0.1404990337643092,-0.4014114235676847,1.3159641670593372,-0.9037617189551556,0.2851214799545941,63
1.0371719971728388,0.0038247661472472,0.4815410833824666,1.290975147304006,-1.2118584192988318,-1.5618755234959356,-0.9037617189551556,0.2851214799545941,69
-0.3481313020103582,0.0038247661472472,0.7593331446897539,1.290975147304006,0.4090355721634622,-0.1229556782182992,-0.9037617189551556,0.2851214799545941,68
0.0847759789843908,0.6721633548361304,-0.7685231925003265,1.290975147304006,0.4090355721634622,-0.1229556782182992,-0.9037617189551556,1.6301694083202758,70
-1.1273644078009066,-0.1632598810249735,-1.393555330441723,-0.1404990337643092,-0.4014114235676847,-0.1229556782182992,-0.9037617189551556,0.2851214799545941,63
1.0371719971728388,0.3379940604916889,-0.2129390698857517,-1.5719732148326244,-1.2118584192988318,-0.1229556782182992,0.3774546054493748,0.2851214799545941,67
-0.0018054772145589,0.6721633548361304,-0.9074192231539702,1.290975147304006,1.2194825678946093,-1.5618755234959356,-0.9037617189551556,1.6301694083202758,68
-1.0407829516019569,-0.6645138225416359,0.6898851293629321,-0.1404990337643092,-0.4014114235676847,-0.1229556782182992,0.3774546054493748,0.2851214799545941,65
-1.4736902325967058,0.8392480020083513,-0.2129390698857517,1.290975147304006,1.2194825678946093,-0.1229556782182992,0.3774546054493748,0.2851214799545941,67
-0.5212942144082578,-0.8315984697138568,-0.4907311311930391,1.290975147304006,1.2194825678946093,-1.5618755234959356,-0.9037617189551556,-1.0599264484110875,64
0.6908461723770396,0.0038247661472472,0.6898851293629321,-0.1404990337643092,0.4090355721634622,-1.5618755234959356,-0.9037617189551556,0.2851214799545941,68
-0.434712758209308,0.5050787076639097,-0.1434910545589299,1.290975147304006,-0.4014114235676847,-1.5618755234959356,-0.9037617189551556,-1.0599264484110875,65
0.3445203475812403,0.0038247661472472,0.6898851293629321,-0.1404990337643092,-1.2118584192988318,-0.1229556782182992,-0.9037617189551556,0.2851214799545941,67
0.6042647161780897,0.3379940604916889,-0.4907311311930391,-1.5719732148326244,-1.2118584192988318,1.3159641670593372,-0.9037617189551556,-1.0599264484110875,67
-0.2615498458114084,-0.6645138225416359,-0.4212831158662173,-1.5719732148326244,-0.4014114235676847,-0.1229556782182992,-0.9037617189551556,-1.0599264484110875,63
-0.5212942144082578,0.0038247661472472,-1.1157632691344357,-0.1404990337643092,2.840376559356903,-0.1229556782182992,-0.9037617189551556,1.6301694083202758,68
-1.6468531449946056,2.3430098265583386,-0.560179146519861,-0.1404990337643092,-0.4014114235676847,-0.1229556782182992,1.6586709298539055,1.6301694083202758,68
1.0371719971728388,2.3430098265583386,-0.4907311311930391,-0.1404990337643092,-1.2118584192988318,1.3159641670593372,0.3774546054493748,0.2851214799545941,75
-1.387108776397756,-0.4974291753694151,0.3426450527288229,1.290975147304006,-1.2118584192988318,-0.1229556782182992,1.6586709298539055,1.6301694083202758,65
0.6908461723770396,1.6746712378694553,-0.7685231925003265,-0.1404990337643092,-0.4014114235676847,1.3159641670593372,0.3774546054493748,1.6301694083202758,73
0.4311018037801901,-0.1632598810249735,-1.1157632691344357,-0.1404990337643092,-1.2118584192988318,1.3159641670593372,0.3774546054493748,0.2851214799545941,67
1.1237534533717888,-0.1632598810249735,1.3843652826311503,1.290975147304006,1.2194825678946093,-0.1229556782182992,-0.9037617189551556,0.2851214799545941,71
0.4311018037801901,-0.3303445281971943,1.6621573439384378,-1.5719732148326244,-1.2118584192988318,1.3159641670593372,0.3774546054493748,-1.0599264484110875,69
0.6908461723770396,0.170909413319468,-1.1157632691344357,-0.1404990337643092,0.4090355721634622,-0.1229556782182992,1.6586709298539055,0.2851214799545941,67
-0.6078756706072076,1.6746712378694553,1.7316053592652596,-0.1404990337643092,0.4090355721634622,1.3159641670593372,-0.9037617189551556,1.6301694083202758,72
-1.6468531449946056,0.0038247661472472,-1.6018993764221885,-0.1404990337643092,0.4090355721634622,-1.5618755234959356,1.6586709298539055,-1.0599264484110875,60
-1.2139458639998564,-0.8315984697138568,-0.8379712078271483,-0.1404990337643092,1.2194825678946093,-0.1229556782182992,-0.9037617189551556,0.2851214799545941,63
0.7774276285759895,0.170909413319468,-0.0740430392321081,-0.1404990337643092,1.2194825678946093,-0.1229556782182992,-0.9037617189551556,-1.0599264484110875,70
-1.6468531449946056,-0.6645138225416359,1.106573221323863,-1.5719732148326244,0.4090355721634622,-0.1229556782182992,0.3774546054493748,0.2851214799545941,63
1.2103349095707383,-0.1632598810249735,1.106573221323863,1.290975147304006,-0.4014114235676847,-0.1229556782182992,-0.9037617189551556,-1.0599264484110875,70
1.2969163657696885,1.173417296352793,0.4120930680556447,1.290975147304006,1.2194825678946093,-0.1229556782182992,-0.9037617189551556,-1.0599264484110875,72
1.5566607343665375,0.3379940604916889,1.7316053592652596,-0.1404990337643092,-1.2118584192988318,-0.1229556782182992,-0.9037617189551556,-1.0599264484110875,70
-0.3481313020103582,0.3379940604916889,0.8287811600165758,-1.5719732148326244,0.4090355721634622,-0.1229556782182992,0.3774546054493748,-1.0599264484110875,65
-1.0407829516019569,1.173417296352793,-0.6296271618466828,-0.1404990337643092,1.2194825678946093,-0.1229556782182992,-0.9037617189551556,1.6301694083202758,67
-0.434712758209308,-2.001190999919402,1.176021236650685,-0.1404990337643092,2.840376559356903,-0.1229556782182992,-0.9037617189551556,1.6301694083202758,66
1.5566607343665375,-3.003698882952727,-0.7685231925003265,-0.1404990337643092,-0.4014114235676847,1.3159641670593372,-0.9037617189551556,-1.0599264484110875,65
0.2579388913822905,-0.8315984697138568,1.106573221323863,-1.5719732148326244,-1.2118584192988318,-0.1229556782182992,0.3774546054493748,-1.0599264484110875,64
-0.8676200392040571,0.170909413319468,1.2454692519775068,-0.1404990337643092,-0.4014114235676847,1.3159641670593372,0.3774546054493748,-1.0599264484110875,68
-1.4736902325967058,0.170909413319468,-0.7685231925003265,-0.1404990337643092,-1.2118584192988318,-0.1229556782182992,-0.9037617189551556,-1.0599264484110875,62
-0.0883869334135087,2.0088405322138967,-0.976867238480792,1.290975147304006,-1.2118584192988318,-1.5618755234959356,0.3774546054493748,-1.0599264484110875,70
-1.2139458639998564,0.0038247661472472,-0.1434910545589299,1.290975147304006,-1.2118584192988318,-0.1229556782182992,-0.9037617189551556,1.6301694083202758,65
-1.6468531449946056,-0.1632598810249735,-0.9074192231539702,1.290975147304006,-0.4014114235676847,-0.1229556782182992,1.6586709298539055,1.6301694083202758,64
-0.9542014954030068,-1.8341063527471813,1.176021236650685,1.290975147304006,0.4090355721634622,1.3159641670593372,1.6586709298539055,-1.0599264484110875,65
1.1237534533717888,1.5075865906972346,1.2454692519775068,-0.1404990337643092,0.4090355721634622,-0.1229556782182992,1.6586709298539055,-1.0599264484110875,74
-1.387108776397756,-2.168275647091623,-0.3518351005393955,1.290975147304006,2.029929563625756,-0.1229556782182992,-0.9037617189551556,-1.0599264484110875,59
-0.6078756706072076,0.3379940604916889,-0.3518351005393955,-0.1404990337643092,0.4090355721634622,1.3159641670593372,0.3774546054493748,-1.0599264484110875,66
-0.0883869334135087,0.0038247661472472,-1.5324513610953667,-0.1404990337643092,0.4090355721634622,1.3159641670593372,-0.9037617189551556,0.2851214799545941,66
-1.0407829516019569,0.3379940604916889,-1.3241073151149012,1.290975147304006,1.2194825678946093,1.3159641670593372,1.6586709298539055,0.2851214799545941,67
1.2969163657696885,-1.6670217055749608,-0.0740430392321081,-1.5719732148326244,0.4090355721634622,1.3159641670593372,-0.9037617189551556,-1.0599264484110875,66
0.0847759789843908,1.173417296352793,1.2454692519775068,1.290975147304006,-1.2118584192988318,-0.1229556782182992,0.3774546054493748,1.6301694083202758,72
1.470079278167588,-0.1632598810249735,-1.4630033457685447,-1.5719732148326244,-1.2118584192988318,-0.1229556782182992,-0.9037617189551556,1.6301694083202758,68
1.1237534533717888,0.0038247661472472,1.3843652826311503,-0.1404990337643092,-0.4014114235676847,-0.1229556782182992,0.3774546054493748,0.2851214799545941,70
-0.6078756706072076,0.170909413319468,1.0371252059970413,1.290975147304006,-1.2118584192988318,1.3159641670593372,0.3774546054493748,0.2851214799545941,68
-1.0407829516019569,1.006332649180572,-0.3518351005393955,-1.5719732148326244,-0.4014114235676847,1.3159641670593372,0.3774546054493748,-1.0599264484110875,67
-0.1749683896124585,-0.6645138225416359,-0.9074192231539702,1.290975147304006,-1.2118584192988318,-1.5618755234959356,-0.9037617189551556,1.6301694083202758,63
-0.2615498458114084,1.6746712378694553,-0.0740430392321081,-1.5719732148326244,1.2194825678946093,-0.1229556782182992,1.6586709298539055,1.6301694083202758,70
-0.0883869334135087,-0.6645138225416359,0.9676771906702194,-0.1404990337643092,-1.2118584192988318,-0.1229556782182992,-0.9037617189551556,-1.0599264484110875,65
-0.0883869334135087,-1.4999370584027398,-0.2823870852125736,-0.1404990337643092,-0.4014114235676847,-0.1229556782182992,0.3774546054493748,0.2851214799545941,63
0.3445203475812403,0.170909413319468,1.0371252059970413,1.290975147304006,0.4090355721634622,1.3159641670593372,-0.9037617189551556,0.2851214799545941,69
1.0371719971728388,-0.4974291753694151,0.8982291753433976,-0.1404990337643092,-0.4014114235676847,-1.5618755234959356,-0.9037617189551556,1.6301694083202758,68
-0.9542014954030068,0.5050787076639097,-0.6296271618466828,-1.5719732148326244,-0.4014114235676847,-0.1229556782182992,0.3774546054493748,0.2851214799545941,63
-1.387108776397756,-0.3303445281971943,-1.6713473917490105,-0.1404990337643092,0.4090355721634622,-0.1229556782182992,-0.9037617189551556,-1.0599264484110875,62
-0.7810385830051073,0.3379940604916889,-0.8379712078271483,-0.1404990337643092,0.4090355721634622,1.3159641670593372,-0.9037617189551556,0.2851214799545941,66
1.1237534533717888,1.006332649180572,0.2037490220751792,-0.1404990337643092,0.4090355721634622,-0.1229556782182992,1.6586709298539055,0.2851214799545941,72
0.4311018037801901,-1.1657677640582984,-0.1434910545589299,1.290975147304006,1.2194825678946093,-1.5618755234959356,1.6586709298539055,0.2851214799545941,68
-0.5212942144082578,-0.8315984697138568,-1.046315253807614,1.290975147304006,1.2194825678946093,1.3159641670593372,-0.9037617189551556,-1.0599264484110875,66
-1.1273644078009066,1.173417296352793,-0.2823870852125736,-0.1404990337643092,-0.4014114235676847,1.3159641670593372,-0.9037617189551556,-1.0599264484110875,67
0.9505905409738892,0.5050787076639097,-1.2546592997880792,-0.1404990337643092,0.4090355721634622,-0.1229556782182992,-0.9037617189551556,-1.0599264484110875,69
0.8640090847749392,-0.1632598810249735,0.4120930680556447,1.290975147304006,0.4090355721634622,-1.5618755234959356,-0.9037617189551556,0.2851214799545941,69
0.6908461723770396,1.3405019435250136,1.2454692519775068,1.290975147304006,1.2194825678946093,-1.5618755234959356,1.6586709298539055,-1.0599264484110875,72
0.1713574351833407,0.6721633548361304,-0.2129390698857517,-0.1404990337643092,-1.2118584192988318,-1.5618755234959356,1.6586709298539055,0.2851214799545941,68
0.6042647161780897,-0.4974291753694151,1.106573221323863,-0.1404990337643092,1.2194825678946093,-0.1229556782182992,0.3774546054493748,-1.0599264484110875,70
-0.7810385830051073,0.6721633548361304,-0.7685231925003265,1.290975147304006,-0.4014114235676847,-1.5618755234959356,0.3774546054493748,0.2851214799545941,66
0.2579388913822905,-0.4974291753694151,-0.3518351005393955,-0.1404990337643092,1.2194825678946093,1.3159641670593372,1.6586709298539055,-1.0599264484110875,68
-1.1273644078009066,1.5075865906972346,-0.2129390698857517,1.290975147304006,-1.2118584192988318,-1.5618755234959356,-0.9037617189551556,0.2851214799545941,65
-0.0883869334135087,0.3379940604916889,0.0648529914215355,-0.1404990337643092,-0.4014114235676847,-0.1229556782182992,-0.9037617189551556,-1.0599264484110875,67
0.7774276285759895,-1.1657677640582984,-1.1157632691344357,1.290975147304006,-1.2118584192988318,1.3159641670593372,1.6586709298539055,-1.0599264484110875,66
1.2969163657696885,-0.3303445281971943,-0.6990751771735046,-0.1404990337643092,-0.4014114235676847,-1.5618755234959356,-0.9037617189551556,-1.0599264484110875,68
1.5566607343665375,0.6721633548361304,1.106573221323863,-0.1404990337643092,0.4090355721634622,-0.1229556782182992,1.6586709298539055,0.2851214799545941,74
-0.1749683896124585,-0.6645138225416359,0.6898851293629321,-1.5719732148326244,2.029929563625756,-0.1229556782182992,-0.9037617189551556,0.2851214799545941,65
1.0371719971728388,0.3379940604916889,1.3149172673043286,-0.1404990337643092,-0.4014114235676847,-0.1229556782182992,-0.9037617189551556,0.2851214799545941,71
1.6432421905654877,1.173417296352793,-0.8379712078271483,1.290975147304006,-1.2118584192988318,-0.1229556782182992,-0.9037617189551556,0.2851214799545941,73
-1.4736902325967058,0.170909413319468,-1.046315253807614,-1.5719732148326244,0.4090355721634622,1.3159641670593372,1.6586709298539055,0.2851214799545941,64
1.2969163657696885,1.5075865906972346,1.523261313284794,-0.1404990337643092,-1.2118584192988318,-1.5618755234959356,0.3774546054493748,0.2851214799545941,72
-0.6944571268061575,0.0038247661472472,0.6204371140361102,1.290975147304006,0.4090355721634622,-0.1229556782182992,-0.9037617189551556,0.2851214799545941,65
-0.6078756706072076,-0.9986831168860776,-1.1852112844612577,1.290975147304006,0.4090355721634622,-0.1229556782182992,0.3774546054493748,-1.0599264484110875,63
1.2969163657696885,-1.8341063527471813,1.523261313284794,-0.1404990337643092,-0.4014114235676847,-0.1229556782182992,0.3774546054493748,-1.0599264484110875,67
-0.5212942144082578,-0.6645138225416359,1.0371252059970413,1.290975147304006,-0.4014114235676847,1.3159641670593372,-0.9037617189551556,-1.0599264484110875,66
-1.5602716887956556,-0.3303445281971943,0.8287811600165758,-1.5719732148326244,2.029929563625756,-0.1229556782182992,0.3774546054493748,-1.0599264484110875,64
1.2969163657696885,-0.1632598810249735,-0.4907311311930391,1.290975147304006,1.2194825678946093,1.3159641670593372,0.3774546054493748,1.6301694083202758,73
-1.6468531449946056,-0.3303445281971943,-0.560179146519861,-1.5719732148326244,0.4090355721634622,-0.1229556782182992,-0.9037617189551556,1.6301694083202758,62
-1.5602716887956556,0.170909413319468,-1.1852112844612577,-1.5719732148326244,0.4090355721634622,-0.1229556782182992,0.3774546054493748,-1.0599264484110875,62
1.2969163657696885,-1.3328524112305191,0.6898851293629321,1.290975147304006,0.4090355721634622,-0.1229556782182992,0.3774546054493748,1.6301694083202758,70
1.0371719971728388,-0.6645138225416359,0.0648529914215355,-0.1404990337643092,-1.2118584192988318,-0.1229556782182992,1.6586709298539055,1.6301694083202758,68
0.0847759789843908,-0.9986831168860776,-0.1434910545589299,-0.1404990337643092,-0.4014114235676847,-0.1229556782182992,-0.9037617189551556,1.6301694083202758,63
-1.4736902325967058,-0.9986831168860776,-0.0740430392321081,1.290975147304006,-0.4014114235676847,1.3159641670593372,1.6586709298539055,-1.0599264484110875,63
-0.8676200392040571,0.3379940604916889,0.4815410833824666,-0.1404990337643092,-0.4014114235676847,-1.5618755234959356,-0.9037617189551556,-1.0599264484110875,65
-0.0883869334135087,0.5050787076639097,-0.6296271618466828,-0.1404990337643092,-0.4014114235676847,-1.5618755234959356,1.6586709298539055,1.6301694083202758,68
-0.9542014954030068,0.170909413319468,1.176021236650685,-0.1404990337643092,0.4090355721634622,-0.1229556782182992,-0.9037617189551556,-1.0599264484110875,65
0.0847759789843908,0.5050787076639097,1.3149172673043286,-1.5719732148326244,-0.4014114235676847,1.3159641670593372,0.3774546054493748,0.2851214799545941,70
-0.0883869334135087,-0.1632598810249735,1.6621573439384378,-0.1404990337643092,-0.4014114235676847,-1.5618755234959356,0.3774546054493748,-1.0599264484110875,66
0.51768325997914,0.170909413319468,-1.2546592997880792,1.290975147304006,-0.4014114235676847,1.3159641670593372,-0.9037617189551556,-1.0599264484110875,68
-0.6944571268061575,-0.8315984697138568,0.3426450527288229,-1.5719732148326244,2.029929563625756,-0.1229556782182992,0.3774546054493748,0.2851214799545941,65
0.2579388913822905,0.3379940604916889,1.6621573439384378,-0.1404990337643092,2.029929563625756,1.3159641670593372,-0.9037617189551556,1.6301694083202758,71
-1.0407829516019569,-0.9986831168860776,-0.2823870852125736,1.290975147304006,-0.4014114235676847,-0.1229556782182992,0.3774546054493748,0.2851214799545941,63
1.0371719971728388,-0.9986831168860776,-0.976867238480792,-0.1404990337643092,-1.2118584192988318,1.3159641670593372,0.3774546054493748,-1.0599264484110875,67
-1.2139458639998564,-0.6645138225416359,-0.8379712078271483,-1.5719732148326244,0.4090355721634622,-0.1229556782182992,0.3774546054493748,0.2851214799545941,61
-0.2615498458114084,1.006332649180572,-0.4212831158662173,-1.5719732148326244,-0.4014114235676847,-0.1229556782182992,-0.9037617189551556,1.6301694083202758,66
0.8640090847749392,-0.6645138225416359,1.0371252059970413,-1.5719732148326244,0.4090355721634622,1.3159641670593372,-0.9037617189551556,1.6301694083202758,69
0.8640090847749392,-1.8341063527471813,-0.6990751771735046,-0.1404990337643092,1.2194825678946093,1.3159641670593372,-0.9037617189551556,0.2851214799545941,67
1.6432421905654877,1.006332649180572,-0.0740430392321081,1.290975147304006,-0.4014114235676847,-0.1229556782182992,0.3774546054493748,0.2851214799545941,74
-1.1273644078009066,0.0038247661472472,0.4815410833824666,-1.5719732148326244,1.2194825678946093,1.3159641670593372,-0.9037617189551556,-1.0599264484110875,65
-1.2139458639998564,-0.3303445281971943,-1.6713473917490105,1.290975147304006,0.4090355721634622,1.3159641670593372,0.3774546054493748,-1.0599264484110875,64
-0.1749683896124585,1.5075865906972346,1.176021236650685,-0.1404990337643092,0.4090355721634622,1.3159641670593372,-0.9037617189551556,-1.0599264484110875,70
1.2969163657696885,-0.8315984697138568,1.6621573439384378,-0.1404990337643092,-1.2118584192988318,-1.5618755234959356,-0.9037617189551556,1.6301694083202758,68
-0.6078756706072076,0.3379940604916889,1.106573221323863,-1.5719732148326244,-0.4014114235676847,1.3159641670593372,1.6586709298539055,0.2851214799545941,67
1.3834978219686382,0.3379940604916889,-0.3518351005393955,1.290975147304006,0.4090355721634622,-0.1229556782182992,0.3774546054493748,0.2851214799545941,70
0.8640090847749392,-0.9986831168860776,-1.6713473917490105,-0.1404990337643092,-0.4014114235676847,-0.1229556782182992,-0.9037617189551556,0.2851214799545941,66
1.1237534533717888,-0.4974291753694151,0.8287811600165758,-0.1404990337643092,0.4090355721634622,-0.1229556782182992,0.3774546054493748,1.6301694083202758,69
1.0371719971728388,-0.4974291753694151,1.0371252059970413,-1.5719732148326244,-0.4014114235676847,-0.1229556782182992,-0.9037617189551556,1.6301694083202758,68
1.3834978219686382,0.8392480020083513,0.8982291753433976,1.290975147304006,-1.2118584192988318,-0.1229556782182992,-0.9037617189551556,-1.0599264484110875,71
1.470079278167588,-0.3303445281971943,0.2731970374020011,-1.5719732148326244,1.2194825678946093,1.3159641670593372,-0.9037617189551556,1.6301694083202758,71
0.8640090847749392,-0.6645138225416359,1.7316053592652596,1.290975147304006,-0.4014114235676847,-0.1229556782182992,-0.9037617189551556,1.6301694083202758,69
-0.5212942144082578,-0.4974291753694151,-0.7685231925003265,-1.5719732148326244,0.4090355721634622,-0.1229556782182992,-0.9037617189551556,0.2851214799545941,63
0.4311018037801901,-0.4974291753694151,-0.4212831158662173,1.290975147304006,2.029929563625756,1.3159641670593372,-0.9037617189551556,-1.0599264484110875,70
0.2579388913822905,-0.8315984697138568,-0.0045950239052862,-1.5719732148326244,-0.4014114235676847,-1.5618755234959356,-0.9037617189551556,0.2851214799545941,63
-1.7334346011935553,0.6721633548361304,-0.9074192231539702,-0.1404990337643092,2.029929563625756,-1.5618755234959356,-0.9037617189551556,-1.0599264484110875,63
1.3834978219686382,-0.9986831168860776,-0.6296271618466828,1.290975147304006,1.2194825678946093,-0.1229556782182992,0.3774546054493748,0.2851214799545941,70
-0.6944571268061575,0.5050787076639097,0.8287811600165758,1.290975147304006,1.2194825678946093,-0.1229556782182992,-0.9037617189551556,0.2851214799545941,67
-0.0018054772145589,-0.4974291753694151,-1.2546592997880792,1.290975147304006,2.029929563625756,1.3159641670593372,0.3774546054493748,-1.0599264484110875,68
-1.300527320198806,0.6721633548361304,-1.393555330441723,-0.1404990337643092,-0.4014114235676847,-0.1229556782182992,-0.9037617189551556,-1.0599264484110875,63
-1.5602716887956556,-0.4974291753694151,0.2037490220751792,-0.1404990337643092,-1.2118584192988318,-0.1229556782182992,-0.9037617189551556,0.2851214799545941,62
1.1237534533717888,-0.1632598810249735,0.6204371140361102,1.290975147304006,2.840376559356903,1.3159641670593372,-0.9037617189551556,-1.0599264484110875,73
-0.0018054772145589,0.3379940604916889,1.176021236650685,1.290975147304006,-1.2118584192988318,-0.1229556782182992,-0.9037617189551556,0.2851214799545941,70
0.7774276285759895,-0.8315984697138568,0.4815410833824666,-0.1404990337643092,-0.4014114235676847,-1.5618755234959356,0.3774546054493748,0.2851214799545941,66
-1.2139458639998564,-0.3303445281971943,1.4538132979579723,-0.1404990337643092,-1.2118584192988318,1.3159641670593372,-0.9037617189551556,-1.0599264484110875,64
1.1237534533717888,-1.3328524112305191,-1.7407954070758322,1.290975147304006,2.029929563625756,1.3159641670593372,1.6586709298539055,1.6301694083202758,71
-1.0407829516019569,1.006332649180572,-0.8379712078271483,-0.1404990337643092,0.4090355721634622,-0.1229556782182992,-0.9037617189551556,-1.0599264484110875,66
1.1237534533717888,0.5050787076639097,-1.5324513610953667,1.290975147304006,-0.4014114235676847,1.3159641670593372,0.3774546054493748,-1.0599264484110875,72
-0.1749683896124585,-0.4974291753694151,0.8982291753433976,1.290975147304006,-1.2118584192988318,-0.1229556782182992,-0.9037617189551556,-1.0599264484110875,65
-0.9542014954030068,1.006332649180572,1.3843652826311503,-0.1404990337643092,-0.4014114235676847,-0.1229556782182992,1.6586709298539055,-1.0599264484110875,67
0.1713574351833407,-0.9986831168860776,1.3149172673043286,1.290975147304006,4.461270550819197,-0.1229556782182992,1.6586709298539055,0.2851214799545941,71
1.2103349095707383,0.5050787076639097,1.3149172673043286,1.290975147304006,0.4090355721634622,-0.1229556782182992,-0.9037617189551556,0.2851214799545941,73
1.5566607343665375,1.173417296352793,1.2454692519775068,-0.1404990337643092,2.840376559356903,-1.5618755234959356,-0.9037617189551556,1.6301694083202758,100
0.7774276285759895,0.3379940604916889,0.2037490220751792,-0.1404990337643092,2.029929563625756,-1.5618755234959356,-0.9037617189551556,1.6301694083202758,70
-1.5602716887956556,-0.4974291753694151,1.6621573439384378,-1.5719732148326244,0.4090355721634622,1.3159641670593372,-0.9037617189551556,0.2851214799545941,62
-0.5212942144082578,-0.8315984697138568,-0.2129390698857517,-1.5719732148326244,0.4090355721634622,1.3159641670593372,-0.9037617189551556,-1.0599264484110875,64
-0.0883869334135087,1.006332649180572,1.0371252059970413,1.290975147304006,-1.2118584192988318,-1.5618755234959356,0.3774546054493748,1.6301694083202758,66
-0.3481313020103582,2.175925179386118,1.176021236650685,-0.1404990337643092,-0.4014114235676847,-0.1229556782182992,1.6586709298539055,1.6301694083202758,72
1.0371719971728388,0.0038247661472472,0.3426450527288229,1.290975147304006,-1.2118584192988318,-0.1229556782182992,0.3774546054493748,0.2851214799545941,71
0.1713574351833407,-0.9986831168860776,1.4538132979579723,-0.1404990337643092,0.4090355721634622,1.3159641670593372,-0.9037617189551556,1.6301694083202758,66
0.0847759789843908,-0.3303445281971943,0.1343010067483574,1.290975147304006,-0.4014114235676847,-1.5618755234959356,0.3774546054493748,0.2851214799545941,67
-0.6078756706072076,0.170909413319468,0.6898851293629321,-0.1404990337643092,3.65082355508805,-0.1229556782182992,0.3774546054493748,0.2851214799545941,70
-1.6468531449946056,-0.1632598810249735,1.3843652826311503,1.290975147304006,2.029929563625756,-0.1229556782182992,0.3774546054493748,0.2851214799545941,68
0.1713574351833407,0.3379940604916889,-0.976867238480792,-0.1404990337643092,0.4090355721634622,-0.1229556782182992,-0.9037617189551556,-1.0599264484110875,65
-0.5212942144082578,0.5050787076639097,1.7316053592652596,-1.5719732148326244,0.4090355721634622,1.3159641670593372,-0.9037617189551556,1.6301694083202758,68
-0.9542014954030068,-3.170783530124948,1.523261313284794,-0.1404990337643092,-0.4014114235676847,1.3159641670593372,-0.9037617189551556,-1.0599264484110875,61
-1.387108776397756,0.5050787076639097,0.3426450527288229,-0.1404990337643092,1.2194825678946093,1.3159641670593372,0.3774546054493748,0.2851214799545941,65
1.5566607343665375,0.5050787076639097,0.1343010067483574,1.290975147304006,-0.4014114235676847,1.3159641670593372,1.6586709298539055,-1.0599264484110875,74
1.6432421905654877,-0.3303445281971943,0.4120930680556447,1.290975147304006,-0.4014114235676847,-0.1229556782182992,1.6586709298539055,0.2851214799545941,72
-0.1749683896124585,-0.6645138225416359,-0.4907311311930391,-1.5719732148326244,1.2194825678946093,-0.1229556782182992,1.6586709298539055,-1.0599264484110875,66
0.6908461723770396,-1.8341063527471813,1.2454692519775068,-0.1404990337643092,0.4090355721634622,-1.5618755234959356,1.6586709298539055,0.2851214799545941,66
1.5566607343665375,-0.3303445281971943,0.8287811600165758,1.290975147304006,-1.2118584192988318,-1.5618755234959356,-0.9037617189551556,0.2851214799545941,70
-1.6468531449946056,-0.4974291753694151,0.4815410833824666,-0.1404990337643092,-1.2118584192988318,-1.5618755234959356,1.6586709298539055,0.2851214799545941,63
1.2103349095707383,-0.4974291753694151,0.0648529914215355,-1.5719732148326244,1.2194825678946093,-1.5618755234959356,0.3774546054493748,-1.0599264484110875,67
0.0847759789843908,-0.4974291753694151,-1.5324513610953667,-1.5719732148326244,-1.2118584192988318,-0.1229556782182992,0.3774546054493748,0.2851214799545941,63
0.0847759789843908,-1.6670217055749608,1.5927093286116158,-0.1404990337643092,0.4090355721634622,-1.5618755234959356,0.3774546054493748,-1.0599264484110875,65
-1.6468531449946056,-2.669529588608285,-0.2823870852125736,1.290975147304006,-1.2118584192988318,-1.5618755234959356,1.6586709298539055,-1.0599264484110875,58
-0.7810385830051073,0.6721633548361304,0.3426450527288229,-1.5719732148326244,0.4090355721634622,-0.1229556782182992,-0.9037617189551556,0.2851214799545941,66
1.3834978219686382,1.3405019435250136,1.5927093286116158,-0.1404990337643092,2.840376559356903,-0.1229556782182992,-0.9037617189551556,-1.0599264484110875,73
-0.7810385830051073,-0.6645138225416359,-0.1434910545589299,-0.1404990337643092,-0.4014114235676847,1.3159641670593372,-0.9037617189551556,0.2851214799545941,63
-1.1273644078009066,-0.8315984697138568,-0.6990751771735046,-0.1404990337643092,2.029929563625756,-1.5618755234959356,0.3774546054493748,0.2851214799545941,63
-1.2139458639998564,0.5050787076639097,1.3149172673043286,-1.5719732148326244,-0.4014114235676847,-1.5618755234959356,1.6586709298539055,0.2851214799545941,64
-0.5212942144082578,-1.8341063527471813,-0.6296271618466828,1.290975147304006,-0.4014114235676847,-0.1229556782182992,-0.9037617189551556,1.6301694083202758,62
1.2103349095707383,-1.4999370584027398,1.3149172673043286,-1.5719732148326244,0.4090355721634622,-1.5618755234959356,0.3774546054493748,-1.0599264484110875,67
-0.2615498458114084,-1.1657677640582984,-1.1852112844612577,1.290975147304006,0.4090355721634622,1.3159641670593372,-0.9037617189551556,-1.0599264484110875,66
-1.0407829516019569,-0.4974291753694151,1.6621573439384378,-1.5719732148326244,0.4090355721634622,-0.1229556782182992,-0.9037617189551556,0.2851214799545941,65
0.6042647161780897,1.173417296352793,-1.4630033457685447,-0.1404990337643092,-1.2118584192988318,1.3159641670593372,-0.9037617189551556,0.2851214799545941,70
0.6042647161780897,-0.1632598810249735,-0.0045950239052862,-0.1404990337643092,0.4090355721634622,-0.1229556782182992,-0.9037617189551556,-1.0599264484110875,67
0.8640090847749392,0.0038247661472472,0.6898851293629321,-0.1404990337643092,1.2194825678946093,-1.5618755234959356,0.3774546054493748,-1.0599264484110875,69
-1.387108776397756,0.3379940604916889,-0.6296271618466828,1.290975147304006,-0.4014114235676847,-0.1229556782182992,0.3774546054493748,0.2851214799545941,64
0.1713574351833407,-1.1657677640582984,-1.046315253807614,1.290975147304006,-0.4014114235676847,-0.1229556782182992,0.3774546054493748,-1.0599264484110875,64
1.1237534533717888,1.173417296352793,-0.6296271618466828,-1.5719732148326244,0.4090355721634622,-0.1229556782182992,0.3774546054493748,0.2851214799545941,70
-1.0407829516019569,0.3379940604916889,1.4538132979579723,-0.1404990337643092,-0.4014114235676847,1.3159641670593372,1.6586709298539055,0.2851214799545941,68
0.8640090847749392,-0.1632598810249735,0.6898851293629321,1.290975147304006,0.4090355721634622,1.3159641670593372,0.3774546054493748,0.2851214799545941,72
-0.3481313020103582,0.5050787076639097,0.6204371140361102,-0.1404990337643092,0.4090355721634622,-0.1229556782182992,0.3774546054493748,1.6301694083202758,70
-0.0018054772145589,1.006332649180572,1.106573221323863,-0.1404990337643092,-0.4014114235676847,-0.1229556782182992,-0.9037617189551556,-1.0599264484110875,67
-0.9542014954030068,0.170909413319468,-0.8379712078271483,-1.5719732148326244,-1.2118584192988318,1.3159641670593372,-0.9037617189551556,0.2851214799545941,64
0.9505905409738892,-0.1632598810249735,-0.560179146519861,-1.5719732148326244,-1.2118584192988318,-0.1229556782182992,0.3774546054493748,0.2851214799545941,66
0.3445203475812403,-1.1657677640582984,-1.1852112844612577,-0.1404990337643092,0.4090355721634622,-0.1229556782182992,1.6586709298539055,-1.0599264484110875,66
0.4311018037801901,-1.4999370584027398,0.3426450527288229,-1.5719732148326244,-1.2118584192988318,-0.1229556782182992,0.3774546054493748,-1.0599264484110875,63
0.3445203475812403,-0.1632598810249735,-1.3241073151149012,-0.1404990337643092,-1.2118584192988318,-1.5618755234959356,-0.9037617189551556,-1.0599264484110875,64
-0.0018054772145589,-0.6645138225416359,-1.393555330441723,-0.1404990337643092,-1.2118584192988318,1.3159641670593372,0.3774546054493748,-1.0599264484110875,65
-1.5602716887956556,0.0038247661472472,0.6898851293629321,-0.1404990337643092,2.840376559356903,-1.5618755234959356,-0.9037617189551556,-1.0599264484110875,65
-1.387108776397756,-0.3303445281971943,-0.4907311311930391,-1.5719732148326244,-0.4014114235676847,-0.1229556782182992,-0.9037617189551556,-1.0599264484110875,62
-1.300527320198806,-0.1632598810249735,-1.393555330441723,-0.1404990337643092,-0.4014114235676847,1.3159641670593372,1.6586709298539055,-1.0599264484110875,64
-1.387108776397756,-0.3303445281971943,-0.7685231925003265,-0.1404990337643092,2.029929563625756,-1.5618755234959356,-0.9037617189551556,-1.0599264484110875,61
0.3445203475812403,-2.168275647091623,1.7316053592652596,1.290975147304006,1.2194825678946093,-0.1229556782182992,-0.9037617189551556,-1.0599264484110875,64
1.470079278167588,-1.1657677640582984,-0.6990751771735046,-0.1404990337643092,-0.4014114235676847,1.3159641670593372,-0.9037617189551556,-1.0599264484110875,69
-0.0883869334135087,0.170909413319468,0.8287811600165758,1.290975147304006,-0.4014114235676847,-0.1229556782182992,1.6586709298539055,-1.0599264484110875,69
-0.0018054772145589,0.170909413319468,1.0371252059970413,1.290975147304006,-0.4014114235676847,1.3159641670593372,0.3774546054493748,-1.0599264484110875,68
-0.6944571268061575,0.170909413319468,-1.046315253807614,-0.1404990337643092,-1.2118584192988318,1.3159641670593372,1.6586709298539055,-1.0599264484110875,65
0.9505905409738892,0.170909413319468,1.7316053592652596,-0.1404990337643092,-1.2118584192988318,1.3159641670593372,1.6586709298539055,1.6301694083202758,72
-0.5212942144082578,2.3430098265583386,0.0648529914215355,-1.5719732148326244,0.4090355721634622,1.3159641670593372,0.3774546054493748,-1.0599264484110875,71
1.0371719971728388,-0.1632598810249735,-0.3518351005393955,-0.1404990337643092,0.4090355721634622,-1.5618755234959356,0.3774546054493748,1.6301694083202758,69
-1.2139458639998564,1.3405019435250136,-0.1434910545589299,-0.1404990337643092,0.4090355721634622,1.3159641670593372,0.3774546054493748,-1.0599264484110875,68
1.0371719971728388,1.5075865906972346,1.106573221323863,-0.1404990337643092,-0.4014114235676847,1.3159641670593372,-0.9037617189551556,1.6301694083202758,75
0.1713574351833407,-1.1657677640582984,0.4815410833824666,1.290975147304006,-0.4014114235676847,-0.1229556782182992,-0.9037617189551556,-1.0599264484110875,65
-1.1273644078009066,1.6746712378694553,0.7593331446897539,-0.1404990337643092,-1.2118584192988318,-0.1229556782182992,-0.9037617189551556,-1.0599264484110875,67
-1.387108776397756,1.3405019435250136,0.6204371140361102,1.290975147304006,0.4090355721634622,-0.1229556782182992,1.6586709298539055,0.2851214799545941,69
-1.2139458639998564,-1.6670217055749608,-0.0740430392321081,-0.1404990337643092,0.4090355721634622,-0.1229556782182992,-0.9037617189551556,-1.0599264484110875,59
-0.5212942144082578,1.173417296352793,0.6204371140361102,1.290975147304006,1.2194825678946093,-0.1229556782182992,0.3774546054493748,1.6301694083202758,70
0.8640090847749392,-0.1632598810249735,0.2037490220751792,-0.1404990337643092,-0.4014114235676847,-0.1229556782182992,-0.9037617189551556,-1.0599264484110875,67
0.8640090847749392,0.0038247661472472,-0.6990751771735046,-1.5719732148326244,1.2194825678946093,-0.1229556782182992,1.6586709298539055,-1.0599264484110875,68
-0.6944571268061575,-0.4974291753694151,-0.976867238480792,-0.1404990337643092,-0.4014114235676847,-0.1229556782182992,1.6586709298539055,0.2851214799545941,64
0.8640090847749392,1.3405019435250136,1.106573221323863,-0.1404990337643092,-1.2118584192988318,-1.5618755234959356,0.3774546054493748,0.2851214799545941,98
-1.300527320198806,0.5050787076639097,-1.2546592997880792,1.290975147304006,-0.4014114235676847,1.3159641670593372,-0.9037617189551556,1.6301694083202758,65
1.5566607343665375,0.6721633548361304,-1.393555330441723,-0.1404990337643092,-1.2118584192988318,-0.1229556782182992,-0.9037617189551556,0.2851214799545941,71
-0.6944571268061575,0.8392480020083513,1.176021236650685,-0.1404990337643092,-0.4014114235676847,-0.1229556782182992,-0.9037617189551556,-1.0599264484110875,66
1.3834978219686382,0.8392480020083513,1.5927093286116158,-1.5719732148326244,-0.4014114235676847,-1.5618755234959356,0.3774546054493748,0.2851214799545941,71
1.3834978219686382,-1.3328524112305191,1.3843652826311503,-0.1404990337643092,1.2194825678946093,1.3159641670593372,-0.9037617189551556,0.2851214799545941,69
-0.9542014954030068,1.173417296352793,1.2454692519775068,-1.5719732148326244,-0.4014114235676847,-0.1229556782182992,0.3774546054493748,0.2851214799545941,67
-0.1749683896124585,-1.8341063527471813,1.5927093286116158,-0.1404990337643092,1.2194825678946093,-0.1229556782182992,-0.9037617189551556,-1.0599264484110875,64
-0.7810385830051073,-2.001190999919402,0.1343010067483574,-0.1404990337643092,-1.2118584192988318,1.3159641670593372,-0.9037617189551556,1.6301694083202758,61
1.470079278167588,0.5050787076639097,1.3843652826311503,1.290975147304006,-1.2118584192988318,-0.1229556782182992,1.6586709298539055,0.2851214799545941,74
0.3445203475812403,0.6721633548361304,1.2454692519775068,1.290975147304006,1.2194825678946093,1.3159641670593372,-0.9037617189551556,1.6301694083202758,72
0.7774276285759895,1.006332649180572,-0.2129390698857517,-0.1404990337643092,-0.4014114235676847,-0.1229556782182992,0.3774546054493748,-1.0599264484110875,69
-1.300527320198806,0.3379940604916889,-0.6296271618466828,-0.1404990337643092,0.4090355721634622,-0.1229556782182992,-0.9037617189551556,0.2851214799545941,65
-0.8676200392040571,-1.1657677640582984,-0.0045950239052862,1.290975147304006,-0.4014114235676847,1.3159641670593372,1.6586709298539055,1.6301694083202758,66
-0.7810385830051073,0.6721633548361304,1.0371252059970413,-0.1404990337643092,1.2194825678946093,1.3159641670593372,0.3774546054493748,0.2851214799545941,69
-1.2139458639998564,-0.4974291753694151,0.5509890987092884,-0.1404990337643092,2.029929563625756,-0.1229556782182992,-0.9037617189551556,0.2851214799545941,65
1.5566607343665375,-1.1657677640582984,0.9676771906702194,-0.1404990337643092,-0.4014114235676847,1.3159641670593372,-0.9037617189551556,1.6301694083202758,70
0.2579388913822905,1.173417296352793,-0.6296271618466828,-0.1404990337643092,1.2194825678946093,-0.1229556782182992,0.3774546054493748,0.2851214799545941,70
0.4311018037801901,-1.6670217055749608,-0.7685231925003265,-0.1404990337643092,-0.4014114235676847,-0.1229556782182992,0.3774546054493748,0.2851214799545941,64
0.3445203475812403,-0.6645138225416359,-0.6990751771735046,-0.1404990337643092,-0.4014114235676847,-0.1229556782182992,-0.9037617189551556,1.6301694083202758,65
-0.9542014954030068,-0.4974291753694151,1.3843652826311503,1.290975147304006,-0.4014114235676847,-1.5618755234959356,-0.9037617189551556,-1.0599264484110875,65
0.4311018037801901,1.6746712378694553,0.5509890987092884,-0.1404990337643092,0.4090355721634622,-1.5618755234959356,0.3774546054493748,0.2851214799545941,71
-0.434712758209308,0.5050787076639097,-0.6296271618466828,-1.5719732148326244,2.840376559356903,-0.1229556782182992,-0.9037617189551556,0.2851214799545941,67
-0.1749683896124585,2.5100944737305597,1.6621573439384378,-1.5719732148326244,-0.4014114235676847,1.3159641670593372,-0.9037617189551556,-1.0599264484110875,72
1.6432421905654877,0.8392480020083513,0.7593331446897539,1.290975147304006,1.2194825678946093,1.3159641670593372,0.3774546054493748,0.2851214799545941,75
1.3834978219686382,0.170909413319468,0.2037490220751792,1.290975147304006,0.4090355721634622,-0.1229556782182992,-0.9037617189551556,1.6301694083202758,72
-0.434712758209308,2.0088405322138967,1.523261313284794,-0.1404990337643092,-0.4014114235676847,1.3159641670593372,0.3774546054493748,0.2851214799545941,72
-0.6078756706072076,-0.4974291753694151,0.6898851293629321,-0.1404990337643092,0.4090355721634622,1.3159641670593372,-0.9037617189551556,-1.0599264484110875,66
1.1237534533717888,1.006332649180572,0.8287811600165758,1.290975147304006,-0.4014114235676847,-1.5618755234959356,0.3774546054493748,0.2851214799545941,73
-0.9542014954030068,-1.3328524112305191,-0.3518351005393955,-1.5719732148326244,-0.4014114235676847,1.3159641670593372,-0.9037617189551556,0.2851214799545941,62
-1.300527320198806,-0.1632598810249735,-1.046315253807614,1.290975147304006,-0.4014114235676847,-0.1229556782182992,1.6586709298539055,-1.0599264484110875,63
-0.2615498458114084,0.170909413319468,-0.3518351005393955,1.290975147304006,0.4090355721634622,-0.1229556782182992,0.3774546054493748,1.6301694083202758,68
-0.9542014954030068,1.841755885041676,-1.6018993764221885,-0.1404990337643092,0.4090355721634622,-0.1229556782182992,0.3774546054493748,1.6301694083202758,92
-0.6944571268061575,1.006332649180572,0.4815410833824666,-1.5719732148326244,0.4090355721634622,-0.1229556782182992,1.6586709298539055,0.2851214799545941,65
-1.300527320198806,-2.335360294263844,-0.9074192231539702,1.290975147304006,1.2194825678946093,1.3159641670593372,-0.9037617189551556,-1.0599264484110875,59
-0.2615498458114084,0.170909413319468,0.8982291753433976,-0.1404990337643092,0.4090355721634622,-0.1229556782182992,0.3774546054493748,1.6301694083202758,68
0.0847759789843908,1.173417296352793,-0.3518351005393955,1.290975147304006,-1.2118584192988318,1.3159641670593372,-0.9037617189551556,-1.0599264484110875,70
0.3445203475812403,-0.8315984697138568,1.176021236650685,-0.1404990337643092,1.2194825678946093,-1.5618755234959356,0.3774546054493748,0.2851214799545941,68
1.1237534533717888,0.0038247661472472,0.5509890987092884,1.290975147304006,-1.2118584192988318,-1.5618755234959356,-0.9037617189551556,0.2851214799545941,68
1.6432421905654877,-0.3303445281971943,1.6621573439384378,-0.1404990337643092,-1.2118584192988318,-0.1229556782182992,-0.9037617189551556,-1.0599264484110875,69
0.1713574351833407,-0.4974291753694151,1.5927093286116158,-0.1404990337643092,1.2194825678946093,-0.1229556782182992,-0.9037617189551556,0.2851214799545941,69
1.1237534533717888,0.8392480020083513,1.0371252059970413,1.290975147304006,-0.4014114235676847,-0.1229556782182992,0.3774546054493748,0.2851214799545941,72
-1.2139458639998564,1.6746712378694553,-1.5324513610953667,1.290975147304006,0.4090355721634622,-0.1229556782182992,-0.9037617189551556,-1.0599264484110875,65
-0.434712758209308,-0.6645138225416359,-1.5324513610953667,-1.5719732148326244,-1.2118584192988318,1.3159641670593372,0.3774546054493748,-1.0599264484110875,64
0.3445203475812403,0.6721633548361304,1.2454692519775068,1.290975147304006,0.4090355721634622,-1.5618755234959356,-0.9037617189551556,-1.0599264484110875,70
0.7774276285759895,0.6721633548361304,1.3149172673043286,-1.5719732148326244,0.4090355721634622,-0.1229556782182992,-0.9037617189551556,0.2851214799545941,68
-0.6078756706072076,1.6746712378694553,-0.3518351005393955,-0.1404990337643092,-1.2118584192988318,1.3159641670593372,0.3774546054493748,0.2851214799545941,69
1.0371719971728388,1.5075865906972346,-1.1852112844612577,1.290975147304006,0.4090355721634622,-0.1229556782182992,0.3774546054493748,0.2851214799545941,72
-0.2615498458114084,0.170909413319468,-1.1852112844612577,-1.5719732148326244,-1.2118584192988318,-0.1229556782182992,0.3774546054493748,-1.0599264484110875,64
0.6042647161780897,-0.9986831168860776,-0.0740430392321081,-1.5719732148326244,-1.2118584192988318,-0.1229556782182992,0.3774546054493748,0.2851214799545941,64
0.0847759789843908,0.6721633548361304,-0.976867238480792,-1.5719732148326244,-0.4014114235676847,-0.1229556782182992,0.3774546054493748,-1.0599264484110875,66
-1.2139458639998564,-0.3303445281971943,0.9676771906702194,-0.1404990337643092,2.029929563625756,-0.1229556782182992,-0.9037617189551556,-1.0599264484110875,65
0.0847759789843908,1.006332649180572,-0.2823870852125736,-0.1404990337643092,-1.2118584192988318,-0.1229556782182992,-0.9037617189551556,0.2851214799545941,67
-1.7334346011935553,0.0038247661472472,-0.3518351005393955,-0.1404990337643092,0.4090355721634622,-0.1229556782182992,1.6586709298539055,-1.0599264484110875,63
-1.6468531449946056,-0.4974291753694151,-0.8379712078271483,-0.1404990337643092,-0.4014114235676847,1.3159641670593372,0.3774546054493748,0.2851214799545941,62
-0.434712758209308,0.3379940604916889,0.8982291753433976,-0.1404990337643092,-1.2118584192988318,-0.1229556782182992,1.6586709298539055,-1.0599264484110875,65
1.6432421905654877,0.170909413319468,-1.6713473917490105,1.290975147304006,0.4090355721634622,-0.1229556782182992,1.6586709298539055,0.2851214799545941,72
-0.3481313020103582,-1.3328524112305191,-1.6713473917490105,-1.5719732148326244,-1.2118584192988318,-0.1229556782182992,-0.9037617189551556,-1.0599264484110875,60
-0.9542014954030068,1.6746712378694553,1.176021236650685,-0.1404990337643092,0.4090355721634622,-0.1229556782182992,-0.9037617189551556,0.2851214799545941,68
1.7298236467644377,0.5050787076639097,-0.4212831158662173,-1.5719732148326244,-1.2118584192988318,1.3159641670593372,1.6586709298539055,-1.0599264484110875,72
-1.1273644078009066,2.5100944737305597,0.1343010067483574,1.290975147304006,-0.4014114235676847,1.3159641670593372,0.3774546054493748,-1.0599264484110875,71
0.0847759789843908,-0.4974291753694151,-0.976867238480792,-1.5719732148326244,0.4090355721634622,1.3159641670593372,0.3774546054493748,1.6301694083202758,67
-1.5602716887956556,-0.9986831168860776,1.523261313284794,-0.1404990337643092,-1.2118584192988318,-0.1229556782182992,-0.9037617189551556,0.2851214799545941,62
0.51768325997914,0.6721633548361304,-1.1157632691344357,1.290975147304006,-0.4014114235676847,1.3159641670593372,-0.9037617189551556,-1.0599264484110875,70
-1.387108776397756,-1.6670217055749608,-0.7685231925003265,1.290975147304006,-1.2118584192988318,-0.1229556782182992,-0.9037617189551556,0.2851214799545941,60
1.2969163657696885,1.173417296352793,-0.6296271618466828,-0.1404990337643092,1.2194825678946093,-0.1229556782182992,-0.9037617189551556,0.2851214799545941,72
0.9505905409738892,1.173417296352793,0.8287811600165758,1.290975147304006,-1.2118584192988318,-1.5618755234959356,-0.9037617189551556,0.2851214799545941,69
-0.3481313020103582,0.5050787076639097,0.4120930680556447,-0.1404990337643092,1.2194825678946093,1.3159641670593372,-0.9037617189551556,-1.0599264484110875,69
-1.2139458639998564,-0.1632598810249735,-1.1157632691344357,1.290975147304006,-0.4014114235676847,1.3159641670593372,1.6586709298539055,0.2851214799545941,65
0.4311018037801901,-0.3303445281971943,-1.3241073151149012,-0.1404990337643092,-1.2118584192988318,-1.5618755234959356,-0.9037617189551556,-1.0599264484110875,64
1.6432421905654877,-0.1632598810249735,0.8287811600165758,-1.5719732148326244,-0.4014114235676847,-0.1229556782182992,-0.9037617189551556,0.2851214799545941,70
-1.1273644078009066,-0.4974291753694151,1.523261313284794,-0.1404990337643092,-0.4014114235676847,-0.1229556782182992,1.6586709298539055,0.2851214799545941,64
-1.0407829516019569,0.5050787076639097,0.7593331446897539,-0.1404990337643092,-1.2118584192988318,1.3159641670593372,1.6586709298539055,0.2851214799545941,68
-0.6078756706072076,0.6721633548361304,-0.2823870852125736,-0.1404990337643092,-1.2118584192988318,-1.5618755234959356,-0.9037617189551556,-1.0599264484110875,64
0.9505905409738892,-0.8315984697138568,-0.2129390698857517,-0.1404990337643092,-1.2118584192988318,-0.1229556782182992,-0.9037617189551556,0.2851214799545941,65
0.8640090847749392,0.170909413319468,-0.3518351005393955,-1.5719732148326244,0.4090355721634622,-0.1229556782182992,1.6586709298539055,-1.0599264484110875,68
0.7774276285759895,0.0038247661472472,-0.2823870852125736,-0.1404990337643092,-0.4014114235676847,1.3159641670593372,1.6586709298539055,0.2851214799545941,68
0.1713574351833407,-0.1632598810249735,1.3149172673043286,-0.1404990337643092,-0.4014114235676847,-0.1229556782182992,-0.9037617189551556,0.2851214799545941,68
-0.434712758209308,-0.1632598810249735,-1.6018993764221885,-0.1404990337643092,-1.2118584192988318,-0.1229556782182992,1.6586709298539055,-1.0599264484110875,64
1.2969163657696885,0.170909413319468,-0.8379712078271483,-0.1404990337643092,-0.4014114235676847,-0.1229556782182992,1.6586709298539055,-1.0599264484110875,70
-1.1273644078009066,-1.3328524112305191,0.0648529914215355,1.290975147304006,-0.4014114235676847,1.3159641670593372,-0.9037617189551556,-1.0599264484110875,62
-1.6468531449946056,0.170909413319468,-1.1852112844612577,-0.1404990337643092,-0.4014114235676847,-1.5618755234959356,-0.9037617189551556,0.2851214799545941,60
0.0847759789843908,1.006332649180572,0.4815410833824666,-0.1404990337643092,-1.2118584192988318,-1.5618755234959356,1.6586709298539055,0.2851214799545941,67
1.0371719971728388,-0.6645138225416359,-1.1852112844612577,-1.5719732148326244,-1.2118584192988318,1.3159641670593372,-0.9037617189551556,1.6301694083202758,67
1.5566607343665375,-0.1632598810249735,0.0648529914215355,1.290975147304006,0.4090355721634622,-0.1229556782182992,-0.9037617189551556,0.2851214799545941,72
0.6908461723770396,1.841755885041676,1.6621573439384378,-0.1404990337643092,0.4090355721634622,-1.5618755234959356,1.6586709298539055,1.6301694083202758,73
-0.0883869334135087,0.8392480020083513,0.1343010067483574,-0.1404990337643092,0.4090355721634622,1.3159641670593372,-0.9037617189551556,-1.0599264484110875,68
-1.1273644078009066,0.5050787076639097,1.3149172673043286,-0.1404990337643092,-0.4014114235676847,1.3159641670593372,0.3774546054493748,0.2851214799545941,66
1.6432421905654877,1.173417296352793,-1.1852112844612577,-1.5719732148326244,0.4090355721634622,-1.5618755234959356,1.6586709298539055,0.2851214799545941,71
-0.6078756706072076,-1.1657677640582984,-1.1157632691344357,-1.5719732148326244,-1.2118584192988318,-0.1229556782182992,1.6586709298539055,0.2851214799545941,63
1.470079278167588,1.6746712378694553,-0.3518351005393955,1.290975147304006,-1.2118584192988318,1.3159641670593372,1.6586709298539055,1.6301694083202758,76
-0.2615498458114084,-1.8341063527471813,0.3426450527288229,-1.5719732148326244,1.2194825678946093,-1.5618755234959356,-0.9037617189551556,0.2851214799545941,61
-0.6078756706072076,-2.001190999919402,-0.6990751771735046,-0.1404990337643092,-0.4014114235676847,-1.5618755234959356,0.3774546054493748,-1.0599264484110875,61
-0.3481313020103582,-0.4974291753694151,1.3843652826311503,1.290975147304006,-0.4014114235676847,-0.1229556782182992,1.6586709298539055,-1.0599264484110875,67
-0.9542014954030068,0.170909413319468,0.6898851293629321,-1.5719732148326244,0.4090355721634622,-0.1229556782182992,1.6586709298539055,0.2851214799545941,66
-1.387108776397756,1.006332649180572,1.176021236650685,-0.1404990337643092,0.4090355721634622,1.3159641670593372,0.3774546054493748,-1.0599264484110875,68
-0.0883869334135087,-0.6645138225416359,0.2731970374020011,-0.1404990337643092,0.4090355721634622,1.3159641670593372,-0.9037617189551556,1.6301694083202758,68
0.9505905409738892,-2.168275647091623,1.3149172673043286,-0.1404990337643092,1.2194825678946093,1.3159641670593372,1.6586709298539055,1.6301694083202758,68
-1.5602716887956556,0.6721633548361304,1.0371252059970413,-0.1404990337643092,-1.2118584192988318,1.3159641670593372,0.3774546054493748,1.6301694083202758,67
-1.6468531449946056,-0.3303445281971943,-1.3241073151149012,-0.1404990337643092,1.2194825678946093,-0.1229556782182992,-0.9037617189551556,-1.0599264484110875,62
-1.5602716887956556,0.8392480020083513,-0.2823870852125736,-0.1404990337643092,-1.2118584192988318,1.3159641670593372,-0.9037617189551556,-1.0599264484110875,65
1.7298236467644377,1.173417296352793,0.2037490220751792,-1.5719732148326244,0.4090355721634622,-1.5618755234959356,-0.9037617189551556,0.2851214799545941,70
-1.1273644078009066,-0.8315984697138568,-0.0740430392321081,1.290975147304006,-1.2118584192988318,-0.1229556782182992,1.6586709298539055,1.6301694083202758,66
1.2969163657696885,-2.5024449414360648,1.176021236650685,1.290975147304006,-0.4014114235676847,-0.1229556782182992,0.3774546054493748,-1.0599264484110875,67
0.9505905409738892,0.170909413319468,-0.6296271618466828,1.290975147304006,1.2194825678946093,-0.1229556782182992,0.3774546054493748,-1.0599264484110875,70
1.0371719971728388,-0.6645138225416359,-0.6296271618466828,-0.1404990337643092,0.4090355721634622,-0.1229556782182992,1.6586709298539055,0.2851214799545941,70
-0.9542014954030068,1.006332649180572,-1.393555330441723,-0.1404990337643092,-0.4014114235676847,1.3159641670593372,0.3774546054493748,-1.0599264484110875,66
1.6432421905654877,0.170909413319468,-0.6990751771735046,-0.1404990337643092,-0.4014114235676847,1.3159641670593372,0.3774546054493748,0.2851214799545941,71
0.4311018037801901,-0.9986831168860776,0.1343010067483574,1.290975147304006,0.4090355721634622,1.3159641670593372,-0.9037617189551556,-1.0599264484110875,69
-0.6944571268061575,-0.3303445281971943,0.6898851293629321,1.290975147304006,-0.4014114235676847,1.3159641670593372,-0.9037617189551556,1.6301694083202758,68
-1.0407829516019569,-0.4974291753694151,-0.3518351005393955,-0.1404990337643092,0.4090355721634622,-0.1229556782182992,-0.9037617189551556,0.2851214799545941,64
-0.8676200392040571,0.0038247661472472,-0.3518351005393955,-0.1404990337643092,-1.2118584192988318,-0.1229556782182992,1.6586709298539055,-1.0599264484110875,65
-1.6468531449946056,2.3430098265583386,-0.0045950239052862,-0.1404990337643092,-0.4014114235676847,-1.5618755234959356,0.3774546054493748,-1.0599264484110875,65
0.3445203475812403,-0.6645138225416359,1.2454692519775068,1.290975147304006,-1.2118584192988318,-0.1229556782182992,-0.9037617189551556,1.6301694083202758,69
1.3834978219686382,-0.1632598810249735,-1.2546592997880792,-0.1404990337643092,-1.2118584192988318,-0.1229556782182992,-0.9037617189551556,-1.0599264484110875,69
1.3834978219686382,1.006332649180572,-0.4907311311930391,-0.1404990337643092,1.2194825678946093,-0.1229556782182992,0.3774546054493748,1.6301694083202758,74
-1.1273644078009066,0.8392480020083513,1.3843652826311503,-0.1404990337643092,-1.2118584192988318,-1.5618755234959356,1.6586709298539055,0.2851214799545941,65
-1.0407829516019569,-1.3328524112305191,1.5927093286116158,1.290975147304006,-0.4014114235676847,-0.1229556782182992,-0.9037617189551556,0.2851214799545941,65
-1.387108776397756,1.841755885041676,0.4120930680556447,-1.5719732148326244,-0.4014114235676847,1.3159641670593372,-0.9037617189551556,0.2851214799545941,67
-0.9542014954030068,-2.5024449414360648,0.1343010067483574,-0.1404990337643092,0.4090355721634622,-0.1229556782182992,0.3774546054493748,-1.0599264484110875,60
-1.6468531449946056,-0.9986831168860776,-0.9074192231539702,1.290975147304006,-1.2118584192988318,-1.5618755234959356,0.3774546054493748,1.6301694083202758,60
0.4311018037801901,-0.9986831168860776,-1.4630033457685447,-0.1404990337643092,-0.4014114235676847,-0.1229556782182992,1.6586709298539055,1.6301694083202758,65
-0.8676200392040571,0.0038247661472472,1.106573221323863,-0.1404990337643092,-0.4014114235676847,-0.1229556782182992,-0.9037617189551556,-1.0599264484110875,63
0.1713574351833407,1.5075865906972346,1.3843652826311503,1.290975147304006,0.4090355721634622,1.3159641670593372,0.3774546054493748,0.2851214799545941,74
1.0371719971728388,1.006332649180572,0.6204371140361102,1.290975147304006,-1.2118584192988318,1.3159641670593372,1.6586709298539055,0.2851214799545941,74
1.6432421905654877,-1.4999370584027398,0.8982291753433976,1.290975147304006,2.029929563625756,-0.1229556782182992,0.3774546054493748,0.2851214799545941,71
-1.2139458639998564,-1.3328524112305191,0.5509890987092884,1.290975147304006,-0.4014114235676847,-1.5618755234959356,-0.9037617189551556,0.2851214799545941,61
1.2969163657696885,-0.4974291753694151,-0.9074192231539702,-0.1404990337643092,-0.4014114235676847,1.3159641670593372,-0.9037617189551556,0.2851214799545941,69
0.9505905409738892,-0.3303445281971943,-0.2823870852125736,1.290975147304006,-1.2118584192988318,1.3159641670593372,-0.9037617189551556,0.2851214799545941,70
-0.2615498458114084,0.6721633548361304,-1.6018993764221885,-0.1404990337643092,-1.2118584192988318,-0.1229556782182992,-0.9037617189551556,0.2851214799545941,66
-0.0883869334135087,0.170909413319468,1.176021236650685,1.290975147304006,-1.2118584192988318,-0.1229556782182992,1.6586709298539055,-1.0599264484110875,67
-0.0018054772145589,0.6721633548361304,-0.4212831158662173,-0.1404990337643092,-1.2118584192988318,-0.1229556782182992,0.3774546054493748,0.2851214799545941,67
-1.300527320198806,0.170909413319468,1.7316053592652596,-0.1404990337643092,1.2194825678946093,-0.1229556782182992,1.6586709298539055,0.2851214799545941,67
0.6042647161780897,-0.4974291753694151,0.2731970374020011,1.290975147304006,1.2194825678946093,-0.1229556782182992,-0.9037617189551556,-1.0599264484110875,68
0.6042647161780897,0.3379940604916889,0.5509890987092884,-0.1404990337643092,-0.4014114235676847,-1.5618755234959356,0.3774546054493748,-1.0599264484110875,66
0.0847759789843908,-0.4974291753694151,-1.4630033457685447,-0.1404990337643092,2.029929563625756,1.3159641670593372,-0.9037617189551556,-1.0599264484110875,67
0.9505905409738892,1.3405019435250136,1.5927093286116158,-0.1404990337643092,0.4090355721634622,1.3159641670593372,1.6586709298539055,-1.0599264484110875,75
-0.7810385830051073,-0.8315984697138568,0.2037490220751792,-1.5719732148326244,-1.2118584192988318,1.3159641670593372,-0.9037617189551556,0.2851214799545941,63
-1.5602716887956556,0.170909413319468,1.176021236650685,-0.1404990337643092,-0.4014114235676847,-0.1229556782182992,-0.9037617189551556,0.2851214799545941,63
1.1237534533717888,1.3405019435250136,1.0371252059970413,1.290975147304006,-0.4014114235676847,-1.5618755234959356,-0.9037617189551556,-1.0599264484110875,71
1.0371719971728388,-0.1632598810249735,-1.6018993764221885,-0.1404990337643092,1.2194825678946093,1.3159641670593372,-0.9037617189551556,1.6301694083202758,70
1.2969163657696885,0.0038247661472472,-0.7685231925003265,-0.1404990337643092,0.4090355721634622,-1.5618755234959356,-0.9037617189551556,0.2851214799545941,68
1.3834978219686382,-0.4974291753694151,-1.4630033457685447,-0.1404990337643092,-0.4014114235676847,-0.1229556782182992,-0.9037617189551556,0.2851214799545941,69
-0.7810385830051073,0.0038247661472472,-1.046315253807614,-0.1404990337643092,-1.2118584192988318,1.3159641670593372,-0.9037617189551556,0.2851214799545941,64
-1.7334346011935553,0.0038247661472472,0.4815410833824666,1.290975147304006,0.4090355721634622,-1.5618755234959356,-0.9037617189551556,-1.0599264484110875,63
1.5566607343665375,0.170909413319468,-0.2129390698857517,-0.1404990337643092,1.2194825678946093,-0.1229556782182992,-0.9037617189551556,-1.0599264484110875,71
0.9505905409738892,2.0088405322138967,-0.6296271618466828,-0.1404990337643092,1.2194825678946093,1.3159641670593372,1.6586709298539055,-1.0599264484110875,75
-1.0407829516019569,0.5050787076639097,1.106573221323863,1.290975147304006,2.840376559356903,-0.1229556782182992,0.3774546054493748,-1.0599264484110875,68
-1.5602716887956556,1.3405019435250136,0.8982291753433976,-0.1404990337643092,-1.2118584192988318,1.3159641670593372,1.6586709298539055,-1.0599264484110875,67
-1.1273644078009066,0.170909413319468,-1.6018993764221885,1.290975147304006,1.2194825678946093,-0.1229556782182992,-0.9037617189551556,-1.0599264484110875,62
0.7774276285759895,1.6746712378694553,0.9676771906702194,-0.1404990337643092,1.2194825678946093,-0.1229556782182992,1.6586709298539055,1.6301694083202758,74
1.3834978219686382,1.173417296352793,0.6204371140361102,-1.5719732148326244,-0.4014114235676847,1.3159641670593372,0.3774546054493748,1.6301694083202758,74
-1.2139458639998564,0.6721633548361304,0.9676771906702194,1.290975147304006,-1.2118584192988318,-0.1229556782182992,0.3774546054493748,0.2851214799545941,67
-1.6468531449946056,0.0038247661472472,0.4120930680556447,1.290975147304006,-1.2118584192988318,-0.1229556782182992,-0.9037617189551556,1.6301694083202758,63
-0.3481313020103582,0.170909413319468,-0.6990751771735046,-0.1404990337643092,0.4090355721634622,-0.1229556782182992,-0.9037617189551556,-1.0599264484110875,65
-0.9542014954030068,-0.8315984697138568,-0.1434910545589299,-0.1404990337643092,0.4090355721634622,-1.5618755234959356,-0.9037617189551556,0.2851214799545941,61
0.6908461723770396,-0.1632598810249735,-0.6296271618466828,1.290975147304006,1.2194825678946093,1.3159641670593372,-0.9037617189551556,0.2851214799545941,70
-1.1273644078009066,-0.6645138225416359,1.3149172673043286,1.290975147304006,-0.4014114235676847,-0.1229556782182992,1.6586709298539055,0.2851214799545941,66
-1.4736902325967058,-1.3328524112305191,-0.8379712078271483,1.290975147304006,2.029929563625756,-0.1229556782182992,-0.9037617189551556,-1.0599264484110875,61
-0.7810385830051073,-0.4974291753694151,0.2037490220751792,1.290975147304006,-1.2118584192988318,-1.5618755234959356,0.3774546054493748,0.2851214799545941,64
-1.5602716887956556,2.0088405322138967,0.7593331446897539,-0.1404990337643092,-1.2118584192988318,1.3159641670593372,-0.9037617189551556,-1.0599264484110875,67
0.2579388913822905,0.3379940604916889,0.5509890987092884,-0.1404990337643092,-0.4014114235676847,-0.1229556782182992,1.6586709298539055,1.6301694083202758,69
-0.9542014954030068,0.8392480020083513,-1.6018993764221885,-1.5719732148326244,-0.4014114235676847,1.3159641670593372,-0.9037617189551556,-1.0599264484110875,65
0.8640090847749392,1.5075865906972346,1.3149172673043286,-0.1404990337643092,-0.4014114235676847,1.3159641670593372,-0.9037617189551556,-1.0599264484110875,73
1.3834978219686382,1.173417296352793,-0.2823870852125736,1.290975147304006,-1.2118584192988318,-0.1229556782182992,0.3774546054493748,-1.0599264484110875,72
-1.300527320198806,0.170909413319468,1.5927093286116158,-1.5719732148326244,0.4090355721634622,-0.1229556782182992,1.6586709298539055,-1.0599264484110875,66
1.3834978219686382,0.8392480020083513,1.5927093286116158,-0.1404990337643092,-1.2118584192988318,-1.5618755234959356,-0.9037617189551556,-1.0599264484110875,71
1.0371719971728388,-0.6645138225416359,-0.2823870852125736,-1.5719732148326244,0.4090355721634622,-0.1229556782182992,-0.9037617189551556,-1.0599264484110875,66
0.9505905409738892,0.3379940604916889,-0.976867238480792,1.290975147304006,1.2194825678946093,-0.1229556782182992,1.6586709298539055,-1.0599264484110875,70
1.7298236467644377,-0.6645138225416359,-1.3241073151149012,1.290975147304006,-0.4014114235676847,-0.1229556782182992,-0.9037617189551556,1.6301694083202758,69
-1.4736902325967058,-0.1632598810249735,-1.1852112844612577,1.290975147304006,0.4090355721634622,-1.5618755234959356,1.6586709298539055,-1.0599264484110875,64
1.1237534533717888,1.5075865906972346,-0.0740430392321081,1.290975147304006,1.2194825678946093,1.3159641670593372,-0.9037617189551556,0.2851214799545941,76
-1.0407829516019569,1.841755885041676,0.7593331446897539,-0.1404990337643092,-0.4014114235676847,1.3159641670593372,-0.9037617189551556,-1.0599264484110875,68
0.8640090847749392,0.8392480020083513,1.4538132979579723,-0.1404990337643092,-0.4014114235676847,-0.1229556782182992,0.3774546054493748,0.2851214799545941,72
0.4311018037801901,-0.9986831168860776,-0.0045950239052862,-0.1404990337643092,0.4090355721634622,-0.1229556782182992,-0.9037617189551556,1.6301694083202758,64
-0.0018054772145589,0.170909413319468,0.2037490220751792,-1.5719732148326244,-1.2118584192988318,-0.1229556782182992,1.6586709298539055,0.2851214799545941,66
-0.0018054772145589,0.6721633548361304,-1.046315253807614,-0.1404990337643092,-0.4014114235676847,-0.1229556782182992,-0.9037617189551556,1.6301694083202758,68
-0.2615498458114084,-1.3328524112305191,-1.2546592997880792,-0.1404990337643092,0.4090355721634622,-0.1229556782182992,0.3774546054493748,-1.0599264484110875,63
1.3834978219686382,1.5075865906972346,-1.393555330441723,-0.1404990337643092,-1.2118584192988318,-0.1229556782182992,1.6586709298539055,0.2851214799545941,70
1.3834978219686382,0.170909413319468,-1.1852112844612577,1.290975147304006,-1.2118584192988318,1.3159641670593372,0.3774546054493748,1.6301694083202758,72
0.2579388913822905,-1.3328524112305191,0.2731970374020011,-0.1404990337643092,-0.4014114235676847,-0.1229556782182992,-0.9037617189551556,1.6301694083202758,65
-0.9542014954030068,-0.1632598810249735,-0.0045950239052862,-1.5719732148326244,0.4090355721634622,-0.1229556782182992,-0.9037617189551556,0.2851214799545941,63
-0.6944571268061575,0.170909413319468,0.3426450527288229,-0.1404990337643092,1.2194825678946093,-0.1229556782182992,-0.9037617189551556,-1.0599264484110875,67
0.9505905409738892,0.5050787076639097,-1.1852112844612577,-1.5719732148326244,-1.2118584192988318,1.3159641670593372,-0.9037617189551556,0.2851214799545941,68
1.6432421905654877,-0.6645138225416359,-1.393555330441723,-0.1404990337643092,-0.4014114235676847,-1.5618755234959356,0.3774546054493748,1.6301694083202758,67
-0.7810385830051073,0.5050787076639097,-0.0045950239052862,-1.5719732148326244,-0.4014114235676847,-1.5618755234959356,0.3774546054493748,-1.0599264484110875,63
-1.1273644078009066,0.3379940604916889,-1.6018993764221885,-0.1404990337643092,-0.4014114235676847,-1.5618755234959356,0.3774546054493748,0.2851214799545941,60
-0.5212942144082578,-1.4999370584027398,1.5927093286116158,1.290975147304006,-0.4014114235676847,-0.1229556782182992,-0.9037617189551556,-1.0599264484110875,65
-1.6468531449946056,0.170909413319468,1.0371252059970413,-0.1404990337643092,0.4090355721634622,-0.1229556782182992,-0.9037617189551556,0.2851214799545941,63
0.6042647161780897,-0.3303445281971943,-1.2546592997880792,-1.5719732148326244,1.2194825678946093,-1.5618755234959356,-0.9037617189551556,1.6301694083202758,66
-1.1273644078009066,1.6746712378694553,-1.6018993764221885,1.290975147304006,-0.4014114235676847,-0.1229556782182992,-0.9037617189551556,-1.0599264484110875,66
-1.4736902325967058,0.170909413319468,-0.8379712078271483,-0.1404990337643092,0.4090355721634622,1.3159641670593372,-0.9037617189551556,0.2851214799545941,63
0.8640090847749392,0.3379940604916889,-0.9074192231539702,-0.1404990337643092,-1.2118584192988318,-1.5618755234959356,0.3774546054493748,0.2851214799545941,67
0.6908461723770396,-1.3328524112305191,-1.3241073151149012,-0.1404990337643092,-1.2118584192988318,-1.5618755234959356,-0.9037617189551556,-1.0599264484110875,62
-1.4736902325967058,-1.1657677640582984,-1.393555330441723,-0.1404990337643092,-1.2118584192988318,1.3159641670593372,1.6586709298539055,0.2851214799545941,62
0.0847759789843908,-0.1632598810249735,1.4538132979579723,-0.1404990337643092,-1.2118584192988318,-1.5618755234959356,1.6586709298539055,0.2851214799545941,69
1.6432421905654877,0.0038247661472472,1.523261313284794,-1.5719732148326244,2.029929563625756,-0.1229556782182992,0.3774546054493748,1.6301694083202758,73
0.2579388913822905,0.0038247661472472,0.2037490220751792,1.290975147304006,1.2194825678946093,1.3159641670593372,0.3774546054493748,-1.0599264484110875,71
0.6908461723770396,-0.9986831168860776,-0.6296271618466828,-0.1404990337643092,2.029929563625756,-0.1229556782182992,-0.9037617189551556,0.2851214799545941,69
-1.5602716887956556,0.6721633548361304,-1.7407954070758322,-1.5719732148326244,-0.4014114235676847,-0.1229556782182992,1.6586709298539055,1.6301694083202758,64
1.2103349095707383,-0.3303445281971943,-1.6713473917490105,-0.1404990337643092,-1.2118584192988318,-0.1229556782182992,0.3774546054493748,1.6301694083202758,67
0.4311018037801901,0.3379940604916889,0.2731970374020011,-0.1404990337643092,-0.4014114235676847,-1.5618755234959356,0.3774546054493748,1.6301694083202758,68
-0.1749683896124585,0.0038247661472472,0.6898851293629321,-0.1404990337643092,-0.4014114235676847,1.3159641670593372,-0.9037617189551556,1.6301694083202758,69
0.3445203475812403,-0.3303445281971943,1.176021236650685,1.290975147304006,-1.2118584192988318,1.3159641670593372,0.3774546054493748,-1.0599264484110875,69
1.1237534533717888,-1.1657677640582984,-0.9074192231539702,1.290975147304006,-1.2118584192988318,-0.1229556782182992,-0.9037617189551556,-1.0599264484110875,65
0.8640090847749392,2.67717912090278,-0.4907311311930391,1.290975147304006,-0.4014114235676847,-0.1229556782182992,-0.9037617189551556,-1.0599264484110875,74
1.1237534533717888,-0.1632598810249735,0.3426450527288229,1.290975147304006,-0.4014114235676847,1.3159641670593372,0.3774546054493748,0.2851214799545941,71
0.2579388913822905,-1.3328524112305191,0.7593331446897539,-0.1404990337643092,-0.4014114235676847,-1.5618755234959356,0.3774546054493748,1.6301694083202758,65
0.3445203475812403,0.3379940604916889,-0.4212831158662173,-0.1404990337643092,1.2194825678946093,1.3159641670593372,0.3774546054493748,0.2851214799545941,70
-1.5602716887956556,2.175925179386118,0.2037490220751792,-0.1404990337643092,-1.2118584192988318,1.3159641670593372,-0.9037617189551556,0.2851214799545941,68
0.0847759789843908,0.5050787076639097,1.106573221323863,1.290975147304006,-1.2118584192988318,1.3159641670593372,-0.9037617189551556,1.6301694083202758,70
1.3834978219686382,-0.4974291753694151,1.2454692519775068,-0.1404990337643092,0.4090355721634622,-0.1229556782182992,-0.9037617189551556,0.2851214799545941,70
1.470079278167588,-0.6645138225416359,0.4120930680556447,-1.5719732148326244,-1.2118584192988318,-0.1229556782182992,-0.9037617189551556,1.6301694083202758,70
-0.8676200392040571,0.170909413319468,0.2037490220751792,1.290975147304006,1.2194825678946093,-0.1229556782182992,0.3774546054493748,0.2851214799545941,65
1.3834978219686382,-2.836614235780506,-1.1157632691344357,1.290975147304006,0.4090355721634622,1.3159641670593372,0.3774546054493748,-1.0599264484110875,66
0.0847759789843908,-1.3328524112305191,-0.7685231925003265,-0.1404990337643092,0.4090355721634622,-0.1229556782182992,-0.9037617189551556,1.6301694083202758,66
-1.4736902325967058,1.173417296352793,0.3426450527288229,-1.5719732148326244,-0.4014114235676847,-0.1229556782182992,-0.9037617189551556,0.2851214799545941,65
-1.4736902325967058,-0.8315984697138568,-0.8379712078271483,1.290975147304006,2.029929563625756,1.3159641670593372,0.3774546054493748,1.6301694083202758,64
1.1237534533717888,0.5050787076639097,1.3149172673043286,-1.5719732148326244,0.4090355721634622,-0.1229556782182992,-0.9037617189551556,0.2851214799545941,70
0.3445203475812403,-0.1632598810249735,0.8287811600165758,1.290975147304006,0.4090355721634622,-0.1229556782182992,-0.9037617189551556,-1.0599264484110875,69
-0.1749683896124585,0.5050787076639097,0.6204371140361102,-0.1404990337643092,-1.2118584192988318,-1.5618755234959356,0.3774546054493748,-1.0599264484110875,66
-0.0883869334135087,-0.1632598810249735,0.4815410833824666,-0.1404990337643092,-0.4014114235676847,-1.5618755234959356,-0.9037617189551556,-1.0599264484110875,65
-0.0018054772145589,0.0038247661472472,0.1343010067483574,-1.5719732148326244,-1.2118584192988318,-1.5618755234959356,-0.9037617189551556,0.2851214799545941,64
1.6432421905654877,2.5100944737305597,0.6898851293629321,1.290975147304006,0.4090355721634622,1.3159641670593372,1.6586709298539055,0.2851214799545941,79
-1.300527320198806,-0.8315984697138568,-0.4212831158662173,-0.1404990337643092,-0.4014114235676847,-0.1229556782182992,1.6586709298539055,1.6301694083202758,64
1.3834978219686382,-0.1632598810249735,1.523261313284794,-0.1404990337643092,1.2194825678946093,-0.1229556782182992,-0.9037617189551556,0.2851214799545941,71
-1.387108776397756,0.6721633548361304,-0.560179146519861,-0.1404990337643092,-1.2118584192988318,-0.1229556782182992,-0.9037617189551556,-1.0599264484110875,62
-1.6468531449946056,-0.4974291753694151,-0.2129390698857517,1.290975147304006,-0.4014114235676847,-0.1229556782182992,-0.9037617189551556,0.2851214799545941,62
-0.1749683896124585,-0.6645138225416359,-1.2546592997880792,-1.5719732148326244,-0.4014114235676847,1.3159641670593372,0.3774546054493748,0.2851214799545941,65
0.1713574351833407,1.006332649180572,-1.046315253807614,1.290975147304006,1.2194825678946093,-1.5618755234959356,1.6586709298539055,-1.0599264484110875,68
-1.300527320198806,1.3405019435250136,0.2037490220751792,-0.1404990337643092,-0.4014114235676847,-0.1229556782182992,0.3774546054493748,1.6301694083202758,67
-0.2615498458114084,0.170909413319468,-0.6990751771735046,-0.1404990337643092,0.4090355721634622,-1.5618755234959356,-0.9037617189551556,-1.0599264484110875,64
-1.387108776397756,-1.6670217055749608,0.0648529914215355,-1.5719732148326244,-0.4014114235676847,-0.1229556782182992,-0.9037617189551556,-1.0599264484110875,58
-1.1273644078009066,0.5050787076639097,-0.4212831158662173,1.290975147304006,-0.4014114235676847,1.3159641670593372,-0.9037617189551556,1.6301694083202758,67
1.7298236467644377,0.0038247661472472,-0.1434910545589299,-0.1404990337643092,-0.4014114235676847,-0.1229556782182992,0.3774546054493748,-1.0599264484110875,71
0.3445203475812403,-0.3303445281971943,1.3149172673043286,1.290975147304006,1.2194825678946093,1.3159641670593372,-0.9037617189551556,1.6301694083202758,71
0.6042647161780897,0.5050787076639097,-0.2129390698857517,1.290975147304006,-0.4014114235676847,-0.1229556782182992,0.3774546054493748,-1.0599264484110875,69
-0.6944571268061575,1.173417296352793,-0.8379712078271483,-0.1404990337643092,-0.4014114235676847,-0.1229556782182992,0.3774546054493748,1.6301694083202758,67
-1.1273644078009066,-0.3303445281971943,-0.9074192231539702,-0.1404990337643092,-0.4014114235676847,1.3159641670593372,-0.9037617189551556,-1.0599264484110875,63
-0.0883869334135087,-1.4999370584027398,1.5927093286116158,-0.1404990337643092,0.4090355721634622,-0.1229556782182992,-0.9037617189551556,-1.0599264484110875,65
0.6042647161780897,2.0088405322138967,-1.393555330441723,1.290975147304006,-1.2118584192988318,-0.1229556782182992,-0.9037617189551556,-1.0599264484110875,71
1.0371719971728388,0.170909413319468,0.6898851293629321,-0.1404990337643092,-0.4014114235676847,1.3159641670593372,-0.9037617189551556,1.6301694083202758,69
-0.7810385830051073,1.006332649180572,0.5509890987092884,-1.5719732148326244,-0.4014114235676847,1.3159641670593372,0.3774546054493748,0.2851214799545941,66
-1.0407829516019569,0.6721633548361304,1.4538132979579723,-0.1404990337643092,-0.4014114235676847,-0.1229556782182992,-0.9037617189551556,-1.0599264484110875,67
-0.3481313020103582,-1.4999370584027398,1.106573221323863,-0.1404990337643092,-0.4014114235676847,-0.1229556782182992,0.3774546054493748,1.6301694083202758,64
-0.0018054772145589,1.173417296352793,0.3426450527288229,-1.5719732148326244,-1.2118584192988318,-0.1229556782182992,-0.9037617189551556,1.6301694083202758,66
-0.0018054772145589,-0.4974291753694151,1.176021236650685,-0.1404990337643092,-1.2118584192988318,-0.1229556782182992,1.6586709298539055,-1.0599264484110875,67
-1.387108776397756,-0.4974291753694151,0.2037490220751792,-0.1404990337643092,-0.4014114235676847,-0.1229556782182992,-0.9037617189551556,0.2851214799545941,64
-1.2139458639998564,0.6721633548361304,-0.0740430392321081,1.290975147304006,-1.2118584192988318,-1.5618755234959356,0.3774546054493748,1.6301694083202758,65
1.0371719971728388,-0.4974291753694151,-1.2546592997880792,-1.5719732148326244,0.4090355721634622,-1.5618755234959356,-0.9037617189551556,0.2851214799545941,65
0.9505905409738892,0.0038247661472472,-0.0740430392321081,-0.1404990337643092,-0.4014114235676847,1.3159641670593372,-0.9037617189551556,0.2851214799545941,69
-1.0407829516019569,-0.4974291753694151,-1.5324513610953667,1.290975147304006,-1.2118584192988318,-1.5618755234959356,0.3774546054493748,-1.0599264484110875,61
1.2969163657696885,0.3379940604916889,-0.4212831158662173,1.290975147304006,-0.4014114235676847,-0.1229556782182992,0.3774546054493748,-1.0599264484110875,72
-0.3481313020103582,0.170909413319468,-0.7685231925003265,-0.1404990337643092,-0.4014114235676847,-0.1229556782182992,-0.9037617189551556,0.2851214799545941,66
0.9505905409738892,-1.8341063527471813,0.8982291753433976,-1.5719732148326244,0.4090355721634622,-0.1229556782182992,1.6586709298539055,0.2851214799545941,65
0.7774276285759895,1.173417296352793,-0.560179146519861,-1.5719732148326244,0.4090355721634622,-0.1229556782182992,0.3774546054493748,-1.0599264484110875,69
0.1713574351833407,-1.4999370584027398,-0.8379712078271483,-0.1404990337643092,-0.4014114235676847,1.3159641670593372,-0.9037617189551556,0.2851214799545941,65
0.2579388913822905,0.3379940604916889,-0.1434910545589299,-0.1404990337643092,-1.2118584192988318,-0.1229556782182992,-0.9037617189551556,-1.0599264484110875,67
0.8640090847749392,-1.1657677640582984,1.6621573439384378,1.290975147304006,-0.4014114235676847,-0.1229556782182992,0.3774546054493748,1.6301694083202758,69
-1.1273644078009066,-0.6645138225416359,1.3843652826311503,-0.1404990337643092,0.4090355721634622,-0.1229556782182992,-0.9037617189551556,0.2851214799545941,63
-0.2615498458114084,-0.9986831168860776,1.4538132979579723,-0.1404990337643092,1.2194825678946093,1.3159641670593372,1.6586709298539055,0.2851214799545941,68
-0.6078756706072076,0.5050787076639097,-0.0045950239052862,-0.1404990337643092,-1.2118584192988318,1.3159641670593372,-0.9037617189551556,1.6301694083202758,68
-0.3481313020103582,1.841755885041676,1.106573221323863,1.290975147304006,-0.4014114235676847,-0.1229556782182992,1.6586709298539055,-1.0599264484110875,72
0.2579388913822905,-0.6645138225416359,-0.8379712078271483,-0.1404990337643092,-1.2118584192988318,1.3159641670593372,1.6586709298539055,0.2851214799545941,67
0.0847759789843908,-0.3303445281971943,-0.1434910545589299,-0.1404990337643092,-0.4014114235676847,-1.5618755234959356,-0.9037617189551556,1.6301694083202758,65
1.5566607343665375,-0.1632598810249735,-0.9074192231539702,-1.5719732148326244,-0.4014114235676847,1.3159641670593372,-0.9037617189551556,-1.0599264484110875,70
-0.0018054772145589,-1.1657677640582984,1.3149172673043286,-0.1404990337643092,-0.4014114235676847,-0.1229556782182992,-0.9037617189551556,0.2851214799545941,67
0.7774276285759895,1.841755885041676,-1.2546592997880792,-0.1404990337643092,-0.4014114235676847,-0.1229556782182992,0.3774546054493748,1.6301694083202758,71
0.6908461723770396,0.5050787076639097,0.4815410833824666,-0.1404990337643092,-1.2118584192988318,-0.1229556782182992,0.3774546054493748,0.2851214799545941,69
-1.387108776397756,0.3379940604916889,-0.9074192231539702,-0.1404990337643092,1.2194825678946093,-0.1229556782182992,1.6586709298539055,-1.0599264484110875,65
-0.434712758209308,-0.4974291753694151,0.3426450527288229,1.290975147304006,-0.4014114235676847,-0.1229556782182992,-0.9037617189551556,-1.0599264484110875,65
0.9505905409738892,0.8392480020083513,-0.0740430392321081,-0.1404990337643092,-0.4014114235676847,-0.1229556782182992,0.3774546054493748,0.2851214799545941,71
-1.387108776397756,1.173417296352793,-0.560179146519861,1.290975147304006,-1.2118584192988318,-0.1229556782182992,-0.9037617189551556,-1.0599264484110875,65
-0.9542014954030068,0.8392480020083513,0.2037490220751792,1.290975147304006,-1.2118584192988318,-1.5618755234959356,-0.9037617189551556,-1.0599264484110875,64
-1.5602716887956556,0.6721633548361304,-1.5324513610953667,-1.5719732148326244,-1.2118584192988318,1.3159641670593372,1.6586709298539055,0.2851214799545941,65
1.5566607343665375,1.173417296352793,-1.1852112844612577,1.290975147304006,-0.4014114235676847,1.3159641670593372,1.6586709298539055,1.6301694083202758,74
-0.5212942144082578,0.5050787076639097,1.2454692519775068,1.290975147304006,2.029929563625756,-0.1229556782182992,-0.9037617189551556,1.6301694083202758,70
-1.1273644078009066,-0.4974291753694151,0.4815410833824666,-0.1404990337643092,-1.2118584192988318,1.3159641670593372,-0.9037617189551556,0.2851214799545941,65
0.6042647161780897,2.175925179386118,0.1343010067483574,1.290975147304006,-1.2118584192988318,-0.1229556782182992,-0.9037617189551556,-1.0599264484110875,71
-0.3481313020103582,0.6721633548361304,-0.1434910545589299,-1.5719732148326244,2.029929563625756,1.3159641670593372,-0.9037617189551556,0.2851214799545941,68
0.3445203475812403,-0.1632598810249735,-0.2129390698857517,-1.5719732148326244,-0.4014114235676847,-0.1229556782182992,-0.9037617189551556,-1.0599264484110875,65
-1.2139458639998564,-0.6645138225416359,-1.3241073151149012,-1.5719732148326244,-1.2118584192988318,-0.1229556782182992,0.3774546054493748,-1.0599264484110875,60
0.4311018037801901,0.170909413319468,1.2454692519775068,-0.1404990337643092,-1.2118584192988318,1.3159641670593372,-0.9037617189551556,1.6301694083202758,70
0.6042647161780897,-0.4974291753694151,0.5509890987092884,1.290975147304006,-1.2118584192988318,1.3159641670593372,0.3774546054493748,-1.0599264484110875,69
-0.5212942144082578,-1.3328524112305191,-1.4630033457685447,-0.1404990337643092,0.4090355721634622,-1.5618755234959356,1.6586709298539055,0.2851214799545941,63
-0.434712758209308,-1.3328524112305191,-1.4630033457685447,1.290975147304006,-0.4014114235676847,-0.1229556782182992,-0.9037617189551556,0.2851214799545941,62
-1.6468531449946056,-1.8341063527471813,0.1343010067483574,-0.1404990337643092,-0.4014114235676847,1.3159641670593372,-0.9037617189551556,1.6301694083202758,82
-0.2615498458114084,1.5075865906972346,-0.4907311311930391,-1.5719732148326244,-0.4014114235676847,-0.1229556782182992,-0.9037617189551556,0.2851214799545941,67
1.470079278167588,-0.1632598810249735,1.5927093286116158,-0.1404990337643092,-0.4014114235676847,-1.5618755234959356,0.3774546054493748,0.2851214799545941,71
-0.6078756706072076,0.3379940604916889,-1.1852112844612577,-1.5719732148326244,2.029929563625756,-0.1229556782182992,0.3774546054493748,-1.0599264484110875,65
1.6432421905654877,-0.1632598810249735,-1.5324513610953667,1.290975147304006,-0.4014114235676847,1.3159641670593372,0.3774546054493748,0.2851214799545941,72
-1.7334346011935553,2.175925179386118,0.6898851293629321,1.290975147304006,2.029929563625756,1.3159641670593372,-0.9037617189551556,-1.0599264484110875,68
-1.7334346011935553,-0.6645138225416359,0.8287811600165758,-1.5719732148326244,-1.2118584192988318,-0.1229556782182992,-0.9037617189551556,-1.0599264484110875,60
-1.387108776397756,0.0038247661472472,-1.7407954070758322,-1.5719732148326244,-1.2118584192988318,1.3159641670593372,-0.9037617189551556,-1.0599264484110875,62
0.7774276285759895,-0.1632598810249735,-0.7685231925003265,-1.5719732148326244,0.4090355721634622,1.3159641670593372,1.6586709298539055,-1.0599264484110875,68
0.51768325997914,-0.8315984697138568,-0.4907311311930391,-0.1404990337643092,-1.2118584192988318,1.3159641670593372,-0.9037617189551556,0.2851214799545941,67
-0.3481313020103582,0.6721633548361304,0.6898851293629321,1.290975147304006,0.4090355721634622,1.3159641670593372,1.6586709298539055,-1.0599264484110875,71
0.1713574351833407,-1.3328524112305191,-0.9074192231539702,-1.5719732148326244,0.4090355721634622,1.3159641670593372,-0.9037617189551556,0.2851214799545941,64
1.1237534533717888,2.175925179386118,1.4538132979579723,-0.1404990337643092,-1.2118584192988318,-0.1229556782182992,1.6586709298539055,-1.0599264484110875,75
-1.0407829516019569,0.5050787076639097,1.106573221323863,-1.5719732148326244,2.840376559356903,-1.5618755234959356,1.6586709298539055,-1.0599264484110875,66
-1.6468531449946056,-1.6670217055749608,0.6898851293629321,-0.1404990337643092,-0.4014114235676847,1.3159641670593372,-0.9037617189551556,0.2851214799545941,62
-1.1273644078009066,-0.8315984697138568,1.3149172673043286,-0.1404990337643092,-1.2118584192988318,-0.1229556782182992,1.6586709298539055,1.6301694083202758,63
1.5566607343665375,1.6746712378694553,1.4538132979579723,1.290975147304006,-0.4014114235676847,-0.1229556782182992,1.6586709298539055,0.2851214799545941,77
-0.6078756706072076,1.006332649180572,0.5509890987092884,1.290975147304006,0.4090355721634622,1.3159641670593372,0.3774546054493748,0.2851214799545941,71
-0.434712758209308,-0.3303445281971943,1.3843652826311503,1.290975147304006,-0.4014114235676847,-1.5618755234959356,0.3774546054493748,-1.0599264484110875,66
-0.3481313020103582,0.6721633548361304,-0.4212831158662173,1.290975147304006,0.4090355721634622,-1.5618755234959356,-0.9037617189551556,0.2851214799545941,65
0.3445203475812403,0.0038247661472472,-0.2823870852125736,-1.5719732148326244,2.840376559356903,1.3159641670593372,-0.9037617189551556,-1.0599264484110875,68
-0.6078756706072076,-0.4974291753694151,1.176021236650685,1.290975147304006,0.4090355721634622,1.3159641670593372,-0.9037617189551556,1.6301694083202758,67
0.9505905409738892,0.170909413319468,-0.6296271618466828,-0.1404990337643092,-0.4014114235676847,-0.1229556782182992,0.3774546054493748,1.6301694083202758,69
-1.1273644078009066,1.5075865906972346,-0.0045950239052862,-1.5719732148326244,1.2194825678946093,1.3159641670593372,-0.9037617189551556,-1.0599264484110875,65
1.1237534533717888,-0.8315984697138568,0.2037490220751792,-0.1404990337643092,-1.2118584192988318,-0.1229556782182992,-0.9037617189551556,0.2851214799545941,66
-0.9542014954030068,1.3405019435250136,-1.4630033457685447,1.290975147304006,-0.4014114235676847,1.3159641670593372,0.3774546054493748,-1.0599264484110875,65
0.7774276285759895,1.173417296352793,-0.9074192231539702,-0.1404990337643092,-1.2118584192988318,-0.1229556782182992,-0.9037617189551556,-1.0599264484110875,69
-0.9542014954030068,-0.1632598810249735,1.5927093286116158,-0.1404990337643092,-1.2118584192988318,1.3159641670593372,-0.9037617189551556,1.6301694083202758,66
-0.3481313020103582,-0.3303445281971943,0.4815410833824666,1.290975147304006,-0.4014114235676847,-1.5618755234959356,0.3774546054493748,0.2851214799545941,67
0.1713574351833407,0.3379940604916889,1.3149172673043286,-0.1404990337643092,-1.2118584192988318,-1.5618755234959356,-0.9037617189551556,0.2851214799545941,68
-0.6078756706072076,-0.1632598810249735,-0.7685231925003265,-0.1404990337643092,2.029929563625756,-0.1229556782182992,0.3774546054493748,0.2851214799545941,66
-0.6078756706072076,-0.6645138225416359,0.4120930680556447,-0.1404990337643092,-0.4014114235676847,1.3159641670593372,1.6586709298539055,1.6301694083202758,67
0.51768325997914,0.8392480020083513,1.523261313284794,-0.1404990337643092,-0.4014114235676847,-0.1229556782182992,-0.9037617189551556,1.6301694083202758,70
-1.387108776397756,1.3405019435250136,0.2037490220751792,-0.1404990337643092,0.4090355721634622,-0.1229556782182992,1.6586709298539055,0.2851214799545941,66
-0.6944571268061575,0.5050787076639097,0.6204371140361102,1.290975147304006,-0.4014114235676847,-1.5618755234959356,-0.9037617189551556,1.6301694083202758,67
0.8640090847749392,-0.6645138225416359,-1.1852112844612577,-0.1404990337643092,-0.4014114235676847,-0.1229556782182992,-0.9037617189551556,-1.0599264484110875,66
-1.387108776397756,2.175925179386118,-1.6018993764221885,-0.1404990337643092,1.2194825678946093,-0.1229556782182992,-0.9037617189551556,1.6301694083202758,67
-0.8676200392040571,0.0038247661472472,0.6204371140361102,-0.1404990337643092,0.4090355721634622,-0.1229556782182992,0.3774546054493748,0.2851214799545941,65
-0.9542014954030068,-1.8341063527471813,0.3426450527288229,-0.1404990337643092,-0.4014114235676847,-1.5618755234959356,0.3774546054493748,0.2851214799545941,61
1.3834978219686382,0.6721633548361304,-0.4212831158662173,1.290975147304006,-0.4014114235676847,-0.1229556782182992,-0.9037617189551556,-1.0599264484110875,72
-1.5602716887956556,0.3379940604916889,-0.3518351005393955,-0.1404990337643092,2.029929563625756,1.3159641670593372,0.3774546054493748,-1.0599264484110875,65
0.3445203475812403,0.3379940604916889,0.4120930680556447,-0.1404990337643092,-0.4014114235676847,1.3159641670593372,-0.9037617189551556,0.2851214799545941,69
0.4311018037801901,-0.8315984697138568,-0.976867238480792,-0.1404990337643092,-1.2118584192988318,-0.1229556782182992,0.3774546054493748,0.2851214799545941,65
1.2103349095707383,0.170909413319468,1.6621573439384378,1.290975147304006,-0.4014114235676847,-0.1229556782182992,-0.9037617189551556,0.2851214799545941,72
1.0371719971728388,-2.168275647091623,-0.7685231925003265,-0.1404990337643092,-0.4014114235676847,1.3159641670593372,1.6586709298539055,-1.0599264484110875,66
-0.3481313020103582,0.6721633548361304,-1.1157632691344357,-1.5719732148326244,0.4090355721634622,-0.1229556782182992,0.3774546054493748,0.2851214799545941,66
0.1713574351833407,0.170909413319468,1.3843652826311503,-0.1404990337643092,1.2194825678946093,-0.1229556782182992,-0.9037617189551556,-1.0599264484110875,68
1.0371719971728388,-0.1632598810249735,1.0371252059970413,-0.1404990337643092,-0.4014114235676847,-0.1229556782182992,-0.9037617189551556,-1.0599264484110875,70
0.9505905409738892,0.0038247661472472,0.8982291753433976,-0.1404990337643092,-0.4014114235676847,-0.1229556782182992,-0.9037617189551556,-1.0599264484110875,69
-1.6468531449946056,-0.6645138225416359,0.4120930680556447,-0.1404990337643092,0.4090355721634622,1.3159641670593372,-0.9037617189551556,0.2851214799545941,63
1.3834978219686382,-0.6645138225416359,1.523261313284794,-0.1404990337643092,-1.2118584192988318,1.3159641670593372,0.3774546054493748,0.2851214799545941,72
0.7774276285759895,0.0038247661472472,1.3843652826311503,-0.1404990337643092,1.2194825678946093,-1.5618755234959356,-0.9037617189551556,-1.0599264484110875,69
-0.6944571268061575,-0.1632598810249735,-1.6018993764221885,1.290975147304006,0.4090355721634622,-0.1229556782182992,1.6586709298539055,0.2851214799545941,66
0.51768325997914,-0.6645138225416359,1.3149172673043286,-1.5719732148326244,-1.2118584192988318,-0.1229556782182992,-0.9037617189551556,-1.0599264484110875,66
-0.0018054772145589,-0.9986831168860776,1.0371252059970413,-1.5719732148326244,0.4090355721634622,1.3159641670593372,0.3774546054493748,-1.0599264484110875,66
1.470079278167588,-0.3303445281971943,-0.560179146519861,1.290975147304006,-0.4014114235676847,-0.1229556782182992,-0.9037617189551556,0.2851214799545941,70
-0.2615498458114084,-1.6670217055749608,-0.7685231925003265,1.290975147304006,-0.4014114235676847,-1.5618755234959356,0.3774546054493748,-1.0599264484110875,62
-0.0883869334135087,1.6746712378694553,0.2037490220751792,1.290975147304006,1.2194825678946093,-0.1229556782182992,1.6586709298539055,1.6301694083202758,72
1.470079278167588,-2.001190999919402,-0.3518351005393955,-0.1404990337643092,-1.2118584192988318,1.3159641670593372,-0.9037617189551556,-1.0599264484110875,66
-1.6468531449946056,-0.1632598810249735,-0.560179146519861,-0.1404990337643092,-0.4014114235676847,-0.1229556782182992,0.3774546054493748,0.2851214799545941,62
0.51768325997914,1.6746712378694553,0.8287811600165758,1.290975147304006,-1.2118584192988318,1.3159641670593372,0.3774546054493748,-1.0599264484110875,73
-0.434712758209308,-1.6670217055749608,1.0371252059970413,-0.1404990337643092,1.2194825678946093,-0.1229556782182992,1.6586709298539055,0.2851214799545941,65
1.470079278167588,0.8392480020083513,0.6898851293629321,1.290975147304006,1.2194825678946093,-1.5618755234959356,1.6586709298539055,1.6301694083202758,75
-1.1273644078009066,1.006332649180572,-1.3241073151149012,-0.1404990337643092,-0.4014114235676847,-0.1229556782182992,0.3774546054493748,0.2851214799545941,66
-0.3481313020103582,-0.6645138225416359,-0.6296271618466828,-0.1404990337643092,-0.4014114235676847,-1.5618755234959356,1.6586709298539055,0.2851214799545941,64
-0.434712758209308,0.8392480020083513,1.4538132979579723,1.290975147304006,-0.4014114235676847,-1.5618755234959356,0.3774546054493748,-1.0599264484110875,68
-0.0018054772145589,0.6721633548361304,-1.6713473917490105,1.290975147304006,1.2194825678946093,-0.1229556782182992,-0.9037617189551556,1.6301694083202758,68
0.7774276285759895,-0.9986831168860776,1.3149172673043286,1.290975147304006,-1.2118584192988318,-0.1229556782182992,1.6586709298539055,-1.0599264484110875,68
-0.0018054772145589,0.5050787076639097,-1.2546592997880792,-1.5719732148326244,-0.4014114235676847,-1.5618755234959356,1.6586709298539055,-1.0599264484110875,66
-1.0407829516019569,1.173417296352793,0.3426450527288229,-1.5719732148326244,1.2194825678946093,-1.5618755234959356,-0.9037617189551556,0.2851214799545941,66
-0.0883869334135087,2.3430098265583386,0.2731970374020011,-1.5719732148326244,1.2194825678946093,1.3159641670593372,-0.9037617189551556,0.2851214799545941,70
-0.0018054772145589,0.3379940604916889,-0.560179146519861,-0.1404990337643092,0.4090355721634622,-1.5618755234959356,1.6586709298539055,-1.0599264484110875,65
0.0847759789843908,-1.3328524112305191,0.7593331446897539,-0.1404990337643092,0.4090355721634622,1.3159641670593372,1.6586709298539055,0.2851214799545941,68
1.2103349095707383,-1.8341063527471813,0.4120930680556447,-0.1404990337643092,-1.2118584192988318,-0.1229556782182992,-0.9037617189551556,-1.0599264484110875,66
-0.7810385830051073,0.0038247661472472,-0.3518351005393955,-0.1404990337643092,-1.2118584192988318,-0.1229556782182992,-0.9037617189551556,1.6301694083202758,65
0.6908461723770396,1.841755885041676,0.5509890987092884,1.290975147304006,-1.2118584192988318,-0.1229556782182992,-0.9037617189551556,-1.0599264484110875,72
-1.1273644078009066,-1.1657677640582984,0.8982291753433976,1.290975147304006,-1.2118584192988318,-0.1229556782182992,0.3774546054493748,-1.0599264484110875,63
-1.6468531449946056,0.8392480020083513,0.4120930680556447,-0.1404990337643092,-1.2118584192988318,-0.1229556782182992,-0.9037617189551556,0.2851214799545941,65
-0.3481313020103582,0.6721633548361304,-0.560179146519861,-0.1404990337643092,0.4090355721634622,-0.1229556782182992,0.3774546054493748,1.6301694083202758,68
-1.300527320198806,-0.1632598810249735,-0.4907311311930391,1.290975147304006,-0.4014114235676847,-0.1229556782182992,0.3774546054493748,-1.0599264484110875,63
-0.0883869334135087,-1.6670217055749608,-0.1434910545589299,-0.1404990337643092,-0.4014114235676847,1.3159641670593372,-0.9037617189551556,-1.0599264484110875,63
1.2103349095707383,-0.6645138225416359,1.3149172673043286,1.290975147304006,0.4090355721634622,-0.1229556782182992,-0.9037617189551556,-1.0599264484110875,71
0.4311018037801901,0.3379940604916889,0.4815410833824666,1.290975147304006,-0.4014114235676847,-0.1229556782182992,1.6586709298539055,0.2851214799545941,71
0.0847759789843908,1.006332649180572,1.5927093286116158,-0.1404990337643092,-0.4014114235676847,1.3159641670593372,-0.9037617189551556,0.2851214799545941,69
0.6908461723770396,0.3379940604916889,-0.9074192231539702,-0.1404990337643092,-0.4014114235676847,-1.5618755234959356,0.3774546054493748,1.6301694083202758,68
0.6042647161780897,-1.1657677640582984,-1.393555330441723,-1.5719732148326244,-0.4014114235676847,1.3159641670593372,-0.9037617189551556,1.6301694083202758,67
-0.5212942144082578,-0.6645138225416359,0.3426450527288229,1.290975147304006,-1.2118584192988318,-0.1229556782182992,-0.9037617189551556,0.2851214799545941,64
-0.6078756706072076,1.5075865906972346,-0.4907311311930391,-0.1404990337643092,-0.4014114235676847,1.3159641670593372,-0.9037617189551556,-1.0599264484110875,67
-0.0883869334135087,-0.3303445281971943,-1.6713473917490105,-1.5719732148326244,0.4090355721634622,1.3159641670593372,-0.9037617189551556,0.2851214799545941,66
-0.434712758209308,0.0038247661472472,0.0648529914215355,-0.1404990337643092,1.2194825678946093,-1.5618755234959356,0.3774546054493748,1.6301694083202758,66
1.3834978219686382,-1.4999370584027398,-0.6296271618466828,1.290975147304006,0.4090355721634622,-0.1229556782182992,-0.9037617189551556,-1.0599264484110875,68
-1.0407829516019569,0.0038247661472472,-0.6990751771735046,-1.5719732148326244,-0.4014114235676847,-0.1229556782182992,0.3774546054493748,1.6301694083202758,63
0.4311018037801901,-1.4999370584027398,1.176021236650685,-1.5719732148326244,-1.2118584192988318,-0.1229556782182992,0.3774546054493748,0.2851214799545941,64
1.5566607343665375,-0.9986831168860776,1.6621573439384378,-0.1404990337643092,-1.2118584192988318,-0.1229556782182992,-0.9037617189551556,1.6301694083202758,69
1.2103349095707383,0.0038247661472472,1.4538132979579723,-0.1404990337643092,0.4090355721634622,-1.5618755234959356,0.3774546054493748,0.2851214799545941,70
-1.300527320198806,-1.8341063527471813,-0.560179146519861,1.290975147304006,-0.4014114235676847,-0.1229556782182992,-0.9037617189551556,1.6301694083202758,62
-1.6468531449946056,-0.1632598810249735,-0.560179146519861,-0.1404990337643092,-1.2118584192988318,1.3159641670593372,0.3774546054493748,-1.0599264484110875,61
0.7774276285759895,-0.1632598810249735,-1.046315253807614,-0.1404990337643092,2.029929563625756,-1.5618755234959356,1.6586709298539055,0.2851214799545941,69
0.3445203475812403,-0.4974291753694151,0.6898851293629321,1.290975147304006,-1.2118584192988318,-1.5618755234959356,0.3774546054493748,0.2851214799545941,67
0.0847759789843908,-0.4974291753694151,0.7593331446897539,1.290975147304006,-0.4014114235676847,-0.1229556782182992,1.6586709298539055,0.2851214799545941,68
-1.0407829516019569,-0.8315984697138568,-0.1434910545589299,-1.5719732148326244,-1.2118584192988318,1.3159641670593372,0.3774546054493748,0.2851214799545941,62
-0.6078756706072076,-0.8315984697138568,-1.6713473917490105,-1.5719732148326244,0.4090355721634622,-0.1229556782182992,-0.9037617189551556,-1.0599264484110875,61
-0.0018054772145589,0.170909413319468,-0.976867238480792,-1.5719732148326244,0.4090355721634622,-0.1229556782182992,-0.9037617189551556,1.6301694083202758,67
0.4311018037801901,0.6721633548361304,1.3843652826311503,-0.1404990337643092,0.4090355721634622,-0.1229556782182992,-0.9037617189551556,0.2851214799545941,70
0.6908461723770396,1.173417296352793,-0.560179146519861,-0.1404990337643092,1.2194825678946093,-0.1229556782182992,0.3774546054493748,1.6301694083202758,71
-0.6944571268061575,0.6721633548361304,0.4815410833824666,-0.1404990337643092,0.4090355721634622,-0.1229556782182992,-0.9037617189551556,0.2851214799545941,67
-0.9542014954030068,0.3379940604916889,0.5509890987092884,1.290975147304006,-0.4014114235676847,-0.1229556782182992,0.3774546054493748,-1.0599264484110875,66
-0.0018054772145589,0.0038247661472472,-1.1157632691344357,-1.5719732148326244,0.4090355721634622,-1.5618755234959356,-0.9037617189551556,0.2851214799545941,65
-0.434712758209308,0.3379940604916889,-0.6296271618466828,-1.5719732148326244,0.4090355721634622,-0.1229556782182992,-0.9037617189551556,-1.0599264484110875,80
-0.3481313020103582,-0.4974291753694151,-0.2823870852125736,1.290975147304006,-1.2118584192988318,-0.1229556782182992,1.6586709298539055,0.2851214799545941,67
-0.6944571268061575,1.841755885041676,1.5927093286116158,-0.1404990337643092,-1.2118584192988318,-0.1229556782182992,0.3774546054493748,-1.0599264484110875,68
1.5566607343665375,0.5050787076639097,-1.4630033457685447,-1.5719732148326244,-1.2118584192988318,-0.1229556782182992,0.3774546054493748,0.2851214799545941,68
-1.6468531449946056,-1.1657677640582984,0.6898851293629321,-1.5719732148326244,2.029929563625756,-0.1229556782182992,0.3774546054493748,-1.0599264484110875,61
0.8640090847749392,-0.9986831168860776,0.7593331446897539,1.290975147304006,2.029929563625756,1.3159641670593372,-0.9037617189551556,0.2851214799545941,99
1.5566607343665375,1.006332649180572,-0.1434910545589299,-0.1404990337643092,0.4090355721634622,-1.5618755234959356,-0.9037617189551556,-1.0599264484110875,70
1.470079278167588,-0.4974291753694151,-0.8379712078271483,-0.1404990337643092,0.4090355721634622,1.3159641670593372,-0.9037617189551556,-1.0599264484110875,70
-1.300527320198806,1.841755885041676,-0.2823870852125736,-1.5719732148326244,-0.4014114235676847,-0.1229556782182992,-0.9037617189551556,-1.0599264484110875,65
-1.2139458639998564,-0.3303445281971943,-1.1157632691344357,1.290975147304006,-1.2118584192988318,-0.1229556782182992,-0.9037617189551556,-1.0599264484110875,62
-0.3481313020103582,-0.3303445281971943,1.3843652826311503,-1.5719732148326244,0.4090355721634622,-0.1229556782182992,1.6586709298539055,1.6301694083202758,69
0.0847759789843908,-0.6645138225416359,-0.6296271618466828,-0.1404990337643092,1.2194825678946093,1.3159641670593372,-0.9037617189551556,1.6301694083202758,69
0.6042647161780897,0.5050787076639097,-0.4907311311930391,-1.5719732148326244,-1.2118584192988318,1.3159641670593372,0.3774546054493748,1.6301694083202758,68
0.7774276285759895,-0.6645138225416359,-1.4630033457685447,-0.1404990337643092,0.4090355721634622,1.3159641670593372,0.3774546054493748,-1.0599264484110875,68
-0.0018054772145589,-0.6645138225416359,0.0648529914215355,-0.1404990337643092,-0.4014114235676847,1.3159641670593372,0.3774546054493748,0.2851214799545941,68
-1.6468531449946056,-1.4999370584027398,0.4120930680556447,-1.5719732148326244,2.840376559356903,-0.1229556782182992,-0.9037617189551556,0.2851214799545941,61
-0.6078756706072076,0.170909413319468,-1.3241073151149012,-0.1404990337643092,2.840376559356903,-0.1229556782182992,-0.9037617189551556,1.6301694083202758,66
-0.5212942144082578,0.6721633548361304,-0.6990751771735046,-0.1404990337643092,1.2194825678946093,-0.1229556782182992,0.3774546054493748,0.2851214799545941,68
-0.1749683896124585,-0.6645138225416359,1.0371252059970413,1.290975147304006,1.2194825678946093,-1.5618755234959356,1.6586709298539055,-1.0599264484110875,66
-1.7334346011935553,-1.1657677640582984,1.3843652826311503,1.290975147304006,-0.4014114235676847,-1.5618755234959356,-0.9037617189551556,-1.0599264484110875,61
-1.6468531449946056,-0.6645138225416359,0.4815410833824666,-0.1404990337643092,0.4090355721634622,1.3159641670593372,-0.9037617189551556,-1.0599264484110875,63
-0.3481313020103582,0.6721633548361304,0.4815410833824666,-0.1404990337643092,0.4090355721634622,-0.1229556782182992,0.3774546054493748,0.2851214799545941,68
-1.4736902325967058,-1.4999370584027398,1.7316053592652596,-0.1404990337643092,-1.2118584192988318,-0.1229556782182992,-0.9037617189551556,0.2851214799545941,61
1.5566607343665375,-1.8341063527471813,1.176021236650685,-0.1404990337643092,-1.2118584192988318,-0.1229556782182992,-0.9037617189551556,0.2851214799545941,67
-0.0018054772145589,-0.4974291753694151,0.8982291753433976,1.290975147304006,2.029929563625756,-1.5618755234959356,0.3774546054493748,0.2851214799545941,68
-1.1273644078009066,-0.8315984697138568,-0.0740430392321081,-0.1404990337643092,-0.4014114235676847,-1.5618755234959356,1.6586709298539055,1.6301694083202758,64
1.6432421905654877,-0.9986831168860776,0.7593331446897539,-0.1404990337643092,0.4090355721634622,1.3159641670593372,0.3774546054493748,1.6301694083202758,71
0.4311018037801901,0.170909413319468,-1.6713473917490105,-0.1404990337643092,0.4090355721634622,-0.1229556782182992,0.3774546054493748,-1.0599264484110875,66
0.4311018037801901,-0.8315984697138568,0.4815410833824666,-0.1404990337643092,0.4090355721634622,1.3159641670593372,-0.9037617189551556,0.2851214799545941,67
1.7298236467644377,-1.1657677640582984,-1.4630033457685447,-1.5719732148326244,1.2194825678946093,-1.5618755234959356,-0.9037617189551556,-1.0599264484110875,65
1.0371719971728388,-0.4974291753694151,0.9676771906702194,1.290975147304006,-1.2118584192988318,-0.1229556782182992,-0.9037617189551556,-1.0599264484110875,68
0.6042647161780897,1.6746712378694553,-0.976867238480792,-0.1404990337643092,0.4090355721634622,1.3159641670593372,-0.9037617189551556,0.2851214799545941,73
-0.6078756706072076,-0.4974291753694151,-1.1157632691344357,-1.5719732148326244,0.4090355721634622,-0.1229556782182992,-0.9037617189551556,-1.0599264484110875,63
1.6432421905654877,0.3379940604916889,1.5927093286116158,-0.1404990337643092,-0.4014114235676847,-0.1229556782182992,0.3774546054493748,0.2851214799545941,72
1.3834978219686382,-1.8341063527471813,-0.0045950239052862,-1.5719732148326244,-0.4014114235676847,-0.1229556782182992,-0.9037617189551556,-1.0599264484110875,65
1.1237534533717888,0.170909413319468,-0.560179146519861,-1.5719732148326244,0.4090355721634622,-0.1229556782182992,0.3774546054493748,-1.0599264484110875,68
-0.8676200392040571,0.8392480020083513,-0.2823870852125736,-0.1404990337643092,-1.2118584192988318,-0.1229556782182992,0.3774546054493748,-1.0599264484110875,65
-0.1749683896124585,1.173417296352793,0.6898851293629321,1.290975147304006,-1.2118584192988318,1.3159641670593372,0.3774546054493748,1.6301694083202758,72
1.6432421905654877,1.006332649180572,1.3149172673043286,-0.1404990337643092,0.4090355721634622,-0.1229556782182992,-0.9037617189551556,0.2851214799545941,74
0.6042647161780897,-0.9986831168860776,-1.393555330441723,-0.1404990337643092,0.4090355721634622,-0.1229556782182992,1.6586709298539055,-1.0599264484110875,68
-0.6078756706072076,-0.1632598810249735,1.3149172673043286,-0.1404990337643092,-0.4014114235676847,-0.1229556782182992,0.3774546054493748,1.6301694083202758,67
-0.6078756706072076,1.5075865906972346,-0.8379712078271483,-1.5719732148326244,-0.4014114235676847,-1.5618755234959356,1.6586709298539055,-1.0599264484110875,65
-0.7810385830051073,1.6746712378694553,1.5927093286116158,1.290975147304006,0.4090355721634622,-1.5618755234959356,-0.9037617189551556,1.6301694083202758,69
-1.4736902325967058,-0.1632598810249735,0.2037490220751792,-0.1404990337643092,1.2194825678946093,-0.1229556782182992,0.3774546054493748,0.2851214799545941,63
0.0847759789843908,0.8392480020083513,0.7593331446897539,-1.5719732148326244,-0.4014114235676847,-0.1229556782182992,1.6586709298539055,-1.0599264484110875,68
-0.0883869334135087,0.170909413319468,0.3426450527288229,-0.1404990337643092,-0.4014114235676847,-1.5618755234959356,0.3774546054493748,-1.0599264484110875,67
1.2103349095707383,-0.1632598810249735,-1.6713473917490105,-0.1404990337643092,1.2194825678946093,-1.5618755234959356,1.6586709298539055,0.2851214799545941,69
1.5566607343665375,1.006332649180572,0.4120930680556447,-0.1404990337643092,-0.4014114235676847,-0.1229556782182992,1.6586709298539055,-1.0599264484110875,73
1.6432421905654877,1.6746712378694553,-0.3518351005393955,-0.1404990337643092,0.4090355721634622,-0.1229556782182992,-0.9037617189551556,0.2851214799545941,74
-0.5212942144082578,-1.3328524112305191,-0.6296271618466828,1.290975147304006,-0.4014114235676847,-0.1229556782182992,-0.9037617189551556,-1.0599264484110875,62
0.7774276285759895,-0.9986831168860776,-0.560179146519861,-1.5719732148326244,1.2194825678946093,-0.1229556782182992,-0.9037617189551556,-1.0599264484110875,63
0.1713574351833407,0.6721633548361304,0.6898851293629321,-0.1404990337643092,-0.4014114235676847,-0.1229556782182992,-0.9037617189551556,-1.0599264484110875,66
-0.1749683896124585,0.0038247661472472,-0.7685231925003265,1.290975147304006,0.4090355721634622,-0.1229556782182992,-0.9037617189551556,1.6301694083202758,68
0.0847759789843908,0.0038247661472472,-1.393555330441723,-0.1404990337643092,-0.4014114235676847,1.3159641670593372,1.6586709298539055,1.6301694083202758,68
-1.6468531449946056,-0.9986831168860776,0.4815410833824666,-0.1404990337643092,-1.2118584192988318,-0.1229556782182992,-0.9037617189551556,-1.0599264484110875,58
-1.0407829516019569,0.3379940604916889,0.8287811600165758,-0.1404990337643092,0.4090355721634622,-0.1229556782182992,1.6586709298539055,0.2851214799545941,66
-0.7810385830051073,0.170909413319468,-1.393555330441723,-0.1404990337643092,0.4090355721634622,1.3159641670593372,1.6586709298539055,1.6301694083202758,67
0.8640090847749392,1.173417296352793,0.7593331446897539,1.290975147304006,0.4090355721634622,-0.1229556782182992,0.3774546054493748,0.2851214799545941,74
-0.2615498458114084,-0.4974291753694151,1.4538132979579723,-0.1404990337643092,-0.4014114235676847,1.3159641670593372,0.3774546054493748,-1.0599264484110875,67
1.470079278167588,1.3405019435250136,0.8982291753433976,-0.1404990337643092,0.4090355721634622,-0.1229556782182992,-0.9037617189551556,0.2851214799545941,74
-0.7810385830051073,0.5050787076639097,0.4120930680556447,-1.5719732148326244,1.2194825678946093,1.3159641670593372,-0.9037617189551556,0.2851214799545941,68
-0.434712758209308,0.170909413319468,0.4815410833824666,-1.5719732148326244,-0.4014114235676847,-0.1229556782182992,-0.9037617189551556,0.2851214799545941,65
-0.1749683896124585,0.170909413319468,1.106573221323863,1.290975147304006,-0.4014114235676847,-1.5618755234959356,1.6586709298539055,0.2851214799545941,67
1.3834978219686382,1.5075865906972346,0.6898851293629321,-0.1404990337643092,1.2194825678946093,1.3159641670593372,1.6586709298539055,1.6301694083202758,76
1.3834978219686382,0.5050787076639097,0.3426450527288229,-0.1404990337643092,1.2194825678946093,-1.5618755234959356,-0.9037617189551556,-1.0599264484110875,71
-0.0883869334135087,-0.1632598810249735,1.176021236650685,-0.1404990337643092,-0.4014114235676847,-0.1229556782182992,-0.9037617189551556,0.2851214799545941,68
0.3445203475812403,0.170909413319468,-0.976867238480792,1.290975147304006,-0.4014114235676847,1.3159641670593372,-0.9037617189551556,0.2851214799545941,68
0.51768325997914,-0.4974291753694151,-0.0740430392321081,1.290975147304006,-0.4014114235676847,1.3159641670593372,0.3774546054493748,-1.0599264484110875,70
-1.4736902325967058,0.6721633548361304,-1.2546592997880792,-1.5719732148326244,-0.4014114235676847,-0.1229556782182992,0.3774546054493748,-1.0599264484110875,64
-0.8676200392040571,-1.3328524112305191,-1.393555330441723,-0.1404990337643092,0.4090355721634622,-1.5618755234959356,-0.9037617189551556,0.2851214799545941,61
-1.2139458639998564,-0.6645138225416359,1.6621573439384378,1.290975147304006,-0.4014114235676847,-1.5618755234959356,0.3774546054493748,-1.0599264484110875,65
1.2103349095707383,0.6721633548361304,0.7593331446897539,-0.1404990337643092,0.4090355721634622,-1.5618755234959356,0.3774546054493748,-1.0599264484110875,71
0.4311018037801901,0.0038247661472472,0.3426450527288229,-1.5719732148326244,1.2194825678946093,1.3159641670593372,1.6586709298539055,-1.0599264484110875,69
1.470079278167588,2.0088405322138967,0.4815410833824666,1.290975147304006,-0.4014114235676847,-0.1229556782182992,-0.9037617189551556,0.2851214799545941,74
-0.9542014954030068,-0.3303445281971943,0.6898851293629321,1.290975147304006,0.4090355721634622,-0.1229556782182992,0.3774546054493748,1.6301694083202758,66
0.4311018037801901,0.3379940604916889,0.2731970374020011,-0.1404990337643092,2.840376559356903,1.3159641670593372,-0.9037617189551556,0.2851214799545941,72
1.0371719971728388,0.170909413319468,-1.3241073151149012,-0.1404990337643092,-1.2118584192988318,-0.1229556782182992,-0.9037617189551556,-1.0599264484110875,67
1.470079278167588,-0.9986831168860776,-0.1434910545589299,-0.1404990337643092,0.4090355721634622,-1.5618755234959356,0.3774546054493748,0.2851214799545941,68
-1.1273644078009066,-0.8315984697138568,-0.0045950239052862,-0.1404990337643092,-1.2118584192988318,-0.1229556782182992,1.6586709298539055,1.6301694083202758,63
-1.300527320198806,-0.1632598810249735,-1.1852112844612577,1.290975147304006,0.4090355721634622,-1.5618755234959356,1.6586709298539055,0.2851214799545941,64
0.9505905409738892,0.3379940604916889,-0.6296271618466828,-0.1404990337643092,-1.2118584192988318,-0.1229556782182992,0.3774546054493748,1.6301694083202758,69
1.2103349095707383,-0.3303445281971943,-0.3518351005393955,-0.1404990337643092,0.4090355721634622,-0.1229556782182992,0.3774546054493748,0.2851214799545941,69
-1.1273644078009066,-0.1632598810249735,-1.7407954070758322,-1.5719732148326244,-1.2118584192988318,-0.1229556782182992,-0.9037617189551556,1.6301694083202758,62
-1.387108776397756,-1.1657677640582984,-1.2546592997880792,1.290975147304006,-0.4014114235676847,-0.1229556782182992,-0.9037617189551556,-1.0599264484110875,58
-0.7810385830051073,0.170909413319468,0.2037490220751792,-0.1404990337643092,0.4090355721634622,1.3159641670593372,-0.9037617189551556,0.2851214799545941,66
-0.5212942144082578,0.170909413319468,0.2731970374020011,1.290975147304006,-1.2118584192988318,-0.1229556782182992,-0.9037617189551556,-1.0599264484110875,67
-0.0883869334135087,0.3379940604916889,-0.0045950239052862,-0.1404990337643092,-0.4014114235676847,-1.5618755234959356,-0.9037617189551556,-1.0599264484110875,65
-0.3481313020103582,0.170909413319468,-0.560179146519861,-0.1404990337643092,-0.4014114235676847,-0.1229556782182992,-0.9037617189551556,1.6301694083202758,66
-1.1273644078009066,0.3379940604916889,-1.5324513610953667,1.290975147304006,-1.2118584192988318,-1.5618755234959356,-0.9037617189551556,0.2851214799545941,62
-0.8676200392040571,1.5075865906972346,1.523261313284794,1.290975147304006,1.2194825678946093,-1.5618755234959356,1.6586709298539055,-1.0599264484110875,70
-0.5212942144082578,1.173417296352793,-1.4630033457685447,1.290975147304006,1.2194825678946093,-0.1229556782182992,0.3774546054493748,0.2851214799545941,69
-0.2615498458114084,-0.3303445281971943,0.3426450527288229,-0.1404990337643092,-0.4014114235676847,1.3159641670593372,0.3774546054493748,0.2851214799545941,66
1.2969163657696885,0.0038247661472472,-0.9074192231539702,-1.5719732148326244,-0.4014114235676847,1.3159641670593372,0.3774546054493748,-1.0599264484110875,69
0.9505905409738892,0.6721633548361304,0.0648529914215355,-1.5719732148326244,-0.4014114235676847,-0.1229556782182992,0.3774546054493748,-1.0599264484110875,70
-1.6468531449946056,-0.6645138225416359,-0.7685231925003265,1.290975147304006,-0.4014114235676847,1.3159641670593372,-0.9037617189551556,-1.0599264484110875,62
1.470079278167588,1.173417296352793,0.4120930680556447,1.290975147304006,-1.2118584192988318,-1.5618755234959356,-0.9037617189551556,1.6301694083202758,73
-0.6944571268061575,-1.1657677640582984,1.2454692519775068,-0.1404990337643092,-0.4014114235676847,-1.5618755234959356,-0.9037617189551556,-1.0599264484110875,61
1.3834978219686382,0.6721633548361304,-0.3518351005393955,-0.1404990337643092,-1.2118584192988318,-0.1229556782182992,-0.9037617189551556,1.6301694083202758,70
0.6042647161780897,0.5050787076639097,1.3843652826311503,1.290975147304006,1.2194825678946093,-0.1229556782182992,-0.9037617189551556,1.6301694083202758,73
-1.1273644078009066,-0.6645138225416359,0.8982291753433976,-0.1404990337643092,-1.2118584192988318,1.3159641670593372,0.3774546054493748,1.6301694083202758,65
-0.3481313020103582,0.5050787076639097,-0.976867238480792,-0.1404990337643092,1.2194825678946093,-0.1229556782182992,-0.9037617189551556,0.2851214799545941,68
0.51768325997914,-0.3303445281971943,-1.046315253807614,-0.1404990337643092,0.4090355721634622,1.3159641670593372,0.3774546054493748,-1.0599264484110875,88
0.0847759789843908,-0.3303445281971943,0.7593331446897539,1.290975147304006,1.2194825678946093,-1.5618755234959356,0.3774546054493748,-1.0599264484110875,69
1.1237534533717888,-0.3303445281971943,-0.4212831158662173,-0.1404990337643092,-1.2118584192988318,-1.5618755234959356,0.3774546054493748,-1.0599264484110875,67
-1.387108776397756,-0.3303445281971943,0.9676771906702194,1.290975147304006,-0.4014114235676847,-0.1229556782182992,-0.9037617189551556,0.2851214799545941,64
1.2103349095707383,1.173417296352793,-0.8379712078271483,1.290975147304006,-1.2118584192988318,-0.1229556782182992,0.3774546054493748,-1.0599264484110875,72
-0.6078756706072076,0.3379940604916889,-1.1852112844612577,-0.1404990337643092,-0.4014114235676847,-1.5618755234959356,1.6586709298539055,0.2851214799545941,65
-1.4736902325967058,0.5050787076639097,0.6204371140361102,-0.1404990337643092,-1.2118584192988318,-1.5618755234959356,-0.9037617189551556,1.6301694083202758,64
0.51768325997914,-0.6645138225416359,1.3149172673043286,-0.1404990337643092,-1.2118584192988318,1.3159641670593372,-0.9037617189551556,0.2851214799545941,68
-1.5602716887956556,-0.9986831168860776,-0.8379712078271483,1.290975147304006,0.4090355721634622,-0.1229556782182992,0.3774546054493748,-1.0599264484110875,62
-0.1749683896124585,0.0038247661472472,0.3426450527288229,-0.1404990337643092,0.4090355721634622,1.3159641670593372,0.3774546054493748,1.6301694083202758,70
0.8640090847749392,0.5050787076639097,0.2037490220751792,1.290975147304006,-0.4014114235676847,-0.1229556782182992,-0.9037617189551556,0.2851214799545941,70
0.6042647161780897,0.170909413319468,1.0371252059970413,-0.1404990337643092,1.2194825678946093,-0.1229556782182992,-0.9037617189551556,1.6301694083202758,71
-1.300527320198806,0.3379940604916889,1.106573221323863,-1.5719732148326244,0.4090355721634622,1.3159641670593372,0.3774546054493748,1.6301694083202758,65
0.7774276285759895,-1.3328524112305191,-0.8379712078271483,-0.1404990337643092,2.029929563625756,-1.5618755234959356,0.3774546054493748,-1.0599264484110875,67
-1.4736902325967058,0.6721633548361304,1.106573221323863,-1.5719732148326244,2.029929563625756,1.3159641670593372,-0.9037617189551556,-1.0599264484110875,67
-0.9542014954030068,1.6746712378694553,-0.6296271618466828,-0.1404990337643092,-1.2118584192988318,-0.1229556782182992,1.6586709298539055,0.2851214799545941,68
0.1713574351833407,-0.9986831168860776,0.1343010067483574,-0.1404990337643092,1.2194825678946093,-0.1229556782182992,0.3774546054493748,0.2851214799545941,68
1.2103349095707383,1.3405019435250136,-0.6990751771735046,1.290975147304006,-0.4014114235676847,-0.1229556782182992,-0.9037617189551556,-1.0599264484110875,73
0.2579388913822905,-0.6645138225416359,-0.1434910545589299,-0.1404990337643092,1.2194825678946093,-0.1229556782182992,0.3774546054493748,-1.0599264484110875,67
-0.0883869334135087,-1.3328524112305191,-1.3241073151149012,-0.1404990337643092,-0.4014114235676847,1.3159641670593372,-0.9037617189551556,-1.0599264484110875,64
-1.300527320198806,-0.3303445281971943,-0.8379712078271483,-0.1404990337643092,-0.4014114235676847,1.3159641670593372,-0.9037617189551556,-1.0599264484110875,62
-1.6468531449946056,-0.8315984697138568,-1.6018993764221885,-1.5719732148326244,-0.4014114235676847,1.3159641670593372,-0.9037617189551556,0.2851214799545941,60
0.2579388913822905,-0.1632598810249735,-1.3241073151149012,1.290975147304006,-0.4014114235676847,-0.1229556782182992,0.3774546054493748,0.2851214799545941,67
0.2579388913822905,0.3379940604916889,-1.046315253807614,-0.1404990337643092,2.029929563625756,-0.1229556782182992,1.6586709298539055,0.2851214799545941,68
1.1237534533717888,-0.3303445281971943,0.3426450527288229,1.290975147304006,-0.4014114235676847,-1.5618755234959356,-0.9037617189551556,0.2851214799545941,69
0.4311018037801901,0.5050787076639097,1.106573221323863,-0.1404990337643092,-0.4014114235676847,-0.1229556782182992,-0.9037617189551556,-1.0599264484110875,68
0.2579388913822905,2.5100944737305597,-1.5324513610953667,-1.5719732148326244,-0.4014114235676847,-0.1229556782182992,-0.9037617189551556,-1.0599264484110875,69
0.51768325997914,-0.6645138225416359,-0.9074192231539702,-0.1404990337643092,-0.4014114235676847,-0.1229556782182992,-0.9037617189551556,-1.0599264484110875,66
1.3834978219686382,-0.8315984697138568,-1.4630033457685447,-0.1404990337643092,1.2194825678946093,-0.1229556782182992,-0.9037617189551556,0.2851214799545941,67
1.5566607343665375,-0.1632598810249735,-0.560179146519861,1.290975147304006,-0.4014114235676847,-1.5618755234959356,-0.9037617189551556,0.2851214799545941,70
-0.7810385830051073,-0.3303445281971943,1.2454692519775068,1.290975147304006,-0.4014114235676847,1.3159641670593372,0.3774546054493748,-1.0599264484110875,68
-1.6468531449946056,0.0038247661472472,1.6621573439384378,-0.1404990337643092,-1.2118584192988318,1.3159641670593372,0.3774546054493748,0.2851214799545941,65
-0.7810385830051073,0.0038247661472472,1.2454692519775068,-0.1404990337643092,0.4090355721634622,1.3159641670593372,1.6586709298539055,0.2851214799545941,68
-1.7334346011935553,-0.4974291753694151,0.7593331446897539,-0.1404990337643092,-1.2118584192988318,1.3159641670593372,-0.9037617189551556,-1.0599264484110875,63
0.51768325997914,0.0038247661472472,-1.2546592997880792,-0.1404990337643092,-1.2118584192988318,-1.5618755234959356,-0.9037617189551556,0.2851214799545941,66
1.2103349095707383,-0.8315984697138568,1.3149172673043286,-0.1404990337643092,-0.4014114235676847,-1.5618755234959356,-0.9037617189551556,1.6301694083202758,68
1.7298236467644377,-0.1632598810249735,-1.393555330441723,-1.5719732148326244,0.4090355721634622,1.3159641670593372,-0.9037617189551556,-1.0599264484110875,69
-0.6944571268061575,0.0038247661472472,1.2454692519775068,-1.5719732148326244,2.029929563625756,1.3159641670593372,-0.9037617189551556,-1.0599264484110875,68
1.1237534533717888,1.173417296352793,0.6204371140361102,-1.5719732148326244,-0.4014114235676847,1.3159641670593372,1.6586709298539055,0.2851214799545941,72
-1.5602716887956556,0.5050787076639097,0.6898851293629321,1.290975147304006,-0.4014114235676847,-1.5618755234959356,0.3774546054493748,-1.0599264484110875,63
-1.1273644078009066,1.173417296352793,-1.4630033457685447,-0.1404990337643092,-1.2118584192988318,-1.5618755234959356,-0.9037617189551556,0.2851214799545941,61
-0.6944571268061575,1.3405019435250136,-1.046315253807614,-0.1404990337643092,2.029929563625756,-1.5618755234959356,1.6586709298539055,1.6301694083202758,69
1.1237534533717888,0.3379940604916889,1.523261313284794,-1.5719732148326244,0.4090355721634622,1.3159641670593372,-0.9037617189551556,0.2851214799545941,71
1.0371719971728388,1.173417296352793,-1.5324513610953667,-0.1404990337643092,0.4090355721634622,-1.5618755234959356,0.3774546054493748,-1.0599264484110875,68
-0.2615498458114084,-1.1657677640582984,0.6898851293629321,1.290975147304006,0.4090355721634622,-1.5618755234959356,1.6586709298539055,-1.0599264484110875,65
-0.434712758209308,0.8392480020083513,-0.6296271618466828,1.290975147304006,-1.2118584192988318,1.3159641670593372,-0.9037617189551556,-1.0599264484110875,68
