Communication_Skills,CGPA,Prev_Sem_Result,IQ,Projects_Completed,Extra_Curricular_Score,Peer_Positive,Academic_Performance,Placement
0.491041277025767,0.2761027577729618,0.1821980637600156,-0.960237268934225,-0.302787208521698,-0.6258519657136724,1.2240250682901004,-0.5345345672158975,0
-0.8945847664961184,-0.8409224247231412,-1.0707370556744924,-0.4944077863812003,0.8637345770122132,1.594746211291224,1.2240250682901004,-0.8843459226132909,0
1.530260809667181,0.9640268030906828,1.102863096272666,0.5703453165971416,0.8637345770122132,-1.2603085877150713,-0.8169767318548042,-0.8843459226132909,1
1.530260809667181,-0.2483541876672818,-0.3715854144430817,-0.960237268934225,0.8637345770122132,-1.5775368987157707,-0.8169767318548042,1.5643335651684624,0
0.491041277025767,-0.4322546750294447,-0.3369739470553883,0.104515834044117,0.8637345770122132,-0.3086236547129729,-0.8169767318548042,-0.5345345672158975,0
-0.2017717447351757,-1.3585682410018227,-1.6660542947428223,0.3041570408525561,0.2804736842452576,0.0086046562877266,-0.8169767318548042,-0.5345345672158975,0
-0.8945847664961184,-1.0861230745393584,-1.153804577404957,0.96962773021402,-0.302787208521698,0.960289589289825,1.2240250682901004,-1.2341572780106842,0
-1.5873977882570611,-0.3573322542522675,-0.0531599144763006,0.2376099719164097,-0.8860481012886536,-1.2603085877150713,-0.8169767318548042,-1.2341572780106842,0
0.491041277025767,-0.8477335538847026,-1.0638147621969538,-0.6940489931896395,-1.4693089940556092,-0.943080276714372,-0.8169767318548042,0.1650881435788891,0
1.1838542987867098,-1.3245125951940149,-1.5345307186695865,-1.3595196825511031,0.8637345770122132,0.0086046562877266,-0.8169767318548042,0.8647108543736758,0
1.1838542987867098,1.107060515483477,1.172086031048053,-1.0267843378703714,1.446995469779169,0.3258329672884261,1.2240250682901004,0.8647108543736758,1
0.491041277025767,1.1887940654222156,1.172086031048053,-1.2264255446788106,-1.4693089940556092,-1.2603085877150713,-0.8169767318548042,0.5148994989762825,0
0.8374477879062384,-0.9839561371159348,-1.0015141208991054,-0.3613136485089076,1.446995469779169,-1.5775368987157707,-0.8169767318548042,1.214522209771069,0
0.491041277025767,-1.0112006537621812,-0.8561459578707923,0.7034394544694345,-1.4693089940556092,-0.3086236547129729,-0.8169767318548042,0.1650881435788891,0
-1.24099127737659,-0.1529983794054196,-0.1916057840270752,0.3041570408525561,0.2804736842452576,0.6430612782891255,-0.8169767318548042,-0.1847232118185042,0
-0.548178255615647,-0.5480438707759919,-0.7315446752750949,1.6350984195754836,-0.302787208521698,0.0086046562877266,1.2240250682901004,-0.1847232118185042,0
0.1446347661452956,1.59065068595435,1.6428019875206858,0.3707041097887025,1.446995469779169,-0.3086236547129729,-0.8169767318548042,-1.2341572780106842,0
-0.548178255615647,-0.5276104832913076,-0.8561459578707923,-1.6257079582956888,1.446995469779169,-0.3086236547129729,1.2240250682901004,-1.2341572780106842,0
-0.8945847664961184,-1.3926238868096306,-1.3545510882535798,-0.3613136485089076,0.2804736842452576,-0.3086236547129729,-0.8169767318548042,1.214522209771069,0
1.530260809667181,-0.6229662915531697,-0.5723319252917046,-0.7605960621257859,-0.302787208521698,0.960289589289825,-0.8169767318548042,1.214522209771069,0
-1.5873977882570611,1.318205519491887,1.6358796940431473,-0.427860717445054,0.8637345770122132,-0.6258519657136724,-0.8169767318548042,-0.5345345672158975,0
-0.8945847664961184,0.4940588909429326,0.6736809006652648,-0.0285783038281757,0.8637345770122132,-0.943080276714372,-0.8169767318548042,-1.2341572780106842,0
0.491041277025767,-1.1269898495087285,-0.9046020122135628,0.5703453165971416,-0.302787208521698,0.6430612782891255,-0.8169767318548042,1.5643335651684624,0
1.1838542987867098,1.222849711230024,1.5597344657902206,-1.093331406806518,-0.8860481012886536,0.6430612782891255,-0.8169767318548042,0.1650881435788891,0
-0.548178255615647,-1.5288464700408628,-1.4583854904166609,-1.3595196825511031,0.8637345770122132,1.2775179002905246,-0.8169767318548042,0.8647108543736758,0
-0.8945847664961184,0.7733151865669584,0.4521675093840255,0.5703453165971416,1.446995469779169,0.6430612782891255,-0.8169767318548042,-1.2341572780106842,0
-1.5873977882570611,-0.6365885498762932,-0.8284567839606374,0.4372511787248489,-0.302787208521698,1.2775179002905246,-0.8169767318548042,0.5148994989762825,0
0.1446347661452956,1.427183586076873,1.1097853897502046,-0.0951253727643221,1.446995469779169,0.0086046562877266,-0.8169767318548042,1.5643335651684624,0
1.1838542987867098,0.7937485740516428,0.6390694332775719,-1.159878475742664,1.446995469779169,-1.5775368987157707,-0.8169767318548042,1.214522209771069,1
-0.2017717447351757,0.725637282436027,0.8467382376037328,0.9030806612778736,-0.8860481012886536,0.6430612782891255,-0.8169767318548042,-0.5345345672158975,0
-1.5873977882570611,-0.9635227496312496,-1.008436414376644,0.96962773021402,1.446995469779169,-1.2603085877150713,1.2240250682901004,1.5643335651684624,0
0.1446347661452956,-0.2483541876672818,-0.5446427513815497,2.367116177873094,0.2804736842452576,0.3258329672884261,1.2240250682901004,-1.5839686334080776,0
0.491041277025767,-1.024822912085304,-1.1953383382701896,-1.159878475742664,-0.302787208521698,0.6430612782891255,-0.8169767318548042,0.8647108543736758,0
-1.5873977882570611,-0.0712648294666803,0.1891203572375542,2.3005691089369473,1.446995469779169,-1.2603085877150713,1.2240250682901004,1.5643335651684624,0
1.1838542987867098,-1.3585682410018227,-1.486074664326816,-0.0285783038281757,-0.302787208521698,0.960289589289825,1.2240250682901004,-0.8843459226132909,0
0.1446347661452956,0.7460706699207126,0.7498261289181903,0.6368923855332881,0.8637345770122132,0.960289589289825,-0.8169767318548042,-1.2341572780106842,0
1.1838542987867098,1.07981599883723,1.1928529114806687,-1.7588020961679816,-0.302787208521698,-1.5775368987157707,1.2240250682901004,0.5148994989762825,1
1.530260809667181,0.9163488989597526,0.8813497049914268,0.7699865234055808,-0.302787208521698,0.0086046562877266,1.2240250682901004,-0.8843459226132909,1
-1.24099127737659,0.8822932531519441,0.964417226721891,0.4372511787248489,1.446995469779169,1.2775179002905246,-0.8169767318548042,-0.8843459226132909,0
-1.5873977882570611,-0.6638330665225397,-0.7107777948424792,-0.8936901999980786,-1.4693089940556092,1.594746211291224,-0.8169767318548042,1.214522209771069,0
1.1838542987867098,-0.2687875751519668,-0.6138656861569367,-0.5609548553173468,-0.8860481012886536,-0.6258519657136724,-0.8169767318548042,-1.5839686334080776,0
-0.2017717447351757,-0.9499004913081268,-0.8976797187360244,0.104515834044117,-1.4693089940556092,-1.5775368987157707,1.2240250682901004,1.214522209771069,0
-1.5873977882570611,1.0389492238678613,0.9159611723791196,0.8365335923417272,1.446995469779169,0.6430612782891255,-0.8169767318548042,0.1650881435788891,1
0.8374477879062384,0.8891043823135055,1.1651637375705144,-0.5609548553173468,0.2804736842452576,1.2775179002905246,-0.8169767318548042,1.214522209771069,1
-0.548178255615647,-0.8068667789153333,-1.1676491643600349,-1.0267843378703714,-0.8860481012886536,0.6430612782891255,-0.8169767318548042,-0.1847232118185042,0
0.491041277025767,1.42037245691531,1.6981803353409957,-0.6940489931896395,-1.4693089940556092,-1.2603085877150713,1.2240250682901004,1.5643335651684624,0
-1.24099127737659,0.7188261532744655,0.6321471398000321,-0.427860717445054,-1.4693089940556092,-0.943080276714372,-0.8169767318548042,1.5643335651684624,0
1.1838542987867098,0.0853911412492368,0.0991305420295509,1.70164548851163,-0.302787208521698,-1.2603085877150713,1.2240250682901004,1.5643335651684624,1
-1.24099127737659,1.7064398817008972,1.5251229984025276,1.3689101438308982,-0.8860481012886536,-0.6258519657136724,1.2240250682901004,-0.8843459226132909,0
1.530260809667181,-0.895411458015634,-0.9461357730787956,0.3707041097887025,0.8637345770122132,1.2775179002905246,-0.8169767318548042,-0.5345345672158975,0
0.8374477879062384,-0.8886003288540719,-1.0361255882867988,1.3689101438308982,-0.8860481012886536,-0.6258519657136724,1.2240250682901004,-0.8843459226132909,0
-1.5873977882570611,0.9640268030906828,1.1928529114806687,-0.4944077863812003,0.2804736842452576,0.6430612782891255,1.2240250682901004,0.8647108543736758,0
-0.2017717447351757,-0.8817891996925105,-1.2368720991354218,0.4372511787248489,1.446995469779169,0.3258329672884261,1.2240250682901004,1.214522209771069,0
0.491041277025767,0.7733151865669584,0.7636707158732686,0.104515834044117,-1.4693089940556092,-1.5775368987157707,1.2240250682901004,-0.5345345672158975,0
-1.5873977882570611,0.0377132371183054,-0.1223828492516876,-0.8936901999980786,0.8637345770122132,-0.6258519657136724,1.2240250682901004,-1.2341572780106842,0
0.491041277025767,0.7120150241129041,0.3967891615637157,-0.960237268934225,0.2804736842452576,1.2775179002905246,-0.8169767318548042,-1.5839686334080776,0
-1.24099127737659,-1.2632124327399603,-1.1468822839274184,-1.093331406806518,-1.4693089940556092,0.0086046562877266,1.2240250682901004,1.5643335651684624,0
0.8374477879062384,-1.30407920770933,-1.4168517295514282,-0.4944077863812003,1.446995469779169,-0.6258519657136724,-0.8169767318548042,-1.2341572780106842,0
-0.8945847664961184,-0.6910775831687861,-0.3646631209655432,0.9030806612778736,-0.8860481012886536,0.6430612782891255,-0.8169767318548042,-1.5839686334080776,0
-0.2017717447351757,0.7733151865669584,1.0474847484523564,1.901286695320069,-0.302787208521698,0.0086046562877266,1.2240250682901004,-0.8843459226132909,1
1.1838542987867098,0.7733151865669584,0.7013700745754203,-1.825349165104128,-0.8860481012886536,0.0086046562877266,1.2240250682901004,0.5148994989762825,0
1.1838542987867098,-1.113367591185605,-0.8699905448258695,-2.2246315787210063,-0.8860481012886536,1.594746211291224,-0.8169767318548042,0.8647108543736758,0
0.1446347661452956,-1.0929342037009204,-0.966902653511412,-0.0285783038281757,-0.302787208521698,-0.6258519657136724,-0.8169767318548042,-0.1847232118185042,0
-0.548178255615647,-0.0508314419819953,0.0575967811643189,-0.7605960621257859,-0.8860481012886536,0.3258329672884261,-0.8169767318548042,1.214522209771069,0
-0.8945847664961184,1.1956051945837771,1.0751739223625103,-1.2264255446788106,-0.302787208521698,0.6430612782891255,-0.8169767318548042,0.5148994989762825,0
1.1838542987867098,-1.453924049263685,-1.1953383382701896,0.104515834044117,-0.302787208521698,0.960289589289825,-0.8169767318548042,-1.5839686334080776,0
1.530260809667181,0.5213034075891797,0.5560019115471065,1.0361747991501662,-1.4693089940556092,0.960289589289825,1.2240250682901004,1.5643335651684624,1
-0.2017717447351757,-1.569713245010232,-1.645287414310206,-0.5609548553173468,1.446995469779169,-0.3086236547129729,-0.8169767318548042,0.5148994989762825,0
-0.8945847664961184,-1.031634041246866,-1.3476287947760413,-0.4944077863812003,0.8637345770122132,1.2775179002905246,-0.8169767318548042,-0.8843459226132909,0
-0.548178255615647,-1.7127469574030263,-1.4168517295514282,-0.7605960621257859,-0.8860481012886536,-0.943080276714372,-0.8169767318548042,-0.8843459226132909,0
-1.5873977882570611,-1.270023561901522,-1.0361255882867988,0.3041570408525561,0.8637345770122132,0.6430612782891255,-0.8169767318548042,-1.5839686334080776,0
1.1838542987867098,-0.4935548374834996,-0.4269637622633915,-1.492613820423396,-0.302787208521698,-1.5775368987157707,-0.8169767318548042,0.1650881435788891,0
0.8374477879062384,1.7949845608011985,1.691258041863457,0.9030806612778736,1.446995469779169,1.2775179002905246,-0.8169767318548042,1.214522209771069,1
1.1838542987867098,-0.2279208001825968,-0.1569943166393817,-2.0915374408487133,-1.4693089940556092,1.2775179002905246,-0.8169767318548042,-0.8843459226132909,0
-0.2017717447351757,-1.0043895246006198,-1.181493751315112,0.7699865234055808,1.446995469779169,-0.6258519657136724,-0.8169767318548042,-0.8843459226132909,0
-0.548178255615647,-0.7523777456228404,-0.9322911861237178,0.104515834044117,0.2804736842452576,0.0086046562877266,-0.8169767318548042,1.214522209771069,0
0.8374477879062384,0.0377132371183054,-0.0185484470886072,-1.093331406806518,-0.8860481012886536,1.2775179002905246,-0.8169767318548042,-1.2341572780106842,0
-1.24099127737659,-0.1121316044360496,-0.2262172514147686,0.1710629029802634,1.446995469779169,-0.943080276714372,1.2240250682901004,0.8647108543736758,0
1.1838542987867098,1.2705276153609557,1.2343866723459014,-0.7605960621257859,0.8637345770122132,0.3258329672884261,1.2240250682901004,-1.5839686334080776,1
-1.24099127737659,-0.159809508566981,-0.1985280775046137,0.5037982476609952,1.446995469779169,1.594746211291224,-0.8169767318548042,-0.5345345672158975,0
-1.5873977882570611,1.025326965544737,1.3382210745089824,0.9030806612778736,1.446995469779169,1.594746211291224,-0.8169767318548042,1.5643335651684624,1
-1.24099127737659,0.8141819615363283,0.8882719984689654,1.2358160059586054,0.2804736842452576,-1.5775368987157707,-0.8169767318548042,1.5643335651684624,1
-1.24099127737659,-0.9362782329850032,-0.6900109144098628,-0.427860717445054,1.446995469779169,0.960289589289825,-0.8169767318548042,1.214522209771069,0
0.8374477879062384,1.84266246493213,1.5666567592677605,-1.093331406806518,-1.4693089940556092,1.2775179002905246,-0.8169767318548042,1.5643335651684624,0
0.491041277025767,-0.5957217749069234,-0.6900109144098628,-0.2947665795727612,-0.8860481012886536,-0.3086236547129729,1.2240250682901004,-0.1847232118185042,0
0.8374477879062384,1.147927290452847,1.0267178680197393,-1.5591608893595423,-0.8860481012886536,0.3258329672884261,-0.8169767318548042,-0.5345345672158975,0
0.8374477879062384,0.684770507466657,0.5075458572043353,0.8365335923417272,-0.302787208521698,1.594746211291224,1.2240250682901004,1.214522209771069,1
1.530260809667181,-0.7796222622690868,-0.6692440339772465,-0.5609548553173468,1.446995469779169,0.3258329672884261,-0.8169767318548042,-0.8843459226132909,0
-1.5873977882570611,1.37269455278438,1.151319150615436,0.6368923855332881,-0.8860481012886536,-1.2603085877150713,-0.8169767318548042,1.5643335651684624,0
1.1838542987867098,1.0525714821909842,1.3520656614640596,-0.3613136485089076,-0.302787208521698,-0.6258519657136724,-0.8169767318548042,-1.2341572780106842,1
-1.5873977882570611,1.1274939029681614,1.206697498435746,-2.623913992337884,-0.302787208521698,0.0086046562877266,-0.8169767318548042,1.5643335651684624,0
0.1446347661452956,1.747306656670267,1.5666567592677605,-0.0951253727643221,0.2804736842452576,0.3258329672884261,-0.8169767318548042,-1.2341572780106842,0
-1.24099127737659,0.2488582411267153,0.0575967811643189,1.3689101438308982,0.2804736842452576,0.960289589289825,1.2240250682901004,0.8647108543736758,0
0.1446347661452956,-0.5820995165838004,-0.5930988057243209,0.4372511787248489,0.8637345770122132,-0.943080276714372,-0.8169767318548042,-0.8843459226132909,0
-0.8945847664961184,-0.6229662915531697,-0.5307981644264727,-0.2947665795727612,-1.4693089940556092,1.594746211291224,1.2240250682901004,-0.8843459226132909,0
-1.5873977882570611,0.7392595407591499,0.5075458572043353,0.9030806612778736,0.2804736842452576,0.0086046562877266,-0.8169767318548042,-0.1847232118185042,1
0.8374477879062384,-0.5480438707759919,-0.6000210992018595,-0.8271431310619323,-1.4693089940556092,-0.943080276714372,1.2240250682901004,1.5643335651684624,0
1.1838542987867098,1.6383285900852815,1.5251229984025276,1.102721868086313,0.8637345770122132,-1.5775368987157707,-0.8169767318548042,1.5643335651684624,1
-0.548178255615647,1.9652627898402384,1.67741345490838,0.6368923855332881,-1.4693089940556092,-0.6258519657136724,-0.8169767318548042,1.5643335651684624,0
1.530260809667181,-0.8886003288540719,-0.7384669687526341,-0.5609548553173468,-0.302787208521698,0.3258329672884261,-0.8169767318548042,-0.8843459226132909,0
0.1446347661452956,-0.7796222622690868,-0.6207879796344759,0.1710629029802634,1.446995469779169,-1.5775368987157707,-0.8169767318548042,1.5643335651684624,0
1.530260809667181,0.0104687204720589,-0.3092847731452334,0.104515834044117,-0.302787208521698,-0.3086236547129729,-0.8169767318548042,-1.2341572780106842,0
-0.2017717447351757,0.1262579162186061,0.1891203572375542,0.5037982476609952,-0.8860481012886536,-1.5775368987157707,1.2240250682901004,0.8647108543736758,0
1.530260809667181,-0.6774553248456626,-0.7523115557077112,-2.0915374408487133,-1.4693089940556092,0.0086046562877266,-0.8169767318548042,1.214522209771069,0
0.491041277025767,-0.5889106457453619,-0.9253688926461792,0.5703453165971416,-0.302787208521698,1.2775179002905246,-0.8169767318548042,-0.8843459226132909,0
0.8374477879062384,-1.1406121078318512,-0.8146121970055596,0.5037982476609952,1.446995469779169,-1.5775368987157707,1.2240250682901004,-0.8843459226132909,0
1.530260809667181,0.514492278427617,0.272187878968019,1.502004281703191,0.8637345770122132,1.594746211291224,1.2240250682901004,0.8647108543736758,1
1.1838542987867098,1.7064398817008972,1.6981803353409957,0.5037982476609952,0.8637345770122132,0.0086046562877266,1.2240250682901004,1.5643335651684624,1
0.8374477879062384,1.5429727818234198,1.324376487553904,-0.2282195106366148,0.8637345770122132,1.594746211291224,-0.8169767318548042,0.1650881435788891,1
-0.548178255615647,0.2488582411267153,0.3760222811311,-0.960237268934225,0.2804736842452576,-0.943080276714372,-0.8169767318548042,0.5148994989762825,0
-0.548178255615647,-1.399435015971192,-1.5483753056246643,-1.2929726136149569,0.8637345770122132,1.594746211291224,1.2240250682901004,1.5643335651684624,0
1.1838542987867098,0.5689813117201099,0.7152146615304974,0.4372511787248489,0.2804736842452576,-1.5775368987157707,1.2240250682901004,-1.5839686334080776,1
-1.24099127737659,-0.3028432209597747,-0.5031089905163177,0.0379687651079706,-1.4693089940556092,0.0086046562877266,-0.8169767318548042,0.8647108543736758,0
-0.548178255615647,-1.3721904993249463,-1.4929969578043545,-1.0267843378703714,0.8637345770122132,1.594746211291224,1.2240250682901004,1.214522209771069,0
-1.5873977882570611,0.855048736505697,0.9713395201994296,-0.2947665795727612,-0.302787208521698,-1.5775368987157707,-0.8169767318548042,0.8647108543736758,0
0.1446347661452956,0.1194467870570446,0.306799346355713,0.96962773021402,1.446995469779169,0.3258329672884261,-0.8169767318548042,0.1650881435788891,0
-0.2017717447351757,0.5826035700432339,0.6321471398000321,-0.8271431310619323,0.2804736842452576,-0.3086236547129729,-0.8169767318548042,0.5148994989762825,0
-0.2017717447351757,0.1058245287339217,-0.1916057840270752,-1.159878475742664,-0.8860481012886536,0.960289589289825,-0.8169767318548042,-0.1847232118185042,0
1.530260809667181,-0.3096543501213361,-0.6484771535446308,1.302363074894752,-1.4693089940556092,-1.2603085877150713,-0.8169767318548042,0.1650881435788891,0
1.530260809667181,0.2079914661573454,0.4037114550412543,1.169268937022459,0.2804736842452576,-0.943080276714372,-0.8169767318548042,-0.1847232118185042,1
-1.5873977882570611,0.9163488989597526,1.1443968571378975,-1.4260667514872496,0.2804736842452576,0.6430612782891255,-0.8169767318548042,0.5148994989762825,0
0.491041277025767,1.2296608403915856,1.1859306180031302,-1.9584433029764208,-0.302787208521698,-1.5775368987157707,-0.8169767318548042,0.5148994989762825,0
-0.2017717447351757,-0.2142985418594739,0.1198974224621673,-0.2947665795727612,0.8637345770122132,0.3258329672884261,1.2240250682901004,1.214522209771069,0
-0.548178255615647,-0.6161551623916083,-0.6761663274547857,1.302363074894752,1.446995469779169,-0.943080276714372,1.2240250682901004,-1.5839686334080776,0
-0.548178255615647,-0.0848870877898032,-0.3992745883532366,0.2376099719164097,-0.302787208521698,1.2775179002905246,1.2240250682901004,1.5643335651684624,0
-1.5873977882570611,0.9844601905753684,0.9436503462892752,0.5037982476609952,0.2804736842452576,-1.2603085877150713,1.2240250682901004,0.5148994989762825,0
0.1446347661452956,-1.099745332862482,-1.2299498056578833,1.4354572127670446,0.8637345770122132,1.594746211291224,-0.8169767318548042,-0.5345345672158975,0
-1.24099127737659,-0.1325649919207346,-0.2400618383698458,0.0379687651079706,-1.4693089940556092,-0.6258519657136724,-0.8169767318548042,1.5643335651684624,0
-0.8945847664961184,-1.2427790452552756,-1.077659349152031,0.3707041097887025,-0.302787208521698,0.6430612782891255,-0.8169767318548042,-0.5345345672158975,0
-1.24099127737659,-0.2006762835363504,-0.5377204579040112,0.4372511787248489,0.8637345770122132,1.2775179002905246,1.2240250682901004,-1.5839686334080776,0
-1.5873977882570611,1.427183586076873,1.628957400565609,-0.0951253727643221,-1.4693089940556092,-0.6258519657136724,-0.8169767318548042,-1.5839686334080776,0
-1.24099127737659,0.160313562026414,-0.0808490883864555,0.0379687651079706,-1.4693089940556092,-0.3086236547129729,-0.8169767318548042,0.8647108543736758,0
-1.24099127737659,0.0649577537645518,0.3690999876535614,-0.3613136485089076,1.446995469779169,0.960289589289825,1.2240250682901004,-0.5345345672158975,0
-1.24099127737659,-1.0520674287315506,-0.7592338491852498,0.3041570408525561,0.8637345770122132,-0.943080276714372,-0.8169767318548042,0.5148994989762825,0
1.530260809667181,0.2148025953189068,0.2929547594006353,0.3707041097887025,0.8637345770122132,1.2775179002905246,-0.8169767318548042,0.1650881435788891,0
0.8374477879062384,-1.2564013035783983,-1.3545510882535798,0.0379687651079706,0.2804736842452576,0.960289589289825,-0.8169767318548042,0.8647108543736758,0
0.1446347661452956,-0.7932445205922097,-0.8561459578707923,0.2376099719164097,-1.4693089940556092,0.960289589289825,1.2240250682901004,-1.2341572780106842,0
-0.548178255615647,0.6983927657897812,0.7567484223957301,-0.1616724417004685,-0.8860481012886536,0.960289589289825,-0.8169767318548042,0.1650881435788891,0
-1.24099127737659,-1.024822912085304,-0.7315446752750949,0.6368923855332881,-0.8860481012886536,0.6430612782891255,-0.8169767318548042,-0.1847232118185042,0
-1.5873977882570611,1.086627127998793,1.0959408027951263,-0.8271431310619323,0.2804736842452576,-0.943080276714372,-0.8169767318548042,-0.8843459226132909,0
0.8374477879062384,0.895915511475067,0.6321471398000321,-1.6257079582956888,0.2804736842452576,0.3258329672884261,-0.8169767318548042,1.214522209771069,1
0.1446347661452956,0.8822932531519441,1.0544070419298948,1.0361747991501662,1.446995469779169,0.960289589289825,-0.8169767318548042,0.5148994989762825,1
1.530260809667181,-1.8285361531495736,-1.5483753056246643,0.9030806612778736,-0.302787208521698,-1.2603085877150713,-0.8169767318548042,0.5148994989762825,1
1.530260809667181,1.1683606779375313,1.172086031048053,1.169268937022459,-0.302787208521698,0.3258329672884261,-0.8169767318548042,-0.8843459226132909,1
0.8374477879062384,-0.0985093461129267,-0.0116261536110686,0.1710629029802634,-1.4693089940556092,0.6430612782891255,1.2240250682901004,-0.5345345672158975,0
-1.24099127737659,1.7541177858318286,1.483589237537295,0.1710629029802634,1.446995469779169,0.0086046562877266,-0.8169767318548042,-0.1847232118185042,0
0.491041277025767,1.488483748530927,1.5597344657902206,-0.5609548553173468,-0.8860481012886536,0.960289589289825,1.2240250682901004,0.8647108543736758,0
0.1446347661452956,0.0240909787951824,-0.1500720231618425,1.901286695320069,-1.4693089940556092,0.3258329672884261,-0.8169767318548042,-1.2341572780106842,0
0.8374477879062384,-0.3368988667675825,-0.4131191753083138,1.5685513506393374,-0.302787208521698,0.0086046562877266,1.2240250682901004,0.5148994989762825,1
1.1838542987867098,0.8073708323747668,0.5490796180695681,-0.7605960621257859,-0.8860481012886536,0.960289589289825,1.2240250682901004,-0.5345345672158975,0
0.8374477879062384,1.7949845608011985,1.5389675853576048,-0.5609548553173468,-1.4693089940556092,-0.943080276714372,-0.8169767318548042,-1.2341572780106842,0
-0.2017717447351757,0.3850808243579469,0.0783636615969352,1.2358160059586054,0.2804736842452576,-0.6258519657136724,1.2240250682901004,-0.8843459226132909,1
-0.8945847664961184,-0.1121316044360496,-0.0393153275212229,-0.3613136485089076,-1.4693089940556092,0.0086046562877266,1.2240250682901004,0.5148994989762825,0
1.530260809667181,-0.0167757961741874,0.2306541181027869,0.2376099719164097,-0.302787208521698,0.6430612782891255,-0.8169767318548042,-1.2341572780106842,0
-0.548178255615647,-0.3709545125753904,-0.1777611970719974,0.3041570408525561,1.446995469779169,0.960289589289825,-0.8169767318548042,-0.8843459226132909,0
-0.8945847664961184,-1.290456949386207,-1.3337842078209636,0.0379687651079706,0.8637345770122132,-0.6258519657136724,1.2240250682901004,-0.5345345672158975,0
0.8374477879062384,1.107060515483477,1.2689981397335943,0.7034394544694345,-0.8860481012886536,-0.943080276714372,-0.8169767318548042,1.5643335651684624,0
0.491041277025767,0.3101584035807697,0.0506744876867803,-0.8936901999980786,-1.4693089940556092,0.3258329672884261,1.2240250682901004,0.5148994989762825,0
-1.5873977882570611,1.3931279402690642,1.483589237537295,-0.6275019242534932,0.8637345770122132,1.594746211291224,-0.8169767318548042,1.214522209771069,0
-1.24099127737659,-0.7932445205922097,-0.6415548600670916,-0.6275019242534932,-1.4693089940556092,-1.2603085877150713,-0.8169767318548042,-1.2341572780106842,0
-0.548178255615647,0.1126356578954832,0.0575967811643189,-0.8936901999980786,0.2804736842452576,0.960289589289825,-0.8169767318548042,1.214522209771069,0
-0.2017717447351757,0.7869374448900813,0.8813497049914268,-0.3613136485089076,-1.4693089940556092,0.960289589289825,1.2240250682901004,-1.2341572780106842,0
-1.5873977882570611,-0.0712648294666803,0.2306541181027869,-0.3613136485089076,-0.8860481012886536,0.3258329672884261,1.2240250682901004,0.5148994989762825,0
0.1446347661452956,-0.4322546750294447,-0.3023624796676948,-0.8271431310619323,0.8637345770122132,1.594746211291224,-0.8169767318548042,1.214522209771069,0
1.530260809667181,0.3442140493885769,0.3552554006984843,-0.8271431310619323,-0.302787208521698,0.6430612782891255,-0.8169767318548042,0.1650881435788891,1
-1.24099127737659,0.7937485740516428,0.8536605310812714,0.0379687651079706,0.2804736842452576,-0.6258519657136724,1.2240250682901004,-0.5345345672158975,0
-1.5873977882570611,-0.4663103208372532,-0.2331395448923072,-0.6275019242534932,-0.8860481012886536,1.594746211291224,1.2240250682901004,0.8647108543736758,0
-0.548178255615647,0.0377132371183054,-0.1916057840270752,-0.6275019242534932,0.8637345770122132,0.960289589289825,1.2240250682901004,0.5148994989762825,0
-0.2017717447351757,-0.4867437083219376,-0.6000210992018595,1.7681925574477764,1.446995469779169,-0.943080276714372,-0.8169767318548042,0.8647108543736758,0
1.530260809667181,-0.0235869253357489,-0.1639166101169203,-0.7605960621257859,0.8637345770122132,1.594746211291224,-0.8169767318548042,-1.2341572780106842,0
0.1446347661452956,-0.9975783954390576,-0.7315446752750949,-1.2929726136149569,1.446995469779169,-0.6258519657136724,1.2240250682901004,-1.5839686334080776,0
-0.8945847664961184,0.1126356578954832,-0.0946936753415327,-0.0951253727643221,1.446995469779169,1.2775179002905246,-0.8169767318548042,1.5643335651684624,0
0.1446347661452956,-0.8273001664000177,-1.0015141208991054,1.6350984195754836,0.2804736842452576,-0.943080276714372,-0.8169767318548042,1.214522209771069,0
-1.5873977882570611,0.8209930906978897,1.102863096272666,-0.1616724417004685,-0.302787208521698,0.960289589289825,1.2240250682901004,-1.5839686334080776,0
1.530260809667181,-1.120178720347167,-1.1884160447926506,-0.0285783038281757,-0.302787208521698,1.594746211291224,1.2240250682901004,-0.1847232118185042,0
-1.5873977882570611,-1.5492798575255478,-1.62452053387759,1.169268937022459,-1.4693089940556092,-0.943080276714372,-0.8169767318548042,1.214522209771069,0
0.1446347661452956,-0.9022225871771956,-1.0015141208991054,1.901286695320069,-1.4693089940556092,-1.2603085877150713,1.2240250682901004,-0.8843459226132909,0
-1.24099127737659,-1.419868403455877,-1.1745714578375734,1.6350984195754836,0.8637345770122132,0.3258329672884261,1.2240250682901004,-0.8843459226132909,0
-1.24099127737659,0.8618598656672597,1.068251628884972,-0.4944077863812003,1.446995469779169,-1.5775368987157707,-0.8169767318548042,0.1650881435788891,0
-0.548178255615647,-0.3368988667675825,-0.2331395448923072,0.8365335923417272,0.2804736842452576,-1.2603085877150713,-0.8169767318548042,1.5643335651684624,0
-1.24099127737659,0.895915511475067,0.9021165854240426,-1.692255027231835,-1.4693089940556092,0.3258329672884261,-0.8169767318548042,-0.1847232118185042,0
-0.2017717447351757,0.1535024328648525,0.1060528355070901,-1.825349165104128,-0.8860481012886536,1.594746211291224,-0.8169767318548042,1.214522209771069,0
0.1446347661452956,-1.5492798575255478,-1.3337842078209636,-0.6275019242534932,0.2804736842452576,-0.943080276714372,-0.8169767318548042,1.5643335651684624,0
-0.8945847664961184,0.3033472744192082,0.3483331072209445,-1.159878475742664,1.446995469779169,-1.2603085877150713,-0.8169767318548042,-1.5839686334080776,0
-1.24099127737659,0.9572156739291212,0.6598363137101876,1.0361747991501662,-0.302787208521698,0.3258329672884261,-0.8169767318548042,-1.2341572780106842,1
0.491041277025767,1.5497839109849814,1.275920433211134,0.96962773021402,1.446995469779169,1.2775179002905246,-0.8169767318548042,-0.8843459226132909,1
-0.8945847664961184,1.5634061693081045,1.6635688679533016,-2.956649337018616,-0.8860481012886536,-0.6258519657136724,1.2240250682901004,-0.5345345672158975,0
0.491041277025767,0.6166592158510412,0.3967891615637157,0.5703453165971416,0.2804736842452576,-0.3086236547129729,-0.8169767318548042,-1.5839686334080776,0
0.8374477879062384,0.4736255034582483,0.5975356724123393,0.0379687651079706,-0.302787208521698,-0.943080276714372,-0.8169767318548042,0.8647108543736758,1
0.1446347661452956,-0.0780759586282417,-0.2262172514147686,0.1710629029802634,-0.302787208521698,1.594746211291224,-0.8169767318548042,-0.1847232118185042,0
0.8374477879062384,1.086627127998793,0.985184107154508,-1.2264255446788106,1.446995469779169,-0.6258519657136724,-0.8169767318548042,-0.1847232118185042,1
-0.548178255615647,-0.1734317668901039,-0.2123726644596909,-0.8936901999980786,-0.302787208521698,-1.5775368987157707,-0.8169767318548042,-0.8843459226132909,0
-1.5873977882570611,0.6370926033357268,0.9090388789015812,1.4354572127670446,-0.302787208521698,-0.943080276714372,-0.8169767318548042,0.8647108543736758,1
1.1838542987867098,-1.270023561901522,-1.5345307186695865,1.0361747991501662,0.2804736842452576,1.594746211291224,-0.8169767318548042,-0.5345345672158975,1
1.1838542987867098,1.76092891499339,1.6012682266554532,1.70164548851163,-0.8860481012886536,-0.3086236547129729,1.2240250682901004,1.5643335651684624,1
0.1446347661452956,-0.180242896051666,-0.3438962405329269,-0.7605960621257859,0.8637345770122132,1.2775179002905246,1.2240250682901004,-1.2341572780106842,0
0.8374477879062384,-0.1325649919207346,-0.0600822079538392,1.169268937022459,-1.4693089940556092,-0.943080276714372,1.2240250682901004,1.214522209771069,0
-0.2017717447351757,0.2692916286113997,0.1198974224621673,1.102721868086313,-1.4693089940556092,-0.943080276714372,-0.8169767318548042,0.5148994989762825,0
0.491041277025767,-1.4947908242330548,-1.7421995229957483,-0.6275019242534932,-1.4693089940556092,0.0086046562877266,-0.8169767318548042,0.5148994989762825,0
-0.2017717447351757,-0.8681669413693875,-0.6553994470221693,0.7034394544694345,0.8637345770122132,0.960289589289825,-0.8169767318548042,-0.8843459226132909,0
1.530260809667181,-0.9158448455003184,-0.8838351317809472,-1.159878475742664,0.2804736842452576,-1.5775368987157707,1.2240250682901004,0.1650881435788891,0
-1.24099127737659,-0.4322546750294447,-0.6830886209323243,0.5703453165971416,0.2804736842452576,0.6430612782891255,-0.8169767318548042,-0.8843459226132909,0
-0.548178255615647,-1.30407920770933,-1.659132001265284,0.3041570408525561,-1.4693089940556092,-0.3086236547129729,1.2240250682901004,0.8647108543736758,0
-0.548178255615647,0.7052038949513426,0.7359815419631132,0.104515834044117,0.8637345770122132,0.6430612782891255,-0.8169767318548042,-0.5345345672158975,0
0.8374477879062384,-1.031634041246866,-0.7938453165729439,0.3041570408525561,0.2804736842452576,1.2775179002905246,1.2240250682901004,-1.5839686334080776,0
-0.548178255615647,-1.113367591185605,-1.1053485230621858,0.3041570408525561,0.8637345770122132,-0.6258519657136724,-0.8169767318548042,-1.2341572780106842,0
0.491041277025767,0.7460706699207126,0.4590898028615641,2.8329456604261183,-0.302787208521698,-1.2603085877150713,-0.8169767318548042,-0.5345345672158975,1
1.530260809667181,-0.895411458015634,-0.7730784361403276,0.0379687651079706,-1.4693089940556092,1.594746211291224,-0.8169767318548042,1.214522209771069,0
0.1446347661452956,-0.0372091836588718,-0.316207066622772,0.5037982476609952,1.446995469779169,1.2775179002905246,-0.8169767318548042,1.214522209771069,0
0.8374477879062384,0.1466913037032911,0.071441368119396,0.7034394544694345,-1.4693089940556092,0.6430612782891255,-0.8169767318548042,-0.8843459226132909,0
1.530260809667181,0.5826035700432339,0.2514209985354033,0.1710629029802634,0.2804736842452576,1.2775179002905246,1.2240250682901004,1.214522209771069,1
0.1446347661452956,1.2705276153609557,1.1859306180031302,1.0361747991501662,-0.8860481012886536,-1.5775368987157707,-0.8169767318548042,-1.2341572780106842,0
1.530260809667181,-0.1325649919207346,-0.4338860557409301,0.96962773021402,1.446995469779169,0.6430612782891255,1.2240250682901004,-0.8843459226132909,1
0.1446347661452956,0.4736255034582483,0.1545088898498608,1.169268937022459,-0.8860481012886536,1.2775179002905246,-0.8169767318548042,1.214522209771069,0
0.1446347661452956,0.6983927657897812,0.8467382376037328,1.7681925574477764,-0.302787208521698,-0.943080276714372,-0.8169767318548042,-1.5839686334080776,1
1.1838542987867098,-0.5889106457453619,-0.8215344904830988,-0.8271431310619323,0.2804736842452576,0.0086046562877266,-0.8169767318548042,-0.8843459226132909,0
-0.548178255615647,1.59065068595435,1.5112784114474505,-1.8918962340402743,-1.4693089940556092,0.3258329672884261,1.2240250682901004,-1.5839686334080776,0
0.8374477879062384,-0.5548549999375539,-0.634632566589553,0.6368923855332881,-0.302787208521698,0.960289589289825,-0.8169767318548042,-0.5345345672158975,0
1.1838542987867098,0.4804366326198097,0.6044579658898779,-0.7605960621257859,-1.4693089940556092,-1.2603085877150713,-0.8169767318548042,-0.5345345672158975,0
-1.5873977882570611,1.0389492238678613,0.7567484223957301,0.3707041097887025,-1.4693089940556092,-0.943080276714372,-0.8169767318548042,-1.2341572780106842,0
1.530260809667181,0.7869374448900813,0.9228834658566584,-0.7605960621257859,-1.4693089940556092,0.0086046562877266,-0.8169767318548042,0.5148994989762825,0
-1.5873977882570611,-0.0303980544973103,-0.1916057840270752,0.0379687651079706,-0.302787208521698,-1.2603085877150713,-0.8169767318548042,-0.1847232118185042,0
-1.5873977882570611,-0.909033716338757,-0.7315446752750949,0.7034394544694345,0.8637345770122132,-1.5775368987157707,-0.8169767318548042,-0.8843459226132909,0
-0.2017717447351757,-1.031634041246866,-0.7453892622301727,0.5037982476609952,0.2804736842452576,0.3258329672884261,1.2240250682901004,-1.2341572780106842,0
0.491041277025767,1.76092891499339,1.552812172312682,-0.6275019242534932,-0.302787208521698,-0.6258519657136724,-0.8169767318548042,1.5643335651684624,0
0.8374477879062384,0.6370926033357268,0.722136955008036,0.0379687651079706,-0.302787208521698,0.0086046562877266,-0.8169767318548042,-0.1847232118185042,1
1.530260809667181,0.6983927657897812,0.6113802593674164,0.7699865234055808,0.2804736842452576,-1.2603085877150713,-0.8169767318548042,0.1650881435788891,1
-0.548178255615647,-1.3517571118402611,-1.430696316506506,-1.492613820423396,-0.8860481012886536,0.3258329672884261,-0.8169767318548042,-0.8843459226132909,0
0.1446347661452956,0.5826035700432339,0.4452452159064869,-0.6275019242534932,-0.302787208521698,0.3258329672884261,1.2240250682901004,0.1650881435788891,0
-1.24099127737659,-0.7864333914306483,-0.8838351317809472,-0.427860717445054,0.2804736842452576,-0.3086236547129729,-0.8169767318548042,0.1650881435788891,0
-1.24099127737659,1.25009422787627,1.4351331831945238,-0.7605960621257859,-0.8860481012886536,-0.943080276714372,1.2240250682901004,0.8647108543736758,0
0.8374477879062384,1.07981599883723,0.7775153028283458,-1.3595196825511031,-1.4693089940556092,1.594746211291224,1.2240250682901004,1.5643335651684624,0
-1.24099127737659,-1.031634041246866,-1.223027512180345,0.4372511787248489,-0.8860481012886536,-0.6258519657136724,-0.8169767318548042,0.1650881435788891,0
0.491041277025767,1.1615495487759695,1.2551535527785171,-1.0267843378703714,-0.8860481012886536,0.0086046562877266,-0.8169767318548042,1.214522209771069,0
1.1838542987867098,-0.8681669413693875,-0.6969332078874014,1.102721868086313,0.8637345770122132,1.594746211291224,1.2240250682901004,-1.5839686334080776,1
0.8374477879062384,0.7460706699207126,0.9367280528117368,-0.0951253727643221,1.446995469779169,-1.2603085877150713,1.2240250682901004,1.5643335651684624,1
1.530260809667181,-1.30407920770933,-0.9876695339440276,0.1710629029802634,-1.4693089940556092,-0.6258519657136724,-0.8169767318548042,0.5148994989762825,0
-0.548178255615647,-0.180242896051666,-0.3646631209655432,0.5703453165971416,-0.8860481012886536,0.3258329672884261,1.2240250682901004,-0.8843459226132909,0
-1.5873977882570611,0.3510251785501396,0.3483331072209445,-0.427860717445054,0.2804736842452576,1.2775179002905246,-0.8169767318548042,1.214522209771069,0
1.530260809667181,-1.1951011411243442,-1.257638979568038,0.5703453165971416,-0.8860481012886536,0.960289589289825,-0.8169767318548042,-1.2341572780106842,0
1.530260809667181,1.5157282651771729,1.518200704924989,0.0379687651079706,0.8637345770122132,-0.6258519657136724,1.2240250682901004,0.1650881435788891,1
0.8374477879062384,1.277338744522517,1.1582414440929758,0.96962773021402,1.446995469779169,1.594746211291224,1.2240250682901004,-0.5345345672158975,1
0.491041277025767,-1.876214057280504,-1.645287414310206,0.104515834044117,-0.8860481012886536,-1.5775368987157707,1.2240250682901004,1.214522209771069,0
-0.8945847664961184,-1.9920032530270515,-1.7560441099508255,0.3707041097887025,-0.8860481012886536,0.6430612782891255,1.2240250682901004,0.8647108543736758,0
-1.5873977882570611,1.447616973561557,1.324376487553904,-0.0285783038281757,-0.8860481012886536,-1.2603085877150713,-0.8169767318548042,-0.5345345672158975,0
-0.2017717447351757,0.6030369575279183,0.5906133789348007,0.6368923855332881,-0.302787208521698,1.2775179002905246,1.2240250682901004,-1.2341572780106842,0
0.1446347661452956,0.1875580786726604,0.4037114550412543,-0.8271431310619323,0.8637345770122132,-1.5775368987157707,1.2240250682901004,1.5643335651684624,0
1.530260809667181,-0.2824098334750897,-0.4408083492184687,-1.6257079582956888,0.8637345770122132,0.0086046562877266,-0.8169767318548042,-0.1847232118185042,0
-1.5873977882570611,-0.8545446830462641,-0.7523115557077112,1.9678337642562156,-1.4693089940556092,-1.5775368987157707,1.2240250682901004,0.5148994989762825,0
-0.548178255615647,0.8686709948288212,0.5629242050246451,-1.093331406806518,-1.4693089940556092,-0.3086236547129729,1.2240250682901004,0.5148994989762825,0
0.1446347661452956,-1.4811685659099314,-1.29917274043327,-0.0951253727643221,-1.4693089940556092,1.594746211291224,1.2240250682901004,-0.8843459226132909,0
0.491041277025767,-0.929467103823442,-1.0707370556744924,-0.2282195106366148,-0.302787208521698,-0.943080276714372,1.2240250682901004,-0.1847232118185042,0
0.1446347661452956,-1.569713245010232,-1.6175982404000513,-0.7605960621257859,-0.302787208521698,1.594746211291224,1.2240250682901004,0.5148994989762825,0
1.530260809667181,-0.6502108081994161,-0.9599803600338728,1.5685513506393374,0.2804736842452576,-1.2603085877150713,-0.8169767318548042,0.5148994989762825,1
-0.548178255615647,0.0581466246029903,0.1406643028947836,-0.0285783038281757,0.8637345770122132,1.594746211291224,1.2240250682901004,-1.2341572780106842,0
-0.548178255615647,-0.0916982169513646,-0.2746733057575399,-0.2947665795727612,-1.4693089940556092,-1.2603085877150713,-0.8169767318548042,0.5148994989762825,0
0.8374477879062384,0.8278042198594512,0.7152146615304974,-0.8271431310619323,0.8637345770122132,1.2775179002905246,-0.8169767318548042,1.214522209771069,1
-0.8945847664961184,1.29096100284564,1.4905115310148336,-1.0267843378703714,0.2804736842452576,0.0086046562877266,-0.8169767318548042,0.5148994989762825,0
-0.8945847664961184,-0.3709545125753904,-0.5238758709489334,0.2376099719164097,-0.302787208521698,0.960289589289825,1.2240250682901004,-0.1847232118185042,0
-0.8945847664961184,1.4816726193693657,1.5943459331779146,0.104515834044117,0.2804736842452576,0.3258329672884261,-0.8169767318548042,1.5643335651684624,0
-0.8945847664961184,-1.7740471198570806,-1.6383651208326675,-0.1616724417004685,-0.8860481012886536,-0.943080276714372,-0.8169767318548042,0.1650881435788891,0
1.530260809667181,1.7268732691855828,1.6635688679533016,-0.8936901999980786,-0.8860481012886536,1.2775179002905246,-0.8169767318548042,-0.5345345672158975,0
-0.548178255615647,0.0445243662798668,0.1475865963723222,-0.2947665795727612,0.8637345770122132,-0.943080276714372,-0.8169767318548042,1.5643335651684624,0
-0.8945847664961184,-1.5356575992024242,-1.486074664326816,0.3707041097887025,0.8637345770122132,1.594746211291224,-0.8169767318548042,-1.2341572780106842,0
0.491041277025767,0.8005597032132054,0.8398159441261942,-0.4944077863812003,-1.4693089940556092,1.2775179002905246,-0.8169767318548042,0.5148994989762825,0
-1.5873977882570611,1.3590722944612557,1.2482312593009786,-0.1616724417004685,0.2804736842452576,1.2775179002905246,1.2240250682901004,0.8647108543736758,0
-0.8945847664961184,1.0525714821909842,0.7636707158732686,-1.159878475742664,-0.8860481012886536,1.2775179002905246,1.2240250682901004,1.5643335651684624,0
0.1446347661452956,1.2024163237453398,0.9367280528117368,-0.4944077863812003,0.2804736842452576,1.2775179002905246,-0.8169767318548042,0.5148994989762825,0
-1.24099127737659,0.3033472744192082,0.4590898028615641,1.3689101438308982,-1.4693089940556092,0.6430612782891255,1.2240250682901004,0.1650881435788891,0
-1.5873977882570611,-0.0780759586282417,-0.1431497296843039,-0.6275019242534932,0.8637345770122132,-0.943080276714372,-0.8169767318548042,0.1650881435788891,0
-0.2017717447351757,-0.929467103823442,-1.1745714578375734,-1.159878475742664,1.446995469779169,-0.943080276714372,-0.8169767318548042,1.214522209771069,0
1.530260809667181,1.3250166486534485,1.2897650201662112,0.7034394544694345,0.2804736842452576,1.594746211291224,-0.8169767318548042,1.5643335651684624,1
-1.24099127737659,0.0922022704107982,0.3414108137434059,0.7699865234055808,1.446995469779169,-0.6258519657136724,-0.8169767318548042,1.5643335651684624,0
-0.2017717447351757,-0.159809508566981,0.0575967811643189,0.104515834044117,-0.302787208521698,-1.5775368987157707,-0.8169767318548042,-1.5839686334080776,0
-0.548178255615647,0.8822932531519441,0.8536605310812714,-1.3595196825511031,-1.4693089940556092,-1.5775368987157707,-0.8169767318548042,-0.1847232118185042,0
-1.5873977882570611,0.4123253410041939,0.5629242050246451,-0.5609548553173468,0.2804736842452576,0.960289589289825,-0.8169767318548042,-0.1847232118185042,0
0.1446347661452956,-1.399435015971192,-1.603753653444974,-0.3613136485089076,0.2804736842452576,0.0086046562877266,1.2240250682901004,0.1650881435788891,0
0.491041277025767,-0.2074874126979118,-0.5031089905163177,1.6350984195754836,0.2804736842452576,-0.3086236547129729,1.2240250682901004,0.8647108543736758,0
-1.24099127737659,0.0172798496336204,-0.2331395448923072,-1.0267843378703714,-0.302787208521698,-1.5775368987157707,-0.8169767318548042,0.1650881435788891,0
0.491041277025767,-1.365379370163384,-1.5968313599674349,-2.2246315787210063,1.446995469779169,-1.5775368987157707,-0.8169767318548042,-0.1847232118185042,0
0.1446347661452956,-0.4867437083219376,-0.6069433926793981,-0.4944077863812003,0.2804736842452576,0.960289589289825,1.2240250682901004,-0.5345345672158975,0
0.1446347661452956,1.1411161612912857,1.4351331831945238,-0.6275019242534932,-0.8860481012886536,0.3258329672884261,-0.8169767318548042,1.5643335651684624,0
-1.24099127737659,0.5008700201044941,0.2168095311477091,1.0361747991501662,1.446995469779169,-0.6258519657136724,-0.8169767318548042,-0.5345345672158975,1
0.1446347661452956,-0.9703338787928112,-1.1745714578375734,0.9030806612778736,0.2804736842452576,-1.5775368987157707,-0.8169767318548042,0.8647108543736758,0
-1.24099127737659,1.5157282651771729,1.5735790527452989,0.3707041097887025,-0.8860481012886536,-1.5775368987157707,1.2240250682901004,0.5148994989762825,0
-1.24099127737659,-1.5356575992024242,-1.700665762130516,0.3707041097887025,1.446995469779169,-0.3086236547129729,1.2240250682901004,-1.2341572780106842,0
-1.5873977882570611,-0.4322546750294447,-0.1708389035944588,-1.159878475742664,-1.4693089940556092,-0.3086236547129729,-0.8169767318548042,-1.2341572780106842,0
1.1838542987867098,0.2148025953189068,0.1891203572375542,-0.8271431310619323,-1.4693089940556092,-0.943080276714372,-0.8169767318548042,-0.1847232118185042,0
-1.5873977882570611,1.1138716446450383,1.0405624549748165,-0.2947665795727612,-0.302787208521698,-1.2603085877150713,-0.8169767318548042,0.8647108543736758,0
-0.2017717447351757,-1.1406121078318512,-1.3822402621637349,-0.0951253727643221,-0.8860481012886536,1.594746211291224,-0.8169767318548042,0.5148994989762825,0
-1.5873977882570611,1.147927290452847,0.8536605310812714,1.3689101438308982,1.446995469779169,0.6430612782891255,1.2240250682901004,0.1650881435788891,1
-0.548178255615647,-1.0725008162162355,-1.4099294360738897,0.5703453165971416,0.2804736842452576,-0.943080276714372,1.2240250682901004,0.5148994989762825,0
-1.24099127737659,-1.5016019533946163,-1.326861914343425,1.102721868086313,-0.302787208521698,1.594746211291224,-0.8169767318548042,0.1650881435788891,0
-1.5873977882570611,0.8891043823135055,0.8882719984689654,-2.0915374408487133,1.446995469779169,-1.5775368987157707,-0.8169767318548042,1.214522209771069,0
1.1838542987867098,1.3113943903303256,1.2274643788683628,0.9030806612778736,1.446995469779169,0.6430612782891255,-0.8169767318548042,0.5148994989762825,1
-1.5873977882570611,-0.4526880625141297,-0.7038555013649406,-0.8271431310619323,-0.8860481012886536,0.3258329672884261,1.2240250682901004,0.5148994989762825,0
1.530260809667181,0.6983927657897812,0.929805759334198,1.3689101438308982,-0.8860481012886536,-0.3086236547129729,1.2240250682901004,0.8647108543736758,1
-0.2017717447351757,0.9163488989597526,1.137474563660359,-0.4944077863812003,0.8637345770122132,-0.943080276714372,-0.8169767318548042,-0.8843459226132909,0
1.530260809667181,0.514492278427617,0.4590898028615641,1.70164548851163,1.446995469779169,1.2775179002905246,1.2240250682901004,-1.2341572780106842,1
-0.2017717447351757,1.5634061693081045,1.5805013462228374,-1.159878475742664,0.2804736842452576,1.594746211291224,-0.8169767318548042,0.1650881435788891,0
0.8374477879062384,-0.4731214499988146,-0.1362274362067654,1.3689101438308982,0.2804736842452576,0.960289589289825,-0.8169767318548042,1.214522209771069,1
-1.5873977882570611,-0.2619764459904047,-0.1985280775046137,0.3041570408525561,0.8637345770122132,0.3258329672884261,1.2240250682901004,0.5148994989762825,0
1.530260809667181,-0.7319443581381554,-1.0568924687194152,1.2358160059586054,-0.302787208521698,1.2775179002905246,-0.8169767318548042,0.8647108543736758,1
0.491041277025767,-0.2211096710210353,0.0852859550744738,0.6368923855332881,-0.8860481012886536,-0.3086236547129729,1.2240250682901004,-1.2341572780106842,0
0.8374477879062384,0.1262579162186061,-0.1431497296843039,1.102721868086313,-0.8860481012886536,-0.943080276714372,-0.8169767318548042,-1.5839686334080776,0
0.8374477879062384,-1.4266795326174384,-1.2368720991354218,-1.825349165104128,-1.4693089940556092,1.2775179002905246,1.2240250682901004,-0.5345345672158975,0
-1.5873977882570611,-0.8545446830462641,-0.5584873383366269,-0.8271431310619323,-0.8860481012886536,-1.5775368987157707,-0.8169767318548042,-1.5839686334080776,0
-0.548178255615647,0.2148025953189068,0.3552554006984843,0.1710629029802634,-1.4693089940556092,0.6430612782891255,1.2240250682901004,1.214522209771069,0
-1.5873977882570611,0.0513354954414289,0.3344885202658673,-0.2282195106366148,1.446995469779169,1.594746211291224,-0.8169767318548042,0.1650881435788891,0
0.491041277025767,-0.2279208001825968,-0.3092847731452334,-0.960237268934225,1.446995469779169,0.0086046562877266,-0.8169767318548042,-1.2341572780106842,0
1.530260809667181,-1.4266795326174384,-1.486074664326816,0.1710629029802634,0.8637345770122132,-0.943080276714372,1.2240250682901004,-0.8843459226132909,0
-1.24099127737659,0.4123253410041939,0.1683534768049385,1.102721868086313,-0.8860481012886536,0.6430612782891255,1.2240250682901004,-1.2341572780106842,0
0.1446347661452956,-0.7796222622690868,-0.7384669687526341,-0.8271431310619323,0.2804736842452576,-1.5775368987157707,1.2240250682901004,-1.5839686334080776,0
-0.548178255615647,-0.7796222622690868,-0.7453892622301727,1.502004281703191,-1.4693089940556092,0.0086046562877266,-0.8169767318548042,-1.5839686334080776,0
-0.548178255615647,-1.6582579241105335,-1.5068415447594317,0.3041570408525561,1.446995469779169,-1.5775368987157707,-0.8169767318548042,1.214522209771069,0
1.1838542987867098,-0.1325649919207346,0.0506744876867803,0.8365335923417272,0.2804736842452576,-0.943080276714372,-0.8169767318548042,-0.1847232118185042,1
0.491041277025767,1.6860064942162127,1.6981803353409957,0.96962773021402,-0.8860481012886536,0.960289589289825,-0.8169767318548042,-0.1847232118185042,0
-0.2017717447351757,-0.1257538627591731,-0.0185484470886072,-1.093331406806518,-1.4693089940556092,0.6430612782891255,-0.8169767318548042,0.5148994989762825,0
-0.2017717447351757,0.3987030826810698,0.1891203572375542,0.5037982476609952,1.446995469779169,-0.6258519657136724,-0.8169767318548042,-1.2341572780106842,0
1.530260809667181,-1.4743574367483698,-1.6798988816978997,-2.2246315787210063,-0.302787208521698,-0.3086236547129729,1.2240250682901004,-0.8843459226132909,0
0.491041277025767,1.093438257160354,1.2551535527785171,-1.159878475742664,-0.302787208521698,0.6430612782891255,-0.8169767318548042,-1.2341572780106842,0
0.491041277025767,1.8222290774474457,1.6081905201329918,-1.093331406806518,0.2804736842452576,0.960289589289825,-0.8169767318548042,-1.2341572780106842,0
0.8374477879062384,1.3522611652996943,1.6081905201329918,-0.4944077863812003,-0.8860481012886536,-1.5775368987157707,-0.8169767318548042,-1.5839686334080776,0
-1.5873977882570611,0.6439037324972883,0.4660120963391039,0.6368923855332881,0.8637345770122132,-0.6258519657136724,1.2240250682901004,-0.1847232118185042,0
-1.24099127737659,0.7324484115975884,0.5560019115471065,-2.15808450978486,0.8637345770122132,-0.3086236547129729,1.2240250682901004,-1.5839686334080776,0
0.1446347661452956,-1.8149138948264496,-1.7560441099508255,1.169268937022459,-0.8860481012886536,0.960289589289825,-0.8169767318548042,-0.8843459226132909,0
0.8374477879062384,-0.9567116204696884,-0.7800007296178662,-0.2282195106366148,0.2804736842452576,-1.2603085877150713,1.2240250682901004,0.8647108543736758,0
1.530260809667181,0.95040454476756,1.0544070419298948,0.7034394544694345,-0.8860481012886536,1.2775179002905246,1.2240250682901004,-0.1847232118185042,0
0.491041277025767,1.1683606779375313,1.0613293354074331,1.901286695320069,0.2804736842452576,-0.3086236547129729,-0.8169767318548042,1.5643335651684624,1
0.491041277025767,0.330591791065454,-0.0116261536110686,-0.0285783038281757,0.8637345770122132,0.960289589289825,-0.8169767318548042,-0.5345345672158975,0
-1.5873977882570611,0.0513354954414289,-0.2539064253249236,1.7681925574477764,1.446995469779169,-0.3086236547129729,1.2240250682901004,-1.2341572780106842,0
-0.548178255615647,0.0309021079567439,-0.1223828492516876,-1.7588020961679816,-0.8860481012886536,-0.943080276714372,-0.8169767318548042,-1.2341572780106842,0
0.1446347661452956,-1.1951011411243442,-1.4445409034615833,0.7699865234055808,-0.8860481012886536,-1.5775368987157707,-0.8169767318548042,1.5643335651684624,0
-1.24099127737659,-1.1746677536396597,-0.9461357730787956,-1.8918962340402743,-0.8860481012886536,-0.6258519657136724,1.2240250682901004,-0.5345345672158975,0
-0.2017717447351757,1.4952948776924884,1.414366302761908,0.3041570408525561,0.2804736842452576,1.594746211291224,-0.8169767318548042,-0.1847232118185042,0
0.1446347661452956,0.0649577537645518,0.2098872376701706,-3.62212002638008,0.2804736842452576,0.3258329672884261,-0.8169767318548042,-1.2341572780106842,0
-1.24099127737659,1.0525714821909842,0.8744274115138883,0.2376099719164097,-0.302787208521698,1.2775179002905246,-0.8169767318548042,-1.2341572780106842,0
1.530260809667181,0.4531921159735627,0.3483331072209445,-0.2282195106366148,-1.4693089940556092,-1.2603085877150713,1.2240250682901004,1.5643335651684624,0
-1.5873977882570611,-1.7331803448877106,-1.659132001265284,-0.2282195106366148,1.446995469779169,1.2775179002905246,-0.8169767318548042,0.1650881435788891,0
0.8374477879062384,-1.399435015971192,-1.2714835665231152,1.3689101438308982,1.446995469779169,0.3258329672884261,-0.8169767318548042,1.214522209771069,1
0.8374477879062384,-1.079311945377797,-1.4237740230289668,1.2358160059586054,-0.302787208521698,-0.6258519657136724,1.2240250682901004,0.5148994989762825,1
-1.24099127737659,0.6439037324972883,0.9505726397668138,0.5037982476609952,0.2804736842452576,0.960289589289825,-0.8169767318548042,-1.2341572780106842,0
-0.8945847664961184,1.25009422787627,0.978261813676968,0.104515834044117,-1.4693089940556092,1.594746211291224,-0.8169767318548042,-0.1847232118185042,0
0.8374477879062384,1.37269455278438,1.1582414440929758,0.96962773021402,1.446995469779169,-0.6258519657136724,-0.8169767318548042,-1.2341572780106842,1
1.1838542987867098,1.29096100284564,1.2551535527785171,0.2376099719164097,0.2804736842452576,0.6430612782891255,-0.8169767318548042,-0.1847232118185042,1
0.1446347661452956,-0.8273001664000177,-0.7869230230954047,0.7699865234055808,0.8637345770122132,-1.5775368987157707,-0.8169767318548042,-1.2341572780106842,0
1.1838542987867098,-1.30407920770933,-1.0915039361071086,-0.1616724417004685,-0.302787208521698,-1.5775368987157707,1.2240250682901004,-1.2341572780106842,0
-1.5873977882570611,-1.964758736380805,-1.700665762130516,-1.492613820423396,0.2804736842452576,-0.6258519657136724,-0.8169767318548042,-0.5345345672158975,0
-0.2017717447351757,-1.5016019533946163,-1.2714835665231152,0.7034394544694345,-0.302787208521698,-1.2603085877150713,-0.8169767318548042,1.214522209771069,0
-1.24099127737659,1.3250166486534485,1.4974338244923722,1.502004281703191,1.446995469779169,-1.2603085877150713,1.2240250682901004,0.1650881435788891,1
0.1446347661452956,-0.0440203128204338,-0.3854300013981589,-1.093331406806518,0.8637345770122132,-0.6258519657136724,-0.8169767318548042,0.1650881435788891,0
-0.2017717447351757,-0.3981990292216368,-0.2815955992350785,-1.692255027231835,0.2804736842452576,0.0086046562877266,-0.8169767318548042,1.214522209771069,0
0.491041277025767,1.1819829362606542,1.012873281064662,0.3041570408525561,-0.302787208521698,0.6430612782891255,1.2240250682901004,1.5643335651684624,0
-0.548178255615647,-0.7387554872997169,-0.6277102731120144,-1.093331406806518,-0.302787208521698,0.6430612782891255,-0.8169767318548042,-0.1847232118185042,0
-0.548178255615647,0.0785800120876753,0.3552554006984843,0.3707041097887025,-0.8860481012886536,0.0086046562877266,1.2240250682901004,-0.8843459226132909,0
-0.8945847664961184,-1.5016019533946163,-1.285328153478193,0.5703453165971416,-0.302787208521698,-1.5775368987157707,-0.8169767318548042,0.5148994989762825,0
-1.24099127737659,-1.406246145132754,-1.3891625556412734,-0.6940489931896395,0.8637345770122132,-0.943080276714372,1.2240250682901004,-0.8843459226132909,0
1.530260809667181,-1.406246145132754,-1.2368720991354218,-0.2282195106366148,0.2804736842452576,-0.3086236547129729,1.2240250682901004,-0.5345345672158975,0
0.491041277025767,0.0377132371183054,0.133742009417245,0.9030806612778736,0.2804736842452576,-1.5775368987157707,1.2240250682901004,0.1650881435788891,0
0.8374477879062384,-1.3790016284865076,-1.6798988816978997,0.1710629029802634,-0.8860481012886536,-1.2603085877150713,-0.8169767318548042,-0.8843459226132909,0
-1.5873977882570611,1.50210600685405,1.206697498435746,0.0379687651079706,-0.8860481012886536,0.6430612782891255,1.2240250682901004,1.5643335651684624,0
1.530260809667181,0.3782696951963855,0.0645190746418575,-0.0285783038281757,-0.302787208521698,0.3258329672884261,1.2240250682901004,-1.5839686334080776,1
0.491041277025767,-1.460735178425247,-1.2507166860904988,-0.6940489931896395,-0.8860481012886536,0.0086046562877266,-0.8169767318548042,-1.2341572780106842,0
1.530260809667181,0.2216137244804689,-0.0462376209987621,0.1710629029802634,0.2804736842452576,0.960289589289825,-0.8169767318548042,-1.2341572780106842,0
-0.548178255615647,0.0785800120876753,0.0160630202990862,2.3005691089369473,0.8637345770122132,-1.5775368987157707,-0.8169767318548042,-0.8843459226132909,0
0.8374477879062384,1.25009422787627,1.1859306180031302,-0.960237268934225,1.446995469779169,-0.6258519657136724,-0.8169767318548042,0.8647108543736758,1
-0.548178255615647,1.8630958524168144,1.691258041863457,-1.2264255446788106,0.8637345770122132,-0.3086236547129729,-0.8169767318548042,0.5148994989762825,0
1.530260809667181,0.0377132371183054,-0.2539064253249236,-0.427860717445054,0.8637345770122132,-0.6258519657136724,-0.8169767318548042,-0.8843459226132909,0
1.1838542987867098,0.4531921159735627,0.7567484223957301,-0.5609548553173468,0.2804736842452576,-1.2603085877150713,-0.8169767318548042,-1.5839686334080776,1
-0.2017717447351757,-0.4118212875447604,-0.316207066622772,1.169268937022459,1.446995469779169,-0.6258519657136724,1.2240250682901004,-1.2341572780106842,0
0.8374477879062384,0.0104687204720589,0.0991305420295509,-1.492613820423396,0.8637345770122132,-0.6258519657136724,-0.8169767318548042,0.5148994989762825,0
1.1838542987867098,1.5361616526618571,1.6981803353409957,-0.4944077863812003,0.8637345770122132,1.2775179002905246,-0.8169767318548042,-1.5839686334080776,1
-0.2017717447351757,-0.500365966645061,-0.8215344904830988,-0.3613136485089076,-0.8860481012886536,-0.6258519657136724,-0.8169767318548042,-0.8843459226132909,0
-0.8945847664961184,-0.1938651543747889,0.0022184333440091,0.0379687651079706,-0.302787208521698,0.6430612782891255,1.2240250682901004,-0.1847232118185042,0
-0.8945847664961184,0.5417367950738641,0.8052044767385002,1.2358160059586054,0.2804736842452576,-1.2603085877150713,-0.8169767318548042,0.1650881435788891,1
-1.24099127737659,-0.8068667789153333,-0.5515650448590883,-0.4944077863812003,0.2804736842452576,1.594746211291224,1.2240250682901004,-1.2341572780106842,0
-0.2017717447351757,0.766504057405397,0.9713395201994296,1.3689101438308982,-0.8860481012886536,0.6430612782891255,-0.8169767318548042,-0.8843459226132909,0
-1.5873977882570611,0.4055142118426325,0.0922082485520124,-0.427860717445054,-0.302787208521698,-0.3086236547129729,-0.8169767318548042,-0.5345345672158975,0
0.8374477879062384,0.1875580786726604,0.0783636615969352,-0.3613136485089076,-0.8860481012886536,0.3258329672884261,-0.8169767318548042,-1.2341572780106842,0
0.1446347661452956,-0.0508314419819953,0.202964944192632,0.5703453165971416,-0.8860481012886536,0.0086046562877266,1.2240250682901004,-0.1847232118185042,0
0.491041277025767,1.2024163237453398,1.310531900598827,-0.4944077863812003,0.2804736842452576,-0.3086236547129729,-0.8169767318548042,-0.8843459226132909,0
0.8374477879062384,0.5281145367507412,0.2998770528781739,0.5703453165971416,0.8637345770122132,0.3258329672884261,1.2240250682901004,-1.5839686334080776,1
1.1838542987867098,1.147927290452847,1.0820962158400491,-1.093331406806518,-1.4693089940556092,0.960289589289825,-0.8169767318548042,0.1650881435788891,0
0.491041277025767,-0.9839561371159348,-1.2022606317477282,-1.825349165104128,-0.8860481012886536,-1.5775368987157707,-0.8169767318548042,0.8647108543736758,0
-0.548178255615647,-1.2427790452552756,-1.5345307186695865,0.5703453165971416,-0.8860481012886536,-0.943080276714372,-0.8169767318548042,-0.5345345672158975,0
0.8374477879062384,-1.5220353408793013,-1.3060950339108086,-0.2282195106366148,0.2804736842452576,-0.6258519657136724,-0.8169767318548042,0.5148994989762825,0
1.1838542987867098,1.4544281027231185,1.137474563660359,0.4372511787248489,0.2804736842452576,0.6430612782891255,1.2240250682901004,-0.8843459226132909,1
1.1838542987867098,-0.3913879000600754,-0.5584873383366269,-0.5609548553173468,1.446995469779169,0.960289589289825,-0.8169767318548042,-0.8843459226132909,0
-0.2017717447351757,0.7801263157285199,0.9574949332443524,0.3707041097887025,1.446995469779169,1.594746211291224,1.2240250682901004,0.5148994989762825,0
-0.8945847664961184,1.3045832611687629,1.1651637375705144,1.8347396263839229,-1.4693089940556092,-0.943080276714372,-0.8169767318548042,1.214522209771069,0
-1.24099127737659,-0.159809508566981,-0.1016159688190719,2.566757384681533,-1.4693089940556092,-1.5775368987157707,1.2240250682901004,-1.2341572780106842,0
0.8374477879062384,1.5361616526618571,1.5320452918800662,-0.8271431310619323,-0.302787208521698,0.3258329672884261,-0.8169767318548042,1.5643335651684624,1
0.8374477879062384,-1.3313237243555762,-1.4929969578043545,1.102721868086313,0.2804736842452576,0.960289589289825,-0.8169767318548042,0.8647108543736758,1
1.530260809667181,-0.8545446830462641,-0.8630682513483309,-0.8271431310619323,-1.4693089940556092,0.0086046562877266,-0.8169767318548042,-0.8843459226132909,0
-0.2017717447351757,-1.6037688908180403,-1.5968313599674349,0.2376099719164097,-0.302787208521698,0.6430612782891255,-0.8169767318548042,1.214522209771069,0
-0.2017717447351757,-1.235967916093714,-1.5068415447594317,-0.3613136485089076,0.2804736842452576,1.594746211291224,-0.8169767318548042,-1.5839686334080776,0
-0.548178255615647,1.3590722944612557,1.483589237537295,-1.5591608893595423,1.446995469779169,1.2775179002905246,-0.8169767318548042,0.8647108543736758,0
0.1446347661452956,0.7052038949513426,0.8744274115138883,-0.5609548553173468,1.446995469779169,-1.2603085877150713,-0.8169767318548042,-0.5345345672158975,0
0.491041277025767,-1.6173911491411634,-1.4099294360738897,0.7034394544694345,1.446995469779169,-1.2603085877150713,1.2240250682901004,0.5148994989762825,0
-1.24099127737659,-1.4266795326174384,-1.3407065012985029,0.0379687651079706,0.2804736842452576,-0.943080276714372,1.2240250682901004,0.5148994989762825,0
1.530260809667181,0.923160028121314,0.9159611723791196,-0.5609548553173468,-0.8860481012886536,0.0086046562877266,1.2240250682901004,1.214522209771069,0
1.1838542987867098,-0.3845767708985139,-0.3992745883532366,-2.2911786476571527,1.446995469779169,0.6430612782891255,1.2240250682901004,-1.5839686334080776,0
0.491041277025767,1.406750198592187,1.587423639700376,2.167474971064655,-0.8860481012886536,-1.2603085877150713,-0.8169767318548042,-1.5839686334080776,0
-1.24099127737659,-1.3313237243555762,-1.4929969578043545,-0.960237268934225,1.446995469779169,0.3258329672884261,1.2240250682901004,1.5643335651684624,0
1.1838542987867098,-0.2892209626366511,-0.6277102731120144,-0.6940489931896395,0.2804736842452576,-0.943080276714372,1.2240250682901004,-0.1847232118185042,0
0.491041277025767,-0.3096543501213361,-0.2885178927126171,0.2376099719164097,0.2804736842452576,-1.5775368987157707,1.2240250682901004,-0.8843459226132909,0
-0.2017717447351757,1.1751718070990926,0.8536605310812714,-1.9584433029764208,-1.4693089940556092,-1.5775368987157707,1.2240250682901004,-1.5839686334080776,0
0.491041277025767,-0.4594991916756911,-0.7800007296178662,-1.3595196825511031,-1.4693089940556092,1.2775179002905246,-0.8169767318548042,1.214522209771069,0
0.491041277025767,-1.229156786932152,-1.2161052187028054,0.104515834044117,-0.8860481012886536,-0.6258519657136724,-0.8169767318548042,0.1650881435788891,0
1.530260809667181,-0.7115109706534705,-0.6761663274547857,-0.7605960621257859,-0.302787208521698,1.2775179002905246,1.2240250682901004,0.8647108543736758,0
-1.5873977882570611,-0.6842664540072241,-1.0222810013317216,-1.5591608893595423,0.8637345770122132,1.2775179002905246,-0.8169767318548042,0.8647108543736758,0
-1.5873977882570611,0.4872477617813712,0.6321471398000321,0.4372511787248489,-1.4693089940556092,0.6430612782891255,-0.8169767318548042,-0.5345345672158975,0
1.1838542987867098,-1.1746677536396597,-1.0430478817643374,2.3005691089369473,-0.302787208521698,-1.5775368987157707,-0.8169767318548042,1.214522209771069,1
-0.2017717447351757,0.2692916286113997,0.306799346355713,0.8365335923417272,1.446995469779169,0.960289589289825,-0.8169767318548042,0.1650881435788891,0
0.1446347661452956,-0.8000556497537712,-0.6277102731120144,0.2376099719164097,0.2804736842452576,-1.2603085877150713,1.2240250682901004,-1.2341572780106842,0
0.491041277025767,-1.1269898495087285,-1.29917274043327,1.3689101438308982,-0.8860481012886536,-0.3086236547129729,-0.8169767318548042,0.8647108543736758,0
-0.8945847664961184,0.0104687204720589,-0.0946936753415327,-0.1616724417004685,0.2804736842452576,1.2775179002905246,-0.8169767318548042,-1.2341572780106842,0
-0.2017717447351757,-1.3858127576480692,-1.672976588220361,2.3005691089369473,1.446995469779169,0.0086046562877266,1.2240250682901004,1.214522209771069,0
1.1838542987867098,-1.0929342037009204,-1.0568924687194152,1.3689101438308982,-1.4693089940556092,0.3258329672884261,-0.8169767318548042,-0.8843459226132909,0
-0.548178255615647,-1.6718801824336562,-1.603753653444974,-0.2947665795727612,1.446995469779169,1.594746211291224,1.2240250682901004,-1.5839686334080776,0
0.8374477879062384,-1.1951011411243442,-0.9461357730787956,-0.1616724417004685,0.2804736842452576,0.0086046562877266,1.2240250682901004,-0.1847232118185042,0
-0.2017717447351757,-0.4663103208372532,-0.2608287188024621,-1.4260667514872496,0.8637345770122132,-0.943080276714372,-0.8169767318548042,-0.8843459226132909,0
-0.2017717447351757,0.2897250160960847,0.1060528355070901,-0.1616724417004685,1.446995469779169,-0.6258519657136724,-0.8169767318548042,-0.1847232118185042,0
0.491041277025767,1.3113943903303256,1.24130896582344,-0.0951253727643221,-1.4693089940556092,-1.5775368987157707,-0.8169767318548042,-0.5345345672158975,0
1.530260809667181,0.5213034075891797,0.3829445746086386,-0.427860717445054,1.446995469779169,-1.5775368987157707,1.2240250682901004,0.1650881435788891,1
0.8374477879062384,-1.4675463075868085,-1.181493751315112,0.9030806612778736,0.8637345770122132,0.6430612782891255,-0.8169767318548042,-1.2341572780106842,1
0.491041277025767,-0.0916982169513646,0.029907607254164,0.7034394544694345,0.2804736842452576,0.6430612782891255,1.2240250682901004,0.8647108543736758,0
1.530260809667181,0.9844601905753684,1.2136197919132845,-0.0951253727643221,-0.8860481012886536,1.594746211291224,1.2240250682901004,0.8647108543736758,0
-0.548178255615647,1.0730048696756684,1.3728325418966754,-0.6275019242534932,-0.302787208521698,1.594746211291224,1.2240250682901004,-0.8843459226132909,0
-0.548178255615647,-0.8613558122078261,-1.0499701752418766,-0.0951253727643221,1.446995469779169,-0.6258519657136724,-0.8169767318548042,0.1650881435788891,0
1.1838542987867098,0.6302814741741654,0.5767687919797223,0.0379687651079706,0.2804736842452576,0.6430612782891255,1.2240250682901004,1.214522209771069,1
1.1838542987867098,0.6711482491435341,0.5144681506818739,1.901286695320069,-1.4693089940556092,-1.5775368987157707,1.2240250682901004,-0.8843459226132909,1
-1.5873977882570611,-0.0099646670126259,-0.0393153275212229,2.034380833192362,0.8637345770122132,0.960289589289825,1.2240250682901004,-0.8843459226132909,0
-0.2017717447351757,0.6302814741741654,0.3760222811311,0.0379687651079706,-0.302787208521698,0.3258329672884261,1.2240250682901004,-0.5345345672158975,0
0.1446347661452956,-1.1065564620240431,-1.0015141208991054,-0.7605960621257859,-1.4693089940556092,0.0086046562877266,1.2240250682901004,-0.1847232118185042,0
-0.548178255615647,-1.3517571118402611,-1.5414530121471255,0.5037982476609952,0.2804736842452576,-1.2603085877150713,-0.8169767318548042,1.5643335651684624,0
-0.548178255615647,0.0853911412492368,-0.2192949579372301,0.4372511787248489,-0.8860481012886536,1.594746211291224,-0.8169767318548042,-0.5345345672158975,0
-0.8945847664961184,-1.3585682410018227,-1.5345307186695865,-0.427860717445054,1.446995469779169,0.3258329672884261,1.2240250682901004,-0.5345345672158975,0
-1.5873977882570611,-1.610580019979602,-1.652209707787745,-0.0285783038281757,-0.302787208521698,0.960289589289825,1.2240250682901004,-0.8843459226132909,0
-0.2017717447351757,-0.6025329040684848,-0.6761663274547857,-2.4242727855294453,-1.4693089940556092,1.2775179002905246,1.2240250682901004,-0.5345345672158975,0
0.491041277025767,-0.0508314419819953,-0.3369739470553883,0.6368923855332881,-1.4693089940556092,-1.5775368987157707,-0.8169767318548042,1.5643335651684624,0
-0.548178255615647,0.923160028121314,1.2482312593009786,-0.4944077863812003,-1.4693089940556092,-1.2603085877150713,1.2240250682901004,1.5643335651684624,0
0.491041277025767,0.2829138869345232,0.3414108137434059,-0.0951253727643221,0.8637345770122132,-0.6258519657136724,-0.8169767318548042,0.8647108543736758,0
-0.2017717447351757,-0.4390658041910067,-0.7869230230954047,0.8365335923417272,-1.4693089940556092,-0.6258519657136724,1.2240250682901004,0.8647108543736758,0
1.530260809667181,-0.3913879000600754,-0.073926794908917,-2.15808450978486,-0.8860481012886536,1.2775179002905246,-0.8169767318548042,-0.8843459226132909,0
1.530260809667181,-0.7319443581381554,-1.08458164262957,-0.5609548553173468,0.8637345770122132,1.594746211291224,-0.8169767318548042,0.5148994989762825,0
-0.8945847664961184,-1.5356575992024242,-1.6383651208326675,1.70164548851163,1.446995469779169,0.3258329672884261,1.2240250682901004,1.5643335651684624,0
-0.548178255615647,0.9435934156059984,0.9990286941095852,0.1710629029802634,-0.302787208521698,-0.3086236547129729,1.2240250682901004,-1.2341572780106842,0
-0.548178255615647,-1.3721904993249463,-1.1191931100172636,1.302363074894752,0.8637345770122132,-0.6258519657136724,-0.8169767318548042,1.5643335651684624,0
0.491041277025767,-0.7115109706534705,-0.966902653511412,-0.8936901999980786,0.2804736842452576,-0.3086236547129729,-0.8169767318548042,0.8647108543736758,0
-0.2017717447351757,-0.0167757961741874,0.2237318246252483,2.566757384681533,-0.302787208521698,-1.5775368987157707,-0.8169767318548042,-0.8843459226132909,0
-1.24099127737659,-1.562902115848671,-1.5206861317145093,-0.6275019242534932,1.446995469779169,-0.6258519657136724,1.2240250682901004,-0.1847232118185042,0
-0.8945847664961184,-0.8681669413693875,-0.5584873383366269,1.502004281703191,1.446995469779169,-0.943080276714372,-0.8169767318548042,-0.1847232118185042,0
-1.5873977882570611,-0.8681669413693875,-0.8976797187360244,-1.093331406806518,-0.302787208521698,-0.3086236547129729,-0.8169767318548042,1.5643335651684624,0
1.1838542987867098,1.5429727818234198,1.5458898788351434,0.0379687651079706,-0.8860481012886536,1.2775179002905246,-0.8169767318548042,1.5643335651684624,0
1.530260809667181,1.0185158363831757,1.199775204958207,0.104515834044117,0.2804736842452576,1.594746211291224,-0.8169767318548042,1.214522209771069,1
-0.548178255615647,0.5076811492660556,0.202964944192632,-0.960237268934225,0.8637345770122132,0.6430612782891255,1.2240250682901004,-0.5345345672158975,0
-0.548178255615647,0.855048736505697,0.791359889783423,-0.6940489931896395,1.446995469779169,-1.2603085877150713,-0.8169767318548042,0.8647108543736758,0
-1.24099127737659,0.514492278427617,0.8467382376037328,2.6333044536176793,-0.8860481012886536,-0.943080276714372,-0.8169767318548042,1.214522209771069,0
0.1446347661452956,1.0389492238678613,1.2966873136437498,-2.4242727855294453,0.8637345770122132,1.594746211291224,-0.8169767318548042,1.5643335651684624,0
-0.548178255615647,-0.3845767708985139,-0.2677510122800007,0.7034394544694345,-1.4693089940556092,1.594746211291224,1.2240250682901004,-1.2341572780106842,0
-0.2017717447351757,1.5770284276312272,1.3589879549415982,-0.8936901999980786,-0.302787208521698,1.2775179002905246,1.2240250682901004,-1.2341572780106842,0
0.8374477879062384,-1.6650690532720949,-1.437618609984045,0.1710629029802634,-0.8860481012886536,-0.943080276714372,1.2240250682901004,-1.5839686334080776,0
0.8374477879062384,-1.1678566244780977,-0.9046020122135628,1.0361747991501662,-0.302787208521698,0.0086046562877266,-0.8169767318548042,-0.5345345672158975,1
0.8374477879062384,-0.2755987043135282,-0.4823421100837013,0.1710629029802634,0.2804736842452576,0.6430612782891255,1.2240250682901004,0.1650881435788891,0
1.1838542987867098,-1.3790016284865076,-1.7145103490855935,0.7699865234055808,-1.4693089940556092,-1.2603085877150713,-0.8169767318548042,0.8647108543736758,0
-1.24099127737659,1.4816726193693657,1.3036096071212884,-0.8271431310619323,0.2804736842452576,-1.5775368987157707,1.2240250682901004,-1.2341572780106842,0
-0.2017717447351757,-1.235967916093714,-1.0707370556744924,1.302363074894752,0.2804736842452576,0.3258329672884261,-0.8169767318548042,0.8647108543736758,0
1.1838542987867098,-0.9430893621465648,-1.0430478817643374,0.5703453165971416,1.446995469779169,-0.6258519657136724,1.2240250682901004,-0.1847232118185042,0
-1.24099127737659,-0.7728111331075248,-0.634632566589553,-1.5591608893595423,-0.302787208521698,1.594746211291224,1.2240250682901004,0.8647108543736758,0
0.8374477879062384,-1.2836458202246448,-1.2437943926129602,-0.960237268934225,-0.302787208521698,0.6430612782891255,-0.8169767318548042,-1.2341572780106842,0
-0.8945847664961184,0.3374029202270155,0.6113802593674164,0.5703453165971416,-0.302787208521698,0.6430612782891255,-0.8169767318548042,0.5148994989762825,0
-1.24099127737659,1.829040206609007,1.6012682266554532,0.104515834044117,0.8637345770122132,-0.943080276714372,-0.8169767318548042,-0.1847232118185042,0
0.491041277025767,1.093438257160354,0.81212677021604,-1.692255027231835,-1.4693089940556092,0.3258329672884261,-0.8169767318548042,1.214522209771069,0
1.530260809667181,0.0377132371183054,-0.0877713818639941,0.4372511787248489,-0.8860481012886536,1.2775179002905246,-0.8169767318548042,-1.2341572780106842,0
-1.24099127737659,0.330591791065454,0.3621776941760228,-0.0285783038281757,0.2804736842452576,0.960289589289825,-0.8169767318548042,-0.5345345672158975,0
-0.548178255615647,0.4600032451351253,0.6044579658898779,0.6368923855332881,0.8637345770122132,0.3258329672884261,-0.8169767318548042,0.1650881435788891,0
-0.2017717447351757,0.5008700201044941,0.5144681506818739,-2.623913992337884,-0.302787208521698,-0.3086236547129729,-0.8169767318548042,-0.8843459226132909,0
-1.5873977882570611,-1.419868403455877,-1.5899090664898965,-0.4944077863812003,-0.8860481012886536,0.960289589289825,1.2240250682901004,1.5643335651684624,0
0.1446347661452956,0.9027266406366284,1.137474563660359,0.0379687651079706,0.8637345770122132,-0.943080276714372,1.2240250682901004,0.1650881435788891,0
1.1838542987867098,0.5962258283663568,0.2791101724455582,-0.5609548553173468,-0.302787208521698,-0.943080276714372,1.2240250682901004,1.214522209771069,1
1.530260809667181,-1.1610454953165363,-1.5206861317145093,0.3707041097887025,1.446995469779169,-0.3086236547129729,-0.8169767318548042,0.5148994989762825,0
0.8374477879062384,-0.0440203128204338,-0.0116261536110686,0.0379687651079706,1.446995469779169,-1.2603085877150713,1.2240250682901004,-0.1847232118185042,0
1.530260809667181,-0.8681669413693875,-1.0153587078541826,0.2376099719164097,-0.302787208521698,-0.943080276714372,-0.8169767318548042,-1.5839686334080776,0
1.530260809667181,0.0445243662798668,0.1821980637600156,0.3041570408525561,-0.8860481012886536,-1.2603085877150713,-0.8169767318548042,0.5148994989762825,0
-0.548178255615647,0.5281145367507412,0.7567484223957301,-0.8271431310619323,-0.302787208521698,1.2775179002905246,1.2240250682901004,0.1650881435788891,0
-0.548178255615647,0.7733151865669584,0.81212677021604,0.0379687651079706,0.8637345770122132,0.3258329672884261,-0.8169767318548042,1.5643335651684624,0
-1.5873977882570611,0.0717688829261132,-0.1846834905495366,1.302363074894752,1.446995469779169,-0.943080276714372,-0.8169767318548042,-0.8843459226132909,0
-1.24099127737659,-0.9703338787928112,-0.9945918274215668,0.104515834044117,-0.8860481012886536,1.594746211291224,-0.8169767318548042,1.5643335651684624,0
-1.24099127737659,1.406750198592187,1.3174541940763655,0.2376099719164097,-0.302787208521698,0.960289589289825,-0.8169767318548042,0.5148994989762825,0
-1.5873977882570611,-1.1610454953165363,-0.939213479601257,-0.4944077863812003,0.8637345770122132,-0.6258519657136724,-0.8169767318548042,-0.8843459226132909,0
1.1838542987867098,1.2841498736840784,1.0474847484523564,1.5685513506393374,0.2804736842452576,1.594746211291224,1.2240250682901004,1.5643335651684624,1
-0.8945847664961184,0.0240909787951824,-0.0323930340436843,-0.2947665795727612,0.8637345770122132,-0.6258519657136724,-0.8169767318548042,0.1650881435788891,0
-1.24099127737659,-0.7115109706534705,-0.7523115557077112,-1.2264255446788106,1.446995469779169,-1.2603085877150713,1.2240250682901004,1.5643335651684624,0
0.8374477879062384,-1.5220353408793013,-1.313017327388348,-0.427860717445054,-1.4693089940556092,-1.2603085877150713,-0.8169767318548042,1.5643335651684624,0
0.8374477879062384,1.1002493863219156,1.2689981397335943,-1.0267843378703714,-1.4693089940556092,1.594746211291224,1.2240250682901004,-1.2341572780106842,0
-0.2017717447351757,-0.7728111331075248,-0.8492236643932537,0.2376099719164097,-0.302787208521698,0.6430612782891255,-0.8169767318548042,0.8647108543736758,0
-1.24099127737659,-1.2019122702859062,-0.9599803600338728,0.8365335923417272,-1.4693089940556092,-0.3086236547129729,-0.8169767318548042,1.5643335651684624,0
0.491041277025767,0.1194467870570446,0.2098872376701706,-1.5591608893595423,-0.8860481012886536,-0.6258519657136724,-0.8169767318548042,-1.5839686334080776,0
-1.24099127737659,1.1547384196144084,0.9436503462892752,0.3707041097887025,0.2804736842452576,0.960289589289825,-0.8169767318548042,0.1650881435788891,0
0.491041277025767,1.0457603530294226,0.8467382376037328,-0.2947665795727612,-0.302787208521698,0.960289589289825,-0.8169767318548042,0.8647108543736758,0
1.530260809667181,0.1058245287339217,0.0922082485520124,-1.492613820423396,0.2804736842452576,-0.3086236547129729,-0.8169767318548042,-0.8843459226132909,0
0.491041277025767,-1.2564013035783983,-1.0984262295846472,0.96962773021402,1.446995469779169,-0.6258519657136724,1.2240250682901004,1.5643335651684624,0
-1.5873977882570611,-1.562902115848671,-1.5829867730123577,-0.6275019242534932,1.446995469779169,0.0086046562877266,1.2240250682901004,-1.2341572780106842,0
1.1838542987867098,-1.2836458202246448,-1.5691421860572805,-0.6275019242534932,-1.4693089940556092,0.3258329672884261,1.2240250682901004,0.1650881435788891,0
-0.2017717447351757,-0.5276104832913076,-0.7523115557077112,1.2358160059586054,1.446995469779169,-0.3086236547129729,-0.8169767318548042,0.5148994989762825,0
0.1446347661452956,1.1002493863219156,1.012873281064662,-0.8271431310619323,0.8637345770122132,0.6430612782891255,-0.8169767318548042,-1.5839686334080776,0
-1.5873977882570611,0.0445243662798668,-0.0254707405661457,-0.6275019242534932,0.8637345770122132,1.594746211291224,1.2240250682901004,-0.1847232118185042,0
-1.24099127737659,0.8618598656672597,0.5975356724123393,0.5703453165971416,-0.8860481012886536,0.6430612782891255,1.2240250682901004,-1.5839686334080776,0
0.8374477879062384,-1.848969540634258,-1.5414530121471255,-0.3613136485089076,-1.4693089940556092,-1.2603085877150713,1.2240250682901004,-0.8843459226132909,0
-1.24099127737659,0.6166592158510412,0.6736809006652648,0.4372511787248489,-0.8860481012886536,-1.5775368987157707,-0.8169767318548042,-1.2341572780106842,0
-1.24099127737659,1.5702172984696656,1.5458898788351434,1.169268937022459,1.446995469779169,1.2775179002905246,1.2240250682901004,1.5643335651684624,1
-1.5873977882570611,-0.4526880625141297,-0.3508185340104654,0.7034394544694345,-0.8860481012886536,0.0086046562877266,-0.8169767318548042,0.5148994989762825,0
1.1838542987867098,-0.3641433834138289,-0.3992745883532366,1.2358160059586054,0.2804736842452576,1.2775179002905246,-0.8169767318548042,-0.5345345672158975,1
1.1838542987867098,-1.6855024407567798,-1.527608425192048,-0.0951253727643221,-1.4693089940556092,-1.5775368987157707,-0.8169767318548042,-0.8843459226132909,0
-1.24099127737659,-1.7059358282414645,-1.4929969578043545,-1.8918962340402743,-1.4693089940556092,0.6430612782891255,-0.8169767318548042,-0.8843459226132909,0
-1.24099127737659,-1.9375142197345585,-1.7560441099508255,-0.7605960621257859,-1.4693089940556092,-1.5775368987157707,-0.8169767318548042,-0.8843459226132909,0
1.530260809667181,1.46123923188468,1.414366302761908,-0.0285783038281757,-1.4693089940556092,0.960289589289825,-0.8169767318548042,-1.2341572780106842,0
-1.5873977882570611,-0.8681669413693875,-0.8284567839606374,0.5703453165971416,1.446995469779169,0.6430612782891255,1.2240250682901004,-0.1847232118185042,0
-0.548178255615647,1.3250166486534485,1.6497242809982244,-0.6940489931896395,1.446995469779169,-0.3086236547129729,-0.8169767318548042,-0.1847232118185042,0
-0.8945847664961184,1.0389492238678613,0.8813497049914268,-0.2282195106366148,1.446995469779169,1.594746211291224,-0.8169767318548042,-0.5345345672158975,0
-0.548178255615647,1.7949845608011985,1.5735790527452989,-0.8936901999980786,-0.8860481012886536,1.2775179002905246,-0.8169767318548042,1.5643335651684624,0
-1.5873977882570611,-1.3177014660324533,-1.0638147621969538,-0.427860717445054,1.446995469779169,-0.6258519657136724,-0.8169767318548042,1.5643335651684624,0
1.1838542987867098,-0.6842664540072241,-0.939213479601257,0.104515834044117,-0.8860481012886536,-0.3086236547129729,1.2240250682901004,-1.5839686334080776,0
1.1838542987867098,-0.2824098334750897,-0.5446427513815497,-0.5609548553173468,-0.302787208521698,0.6430612782891255,-0.8169767318548042,-0.8843459226132909,0
0.8374477879062384,1.5634061693081045,1.3728325418966754,-0.1616724417004685,-0.302787208521698,1.2775179002905246,-0.8169767318548042,-0.8843459226132909,1
-1.5873977882570611,-0.6161551623916083,-0.8699905448258695,0.3707041097887025,-0.302787208521698,-1.2603085877150713,1.2240250682901004,0.8647108543736758,0
0.491041277025767,-1.2632124327399603,-1.62452053387759,1.3689101438308982,-1.4693089940556092,-1.2603085877150713,1.2240250682901004,-1.5839686334080776,0
1.1838542987867098,-0.1325649919207346,-0.4477306426960079,0.2376099719164097,-1.4693089940556092,0.960289589289825,1.2240250682901004,-0.5345345672158975,0
-0.8945847664961184,1.0048935780600528,0.8467382376037328,-0.0285783038281757,-0.8860481012886536,1.594746211291224,1.2240250682901004,0.8647108543736758,0
0.1446347661452956,1.5770284276312272,1.4005217158068308,0.5037982476609952,-0.8860481012886536,0.0086046562877266,-0.8169767318548042,-0.8843459226132909,0
-0.2017717447351757,1.7268732691855828,1.5112784114474505,-0.2282195106366148,-0.302787208521698,1.2775179002905246,-0.8169767318548042,0.5148994989762825,0
-0.548178255615647,-0.8136779080768948,-0.4961866970387785,-1.2264255446788106,-0.8860481012886536,-1.2603085877150713,-0.8169767318548042,-1.2341572780106842,0
0.8374477879062384,-1.6718801824336562,-1.603753653444974,0.5037982476609952,0.8637345770122132,0.3258329672884261,1.2240250682901004,0.1650881435788891,0
-1.24099127737659,-0.3845767708985139,-0.316207066622772,0.5703453165971416,1.446995469779169,0.960289589289825,-0.8169767318548042,-1.2341572780106842,0
0.1446347661452956,-0.4731214499988146,-0.7523115557077112,0.7034394544694345,-0.8860481012886536,1.594746211291224,-0.8169767318548042,1.214522209771069,0
-0.548178255615647,-1.1951011411243442,-1.0499701752418766,0.2376099719164097,-0.8860481012886536,-0.6258519657136724,1.2240250682901004,-1.2341572780106842,0
1.530260809667181,-1.4947908242330548,-1.6106759469225127,-0.6275019242534932,0.8637345770122132,-0.6258519657136724,-0.8169767318548042,-1.5839686334080776,0
-0.2017717447351757,1.8358513357705688,1.5251229984025276,0.0379687651079706,-1.4693089940556092,0.0086046562877266,-0.8169767318548042,1.214522209771069,0
0.8374477879062384,-0.8545446830462641,-1.1676491643600349,0.1710629029802634,0.8637345770122132,-1.5775368987157707,-0.8169767318548042,-1.2341572780106842,0
-1.24099127737659,0.0172798496336204,-0.1777611970719974,-0.427860717445054,0.8637345770122132,-0.6258519657136724,-0.8169767318548042,1.5643335651684624,0
-0.548178255615647,0.5349256659123026,0.7982821832609616,-1.093331406806518,0.2804736842452576,-0.943080276714372,-0.8169767318548042,-0.8843459226132909,0
0.491041277025767,0.0309021079567439,0.2237318246252483,0.3041570408525561,1.446995469779169,0.3258329672884261,1.2240250682901004,-0.5345345672158975,0
1.530260809667181,-1.30407920770933,-1.3683956752086577,-2.2246315787210063,-0.8860481012886536,-0.3086236547129729,-0.8169767318548042,0.5148994989762825,0
0.1446347661452956,0.3510251785501396,0.7013700745754203,-0.427860717445054,-0.302787208521698,-0.943080276714372,1.2240250682901004,-0.5345345672158975,0
1.530260809667181,-1.079311945377797,-1.3960848491188127,-0.0285783038281757,0.8637345770122132,-1.2603085877150713,1.2240250682901004,0.8647108543736758,0
0.491041277025767,-0.4594991916756911,-0.4892644035612399,1.0361747991501662,-0.302787208521698,1.594746211291224,-0.8169767318548042,1.214522209771069,0
1.1838542987867098,-1.801291636503327,-1.486074664326816,0.8365335923417272,-0.8860481012886536,0.6430612782891255,-0.8169767318548042,1.5643335651684624,0
0.8374477879062384,1.5770284276312272,1.4559000636271406,-0.427860717445054,-0.302787208521698,-0.943080276714372,-0.8169767318548042,1.5643335651684624,1
0.1446347661452956,1.2160385820684627,0.978261813676968,-0.7605960621257859,0.8637345770122132,0.6430612782891255,1.2240250682901004,-0.1847232118185042,0
1.1838542987867098,-0.7455666164612783,-0.8838351317809472,-0.0951253727643221,1.446995469779169,1.594746211291224,-0.8169767318548042,-1.2341572780106842,0
1.1838542987867098,0.7188261532744655,0.6390694332775719,1.901286695320069,-0.8860481012886536,0.0086046562877266,-0.8169767318548042,-1.2341572780106842,1
0.491041277025767,0.0649577537645518,0.3414108137434059,1.2358160059586054,0.2804736842452576,0.6430612782891255,-0.8169767318548042,0.1650881435788891,0
1.1838542987867098,1.7268732691855828,1.6012682266554532,0.3707041097887025,-0.302787208521698,-0.943080276714372,1.2240250682901004,-1.2341572780106842,1
1.1838542987867098,-1.576524374171794,-1.4168517295514282,-0.0285783038281757,-0.8860481012886536,0.0086046562877266,1.2240250682901004,0.1650881435788891,0
-0.2017717447351757,-1.3177014660324533,-1.326861914343425,0.9030806612778736,0.8637345770122132,-1.5775368987157707,-0.8169767318548042,0.5148994989762825,0
-0.2017717447351757,0.5485479242354255,0.6598363137101876,-0.2947665795727612,-0.8860481012886536,-0.6258519657136724,-0.8169767318548042,0.8647108543736758,0
1.530260809667181,-0.180242896051666,0.1545088898498608,0.6368923855332881,-0.302787208521698,-0.3086236547129729,-0.8169767318548042,-1.5839686334080776,0
0.491041277025767,1.1138716446450383,1.3312987810314438,-1.3595196825511031,-0.8860481012886536,0.6430612782891255,1.2240250682901004,-1.5839686334080776,0
-0.8945847664961184,0.5417367950738641,0.4175560419963326,0.5703453165971416,0.8637345770122132,0.6430612782891255,1.2240250682901004,0.8647108543736758,0
0.1446347661452956,-1.079311945377797,-0.8215344904830988,-0.8271431310619323,-0.302787208521698,-0.3086236547129729,-0.8169767318548042,-1.5839686334080776,0
0.8374477879062384,-1.215534528609029,-1.527608425192048,-1.492613820423396,0.2804736842452576,0.0086046562877266,1.2240250682901004,-0.8843459226132909,0
0.1446347661452956,-1.440301790940562,-1.5552975991022029,0.4372511787248489,0.8637345770122132,-0.6258519657136724,1.2240250682901004,-0.8843459226132909,0
0.491041277025767,1.5565950401465427,1.3589879549415982,-1.2929726136149569,1.446995469779169,-0.3086236547129729,-0.8169767318548042,1.5643335651684624,0
-0.2017717447351757,0.3578363077117011,0.4660120963391039,0.4372511787248489,0.8637345770122132,0.0086046562877266,-0.8169767318548042,-1.5839686334080776,0
1.530260809667181,-0.2892209626366511,-0.115460555774149,-0.2282195106366148,0.8637345770122132,1.594746211291224,1.2240250682901004,1.214522209771069,0
0.8374477879062384,0.5281145367507412,0.6044579658898779,-0.0951253727643221,-0.302787208521698,-0.943080276714372,-0.8169767318548042,0.1650881435788891,1
-1.24099127737659,1.6996287525393357,1.4697446505822178,0.3707041097887025,-0.8860481012886536,-0.6258519657136724,1.2240250682901004,-0.5345345672158975,0
1.1838542987867098,-1.5492798575255478,-1.4168517295514282,-2.757008130210177,1.446995469779169,-1.5775368987157707,-0.8169767318548042,0.8647108543736758,0
-0.8945847664961184,-0.7251332289765939,-0.5377204579040112,1.2358160059586054,-0.302787208521698,1.594746211291224,-0.8169767318548042,-0.8843459226132909,0
0.8374477879062384,-0.0031535378510639,0.0991305420295509,1.102721868086313,-0.302787208521698,0.3258329672884261,-0.8169767318548042,-0.1847232118185042,1
0.8374477879062384,-0.7796222622690868,-1.0499701752418766,-1.9584433029764208,0.2804736842452576,1.594746211291224,-0.8169767318548042,0.5148994989762825,0
-1.24099127737659,-0.8613558122078261,-1.1053485230621858,0.3041570408525561,-1.4693089940556092,1.2775179002905246,-0.8169767318548042,1.5643335651684624,0
1.530260809667181,-1.1338009786702898,-1.2368720991354218,0.9030806612778736,-0.302787208521698,1.594746211291224,1.2240250682901004,-1.2341572780106842,1
1.530260809667181,-0.3845767708985139,-0.3438962405329269,1.70164548851163,1.446995469779169,0.960289589289825,1.2240250682901004,-0.1847232118185042,1
-1.5873977882570611,1.1206827738066,1.199775204958207,1.102721868086313,1.446995469779169,0.960289589289825,-0.8169767318548042,0.8647108543736758,1
1.530260809667181,-0.6502108081994161,-1.008436414376644,-1.825349165104128,0.8637345770122132,-0.3086236547129729,-0.8169767318548042,-0.5345345672158975,0
-0.8945847664961184,1.4952948776924884,1.310531900598827,-1.492613820423396,-0.302787208521698,0.3258329672884261,-0.8169767318548042,0.1650881435788891,0
0.8374477879062384,-0.343709995929144,-0.0462376209987621,-0.5609548553173468,0.2804736842452576,-0.943080276714372,-0.8169767318548042,1.5643335651684624,0
0.8374477879062384,1.1887940654222156,1.4905115310148336,-0.0285783038281757,1.446995469779169,0.6430612782891255,-0.8169767318548042,1.214522209771069,1
0.491041277025767,0.180746949511099,0.5144681506818739,0.0379687651079706,1.446995469779169,0.3258329672884261,-0.8169767318548042,1.5643335651684624,0
1.530260809667181,0.3237806619038926,0.618302552844955,-0.8936901999980786,0.8637345770122132,-1.5775368987157707,1.2240250682901004,-1.5839686334080776,1
-0.8945847664961184,-1.590146632494917,-1.7075880556080545,-0.8936901999980786,0.8637345770122132,0.0086046562877266,1.2240250682901004,-0.8843459226132909,0
-0.2017717447351757,-0.6297774207147312,-0.5307981644264727,0.2376099719164097,-0.8860481012886536,0.0086046562877266,-0.8169767318548042,-0.5345345672158975,0
-1.24099127737659,-0.9499004913081268,-0.6761663274547857,0.3707041097887025,-1.4693089940556092,1.594746211291224,1.2240250682901004,-0.1847232118185042,0
-1.5873977882570611,-0.6297774207147312,-0.7800007296178662,0.4372511787248489,0.2804736842452576,0.960289589289825,1.2240250682901004,1.214522209771069,0
0.1446347661452956,0.2079914661573454,0.0783636615969352,-0.8271431310619323,-1.4693089940556092,1.594746211291224,-0.8169767318548042,0.8647108543736758,0
1.1838542987867098,0.555359053396987,0.3552554006984843,0.8365335923417272,-0.302787208521698,-0.6258519657136724,-0.8169767318548042,0.8647108543736758,1
-0.8945847664961184,-0.4254435458678833,-0.2677510122800007,1.9678337642562156,-0.302787208521698,1.594746211291224,1.2240250682901004,-1.2341572780106842,0
-0.8945847664961184,0.1262579162186061,0.1960426507150934,-2.15808450978486,-0.302787208521698,-0.6258519657136724,-0.8169767318548042,0.8647108543736758,0
-0.548178255615647,-0.2006762835363504,-0.461575229651085,-0.0951253727643221,0.8637345770122132,1.2775179002905246,1.2240250682901004,0.1650881435788891,0
-0.548178255615647,0.9435934156059984,0.9990286941095852,-1.7588020961679816,0.8637345770122132,0.0086046562877266,1.2240250682901004,-1.5839686334080776,0
-1.24099127737659,0.684770507466657,0.5698464985021837,-1.2264255446788106,1.446995469779169,-1.2603085877150713,1.2240250682901004,-0.8843459226132909,0
-0.8945847664961184,1.7200621400240212,1.4559000636271406,0.8365335923417272,-0.8860481012886536,-0.6258519657136724,1.2240250682901004,1.214522209771069,0
-0.8945847664961184,1.2092274529069011,1.1928529114806687,-1.492613820423396,-0.8860481012886536,0.960289589289825,1.2240250682901004,-0.8843459226132909,0
-0.2017717447351757,0.3578363077117011,0.6459917267551105,0.104515834044117,-0.302787208521698,-1.2603085877150713,-0.8169767318548042,-0.1847232118185042,0
1.530260809667181,0.2079914661573454,0.2306541181027869,-0.427860717445054,0.2804736842452576,-0.3086236547129729,-0.8169767318548042,1.5643335651684624,0
-0.548178255615647,0.9027266406366284,0.9713395201994296,-2.8235551991463237,-0.302787208521698,0.3258329672884261,1.2240250682901004,-0.5345345672158975,0
0.491041277025767,0.4395698576504397,0.6529140202326491,1.3689101438308982,1.446995469779169,-1.2603085877150713,1.2240250682901004,-0.5345345672158975,1
-0.8945847664961184,-1.3721904993249463,-1.0915039361071086,-0.2282195106366148,0.2804736842452576,0.3258329672884261,1.2240250682901004,-1.2341572780106842,0
1.530260809667181,0.0240909787951824,0.2583432920129418,-1.2929726136149569,0.8637345770122132,0.960289589289825,-0.8169767318548042,-0.1847232118185042,0
0.491041277025767,-0.1257538627591731,-0.1708389035944588,1.102721868086313,-0.8860481012886536,1.2775179002905246,-0.8169767318548042,0.8647108543736758,0
0.1446347661452956,1.1615495487759695,1.172086031048053,2.5002103157453868,0.8637345770122132,-1.5775368987157707,1.2240250682901004,-0.8843459226132909,1
1.530260809667181,-0.7251332289765939,-0.4892644035612399,1.102721868086313,1.446995469779169,0.6430612782891255,1.2240250682901004,0.1650881435788891,1
-0.548178255615647,-1.9443253488961203,-1.7421995229957483,-0.5609548553173468,-1.4693089940556092,1.2775179002905246,1.2240250682901004,0.8647108543736758,0
1.1838542987867098,-0.9022225871771956,-0.7800007296178662,-0.4944077863812003,-1.4693089940556092,-0.6258519657136724,1.2240250682901004,0.8647108543736758,0
0.491041277025767,1.5974618151159128,1.310531900598827,-0.1616724417004685,0.8637345770122132,1.2775179002905246,-0.8169767318548042,-0.8843459226132909,0
-0.8945847664961184,0.555359053396987,0.3621776941760228,-1.492613820423396,0.2804736842452576,0.0086046562877266,-0.8169767318548042,-1.2341572780106842,0
-1.5873977882570611,-0.5684772582606769,-0.3646631209655432,-2.15808450978486,1.446995469779169,-0.3086236547129729,-0.8169767318548042,0.5148994989762825,0
1.1838542987867098,-1.6173911491411634,-1.4514631969391218,-0.3613136485089076,-0.302787208521698,1.594746211291224,-0.8169767318548042,-0.8843459226132909,0
1.1838542987867098,1.5497839109849814,1.6428019875206858,-0.8271431310619323,0.2804736842452576,0.6430612782891255,-0.8169767318548042,-0.8843459226132909,1
0.1446347661452956,0.9572156739291212,1.033640161497278,-0.0951253727643221,-0.8860481012886536,-0.3086236547129729,1.2240250682901004,0.8647108543736758,0
0.491041277025767,-1.5492798575255478,-1.257638979568038,-0.427860717445054,0.2804736842452576,1.594746211291224,-0.8169767318548042,-0.8843459226132909,0
0.8374477879062384,0.0172798496336204,0.2652655854904804,-1.5591608893595423,0.2804736842452576,-1.2603085877150713,-0.8169767318548042,0.5148994989762825,0
-0.2017717447351757,0.5076811492660556,0.4798566832941811,-1.4260667514872496,-1.4693089940556092,0.960289589289825,-0.8169767318548042,0.8647108543736758,0
0.491041277025767,-0.6365885498762932,-0.3438962405329269,0.5037982476609952,1.446995469779169,1.2775179002905246,1.2240250682901004,-0.8843459226132909,0
-0.548178255615647,-0.7251332289765939,-0.7038555013649406,-1.7588020961679816,-0.302787208521698,0.960289589289825,-0.8169767318548042,0.8647108543736758,0
-0.2017717447351757,-0.3845767708985139,-0.1708389035944588,-1.5591608893595423,0.8637345770122132,-0.6258519657136724,1.2240250682901004,-0.1847232118185042,0
-0.548178255615647,-1.4675463075868085,-1.4237740230289668,1.7681925574477764,-0.302787208521698,0.960289589289825,-0.8169767318548042,-0.1847232118185042,0
1.530260809667181,1.7404955275087055,1.6497242809982244,0.6368923855332881,0.2804736842452576,0.0086046562877266,-0.8169767318548042,-1.2341572780106842,1
-0.548178255615647,-0.6502108081994161,-0.7730784361403276,0.2376099719164097,-0.302787208521698,1.594746211291224,-0.8169767318548042,0.1650881435788891,0
0.1446347661452956,-1.2972680785477684,-1.2437943926129602,-0.5609548553173468,0.8637345770122132,1.594746211291224,1.2240250682901004,-1.5839686334080776,0
-0.2017717447351757,1.5565950401465427,1.3589879549415982,-0.427860717445054,0.8637345770122132,0.960289589289825,-0.8169767318548042,-1.2341572780106842,0
-0.548178255615647,-2.005625511350175,-1.7352772295182095,-0.0951253727643221,-1.4693089940556092,1.594746211291224,-0.8169767318548042,1.5643335651684624,0
1.1838542987867098,0.7801263157285199,0.5560019115471065,-0.6940489931896395,-1.4693089940556092,-0.3086236547129729,-0.8169767318548042,-1.5839686334080776,0
-0.548178255615647,1.5974618151159128,1.62203510708807,0.8365335923417272,-0.302787208521698,0.0086046562877266,-0.8169767318548042,0.1650881435788891,1
0.1446347661452956,-1.8149138948264496,-1.6106759469225127,1.3689101438308982,-0.302787208521698,-0.6258519657136724,1.2240250682901004,-1.5839686334080776,0
-0.2017717447351757,-0.350521125090706,-0.2608287188024621,0.2376099719164097,1.446995469779169,0.6430612782891255,-0.8169767318548042,-0.1847232118185042,0
-0.8945847664961184,-1.1406121078318512,-0.8215344904830988,-0.8271431310619323,0.2804736842452576,0.6430612782891255,1.2240250682901004,-1.2341572780106842,0
1.530260809667181,0.7733151865669584,1.1305522701828203,-0.1616724417004685,-0.302787208521698,0.960289589289825,1.2240250682901004,1.5643335651684624,1
-1.5873977882570611,-0.9022225871771956,-0.7453892622301727,0.4372511787248489,0.2804736842452576,0.3258329672884261,1.2240250682901004,1.214522209771069,0
-0.2017717447351757,-0.1938651543747889,-0.3092847731452334,0.4372511787248489,0.2804736842452576,0.3258329672884261,-0.8169767318548042,-0.5345345672158975,0
-1.24099127737659,1.3522611652996943,1.2689981397335943,-2.3577257165932988,1.446995469779169,1.594746211291224,1.2240250682901004,0.5148994989762825,0
-1.5873977882570611,-1.031634041246866,-0.7938453165729439,0.0379687651079706,1.446995469779169,-1.5775368987157707,-0.8169767318548042,0.1650881435788891,0
-0.8945847664961184,1.4952948776924884,1.4697446505822178,-0.427860717445054,-1.4693089940556092,-1.5775368987157707,1.2240250682901004,1.214522209771069,0
-0.548178255615647,1.147927290452847,0.964417226721891,-0.7605960621257859,0.2804736842452576,-1.2603085877150713,-0.8169767318548042,1.214522209771069,0
0.1446347661452956,0.752881799082274,0.7567484223957301,-0.3613136485089076,0.8637345770122132,1.2775179002905246,-0.8169767318548042,-1.2341572780106842,0
0.1446347661452956,-1.3585682410018227,-1.29917274043327,0.6368923855332881,1.446995469779169,-0.3086236547129729,-0.8169767318548042,0.1650881435788891,0
0.1446347661452956,0.8414264781825741,0.5144681506818739,0.0379687651079706,-0.302787208521698,-0.3086236547129729,-0.8169767318548042,-0.8843459226132909,0
-0.8945847664961184,-0.8477335538847026,-1.077659349152031,-0.427860717445054,1.446995469779169,0.6430612782891255,-0.8169767318548042,-0.5345345672158975,0
0.8374477879062384,-1.1678566244780977,-1.2091829252252668,1.102721868086313,-1.4693089940556092,-0.3086236547129729,-0.8169767318548042,-0.5345345672158975,0
0.1446347661452956,0.8073708323747668,0.9367280528117368,0.4372511787248489,1.446995469779169,0.0086046562877266,1.2240250682901004,0.1650881435788891,0
1.530260809667181,1.8358513357705688,1.6981803353409957,-1.159878475742664,-1.4693089940556092,0.3258329672884261,-0.8169767318548042,-0.8843459226132909,0
0.491041277025767,-1.576524374171794,-1.728354936040671,-0.2947665795727612,0.8637345770122132,-1.2603085877150713,1.2240250682901004,-0.5345345672158975,0
0.1446347661452956,0.8414264781825741,0.8398159441261942,-2.2246315787210063,1.446995469779169,1.594746211291224,1.2240250682901004,-0.1847232118185042,0
-0.8945847664961184,-1.0929342037009204,-0.8769128383034086,-0.6940489931896395,-1.4693089940556092,0.0086046562877266,1.2240250682901004,-0.8843459226132909,0
-0.2017717447351757,1.2024163237453398,1.4005217158068308,-0.427860717445054,0.2804736842452576,-0.6258519657136724,1.2240250682901004,0.5148994989762825,0
0.1446347661452956,0.3442140493885769,0.5421573245920295,0.3041570408525561,0.8637345770122132,-0.3086236547129729,-0.8169767318548042,-0.8843459226132909,0
-0.548178255615647,-1.099745332862482,-1.3199396208658865,1.9678337642562156,0.2804736842452576,-0.3086236547129729,1.2240250682901004,-0.8843459226132909,0
0.8374477879062384,0.1262579162186061,-0.0808490883864555,-0.0285783038281757,-0.302787208521698,-1.2603085877150713,1.2240250682901004,-0.8843459226132909,0
1.1838542987867098,1.2024163237453398,1.448977770149602,0.1710629029802634,0.2804736842452576,-1.5775368987157707,-0.8169767318548042,-1.2341572780106842,1
-1.24099127737659,0.2556693702882768,0.0645190746418575,-1.159878475742664,1.446995469779169,-1.2603085877150713,-0.8169767318548042,0.1650881435788891,0
1.530260809667181,0.8482376073441356,1.102863096272666,-0.1616724417004685,-0.302787208521698,-1.2603085877150713,-0.8169767318548042,-0.1847232118185042,1
1.1838542987867098,0.684770507466657,1.033640161497278,-0.3613136485089076,-1.4693089940556092,-0.6258519657136724,-0.8169767318548042,-0.8843459226132909,0
-1.24099127737659,-1.440301790940562,-1.4583854904166609,0.104515834044117,-0.302787208521698,-0.6258519657136724,-0.8169767318548042,1.5643335651684624,0
-1.5873977882570611,-0.4390658041910067,-0.1223828492516876,-1.093331406806518,1.446995469779169,0.3258329672884261,-0.8169767318548042,-1.2341572780106842,0
-1.5873977882570611,0.5485479242354255,0.2791101724455582,-1.5591608893595423,0.8637345770122132,0.3258329672884261,-0.8169767318548042,-1.5839686334080776,0
0.491041277025767,0.8209930906978897,0.9367280528117368,0.104515834044117,-0.8860481012886536,0.0086046562877266,-0.8169767318548042,-1.5839686334080776,0
-1.24099127737659,0.9912713197369298,1.0751739223625103,-0.5609548553173468,0.8637345770122132,0.3258329672884261,-0.8169767318548042,-0.5345345672158975,0
-0.8945847664961184,-0.3777656417369519,-0.0393153275212229,-0.2947665795727612,0.2804736842452576,-1.5775368987157707,-0.8169767318548042,-1.2341572780106842,0
-1.24099127737659,0.1466913037032911,0.3137216398332516,0.5037982476609952,-1.4693089940556092,0.960289589289825,-0.8169767318548042,1.214522209771069,0
1.530260809667181,0.6575259908204112,0.4521675093840255,-0.6275019242534932,-1.4693089940556092,0.6430612782891255,1.2240250682901004,-1.2341572780106842,0
1.1838542987867098,-1.2087233994474675,-1.3614733817311184,-0.0951253727643221,1.446995469779169,1.594746211291224,-0.8169767318548042,0.8647108543736758,0
-1.5873977882570611,-0.2347319293441582,-0.4477306426960079,1.102721868086313,1.446995469779169,-1.5775368987157707,-0.8169767318548042,1.214522209771069,0
-1.5873977882570611,-0.4594991916756911,-0.5446427513815497,-1.492613820423396,0.8637345770122132,0.6430612782891255,-0.8169767318548042,0.1650881435788891,0
1.530260809667181,-0.5480438707759919,-0.8492236643932537,2.4336632468092403,-1.4693089940556092,0.960289589289825,-0.8169767318548042,0.8647108543736758,0
-1.24099127737659,0.4872477617813712,0.5490796180695681,0.96962773021402,0.8637345770122132,-0.3086236547129729,-0.8169767318548042,0.5148994989762825,1
-1.5873977882570611,0.725637282436027,1.0197955745422007,0.7034394544694345,-1.4693089940556092,1.594746211291224,-0.8169767318548042,1.214522209771069,0
-0.2017717447351757,1.147927290452847,1.4697446505822178,-0.7605960621257859,-0.8860481012886536,-0.943080276714372,1.2240250682901004,-0.8843459226132909,0
0.1446347661452956,-0.1666206377285425,-0.1708389035944588,-0.3613136485089076,0.8637345770122132,-0.6258519657136724,-0.8169767318548042,-0.5345345672158975,0
1.1838542987867098,-0.0303980544973103,-0.1085382622966104,1.0361747991501662,-0.302787208521698,1.594746211291224,-0.8169767318548042,1.214522209771069,1
-1.5873977882570611,-1.3926238868096306,-1.2437943926129602,1.7681925574477764,0.2804736842452576,-0.943080276714372,-0.8169767318548042,-1.2341572780106842,0
0.8374477879062384,-1.5356575992024242,-1.6868211751754387,1.5685513506393374,-0.302787208521698,1.594746211291224,-0.8169767318548042,0.5148994989762825,1
0.8374477879062384,0.766504057405397,0.9713395201994296,-1.159878475742664,-0.302787208521698,0.6430612782891255,1.2240250682901004,-0.8843459226132909,1
-0.548178255615647,-1.2972680785477684,-1.2091829252252668,-1.8918962340402743,0.8637345770122132,-1.5775368987157707,-0.8169767318548042,1.214522209771069,0
1.530260809667181,-0.8477335538847026,-1.181493751315112,1.302363074894752,-0.8860481012886536,1.2775179002905246,-0.8169767318548042,-0.8843459226132909,0
-1.5873977882570611,1.433994715238434,1.4697446505822178,-0.3613136485089076,0.2804736842452576,0.960289589289825,1.2240250682901004,0.1650881435788891,0
-1.24099127737659,-1.835347282311135,-1.5345307186695865,0.2376099719164097,-0.8860481012886536,0.960289589289825,-0.8169767318548042,0.5148994989762825,0
-0.8945847664961184,-0.895411458015634,-1.153804577404957,-0.8271431310619323,0.2804736842452576,-1.5775368987157707,-0.8169767318548042,-1.5839686334080776,0
-1.24099127737659,-0.704699841491909,-0.835379077438176,0.1710629029802634,-0.302787208521698,1.2775179002905246,-0.8169767318548042,1.214522209771069,0
-1.24099127737659,0.9163488989597526,0.5906133789348007,-0.4944077863812003,-1.4693089940556092,0.3258329672884261,1.2240250682901004,-0.1847232118185042,0
-0.2017717447351757,-0.2211096710210353,-0.4269637622633915,-0.3613136485089076,0.2804736842452576,-1.5775368987157707,-0.8169767318548042,1.5643335651684624,0
-1.24099127737659,1.3590722944612557,1.656646574475763,0.3707041097887025,1.446995469779169,0.3258329672884261,1.2240250682901004,-1.5839686334080776,0
-0.2017717447351757,-1.8694029281189428,-1.6106759469225127,0.2376099719164097,0.8637345770122132,-1.2603085877150713,1.2240250682901004,1.214522209771069,0
-0.2017717447351757,-0.350521125090706,-0.0323930340436843,-0.7605960621257859,1.446995469779169,0.960289589289825,1.2240250682901004,-0.8843459226132909,0
-0.2017717447351757,-0.2006762835363504,-0.316207066622772,-0.1616724417004685,-0.302787208521698,-0.3086236547129729,1.2240250682901004,0.8647108543736758,0
-0.548178255615647,-1.399435015971192,-1.2091829252252668,-1.159878475742664,0.8637345770122132,0.3258329672884261,-0.8169767318548042,1.5643335651684624,0
-0.548178255615647,-1.3926238868096306,-1.3822402621637349,0.9030806612778736,-0.8860481012886536,0.960289589289825,-0.8169767318548042,-0.1847232118185042,0
0.1446347661452956,-0.6910775831687861,-1.008436414376644,1.4354572127670446,1.446995469779169,1.2775179002905246,-0.8169767318548042,0.1650881435788891,0
0.8374477879062384,1.7064398817008972,1.414366302761908,0.0379687651079706,-1.4693089940556092,0.960289589289825,-0.8169767318548042,0.8647108543736758,0
-1.5873977882570611,-0.4050101583831983,-0.6900109144098628,-1.4260667514872496,-0.302787208521698,-1.5775368987157707,-0.8169767318548042,1.214522209771069,0
-1.24099127737659,0.3442140493885769,0.0022184333440091,0.0379687651079706,0.2804736842452576,-0.6258519657136724,-0.8169767318548042,1.214522209771069,0
0.8374477879062384,-0.7660000039459633,-0.7246223817975563,0.9030806612778736,-0.8860481012886536,0.3258329672884261,-0.8169767318548042,1.5643335651684624,0
-1.24099127737659,-1.1951011411243442,-1.5552975991022029,0.8365335923417272,-1.4693089940556092,0.0086046562877266,-0.8169767318548042,-1.5839686334080776,0
-0.8945847664961184,-0.2824098334750897,-0.1431497296843039,-1.4260667514872496,-1.4693089940556092,0.6430612782891255,-0.8169767318548042,0.1650881435788891,0
-0.548178255615647,-0.2551653168288432,-0.3438962405329269,0.96962773021402,-0.8860481012886536,-0.3086236547129729,-0.8169767318548042,-0.5345345672158975,0
0.491041277025767,1.4680503610462414,1.4559000636271406,0.6368923855332881,0.8637345770122132,1.2775179002905246,1.2240250682901004,0.1650881435788891,0
1.1838542987867098,-1.6173911491411634,-1.659132001265284,-1.3595196825511031,-0.8860481012886536,1.2775179002905246,1.2240250682901004,-0.1847232118185042,0
0.1446347661452956,-0.3913879000600754,-0.1639166101169203,0.2376099719164097,-0.8860481012886536,0.3258329672884261,-0.8169767318548042,1.5643335651684624,0
-0.2017717447351757,0.8141819615363283,1.012873281064662,0.3707041097887025,-1.4693089940556092,-0.3086236547129729,-0.8169767318548042,-0.1847232118185042,0
1.530260809667181,-1.0861230745393584,-1.1607268708824956,-0.3613136485089076,-0.302787208521698,-1.5775368987157707,-0.8169767318548042,0.1650881435788891,0
-0.548178255615647,1.7268732691855828,1.448977770149602,-0.8271431310619323,-1.4693089940556092,0.960289589289825,-0.8169767318548042,0.5148994989762825,0
0.1446347661452956,-0.4254435458678833,-0.6069433926793981,-0.960237268934225,0.2804736842452576,0.960289589289825,-0.8169767318548042,-0.8843459226132909,0
1.530260809667181,-1.1269898495087285,-1.1953383382701896,-0.7605960621257859,0.2804736842452576,0.6430612782891255,-0.8169767318548042,0.8647108543736758,0
-1.24099127737659,-0.1461872502438575,-0.0254707405661457,0.1710629029802634,1.446995469779169,0.0086046562877266,-0.8169767318548042,-0.5345345672158975,0
-1.24099127737659,0.2148025953189068,0.133742009417245,-1.492613820423396,1.446995469779169,-0.3086236547129729,-0.8169767318548042,-0.1847232118185042,0
1.1838542987867098,-0.1121316044360496,-0.3646631209655432,1.102721868086313,-0.302787208521698,-0.3086236547129729,1.2240250682901004,-0.5345345672158975,1
-1.5873977882570611,1.604272944277474,1.6151128136105304,0.104515834044117,-0.8860481012886536,0.3258329672884261,1.2240250682901004,-1.5839686334080776,0
0.491041277025767,-0.0372091836588718,-0.0877713818639941,1.7681925574477764,0.2804736842452576,-0.943080276714372,-0.8169767318548042,-1.5839686334080776,0
1.1838542987867098,-0.8886003288540719,-0.6692440339772465,-0.8271431310619323,0.8637345770122132,0.960289589289825,1.2240250682901004,-0.5345345672158975,0
0.1446347661452956,-0.0780759586282417,0.1475865963723222,-0.0285783038281757,1.446995469779169,1.2775179002905246,-0.8169767318548042,-0.8843459226132909,0
0.1446347661452956,-1.4743574367483698,-1.6868211751754387,-0.2282195106366148,-0.8860481012886536,1.594746211291224,1.2240250682901004,0.1650881435788891,0
-1.24099127737659,-0.4458769333525682,-0.1846834905495366,0.3041570408525561,0.2804736842452576,0.3258329672884261,-0.8169767318548042,-1.2341572780106842,0
1.530260809667181,-1.453924049263685,-1.527608425192048,0.3041570408525561,-1.4693089940556092,0.3258329672884261,-0.8169767318548042,1.5643335651684624,0
-0.8945847664961184,0.6779593783050956,0.5490796180695681,3.831151694468314,-1.4693089940556092,0.960289589289825,-0.8169767318548042,-0.5345345672158975,0
0.8374477879062384,0.0377132371183054,0.2791101724455582,-0.4944077863812003,-0.302787208521698,0.0086046562877266,1.2240250682901004,0.1650881435788891,0
-0.8945847664961184,-1.3245125951940149,-1.0292032948092602,0.1710629029802634,0.8637345770122132,1.2775179002905246,1.2240250682901004,0.5148994989762825,0
-1.24099127737659,-1.0656896870546742,-1.3337842078209636,-0.2282195106366148,0.2804736842452576,-1.5775368987157707,1.2240250682901004,1.214522209771069,0
-0.2017717447351757,0.0785800120876753,0.0852859550744738,0.3041570408525561,0.8637345770122132,-0.6258519657136724,1.2240250682901004,-0.8843459226132909,0
0.1446347661452956,-1.610580019979602,-1.5137638382369707,-1.7588020961679816,-1.4693089940556092,-0.6258519657136724,-0.8169767318548042,1.214522209771069,0
-0.8945847664961184,-1.1610454953165363,-1.2091829252252668,-0.7605960621257859,-1.4693089940556092,-1.5775368987157707,-0.8169767318548042,0.5148994989762825,0
0.8374477879062384,1.2160385820684627,1.0267178680197393,1.3689101438308982,-0.8860481012886536,-1.2603085877150713,1.2240250682901004,-0.5345345672158975,1
0.8374477879062384,-0.2347319293441582,0.0991305420295509,-0.2947665795727612,0.8637345770122132,-1.5775368987157707,1.2240250682901004,0.5148994989762825,0
-0.548178255615647,-1.4130572742943155,-1.7214326425631323,-0.960237268934225,1.446995469779169,1.2775179002905246,1.2240250682901004,-1.2341572780106842,0
-0.2017717447351757,-0.3641433834138289,-0.4269637622633915,-1.5591608893595423,-0.302787208521698,-0.3086236547129729,-0.8169767318548042,0.8647108543736758,0
-0.2017717447351757,1.1547384196144084,0.9505726397668138,-0.0285783038281757,1.446995469779169,-0.3086236547129729,-0.8169767318548042,0.1650881435788891,0
-1.5873977882570611,1.6791953650546514,1.6081905201329918,0.0379687651079706,1.446995469779169,0.960289589289825,-0.8169767318548042,0.5148994989762825,0
1.530260809667181,-0.5616661290991154,-0.4823421100837013,-0.0285783038281757,1.446995469779169,1.2775179002905246,-0.8169767318548042,-1.5839686334080776,0
-0.548178255615647,1.6383285900852815,1.587423639700376,0.96962773021402,0.2804736842452576,0.0086046562877266,-0.8169767318548042,0.8647108543736758,1
0.1446347661452956,0.8141819615363283,0.7567484223957301,0.7034394544694345,-1.4693089940556092,-1.5775368987157707,1.2240250682901004,0.8647108543736758,0
-0.8945847664961184,1.9039626273861845,1.6635688679533016,0.7699865234055808,-0.8860481012886536,-0.943080276714372,-0.8169767318548042,1.5643335651684624,0
1.530260809667181,-0.8273001664000177,-0.5654096318141661,0.7034394544694345,-0.302787208521698,0.0086046562877266,-0.8169767318548042,0.8647108543736758,0
-0.2017717447351757,-0.350521125090706,-0.3231293601003105,-0.1616724417004685,-1.4693089940556092,-1.5775368987157707,-0.8169767318548042,-1.5839686334080776,0
-0.8945847664961184,0.1398801745417296,0.202964944192632,0.5037982476609952,1.446995469779169,-0.943080276714372,1.2240250682901004,1.214522209771069,0
1.1838542987867098,0.8141819615363283,0.9228834658566584,1.502004281703191,-0.302787208521698,-1.5775368987157707,-0.8169767318548042,1.5643335651684624,1
0.491041277025767,0.0309021079567439,-0.0600822079538392,-0.6275019242534932,1.446995469779169,0.3258329672884261,1.2240250682901004,0.8647108543736758,0
1.1838542987867098,-1.5084130825561777,-1.430696316506506,-0.6940489931896395,-0.302787208521698,-0.6258519657136724,-0.8169767318548042,-1.5839686334080776,0
-0.2017717447351757,1.7745511733165142,1.6497242809982244,0.3041570408525561,-1.4693089940556092,-0.6258519657136724,-0.8169767318548042,0.8647108543736758,0
1.1838542987867098,0.4463809868120012,0.6944477810978805,-2.024990371912567,-0.8860481012886536,-0.943080276714372,-0.8169767318548042,-0.8843459226132909,0
1.1838542987867098,-0.3641433834138289,-0.6069433926793981,-1.6257079582956888,0.2804736842452576,-1.2603085877150713,1.2240250682901004,1.5643335651684624,0
0.1446347661452956,-0.874978070530949,-1.0638147621969538,1.502004281703191,-0.302787208521698,-1.5775368987157707,1.2240250682901004,1.5643335651684624,0
0.1446347661452956,1.2841498736840784,1.3935994223292922,-0.2947665795727612,0.2804736842452576,1.2775179002905246,-0.8169767318548042,1.214522209771069,0
-0.548178255615647,1.406750198592187,1.4766669440597564,0.104515834044117,-0.302787208521698,-0.3086236547129729,-0.8169767318548042,-1.5839686334080776,0
-0.548178255615647,-1.1474232369934134,-1.0638147621969538,0.3707041097887025,0.8637345770122132,-0.943080276714372,-0.8169767318548042,-0.5345345672158975,0
-0.2017717447351757,0.6507148616588497,0.5352350311144909,0.104515834044117,-0.302787208521698,-0.6258519657136724,-0.8169767318548042,0.5148994989762825,0
-0.548178255615647,-1.8149138948264496,-1.5206861317145093,0.7699865234055808,1.446995469779169,-0.943080276714372,1.2240250682901004,0.8647108543736758,0
-0.2017717447351757,0.5962258283663568,0.6875254876203419,1.102721868086313,1.446995469779169,-1.5775368987157707,-0.8169767318548042,-0.1847232118185042,1
1.1838542987867098,0.8891043823135055,0.9021165854240426,0.0379687651079706,0.8637345770122132,-0.3086236547129729,1.2240250682901004,0.1650881435788891,1
-1.24099127737659,-0.5616661290991154,-0.4961866970387785,1.3689101438308982,1.446995469779169,-1.2603085877150713,1.2240250682901004,0.5148994989762825,0
-1.24099127737659,0.1875580786726604,0.1821980637600156,-0.8271431310619323,-0.8860481012886536,0.0086046562877266,-0.8169767318548042,-1.5839686334080776,0
0.491041277025767,1.6110840734390357,1.3520656614640596,-0.1616724417004685,0.8637345770122132,0.6430612782891255,-0.8169767318548042,-1.5839686334080776,0
-0.8945847664961184,-1.4675463075868085,-1.2714835665231152,1.502004281703191,-0.302787208521698,-0.3086236547129729,-0.8169767318548042,0.5148994989762825,0
-1.24099127737659,1.5429727818234198,1.2274643788683628,0.6368923855332881,-0.302787208521698,-0.6258519657136724,-0.8169767318548042,0.5148994989762825,0
0.491041277025767,-1.0861230745393584,-1.2022606317477282,-0.0285783038281757,1.446995469779169,-0.943080276714372,-0.8169767318548042,0.1650881435788891,0
1.1838542987867098,-1.058878557893112,-0.7592338491852498,-0.427860717445054,-0.8860481012886536,-0.6258519657136724,-0.8169767318548042,0.1650881435788891,0
-0.548178255615647,1.3045832611687629,1.1305522701828203,1.169268937022459,0.8637345770122132,-0.3086236547129729,1.2240250682901004,-0.8843459226132909,1
1.1838542987867098,-0.9158448455003184,-0.9530580665563342,-0.427860717445054,-1.4693089940556092,-1.5775368987157707,-0.8169767318548042,-1.5839686334080776,0
-0.2017717447351757,-1.1269898495087285,-1.4929969578043545,0.7699865234055808,1.446995469779169,0.960289589289825,-0.8169767318548042,0.8647108543736758,0
-0.2017717447351757,-1.6173911491411634,-1.5345307186695865,-0.0951253727643221,0.8637345770122132,-1.5775368987157707,-0.8169767318548042,-0.5345345672158975,0
-0.8945847664961184,1.0389492238678613,0.722136955008036,-0.0951253727643221,-1.4693089940556092,-1.5775368987157707,1.2240250682901004,-1.5839686334080776,0
1.530260809667181,0.4531921159735627,0.6044579658898779,0.4372511787248489,1.446995469779169,-0.3086236547129729,-0.8169767318548042,1.5643335651684624,1
0.1446347661452956,-1.3108903368708913,-1.153804577404957,-1.825349165104128,-0.302787208521698,1.2775179002905246,-0.8169767318548042,-1.2341572780106842,0
-1.24099127737659,1.4408058443999956,1.6428019875206858,0.96962773021402,-0.8860481012886536,1.2775179002905246,-0.8169767318548042,-1.2341572780106842,0
0.1446347661452956,-0.5480438707759919,-0.7800007296178662,0.104515834044117,0.8637345770122132,0.3258329672884261,-0.8169767318548042,-0.5345345672158975,0
-1.24099127737659,0.4872477617813712,0.8190490636935784,-0.2947665795727612,-0.302787208521698,1.2775179002905246,-0.8169767318548042,-0.1847232118185042,0
0.491041277025767,0.1330690453801682,0.2583432920129418,0.4372511787248489,-1.4693089940556092,-1.2603085877150713,1.2240250682901004,1.5643335651684624,0
0.8374477879062384,-0.1734317668901039,-0.5169535774713948,-0.6275019242534932,0.8637345770122132,0.0086046562877266,1.2240250682901004,0.5148994989762825,0
0.1446347661452956,-0.5889106457453619,-0.8215344904830988,0.104515834044117,-1.4693089940556092,-1.5775368987157707,-0.8169767318548042,0.8647108543736758,0
-1.5873977882570611,-1.1542343661549748,-1.1191931100172636,2.6998515225538258,1.446995469779169,0.6430612782891255,1.2240250682901004,0.1650881435788891,0
1.1838542987867098,1.107060515483477,1.3382210745089824,-0.2947665795727612,1.446995469779169,-1.2603085877150713,-0.8169767318548042,-1.2341572780106842,1
1.1838542987867098,-0.0099646670126259,0.0575967811643189,-1.692255027231835,-1.4693089940556092,0.960289589289825,1.2240250682901004,-1.5839686334080776,0
1.530260809667181,1.37269455278438,1.1651637375705144,0.96962773021402,1.446995469779169,1.2775179002905246,-0.8169767318548042,0.5148994989762825,1
1.1838542987867098,0.4191364701657554,0.3621776941760228,1.169268937022459,-0.302787208521698,-0.6258519657136724,-0.8169767318548042,0.1650881435788891,1
0.491041277025767,0.5757924408816725,0.4729343898166425,0.0379687651079706,-0.8860481012886536,-0.3086236547129729,1.2240250682901004,-0.5345345672158975,0
0.1446347661452956,0.5826035700432339,0.7775153028283458,1.70164548851163,-1.4693089940556092,-0.943080276714372,1.2240250682901004,0.1650881435788891,0
0.491041277025767,0.6507148616588497,0.722136955008036,-0.2947665795727612,1.446995469779169,0.0086046562877266,-0.8169767318548042,-0.1847232118185042,0
-1.24099127737659,-0.3096543501213361,-0.0462376209987621,0.8365335923417272,0.8637345770122132,0.0086046562877266,-0.8169767318548042,-1.5839686334080776,0
-1.5873977882570611,-0.4935548374834996,-0.3231293601003105,0.96962773021402,-0.8860481012886536,-0.6258519657136724,-0.8169767318548042,0.1650881435788891,0
1.1838542987867098,-0.330087737606021,-0.2539064253249236,-1.2929726136149569,0.2804736842452576,1.594746211291224,-0.8169767318548042,0.1650881435788891,0
-0.2017717447351757,1.5974618151159128,1.6151128136105304,-2.2911786476571527,-0.8860481012886536,1.2775179002905246,1.2240250682901004,0.1650881435788891,0
-1.5873977882570611,0.9980824488984912,1.2620758462560555,1.102721868086313,0.2804736842452576,1.594746211291224,-0.8169767318548042,1.214522209771069,1
1.530260809667181,0.1739358203495375,0.0229853137766254,-0.2282195106366148,0.8637345770122132,1.594746211291224,1.2240250682901004,-0.5345345672158975,0
-1.24099127737659,1.1411161612912857,1.3520656614640596,-0.427860717445054,-0.8860481012886536,-1.5775368987157707,1.2240250682901004,1.5643335651684624,0
0.8374477879062384,-0.6229662915531697,-0.2954401861901556,-0.427860717445054,-1.4693089940556092,-0.6258519657136724,-0.8169767318548042,0.1650881435788891,0
1.530260809667181,-0.0985093461129267,-0.2123726644596909,0.5037982476609952,-1.4693089940556092,0.6430612782891255,1.2240250682901004,0.1650881435788891,0
-0.8945847664961184,-0.2619764459904047,-0.2677510122800007,0.7699865234055808,-0.8860481012886536,0.0086046562877266,1.2240250682901004,1.5643335651684624,0
-0.548178255615647,1.318205519491887,1.6081905201329918,0.96962773021402,-1.4693089940556092,0.6430612782891255,1.2240250682901004,-0.1847232118185042,0
1.530260809667181,0.0377132371183054,0.3621776941760228,-0.6940489931896395,1.446995469779169,1.594746211291224,-0.8169767318548042,-0.5345345672158975,0
-1.24099127737659,-0.5207993541297461,-0.5930988057243209,1.9678337642562156,-1.4693089940556092,0.6430612782891255,1.2240250682901004,0.1650881435788891,0
-1.24099127737659,0.8754821239903826,0.7082923680529589,-0.1616724417004685,-0.8860481012886536,1.2775179002905246,1.2240250682901004,0.1650881435788891,0
-0.2017717447351757,0.160313562026414,-0.1223828492516876,0.96962773021402,-1.4693089940556092,0.3258329672884261,-0.8169767318548042,-1.2341572780106842,0
-0.2017717447351757,-0.5071770958066225,-0.6969332078874014,-0.8936901999980786,1.446995469779169,0.0086046562877266,-0.8169767318548042,0.8647108543736758,0
-1.24099127737659,0.3237806619038926,0.3829445746086386,0.5037982476609952,0.8637345770122132,0.0086046562877266,-0.8169767318548042,-0.5345345672158975,0
0.8374477879062384,-1.3790016284865076,-1.1468822839274184,-1.7588020961679816,-1.4693089940556092,0.0086046562877266,-0.8169767318548042,-1.2341572780106842,0
-1.5873977882570611,-1.0725008162162355,-1.3614733817311184,-0.2282195106366148,-1.4693089940556092,-0.943080276714372,-0.8169767318548042,-1.5839686334080776,0
-0.8945847664961184,-1.3721904993249463,-1.29917274043327,-1.093331406806518,-0.8860481012886536,0.960289589289825,1.2240250682901004,0.5148994989762825,0
1.530260809667181,-0.1529983794054196,-0.420041468785853,0.5037982476609952,-0.302787208521698,0.0086046562877266,-0.8169767318548042,0.8647108543736758,0
0.1446347661452956,1.4408058443999956,1.62203510708807,1.4354572127670446,-1.4693089940556092,-1.2603085877150713,-0.8169767318548042,0.8647108543736758,0
-1.24099127737659,-0.6638330665225397,-0.5307981644264727,0.3707041097887025,-0.302787208521698,-1.5775368987157707,-0.8169767318548042,0.5148994989762825,0
-1.24099127737659,0.6915816366282197,0.4660120963391039,-0.0951253727643221,1.446995469779169,-0.943080276714372,1.2240250682901004,0.5148994989762825,0
0.491041277025767,-0.8409224247231412,-0.5584873383366269,-0.0285783038281757,-0.8860481012886536,-0.6258519657136724,-0.8169767318548042,1.5643335651684624,0
-1.24099127737659,1.29096100284564,1.656646574475763,-0.6275019242534932,-1.4693089940556092,-0.943080276714372,1.2240250682901004,-1.5839686334080776,0
-0.2017717447351757,1.7541177858318286,1.587423639700376,-0.960237268934225,0.8637345770122132,1.594746211291224,-0.8169767318548042,-0.1847232118185042,0
1.1838542987867098,-0.3845767708985139,-0.0600822079538392,1.502004281703191,-1.4693089940556092,0.960289589289825,1.2240250682901004,-1.2341572780106842,0
0.491041277025767,-1.1951011411243442,-1.0568924687194152,1.6350984195754836,-0.302787208521698,-0.943080276714372,1.2240250682901004,0.8647108543736758,0
0.1446347661452956,-0.500365966645061,-0.3369739470553883,-1.2929726136149569,0.8637345770122132,0.0086046562877266,1.2240250682901004,-0.8843459226132909,0
-0.548178255615647,0.9912713197369298,1.206697498435746,1.9678337642562156,-0.302787208521698,-1.5775368987157707,-0.8169767318548042,1.214522209771069,1
1.530260809667181,0.3578363077117011,0.0229853137766254,-1.093331406806518,0.8637345770122132,0.6430612782891255,1.2240250682901004,0.1650881435788891,1
-0.8945847664961184,0.2148025953189068,0.3552554006984843,1.302363074894752,0.2804736842452576,1.2775179002905246,-0.8169767318548042,-0.5345345672158975,0
0.8374477879062384,0.7460706699207126,0.5006235637267967,0.2376099719164097,1.446995469779169,0.960289589289825,1.2240250682901004,-1.5839686334080776,1
1.1838542987867098,0.5213034075891797,0.4590898028615641,-0.2282195106366148,0.8637345770122132,-1.2603085877150713,1.2240250682901004,0.5148994989762825,1
0.1446347661452956,-0.2960320917982132,-0.3508185340104654,-0.6275019242534932,0.8637345770122132,0.6430612782891255,1.2240250682901004,1.5643335651684624,0
0.8374477879062384,-0.9839561371159348,-0.8492236643932537,-1.492613820423396,1.446995469779169,-1.2603085877150713,-0.8169767318548042,-0.1847232118185042,0
-0.8945847664961184,-0.534421612452869,-0.8215344904830988,1.169268937022459,-1.4693089940556092,-0.3086236547129729,1.2240250682901004,0.1650881435788891,0
-0.8945847664961184,-1.0656896870546742,-1.0638147621969538,0.2376099719164097,0.8637345770122132,-1.5775368987157707,1.2240250682901004,0.5148994989762825,0
0.1446347661452956,0.3918919535195084,0.5075458572043353,-1.7588020961679816,0.2804736842452576,-1.5775368987157707,-0.8169767318548042,0.1650881435788891,0
0.491041277025767,0.4395698576504397,0.2375764115803255,1.102721868086313,1.446995469779169,-1.2603085877150713,1.2240250682901004,1.5643335651684624,1
-0.8945847664961184,-0.929467103823442,-0.766156142662789,-0.8936901999980786,-1.4693089940556092,0.0086046562877266,1.2240250682901004,0.1650881435788891,0
-0.8945847664961184,-0.4594991916756911,-0.4823421100837013,-0.1616724417004685,1.446995469779169,-1.5775368987157707,-0.8169767318548042,1.5643335651684624,0
1.530260809667181,-0.3845767708985139,-0.4269637622633915,-0.7605960621257859,-0.8860481012886536,0.3258329672884261,1.2240250682901004,-0.1847232118185042,0
-1.24099127737659,-0.6842664540072241,-0.8630682513483309,0.0379687651079706,-0.302787208521698,-0.6258519657136724,-0.8169767318548042,1.214522209771069,0
-0.548178255615647,-0.874978070530949,-1.1676491643600349,-2.024990371912567,-1.4693089940556092,-0.6258519657136724,1.2240250682901004,1.214522209771069,0
-1.24099127737659,-0.8204890372384562,-0.5031089905163177,1.7681925574477764,-1.4693089940556092,-0.943080276714372,-0.8169767318548042,0.1650881435788891,0
-0.8945847664961184,-0.5616661290991154,-0.9046020122135628,-0.4944077863812003,0.8637345770122132,-0.3086236547129729,-0.8169767318548042,0.5148994989762825,0
-0.2017717447351757,0.1739358203495375,0.5075458572043353,0.6368923855332881,-0.8860481012886536,0.960289589289825,-0.8169767318548042,-1.2341572780106842,0
0.491041277025767,0.6439037324972883,0.8536605310812714,-0.2947665795727612,-0.302787208521698,0.3258329672884261,-0.8169767318548042,1.214522209771069,0
0.1446347661452956,-0.5752883874222383,-0.3715854144430817,-0.7605960621257859,-0.302787208521698,0.0086046562877266,-0.8169767318548042,1.5643335651684624,0
-0.548178255615647,1.447616973561557,1.3866771288517523,1.70164548851163,-0.8860481012886536,-0.3086236547129729,-0.8169767318548042,-1.2341572780106842,0
-0.548178255615647,0.8414264781825741,0.5144681506818739,0.9030806612778736,-1.4693089940556092,-0.943080276714372,1.2240250682901004,1.5643335651684624,0
0.8374477879062384,1.46123923188468,1.6843357483859185,1.5685513506393374,0.2804736842452576,1.2775179002905246,1.2240250682901004,1.214522209771069,1
1.530260809667181,1.5293505235002958,1.6981803353409957,0.5703453165971416,-1.4693089940556092,0.3258329672884261,-0.8169767318548042,0.8647108543736758,0
-0.548178255615647,0.330591791065454,0.4867789767717196,-0.0951253727643221,-0.302787208521698,0.960289589289825,1.2240250682901004,-1.5839686334080776,0
-0.548178255615647,-1.951136478057682,-1.7075880556080545,-0.2282195106366148,-1.4693089940556092,-0.3086236547129729,-0.8169767318548042,1.214522209771069,0
1.1838542987867098,1.2092274529069011,1.2897650201662112,0.5037982476609952,1.446995469779169,-1.2603085877150713,-0.8169767318548042,-0.1847232118185042,1
0.491041277025767,-0.0440203128204338,-0.1223828492516876,0.7699865234055808,-1.4693089940556092,0.6430612782891255,-0.8169767318548042,-1.5839686334080776,0
-1.5873977882570611,0.6030369575279183,0.3344885202658673,-1.093331406806518,-0.302787208521698,-0.6258519657136724,-0.8169767318548042,1.214522209771069,0
-0.8945847664961184,0.4463809868120012,0.3552554006984843,0.104515834044117,-1.4693089940556092,1.594746211291224,-0.8169767318548042,0.1650881435788891,0
-0.2017717447351757,-0.8068667789153333,-0.6000210992018595,-1.5591608893595423,0.2804736842452576,-0.3086236547129729,1.2240250682901004,1.214522209771069,0
0.8374477879062384,1.5702172984696656,1.62203510708807,1.169268937022459,-1.4693089940556092,-0.6258519657136724,-0.8169767318548042,0.1650881435788891,1
0.8374477879062384,0.7801263157285199,0.8675051180363484,-1.6257079582956888,-0.302787208521698,0.6430612782891255,-0.8169767318548042,0.5148994989762825,1
-0.8945847664961184,-1.3381348535171378,-1.5345307186695865,-0.2282195106366148,1.446995469779169,0.0086046562877266,1.2240250682901004,-1.2341572780106842,0
1.1838542987867098,-0.6025329040684848,-0.634632566589553,-0.960237268934225,0.8637345770122132,1.594746211291224,1.2240250682901004,-1.5839686334080776,0
0.8374477879062384,0.4055142118426325,0.0783636615969352,-1.4260667514872496,0.2804736842452576,0.6430612782891255,-0.8169767318548042,-0.5345345672158975,1
-0.2017717447351757,-0.1734317668901039,-0.0531599144763006,-0.0951253727643221,0.8637345770122132,-1.2603085877150713,-0.8169767318548042,-0.5345345672158975,0
0.1446347661452956,1.5565950401465427,1.310531900598827,1.302363074894752,-1.4693089940556092,-1.2603085877150713,1.2240250682901004,1.214522209771069,0
-0.548178255615647,-0.139376121082296,-0.246984131847385,0.3041570408525561,1.446995469779169,1.594746211291224,-0.8169767318548042,-0.1847232118185042,0
-0.8945847664961184,-1.4743574367483698,-1.7075880556080545,-1.6257079582956888,-0.8860481012886536,-0.6258519657136724,-0.8169767318548042,1.214522209771069,0
1.1838542987867098,1.0593826113525455,1.151319150615436,1.5685513506393374,1.446995469779169,-1.2603085877150713,-0.8169767318548042,-0.1847232118185042,1
-1.5873977882570611,-0.2892209626366511,0.0506744876867803,0.7034394544694345,0.8637345770122132,1.2775179002905246,-0.8169767318548042,0.8647108543736758,0
-0.2017717447351757,-0.8068667789153333,-0.766156142662789,-0.2282195106366148,0.2804736842452576,-1.2603085877150713,-0.8169767318548042,0.5148994989762825,0
-0.2017717447351757,1.1138716446450383,0.825971357171117,0.5703453165971416,0.8637345770122132,0.960289589289825,-0.8169767318548042,1.214522209771069,0
-0.2017717447351757,-0.9703338787928112,-1.0292032948092602,-0.6940489931896395,-1.4693089940556092,-0.3086236547129729,-0.8169767318548042,0.5148994989762825,0
-0.8945847664961184,1.2705276153609557,1.5735790527452989,-1.4260667514872496,-1.4693089940556092,0.0086046562877266,-0.8169767318548042,1.5643335651684624,0
-0.8945847664961184,-0.4254435458678833,-0.1639166101169203,0.3041570408525561,-0.8860481012886536,0.960289589289825,-0.8169767318548042,1.214522209771069,0
0.8374477879062384,1.6519508484084056,1.483589237537295,-0.960237268934225,-0.8860481012886536,0.960289589289825,-0.8169767318548042,-1.5839686334080776,0
1.530260809667181,1.2160385820684627,1.1443968571378975,0.7699865234055808,0.2804736842452576,-0.6258519657136724,-0.8169767318548042,1.5643335651684624,1
0.8374477879062384,-0.4050101583831983,-0.2539064253249236,0.5703453165971416,-0.8860481012886536,1.2775179002905246,1.2240250682901004,-1.5839686334080776,0
1.530260809667181,-1.406246145132754,-1.5137638382369707,1.6350984195754836,0.2804736842452576,-1.2603085877150713,-0.8169767318548042,1.5643335651684624,1
1.530260809667181,0.5826035700432339,0.8675051180363484,-0.8936901999980786,-0.8860481012886536,-0.6258519657136724,-0.8169767318548042,0.8647108543736758,0
-0.8945847664961184,-1.1814788828012213,-1.5068415447594317,0.104515834044117,0.2804736842452576,-0.943080276714372,-0.8169767318548042,-0.8843459226132909,0
0.1446347661452956,0.3442140493885769,0.4244783354738712,0.9030806612778736,0.8637345770122132,0.960289589289825,1.2240250682901004,0.1650881435788891,1
1.530260809667181,0.5689813117201099,0.2652655854904804,0.7034394544694345,-0.302787208521698,0.960289589289825,-0.8169767318548042,-0.5345345672158975,1
-1.24099127737659,-1.3858127576480692,-1.1191931100172636,1.169268937022459,-0.302787208521698,0.3258329672884261,-0.8169767318548042,-0.1847232118185042,0
0.491041277025767,-0.3573322542522675,-0.6000210992018595,0.96962773021402,-0.302787208521698,-0.943080276714372,-0.8169767318548042,-0.1847232118185042,0
1.530260809667181,-0.3028432209597747,-0.2677510122800007,0.3041570408525561,1.446995469779169,1.2775179002905246,1.2240250682901004,1.5643335651684624,0
1.530260809667181,-0.7455666164612783,-0.6484771535446308,1.502004281703191,-1.4693089940556092,1.594746211291224,1.2240250682901004,-0.5345345672158975,0
0.8374477879062384,1.3318277778150098,1.552812172312682,0.7034394544694345,-1.4693089940556092,-1.5775368987157707,1.2240250682901004,-1.5839686334080776,0
-1.24099127737659,0.752881799082274,0.825971357171117,-0.8271431310619323,-0.8860481012886536,0.960289589289825,-0.8169767318548042,-0.5345345672158975,0
1.1838542987867098,1.1615495487759695,1.324376487553904,-0.1616724417004685,0.2804736842452576,0.6430612782891255,1.2240250682901004,-0.1847232118185042,1
0.8374477879062384,-0.7932445205922097,-0.4892644035612399,-0.960237268934225,-1.4693089940556092,0.0086046562877266,-0.8169767318548042,0.8647108543736758,0
-1.5873977882570611,1.37269455278438,1.67049116143084,1.0361747991501662,-0.302787208521698,-0.943080276714372,-0.8169767318548042,0.1650881435788891,1
-0.2017717447351757,0.2079914661573454,0.133742009417245,1.102721868086313,1.446995469779169,0.0086046562877266,-0.8169767318548042,0.5148994989762825,0
0.491041277025767,-1.2768346910630834,-1.5414530121471255,-1.093331406806518,0.8637345770122132,-1.5775368987157707,-0.8169767318548042,0.5148994989762825,0
0.1446347661452956,0.3918919535195084,0.0575967811643189,-1.093331406806518,0.2804736842452576,-0.943080276714372,1.2240250682901004,-0.8843459226132909,0
-0.8945847664961184,0.6098480866894798,0.5490796180695681,-0.7605960621257859,0.2804736842452576,0.3258329672884261,-0.8169767318548042,1.5643335651684624,0
-1.5873977882570611,1.1956051945837771,1.102863096272666,2.034380833192362,0.2804736842452576,0.3258329672884261,1.2240250682901004,-0.5345345672158975,1
1.530260809667181,-1.1474232369934134,-1.3891625556412734,-0.5609548553173468,0.2804736842452576,-0.3086236547129729,1.2240250682901004,0.1650881435788891,0
0.1446347661452956,1.1206827738066,1.3659102484191368,0.0379687651079706,-0.8860481012886536,-0.943080276714372,1.2240250682901004,-1.5839686334080776,0
-0.2017717447351757,0.7324484115975884,0.9505726397668138,0.2376099719164097,0.8637345770122132,-0.943080276714372,-0.8169767318548042,-0.1847232118185042,0
0.1446347661452956,-0.8341112955615797,-0.5792542187692432,0.96962773021402,0.8637345770122132,-0.943080276714372,-0.8169767318548042,-0.8843459226132909,0
-0.548178255615647,1.3931279402690642,1.62203510708807,-1.093331406806518,1.446995469779169,-1.5775368987157707,-0.8169767318548042,-1.5839686334080776,0
-1.5873977882570611,-0.0576425711435567,0.2791101724455582,0.0379687651079706,0.8637345770122132,0.6430612782891255,-0.8169767318548042,-0.1847232118185042,0
0.491041277025767,-0.0712648294666803,-0.2400618383698458,-0.0285783038281757,0.2804736842452576,0.0086046562877266,-0.8169767318548042,-0.8843459226132909,0
-1.24099127737659,1.37269455278438,1.5458898788351434,-0.0285783038281757,-0.302787208521698,1.594746211291224,1.2240250682901004,1.5643335651684624,0
1.530260809667181,0.4804366326198097,0.2583432920129418,2.167474971064655,-1.4693089940556092,0.6430612782891255,-0.8169767318548042,-1.2341572780106842,1
0.1446347661452956,0.90953776979819,0.6667586071877262,-0.960237268934225,1.446995469779169,0.0086046562877266,-0.8169767318548042,-0.8843459226132909,0
1.530260809667181,0.9776490614138068,0.722136955008036,0.0379687651079706,0.8637345770122132,0.960289589289825,-0.8169767318548042,-0.8843459226132909,1
1.1838542987867098,0.9912713197369298,0.791359889783423,1.4354572127670446,-1.4693089940556092,-1.5775368987157707,-0.8169767318548042,-0.5345345672158975,1
-1.24099127737659,0.4600032451351253,0.8052044767385002,-1.8918962340402743,0.2804736842452576,-1.2603085877150713,-0.8169767318548042,1.214522209771069,0
-0.548178255615647,-0.5276104832913076,-0.6138656861569367,-1.5591608893595423,0.2804736842452576,0.960289589289825,-0.8169767318548042,0.8647108543736758,0
1.1838542987867098,0.555359053396987,0.722136955008036,0.5037982476609952,-1.4693089940556092,0.0086046562877266,1.2240250682901004,-0.8843459226132909,0
-0.2017717447351757,-0.0031535378510639,-0.0462376209987621,0.1710629029802634,-0.302787208521698,1.594746211291224,1.2240250682901004,-1.5839686334080776,0
0.491041277025767,-1.440301790940562,-1.181493751315112,0.3041570408525561,-0.8860481012886536,-1.2603085877150713,1.2240250682901004,-0.8843459226132909,0
-0.8945847664961184,-1.1882900119627826,-1.4653077838941997,-0.3613136485089076,-1.4693089940556092,1.594746211291224,1.2240250682901004,0.5148994989762825,0
-0.2017717447351757,0.0649577537645518,0.3760222811311,0.7699865234055808,-0.8860481012886536,-1.5775368987157707,-0.8169767318548042,1.5643335651684624,0
-0.8945847664961184,-0.9839561371159348,-0.9253688926461792,1.502004281703191,-0.302787208521698,0.3258329672884261,1.2240250682901004,0.1650881435788891,0
-1.5873977882570611,0.7052038949513426,0.618302552844955,-1.2929726136149569,-1.4693089940556092,-0.943080276714372,-0.8169767318548042,1.214522209771069,0
1.1838542987867098,-0.3845767708985139,-0.6692440339772465,0.7699865234055808,0.2804736842452576,0.960289589289825,1.2240250682901004,0.1650881435788891,1
1.530260809667181,-0.1053204752744881,-0.3923522948756981,-0.7605960621257859,-0.8860481012886536,-1.2603085877150713,-0.8169767318548042,0.1650881435788891,0
0.1446347661452956,0.0513354954414289,-0.1223828492516876,0.5037982476609952,-0.8860481012886536,0.3258329672884261,-0.8169767318548042,1.214522209771069,0
1.530260809667181,-0.0303980544973103,-0.3092847731452334,-0.5609548553173468,-0.302787208521698,0.960289589289825,-0.8169767318548042,1.214522209771069,0
-1.5873977882570611,1.2705276153609557,1.068251628884972,-0.4944077863812003,-1.4693089940556092,-1.5775368987157707,-0.8169767318548042,0.1650881435788891,0
-0.2017717447351757,-0.343709995929144,-0.420041468785853,0.1710629029802634,-0.302787208521698,0.960289589289825,1.2240250682901004,-0.5345345672158975,0
0.1446347661452956,-0.8068667789153333,-0.9184465991686408,-1.2929726136149569,0.2804736842452576,0.0086046562877266,-0.8169767318548042,0.5148994989762825,0
-0.548178255615647,0.0240909787951824,0.2929547594006353,0.6368923855332881,-0.8860481012886536,0.0086046562877266,-0.8169767318548042,1.5643335651684624,0
0.8374477879062384,-1.5424687283639862,-1.4237740230289668,-0.2947665795727612,0.8637345770122132,-1.5775368987157707,1.2240250682901004,-0.8843459226132909,0
-1.5873977882570611,-0.6570219373609776,-1.008436414376644,-0.2947665795727612,-1.4693089940556092,-0.3086236547129729,1.2240250682901004,0.8647108543736758,0
-1.5873977882570611,-1.9307030905729972,-1.6798988816978997,-0.0285783038281757,0.8637345770122132,0.960289589289825,-0.8169767318548042,-0.1847232118185042,0
0.491041277025767,-0.6365885498762932,-0.8630682513483309,0.9030806612778736,-0.8860481012886536,0.3258329672884261,1.2240250682901004,0.1650881435788891,0
0.491041277025767,1.9175848857093072,1.6358796940431473,-1.0267843378703714,-0.302787208521698,1.594746211291224,-0.8169767318548042,1.5643335651684624,0
0.491041277025767,-0.2892209626366511,-0.0116261536110686,0.104515834044117,-0.8860481012886536,-1.5775368987157707,-0.8169767318548042,0.8647108543736758,0
-0.8945847664961184,1.5429727818234198,1.345143367986521,-0.2947665795727612,0.8637345770122132,-0.943080276714372,1.2240250682901004,1.5643335651684624,0
-0.2017717447351757,-0.3709545125753904,-0.4684975231286236,-0.2282195106366148,0.8637345770122132,1.2775179002905246,-0.8169767318548042,-0.5345345672158975,0
0.1446347661452956,-0.4935548374834996,-0.7177000883200177,0.1710629029802634,0.8637345770122132,-1.2603085877150713,-0.8169767318548042,-1.2341572780106842,0
-1.5873977882570611,1.0389492238678613,0.9436503462892752,-0.0951253727643221,1.446995469779169,0.960289589289825,-0.8169767318548042,1.5643335651684624,0
0.8374477879062384,-0.0167757961741874,-0.0462376209987621,0.3707041097887025,0.8637345770122132,0.6430612782891255,-0.8169767318548042,0.1650881435788891,0
0.491041277025767,-1.4675463075868085,-1.403007142596351,1.302363074894752,0.8637345770122132,-0.6258519657136724,-0.8169767318548042,0.1650881435788891,0
-0.2017717447351757,-1.5424687283639862,-1.7145103490855935,0.3041570408525561,0.2804736842452576,0.960289589289825,1.2240250682901004,-1.2341572780106842,0
1.1838542987867098,-0.3981990292216368,-0.1708389035944588,-1.2929726136149569,0.8637345770122132,-0.6258519657136724,-0.8169767318548042,0.8647108543736758,0
1.530260809667181,-0.8341112955615797,-0.6207879796344759,0.4372511787248489,-0.302787208521698,1.2775179002905246,1.2240250682901004,-1.2341572780106842,0
-0.2017717447351757,-1.3313237243555762,-1.437618609984045,0.5037982476609952,-1.4693089940556092,0.0086046562877266,1.2240250682901004,-1.2341572780106842,0
-0.8945847664961184,-0.5207993541297461,-0.4477306426960079,-0.5609548553173468,-0.8860481012886536,0.0086046562877266,-0.8169767318548042,0.5148994989762825,0
0.1446347661452956,-0.2960320917982132,-0.1985280775046137,-0.0951253727643221,0.2804736842452576,0.0086046562877266,1.2240250682901004,1.214522209771069,0
0.8374477879062384,-1.1474232369934134,-1.2507166860904988,-1.093331406806518,-1.4693089940556092,0.6430612782891255,1.2240250682901004,0.8647108543736758,0
-1.5873977882570611,1.236471969553147,1.4559000636271406,-0.2947665795727612,1.446995469779169,1.2775179002905246,-0.8169767318548042,1.5643335651684624,0
1.1838542987867098,1.4748614902078028,1.691258041863457,-1.692255027231835,0.8637345770122132,0.6430612782891255,1.2240250682901004,-1.5839686334080776,1
0.491041277025767,1.7268732691855828,1.6428019875206858,-0.427860717445054,0.2804736842452576,-1.5775368987157707,-0.8169767318548042,-0.1847232118185042,0
1.530260809667181,-1.30407920770933,-1.3960848491188127,1.0361747991501662,-0.8860481012886536,-0.3086236547129729,-0.8169767318548042,1.214522209771069,0
0.8374477879062384,1.5225393943387342,1.3659102484191368,-0.0951253727643221,-0.302787208521698,1.2775179002905246,1.2240250682901004,0.5148994989762825,1
-0.548178255615647,1.5770284276312272,1.6635688679533016,-0.4944077863812003,0.2804736842452576,-0.3086236547129729,1.2240250682901004,-1.2341572780106842,0
1.530260809667181,-0.8000556497537712,-1.0015141208991054,-0.1616724417004685,-0.8860481012886536,1.2775179002905246,1.2240250682901004,-1.5839686334080776,0
-1.24099127737659,-0.8886003288540719,-1.153804577404957,-0.960237268934225,0.8637345770122132,1.2775179002905246,-0.8169767318548042,0.8647108543736758,0
-0.8945847664961184,0.4736255034582483,0.1545088898498608,0.96962773021402,1.446995469779169,0.3258329672884261,1.2240250682901004,0.5148994989762825,1
0.8374477879062384,0.4736255034582483,0.3621776941760228,-2.4242727855294453,-0.8860481012886536,-0.6258519657136724,-0.8169767318548042,1.5643335651684624,0
-0.2017717447351757,-0.6774553248456626,-0.5792542187692432,-0.0951253727643221,-0.8860481012886536,0.0086046562877266,-0.8169767318548042,-0.5345345672158975,0
0.1446347661452956,-0.1529983794054196,-0.4061968818307752,-0.1616724417004685,0.8637345770122132,-1.5775368987157707,-0.8169767318548042,1.5643335651684624,0
-0.2017717447351757,0.752881799082274,0.8744274115138883,1.0361747991501662,0.2804736842452576,-0.3086236547129729,-0.8169767318548042,-0.8843459226132909,1
-0.2017717447351757,-0.3573322542522675,-0.1500720231618425,0.9030806612778736,-0.302787208521698,0.3258329672884261,1.2240250682901004,-1.5839686334080776,0
-0.8945847664961184,0.5485479242354255,0.4937012702492582,-1.159878475742664,-1.4693089940556092,0.3258329672884261,-0.8169767318548042,0.1650881435788891,0
-1.5873977882570611,0.4395698576504397,0.7498261289181903,-0.8936901999980786,0.2804736842452576,-1.5775368987157707,1.2240250682901004,0.5148994989762825,0
0.8374477879062384,1.2092274529069011,0.895194291946504,-0.427860717445054,-1.4693089940556092,0.6430612782891255,-0.8169767318548042,1.5643335651684624,0
0.1446347661452956,0.895915511475067,0.6321471398000321,0.2376099719164097,-0.8860481012886536,1.2775179002905246,-0.8169767318548042,0.1650881435788891,0
0.8374477879062384,-1.3858127576480692,-1.1261154034948022,-0.6940489931896395,-1.4693089940556092,1.2775179002905246,-0.8169767318548042,0.8647108543736758,0
-0.548178255615647,0.766504057405397,0.6667586071877262,-0.6940489931896395,0.8637345770122132,0.0086046562877266,-0.8169767318548042,0.5148994989762825,0
-1.5873977882570611,0.371458566034824,0.4590898028615641,-0.2282195106366148,-1.4693089940556092,0.3258329672884261,1.2240250682901004,-0.5345345672158975,0
-1.5873977882570611,-0.5412327416144305,-0.5584873383366269,0.0379687651079706,0.2804736842452576,0.0086046562877266,1.2240250682901004,-0.1847232118185042,0
-0.8945847664961184,-1.365379370163384,-1.5622198925797417,-0.0951253727643221,-1.4693089940556092,-0.943080276714372,1.2240250682901004,-1.5839686334080776,0
-0.8945847664961184,1.0525714821909842,1.414366302761908,1.5685513506393374,1.446995469779169,0.0086046562877266,-0.8169767318548042,0.1650881435788891,1
0.1446347661452956,-1.1951011411243442,-1.077659349152031,0.0379687651079706,-0.302787208521698,0.3258329672884261,-0.8169767318548042,-0.1847232118185042,0
0.1446347661452956,-1.3245125951940149,-1.2091829252252668,1.169268937022459,-1.4693089940556092,0.0086046562877266,-0.8169767318548042,-0.1847232118185042,0
-0.548178255615647,-0.4663103208372532,-0.4269637622633915,-0.8936901999980786,-0.302787208521698,-0.6258519657136724,1.2240250682901004,0.1650881435788891,0
1.530260809667181,0.3578363077117011,0.5629242050246451,-0.6940489931896395,1.446995469779169,0.6430612782891255,-0.8169767318548042,-1.5839686334080776,1
-1.5873977882570611,-0.2211096710210353,0.0437521942092411,-1.093331406806518,-0.8860481012886536,0.6430612782891255,-0.8169767318548042,1.214522209771069,0
1.1838542987867098,0.9912713197369298,1.1928529114806687,1.3689101438308982,-0.302787208521698,0.0086046562877266,-0.8169767318548042,1.5643335651684624,1
-1.5873977882570611,1.5429727818234198,1.628957400565609,-2.024990371912567,-1.4693089940556092,1.594746211291224,-0.8169767318548042,0.5148994989762825,0
1.1838542987867098,0.8073708323747668,1.0197955745422007,0.7034394544694345,0.2804736842452576,-0.3086236547129729,-0.8169767318548042,0.5148994989762825,1
1.530260809667181,1.5293505235002958,1.4420554766720624,-0.2282195106366148,0.2804736842452576,-1.5775368987157707,1.2240250682901004,0.8647108543736758,1
0.1446347661452956,-1.4266795326174384,-1.1330376969723408,-0.4944077863812003,-0.302787208521698,-0.3086236547129729,-0.8169767318548042,-0.8843459226132909,0
-0.548178255615647,-0.0985093461129267,-0.3023624796676948,0.3041570408525561,-0.8860481012886536,0.0086046562877266,1.2240250682901004,0.1650881435788891,0
1.530260809667181,-1.9920032530270515,-1.7352772295182095,0.6368923855332881,1.446995469779169,1.594746211291224,1.2240250682901004,-0.5345345672158975,0
-1.24099127737659,1.086627127998793,0.9021165854240426,0.0379687651079706,1.446995469779169,0.960289589289825,-0.8169767318548042,-0.1847232118185042,0
-0.548178255615647,-0.9839561371159348,-1.2784058600006538,0.1710629029802634,-1.4693089940556092,-0.6258519657136724,-0.8169767318548042,0.1650881435788891,0
0.1446347661452956,-0.3368988667675825,-0.0670045014313778,-1.0267843378703714,-0.8860481012886536,1.594746211291224,1.2240250682901004,-0.1847232118185042,0
-0.8945847664961184,0.6166592158510412,0.4729343898166425,-1.492613820423396,-0.302787208521698,-0.3086236547129729,1.2240250682901004,0.5148994989762825,0
0.491041277025767,1.76092891499339,1.67741345490838,1.3689101438308982,0.8637345770122132,-0.6258519657136724,-0.8169767318548042,0.5148994989762825,1
-0.8945847664961184,0.2692916286113997,0.071441368119396,-0.6275019242534932,0.2804736842452576,-0.6258519657136724,-0.8169767318548042,-0.5345345672158975,0
1.1838542987867098,-1.120178720347167,-1.112270816539725,0.3707041097887025,-0.8860481012886536,0.6430612782891255,-0.8169767318548042,0.5148994989762825,0
0.8374477879062384,-0.9635227496312496,-1.2507166860904988,1.2358160059586054,0.2804736842452576,0.960289589289825,1.2240250682901004,-1.5839686334080776,1
0.491041277025767,-0.1189427335976111,-0.0670045014313778,-0.8936901999980786,-1.4693089940556092,1.594746211291224,-0.8169767318548042,1.5643335651684624,0
1.1838542987867098,0.3850808243579469,0.6390694332775719,-0.8271431310619323,0.8637345770122132,1.594746211291224,1.2240250682901004,1.214522209771069,1
1.1838542987867098,-1.2768346910630834,-1.4514631969391218,0.3041570408525561,-0.302787208521698,-0.3086236547129729,1.2240250682901004,0.1650881435788891,0
1.1838542987867098,-0.0508314419819953,0.1545088898498608,-0.7605960621257859,-1.4693089940556092,-1.5775368987157707,-0.8169767318548042,1.5643335651684624,0
1.530260809667181,0.6234703450126027,0.6459917267551105,0.3041570408525561,0.8637345770122132,0.3258329672884261,-0.8169767318548042,-1.2341572780106842,1
-0.548178255615647,1.447616973561557,1.504356117969912,-0.4944077863812003,-1.4693089940556092,0.6430612782891255,1.2240250682901004,1.5643335651684624,0
-1.24099127737659,1.7541177858318286,1.5805013462228374,-0.1616724417004685,1.446995469779169,0.960289589289825,-0.8169767318548042,-0.8843459226132909,0
-1.24099127737659,1.0525714821909842,0.9921064006320464,-0.3613136485089076,0.2804736842452576,0.960289589289825,-0.8169767318548042,-0.5345345672158975,0
-1.5873977882570611,-1.3858127576480692,-1.5899090664898965,-1.4260667514872496,-0.302787208521698,0.0086046562877266,-0.8169767318548042,0.8647108543736758,0
-0.548178255615647,-0.8000556497537712,-0.8561459578707923,0.5037982476609952,-1.4693089940556092,-0.943080276714372,-0.8169767318548042,-1.5839686334080776,0
0.491041277025767,1.406750198592187,1.656646574475763,1.3689101438308982,-0.8860481012886536,-0.943080276714372,1.2240250682901004,-0.8843459226132909,0
0.1446347661452956,-1.556090986687109,-1.285328153478193,-1.6257079582956888,0.8637345770122132,0.0086046562877266,-0.8169767318548042,-1.2341572780106842,0
-0.8945847664961184,1.1683606779375313,1.1859306180031302,1.2358160059586054,0.8637345770122132,0.6430612782891255,-0.8169767318548042,0.8647108543736758,1
-1.5873977882570611,-0.0508314419819953,0.272187878968019,1.502004281703191,-1.4693089940556092,1.594746211291224,1.2240250682901004,0.5148994989762825,0
0.1446347661452956,-0.139376121082296,-0.4823421100837013,0.0379687651079706,1.446995469779169,-0.3086236547129729,-0.8169767318548042,-1.5839686334080776,0
-1.5873977882570611,0.684770507466657,0.9228834658566584,2.367116177873094,-0.302787208521698,1.2775179002905246,-0.8169767318548042,0.1650881435788891,1
1.530260809667181,1.318205519491887,1.275920433211134,0.5703453165971416,-0.302787208521698,0.0086046562877266,-0.8169767318548042,0.8647108543736758,1
-0.548178255615647,-0.8273001664000177,-0.7938453165729439,-0.8271431310619323,-0.302787208521698,-1.2603085877150713,1.2240250682901004,-0.5345345672158975,0
-1.5873977882570611,0.4463809868120012,0.6044579658898779,-0.6940489931896395,-1.4693089940556092,0.960289589289825,-0.8169767318548042,1.214522209771069,0
0.1446347661452956,1.1751718070990926,1.3382210745089824,-0.8936901999980786,0.8637345770122132,0.960289589289825,-0.8169767318548042,1.5643335651684624,0
-1.24099127737659,-0.0576425711435567,0.202964944192632,-0.2282195106366148,-1.4693089940556092,1.2775179002905246,1.2240250682901004,0.5148994989762825,0
-0.8945847664961184,0.6507148616588497,0.5144681506818739,-1.0267843378703714,1.446995469779169,-0.6258519657136724,-0.8169767318548042,0.8647108543736758,0
1.530260809667181,0.7801263157285199,1.0613293354074331,-0.5609548553173468,0.8637345770122132,-0.943080276714372,-0.8169767318548042,-0.8843459226132909,1
-0.548178255615647,-1.801291636503327,-1.693743468652977,-0.960237268934225,-1.4693089940556092,-0.943080276714372,-0.8169767318548042,1.214522209771069,0
0.491041277025767,-1.624202278302725,-1.3683956752086577,-0.5609548553173468,-1.4693089940556092,1.2775179002905246,1.2240250682901004,1.214522209771069,0
-1.24099127737659,-1.5084130825561777,-1.631442827355129,1.169268937022459,1.446995469779169,-1.5775368987157707,-0.8169767318548042,0.5148994989762825,0
-0.548178255615647,-0.3096543501213361,-0.2608287188024621,0.3041570408525561,0.2804736842452576,1.2775179002905246,-0.8169767318548042,-0.5345345672158975,0
0.8374477879062384,-1.440301790940562,-1.728354936040671,-0.0285783038281757,-0.8860481012886536,-0.3086236547129729,-0.8169767318548042,-1.2341572780106842,0
1.530260809667181,0.6507148616588497,0.8052044767385002,-0.4944077863812003,-1.4693089940556092,-0.943080276714372,-0.8169767318548042,0.8647108543736758,0
0.8374477879062384,-0.1529983794054196,-0.0946936753415327,0.9030806612778736,-1.4693089940556092,-0.943080276714372,1.2240250682901004,0.8647108543736758,0
-1.5873977882570611,-1.6923135699183414,-1.5137638382369707,-1.159878475742664,-1.4693089940556092,0.960289589289825,1.2240250682901004,0.5148994989762825,0
0.8374477879062384,-1.215534528609029,-1.1053485230621858,0.1710629029802634,-0.302787208521698,-0.943080276714372,1.2240250682901004,-1.2341572780106842,0
-1.24099127737659,-1.4266795326174384,-1.112270816539725,0.5037982476609952,-1.4693089940556092,-1.2603085877150713,1.2240250682901004,-1.2341572780106842,0
-0.8945847664961184,1.297772132007201,1.4351331831945238,-1.492613820423396,0.2804736842452576,-0.3086236547129729,1.2240250682901004,0.8647108543736758,0
-0.548178255615647,-0.0985093461129267,0.071441368119396,0.3041570408525561,-0.8860481012886536,0.3258329672884261,-0.8169767318548042,-0.5345345672158975,0
1.530260809667181,1.4680503610462414,1.3659102484191368,-0.8936901999980786,-0.8860481012886536,-0.3086236547129729,-0.8169767318548042,0.1650881435788891,0
-0.8945847664961184,-1.1474232369934134,-1.0568924687194152,0.9030806612778736,-0.302787208521698,0.0086046562877266,-0.8169767318548042,1.5643335651684624,0
-1.24099127737659,0.0309021079567439,-0.2885178927126171,0.8365335923417272,1.446995469779169,0.960289589289825,-0.8169767318548042,1.5643335651684624,0
1.530260809667181,1.6519508484084056,1.656646574475763,0.2376099719164097,-0.302787208521698,0.3258329672884261,1.2240250682901004,1.5643335651684624,1
-0.2017717447351757,-0.7728111331075248,-0.7453892622301727,0.9030806612778736,-0.8860481012886536,-1.5775368987157707,1.2240250682901004,0.1650881435788891,0
-0.8945847664961184,1.263716486199394,1.3728325418966754,-0.427860717445054,0.8637345770122132,0.960289589289825,-0.8169767318548042,-0.8843459226132909,0
0.8374477879062384,0.9708379322522456,0.7775153028283458,2.1009279021285083,-0.302787208521698,1.2775179002905246,1.2240250682901004,-0.5345345672158975,1
-1.5873977882570611,-0.7319443581381554,-0.8284567839606374,0.1710629029802634,-1.4693089940556092,-1.2603085877150713,-0.8169767318548042,-1.5839686334080776,0
-0.8945847664961184,-0.5752883874222383,-0.7177000883200177,-0.5609548553173468,1.446995469779169,1.2775179002905246,1.2240250682901004,0.8647108543736758,0
-1.5873977882570611,-0.9499004913081268,-0.6484771535446308,1.2358160059586054,0.2804736842452576,1.594746211291224,-0.8169767318548042,1.5643335651684624,0
-1.24099127737659,0.6098480866894798,0.6944477810978805,-0.427860717445054,0.2804736842452576,0.6430612782891255,1.2240250682901004,1.214522209771069,0
1.1838542987867098,1.1002493863219156,1.1236299767052818,0.0379687651079706,-0.8860481012886536,1.2775179002905246,-0.8169767318548042,-0.1847232118185042,0
-1.5873977882570611,-0.1257538627591731,-0.0116261536110686,2.034380833192362,0.2804736842452576,0.0086046562877266,-0.8169767318548042,-1.5839686334080776,0
0.1446347661452956,-1.2972680785477684,-1.0222810013317216,-0.427860717445054,-0.302787208521698,0.0086046562877266,-0.8169767318548042,-0.1847232118185042,0
-0.2017717447351757,-0.4050101583831983,-0.4546529361735464,0.1710629029802634,1.446995469779169,0.960289589289825,1.2240250682901004,-0.5345345672158975,0
0.1446347661452956,0.3101584035807697,0.0852859550744738,0.1710629029802634,1.446995469779169,0.3258329672884261,1.2240250682901004,1.214522209771069,0
-0.548178255615647,-0.9226559746618804,-0.9599803600338728,-0.6940489931896395,-1.4693089940556092,1.594746211291224,1.2240250682901004,-1.2341572780106842,0
-0.548178255615647,0.3374029202270155,0.306799346355713,1.169268937022459,0.2804736842452576,0.0086046562877266,1.2240250682901004,0.1650881435788891,1
-1.5873977882570611,1.2160385820684627,1.5458898788351434,-0.427860717445054,-1.4693089940556092,-0.3086236547129729,1.2240250682901004,-0.5345345672158975,0
-1.5873977882570611,-0.5548549999375539,-0.6623217404997079,-1.825349165104128,-1.4693089940556092,0.6430612782891255,-0.8169767318548042,0.5148994989762825,0
-0.2017717447351757,-1.1338009786702898,-1.430696316506506,1.302363074894752,1.446995469779169,-1.2603085877150713,1.2240250682901004,-0.1847232118185042,0
-0.8945847664961184,-0.6638330665225397,-0.420041468785853,1.302363074894752,-1.4693089940556092,1.2775179002905246,-0.8169767318548042,-0.1847232118185042,0
0.8374477879062384,0.6302814741741654,0.9228834658566584,-1.6257079582956888,1.446995469779169,0.960289589289825,-0.8169767318548042,-1.5839686334080776,1
-0.8945847664961184,0.684770507466657,0.9436503462892752,0.8365335923417272,0.2804736842452576,1.2775179002905246,-0.8169767318548042,1.214522209771069,1
0.8374477879062384,-0.7660000039459633,-0.634632566589553,-1.2264255446788106,-0.302787208521698,-0.943080276714372,-0.8169767318548042,0.8647108543736758,0
0.8374477879062384,0.2692916286113997,0.4729343898166425,-0.6940489931896395,1.446995469779169,-0.6258519657136724,1.2240250682901004,-0.5345345672158975,0
0.8374477879062384,0.0445243662798668,0.3621776941760228,-1.093331406806518,-1.4693089940556092,0.3258329672884261,-0.8169767318548042,-0.5345345672158975,0
-0.8945847664961184,-0.4254435458678833,-0.4338860557409301,-0.6275019242534932,-0.8860481012886536,0.960289589289825,1.2240250682901004,-0.1847232118185042,0
-0.548178255615647,-1.1269898495087285,-1.1607268708824956,0.7034394544694345,0.2804736842452576,-1.5775368987157707,1.2240250682901004,-1.5839686334080776,0
-0.8945847664961184,0.0445243662798668,-0.1985280775046137,-0.7605960621257859,0.2804736842452576,-0.3086236547129729,1.2240250682901004,-0.1847232118185042,0
1.1838542987867098,0.4736255034582483,0.1752757702824771,0.96962773021402,-0.8860481012886536,-1.2603085877150713,-0.8169767318548042,0.8647108543736758,1
-0.8945847664961184,0.371458566034824,0.5144681506818739,0.96962773021402,0.2804736842452576,-0.6258519657136724,1.2240250682901004,0.8647108543736758,1
1.1838542987867098,0.1535024328648525,-0.1708389035944588,-0.2282195106366148,0.8637345770122132,1.2775179002905246,1.2240250682901004,0.5148994989762825,0
0.1446347661452956,-1.2768346910630834,-1.1261154034948022,0.2376099719164097,-1.4693089940556092,0.960289589289825,-0.8169767318548042,1.214522209771069,0
1.530260809667181,-1.801291636503327,-1.5691421860572805,-0.3613136485089076,-0.302787208521698,-0.3086236547129729,1.2240250682901004,-1.5839686334080776,0
-1.5873977882570611,0.0990133995723597,0.1960426507150934,0.4372511787248489,-0.8860481012886536,-1.5775368987157707,-0.8169767318548042,-1.5839686334080776,0
1.1838542987867098,-0.6706441956841012,-0.8284567839606374,0.6368923855332881,-1.4693089940556092,-1.2603085877150713,-0.8169767318548042,0.1650881435788891,0
-1.5873977882570611,-0.8068667789153333,-0.5307981644264727,0.0379687651079706,1.446995469779169,-1.5775368987157707,1.2240250682901004,-0.5345345672158975,0
-0.548178255615647,-1.0112006537621812,-0.7869230230954047,-0.0951253727643221,0.8637345770122132,-1.2603085877150713,-0.8169767318548042,-1.2341572780106842,0
0.491041277025767,1.3863168111075028,1.3520656614640596,0.4372511787248489,0.2804736842452576,-0.3086236547129729,1.2240250682901004,0.5148994989762825,0
0.1446347661452956,1.829040206609007,1.5320452918800662,-0.0951253727643221,-0.8860481012886536,0.960289589289825,1.2240250682901004,-0.8843459226132909,0
0.491041277025767,0.4804366326198097,0.4314006289514098,0.5703453165971416,1.446995469779169,0.0086046562877266,-0.8169767318548042,-0.8843459226132909,0
-0.8945847664961184,-0.343709995929144,-0.1016159688190719,0.5037982476609952,0.8637345770122132,0.960289589289825,-0.8169767318548042,0.5148994989762825,0
1.1838542987867098,-0.2211096710210353,-0.1500720231618425,-0.5609548553173468,-0.302787208521698,-0.6258519657136724,-0.8169767318548042,0.1650881435788891,0
-1.5873977882570611,1.7541177858318286,1.5251229984025276,0.0379687651079706,1.446995469779169,0.0086046562877266,1.2240250682901004,0.1650881435788891,0
-0.2017717447351757,-0.0848870877898032,0.1060528355070901,1.3689101438308982,1.446995469779169,0.3258329672884261,1.2240250682901004,0.8647108543736758,0
0.8374477879062384,1.1547384196144084,0.9367280528117368,-1.3595196825511031,-0.8860481012886536,-0.3086236547129729,-0.8169767318548042,-1.5839686334080776,0
-0.2017717447351757,-0.8341112955615797,-1.0015141208991054,0.104515834044117,0.8637345770122132,1.594746211291224,1.2240250682901004,-1.5839686334080776,0
-0.548178255615647,0.6507148616588497,0.791359889783423,-0.1616724417004685,0.2804736842452576,0.6430612782891255,1.2240250682901004,-0.1847232118185042,0
-1.5873977882570611,1.4408058443999956,1.3935994223292922,-1.7588020961679816,1.446995469779169,0.3258329672884261,1.2240250682901004,1.214522209771069,0
1.530260809667181,-0.6706441956841012,-0.6415548600670916,0.3041570408525561,0.8637345770122132,0.6430612782891255,-0.8169767318548042,-0.5345345672158975,0
0.1446347661452956,1.3931279402690642,1.2897650201662112,2.234022040000801,-1.4693089940556092,-1.2603085877150713,-0.8169767318548042,0.1650881435788891,0
0.491041277025767,1.433994715238434,1.2551535527785171,0.5703453165971416,1.446995469779169,1.594746211291224,-0.8169767318548042,-1.2341572780106842,0
-1.5873977882570611,0.7120150241129041,0.5283127376369523,0.7034394544694345,-0.8860481012886536,0.960289589289825,1.2240250682901004,1.214522209771069,0
1.1838542987867098,-0.2347319293441582,-0.4061968818307752,-0.2282195106366148,-0.8860481012886536,1.594746211291224,1.2240250682901004,-1.5839686334080776,0
-0.548178255615647,-1.4811685659099314,-1.728354936040671,0.7699865234055808,-1.4693089940556092,0.6430612782891255,1.2240250682901004,-0.8843459226132909,0
1.1838542987867098,-0.7796222622690868,-1.0707370556744924,1.102721868086313,1.446995469779169,-0.943080276714372,-0.8169767318548042,0.1650881435788891,1
1.1838542987867098,-1.399435015971192,-1.2437943926129602,-0.8936901999980786,0.2804736842452576,0.0086046562877266,-0.8169767318548042,1.214522209771069,0
1.530260809667181,1.1138716446450383,0.7844375963058844,-1.4260667514872496,-0.302787208521698,1.594746211291224,1.2240250682901004,0.5148994989762825,1
1.530260809667181,0.0104687204720589,0.244498705057864,-0.8271431310619323,-0.8860481012886536,1.594746211291224,-0.8169767318548042,-0.1847232118185042,0
-0.2017717447351757,-0.4731214499988146,-0.4061968818307752,-1.159878475742664,-0.302787208521698,0.6430612782891255,1.2240250682901004,-1.2341572780106842,0
-1.24099127737659,0.4327587284888783,0.7636707158732686,0.7699865234055808,-1.4693089940556092,0.0086046562877266,-0.8169767318548042,-1.5839686334080776,0
1.530260809667181,1.7336843983471442,1.5112784114474505,-0.5609548553173468,1.446995469779169,1.594746211291224,1.2240250682901004,-0.8843459226132909,1
-1.5873977882570611,-0.2551653168288432,-0.5100312839938563,-0.6940489931896395,-1.4693089940556092,-1.5775368987157707,1.2240250682901004,0.1650881435788891,0
-0.8945847664961184,0.6439037324972883,0.6667586071877262,-0.1616724417004685,0.8637345770122132,0.3258329672884261,1.2240250682901004,-1.2341572780106842,0
1.1838542987867098,-0.5071770958066225,-0.3715854144430817,-0.1616724417004685,0.2804736842452576,0.0086046562877266,-0.8169767318548042,1.214522209771069,0
-0.548178255615647,-0.7523777456228404,-0.911524305691102,0.7034394544694345,-1.4693089940556092,1.594746211291224,-0.8169767318548042,-0.5345345672158975,0
0.1446347661452956,1.9652627898402384,1.67049116143084,-0.8271431310619323,0.2804736842452576,0.0086046562877266,-0.8169767318548042,1.5643335651684624,0
-1.24099127737659,1.277338744522517,1.068251628884972,0.8365335923417272,0.8637345770122132,1.594746211291224,-0.8169767318548042,-0.1847232118185042,1
-0.548178255615647,-0.0848870877898032,0.1129751289846287,-0.0951253727643221,-0.8860481012886536,0.6430612782891255,-0.8169767318548042,-0.1847232118185042,0
-1.24099127737659,-0.1938651543747889,-0.1500720231618425,-0.427860717445054,-1.4693089940556092,-1.5775368987157707,-0.8169767318548042,-0.1847232118185042,0
-0.8945847664961184,-1.215534528609029,-1.4168517295514282,2.1009279021285083,1.446995469779169,-0.6258519657136724,-0.8169767318548042,1.214522209771069,0
-0.8945847664961184,1.1343050321297228,1.483589237537295,0.7699865234055808,-0.8860481012886536,-0.3086236547129729,1.2240250682901004,1.214522209771069,0
1.530260809667181,0.0104687204720589,0.029907607254164,0.2376099719164097,0.2804736842452576,0.6430612782891255,1.2240250682901004,1.5643335651684624,0
1.530260809667181,-0.2006762835363504,-0.5031089905163177,-0.960237268934225,0.2804736842452576,0.0086046562877266,1.2240250682901004,-1.5839686334080776,0
-1.24099127737659,1.427183586076873,1.6981803353409957,-0.7605960621257859,-1.4693089940556092,0.0086046562877266,1.2240250682901004,0.8647108543736758,0
1.530260809667181,-0.9635227496312496,-0.6969332078874014,-0.6940489931896395,-0.302787208521698,-0.3086236547129729,1.2240250682901004,1.5643335651684624,0
-1.5873977882570611,0.8141819615363283,0.7013700745754203,-0.6275019242534932,1.446995469779169,1.594746211291224,1.2240250682901004,1.5643335651684624,0
0.8374477879062384,-0.0440203128204338,0.0922082485520124,-0.4944077863812003,1.446995469779169,0.0086046562877266,-0.8169767318548042,-0.5345345672158975,0
-0.2017717447351757,-0.1666206377285425,-0.0946936753415327,0.4372511787248489,0.2804736842452576,1.594746211291224,-0.8169767318548042,0.1650881435788891,0
-0.8945847664961184,0.4804366326198097,0.1545088898498608,-1.4260667514872496,0.2804736842452576,0.3258329672884261,-0.8169767318548042,-0.1847232118185042,0
-0.548178255615647,-0.330087737606021,-0.2885178927126171,0.9030806612778736,0.8637345770122132,0.0086046562877266,-0.8169767318548042,1.5643335651684624,0
0.1446347661452956,1.5497839109849814,1.2343866723459014,1.2358160059586054,0.2804736842452576,-0.943080276714372,-0.8169767318548042,-1.2341572780106842,1
0.8374477879062384,-1.0112006537621812,-0.7938453165729439,-0.0951253727643221,-0.8860481012886536,-1.2603085877150713,-0.8169767318548042,1.214522209771069,0
-0.8945847664961184,0.9435934156059984,0.791359889783423,-0.0951253727643221,1.446995469779169,0.0086046562877266,-0.8169767318548042,1.5643335651684624,0
1.530260809667181,1.7745511733165142,1.5805013462228374,-2.024990371912567,-1.4693089940556092,-0.3086236547129729,-0.8169767318548042,-0.1847232118185042,0
0.1446347661452956,-0.3641433834138289,-0.4684975231286236,2.6333044536176793,0.2804736842452576,-0.6258519657136724,1.2240250682901004,0.5148994989762825,0
-0.2017717447351757,-1.4130572742943155,-1.1745714578375734,-0.0285783038281757,0.2804736842452576,0.0086046562877266,-0.8169767318548042,0.8647108543736758,0
0.1446347661452956,1.63151746092372,1.324376487553904,-1.4260667514872496,1.446995469779169,-1.2603085877150713,-0.8169767318548042,-1.2341572780106842,0
-0.2017717447351757,-0.0031535378510639,-0.0670045014313778,1.0361747991501662,1.446995469779169,-0.943080276714372,-0.8169767318548042,0.8647108543736758,0
-1.24099127737659,-1.2564013035783983,-1.3753179686861965,1.169268937022459,1.446995469779169,0.960289589289825,1.2240250682901004,1.214522209771069,0
-1.5873977882570611,-1.113367591185605,-1.1607268708824956,-0.8271431310619323,0.2804736842452576,-0.3086236547129729,1.2240250682901004,0.1650881435788891,0
1.1838542987867098,0.1262579162186061,0.1545088898498608,0.7699865234055808,0.8637345770122132,1.594746211291224,-0.8169767318548042,1.5643335651684624,1
-0.8945847664961184,1.658761977569967,1.4697446505822178,-1.2929726136149569,-1.4693089940556092,-0.3086236547129729,-0.8169767318548042,-1.5839686334080776,0
-1.24099127737659,0.9912713197369298,1.102863096272666,0.7034394544694345,0.8637345770122132,-0.6258519657136724,-0.8169767318548042,-1.2341572780106842,0
0.1446347661452956,1.3250166486534485,1.0820962158400491,2.367116177873094,0.2804736842452576,0.6430612782891255,-0.8169767318548042,1.214522209771069,1
-1.24099127737659,0.4055142118426325,0.0922082485520124,0.1710629029802634,1.446995469779169,0.960289589289825,-0.8169767318548042,-0.5345345672158975,0
-1.24099127737659,-1.6991246990799027,-1.472230077371738,-0.8271431310619323,-1.4693089940556092,-1.5775368987157707,-0.8169767318548042,0.8647108543736758,0
0.491041277025767,1.0185158363831757,0.9921064006320464,-1.0267843378703714,-0.302787208521698,-0.943080276714372,-0.8169767318548042,1.5643335651684624,0
1.530260809667181,1.25009422787627,0.985184107154508,-0.1616724417004685,-0.8860481012886536,-1.5775368987157707,-0.8169767318548042,1.214522209771069,0
0.8374477879062384,-1.1406121078318512,-1.2507166860904988,-1.4260667514872496,-0.302787208521698,0.6430612782891255,-0.8169767318548042,-0.8843459226132909,0
-0.548178255615647,1.0525714821909842,1.0751739223625103,-1.2264255446788106,-0.302787208521698,-0.3086236547129729,1.2240250682901004,0.8647108543736758,0
1.1838542987867098,1.5634061693081045,1.4351331831945238,-0.7605960621257859,-1.4693089940556092,-0.6258519657136724,1.2240250682901004,-1.2341572780106842,0
0.8374477879062384,-0.5957217749069234,-0.2608287188024621,-0.4944077863812003,-0.8860481012886536,0.0086046562877266,-0.8169767318548042,-0.1847232118185042,0
-1.24099127737659,-0.2619764459904047,-0.0393153275212229,0.1710629029802634,0.8637345770122132,0.3258329672884261,1.2240250682901004,0.8647108543736758,0
-0.8945847664961184,0.7869374448900813,0.964417226721891,0.7034394544694345,-1.4693089940556092,0.6430612782891255,-0.8169767318548042,0.5148994989762825,0
1.530260809667181,-0.4050101583831983,-0.2400618383698458,-0.1616724417004685,-0.302787208521698,-0.943080276714372,1.2240250682901004,-0.1847232118185042,0
1.530260809667181,-1.0520674287315506,-1.0015141208991054,0.9030806612778736,1.446995469779169,1.594746211291224,1.2240250682901004,0.1650881435788891,1
0.1446347661452956,-1.229156786932152,-1.527608425192048,-2.2911786476571527,-0.8860481012886536,-0.3086236547129729,-0.8169767318548042,-0.8843459226132909,0
0.1446347661452956,-0.4526880625141297,-0.4408083492184687,0.6368923855332881,-0.302787208521698,1.2775179002905246,-0.8169767318548042,-0.5345345672158975,0
1.530260809667181,-1.30407920770933,-1.603753653444974,-0.2282195106366148,0.8637345770122132,0.6430612782891255,-0.8169767318548042,0.1650881435788891,0
0.8374477879062384,-1.5084130825561777,-1.3960848491188127,-1.3595196825511031,-0.8860481012886536,1.2775179002905246,1.2240250682901004,-0.5345345672158975,0
0.491041277025767,-0.8273001664000177,-1.0015141208991054,-1.4260667514872496,-1.4693089940556092,1.594746211291224,1.2240250682901004,-0.5345345672158975,0
-1.24099127737659,-1.6718801824336562,-1.3753179686861965,0.5037982476609952,0.2804736842452576,1.2775179002905246,-0.8169767318548042,-0.8843459226132909,0
0.1446347661452956,-0.5957217749069234,-0.7800007296178662,-0.3613136485089076,-1.4693089940556092,-0.6258519657136724,-0.8169767318548042,0.1650881435788891,0
0.8374477879062384,-0.0712648294666803,-0.0808490883864555,-0.2947665795727612,-0.302787208521698,0.960289589289825,-0.8169767318548042,-0.8843459226132909,0
-1.24099127737659,-1.7127469574030263,-1.4653077838941997,0.3707041097887025,-1.4693089940556092,-1.2603085877150713,1.2240250682901004,-1.5839686334080776,0
0.491041277025767,-1.590146632494917,-1.5414530121471255,-0.0951253727643221,1.446995469779169,1.594746211291224,-0.8169767318548042,-1.5839686334080776,0
-1.24099127737659,1.011704707221614,0.7982821832609616,1.5685513506393374,1.446995469779169,0.0086046562877266,-0.8169767318548042,1.5643335651684624,1
-1.5873977882570611,1.3113943903303256,1.6358796940431473,1.3689101438308982,0.2804736842452576,0.960289589289825,-0.8169767318548042,-1.2341572780106842,1
-0.8945847664961184,-0.7864333914306483,-0.8630682513483309,-0.6275019242534932,-0.8860481012886536,-0.943080276714372,1.2240250682901004,1.214522209771069,0
0.8374477879062384,0.752881799082274,1.068251628884972,-0.0285783038281757,-1.4693089940556092,-0.6258519657136724,-0.8169767318548042,0.1650881435788891,0
0.8374477879062384,-0.159809508566981,-0.2539064253249236,0.1710629029802634,0.8637345770122132,0.3258329672884261,-0.8169767318548042,-1.2341572780106842,0
0.8374477879062384,-1.3381348535171378,-1.659132001265284,1.4354572127670446,-0.8860481012886536,0.0086046562877266,1.2240250682901004,-0.5345345672158975,0
0.491041277025767,-1.6991246990799027,-1.6868211751754387,0.1710629029802634,1.446995469779169,0.960289589289825,1.2240250682901004,-0.8843459226132909,0
-0.548178255615647,1.277338744522517,1.310531900598827,-0.427860717445054,1.446995469779169,-0.3086236547129729,1.2240250682901004,0.5148994989762825,0
0.491041277025767,0.3578363077117011,0.1406643028947836,0.1710629029802634,0.8637345770122132,-0.943080276714372,1.2240250682901004,0.1650881435788891,0
0.491041277025767,-0.2415430585057203,-0.1916057840270752,1.901286695320069,-1.4693089940556092,-0.6258519657136724,-0.8169767318548042,1.5643335651684624,0
1.530260809667181,-0.4254435458678833,-0.3577408274880046,0.7699865234055808,-0.302787208521698,-1.2603085877150713,1.2240250682901004,0.8647108543736758,1
-1.5873977882570611,-0.2415430585057203,-0.5238758709489334,1.5685513506393374,-0.8860481012886536,-0.3086236547129729,-0.8169767318548042,1.5643335651684624,0
0.8374477879062384,0.8482376073441356,0.9159611723791196,-0.1616724417004685,0.8637345770122132,1.594746211291224,-0.8169767318548042,0.1650881435788891,1
1.530260809667181,0.2761027577729618,0.618302552844955,-1.0267843378703714,-0.302787208521698,0.960289589289825,-0.8169767318548042,0.8647108543736758,0
-1.24099127737659,-1.0929342037009204,-1.3476287947760413,0.3707041097887025,-1.4693089940556092,0.0086046562877266,-0.8169767318548042,0.8647108543736758,0
0.491041277025767,1.488483748530927,1.6151128136105304,-0.2947665795727612,0.2804736842452576,-0.943080276714372,1.2240250682901004,0.1650881435788891,0
0.491041277025767,0.1194467870570446,0.1198974224621673,2.3005691089369473,-0.302787208521698,-0.943080276714372,1.2240250682901004,0.5148994989762825,0
0.491041277025767,-0.1461872502438575,-0.3785077079206203,0.1710629029802634,0.2804736842452576,0.0086046562877266,-0.8169767318548042,0.1650881435788891,0
-0.548178255615647,1.5089171360156113,1.4351331831945238,-2.024990371912567,-1.4693089940556092,0.3258329672884261,-0.8169767318548042,-1.2341572780106842,0
-0.548178255615647,-0.704699841491909,-0.6069433926793981,-1.825349165104128,-0.8860481012886536,0.6430612782891255,-0.8169767318548042,0.8647108543736758,0
-1.5873977882570611,-0.5957217749069234,-0.4961866970387785,1.4354572127670446,1.446995469779169,-0.943080276714372,-0.8169767318548042,1.214522209771069,0
0.1446347661452956,0.9299711572828756,0.825971357171117,-0.427860717445054,-1.4693089940556092,0.0086046562877266,-0.8169767318548042,-1.2341572780106842,0
1.1838542987867098,-1.5356575992024242,-1.3822402621637349,0.5037982476609952,-0.302787208521698,0.6430612782891255,1.2240250682901004,-0.8843459226132909,0
1.1838542987867098,-0.343709995929144,-0.0808490883864555,-0.4944077863812003,-0.302787208521698,-0.6258519657136724,-0.8169767318548042,1.5643335651684624,0
-0.2017717447351757,0.2216137244804689,0.1198974224621673,-1.0267843378703714,-0.302787208521698,-1.2603085877150713,-0.8169767318548042,-0.5345345672158975,0
-1.24099127737659,-0.8341112955615797,-0.6900109144098628,1.102721868086313,0.8637345770122132,1.2775179002905246,1.2240250682901004,1.5643335651684624,0
1.1838542987867098,1.3113943903303256,1.3174541940763655,0.9030806612778736,-0.302787208521698,1.594746211291224,-0.8169767318548042,-1.2341572780106842,1
-0.548178255615647,0.6439037324972883,0.6529140202326491,-0.2947665795727612,0.8637345770122132,0.0086046562877266,-0.8169767318548042,1.5643335651684624,0
-0.548178255615647,-0.0372091836588718,-0.1985280775046137,-0.6940489931896395,1.446995469779169,0.3258329672884261,-0.8169767318548042,1.214522209771069,0
-1.24099127737659,1.1343050321297228,0.8052044767385002,0.3707041097887025,0.8637345770122132,-0.6258519657136724,1.2240250682901004,-0.1847232118185042,0
-0.8945847664961184,1.318205519491887,1.4282108897169852,1.0361747991501662,0.8637345770122132,0.960289589289825,1.2240250682901004,-0.8843459226132909,1
-0.8945847664961184,1.1956051945837771,1.151319150615436,0.5037982476609952,1.446995469779169,-1.2603085877150713,-0.8169767318548042,-0.1847232118185042,0
-0.2017717447351757,0.9163488989597526,0.8328936506486556,1.2358160059586054,-1.4693089940556092,0.0086046562877266,-0.8169767318548042,0.5148994989762825,0
0.8374477879062384,0.6439037324972883,0.7844375963058844,-0.8271431310619323,-0.302787208521698,-0.3086236547129729,1.2240250682901004,-0.1847232118185042,1
-1.24099127737659,-0.1666206377285425,-0.1985280775046137,-1.4260667514872496,0.2804736842452576,0.960289589289825,1.2240250682901004,-0.1847232118185042,0
-0.8945847664961184,1.263716486199394,1.0059509875871235,1.2358160059586054,0.8637345770122132,0.0086046562877266,1.2240250682901004,-0.5345345672158975,1
0.491041277025767,-0.1870540252132274,-0.3577408274880046,0.5703453165971416,0.2804736842452576,0.6430612782891255,1.2240250682901004,-1.5839686334080776,0
0.491041277025767,1.5770284276312272,1.4697446505822178,-0.0951253727643221,0.8637345770122132,-1.2603085877150713,-0.8169767318548042,-0.5345345672158975,0
-0.2017717447351757,1.25009422787627,1.4212885962394466,-0.2947665795727612,0.8637345770122132,0.0086046562877266,1.2240250682901004,0.5148994989762825,0
-1.5873977882570611,0.7120150241129041,0.7290592484855746,0.8365335923417272,-0.8860481012886536,-1.5775368987157707,-0.8169767318548042,-0.1847232118185042,0
0.1446347661452956,0.2965361452576461,-0.0254707405661457,-1.159878475742664,0.8637345770122132,0.0086046562877266,1.2240250682901004,1.214522209771069,0
-1.24099127737659,1.093438257160354,1.0474847484523564,-0.6275019242534932,-0.302787208521698,-0.6258519657136724,1.2240250682901004,1.5643335651684624,0
-0.2017717447351757,0.8209930906978897,0.9090388789015812,-1.093331406806518,-1.4693089940556092,1.2775179002905246,-0.8169767318548042,1.5643335651684624,0
-0.2017717447351757,-1.099745332862482,-1.3337842078209636,-2.15808450978486,-0.8860481012886536,-0.6258519657136724,-0.8169767318548042,-0.5345345672158975,0
0.1446347661452956,1.0321380947062997,1.1928529114806687,-0.2947665795727612,0.8637345770122132,-0.3086236547129729,-0.8169767318548042,-0.8843459226132909,0
-0.8945847664961184,-0.7455666164612783,-0.8976797187360244,1.2358160059586054,-0.8860481012886536,0.6430612782891255,-0.8169767318548042,0.5148994989762825,0
0.8374477879062384,-0.9635227496312496,-1.153804577404957,0.0379687651079706,-0.8860481012886536,-0.943080276714372,1.2240250682901004,1.5643335651684624,0
-0.548178255615647,-0.5820995165838004,-0.3854300013981589,0.2376099719164097,-0.8860481012886536,-0.943080276714372,1.2240250682901004,-0.1847232118185042,0
-0.2017717447351757,1.488483748530927,1.4282108897169852,-0.0285783038281757,-1.4693089940556092,-1.5775368987157707,-0.8169767318548042,0.1650881435788891,0
1.530260809667181,0.6643371199819726,0.6806031941428033,0.5703453165971416,0.2804736842452576,-1.5775368987157707,1.2240250682901004,0.5148994989762825,1
-0.8945847664961184,-0.6161551623916083,-0.7800007296178662,-0.1616724417004685,0.2804736842452576,1.594746211291224,1.2240250682901004,-0.8843459226132909,0
-0.548178255615647,1.747306656670267,1.5112784114474505,1.302363074894752,1.446995469779169,0.6430612782891255,-0.8169767318548042,1.5643335651684624,1
-1.24099127737659,0.6439037324972883,0.7359815419631132,1.302363074894752,-0.8860481012886536,-0.943080276714372,-0.8169767318548042,-0.1847232118185042,0
0.1446347661452956,-1.7740471198570806,-1.631442827355129,-1.093331406806518,1.446995469779169,0.0086046562877266,1.2240250682901004,1.5643335651684624,0
0.1446347661452956,-1.5288464700408628,-1.603753653444974,-0.3613136485089076,0.2804736842452576,1.594746211291224,-0.8169767318548042,-1.2341572780106842,0
1.530260809667181,1.3590722944612557,1.4559000636271406,0.104515834044117,0.8637345770122132,-1.2603085877150713,1.2240250682901004,-0.1847232118185042,1
-0.2017717447351757,1.63151746092372,1.5666567592677605,-0.8271431310619323,-1.4693089940556092,0.6430612782891255,-0.8169767318548042,0.5148994989762825,0
-0.548178255615647,0.5485479242354255,0.8328936506486556,1.502004281703191,1.446995469779169,-0.943080276714372,-0.8169767318548042,0.1650881435788891,1
-0.8945847664961184,1.6791953650546514,1.656646574475763,-0.1616724417004685,-0.8860481012886536,0.960289589289825,-0.8169767318548042,0.8647108543736758,0
-1.24099127737659,0.7392595407591499,0.5767687919797223,0.0379687651079706,-0.8860481012886536,-0.3086236547129729,1.2240250682901004,0.8647108543736758,0
-0.8945847664961184,-1.0384451704084277,-0.7523115557077112,0.5037982476609952,-0.302787208521698,-0.3086236547129729,-0.8169767318548042,0.8647108543736758,0
-0.8945847664961184,0.6779593783050956,0.7429038354406517,0.6368923855332881,1.446995469779169,1.2775179002905246,-0.8169767318548042,0.8647108543736758,0
0.8374477879062384,1.0593826113525455,1.3520656614640596,2.4336632468092403,0.2804736842452576,0.6430612782891255,1.2240250682901004,-0.1847232118185042,1
-0.8945847664961184,-1.2632124327399603,-1.5414530121471255,-0.0951253727643221,0.2804736842452576,-1.2603085877150713,1.2240250682901004,-0.5345345672158975,0
-0.2017717447351757,0.8822932531519441,0.964417226721891,1.0361747991501662,1.446995469779169,-0.3086236547129729,1.2240250682901004,1.5643335651684624,1
-0.2017717447351757,-1.6173911491411634,-1.7214326425631323,-0.0285783038281757,-0.302787208521698,0.3258329672884261,-0.8169767318548042,1.5643335651684624,0
-1.5873977882570611,-1.099745332862482,-0.939213479601257,0.5037982476609952,-1.4693089940556092,1.2775179002905246,-0.8169767318548042,0.5148994989762825,0
-0.2017717447351757,0.855048736505697,0.7290592484855746,0.8365335923417272,-0.302787208521698,-0.6258519657136724,-0.8169767318548042,-0.5345345672158975,1
-0.8945847664961184,1.9175848857093072,1.6843357483859185,-1.492613820423396,-0.302787208521698,-1.2603085877150713,-0.8169767318548042,0.1650881435788891,0
0.491041277025767,0.3918919535195084,0.1129751289846287,-0.7605960621257859,1.446995469779169,-1.2603085877150713,-0.8169767318548042,-0.1847232118185042,0
1.1838542987867098,0.2352359828035918,0.4452452159064869,0.5037982476609952,1.446995469779169,-1.5775368987157707,-0.8169767318548042,0.1650881435788891,0
-1.24099127737659,0.2624804994498383,0.5490796180695681,-0.960237268934225,-0.8860481012886536,-0.3086236547129729,-0.8169767318548042,1.5643335651684624,0
1.1838542987867098,-1.2087233994474675,-1.3614733817311184,0.6368923855332881,-0.8860481012886536,-1.5775368987157707,-0.8169767318548042,-0.1847232118185042,0
1.530260809667181,1.9380182731939928,1.6981803353409957,0.7034394544694345,-1.4693089940556092,-0.6258519657136724,-0.8169767318548042,-0.5345345672158975,0
1.530260809667181,-0.4594991916756911,-0.1362274362067654,1.169268937022459,0.2804736842452576,-0.943080276714372,1.2240250682901004,0.5148994989762825,1
-0.8945847664961184,0.684770507466657,0.5698464985021837,0.8365335923417272,-0.302787208521698,-1.5775368987157707,-0.8169767318548042,-0.8843459226132909,1
-0.2017717447351757,-1.0043895246006198,-1.1676491643600349,0.4372511787248489,-1.4693089940556092,0.0086046562877266,-0.8169767318548042,-0.8843459226132909,0
0.491041277025767,0.725637282436027,0.6667586071877262,0.5037982476609952,-0.302787208521698,1.2775179002905246,1.2240250682901004,-1.2341572780106842,0
1.530260809667181,1.263716486199394,1.1443968571378975,0.3041570408525561,0.8637345770122132,-0.6258519657136724,1.2240250682901004,1.5643335651684624,1
1.530260809667181,0.1262579162186061,0.2306541181027869,-0.6275019242534932,-0.8860481012886536,-0.6258519657136724,-0.8169767318548042,1.214522209771069,0
-0.2017717447351757,1.222849711230024,1.4074440092843694,-0.1616724417004685,0.8637345770122132,-1.2603085877150713,-0.8169767318548042,1.5643335651684624,0
0.491041277025767,-0.6365885498762932,-0.3992745883532366,-0.960237268934225,-1.4693089940556092,-0.6258519657136724,-0.8169767318548042,-0.5345345672158975,0
0.1446347661452956,0.7392595407591499,0.4590898028615641,0.5037982476609952,-0.8860481012886536,-0.6258519657136724,-0.8169767318548042,-0.5345345672158975,0
1.1838542987867098,-1.5969577616564783,-1.5622198925797417,-0.0285783038281757,-1.4693089940556092,-1.2603085877150713,-0.8169767318548042,-0.5345345672158975,0
-0.8945847664961184,-0.6093440332300468,-0.6623217404997079,1.7681925574477764,1.446995469779169,-0.6258519657136724,1.2240250682901004,-1.5839686334080776,0
0.8374477879062384,-1.249590174416837,-1.0638147621969538,-0.427860717445054,0.2804736842452576,1.2775179002905246,-0.8169767318548042,-1.2341572780106842,0
-1.5873977882570611,0.1126356578954832,-0.1362274362067654,1.901286695320069,-1.4693089940556092,0.960289589289825,1.2240250682901004,0.5148994989762825,0
-1.24099127737659,0.4872477617813712,0.3483331072209445,-0.0285783038281757,-0.8860481012886536,-1.5775368987157707,1.2240250682901004,-0.8843459226132909,0
-0.548178255615647,-1.290456949386207,-1.1953383382701896,-1.159878475742664,-0.302787208521698,0.0086046562877266,1.2240250682901004,-0.5345345672158975,0
-1.5873977882570611,0.371458566034824,0.4452452159064869,0.4372511787248489,-0.8860481012886536,1.594746211291224,-0.8169767318548042,0.5148994989762825,0
1.530260809667181,-1.2019122702859062,-1.008436414376644,-0.0951253727643221,-0.302787208521698,-0.943080276714372,1.2240250682901004,-0.8843459226132909,0
-0.2017717447351757,-1.249590174416837,-1.313017327388348,1.2358160059586054,-0.8860481012886536,-1.2603085877150713,1.2240250682901004,0.8647108543736758,0
0.1446347661452956,0.684770507466657,0.8398159441261942,0.7034394544694345,-0.8860481012886536,0.6430612782891255,1.2240250682901004,-0.8843459226132909,0
0.1446347661452956,-1.0725008162162355,-1.008436414376644,1.0361747991501662,-0.8860481012886536,0.3258329672884261,-0.8169767318548042,1.214522209771069,0
-1.5873977882570611,-1.3858127576480692,-1.2299498056578833,-0.0951253727643221,-0.8860481012886536,1.594746211291224,1.2240250682901004,-0.5345345672158975,0
-0.2017717447351757,0.3918919535195084,0.6459917267551105,0.8365335923417272,-1.4693089940556092,0.960289589289825,1.2240250682901004,1.214522209771069,0
-0.8945847664961184,-0.9703338787928112,-1.285328153478193,0.1710629029802634,0.8637345770122132,1.2775179002905246,-0.8169767318548042,1.214522209771069,0
-1.24099127737659,-1.1610454953165363,-1.077659349152031,-0.7605960621257859,-0.8860481012886536,0.3258329672884261,-0.8169767318548042,-0.5345345672158975,0
0.1446347661452956,-1.6037688908180403,-1.285328153478193,-0.0951253727643221,-1.4693089940556092,1.2775179002905246,-0.8169767318548042,0.8647108543736758,0
0.491041277025767,0.5894146992047954,0.3829445746086386,-0.960237268934225,-0.302787208521698,1.2775179002905246,1.2240250682901004,-1.5839686334080776,0
0.1446347661452956,-0.3981990292216368,-0.5930988057243209,-0.3613136485089076,-0.8860481012886536,1.594746211291224,-0.8169767318548042,0.5148994989762825,0
0.1446347661452956,-0.6638330665225397,-0.9807472404664892,0.5703453165971416,1.446995469779169,-0.3086236547129729,1.2240250682901004,1.5643335651684624,0
-1.24099127737659,-0.6774553248456626,-0.9184465991686408,2.234022040000801,-0.8860481012886536,-0.3086236547129729,-0.8169767318548042,0.8647108543736758,0
-1.24099127737659,-0.9362782329850032,-0.7177000883200177,0.3041570408525561,0.2804736842452576,-0.3086236547129729,1.2240250682901004,1.5643335651684624,0
-1.24099127737659,-0.5548549999375539,-0.7453892622301727,1.169268937022459,-0.302787208521698,-0.3086236547129729,-0.8169767318548042,-0.5345345672158975,0
0.8374477879062384,-0.2006762835363504,-0.3923522948756981,0.6368923855332881,0.8637345770122132,0.6430612782891255,-0.8169767318548042,-1.5839686334080776,0
0.1446347661452956,-0.6910775831687861,-0.8630682513483309,-1.093331406806518,1.446995469779169,-0.6258519657136724,1.2240250682901004,-1.2341572780106842,0
1.1838542987867098,0.2965361452576461,0.3621776941760228,0.5037982476609952,-0.8860481012886536,1.594746211291224,-0.8169767318548042,0.5148994989762825,0
-0.2017717447351757,1.604272944277474,1.67741345490838,0.4372511787248489,0.8637345770122132,0.0086046562877266,-0.8169767318548042,-1.2341572780106842,0
-0.2017717447351757,-0.7251332289765939,-0.9599803600338728,0.4372511787248489,-0.302787208521698,1.2775179002905246,-0.8169767318548042,1.214522209771069,0
1.1838542987867098,1.9925073064864856,1.7051026288185342,-1.3595196825511031,1.446995469779169,-1.2603085877150713,-0.8169767318548042,-1.5839686334080776,1
1.1838542987867098,0.8482376073441356,0.9505726397668138,-0.2282195106366148,-0.302787208521698,-0.943080276714372,1.2240250682901004,-1.5839686334080776,1
-1.24099127737659,-0.513988224968184,-0.8076899035280211,0.96962773021402,-0.8860481012886536,-0.6258519657136724,-0.8169767318548042,0.8647108543736758,0
-0.2017717447351757,1.29096100284564,1.3520656614640596,-0.8936901999980786,-1.4693089940556092,0.0086046562877266,-0.8169767318548042,-0.5345345672158975,0
1.1838542987867098,0.0649577537645518,0.2237318246252483,-1.2264255446788106,-0.8860481012886536,0.960289589289825,1.2240250682901004,1.5643335651684624,0
-0.548178255615647,-1.406246145132754,-1.5968313599674349,-1.2264255446788106,0.8637345770122132,-0.3086236547129729,1.2240250682901004,-1.5839686334080776,0
-0.2017717447351757,0.2079914661573454,0.0645190746418575,0.3041570408525561,1.446995469779169,-0.943080276714372,-0.8169767318548042,1.214522209771069,0
0.491041277025767,1.3045832611687629,1.0613293354074331,0.104515834044117,-0.302787208521698,-0.943080276714372,-0.8169767318548042,-1.2341572780106842,0
1.530260809667181,-0.0440203128204338,-0.2954401861901556,2.6998515225538258,-0.8860481012886536,0.6430612782891255,-0.8169767318548042,1.5643335651684624,0
0.1446347661452956,-1.120178720347167,-1.1399599904498798,0.2376099719164097,-0.302787208521698,-1.2603085877150713,-0.8169767318548042,0.8647108543736758,0
-0.8945847664961184,1.747306656670267,1.5389675853576048,0.9030806612778736,0.2804736842452576,-1.2603085877150713,-0.8169767318548042,-1.5839686334080776,1
-1.24099127737659,1.093438257160354,1.1097853897502046,1.2358160059586054,0.8637345770122132,0.6430612782891255,1.2240250682901004,1.214522209771069,1
-0.2017717447351757,1.236471969553147,1.483589237537295,0.5037982476609952,-1.4693089940556092,1.2775179002905246,1.2240250682901004,-1.5839686334080776,0
1.530260809667181,1.1887940654222156,0.8744274115138883,-0.8271431310619323,0.8637345770122132,0.960289589289825,1.2240250682901004,0.1650881435788891,1
-0.548178255615647,-0.4390658041910067,-0.7869230230954047,-1.2264255446788106,0.8637345770122132,-1.2603085877150713,1.2240250682901004,-1.5839686334080776,0
-0.548178255615647,0.0717688829261132,0.1475865963723222,-0.6940489931896395,-1.4693089940556092,-0.6258519657136724,1.2240250682901004,0.5148994989762825,0
-1.5873977882570611,0.6030369575279183,0.6113802593674164,2.167474971064655,-0.8860481012886536,-0.3086236547129729,1.2240250682901004,1.5643335651684624,0
1.1838542987867098,0.8073708323747668,0.5560019115471065,0.2376099719164097,0.8637345770122132,-1.5775368987157707,-0.8169767318548042,-1.5839686334080776,1
-0.8945847664961184,1.2160385820684627,1.4559000636271406,1.9678337642562156,0.8637345770122132,0.6430612782891255,-0.8169767318548042,-1.2341572780106842,1
0.8374477879062384,1.488483748530927,1.6981803353409957,0.8365335923417272,-0.302787208521698,0.0086046562877266,-0.8169767318548042,-1.5839686334080776,1
-0.548178255615647,1.0185158363831757,1.137474563660359,0.4372511787248489,-1.4693089940556092,0.960289589289825,1.2240250682901004,1.214522209771069,0
-1.24099127737659,0.5213034075891797,0.8052044767385002,-1.8918962340402743,-0.302787208521698,-0.3086236547129729,-0.8169767318548042,0.5148994989762825,0
1.1838542987867098,-1.51522421171774,-1.6660542947428223,-0.5609548553173468,-0.8860481012886536,-1.2603085877150713,-0.8169767318548042,-1.5839686334080776,0
-0.548178255615647,0.2216137244804689,0.0160630202990862,-0.8271431310619323,1.446995469779169,0.3258329672884261,-0.8169767318548042,-0.8843459226132909,0
0.491041277025767,-1.1814788828012213,-1.1261154034948022,-0.960237268934225,-0.302787208521698,-1.2603085877150713,-0.8169767318548042,-1.5839686334080776,0
-0.2017717447351757,-0.0303980544973103,-0.2746733057575399,1.70164548851163,1.446995469779169,1.594746211291224,1.2240250682901004,0.5148994989762825,0
-1.24099127737659,-0.6161551623916083,-0.420041468785853,-0.427860717445054,-0.302787208521698,-1.5775368987157707,1.2240250682901004,-1.5839686334080776,0
1.530260809667181,-0.2347319293441582,0.0506744876867803,-0.960237268934225,1.446995469779169,-0.943080276714372,-0.8169767318548042,-0.5345345672158975,0
-0.8945847664961184,-0.0780759586282417,-0.3854300013981589,0.3041570408525561,-1.4693089940556092,0.0086046562877266,-0.8169767318548042,0.5148994989762825,0
0.8374477879062384,0.9027266406366284,0.8675051180363484,-0.0951253727643221,0.8637345770122132,0.3258329672884261,1.2240250682901004,-1.2341572780106842,1
0.8374477879062384,-1.5084130825561777,-1.403007142596351,0.5037982476609952,-0.8860481012886536,-0.3086236547129729,1.2240250682901004,-0.5345345672158975,0
-0.8945847664961184,1.4680503610462414,1.2620758462560555,-0.3613136485089076,0.8637345770122132,0.960289589289825,-0.8169767318548042,-1.5839686334080776,0
-0.548178255615647,0.6575259908204112,0.7013700745754203,2.034380833192362,-0.302787208521698,-1.2603085877150713,1.2240250682901004,0.5148994989762825,1
0.8374477879062384,1.3590722944612557,1.5389675853576048,-0.5609548553173468,-0.8860481012886536,-1.5775368987157707,1.2240250682901004,1.5643335651684624,0
-0.548178255615647,-0.5616661290991154,-0.5238758709489334,-1.159878475742664,0.8637345770122132,-0.3086236547129729,-0.8169767318548042,-1.5839686334080776,0
-0.548178255615647,1.0389492238678613,1.3312987810314438,-1.825349165104128,-1.4693089940556092,-0.6258519657136724,-0.8169767318548042,0.8647108543736758,0
-0.2017717447351757,-1.3721904993249463,-1.5137638382369707,0.6368923855332881,0.8637345770122132,-1.5775368987157707,1.2240250682901004,1.214522209771069,0
-0.548178255615647,-1.5288464700408628,-1.4514631969391218,-0.4944077863812003,-0.302787208521698,0.960289589289825,-0.8169767318548042,0.1650881435788891,0
-1.5873977882570611,-1.1951011411243442,-1.4653077838941997,0.5037982476609952,0.2804736842452576,1.2775179002905246,-0.8169767318548042,1.5643335651684624,0
1.530260809667181,-0.5889106457453619,-0.6969332078874014,-1.5591608893595423,-0.8860481012886536,-0.943080276714372,-0.8169767318548042,1.5643335651684624,0
0.1446347661452956,1.1343050321297228,1.4351331831945238,1.0361747991501662,1.446995469779169,-0.3086236547129729,-0.8169767318548042,-1.2341572780106842,1
1.1838542987867098,1.236471969553147,1.3036096071212884,-0.4944077863812003,0.2804736842452576,1.2775179002905246,-0.8169767318548042,-0.5345345672158975,1
-1.24099127737659,0.6779593783050956,0.8813497049914268,0.104515834044117,1.446995469779169,-0.6258519657136724,-0.8169767318548042,-1.2341572780106842,0
0.1446347661452956,-1.031634041246866,-0.9253688926461792,-1.5591608893595423,0.2804736842452576,1.594746211291224,1.2240250682901004,0.8647108543736758,0
1.530260809667181,0.3578363077117011,0.6806031941428033,1.901286695320069,-0.302787208521698,1.594746211291224,-0.8169767318548042,-0.5345345672158975,1
0.8374477879062384,-0.6774553248456626,-0.3854300013981589,-0.5609548553173468,-0.302787208521698,0.0086046562877266,1.2240250682901004,0.5148994989762825,0
-1.24099127737659,-0.0440203128204338,-0.3508185340104654,-0.6940489931896395,-1.4693089940556092,0.3258329672884261,1.2240250682901004,-1.5839686334080776,0
1.1838542987867098,-0.2483541876672818,0.0506744876867803,1.9678337642562156,0.8637345770122132,0.6430612782891255,-0.8169767318548042,-1.2341572780106842,1
0.491041277025767,-0.7115109706534705,-0.9945918274215668,-0.6940489931896395,-0.8860481012886536,1.594746211291224,-0.8169767318548042,-0.8843459226132909,0
0.8374477879062384,1.6723842358930898,1.5735790527452989,0.6368923855332881,-1.4693089940556092,-1.5775368987157707,1.2240250682901004,-1.5839686334080776,0
1.530260809667181,0.684770507466657,0.6944477810978805,0.5037982476609952,0.2804736842452576,1.2775179002905246,1.2240250682901004,1.5643335651684624,1
-0.2017717447351757,0.9299711572828756,0.7636707158732686,1.102721868086313,0.2804736842452576,-0.6258519657136724,-0.8169767318548042,-0.8843459226132909,1
1.1838542987867098,-0.1189427335976111,-0.2954401861901556,-1.159878475742664,1.446995469779169,-0.3086236547129729,-0.8169767318548042,-1.2341572780106842,0
-0.548178255615647,0.1466913037032911,-0.0808490883864555,0.1710629029802634,-0.8860481012886536,0.0086046562877266,-0.8169767318548042,-1.2341572780106842,0
1.530260809667181,0.1943692078342225,0.3137216398332516,-0.4944077863812003,-0.8860481012886536,1.2775179002905246,-0.8169767318548042,-0.5345345672158975,0
-0.2017717447351757,-0.6093440332300468,-0.911524305691102,-0.1616724417004685,0.2804736842452576,0.6430612782891255,-0.8169767318548042,0.8647108543736758,0
-0.548178255615647,0.7869374448900813,0.5144681506818739,-1.3595196825511031,0.2804736842452576,-0.943080276714372,-0.8169767318548042,0.5148994989762825,0
0.1446347661452956,1.815417948285883,1.552812172312682,-1.159878475742664,1.446995469779169,0.960289589289825,1.2240250682901004,1.5643335651684624,0
-1.5873977882570611,-1.079311945377797,-1.0915039361071086,-1.2264255446788106,0.8637345770122132,-1.2603085877150713,-0.8169767318548042,-0.5345345672158975,0
-0.548178255615647,0.6983927657897812,0.7359815419631132,0.5037982476609952,-0.8860481012886536,0.0086046562877266,1.2240250682901004,0.1650881435788891,0
-0.548178255615647,-1.2019122702859062,-1.4514631969391218,-0.2282195106366148,-0.8860481012886536,-1.5775368987157707,-0.8169767318548042,-0.1847232118185042,0
-0.2017717447351757,-0.2483541876672818,-0.1431497296843039,0.2376099719164097,-1.4693089940556092,0.3258329672884261,1.2240250682901004,-0.8843459226132909,0
0.8374477879062384,1.427183586076873,1.6497242809982244,-0.3613136485089076,-0.302787208521698,0.6430612782891255,-0.8169767318548042,1.5643335651684624,1
-1.24099127737659,-0.3164654792828976,-0.5654096318141661,-0.1616724417004685,0.8637345770122132,-0.943080276714372,1.2240250682901004,-0.8843459226132909,0
-0.8945847664961184,0.3442140493885769,0.3552554006984843,-0.6275019242534932,0.2804736842452576,1.594746211291224,-0.8169767318548042,-1.5839686334080776,0
1.1838542987867098,0.6575259908204112,0.4452452159064869,-1.4260667514872496,0.2804736842452576,0.960289589289825,-0.8169767318548042,-1.2341572780106842,1
1.1838542987867098,-1.6037688908180403,-1.5829867730123577,1.102721868086313,0.2804736842452576,-0.6258519657136724,1.2240250682901004,0.1650881435788891,1
-0.2017717447351757,-0.3368988667675825,-0.6484771535446308,-0.8271431310619323,-0.302787208521698,-1.2603085877150713,1.2240250682901004,0.5148994989762825,0
-1.5873977882570611,0.0377132371183054,0.0022184333440091,1.6350984195754836,-0.8860481012886536,-1.2603085877150713,-0.8169767318548042,0.1650881435788891,0
1.1838542987867098,1.1002493863219156,1.3520656614640596,-0.1616724417004685,0.8637345770122132,0.3258329672884261,-0.8169767318548042,-0.1847232118185042,1
-0.548178255615647,-0.9022225871771956,-0.8630682513483309,1.3689101438308982,0.2804736842452576,-1.2603085877150713,-0.8169767318548042,0.5148994989762825,0
-0.8945847664961184,0.2079914661573454,0.4175560419963326,-0.4944077863812003,1.446995469779169,-0.943080276714372,1.2240250682901004,-0.1847232118185042,0
-0.2017717447351757,-0.4594991916756911,-0.3577408274880046,-0.1616724417004685,-1.4693089940556092,0.3258329672884261,1.2240250682901004,0.5148994989762825,0
-0.548178255615647,-0.4050101583831983,-0.3508185340104654,-0.0951253727643221,0.8637345770122132,0.6430612782891255,1.2240250682901004,1.214522209771069,0
-0.8945847664961184,-1.2836458202246448,-1.4653077838941997,-2.3577257165932988,0.2804736842452576,0.6430612782891255,1.2240250682901004,0.1650881435788891,0
-1.5873977882570611,-0.704699841491909,-0.4408083492184687,-0.0285783038281757,1.446995469779169,0.0086046562877266,1.2240250682901004,0.1650881435788891,0
-0.8945847664961184,1.5838395567927883,1.4351331831945238,1.102721868086313,0.2804736842452576,0.0086046562877266,-0.8169767318548042,1.214522209771069,1
1.1838542987867098,-0.7523777456228404,-0.9322911861237178,-0.4944077863812003,0.2804736842452576,1.2775179002905246,-0.8169767318548042,0.1650881435788891,0
-0.548178255615647,1.277338744522517,1.5735790527452989,-0.2282195106366148,0.2804736842452576,0.0086046562877266,-0.8169767318548042,1.214522209771069,0
-1.5873977882570611,0.9708379322522456,1.1305522701828203,-1.5591608893595423,-1.4693089940556092,1.594746211291224,-0.8169767318548042,0.8647108543736758,0
-1.5873977882570611,0.3782696951963855,0.133742009417245,-0.5609548553173468,0.2804736842452576,-1.5775368987157707,1.2240250682901004,1.214522209771069,0
1.1838542987867098,-0.5480438707759919,-0.7523115557077112,0.9030806612778736,0.2804736842452576,-1.2603085877150713,1.2240250682901004,1.214522209771069,1
1.530260809667181,0.5689813117201099,0.2583432920129418,0.5703453165971416,-0.302787208521698,0.6430612782891255,1.2240250682901004,-0.5345345672158975,1
1.1838542987867098,-0.0303980544973103,-0.0808490883864555,-0.1616724417004685,-0.302787208521698,1.2775179002905246,-0.8169767318548042,0.5148994989762825,0
-0.548178255615647,0.0785800120876753,0.2998770528781739,0.6368923855332881,1.446995469779169,-1.2603085877150713,-0.8169767318548042,-1.5839686334080776,0
1.1838542987867098,-2.012436640511736,-1.7421995229957483,1.5685513506393374,1.446995469779169,-0.943080276714372,1.2240250682901004,-0.8843459226132909,1
0.8374477879062384,0.7937485740516428,1.1305522701828203,-1.8918962340402743,0.8637345770122132,-1.5775368987157707,1.2240250682901004,-0.5345345672158975,1
0.8374477879062384,-0.8000556497537712,-0.6207879796344759,1.5685513506393374,-1.4693089940556092,0.0086046562877266,-0.8169767318548042,0.5148994989762825,0
1.1838542987867098,-0.9771450079543732,-0.8907574252584858,0.8365335923417272,0.8637345770122132,-1.2603085877150713,-0.8169767318548042,-0.5345345672158975,1
-1.24099127737659,0.2011803369957839,0.1129751289846287,1.8347396263839229,0.8637345770122132,0.6430612782891255,-0.8169767318548042,1.5643335651684624,0
-1.24099127737659,-0.929467103823442,-1.223027512180345,0.7699865234055808,-0.302787208521698,-0.943080276714372,-0.8169767318548042,0.1650881435788891,0
1.530260809667181,1.222849711230024,1.275920433211134,-0.0951253727643221,-0.302787208521698,-0.6258519657136724,-0.8169767318548042,-1.5839686334080776,1
-0.8945847664961184,0.6439037324972883,0.7359815419631132,0.7034394544694345,0.8637345770122132,0.0086046562877266,-0.8169767318548042,-0.1847232118185042,0
0.8374477879062384,-1.2768346910630834,-1.112270816539725,-0.5609548553173468,0.8637345770122132,1.2775179002905246,-0.8169767318548042,-0.5345345672158975,0
0.491041277025767,0.330591791065454,0.0852859550744738,1.901286695320069,-1.4693089940556092,0.3258329672884261,1.2240250682901004,0.1650881435788891,0
-0.548178255615647,-0.139376121082296,-0.2400618383698458,1.4354572127670446,0.2804736842452576,-0.943080276714372,1.2240250682901004,-0.5345345672158975,0
0.491041277025767,0.3850808243579469,0.4037114550412543,0.8365335923417272,1.446995469779169,-0.6258519657136724,-0.8169767318548042,-0.5345345672158975,1
-1.5873977882570611,1.2705276153609557,1.1097853897502046,0.5703453165971416,1.446995469779169,-1.5775368987157707,-0.8169767318548042,-0.8843459226132909,0
-0.548178255615647,-0.7660000039459633,-1.008436414376644,1.2358160059586054,-0.302787208521698,-0.6258519657136724,-0.8169767318548042,-0.5345345672158975,0
-0.548178255615647,-1.270023561901522,-1.0568924687194152,0.0379687651079706,-0.302787208521698,-0.6258519657136724,-0.8169767318548042,0.8647108543736758,0
0.1446347661452956,1.4952948776924884,1.310531900598827,-0.8936901999980786,1.446995469779169,0.0086046562877266,-0.8169767318548042,0.5148994989762825,0
0.491041277025767,-0.8477335538847026,-0.966902653511412,-0.2282195106366148,-0.302787208521698,-0.3086236547129729,1.2240250682901004,1.214522209771069,0
-1.5873977882570611,1.71325101086246,1.4697446505822178,0.9030806612778736,0.8637345770122132,0.3258329672884261,-0.8169767318548042,-0.1847232118185042,1
-0.2017717447351757,0.0172798496336204,0.0783636615969352,1.3689101438308982,-1.4693089940556092,-1.2603085877150713,-0.8169767318548042,-1.5839686334080776,0
1.530260809667181,-0.6910775831687861,-0.5654096318141661,-0.0285783038281757,0.2804736842452576,0.0086046562877266,1.2240250682901004,-0.8843459226132909,0
-1.5873977882570611,-1.5288464700408628,-1.5552975991022029,-0.8936901999980786,0.8637345770122132,0.3258329672884261,-0.8169767318548042,1.214522209771069,0
-1.24099127737659,0.8073708323747668,0.9021165854240426,0.7699865234055808,-0.8860481012886536,1.2775179002905246,-0.8169767318548042,0.5148994989762825,0
-0.2017717447351757,-1.3858127576480692,-1.1953383382701896,-1.093331406806518,0.8637345770122132,-1.5775368987157707,-0.8169767318548042,-0.5345345672158975,0
-1.5873977882570611,-1.215534528609029,-1.3337842078209636,0.7699865234055808,-1.4693089940556092,-1.5775368987157707,1.2240250682901004,-0.5345345672158975,0
-1.24099127737659,0.0513354954414289,-0.0323930340436843,1.7681925574477764,0.8637345770122132,0.6430612782891255,1.2240250682901004,1.214522209771069,0
0.8374477879062384,1.2092274529069011,1.504356117969912,-0.6940489931896395,1.446995469779169,1.2775179002905246,-0.8169767318548042,1.5643335651684624,1
-0.8945847664961184,0.2420471119651533,0.3829445746086386,-0.1616724417004685,0.8637345770122132,0.0086046562877266,1.2240250682901004,-0.8843459226132909,0
0.8374477879062384,0.7324484115975884,0.6875254876203419,-1.093331406806518,0.2804736842452576,0.6430612782891255,1.2240250682901004,0.1650881435788891,1
1.1838542987867098,0.1330690453801682,0.0783636615969352,1.6350984195754836,0.8637345770122132,0.960289589289825,-0.8169767318548042,-0.8843459226132909,1
0.1446347661452956,0.2829138869345232,0.2929547594006353,0.7699865234055808,-1.4693089940556092,-0.3086236547129729,1.2240250682901004,-0.1847232118185042,0
-0.8945847664961184,0.7188261532744655,0.8328936506486556,-1.5591608893595423,-0.302787208521698,-0.3086236547129729,1.2240250682901004,-0.5345345672158975,0
1.1838542987867098,0.514492278427617,0.5006235637267967,0.6368923855332881,1.446995469779169,-1.2603085877150713,-0.8169767318548042,-0.8843459226132909,1
-1.24099127737659,1.7064398817008972,1.67049116143084,-0.0951253727643221,1.446995469779169,-0.943080276714372,1.2240250682901004,-0.1847232118185042,0
0.491041277025767,1.07981599883723,1.2828427266886726,0.3041570408525561,0.8637345770122132,1.2775179002905246,1.2240250682901004,-1.5839686334080776,0
-0.8945847664961184,-1.9170808322498745,-1.6868211751754387,-1.0267843378703714,-1.4693089940556092,0.3258329672884261,1.2240250682901004,1.5643335651684624,0
-1.24099127737659,0.1398801745417296,0.029907607254164,-1.5591608893595423,-0.302787208521698,0.6430612782891255,1.2240250682901004,-1.2341572780106842,0
0.491041277025767,1.066193740514107,1.2828427266886726,0.3707041097887025,0.8637345770122132,0.960289589289825,-0.8169767318548042,-0.5345345672158975,0
1.1838542987867098,-0.2824098334750897,-0.6277102731120144,-1.3595196825511031,-1.4693089940556092,-0.3086236547129729,-0.8169767318548042,1.5643335651684624,0
1.530260809667181,1.4680503610462414,1.199775204958207,0.7699865234055808,-0.8860481012886536,0.6430612782891255,-0.8169767318548042,1.5643335651684624,1
0.1446347661452956,-1.2087233994474675,-0.9322911861237178,-0.1616724417004685,0.2804736842452576,0.6430612782891255,-0.8169767318548042,0.5148994989762825,0
0.8374477879062384,1.46123923188468,1.67741345490838,-0.5609548553173468,1.446995469779169,0.960289589289825,-0.8169767318548042,-1.2341572780106842,1
-1.24099127737659,-0.9567116204696884,-0.6623217404997079,1.70164548851163,-1.4693089940556092,0.960289589289825,1.2240250682901004,-0.1847232118185042,0
-0.2017717447351757,-0.4458769333525682,-0.2331395448923072,-0.960237268934225,0.2804736842452576,1.594746211291224,-0.8169767318548042,-0.8843459226132909,0
0.491041277025767,1.236471969553147,1.275920433211134,-0.0951253727643221,0.2804736842452576,-1.5775368987157707,-0.8169767318548042,0.8647108543736758,0
1.530260809667181,-1.440301790940562,-1.4445409034615833,-2.8901022680824697,1.446995469779169,-0.943080276714372,-0.8169767318548042,-0.5345345672158975,0
0.491041277025767,-1.6514467949489713,-1.4445409034615833,0.5037982476609952,1.446995469779169,-0.6258519657136724,1.2240250682901004,1.5643335651684624,0
0.8374477879062384,0.9163488989597526,0.9367280528117368,-1.2264255446788106,0.8637345770122132,-0.943080276714372,1.2240250682901004,0.1650881435788891,1
1.1838542987867098,-1.0112006537621812,-1.1745714578375734,-0.2282195106366148,0.2804736842452576,1.594746211291224,1.2240250682901004,0.8647108543736758,0
-1.5873977882570611,0.3033472744192082,0.1060528355070901,0.104515834044117,0.2804736842452576,-0.6258519657136724,-0.8169767318548042,1.214522209771069,0
0.1446347661452956,-0.8886003288540719,-0.7800007296178662,1.169268937022459,-0.302787208521698,0.3258329672884261,-0.8169767318548042,0.5148994989762825,0
-0.2017717447351757,0.1943692078342225,0.5006235637267967,0.1710629029802634,-0.8860481012886536,-0.6258519657136724,1.2240250682901004,-1.5839686334080776,0
-1.24099127737659,0.2216137244804689,0.4452452159064869,1.302363074894752,0.2804736842452576,-0.3086236547129729,-0.8169767318548042,1.5643335651684624,0
1.1838542987867098,-0.7591888747844019,-0.4961866970387785,0.3707041097887025,0.8637345770122132,1.594746211291224,1.2240250682901004,-0.5345345672158975,0
-0.8945847664961184,-1.113367591185605,-1.0292032948092602,1.302363074894752,-1.4693089940556092,-0.3086236547129729,-0.8169767318548042,-0.5345345672158975,0
-0.8945847664961184,-1.113367591185605,-1.3545510882535798,0.1710629029802634,-0.8860481012886536,0.0086046562877266,1.2240250682901004,-0.1847232118185042,0
0.8374477879062384,1.1547384196144084,1.4974338244923722,-1.492613820423396,-0.302787208521698,-0.6258519657136724,-0.8169767318548042,-1.5839686334080776,1
0.491041277025767,0.7052038949513426,0.6390694332775719,-0.8271431310619323,-1.4693089940556092,1.2775179002905246,1.2240250682901004,-0.1847232118185042,0
-0.2017717447351757,-0.8545446830462641,-0.8976797187360244,1.8347396263839229,-1.4693089940556092,-0.943080276714372,1.2240250682901004,0.5148994989762825,0
-0.8945847664961184,1.447616973561557,1.4074440092843694,-0.6275019242534932,0.8637345770122132,0.3258329672884261,-0.8169767318548042,0.8647108543736758,0
0.1446347661452956,-1.0861230745393584,-1.3822402621637349,0.2376099719164097,0.2804736842452576,0.0086046562877266,1.2240250682901004,1.5643335651684624,0
-0.8945847664961184,0.7801263157285199,0.5352350311144909,-0.427860717445054,-0.302787208521698,-0.3086236547129729,-0.8169767318548042,0.1650881435788891,0
0.1446347661452956,1.277338744522517,1.518200704924989,0.9030806612778736,-0.302787208521698,-0.943080276714372,-0.8169767318548042,-0.8843459226132909,1
0.1446347661452956,-0.6365885498762932,-0.7315446752750949,0.6368923855332881,0.8637345770122132,1.594746211291224,-0.8169767318548042,0.1650881435788891,0
1.1838542987867098,0.5621701825585484,0.722136955008036,0.7034394544694345,0.2804736842452576,-0.3086236547129729,-0.8169767318548042,-0.8843459226132909,1
-1.24099127737659,-1.801291636503327,-1.5829867730123577,0.2376099719164097,-1.4693089940556092,0.960289589289825,-0.8169767318548042,1.5643335651684624,0
-1.24099127737659,1.3931279402690642,1.3036096071212884,-0.5609548553173468,1.446995469779169,-1.2603085877150713,1.2240250682901004,-0.5345345672158975,0
1.1838542987867098,-1.0861230745393584,-1.0015141208991054,1.2358160059586054,-0.8860481012886536,0.960289589289825,-0.8169767318548042,-1.2341572780106842,0
1.530260809667181,-0.4731214499988146,-0.5584873383366269,0.6368923855332881,0.2804736842452576,1.2775179002905246,1.2240250682901004,0.8647108543736758,0
-1.5873977882570611,0.0104687204720589,-0.2677510122800007,0.104515834044117,-1.4693089940556092,-0.3086236547129729,-0.8169767318548042,-0.5345345672158975,0
0.491041277025767,1.0389492238678613,0.7705930093508072,0.6368923855332881,0.8637345770122132,-0.943080276714372,1.2240250682901004,0.5148994989762825,0
0.1446347661452956,-0.8341112955615797,-0.5100312839938563,-1.0267843378703714,1.446995469779169,0.6430612782891255,-0.8169767318548042,-0.8843459226132909,0
0.8374477879062384,0.1535024328648525,0.4175560419963326,-0.7605960621257859,0.2804736842452576,0.960289589289825,1.2240250682901004,1.5643335651684624,0
0.8374477879062384,1.2705276153609557,1.0405624549748165,0.3707041097887025,0.2804736842452576,1.594746211291224,1.2240250682901004,0.1650881435788891,1
-0.8945847664961184,0.752881799082274,0.9436503462892752,-1.9584433029764208,0.2804736842452576,0.960289589289825,-0.8169767318548042,0.1650881435788891,0
-0.2017717447351757,-1.624202278302725,-1.7214326425631323,-0.1616724417004685,-0.8860481012886536,1.2775179002905246,-0.8169767318548042,0.8647108543736758,0
0.1446347661452956,0.5349256659123026,0.272187878968019,-0.0285783038281757,0.2804736842452576,-1.2603085877150713,-0.8169767318548042,-0.8843459226132909,0
-0.2017717447351757,0.9776490614138068,0.81212677021604,0.6368923855332881,-0.302787208521698,-1.2603085877150713,1.2240250682901004,1.214522209771069,0
1.530260809667181,-1.1269898495087285,-0.9530580665563342,1.0361747991501662,0.8637345770122132,0.3258329672884261,1.2240250682901004,1.214522209771069,1
1.530260809667181,0.895915511475067,0.9436503462892752,-0.2282195106366148,-0.8860481012886536,-0.3086236547129729,-0.8169767318548042,0.8647108543736758,0
0.8374477879062384,-1.3313237243555762,-1.4237740230289668,-0.960237268934225,0.2804736842452576,1.2775179002905246,-0.8169767318548042,0.8647108543736758,0
1.530260809667181,1.5429727818234198,1.4697446505822178,0.7034394544694345,-0.8860481012886536,-0.6258519657136724,-0.8169767318548042,1.5643335651684624,0
0.8374477879062384,-1.8149138948264496,-1.693743468652977,1.0361747991501662,1.446995469779169,-1.2603085877150713,-0.8169767318548042,0.5148994989762825,1
1.530260809667181,0.2011803369957839,0.133742009417245,-0.3613136485089076,0.2804736842452576,-0.943080276714372,-0.8169767318548042,0.5148994989762825,0
0.8374477879062384,-0.2892209626366511,-0.2331395448923072,-0.6275019242534932,0.8637345770122132,-0.943080276714372,-0.8169767318548042,-0.5345345672158975,0
0.491041277025767,0.9027266406366284,0.7359815419631132,-1.5591608893595423,-0.8860481012886536,1.594746211291224,-0.8169767318548042,-0.1847232118185042,0
1.1838542987867098,-0.4594991916756911,-0.6277102731120144,1.6350984195754836,-0.8860481012886536,0.6430612782891255,1.2240250682901004,0.8647108543736758,0
-0.548178255615647,1.6996287525393357,1.4697446505822178,-0.0951253727643221,1.446995469779169,-1.5775368987157707,-0.8169767318548042,-1.5839686334080776,0
-0.8945847664961184,0.2488582411267153,0.5560019115471065,0.8365335923417272,1.446995469779169,0.6430612782891255,1.2240250682901004,0.8647108543736758,0
1.530260809667181,-0.8681669413693875,-1.08458164262957,-0.8936901999980786,-1.4693089940556092,-0.943080276714372,1.2240250682901004,1.214522209771069,0
0.1446347661452956,0.5213034075891797,0.5906133789348007,-0.0285783038281757,0.2804736842452576,-1.2603085877150713,1.2240250682901004,0.1650881435788891,0
-0.2017717447351757,-1.0384451704084277,-0.8146121970055596,0.7034394544694345,0.2804736842452576,-0.943080276714372,-0.8169767318548042,0.5148994989762825,0
1.1838542987867098,1.6110840734390357,1.4005217158068308,0.8365335923417272,0.8637345770122132,1.2775179002905246,1.2240250682901004,0.5148994989762825,1
0.491041277025767,-0.5480438707759919,-0.246984131847385,-1.692255027231835,-0.302787208521698,-1.2603085877150713,-0.8169767318548042,-0.1847232118185042,0
-0.548178255615647,0.1739358203495375,0.3483331072209445,-1.0267843378703714,-0.8860481012886536,1.2775179002905246,1.2240250682901004,-1.5839686334080776,0
-0.8945847664961184,0.371458566034824,0.1406643028947836,-0.8936901999980786,-1.4693089940556092,1.2775179002905246,1.2240250682901004,-1.2341572780106842,0
0.8374477879062384,0.8618598656672597,1.1236299767052818,-1.2929726136149569,0.8637345770122132,0.3258329672884261,-0.8169767318548042,-0.1847232118185042,1
0.1446347661452956,0.8414264781825741,1.0751739223625103,-0.8936901999980786,0.8637345770122132,1.2775179002905246,-0.8169767318548042,-0.1847232118185042,0
-0.8945847664961184,-0.0644537003051182,0.2237318246252483,0.5703453165971416,-0.302787208521698,-1.5775368987157707,-0.8169767318548042,-1.2341572780106842,0
1.530260809667181,-1.2564013035783983,-1.0015141208991054,1.3689101438308982,-0.8860481012886536,0.6430612782891255,1.2240250682901004,0.5148994989762825,0
0.1446347661452956,-1.1406121078318512,-1.0361255882867988,-0.6940489931896395,0.2804736842452576,-0.943080276714372,-0.8169767318548042,-1.5839686334080776,0
0.8374477879062384,1.3250166486534485,1.504356117969912,0.3707041097887025,0.8637345770122132,-1.5775368987157707,-0.8169767318548042,-0.5345345672158975,1
-0.548178255615647,-0.4390658041910067,-0.766156142662789,-0.6275019242534932,-0.302787208521698,1.594746211291224,1.2240250682901004,1.214522209771069,0
1.1838542987867098,-2.02605889883486,-1.7491218164732871,-0.0285783038281757,0.8637345770122132,-1.5775368987157707,1.2240250682901004,-0.1847232118185042,0
0.491041277025767,-0.6706441956841012,-0.4823421100837013,0.4372511787248489,-0.8860481012886536,0.3258329672884261,-0.8169767318548042,-0.1847232118185042,0
1.1838542987867098,0.6439037324972883,0.7567484223957301,1.2358160059586054,1.446995469779169,-0.3086236547129729,1.2240250682901004,0.8647108543736758,1
-0.2017717447351757,0.1330690453801682,0.3483331072209445,0.4372511787248489,0.2804736842452576,-0.943080276714372,1.2240250682901004,1.5643335651684624,0
0.8374477879062384,1.5089171360156113,1.4628223571046792,0.104515834044117,0.2804736842452576,-1.2603085877150713,-0.8169767318548042,-1.5839686334080776,1
1.1838542987867098,-1.4811685659099314,-1.3614733817311184,-1.0267843378703714,-0.8860481012886536,0.0086046562877266,1.2240250682901004,-0.1847232118185042,0
1.1838542987867098,-1.0725008162162355,-0.7869230230954047,-1.492613820423396,0.2804736842452576,-0.3086236547129729,-0.8169767318548042,0.8647108543736758,0
-0.8945847664961184,0.180746949511099,0.3621776941760228,0.104515834044117,-0.302787208521698,0.3258329672884261,-0.8169767318548042,0.1650881435788891,0
-1.5873977882570611,-0.4322546750294447,-0.6207879796344759,-0.2282195106366148,-1.4693089940556092,-0.6258519657136724,1.2240250682901004,-0.5345345672158975,0
0.491041277025767,-0.2687875751519668,-0.2815955992350785,0.2376099719164097,0.8637345770122132,-1.5775368987157707,-0.8169767318548042,-0.1847232118185042,0
0.491041277025767,-1.2972680785477684,-1.008436414376644,0.3041570408525561,-0.8860481012886536,1.2775179002905246,-0.8169767318548042,1.5643335651684624,0
1.530260809667181,-1.0112006537621812,-1.0292032948092602,0.5703453165971416,-1.4693089940556092,0.3258329672884261,-0.8169767318548042,-1.5839686334080776,0
0.8374477879062384,-0.0780759586282417,0.2306541181027869,-0.0285783038281757,-1.4693089940556092,-0.6258519657136724,-0.8169767318548042,0.5148994989762825,0
1.1838542987867098,1.3454500361381327,1.414366302761908,-0.2947665795727612,-1.4693089940556092,0.3258329672884261,-0.8169767318548042,1.214522209771069,0
-0.8945847664961184,-1.3108903368708913,-1.3337842078209636,1.169268937022459,-0.8860481012886536,-0.3086236547129729,1.2240250682901004,-1.5839686334080776,0
0.491041277025767,-0.3709545125753904,-0.3092847731452334,-1.8918962340402743,0.2804736842452576,-1.5775368987157707,1.2240250682901004,-0.1847232118185042,0
0.491041277025767,1.0593826113525455,0.7498261289181903,1.0361747991501662,1.446995469779169,-1.5775368987157707,-0.8169767318548042,-0.5345345672158975,1
-0.548178255615647,-0.1529983794054196,-0.2746733057575399,-0.4944077863812003,-1.4693089940556092,0.0086046562877266,1.2240250682901004,0.1650881435788891,0
-1.24099127737659,-1.6173911491411634,-1.3337842078209636,-0.427860717445054,-0.8860481012886536,0.6430612782891255,-0.8169767318548042,-1.5839686334080776,0
-0.548178255615647,-1.3381348535171378,-1.2368720991354218,-0.1616724417004685,1.446995469779169,-0.943080276714372,-0.8169767318548042,-1.5839686334080776,0
-1.5873977882570611,1.6247063317621586,1.4212885962394466,0.3041570408525561,-1.4693089940556092,-0.6258519657136724,-0.8169767318548042,-0.5345345672158975,0
-1.5873977882570611,0.9027266406366284,0.9090388789015812,-1.2264255446788106,1.446995469779169,0.960289589289825,1.2240250682901004,0.1650881435788891,0
1.530260809667181,0.8073708323747668,0.7775153028283458,0.5037982476609952,0.2804736842452576,1.594746211291224,-0.8169767318548042,0.1650881435788891,1
0.491041277025767,0.9163488989597526,0.5906133789348007,-0.6275019242534932,-1.4693089940556092,-0.943080276714372,-0.8169767318548042,-0.5345345672158975,0
1.530260809667181,1.3045832611687629,1.2205420853908242,1.0361747991501662,-0.8860481012886536,-1.5775368987157707,1.2240250682901004,1.214522209771069,1
1.530260809667181,-0.343709995929144,-0.4684975231286236,0.1710629029802634,-1.4693089940556092,1.2775179002905246,-0.8169767318548042,-1.2341572780106842,0
-1.24099127737659,0.5689813117201099,0.5560019115471065,-0.0285783038281757,0.8637345770122132,-1.2603085877150713,-0.8169767318548042,-1.5839686334080776,0
1.1838542987867098,-1.249590174416837,-1.4653077838941997,-0.2282195106366148,0.8637345770122132,-0.3086236547129729,-0.8169767318548042,-0.5345345672158975,0
-0.2017717447351757,1.1683606779375313,1.4628223571046792,-0.960237268934225,-0.302787208521698,0.960289589289825,1.2240250682901004,1.214522209771069,0
-1.5873977882570611,-0.6433996790378547,-0.5307981644264727,-0.2947665795727612,1.446995469779169,0.0086046562877266,-0.8169767318548042,0.1650881435788891,0
0.1446347661452956,-1.1746677536396597,-1.527608425192048,-0.8936901999980786,0.8637345770122132,0.960289589289825,1.2240250682901004,0.5148994989762825,0
-1.24099127737659,-0.7864333914306483,-0.5930988057243209,1.0361747991501662,0.2804736842452576,1.2775179002905246,-0.8169767318548042,-0.1847232118185042,0
0.8374477879062384,-0.9907672662774962,-0.9807472404664892,0.3041570408525561,-1.4693089940556092,-1.2603085877150713,1.2240250682901004,0.1650881435788891,0
0.491041277025767,-1.5016019533946163,-1.6383651208326675,-1.159878475742664,1.446995469779169,-0.3086236547129729,-0.8169767318548042,-1.2341572780106842,0
-0.2017717447351757,0.0717688829261132,0.0437521942092411,1.169268937022459,0.8637345770122132,1.594746211291224,-0.8169767318548042,-0.8843459226132909,0
0.8374477879062384,0.0785800120876753,0.1821980637600156,0.7699865234055808,0.2804736842452576,0.3258329672884261,-0.8169767318548042,-1.5839686334080776,1
-1.5873977882570611,0.0309021079567439,0.1960426507150934,0.6368923855332881,0.8637345770122132,-0.3086236547129729,1.2240250682901004,1.5643335651684624,0
0.8374477879062384,0.3510251785501396,0.4106337485187941,0.1710629029802634,-1.4693089940556092,-0.6258519657136724,-0.8169767318548042,0.5148994989762825,0
0.1446347661452956,-1.6582579241105335,-1.486074664326816,-0.0951253727643221,1.446995469779169,-0.6258519657136724,-0.8169767318548042,-0.5345345672158975,0
-1.24099127737659,-1.9238919614114356,-1.728354936040671,-0.960237268934225,0.8637345770122132,0.960289589289825,-0.8169767318548042,-0.8843459226132909,0
0.8374477879062384,-0.0303980544973103,-0.0462376209987621,-0.2282195106366148,-1.4693089940556092,0.960289589289825,1.2240250682901004,-0.5345345672158975,0
-0.548178255615647,0.8141819615363283,0.9367280528117368,-1.159878475742664,1.446995469779169,-1.2603085877150713,1.2240250682901004,-1.5839686334080776,0
-1.5873977882570611,-0.8136779080768948,-0.7800007296178662,0.6368923855332881,1.446995469779169,-1.5775368987157707,-0.8169767318548042,0.8647108543736758,0
0.491041277025767,-1.6855024407567798,-1.5552975991022029,-2.6904610612740307,0.8637345770122132,-1.5775368987157707,-0.8169767318548042,0.5148994989762825,0
0.1446347661452956,0.4327587284888783,0.7498261289181903,0.1710629029802634,-0.8860481012886536,0.0086046562877266,1.2240250682901004,-0.5345345672158975,0
0.491041277025767,0.514492278427617,0.7498261289181903,-0.3613136485089076,0.2804736842452576,0.960289589289825,1.2240250682901004,0.1650881435788891,0
0.491041277025767,0.0240909787951824,0.272187878968019,-0.0285783038281757,-1.4693089940556092,-1.2603085877150713,1.2240250682901004,-0.1847232118185042,0
-0.8945847664961184,-0.8136779080768948,-0.4961866970387785,-2.8235551991463237,-1.4693089940556092,-0.6258519657136724,1.2240250682901004,-0.8843459226132909,0
0.491041277025767,-0.5957217749069234,-0.7800007296178662,0.5037982476609952,0.2804736842452576,1.2775179002905246,1.2240250682901004,-0.1847232118185042,0
0.8374477879062384,1.0185158363831757,1.0059509875871235,1.169268937022459,-0.8860481012886536,1.594746211291224,-0.8169767318548042,1.5643335651684624,1
-0.548178255615647,-1.30407920770933,-1.2437943926129602,0.1710629029802634,1.446995469779169,-1.5775368987157707,-0.8169767318548042,-0.5345345672158975,0
-1.24099127737659,0.3033472744192082,0.133742009417245,-0.5609548553173468,0.8637345770122132,0.0086046562877266,-0.8169767318548042,-0.5345345672158975,0
-0.8945847664961184,0.855048736505697,0.6459917267551105,-0.2947665795727612,1.446995469779169,-0.6258519657136724,-0.8169767318548042,-0.8843459226132909,0
-0.2017717447351757,-0.7932445205922097,-0.5100312839938563,0.96962773021402,-0.8860481012886536,-0.3086236547129729,-0.8169767318548042,-0.1847232118185042,0
-1.5873977882570611,-0.9226559746618804,-0.911524305691102,-1.2264255446788106,-1.4693089940556092,-0.943080276714372,1.2240250682901004,0.8647108543736758,0
-1.24099127737659,0.8141819615363283,0.7082923680529589,1.8347396263839229,0.8637345770122132,-0.6258519657136724,-0.8169767318548042,-0.1847232118185042,1
0.8374477879062384,-0.5480438707759919,-0.4269637622633915,-0.6275019242534932,-1.4693089940556092,-1.2603085877150713,-0.8169767318548042,-0.5345345672158975,0
1.530260809667181,-0.2211096710210353,-0.4684975231286236,-0.6940489931896395,0.8637345770122132,-0.3086236547129729,-0.8169767318548042,-0.8843459226132909,0
-1.5873977882570611,-0.909033716338757,-0.7107777948424792,0.2376099719164097,-1.4693089940556092,0.3258329672884261,-0.8169767318548042,-1.2341572780106842,0
1.1838542987867098,0.3237806619038926,0.1198974224621673,-0.8936901999980786,-0.302787208521698,-0.6258519657136724,1.2240250682901004,0.5148994989762825,1
-1.24099127737659,-0.704699841491909,-0.8284567839606374,-0.4944077863812003,-0.8860481012886536,0.0086046562877266,1.2240250682901004,-1.5839686334080776,0
-0.548178255615647,0.2216137244804689,0.4175560419963326,1.0361747991501662,-1.4693089940556092,0.960289589289825,-0.8169767318548042,0.8647108543736758,0
0.1446347661452956,-1.1610454953165363,-0.8769128383034086,0.1710629029802634,0.8637345770122132,0.3258329672884261,-0.8169767318548042,1.5643335651684624,0
-1.5873977882570611,0.9299711572828756,1.1236299767052818,1.4354572127670446,1.446995469779169,0.3258329672884261,-0.8169767318548042,0.5148994989762825,1
0.8374477879062384,0.2761027577729618,0.133742009417245,1.3689101438308982,0.2804736842452576,1.2775179002905246,1.2240250682901004,-1.5839686334080776,1
0.491041277025767,-1.30407920770933,-1.5414530121471255,0.5703453165971416,1.446995469779169,-0.3086236547129729,1.2240250682901004,0.8647108543736758,0
0.491041277025767,-0.3981990292216368,-0.1362274362067654,0.7699865234055808,-0.302787208521698,-0.6258519657136724,-0.8169767318548042,1.5643335651684624,0
0.491041277025767,-0.8886003288540719,-0.6138656861569367,0.6368923855332881,-1.4693089940556092,1.2775179002905246,-0.8169767318548042,-1.2341572780106842,0
0.491041277025767,0.371458566034824,0.2998770528781739,0.9030806612778736,0.2804736842452576,-1.2603085877150713,1.2240250682901004,-0.8843459226132909,1
-0.2017717447351757,1.37269455278438,1.068251628884972,-0.0285783038281757,1.446995469779169,0.0086046562877266,-0.8169767318548042,1.214522209771069,0
-0.548178255615647,0.1875580786726604,0.5213904441594125,1.102721868086313,0.8637345770122132,1.2775179002905246,1.2240250682901004,0.5148994989762825,0
-0.8945847664961184,0.5417367950738641,0.8052044767385002,1.6350984195754836,0.2804736842452576,-1.2603085877150713,-0.8169767318548042,-0.8843459226132909,1
0.8374477879062384,-0.2824098334750897,-0.2262172514147686,-0.4944077863812003,0.8637345770122132,-0.6258519657136724,-0.8169767318548042,1.214522209771069,0
-0.8945847664961184,-1.2019122702859062,-1.5622198925797417,0.7034394544694345,0.2804736842452576,-1.5775368987157707,1.2240250682901004,-0.1847232118185042,0
1.530260809667181,-0.7387554872997169,-0.4754198166061628,0.2376099719164097,-0.8860481012886536,0.0086046562877266,-0.8169767318548042,1.5643335651684624,0
-0.8945847664961184,1.5293505235002958,1.24130896582344,1.901286695320069,-0.302787208521698,0.960289589289825,-0.8169767318548042,0.5148994989762825,1
-1.24099127737659,-1.1269898495087285,-1.4237740230289668,1.102721868086313,1.446995469779169,-0.6258519657136724,-0.8169767318548042,-1.5839686334080776,0
-1.24099127737659,-0.909033716338757,-1.2368720991354218,-0.960237268934225,-1.4693089940556092,-0.6258519657136724,1.2240250682901004,0.5148994989762825,0
1.1838542987867098,-0.3845767708985139,-0.3854300013981589,0.4372511787248489,-1.4693089940556092,-1.5775368987157707,1.2240250682901004,-0.8843459226132909,0
1.1838542987867098,-0.9567116204696884,-0.9046020122135628,1.2358160059586054,0.8637345770122132,0.6430612782891255,1.2240250682901004,-0.8843459226132909,1
-0.548178255615647,-1.0520674287315506,-1.2161052187028054,0.1710629029802634,0.2804736842452576,0.3258329672884261,1.2240250682901004,-1.5839686334080776,0
-0.2017717447351757,0.9708379322522456,0.8328936506486556,0.5037982476609952,0.2804736842452576,0.960289589289825,1.2240250682901004,0.8647108543736758,0
-0.2017717447351757,-0.139376121082296,-0.0462376209987621,2.367116177873094,-1.4693089940556092,-1.5775368987157707,-0.8169767318548042,0.1650881435788891,0
0.491041277025767,0.2897250160960847,0.2098872376701706,-0.6275019242534932,-1.4693089940556092,-0.3086236547129729,1.2240250682901004,0.1650881435788891,0
0.1446347661452956,1.2092274529069011,1.4905115310148336,-0.427860717445054,-0.302787208521698,0.6430612782891255,1.2240250682901004,-1.2341572780106842,0
-1.5873977882570611,0.3237806619038926,0.306799346355713,-0.6275019242534932,0.2804736842452576,-0.6258519657136724,1.2240250682901004,0.5148994989762825,0
-1.5873977882570611,-1.0656896870546742,-0.9530580665563342,-0.4944077863812003,0.2804736842452576,-0.6258519657136724,-0.8169767318548042,0.1650881435788891,0
0.491041277025767,-0.3368988667675825,-0.6000210992018595,-0.2947665795727612,-1.4693089940556092,1.2775179002905246,-0.8169767318548042,-0.8843459226132909,0
-1.24099127737659,0.9027266406366284,1.137474563660359,0.5037982476609952,0.2804736842452576,-1.5775368987157707,-0.8169767318548042,-1.2341572780106842,0
1.1838542987867098,0.7460706699207126,0.5352350311144909,0.2376099719164097,1.446995469779169,1.594746211291224,1.2240250682901004,-0.8843459226132909,1
1.530260809667181,0.514492278427617,0.5698464985021837,-0.6940489931896395,1.446995469779169,-1.5775368987157707,-0.8169767318548042,-0.1847232118185042,1
-1.5873977882570611,0.3646474368732625,0.4244783354738712,0.4372511787248489,0.2804736842452576,-1.5775368987157707,-0.8169767318548042,1.5643335651684624,0
0.1446347661452956,1.1138716446450383,1.275920433211134,-0.2282195106366148,0.8637345770122132,0.3258329672884261,1.2240250682901004,1.5643335651684624,0
-1.5873977882570611,-0.8273001664000177,-1.0292032948092602,-0.2282195106366148,-1.4693089940556092,0.960289589289825,-0.8169767318548042,-1.5839686334080776,0
-0.8945847664961184,0.4872477617813712,0.7567484223957301,-0.6940489931896395,-1.4693089940556092,1.594746211291224,1.2240250682901004,-0.1847232118185042,0
-1.5873977882570611,0.1398801745417296,0.0575967811643189,1.2358160059586054,0.2804736842452576,1.2775179002905246,-0.8169767318548042,0.8647108543736758,0
-0.2017717447351757,0.1739358203495375,0.4729343898166425,-0.0951253727643221,-1.4693089940556092,-0.3086236547129729,1.2240250682901004,0.1650881435788891,0
0.491041277025767,-0.6433996790378547,-0.9807472404664892,0.0379687651079706,-0.8860481012886536,0.3258329672884261,-0.8169767318548042,-1.2341572780106842,0
0.1446347661452956,-1.3108903368708913,-1.2161052187028054,-1.7588020961679816,0.2804736842452576,0.3258329672884261,-0.8169767318548042,-0.1847232118185042,0
0.8374477879062384,0.1671246911879761,0.2098872376701706,0.5703453165971416,-0.302787208521698,0.0086046562877266,-0.8169767318548042,0.5148994989762825,0
0.8374477879062384,-1.6037688908180403,-1.527608425192048,0.9030806612778736,-0.302787208521698,1.2775179002905246,-0.8169767318548042,0.8647108543736758,1
-0.548178255615647,0.8686709948288212,0.9436503462892752,-0.5609548553173468,0.2804736842452576,0.0086046562877266,1.2240250682901004,-0.1847232118185042,0
0.1446347661452956,0.7801263157285199,0.8882719984689654,1.0361747991501662,-1.4693089940556092,0.960289589289825,-0.8169767318548042,0.1650881435788891,0
-0.548178255615647,-0.6910775831687861,-0.7453892622301727,-1.3595196825511031,-0.302787208521698,0.960289589289825,1.2240250682901004,0.8647108543736758,0
-1.5873977882570611,1.7813623024780756,1.4766669440597564,0.1710629029802634,-1.4693089940556092,-0.6258519657136724,1.2240250682901004,-1.5839686334080776,0
-0.548178255615647,1.9856961773249229,1.6981803353409957,-1.159878475742664,-1.4693089940556092,0.6430612782891255,-0.8169767318548042,-0.5345345672158975,0
-0.548178255615647,-1.8217250239880112,-1.5899090664898965,2.566757384681533,0.2804736842452576,1.2775179002905246,-0.8169767318548042,-1.5839686334080776,0
0.8374477879062384,0.3510251785501396,0.3414108137434059,-0.8936901999980786,-0.8860481012886536,0.6430612782891255,1.2240250682901004,1.214522209771069,0
-1.24099127737659,0.8414264781825741,0.8052044767385002,0.6368923855332881,1.446995469779169,0.0086046562877266,1.2240250682901004,0.1650881435788891,0
0.491041277025767,0.9163488989597526,0.9228834658566584,1.2358160059586054,-0.302787208521698,-1.5775368987157707,1.2240250682901004,0.8647108543736758,1
-0.8945847664961184,-1.3245125951940149,-1.6798988816978997,-0.2947665795727612,1.446995469779169,-1.2603085877150713,-0.8169767318548042,-1.2341572780106842,0
-0.548178255615647,-0.350521125090706,-0.4338860557409301,-1.2929726136149569,-1.4693089940556092,-0.6258519657136724,1.2240250682901004,0.5148994989762825,0
1.1838542987867098,0.2420471119651533,-0.073926794908917,-2.2246315787210063,0.8637345770122132,-0.6258519657136724,1.2240250682901004,-0.5345345672158975,0
-1.24099127737659,-0.500365966645061,-0.2262172514147686,-0.1616724417004685,1.446995469779169,1.2775179002905246,-0.8169767318548042,-1.5839686334080776,0
-1.5873977882570611,0.9027266406366284,0.8882719984689654,1.70164548851163,-1.4693089940556092,0.960289589289825,-0.8169767318548042,-0.5345345672158975,0
-1.24099127737659,0.6643371199819726,0.9367280528117368,0.1710629029802634,-0.302787208521698,0.3258329672884261,1.2240250682901004,1.214522209771069,0
0.1446347661452956,0.2897250160960847,0.2237318246252483,-0.6940489931896395,1.446995469779169,0.6430612782891255,1.2240250682901004,-0.5345345672158975,0
1.1838542987867098,-1.2087233994474675,-1.1468822839274184,0.104515834044117,0.8637345770122132,0.960289589289825,1.2240250682901004,0.8647108543736758,0
0.1446347661452956,-0.4254435458678833,-0.7453892622301727,-0.7605960621257859,-1.4693089940556092,0.3258329672884261,-0.8169767318548042,1.214522209771069,0
-1.5873977882570611,-0.929467103823442,-0.634632566589553,-1.2929726136149569,-0.302787208521698,-0.6258519657136724,-0.8169767318548042,0.1650881435788891,0
-0.8945847664961184,0.3850808243579469,0.306799346355713,1.0361747991501662,0.2804736842452576,0.960289589289825,-0.8169767318548042,0.5148994989762825,1
1.530260809667181,0.2488582411267153,0.4106337485187941,0.4372511787248489,0.8637345770122132,-1.2603085877150713,-0.8169767318548042,1.5643335651684624,0
-1.24099127737659,0.8209930906978897,0.5075458572043353,-0.0285783038281757,-1.4693089940556092,-0.943080276714372,-0.8169767318548042,1.5643335651684624,0
0.491041277025767,1.07981599883723,1.2482312593009786,0.5037982476609952,0.8637345770122132,-1.5775368987157707,-0.8169767318548042,1.5643335651684624,0
0.491041277025767,-0.1666206377285425,0.1268197159397059,0.5703453165971416,0.8637345770122132,0.960289589289825,-0.8169767318548042,-1.2341572780106842,0
0.8374477879062384,0.3101584035807697,0.3552554006984843,0.1710629029802634,0.2804736842452576,-1.5775368987157707,-0.8169767318548042,-1.2341572780106842,0
1.530260809667181,-0.6229662915531697,-0.4546529361735464,-0.4944077863812003,-0.8860481012886536,-0.6258519657136724,1.2240250682901004,1.5643335651684624,0
-0.548178255615647,-0.929467103823442,-0.6969332078874014,-0.1616724417004685,0.2804736842452576,-1.5775368987157707,1.2240250682901004,0.5148994989762825,0
0.491041277025767,0.8278042198594512,0.6252248463224935,0.6368923855332881,-1.4693089940556092,1.594746211291224,-0.8169767318548042,0.8647108543736758,0
-0.2017717447351757,-1.1474232369934134,-1.1745714578375734,0.9030806612778736,0.2804736842452576,-1.5775368987157707,1.2240250682901004,-0.1847232118185042,0
1.1838542987867098,-1.5356575992024242,-1.7214326425631323,-1.2929726136149569,1.446995469779169,-1.2603085877150713,1.2240250682901004,1.5643335651684624,0
1.530260809667181,-1.120178720347167,-1.0915039361071086,0.104515834044117,-1.4693089940556092,-1.2603085877150713,1.2240250682901004,0.1650881435788891,0
1.1838542987867098,-0.9022225871771956,-0.8838351317809472,0.8365335923417272,0.8637345770122132,1.2775179002905246,1.2240250682901004,-1.5839686334080776,1
1.530260809667181,0.9640268030906828,0.8813497049914268,-0.2947665795727612,-0.302787208521698,0.3258329672884261,-0.8169767318548042,0.8647108543736758,1
-0.8945847664961184,1.4135613277537484,1.137474563660359,-0.2947665795727612,0.2804736842452576,-0.6258519657136724,-0.8169767318548042,-0.5345345672158975,0
-0.548178255615647,0.7869374448900813,0.7152146615304974,-1.9584433029764208,-1.4693089940556092,-0.6258519657136724,1.2240250682901004,-0.5345345672158975,0
-1.24099127737659,-1.120178720347167,-1.0015141208991054,-0.0285783038281757,-1.4693089940556092,0.3258329672884261,1.2240250682901004,1.214522209771069,0
-1.24099127737659,0.7460706699207126,0.5283127376369523,0.104515834044117,-0.8860481012886536,0.960289589289825,-0.8169767318548042,-0.1847232118185042,0
1.1838542987867098,0.2761027577729618,0.4521675093840255,-1.4260667514872496,-0.8860481012886536,-0.3086236547129729,-0.8169767318548042,-1.5839686334080776,0
1.530260809667181,0.7324484115975884,0.8467382376037328,0.1710629029802634,-1.4693089940556092,0.3258329672884261,-0.8169767318548042,-0.8843459226132909,0
-0.548178255615647,-0.1734317668901039,-0.4269637622633915,0.9030806612778736,1.446995469779169,0.6430612782891255,-0.8169767318548042,1.214522209771069,0
1.1838542987867098,0.766504057405397,1.0751739223625103,-1.0267843378703714,1.446995469779169,1.594746211291224,1.2240250682901004,0.5148994989762825,1
-0.548178255615647,-1.3108903368708913,-1.1676491643600349,1.4354572127670446,-0.302787208521698,0.0086046562877266,1.2240250682901004,-0.1847232118185042,0
-0.2017717447351757,0.0104687204720589,0.0991305420295509,1.102721868086313,1.446995469779169,-0.3086236547129729,-0.8169767318548042,0.5148994989762825,0
-0.548178255615647,1.4748614902078028,1.6843357483859185,0.3041570408525561,0.8637345770122132,1.594746211291224,1.2240250682901004,-0.8843459226132909,0
1.1838542987867098,1.1956051945837771,1.1859306180031302,-0.427860717445054,1.446995469779169,0.3258329672884261,1.2240250682901004,-0.8843459226132909,1
0.1446347661452956,1.25009422787627,1.2205420853908242,1.169268937022459,1.446995469779169,0.6430612782891255,-0.8169767318548042,-1.2341572780106842,1
-0.8945847664961184,-0.9975783954390576,-0.6830886209323243,-0.6275019242534932,-1.4693089940556092,-1.2603085877150713,-0.8169767318548042,1.214522209771069,0
-0.8945847664961184,-1.9034585739267509,-1.6175982404000513,0.5037982476609952,-1.4693089940556092,0.6430612782891255,-0.8169767318548042,-0.1847232118185042,0
-1.5873977882570611,-0.1870540252132274,0.0368299007317026,2.6998515225538258,1.446995469779169,-1.2603085877150713,1.2240250682901004,0.1650881435788891,0
-0.548178255615647,1.011704707221614,0.7775153028283458,1.169268937022459,0.2804736842452576,-0.943080276714372,-0.8169767318548042,1.5643335651684624,1
-1.24099127737659,1.7336843983471442,1.5805013462228374,0.3707041097887025,0.8637345770122132,0.6430612782891255,-0.8169767318548042,0.5148994989762825,0
0.491041277025767,0.5689813117201099,0.8536605310812714,0.7699865234055808,-0.302787208521698,0.3258329672884261,-0.8169767318548042,1.5643335651684624,1
0.491041277025767,-0.4526880625141297,-0.3785077079206203,1.8347396263839229,0.2804736842452576,-1.5775368987157707,-0.8169767318548042,1.214522209771069,0
0.491041277025767,0.6439037324972883,0.4314006289514098,-0.960237268934225,-1.4693089940556092,-1.5775368987157707,-0.8169767318548042,0.5148994989762825,0
-1.5873977882570611,-1.249590174416837,-1.1261154034948022,-0.8936901999980786,-1.4693089940556092,-0.943080276714372,-0.8169767318548042,-1.2341572780106842,0
0.491041277025767,-1.6037688908180403,-1.3545510882535798,-0.0285783038281757,0.8637345770122132,0.960289589289825,-0.8169767318548042,-0.1847232118185042,0
-1.5873977882570611,-0.4118212875447604,-0.2677510122800007,1.102721868086313,0.2804736842452576,-0.943080276714372,1.2240250682901004,1.5643335651684624,0
-0.548178255615647,1.6860064942162127,1.5735790527452989,-1.4260667514872496,1.446995469779169,1.2775179002905246,-0.8169767318548042,-1.5839686334080776,0
-0.548178255615647,1.2296608403915856,1.2482312593009786,0.0379687651079706,0.2804736842452576,-0.943080276714372,1.2240250682901004,1.5643335651684624,0
-0.2017717447351757,1.3045832611687629,1.6012682266554532,0.96962773021402,0.2804736842452576,0.6430612782891255,1.2240250682901004,-1.2341572780106842,1
0.1446347661452956,-1.6786913115952178,-1.430696316506506,-0.2947665795727612,1.446995469779169,-0.6258519657136724,-0.8169767318548042,1.214522209771069,0
0.491041277025767,0.2011803369957839,0.1545088898498608,2.9660397982984112,1.446995469779169,-1.2603085877150713,1.2240250682901004,0.1650881435788891,0
1.530260809667181,-1.419868403455877,-1.2368720991354218,1.5685513506393374,-0.302787208521698,0.3258329672884261,1.2240250682901004,0.1650881435788891,1
0.1446347661452956,-1.290456949386207,-1.4445409034615833,0.7034394544694345,-0.8860481012886536,-1.5775368987157707,1.2240250682901004,1.5643335651684624,0
-0.8945847664961184,-1.780858249018642,-1.631442827355129,-0.0285783038281757,-0.8860481012886536,0.960289589289825,-0.8169767318548042,1.214522209771069,0
1.530260809667181,-1.3381348535171378,-1.430696316506506,0.2376099719164097,1.446995469779169,-0.943080276714372,-0.8169767318548042,-1.2341572780106842,0
-0.2017717447351757,0.7324484115975884,0.86058282455881,-0.8271431310619323,1.446995469779169,-1.5775368987157707,1.2240250682901004,0.5148994989762825,0
1.530260809667181,-0.9635227496312496,-1.1261154034948022,-0.2947665795727612,0.2804736842452576,0.960289589289825,1.2240250682901004,-1.5839686334080776,0
1.1838542987867098,-0.9158448455003184,-0.9322911861237178,0.4372511787248489,-1.4693089940556092,1.594746211291224,1.2240250682901004,0.1650881435788891,0
-0.548178255615647,-0.6638330665225397,-0.835379077438176,-0.2947665795727612,-0.8860481012886536,0.960289589289825,-0.8169767318548042,1.214522209771069,0
0.1446347661452956,0.2556693702882768,0.4244783354738712,-0.4944077863812003,0.2804736842452576,-0.6258519657136724,1.2240250682901004,-0.5345345672158975,0
-0.548178255615647,1.0185158363831757,0.7429038354406517,-0.4944077863812003,0.8637345770122132,0.6430612782891255,1.2240250682901004,1.214522209771069,0
0.491041277025767,-1.270023561901522,-1.1884160447926506,1.102721868086313,0.2804736842452576,0.6430612782891255,-0.8169767318548042,-0.8843459226132909,0
-0.8945847664961184,-0.6297774207147312,-0.9807472404664892,-1.0267843378703714,-1.4693089940556092,0.0086046562877266,1.2240250682901004,0.8647108543736758,0
-0.548178255615647,0.2284248536420304,-0.0323930340436843,-0.8936901999980786,-0.8860481012886536,-0.943080276714372,1.2240250682901004,-0.1847232118185042,0
1.1838542987867098,1.2841498736840784,1.068251628884972,0.1710629029802634,0.2804736842452576,0.960289589289825,1.2240250682901004,-0.8843459226132909,1
-0.548178255615647,0.4191364701657554,0.7013700745754203,-1.692255027231835,-0.8860481012886536,-0.3086236547129729,-0.8169767318548042,-0.5345345672158975,0
-0.2017717447351757,-1.5424687283639862,-1.5622198925797417,-0.8271431310619323,-0.8860481012886536,1.594746211291224,-0.8169767318548042,0.8647108543736758,0
0.491041277025767,0.6507148616588497,1.0059509875871235,-1.6257079582956888,-1.4693089940556092,-1.2603085877150713,1.2240250682901004,0.1650881435788891,0
-1.5873977882570611,1.086627127998793,1.345143367986521,-0.0285783038281757,0.8637345770122132,1.2775179002905246,-0.8169767318548042,0.5148994989762825,0
0.1446347661452956,-0.6161551623916083,-0.7453892622301727,-0.1616724417004685,0.8637345770122132,-0.943080276714372,-0.8169767318548042,1.5643335651684624,0
-0.548178255615647,1.2024163237453398,0.9505726397668138,-0.960237268934225,-0.302787208521698,0.3258329672884261,-0.8169767318548042,1.5643335651684624,0
0.491041277025767,0.4395698576504397,0.3344885202658673,-1.5591608893595423,0.2804736842452576,0.960289589289825,-0.8169767318548042,-0.1847232118185042,0
1.1838542987867098,-0.929467103823442,-0.6969332078874014,-0.5609548553173468,-0.302787208521698,0.0086046562877266,1.2240250682901004,-1.2341572780106842,0
-0.2017717447351757,-0.4458769333525682,-0.5861765122467818,-0.8271431310619323,-1.4693089940556092,-0.3086236547129729,1.2240250682901004,0.1650881435788891,0
-1.24099127737659,1.8086068191243216,1.5805013462228374,-1.2929726136149569,-0.302787208521698,-0.6258519657136724,-0.8169767318548042,-0.5345345672158975,0
-1.24099127737659,-0.0916982169513646,-0.1085382622966104,-0.0285783038281757,0.8637345770122132,1.2775179002905246,-0.8169767318548042,-0.8843459226132909,0
1.1838542987867098,-1.419868403455877,-1.6383651208326675,-0.0285783038281757,1.446995469779169,1.2775179002905246,-0.8169767318548042,-0.1847232118185042,0
-1.5873977882570611,0.555359053396987,0.4729343898166425,-0.0951253727643221,0.8637345770122132,-0.943080276714372,-0.8169767318548042,-0.5345345672158975,0
-0.8945847664961184,0.7801263157285199,0.4867789767717196,-0.0285783038281757,0.2804736842452576,0.0086046562877266,1.2240250682901004,0.1650881435788891,0
0.8374477879062384,0.1126356578954832,0.0852859550744738,-0.0285783038281757,0.8637345770122132,1.594746211291224,1.2240250682901004,0.5148994989762825,0
-0.2017717447351757,1.617895202600597,1.518200704924989,-2.15808450978486,0.8637345770122132,-0.6258519657136724,-0.8169767318548042,-0.1847232118185042,0
1.530260809667181,-1.1951011411243442,-1.1468822839274184,-0.2282195106366148,-0.302787208521698,-1.2603085877150713,1.2240250682901004,0.1650881435788891,0
-0.8945847664961184,-1.964758736380805,-1.7214326425631323,0.0379687651079706,-1.4693089940556092,-1.5775368987157707,-0.8169767318548042,0.1650881435788891,0
0.491041277025767,-0.2687875751519668,-0.0670045014313778,-0.2947665795727612,0.2804736842452576,1.2775179002905246,-0.8169767318548042,-1.5839686334080776,0
-0.2017717447351757,1.876718110739937,1.6843357483859185,-0.8271431310619323,-0.8860481012886536,1.594746211291224,-0.8169767318548042,0.1650881435788891,0
1.530260809667181,0.6711482491435341,0.9228834658566584,0.104515834044117,-1.4693089940556092,0.6430612782891255,-0.8169767318548042,0.5148994989762825,0
1.530260809667181,-1.1610454953165363,-1.08458164262957,-0.8936901999980786,0.2804736842452576,-1.2603085877150713,1.2240250682901004,-1.2341572780106842,0
1.1838542987867098,0.4668143742966868,0.306799346355713,-1.2264255446788106,1.446995469779169,-0.943080276714372,1.2240250682901004,0.8647108543736758,1
-0.8945847664961184,0.0785800120876753,0.272187878968019,0.4372511787248489,-0.8860481012886536,0.0086046562877266,-0.8169767318548042,0.1650881435788891,0
-0.2017717447351757,0.8618598656672597,0.7290592484855746,0.5703453165971416,0.8637345770122132,0.3258329672884261,-0.8169767318548042,-1.5839686334080776,0
-0.8945847664961184,-1.2564013035783983,-1.1607268708824956,0.9030806612778736,1.446995469779169,-1.2603085877150713,-0.8169767318548042,-0.5345345672158975,0
1.1838542987867098,0.9640268030906828,1.151319150615436,-1.159878475742664,1.446995469779169,-0.6258519657136724,-0.8169767318548042,-1.2341572780106842,1
0.8374477879062384,-1.4743574367483698,-1.223027512180345,0.2376099719164097,1.446995469779169,-0.943080276714372,-0.8169767318548042,-1.2341572780106842,0
1.1838542987867098,0.7460706699207126,0.6875254876203419,0.7034394544694345,-0.8860481012886536,-0.6258519657136724,1.2240250682901004,-0.5345345672158975,0
-0.548178255615647,0.2692916286113997,0.4660120963391039,0.9030806612778736,1.446995469779169,0.3258329672884261,-0.8169767318548042,0.5148994989762825,0
1.530260809667181,-0.4050101583831983,-0.073926794908917,-0.3613136485089076,-0.8860481012886536,0.960289589289825,1.2240250682901004,-0.5345345672158975,0
-1.5873977882570611,-1.6173911491411634,-1.672976588220361,1.7681925574477764,-0.302787208521698,-0.943080276714372,-0.8169767318548042,-1.2341572780106842,0
-1.5873977882570611,1.7404955275087055,1.6843357483859185,0.2376099719164097,0.8637345770122132,-0.943080276714372,-0.8169767318548042,-0.1847232118185042,0
-0.8945847664961184,-1.235967916093714,-1.4099294360738897,0.5703453165971416,0.8637345770122132,-1.2603085877150713,-0.8169767318548042,-1.2341572780106842,0
-0.8945847664961184,0.3850808243579469,0.5767687919797223,0.104515834044117,0.8637345770122132,1.594746211291224,1.2240250682901004,1.214522209771069,0
-0.2017717447351757,-0.4731214499988146,-0.1916057840270752,-0.2947665795727612,-1.4693089940556092,-1.2603085877150713,-0.8169767318548042,-0.1847232118185042,0
0.1446347661452956,-1.2427790452552756,-1.4653077838941997,1.102721868086313,-0.8860481012886536,-0.3086236547129729,-0.8169767318548042,-1.2341572780106842,0
-0.2017717447351757,0.725637282436027,0.5006235637267967,-1.4260667514872496,1.446995469779169,1.2775179002905246,-0.8169767318548042,0.8647108543736758,0
-1.5873977882570611,1.7881734316396372,1.7051026288185342,-0.2282195106366148,-0.302787208521698,-1.5775368987157707,1.2240250682901004,-1.5839686334080776,0
-0.548178255615647,1.5361616526618571,1.483589237537295,-0.0285783038281757,-1.4693089940556092,-1.2603085877150713,1.2240250682901004,-0.5345345672158975,0
-0.2017717447351757,1.1887940654222156,0.9436503462892752,-1.0267843378703714,-0.8860481012886536,-1.2603085877150713,-0.8169767318548042,-0.1847232118185042,0
1.530260809667181,-1.9920032530270515,-1.7491218164732871,0.2376099719164097,0.8637345770122132,-1.5775368987157707,-0.8169767318548042,-1.2341572780106842,0
0.8374477879062384,-1.113367591185605,-0.8699905448258695,-1.8918962340402743,-1.4693089940556092,0.3258329672884261,-0.8169767318548042,-0.1847232118185042,0
1.1838542987867098,0.7460706699207126,0.6252248463224935,0.8365335923417272,0.2804736842452576,-0.943080276714372,-0.8169767318548042,-0.8843459226132909,1
1.530260809667181,0.7052038949513426,0.5629242050246451,0.7034394544694345,-1.4693089940556092,-0.6258519657136724,-0.8169767318548042,-0.1847232118185042,0
0.491041277025767,1.277338744522517,1.4074440092843694,-0.427860717445054,-0.302787208521698,-1.5775368987157707,-0.8169767318548042,0.1650881435788891,0
0.1446347661452956,0.8891043823135055,0.9021165854240426,0.7699865234055808,-0.8860481012886536,0.0086046562877266,-0.8169767318548042,-0.1847232118185042,0
-0.548178255615647,1.2296608403915856,1.206697498435746,0.96962773021402,0.2804736842452576,-1.2603085877150713,1.2240250682901004,1.214522209771069,1
0.491041277025767,-0.159809508566981,-0.5100312839938563,1.102721868086313,1.446995469779169,-0.6258519657136724,1.2240250682901004,-1.2341572780106842,0
1.530260809667181,-0.0303980544973103,-0.2123726644596909,-0.0285783038281757,-0.8860481012886536,1.2775179002905246,-0.8169767318548042,-0.8843459226132909,0
-0.2017717447351757,1.3386389069765714,1.3866771288517523,-0.0285783038281757,0.2804736842452576,-1.5775368987157707,-0.8169767318548042,-0.8843459226132909,0
-0.548178255615647,-0.6093440332300468,-0.6277102731120144,0.5037982476609952,-0.302787208521698,1.594746211291224,-0.8169767318548042,-1.5839686334080776,0
0.1446347661452956,-0.9635227496312496,-1.0915039361071086,-0.8936901999980786,-0.8860481012886536,-0.943080276714372,-0.8169767318548042,0.8647108543736758,0
1.1838542987867098,-1.5969577616564783,-1.3822402621637349,-0.427860717445054,1.446995469779169,-0.943080276714372,-0.8169767318548042,-1.5839686334080776,0
-0.8945847664961184,-0.8136779080768948,-0.6207879796344759,0.104515834044117,-0.302787208521698,-0.6258519657136724,1.2240250682901004,1.214522209771069,0
0.1446347661452956,-1.0656896870546742,-1.0568924687194152,-0.3613136485089076,-1.4693089940556092,-1.2603085877150713,1.2240250682901004,0.1650881435788891,0
-0.2017717447351757,1.107060515483477,0.8813497049914268,-1.2264255446788106,-0.8860481012886536,1.594746211291224,-0.8169767318548042,-0.8843459226132909,0
0.1446347661452956,0.2011803369957839,0.4660120963391039,0.7699865234055808,0.2804736842452576,1.2775179002905246,1.2240250682901004,0.8647108543736758,0
-1.24099127737659,-1.2223456577705905,-0.9599803600338728,0.2376099719164097,0.2804736842452576,-0.943080276714372,1.2240250682901004,0.1650881435788891,0
-0.2017717447351757,-0.3096543501213361,-0.1639166101169203,0.6368923855332881,-0.302787208521698,0.0086046562877266,-0.8169767318548042,-0.1847232118185042,0
-0.2017717447351757,0.8073708323747668,0.6875254876203419,0.2376099719164097,0.8637345770122132,-0.6258519657136724,1.2240250682901004,1.214522209771069,0
1.1838542987867098,-0.0235869253357489,0.1475865963723222,0.4372511787248489,-1.4693089940556092,1.594746211291224,-0.8169767318548042,0.8647108543736758,0
0.491041277025767,-1.2632124327399603,-1.1330376969723408,-0.960237268934225,0.8637345770122132,1.2775179002905246,1.2240250682901004,-0.5345345672158975,0
-1.5873977882570611,-1.7059358282414645,-1.5691421860572805,0.2376099719164097,0.8637345770122132,1.2775179002905246,-0.8169767318548042,0.8647108543736758,0
1.1838542987867098,0.4600032451351253,0.3967891615637157,-2.8235551991463237,-1.4693089940556092,-1.2603085877150713,-0.8169767318548042,-0.1847232118185042,0
0.491041277025767,-0.9907672662774962,-0.7246223817975563,0.2376099719164097,-1.4693089940556092,-1.2603085877150713,-0.8169767318548042,1.5643335651684624,0
1.530260809667181,1.7200621400240212,1.4697446505822178,-0.5609548553173468,-1.4693089940556092,1.594746211291224,-0.8169767318548042,0.5148994989762825,0
-1.5873977882570611,-1.1338009786702898,-0.8284567839606374,1.4354572127670446,0.8637345770122132,-1.5775368987157707,-0.8169767318548042,1.214522209771069,0
-0.8945847664961184,1.5225393943387342,1.504356117969912,0.6368923855332881,0.2804736842452576,1.2775179002905246,1.2240250682901004,-0.1847232118185042,0
-0.8945847664961184,-1.610580019979602,-1.326861914343425,-0.3613136485089076,-0.302787208521698,-1.2603085877150713,1.2240250682901004,-1.2341572780106842,0
-0.8945847664961184,0.330591791065454,0.6667586071877262,-0.6940489931896395,-0.8860481012886536,-1.2603085877150713,-0.8169767318548042,1.214522209771069,0
-1.5873977882570611,-0.4526880625141297,-0.316207066622772,-0.5609548553173468,-0.8860481012886536,-0.6258519657136724,-0.8169767318548042,-0.5345345672158975,0
0.491041277025767,-1.4266795326174384,-1.672976588220361,0.5703453165971416,-0.8860481012886536,-0.3086236547129729,-0.8169767318548042,1.5643335651684624,0
-0.548178255615647,-0.4663103208372532,-0.3715854144430817,-0.1616724417004685,0.2804736842452576,0.0086046562877266,1.2240250682901004,-1.2341572780106842,0
-0.548178255615647,0.7392595407591499,0.6736809006652648,1.5685513506393374,1.446995469779169,0.960289589289825,1.2240250682901004,-1.2341572780106842,1
1.530260809667181,0.5962258283663568,0.6598363137101876,-0.4944077863812003,0.8637345770122132,1.594746211291224,1.2240250682901004,-0.8843459226132909,1
0.8374477879062384,0.4123253410041939,0.4452452159064869,0.5037982476609952,0.8637345770122132,-0.6258519657136724,-0.8169767318548042,0.1650881435788891,1
0.8374477879062384,-0.343709995929144,-0.4477306426960079,0.7034394544694345,0.2804736842452576,-1.2603085877150713,1.2240250682901004,1.214522209771069,0
-0.8945847664961184,0.0036575913104975,-0.1777611970719974,-0.2282195106366148,-0.8860481012886536,0.960289589289825,1.2240250682901004,0.5148994989762825,0
-1.5873977882570611,-1.51522421171774,-1.6383651208326675,-0.0285783038281757,0.8637345770122132,0.6430612782891255,-0.8169767318548042,1.214522209771069,0
-0.2017717447351757,-0.3096543501213361,-0.4061968818307752,1.2358160059586054,0.8637345770122132,1.594746211291224,-0.8169767318548042,1.214522209771069,0
-1.5873977882570611,1.4680503610462414,1.5458898788351434,0.7699865234055808,-0.302787208521698,0.0086046562877266,-0.8169767318548042,0.1650881435788891,1
-1.5873977882570611,-0.9567116204696884,-0.9253688926461792,1.8347396263839229,0.2804736842452576,1.2775179002905246,1.2240250682901004,0.8647108543736758,0
0.8374477879062384,-0.1189427335976111,0.1129751289846287,-0.8271431310619323,0.8637345770122132,0.0086046562877266,-0.8169767318548042,-0.5345345672158975,0
-0.548178255615647,1.0457603530294226,0.9159611723791196,-0.1616724417004685,-0.302787208521698,-1.5775368987157707,1.2240250682901004,-0.1847232118185042,0
1.1838542987867098,1.2092274529069011,1.1097853897502046,-1.159878475742664,-0.302787208521698,-0.943080276714372,1.2240250682901004,1.214522209771069,1
-0.2017717447351757,-0.0916982169513646,0.1475865963723222,1.70164548851163,-0.302787208521698,1.2775179002905246,1.2240250682901004,-1.5839686334080776,0
-0.8945847664961184,1.42037245691531,1.5251229984025276,3.099133936170704,0.2804736842452576,0.3258329672884261,1.2240250682901004,1.214522209771069,1
-0.8945847664961184,1.3045832611687629,1.4282108897169852,0.7034394544694345,0.8637345770122132,1.594746211291224,-0.8169767318548042,0.5148994989762825,0
-0.2017717447351757,0.7120150241129041,0.825971357171117,-1.825349165104128,-1.4693089940556092,0.960289589289825,-0.8169767318548042,0.5148994989762825,0
1.1838542987867098,1.093438257160354,1.2274643788683628,-0.2282195106366148,-0.8860481012886536,-0.6258519657136724,-0.8169767318548042,0.8647108543736758,0
1.1838542987867098,1.0048935780600528,1.0405624549748165,0.7034394544694345,-0.302787208521698,-0.6258519657136724,1.2240250682901004,-1.5839686334080776,1
0.1446347661452956,-0.3573322542522675,-0.4338860557409301,-0.3613136485089076,-0.8860481012886536,-0.943080276714372,-0.8169767318548042,1.5643335651684624,0
-1.5873977882570611,-0.7115109706534705,-0.8076899035280211,-0.0285783038281757,-1.4693089940556092,0.0086046562877266,1.2240250682901004,-1.2341572780106842,0
1.1838542987867098,-1.3790016284865076,-1.6106759469225127,-1.2929726136149569,0.8637345770122132,-0.3086236547129729,-0.8169767318548042,-0.5345345672158975,0
-0.2017717447351757,0.514492278427617,0.7982821832609616,0.104515834044117,0.8637345770122132,1.2775179002905246,-0.8169767318548042,0.1650881435788891,0
-0.2017717447351757,-1.5220353408793013,-1.631442827355129,-1.2929726136149569,-0.8860481012886536,-0.943080276714372,1.2240250682901004,-0.5345345672158975,0
-0.8945847664961184,1.447616973561557,1.552812172312682,-0.3613136485089076,-1.4693089940556092,-0.6258519657136724,-0.8169767318548042,-0.8843459226132909,0
-1.5873977882570611,0.0445243662798668,0.2514209985354033,-0.4944077863812003,-0.302787208521698,0.960289589289825,-0.8169767318548042,0.5148994989762825,0
0.1446347661452956,0.4600032451351253,0.722136955008036,-1.2929726136149569,-0.302787208521698,-0.943080276714372,-0.8169767318548042,1.214522209771069,0
1.530260809667181,-0.2211096710210353,-0.0531599144763006,-0.6275019242534932,-0.8860481012886536,1.594746211291224,-0.8169767318548042,-0.1847232118185042,0
0.1446347661452956,-0.6706441956841012,-0.8423013709157146,-0.6275019242534932,-0.302787208521698,1.2775179002905246,1.2240250682901004,0.5148994989762825,0
-1.5873977882570611,0.2965361452576461,0.4660120963391039,-1.2929726136149569,-1.4693089940556092,-1.2603085877150713,-0.8169767318548042,0.8647108543736758,0
-1.24099127737659,0.5757924408816725,0.8536605310812714,-0.2947665795727612,1.446995469779169,0.3258329672884261,-0.8169767318548042,-0.8843459226132909,0
0.8374477879062384,-0.6706441956841012,-0.7523115557077112,0.104515834044117,1.446995469779169,-1.5775368987157707,1.2240250682901004,-1.2341572780106842,0
-0.548178255615647,0.9027266406366284,0.964417226721891,-1.0267843378703714,-0.302787208521698,-1.5775368987157707,-0.8169767318548042,-0.8843459226132909,0
-1.5873977882570611,0.6711482491435341,0.929805759334198,0.3707041097887025,0.8637345770122132,1.594746211291224,1.2240250682901004,0.8647108543736758,0
-1.24099127737659,-0.9567116204696884,-0.6484771535446308,1.5685513506393374,-1.4693089940556092,-0.3086236547129729,-0.8169767318548042,1.214522209771069,0
-0.548178255615647,1.1411161612912857,1.1859306180031302,1.8347396263839229,-0.302787208521698,0.0086046562877266,1.2240250682901004,-0.5345345672158975,1
1.1838542987867098,-0.9975783954390576,-0.7384669687526341,-1.093331406806518,-1.4693089940556092,-1.5775368987157707,1.2240250682901004,-0.5345345672158975,0
-0.2017717447351757,0.4668143742966868,0.6875254876203419,1.6350984195754836,-0.302787208521698,0.960289589289825,-0.8169767318548042,1.214522209771069,1
0.1446347661452956,0.4940588909429326,0.6667586071877262,0.3041570408525561,0.8637345770122132,0.960289589289825,-0.8169767318548042,-0.5345345672158975,0
-0.2017717447351757,1.63151746092372,1.5112784114474505,-0.0951253727643221,-1.4693089940556092,0.0086046562877266,-0.8169767318548042,-0.1847232118185042,0
-0.2017717447351757,-0.7932445205922097,-0.9322911861237178,-1.0267843378703714,0.8637345770122132,-0.6258519657136724,-0.8169767318548042,1.214522209771069,0
0.491041277025767,-1.1951011411243442,-1.313017327388348,3.099133936170704,-0.302787208521698,0.6430612782891255,-0.8169767318548042,0.1650881435788891,0
1.530260809667181,-0.1666206377285425,0.0091407268215477,-2.0915374408487133,1.446995469779169,0.6430612782891255,-0.8169767318548042,-1.5839686334080776,0
-1.5873977882570611,-0.4390658041910067,-0.2331395448923072,0.6368923855332881,-0.302787208521698,0.6430612782891255,-0.8169767318548042,-1.2341572780106842,0
-0.8945847664961184,1.318205519491887,1.4974338244923722,0.3707041097887025,-1.4693089940556092,-0.943080276714372,-0.8169767318548042,1.5643335651684624,0
0.8374477879062384,0.2897250160960847,0.0575967811643189,-0.6940489931896395,0.2804736842452576,1.2775179002905246,1.2240250682901004,-1.2341572780106842,0
-0.8945847664961184,1.767740044154953,1.67049116143084,-0.1616724417004685,0.2804736842452576,-1.5775368987157707,-0.8169767318548042,1.214522209771069,0
-0.548178255615647,1.1138716446450383,1.199775204958207,1.3689101438308982,-1.4693089940556092,1.594746211291224,-0.8169767318548042,-0.8843459226132909,0
-0.2017717447351757,-0.9567116204696884,-0.7592338491852498,1.302363074894752,0.8637345770122132,-0.6258519657136724,1.2240250682901004,1.5643335651684624,0
0.1446347661452956,-0.8068667789153333,-1.0568924687194152,0.7034394544694345,-1.4693089940556092,-0.6258519657136724,1.2240250682901004,1.214522209771069,0
0.8374477879062384,0.855048736505697,0.6875254876203419,-1.159878475742664,-1.4693089940556092,-0.3086236547129729,1.2240250682901004,-1.2341572780106842,0
1.1838542987867098,0.95040454476756,1.2897650201662112,0.96962773021402,-1.4693089940556092,-0.6258519657136724,1.2240250682901004,-1.2341572780106842,1
-0.548178255615647,1.3999390694306255,1.67049116143084,1.6350984195754836,0.8637345770122132,0.6430612782891255,-0.8169767318548042,-0.1847232118185042,1
1.1838542987867098,-1.440301790940562,-1.499919251281893,0.96962773021402,0.2804736842452576,-1.5775368987157707,1.2240250682901004,-0.1847232118185042,1
1.530260809667181,-0.7660000039459633,-0.5377204579040112,1.102721868086313,-1.4693089940556092,-0.943080276714372,1.2240250682901004,-0.8843459226132909,0
1.1838542987867098,-0.2551653168288432,-0.4131191753083138,0.96962773021402,-0.302787208521698,-0.943080276714372,-0.8169767318548042,-0.5345345672158975,1
0.8374477879062384,0.0377132371183054,-0.0946936753415327,0.7699865234055808,0.8637345770122132,0.0086046562877266,-0.8169767318548042,-1.2341572780106842,1
0.491041277025767,0.3987030826810698,0.6736809006652648,2.9660397982984112,1.446995469779169,-0.6258519657136724,1.2240250682901004,-0.5345345672158975,1
1.1838542987867098,0.8141819615363283,0.791359889783423,0.104515834044117,-0.8860481012886536,0.6430612782891255,-0.8169767318548042,0.1650881435788891,0
0.8374477879062384,-1.2632124327399603,-1.5345307186695865,0.9030806612778736,0.8637345770122132,0.0086046562877266,1.2240250682901004,-1.2341572780106842,1
1.530260809667181,0.5417367950738641,0.8190490636935784,-1.0267843378703714,-1.4693089940556092,1.2775179002905246,-0.8169767318548042,-0.8843459226132909,0
1.530260809667181,-0.4254435458678833,-0.4684975231286236,-1.492613820423396,-1.4693089940556092,0.3258329672884261,1.2240250682901004,0.5148994989762825,0
-1.24099127737659,0.4804366326198097,0.3690999876535614,1.0361747991501662,-0.8860481012886536,-0.943080276714372,1.2240250682901004,-0.5345345672158975,0
1.530260809667181,0.555359053396987,0.3552554006984843,-0.5609548553173468,1.446995469779169,-1.5775368987157707,-0.8169767318548042,-0.8843459226132909,1
-1.24099127737659,1.2841498736840784,1.4628223571046792,-1.0267843378703714,1.446995469779169,0.960289589289825,-0.8169767318548042,-0.1847232118185042,0
-1.5873977882570611,-0.7796222622690868,-0.966902653511412,-0.3613136485089076,-1.4693089940556092,1.594746211291224,-0.8169767318548042,-0.1847232118185042,0
-0.2017717447351757,-1.51522421171774,-1.5899090664898965,0.9030806612778736,-0.8860481012886536,0.6430612782891255,-0.8169767318548042,0.1650881435788891,0
0.491041277025767,-1.113367591185605,-1.472230077371738,0.8365335923417272,-0.302787208521698,-1.5775368987157707,1.2240250682901004,1.5643335651684624,0
-1.5873977882570611,-1.0112006537621812,-0.8976797187360244,-0.3613136485089076,0.8637345770122132,-1.5775368987157707,1.2240250682901004,-0.8843459226132909,0
-0.2017717447351757,-0.2755987043135282,-0.1362274362067654,0.4372511787248489,0.8637345770122132,0.6430612782891255,-0.8169767318548042,-0.8843459226132909,0
-1.5873977882570611,1.0389492238678613,0.7844375963058844,1.8347396263839229,-1.4693089940556092,0.6430612782891255,1.2240250682901004,0.5148994989762825,0
-0.548178255615647,0.0581466246029903,0.0645190746418575,0.8365335923417272,1.446995469779169,-1.2603085877150713,1.2240250682901004,-0.8843459226132909,0
0.491041277025767,0.90953776979819,0.985184107154508,0.5703453165971416,-1.4693089940556092,-0.6258519657136724,-0.8169767318548042,1.214522209771069,0
0.8374477879062384,-0.2483541876672818,-0.0047038601335294,-2.0915374408487133,-1.4693089940556092,0.0086046562877266,1.2240250682901004,-1.5839686334080776,0
-0.548178255615647,0.5417367950738641,0.2860324659230967,-1.6257079582956888,-0.302787208521698,-1.5775368987157707,-0.8169767318548042,1.214522209771069,0
-0.2017717447351757,-0.4799325791603761,-0.8215344904830988,-0.2947665795727612,-1.4693089940556092,1.2775179002905246,-0.8169767318548042,1.214522209771069,0
-1.24099127737659,0.90953776979819,1.1651637375705144,-0.6275019242534932,-1.4693089940556092,-0.943080276714372,-0.8169767318548042,-1.2341572780106842,0
-0.548178255615647,1.3863168111075028,1.5251229984025276,-0.0285783038281757,0.8637345770122132,-1.5775368987157707,-0.8169767318548042,-0.1847232118185042,0
0.1446347661452956,-0.8681669413693875,-0.7107777948424792,0.7034394544694345,-0.8860481012886536,1.2775179002905246,1.2240250682901004,-1.2341572780106842,0
0.491041277025767,-1.120178720347167,-0.966902653511412,0.0379687651079706,0.2804736842452576,1.2775179002905246,1.2240250682901004,0.5148994989762825,0
0.1446347661452956,-0.1666206377285425,-0.4477306426960079,0.5037982476609952,0.8637345770122132,0.0086046562877266,-0.8169767318548042,-0.5345345672158975,0
0.491041277025767,-1.4334906617790004,-1.5137638382369707,0.6368923855332881,0.2804736842452576,1.594746211291224,-0.8169767318548042,-1.5839686334080776,0
1.530260809667181,0.6370926033357268,0.5767687919797223,-0.427860717445054,-0.302787208521698,-1.5775368987157707,1.2240250682901004,1.5643335651684624,1
-0.8945847664961184,-0.7455666164612783,-0.6969332078874014,-0.8271431310619323,0.8637345770122132,-0.943080276714372,-0.8169767318548042,0.8647108543736758,0
1.1838542987867098,1.318205519491887,1.2689981397335943,-0.5609548553173468,1.446995469779169,-0.943080276714372,1.2240250682901004,0.1650881435788891,1
-1.24099127737659,-1.8898363156036275,-1.5968313599674349,0.0379687651079706,0.2804736842452576,1.594746211291224,1.2240250682901004,1.5643335651684624,0
-1.24099127737659,-1.460735178425247,-1.2437943926129602,-0.7605960621257859,1.446995469779169,1.2775179002905246,-0.8169767318548042,1.5643335651684624,0
-0.548178255615647,0.4123253410041939,0.202964944192632,-1.825349165104128,0.8637345770122132,1.2775179002905246,-0.8169767318548042,1.214522209771069,0
0.1446347661452956,0.0240909787951824,-0.2192949579372301,-0.8271431310619323,-0.302787208521698,-1.2603085877150713,-0.8169767318548042,-0.8843459226132909,0
-1.24099127737659,1.6996287525393357,1.4005217158068308,0.6368923855332881,1.446995469779169,-1.5775368987157707,-0.8169767318548042,0.1650881435788891,0
-0.2017717447351757,-0.1461872502438575,-0.0600822079538392,-0.0285783038281757,-0.8860481012886536,-1.5775368987157707,-0.8169767318548042,-1.5839686334080776,0
-1.24099127737659,-1.270023561901522,-1.313017327388348,1.5685513506393374,0.8637345770122132,0.0086046562877266,-0.8169767318548042,-0.8843459226132909,0
0.491041277025767,-1.6786913115952178,-1.645287414310206,0.7699865234055808,0.2804736842452576,-1.2603085877150713,-0.8169767318548042,0.1650881435788891,0
0.1446347661452956,-1.4743574367483698,-1.4514631969391218,0.2376099719164097,-0.302787208521698,-0.3086236547129729,1.2240250682901004,-1.2341572780106842,0
1.530260809667181,0.766504057405397,0.6044579658898779,0.5037982476609952,-1.4693089940556092,0.0086046562877266,-0.8169767318548042,0.1650881435788891,0
-1.24099127737659,0.7324484115975884,0.9367280528117368,0.3041570408525561,-1.4693089940556092,-0.3086236547129729,-0.8169767318548042,0.5148994989762825,0
0.491041277025767,-0.6706441956841012,-0.766156142662789,-0.8271431310619323,0.2804736842452576,0.3258329672884261,-0.8169767318548042,-0.1847232118185042,0
-0.8945847664961184,1.3454500361381327,1.5666567592677605,-0.6275019242534932,0.2804736842452576,-1.2603085877150713,1.2240250682901004,-1.2341572780106842,0
0.491041277025767,0.0581466246029903,-0.0877713818639941,-0.0285783038281757,-1.4693089940556092,0.3258329672884261,1.2240250682901004,-1.5839686334080776,0
-1.5873977882570611,-0.4390658041910067,-0.6830886209323243,-1.7588020961679816,0.8637345770122132,1.2775179002905246,1.2240250682901004,1.5643335651684624,0
-0.8945847664961184,1.3250166486534485,1.4697446505822178,-1.0267843378703714,-0.8860481012886536,-0.6258519657136724,1.2240250682901004,0.1650881435788891,0
0.1446347661452956,-0.0985093461129267,0.0229853137766254,-1.492613820423396,0.2804736842452576,-0.943080276714372,1.2240250682901004,-1.5839686334080776,0
1.1838542987867098,1.815417948285883,1.5805013462228374,2.8329456604261183,0.2804736842452576,0.960289589289825,1.2240250682901004,0.1650881435788891,1
0.8374477879062384,-0.8204890372384562,-0.835379077438176,-1.4260667514872496,1.446995469779169,1.594746211291224,-0.8169767318548042,0.8647108543736758,0
0.491041277025767,0.3237806619038926,0.0991305420295509,1.3689101438308982,-0.302787208521698,0.960289589289825,1.2240250682901004,-1.5839686334080776,1
-0.2017717447351757,-1.6650690532720949,-1.6798988816978997,1.5685513506393374,1.446995469779169,1.2775179002905246,-0.8169767318548042,0.8647108543736758,0
0.491041277025767,-0.2347319293441582,0.0991305420295509,-0.7605960621257859,0.8637345770122132,-0.6258519657136724,-0.8169767318548042,-0.1847232118185042,0
1.1838542987867098,-1.1338009786702898,-1.3614733817311184,2.034380833192362,0.8637345770122132,-0.943080276714372,-0.8169767318548042,1.214522209771069,1
0.491041277025767,-0.0644537003051182,0.0229853137766254,-0.4944077863812003,-0.8860481012886536,0.3258329672884261,-0.8169767318548042,-0.5345345672158975,0
1.1838542987867098,-0.9703338787928112,-1.2784058600006538,-0.4944077863812003,-0.8860481012886536,-0.3086236547129729,-0.8169767318548042,-0.5345345672158975,0
-0.548178255615647,0.8686709948288212,0.9228834658566584,-0.960237268934225,0.2804736842452576,0.0086046562877266,-0.8169767318548042,-1.2341572780106842,0
-0.548178255615647,-1.0384451704084277,-0.911524305691102,-1.093331406806518,-1.4693089940556092,0.960289589289825,1.2240250682901004,1.214522209771069,0
-0.2017717447351757,0.2965361452576461,0.3967891615637157,-0.6940489931896395,-0.302787208521698,0.960289589289825,-0.8169767318548042,-0.8843459226132909,0
0.1446347661452956,0.0922022704107982,-0.2400618383698458,-1.093331406806518,-0.8860481012886536,0.960289589289825,1.2240250682901004,0.8647108543736758,0
-0.2017717447351757,-1.5016019533946163,-1.603753653444974,0.3041570408525561,1.446995469779169,0.6430612782891255,1.2240250682901004,-0.5345345672158975,0
-0.8945847664961184,1.8835292399015,1.6012682266554532,-0.3613136485089076,1.446995469779169,-0.943080276714372,-0.8169767318548042,-0.8843459226132909,0
-1.5873977882570611,-0.3028432209597747,-0.1777611970719974,2.367116177873094,-0.302787208521698,-1.5775368987157707,1.2240250682901004,-0.1847232118185042,0
0.1446347661452956,1.011704707221614,1.2897650201662112,0.5037982476609952,-1.4693089940556092,0.3258329672884261,1.2240250682901004,0.1650881435788891,0
0.491041277025767,0.4327587284888783,0.3206439333107902,-0.8271431310619323,0.2804736842452576,0.0086046562877266,1.2240250682901004,-1.2341572780106842,0
-1.24099127737659,0.9776490614138068,0.7359815419631132,1.5685513506393374,0.8637345770122132,-0.3086236547129729,1.2240250682901004,-1.5839686334080776,1
0.8374477879062384,-1.406246145132754,-1.645287414310206,-1.159878475742664,0.8637345770122132,-1.5775368987157707,1.2240250682901004,-1.2341572780106842,0
-1.24099127737659,0.8482376073441356,0.5906133789348007,0.8365335923417272,-1.4693089940556092,-1.2603085877150713,1.2240250682901004,0.8647108543736758,0
-0.548178255615647,1.617895202600597,1.6081905201329918,-0.2282195106366148,-1.4693089940556092,0.3258329672884261,1.2240250682901004,-0.5345345672158975,0
-1.24099127737659,-1.5492798575255478,-1.728354936040671,-0.8271431310619323,-1.4693089940556092,-1.5775368987157707,-0.8169767318548042,0.5148994989762825,0
0.8374477879062384,1.0457603530294226,1.275920433211134,0.3041570408525561,1.446995469779169,-1.5775368987157707,-0.8169767318548042,1.214522209771069,1
-1.5873977882570611,-0.8341112955615797,-1.1745714578375734,0.4372511787248489,-1.4693089940556092,0.6430612782891255,-0.8169767318548042,1.5643335651684624,0
-0.2017717447351757,1.1683606779375313,1.1236299767052818,-0.5609548553173468,-1.4693089940556092,-0.943080276714372,-0.8169767318548042,-0.1847232118185042,0
1.530260809667181,0.7120150241129041,0.4937012702492582,0.5703453165971416,0.2804736842452576,-0.6258519657136724,1.2240250682901004,0.5148994989762825,1
0.8374477879062384,0.1875580786726604,0.0575967811643189,0.5703453165971416,0.8637345770122132,1.594746211291224,1.2240250682901004,-1.2341572780106842,0
0.1446347661452956,0.0922022704107982,0.3690999876535614,0.4372511787248489,0.8637345770122132,1.594746211291224,-0.8169767318548042,1.5643335651684624,0
1.530260809667181,0.180746949511099,-0.1293051427292268,0.5703453165971416,-0.302787208521698,1.2775179002905246,-0.8169767318548042,-0.8843459226132909,0
-0.8945847664961184,-1.1269898495087285,-1.0499701752418766,0.2376099719164097,-1.4693089940556092,-1.2603085877150713,-0.8169767318548042,0.5148994989762825,0
-0.548178255615647,1.0730048696756684,0.895194291946504,0.104515834044117,-0.302787208521698,0.6430612782891255,-0.8169767318548042,0.1650881435788891,0
0.8374477879062384,-0.2142985418594739,-0.1500720231618425,0.104515834044117,-0.302787208521698,-0.943080276714372,1.2240250682901004,-1.2341572780106842,0
-0.548178255615647,-0.0508314419819953,-0.2677510122800007,-0.1616724417004685,0.2804736842452576,-0.3086236547129729,1.2240250682901004,0.8647108543736758,0
0.8374477879062384,-0.8409224247231412,-0.5238758709489334,-0.4944077863812003,0.2804736842452576,-1.5775368987157707,1.2240250682901004,1.5643335651684624,0
0.491041277025767,-0.2619764459904047,-0.2054503709821523,-0.5609548553173468,-0.8860481012886536,1.594746211291224,1.2240250682901004,0.5148994989762825,0
1.1838542987867098,-1.7195580865645876,-1.5068415447594317,-2.024990371912567,0.8637345770122132,-0.3086236547129729,-0.8169767318548042,0.1650881435788891,0
-1.5873977882570611,-1.1065564620240431,-1.2022606317477282,0.104515834044117,-1.4693089940556092,0.960289589289825,-0.8169767318548042,0.5148994989762825,0
-1.24099127737659,0.855048736505697,0.7705930093508072,2.367116177873094,-0.8860481012886536,0.960289589289825,-0.8169767318548042,1.5643335651684624,0
0.8374477879062384,-0.4731214499988146,-0.1985280775046137,0.4372511787248489,-1.4693089940556092,0.3258329672884261,-0.8169767318548042,-0.5345345672158975,0
0.491041277025767,0.6370926033357268,0.4452452159064869,0.3041570408525561,-0.302787208521698,-0.3086236547129729,-0.8169767318548042,-0.8843459226132909,0
1.530260809667181,0.4668143742966868,0.6667586071877262,-0.3613136485089076,0.8637345770122132,0.6430612782891255,1.2240250682901004,-0.1847232118185042,1
0.8374477879062384,1.8086068191243216,1.6081905201329918,0.3041570408525561,0.8637345770122132,0.6430612782891255,-0.8169767318548042,0.5148994989762825,1
0.8374477879062384,0.3782696951963855,0.4452452159064869,0.3041570408525561,1.446995469779169,-1.2603085877150713,-0.8169767318548042,1.214522209771069,1
-0.548178255615647,-0.8204890372384562,-1.1676491643600349,0.0379687651079706,-1.4693089940556092,0.6430612782891255,1.2240250682901004,0.5148994989762825,0
-1.24099127737659,1.42037245691531,1.4005217158068308,0.9030806612778736,0.8637345770122132,-0.6258519657136724,1.2240250682901004,-0.5345345672158975,1
0.491041277025767,-1.4743574367483698,-1.1953383382701896,3.099133936170704,0.2804736842452576,0.960289589289825,-0.8169767318548042,0.8647108543736758,0
0.491041277025767,0.2897250160960847,0.6321471398000321,2.1009279021285083,-0.8860481012886536,0.3258329672884261,1.2240250682901004,0.1650881435788891,0
-1.24099127737659,-1.5356575992024242,-1.576064479534819,1.302363074894752,0.8637345770122132,0.0086046562877266,1.2240250682901004,1.5643335651684624,0
-0.8945847664961184,-1.8625917989573813,-1.693743468652977,0.1710629029802634,0.8637345770122132,0.3258329672884261,-0.8169767318548042,-1.5839686334080776,0
-1.24099127737659,0.752881799082274,0.6598363137101876,-0.0285783038281757,0.2804736842452576,0.0086046562877266,-0.8169767318548042,1.214522209771069,0
-0.548178255615647,-0.929467103823442,-0.9599803600338728,-0.2947665795727612,-0.8860481012886536,-0.943080276714372,1.2240250682901004,-1.2341572780106842,0
0.491041277025767,-0.7864333914306483,-0.5377204579040112,0.6368923855332881,-0.8860481012886536,1.2775179002905246,-0.8169767318548042,-0.5345345672158975,0
-0.2017717447351757,-1.3926238868096306,-1.693743468652977,-0.0951253727643221,-0.8860481012886536,0.960289589289825,-0.8169767318548042,-0.1847232118185042,0
-0.2017717447351757,-0.6978887123303475,-0.9461357730787956,-0.3613136485089076,-1.4693089940556092,0.6430612782891255,1.2240250682901004,0.8647108543736758,0
-1.24099127737659,0.0853911412492368,0.1683534768049385,1.9678337642562156,1.446995469779169,-0.3086236547129729,1.2240250682901004,-0.1847232118185042,0
0.491041277025767,-1.4811685659099314,-1.6106759469225127,0.2376099719164097,-0.302787208521698,-1.2603085877150713,-0.8169767318548042,-0.5345345672158975,0
0.8374477879062384,-1.0929342037009204,-1.430696316506506,-1.5591608893595423,-1.4693089940556092,0.0086046562877266,1.2240250682901004,0.1650881435788891,0
0.491041277025767,-1.045256299569989,-1.2368720991354218,-0.2282195106366148,-1.4693089940556092,-0.3086236547129729,-0.8169767318548042,1.214522209771069,0
-0.8945847664961184,0.6507148616588497,0.5906133789348007,-0.2947665795727612,0.8637345770122132,1.594746211291224,1.2240250682901004,-1.5839686334080776,0
0.1446347661452956,-1.4471129201021231,-1.659132001265284,1.502004281703191,1.446995469779169,0.6430612782891255,1.2240250682901004,0.1650881435788891,0
-0.2017717447351757,-1.3790016284865076,-1.4237740230289668,-0.6275019242534932,-0.8860481012886536,-0.6258519657136724,1.2240250682901004,-1.2341572780106842,0
-0.548178255615647,-1.3858127576480692,-1.693743468652977,0.0379687651079706,-0.302787208521698,0.960289589289825,-0.8169767318548042,0.1650881435788891,0
-1.5873977882570611,0.3987030826810698,0.202964944192632,-1.093331406806518,0.2804736842452576,0.3258329672884261,-0.8169767318548042,-0.5345345672158975,0
-1.5873977882570611,0.3918919535195084,0.5352350311144909,0.2376099719164097,-0.302787208521698,-0.3086236547129729,-0.8169767318548042,1.5643335651684624,0
-1.5873977882570611,0.3442140493885769,0.6667586071877262,-0.2947665795727612,0.2804736842452576,0.0086046562877266,-0.8169767318548042,0.5148994989762825,0
-0.8945847664961184,-0.0235869253357489,0.2791101724455582,0.3041570408525561,-0.302787208521698,1.594746211291224,-0.8169767318548042,-1.2341572780106842,0
0.491041277025767,0.923160028121314,1.0613293354074331,0.1710629029802634,-0.302787208521698,1.594746211291224,-0.8169767318548042,1.5643335651684624,0
1.1838542987867098,1.263716486199394,1.0267178680197393,1.0361747991501662,-0.302787208521698,-1.5775368987157707,-0.8169767318548042,1.214522209771069,1
1.530260809667181,0.2011803369957839,0.2652655854904804,1.2358160059586054,-0.302787208521698,-0.943080276714372,-0.8169767318548042,-1.2341572780106842,1
-1.24099127737659,0.1875580786726604,-0.1223828492516876,-0.2282195106366148,1.446995469779169,1.594746211291224,-0.8169767318548042,-1.5839686334080776,0
-0.548178255615647,0.7869374448900813,0.7705930093508072,1.6350984195754836,0.2804736842452576,-0.6258519657136724,1.2240250682901004,-0.8843459226132909,1
0.491041277025767,-1.249590174416837,-1.5137638382369707,-1.2929726136149569,-0.302787208521698,0.3258329672884261,1.2240250682901004,-0.5345345672158975,0
-1.24099127737659,-0.8136779080768948,-1.1399599904498798,-0.4944077863812003,-0.302787208521698,1.594746211291224,1.2240250682901004,-0.5345345672158975,0
-1.5873977882570611,1.433994715238434,1.2136197919132845,0.104515834044117,1.446995469779169,0.0086046562877266,-0.8169767318548042,0.1650881435788891,0
0.491041277025767,-0.3232766084444596,-0.6207879796344759,0.8365335923417272,0.2804736842452576,-0.943080276714372,1.2240250682901004,-0.5345345672158975,0
-0.548178255615647,1.5429727818234198,1.504356117969912,0.104515834044117,0.2804736842452576,1.2775179002905246,1.2240250682901004,-0.8843459226132909,0
0.491041277025767,1.9380182731939928,1.628957400565609,-0.427860717445054,-0.302787208521698,0.0086046562877266,1.2240250682901004,0.5148994989762825,0
-0.8945847664961184,-1.6923135699183414,-1.3891625556412734,0.7699865234055808,1.446995469779169,1.594746211291224,1.2240250682901004,0.1650881435788891,0
0.491041277025767,-0.7115109706534705,-0.7592338491852498,1.8347396263839229,-0.302787208521698,1.594746211291224,-0.8169767318548042,-0.8843459226132909,0
-0.548178255615647,0.5962258283663568,0.8675051180363484,0.3041570408525561,0.8637345770122132,1.594746211291224,-0.8169767318548042,-0.1847232118185042,0
-0.8945847664961184,0.180746949511099,-0.0531599144763006,0.0379687651079706,1.446995469779169,-0.6258519657136724,-0.8169767318548042,0.1650881435788891,0
-0.2017717447351757,0.5962258283663568,0.825971357171117,-0.7605960621257859,-0.8860481012886536,0.960289589289825,-0.8169767318548042,1.5643335651684624,0
0.8374477879062384,0.2216137244804689,0.0091407268215477,0.5037982476609952,1.446995469779169,0.6430612782891255,-0.8169767318548042,0.5148994989762825,0
1.1838542987867098,-1.2223456577705905,-1.1053485230621858,0.5037982476609952,-0.8860481012886536,-0.6258519657136724,-0.8169767318548042,-1.5839686334080776,0
-0.8945847664961184,1.59065068595435,1.4420554766720624,1.901286695320069,-0.8860481012886536,0.960289589289825,-0.8169767318548042,-0.1847232118185042,0
-1.5873977882570611,-0.6025329040684848,-0.4546529361735464,-0.960237268934225,0.8637345770122132,0.6430612782891255,-0.8169767318548042,-0.1847232118185042,0
1.530260809667181,1.4544281027231185,1.3866771288517523,-1.6257079582956888,-0.8860481012886536,1.2775179002905246,1.2240250682901004,-1.2341572780106842,0
0.1446347661452956,-0.3777656417369519,-0.1639166101169203,2.1009279021285083,0.8637345770122132,0.6430612782891255,1.2240250682901004,1.5643335651684624,0
0.1446347661452956,0.90953776979819,0.618302552844955,-0.1616724417004685,-1.4693089940556092,1.2775179002905246,-0.8169767318548042,0.1650881435788891,0
1.1838542987867098,-0.9703338787928112,-1.077659349152031,0.3041570408525561,0.2804736842452576,1.2775179002905246,-0.8169767318548042,-1.2341572780106842,0
1.530260809667181,0.9980824488984912,0.9228834658566584,0.7699865234055808,1.446995469779169,-1.2603085877150713,1.2240250682901004,-0.5345345672158975,1
-1.5873977882570611,0.5281145367507412,0.5906133789348007,-0.2282195106366148,0.8637345770122132,0.6430612782891255,1.2240250682901004,0.8647108543736758,0
0.1446347661452956,0.5076811492660556,0.7844375963058844,0.1710629029802634,-0.302787208521698,0.0086046562877266,-0.8169767318548042,-1.5839686334080776,0
0.8374477879062384,1.5157282651771729,1.2620758462560555,-1.159878475742664,-0.8860481012886536,-0.3086236547129729,-0.8169767318548042,0.5148994989762825,0
-0.2017717447351757,0.4940588909429326,0.202964944192632,0.96962773021402,-0.8860481012886536,0.960289589289825,1.2240250682901004,-0.5345345672158975,0
-0.548178255615647,-1.7876693781802035,-1.6660542947428223,-0.3613136485089076,-1.4693089940556092,1.2775179002905246,-0.8169767318548042,0.8647108543736758,0
-1.5873977882570611,1.2092274529069011,1.199775204958207,-0.0285783038281757,0.2804736842452576,-0.6258519657136724,-0.8169767318548042,-1.2341572780106842,0
-0.8945847664961184,-1.365379370163384,-1.0984262295846472,-0.6275019242534932,1.446995469779169,-1.2603085877150713,-0.8169767318548042,1.214522209771069,0
0.8374477879062384,1.263716486199394,0.9990286941095852,-2.8235551991463237,0.8637345770122132,1.594746211291224,-0.8169767318548042,-1.5839686334080776,1
-1.24099127737659,-1.1951011411243442,-0.8838351317809472,0.3707041097887025,0.2804736842452576,-1.2603085877150713,-0.8169767318548042,0.5148994989762825,0
-1.5873977882570611,-1.3177014660324533,-1.1191931100172636,-1.2264255446788106,-0.8860481012886536,1.2775179002905246,-0.8169767318548042,0.1650881435788891,0
-1.5873977882570611,0.7937485740516428,0.7429038354406517,-0.427860717445054,-1.4693089940556092,-0.3086236547129729,1.2240250682901004,-1.2341572780106842,0
0.1446347661452956,-0.8409224247231412,-0.9738249469889504,-0.0951253727643221,-1.4693089940556092,-1.2603085877150713,-0.8169767318548042,1.5643335651684624,0
-0.2017717447351757,-0.0440203128204338,-0.0670045014313778,0.96962773021402,1.446995469779169,0.6430612782891255,1.2240250682901004,0.5148994989762825,0
0.8374477879062384,0.5417367950738641,0.7498261289181903,0.5703453165971416,0.2804736842452576,1.2775179002905246,1.2240250682901004,1.214522209771069,1
-0.8945847664961184,-0.5820995165838004,-0.7177000883200177,-0.6940489931896395,-0.8860481012886536,0.0086046562877266,1.2240250682901004,0.1650881435788891,0
0.1446347661452956,0.9844601905753684,1.1651637375705144,-2.0915374408487133,-0.302787208521698,-0.3086236547129729,-0.8169767318548042,-0.5345345672158975,0
-1.5873977882570611,1.2092274529069011,1.1859306180031302,1.102721868086313,-0.8860481012886536,-1.5775368987157707,-0.8169767318548042,-0.8843459226132909,0
1.1838542987867098,0.160313562026414,0.0506744876867803,1.4354572127670446,1.446995469779169,-1.5775368987157707,1.2240250682901004,1.214522209771069,1
-0.8945847664961184,1.0730048696756684,0.7636707158732686,0.6368923855332881,-0.302787208521698,-0.6258519657136724,-0.8169767318548042,0.1650881435788891,0
-0.8945847664961184,-1.780858249018642,-1.5691421860572805,0.3707041097887025,0.8637345770122132,0.960289589289825,-0.8169767318548042,0.1650881435788891,0
-0.8945847664961184,-0.3641433834138289,-0.1431497296843039,-0.0285783038281757,-1.4693089940556092,-0.943080276714372,-0.8169767318548042,0.8647108543736758,0
-1.24099127737659,-0.0780759586282417,-0.0531599144763006,0.6368923855332881,-1.4693089940556092,0.960289589289825,-0.8169767318548042,-1.2341572780106842,0
-1.24099127737659,-0.5548549999375539,-0.6623217404997079,0.96962773021402,1.446995469779169,0.3258329672884261,-0.8169767318548042,-0.8843459226132909,0
0.491041277025767,-1.562902115848671,-1.472230077371738,-0.8271431310619323,0.2804736842452576,1.2775179002905246,-0.8169767318548042,-0.8843459226132909,0
-0.8945847664961184,-0.6638330665225397,-0.3785077079206203,-1.492613820423396,1.446995469779169,-1.5775368987157707,-0.8169767318548042,1.5643335651684624,0
0.491041277025767,0.7052038949513426,0.4729343898166425,0.5037982476609952,0.2804736842452576,0.6430612782891255,-0.8169767318548042,-0.8843459226132909,0
-1.24099127737659,1.5770284276312272,1.3520656614640596,0.3041570408525561,0.2804736842452576,1.2775179002905246,-0.8169767318548042,-0.1847232118185042,0
0.8374477879062384,1.4135613277537484,1.3520656614640596,0.6368923855332881,-0.8860481012886536,-0.3086236547129729,-0.8169767318548042,-0.1847232118185042,0
-1.5873977882570611,-0.8204890372384562,-0.5930988057243209,-0.8936901999980786,0.2804736842452576,0.0086046562877266,-0.8169767318548042,-1.5839686334080776,0
-1.5873977882570611,-0.6638330665225397,-0.939213479601257,-0.7605960621257859,-1.4693089940556092,0.960289589289825,-0.8169767318548042,0.1650881435788891,0
-1.24099127737659,1.46123923188468,1.5458898788351434,-1.093331406806518,0.2804736842452576,-0.943080276714372,-0.8169767318548042,-1.5839686334080776,0
-0.2017717447351757,0.8073708323747668,0.5352350311144909,-1.492613820423396,-0.8860481012886536,0.0086046562877266,-0.8169767318548042,-1.5839686334080776,0
0.8374477879062384,0.7801263157285199,0.8744274115138883,0.5037982476609952,-0.302787208521698,-0.3086236547129729,-0.8169767318548042,-0.5345345672158975,1
1.1838542987867098,-1.2768346910630834,-1.4929969578043545,0.1710629029802634,1.446995469779169,0.960289589289825,-0.8169767318548042,-0.1847232118185042,0
1.1838542987867098,0.4872477617813712,0.3760222811311,0.8365335923417272,-0.8860481012886536,0.960289589289825,1.2240250682901004,-1.5839686334080776,1
0.1446347661452956,1.1887940654222156,1.5251229984025276,-0.8271431310619323,0.8637345770122132,-1.5775368987157707,-0.8169767318548042,-0.1847232118185042,0
1.1838542987867098,-1.2564013035783983,-1.437618609984045,1.0361747991501662,0.8637345770122132,-0.943080276714372,1.2240250682901004,-0.5345345672158975,1
0.491041277025767,0.4668143742966868,0.2375764115803255,-1.2929726136149569,1.446995469779169,-0.3086236547129729,1.2240250682901004,-0.5345345672158975,0
-0.548178255615647,-0.6978887123303475,-0.6138656861569367,-0.2947665795727612,1.446995469779169,-1.5775368987157707,1.2240250682901004,-0.5345345672158975,0
1.530260809667181,-1.4811685659099314,-1.3476287947760413,0.5703453165971416,-0.302787208521698,-0.943080276714372,-0.8169767318548042,1.5643335651684624,0
-1.5873977882570611,-0.4867437083219376,-0.1708389035944588,-1.7588020961679816,-1.4693089940556092,0.0086046562877266,-0.8169767318548042,-0.8843459226132909,0
-0.548178255615647,1.7745511733165142,1.67049116143084,-0.6275019242534932,0.2804736842452576,-1.2603085877150713,1.2240250682901004,-0.8843459226132909,0
-1.5873977882570611,1.3318277778150098,1.1236299767052818,1.0361747991501662,1.446995469779169,-0.6258519657136724,1.2240250682901004,0.1650881435788891,1
1.530260809667181,-0.3709545125753904,-0.2815955992350785,0.2376099719164097,1.446995469779169,1.594746211291224,-0.8169767318548042,1.5643335651684624,0
0.1446347661452956,1.7949845608011985,1.4766669440597564,-0.7605960621257859,0.2804736842452576,-1.2603085877150713,1.2240250682901004,-0.1847232118185042,0
1.530260809667181,0.6711482491435341,0.6944477810978805,-0.8936901999980786,-1.4693089940556092,1.594746211291224,1.2240250682901004,-0.8843459226132909,0
0.491041277025767,1.80179568996276,1.6843357483859185,-0.2947665795727612,0.8637345770122132,0.960289589289825,-0.8169767318548042,-0.8843459226132909,0
0.8374477879062384,-0.2892209626366511,-0.0393153275212229,0.3041570408525561,-0.8860481012886536,1.2775179002905246,-0.8169767318548042,-1.2341572780106842,0
1.530260809667181,-0.0508314419819953,-0.115460555774149,0.96962773021402,-0.302787208521698,0.960289589289825,-0.8169767318548042,1.5643335651684624,1
-0.2017717447351757,0.7392595407591499,0.9367280528117368,1.4354572127670446,-1.4693089940556092,0.6430612782891255,-0.8169767318548042,1.5643335651684624,0
0.8374477879062384,1.747306656670267,1.4974338244923722,-0.8271431310619323,-0.302787208521698,-1.2603085877150713,-0.8169767318548042,-0.1847232118185042,1
-1.5873977882570611,1.107060515483477,1.2343866723459014,0.3041570408525561,0.8637345770122132,1.594746211291224,1.2240250682901004,0.5148994989762825,0
0.8374477879062384,-1.7331803448877106,-1.672976588220361,-0.427860717445054,0.8637345770122132,0.6430612782891255,-0.8169767318548042,1.5643335651684624,0
-1.24099127737659,-0.4799325791603761,-0.3508185340104654,0.1710629029802634,-0.302787208521698,-0.943080276714372,1.2240250682901004,0.5148994989762825,0
1.1838542987867098,1.3863168111075028,1.4282108897169852,0.5703453165971416,-0.8860481012886536,-1.5775368987157707,1.2240250682901004,-1.5839686334080776,0
0.8374477879062384,-1.365379370163384,-1.0915039361071086,1.0361747991501662,-1.4693089940556092,-0.3086236547129729,-0.8169767318548042,-0.5345345672158975,0
-1.24099127737659,-0.0508314419819953,0.0852859550744738,1.5685513506393374,0.2804736842452576,-0.6258519657136724,1.2240250682901004,0.1650881435788891,0
1.1838542987867098,1.222849711230024,1.1859306180031302,-1.825349165104128,-0.302787208521698,-1.2603085877150713,-0.8169767318548042,1.5643335651684624,1
0.8374477879062384,-1.0929342037009204,-1.3891625556412734,-1.5591608893595423,-1.4693089940556092,-0.6258519657136724,1.2240250682901004,-0.1847232118185042,0
1.1838542987867098,-1.099745332862482,-1.1607268708824956,0.4372511787248489,1.446995469779169,1.594746211291224,-0.8169767318548042,-1.2341572780106842,0
-1.5873977882570611,1.3386389069765714,1.2343866723459014,-1.0267843378703714,0.2804736842452576,-0.943080276714372,1.2240250682901004,1.214522209771069,0
-1.5873977882570611,1.7541177858318286,1.5458898788351434,-0.5609548553173468,0.8637345770122132,1.594746211291224,-0.8169767318548042,0.1650881435788891,0
0.1446347661452956,-1.0180117829237427,-0.8492236643932537,2.4336632468092403,0.8637345770122132,1.594746211291224,-0.8169767318548042,-1.5839686334080776,0
1.1838542987867098,1.107060515483477,1.4351331831945238,0.4372511787248489,0.2804736842452576,0.3258329672884261,-0.8169767318548042,-1.5839686334080776,1
1.1838542987867098,1.222849711230024,1.483589237537295,-0.8936901999980786,0.2804736842452576,-0.3086236547129729,-0.8169767318548042,0.1650881435788891,1
0.491041277025767,-0.5684772582606769,-0.2815955992350785,-1.492613820423396,0.2804736842452576,-0.6258519657136724,1.2240250682901004,0.8647108543736758,0
1.530260809667181,-0.1053204752744881,0.0506744876867803,0.96962773021402,-0.8860481012886536,-0.3086236547129729,-0.8169767318548042,0.5148994989762825,0
0.8374477879062384,-0.1121316044360496,0.1129751289846287,-0.5609548553173468,0.2804736842452576,1.2775179002905246,1.2240250682901004,-0.8843459226132909,0
0.8374477879062384,1.815417948285883,1.5389675853576048,-0.6275019242534932,-0.302787208521698,0.960289589289825,1.2240250682901004,-0.1847232118185042,1
0.1446347661452956,-0.929467103823442,-0.9461357730787956,1.70164548851163,-0.302787208521698,-0.3086236547129729,1.2240250682901004,0.1650881435788891,0
1.1838542987867098,1.3386389069765714,1.5943459331779146,-0.3613136485089076,-0.302787208521698,-0.3086236547129729,-0.8169767318548042,0.8647108543736758,1
1.1838542987867098,0.8891043823135055,0.8882719984689654,1.169268937022459,1.446995469779169,0.3258329672884261,1.2240250682901004,-0.5345345672158975,1
0.1446347661452956,0.8278042198594512,1.172086031048053,-0.2947665795727612,0.2804736842452576,0.0086046562877266,-0.8169767318548042,-0.5345345672158975,0
-0.8945847664961184,1.433994715238434,1.345143367986521,-0.8936901999980786,1.446995469779169,1.594746211291224,-0.8169767318548042,-0.5345345672158975,0
-0.8945847664961184,1.767740044154953,1.5943459331779146,0.9030806612778736,-0.8860481012886536,0.0086046562877266,-0.8169767318548042,1.214522209771069,0
-0.548178255615647,-1.3313237243555762,-1.2714835665231152,0.7034394544694345,0.8637345770122132,1.2775179002905246,-0.8169767318548042,-0.5345345672158975,0
1.530260809667181,1.3318277778150098,1.172086031048053,0.1710629029802634,0.8637345770122132,1.594746211291224,-0.8169767318548042,-0.1847232118185042,1
-0.548178255615647,-1.760424861533957,-1.631442827355129,-0.7605960621257859,-0.8860481012886536,-1.5775368987157707,-0.8169767318548042,1.5643335651684624,0
-1.24099127737659,0.9776490614138068,0.791359889783423,2.4336632468092403,-1.4693089940556092,-0.6258519657136724,-0.8169767318548042,-0.5345345672158975,0
0.1446347661452956,-0.5276104832913076,-0.6277102731120144,0.96962773021402,1.446995469779169,1.594746211291224,1.2240250682901004,0.5148994989762825,0
0.491041277025767,1.1615495487759695,1.448977770149602,1.9678337642562156,0.8637345770122132,-0.3086236547129729,-0.8169767318548042,0.8647108543736758,1
-1.5873977882570611,1.5089171360156113,1.345143367986521,1.6350984195754836,1.446995469779169,0.3258329672884261,-0.8169767318548042,-1.5839686334080776,1
-0.8945847664961184,0.1126356578954832,0.0022184333440091,-0.5609548553173468,-0.302787208521698,1.2775179002905246,-0.8169767318548042,0.1650881435788891,0
-0.548178255615647,-0.1257538627591731,-0.2608287188024621,0.5037982476609952,1.446995469779169,0.960289589289825,-0.8169767318548042,1.5643335651684624,0
0.8374477879062384,-1.7536137323723957,-1.631442827355129,-0.2282195106366148,0.2804736842452576,-0.943080276714372,-0.8169767318548042,-0.1847232118185042,0
-0.8945847664961184,-1.5084130825561777,-1.6175982404000513,0.5703453165971416,-0.302787208521698,0.6430612782891255,1.2240250682901004,-1.2341572780106842,0
-0.548178255615647,-0.2619764459904047,-0.3992745883532366,-0.8936901999980786,-1.4693089940556092,0.0086046562877266,-0.8169767318548042,-0.1847232118185042,0
-0.8945847664961184,1.318205519491887,1.0613293354074331,0.8365335923417272,0.2804736842452576,0.960289589289825,-0.8169767318548042,-0.5345345672158975,1
-1.24099127737659,-1.5288464700408628,-1.6868211751754387,-0.8936901999980786,-1.4693089940556092,0.6430612782891255,1.2240250682901004,-0.8843459226132909,0
-0.548178255615647,0.7801263157285199,0.4729343898166425,0.4372511787248489,0.2804736842452576,0.0086046562877266,-0.8169767318548042,0.1650881435788891,0
1.1838542987867098,1.1002493863219156,1.379754835374214,-0.1616724417004685,1.446995469779169,0.0086046562877266,-0.8169767318548042,-1.2341572780106842,1
1.1838542987867098,1.3250166486534485,1.3866771288517523,1.9678337642562156,-0.302787208521698,1.594746211291224,-0.8169767318548042,0.1650881435788891,1
-1.5873977882570611,1.7541177858318286,1.5112784114474505,0.7699865234055808,-1.4693089940556092,-0.3086236547129729,-0.8169767318548042,1.214522209771069,0
0.8374477879062384,-0.0848870877898032,-0.0877713818639941,0.6368923855332881,-0.8860481012886536,-0.3086236547129729,-0.8169767318548042,0.8647108543736758,0
-0.548178255615647,1.093438257160354,1.0544070419298948,0.7699865234055808,-0.8860481012886536,0.960289589289825,1.2240250682901004,-0.8843459226132909,0
-1.24099127737659,1.0730048696756684,1.206697498435746,1.3689101438308982,1.446995469779169,0.3258329672884261,-0.8169767318548042,1.214522209771069,1
0.1446347661452956,-0.3845767708985139,-0.3992745883532366,-0.1616724417004685,1.446995469779169,-1.2603085877150713,-0.8169767318548042,-0.1847232118185042,0
-0.548178255615647,1.4135613277537484,1.1305522701828203,-0.0285783038281757,0.2804736842452576,1.594746211291224,-0.8169767318548042,-1.5839686334080776,0
0.8374477879062384,0.5621701825585484,0.3552554006984843,1.169268937022459,-0.302787208521698,0.6430612782891255,1.2240250682901004,-1.2341572780106842,1
1.530260809667181,0.6779593783050956,0.7498261289181903,-0.4944077863812003,0.8637345770122132,-1.5775368987157707,-0.8169767318548042,-0.1847232118185042,1
0.491041277025767,-0.2142985418594739,-0.3438962405329269,0.4372511787248489,0.8637345770122132,-0.3086236547129729,1.2240250682901004,-1.2341572780106842,0
0.8374477879062384,0.7596929282438355,0.6252248463224935,-1.2264255446788106,0.8637345770122132,1.2775179002905246,-0.8169767318548042,0.8647108543736758,1
-1.24099127737659,1.4952948776924884,1.3382210745089824,-0.6940489931896395,0.8637345770122132,1.594746211291224,-0.8169767318548042,1.5643335651684624,0
-0.8945847664961184,-0.2279208001825968,-0.4546529361735464,-1.093331406806518,1.446995469779169,0.0086046562877266,-0.8169767318548042,1.214522209771069,0
-1.24099127737659,1.427183586076873,1.3520656614640596,0.3707041097887025,1.446995469779169,0.0086046562877266,-0.8169767318548042,1.5643335651684624,0
1.530260809667181,1.5497839109849814,1.62203510708807,0.0379687651079706,-1.4693089940556092,0.0086046562877266,-0.8169767318548042,-1.5839686334080776,0
-0.2017717447351757,-0.8136779080768948,-0.6761663274547857,-0.0951253727643221,0.8637345770122132,-1.5775368987157707,1.2240250682901004,-0.1847232118185042,0
1.530260809667181,-0.6978887123303475,-0.5654096318141661,0.5037982476609952,0.8637345770122132,-1.2603085877150713,1.2240250682901004,-0.5345345672158975,0
0.8374477879062384,-1.1814788828012213,-0.8838351317809472,1.3689101438308982,-0.302787208521698,0.0086046562877266,1.2240250682901004,0.8647108543736758,1
-0.2017717447351757,-1.099745332862482,-0.9322911861237178,0.3707041097887025,1.446995469779169,1.2775179002905246,-0.8169767318548042,-1.2341572780106842,0
0.1446347661452956,0.1126356578954832,0.3898668680861771,0.0379687651079706,0.2804736842452576,-1.5775368987157707,-0.8169767318548042,1.214522209771069,0
0.491041277025767,-1.3449459826786998,-1.5622198925797417,0.2376099719164097,-0.8860481012886536,0.0086046562877266,1.2240250682901004,1.5643335651684624,0
1.1838542987867098,-0.343709995929144,-0.6277102731120144,1.102721868086313,0.2804736842452576,0.0086046562877266,1.2240250682901004,-0.8843459226132909,1
-1.24099127737659,-0.5548549999375539,-0.7246223817975563,0.4372511787248489,0.2804736842452576,-0.3086236547129729,-0.8169767318548042,0.5148994989762825,0
-1.24099127737659,1.5293505235002958,1.3589879549415982,-0.3613136485089076,1.446995469779169,1.2775179002905246,1.2240250682901004,-0.1847232118185042,0
-1.24099127737659,0.684770507466657,0.7290592484855746,-0.3613136485089076,1.446995469779169,0.3258329672884261,-0.8169767318548042,-1.2341572780106842,0
0.491041277025767,-1.1406121078318512,-1.2022606317477282,1.0361747991501662,-1.4693089940556092,0.6430612782891255,-0.8169767318548042,1.214522209771069,0
-0.548178255615647,-0.7864333914306483,-0.8007676100504825,1.502004281703191,0.8637345770122132,1.594746211291224,-0.8169767318548042,-0.8843459226132909,0
-0.548178255615647,0.5076811492660556,0.2929547594006353,0.104515834044117,0.8637345770122132,-1.2603085877150713,1.2240250682901004,1.5643335651684624,0
-1.5873977882570611,1.3113943903303256,1.151319150615436,0.7034394544694345,-1.4693089940556092,1.594746211291224,1.2240250682901004,0.5148994989762825,0
-0.548178255615647,-0.704699841491909,-0.966902653511412,-0.6940489931896395,-0.8860481012886536,-0.3086236547129729,-0.8169767318548042,1.5643335651684624,0
1.1838542987867098,-0.4663103208372532,-0.8076899035280211,-0.6275019242534932,0.8637345770122132,0.960289589289825,1.2240250682901004,-0.1847232118185042,0
0.1446347661452956,1.3863168111075028,1.2205420853908242,0.3707041097887025,-0.302787208521698,-1.2603085877150713,-0.8169767318548042,-0.1847232118185042,0
1.530260809667181,-0.9839561371159348,-0.9807472404664892,0.4372511787248489,1.446995469779169,-1.2603085877150713,1.2240250682901004,0.5148994989762825,0
1.1838542987867098,1.011704707221614,0.6944477810978805,-0.5609548553173468,-1.4693089940556092,-0.943080276714372,1.2240250682901004,1.5643335651684624,0
-1.24099127737659,0.6166592158510412,0.722136955008036,-0.5609548553173468,-1.4693089940556092,-0.6258519657136724,-0.8169767318548042,0.5148994989762825,0
0.491041277025767,1.2296608403915856,1.172086031048053,0.0379687651079706,-1.4693089940556092,1.2775179002905246,-0.8169767318548042,-0.8843459226132909,0
-0.2017717447351757,-1.460735178425247,-1.5622198925797417,-1.0267843378703714,0.8637345770122132,-0.3086236547129729,-0.8169767318548042,0.8647108543736758,0
-1.5873977882570611,-0.5957217749069234,-0.2885178927126171,-0.6275019242534932,1.446995469779169,0.6430612782891255,-0.8169767318548042,-1.5839686334080776,0
-1.24099127737659,-0.8136779080768948,-1.0915039361071086,1.0361747991501662,-0.302787208521698,0.960289589289825,-0.8169767318548042,0.8647108543736758,0
0.8374477879062384,-0.2687875751519668,0.029907607254164,3.1656810051068502,-0.302787208521698,-1.5775368987157707,1.2240250682901004,-0.5345345672158975,1
1.530260809667181,0.7052038949513426,0.9159611723791196,-0.2947665795727612,-0.302787208521698,1.594746211291224,-0.8169767318548042,-0.5345345672158975,1
0.491041277025767,1.9175848857093072,1.62203510708807,-0.3613136485089076,1.446995469779169,1.2775179002905246,1.2240250682901004,1.5643335651684624,0
0.8374477879062384,-1.6514467949489713,-1.3614733817311184,1.70164548851163,-0.302787208521698,-1.2603085877150713,-0.8169767318548042,-0.5345345672158975,1
0.1446347661452956,-0.1666206377285425,0.029907607254164,0.7699865234055808,-1.4693089940556092,-0.943080276714372,1.2240250682901004,0.8647108543736758,0
-0.548178255615647,0.95040454476756,0.6390694332775719,1.102721868086313,0.2804736842452576,0.3258329672884261,-0.8169767318548042,1.214522209771069,1
1.1838542987867098,-0.7728111331075248,-0.634632566589553,-0.427860717445054,-1.4693089940556092,0.960289589289825,-0.8169767318548042,-0.1847232118185042,0
1.530260809667181,-0.874978070530949,-1.1399599904498798,-0.427860717445054,-0.8860481012886536,0.3258329672884261,1.2240250682901004,0.8647108543736758,0
-1.24099127737659,-1.576524374171794,-1.5968313599674349,0.1710629029802634,-1.4693089940556092,-1.2603085877150713,1.2240250682901004,-1.5839686334080776,0
-0.2017717447351757,1.50210600685405,1.199775204958207,-0.0951253727643221,0.2804736842452576,0.960289589289825,1.2240250682901004,-0.1847232118185042,0
1.1838542987867098,-0.7796222622690868,-0.7938453165729439,-0.427860717445054,0.2804736842452576,-0.3086236547129729,-0.8169767318548042,-1.5839686334080776,0
1.530260809667181,-0.2551653168288432,-0.3854300013981589,0.104515834044117,0.2804736842452576,0.6430612782891255,-0.8169767318548042,1.5643335651684624,0
-1.24099127737659,-0.3913879000600754,-0.1708389035944588,2.766398591489972,-1.4693089940556092,0.3258329672884261,1.2240250682901004,-1.2341572780106842,0
0.1446347661452956,1.3318277778150098,1.587423639700376,-1.159878475742664,-0.302787208521698,-1.5775368987157707,1.2240250682901004,-1.5839686334080776,0
-0.548178255615647,-1.562902115848671,-1.7145103490855935,-0.2947665795727612,1.446995469779169,0.960289589289825,-0.8169767318548042,1.5643335651684624,0
0.1446347661452956,-0.895411458015634,-0.8007676100504825,0.2376099719164097,1.446995469779169,0.3258329672884261,-0.8169767318548042,-0.8843459226132909,0
1.1838542987867098,1.3386389069765714,1.0751739223625103,-0.7605960621257859,0.2804736842452576,1.594746211291224,-0.8169767318548042,0.1650881435788891,1
-0.8945847664961184,1.5429727818234198,1.2551535527785171,-0.2282195106366148,0.8637345770122132,0.0086046562877266,-0.8169767318548042,-0.1847232118185042,0
0.491041277025767,0.4600032451351253,0.1683534768049385,-0.6275019242534932,0.8637345770122132,-0.943080276714372,1.2240250682901004,1.214522209771069,0
0.1446347661452956,0.2761027577729618,0.306799346355713,-0.2282195106366148,-0.302787208521698,0.3258329672884261,1.2240250682901004,-0.1847232118185042,0
-0.548178255615647,1.25009422787627,1.3659102484191368,-0.4944077863812003,-0.302787208521698,-0.3086236547129729,1.2240250682901004,-1.2341572780106842,0
0.8374477879062384,1.3522611652996943,1.3728325418966754,1.169268937022459,0.2804736842452576,1.594746211291224,1.2240250682901004,-1.5839686334080776,1
0.1446347661452956,0.8141819615363283,0.7082923680529589,1.2358160059586054,-0.302787208521698,0.6430612782891255,1.2240250682901004,1.214522209771069,1
-1.24099127737659,0.2829138869345232,0.3552554006984843,1.102721868086313,0.2804736842452576,-1.5775368987157707,-0.8169767318548042,0.8647108543736758,0
1.530260809667181,0.7052038949513426,0.4660120963391039,0.3041570408525561,0.2804736842452576,-0.6258519657136724,-0.8169767318548042,0.1650881435788891,1
-1.24099127737659,-1.0725008162162355,-0.7730784361403276,-2.0915374408487133,0.8637345770122132,-0.943080276714372,1.2240250682901004,-1.5839686334080776,0
0.1446347661452956,-0.7251332289765939,-0.9184465991686408,2.3005691089369473,-0.302787208521698,0.960289589289825,-0.8169767318548042,-0.5345345672158975,0
-0.8945847664961184,0.0581466246029903,-0.0946936753415327,0.2376099719164097,-1.4693089940556092,0.0086046562877266,-0.8169767318548042,-0.8843459226132909,0
1.1838542987867098,0.9435934156059984,1.1167076832277432,1.3689101438308982,-0.302787208521698,-1.2603085877150713,-0.8169767318548042,-0.1847232118185042,1
-0.548178255615647,-1.440301790940562,-1.5829867730123577,-0.6275019242534932,1.446995469779169,-0.6258519657136724,-0.8169767318548042,-1.2341572780106842,0
1.530260809667181,-0.7932445205922097,-0.6969332078874014,1.5685513506393374,0.2804736842452576,0.6430612782891255,1.2240250682901004,0.8647108543736758,1
0.491041277025767,-0.6365885498762932,-0.6138656861569367,-1.159878475742664,-0.302787208521698,0.3258329672884261,-0.8169767318548042,-0.8843459226132909,0
-1.5873977882570611,0.0581466246029903,-0.0254707405661457,0.3707041097887025,1.446995469779169,0.960289589289825,1.2240250682901004,0.8647108543736758,0
-0.548178255615647,0.2148025953189068,0.0368299007317026,0.3707041097887025,-0.302787208521698,-1.2603085877150713,-0.8169767318548042,-1.2341572780106842,0
-0.2017717447351757,1.447616973561557,1.2620758462560555,1.0361747991501662,0.2804736842452576,0.3258329672884261,1.2240250682901004,-1.5839686334080776,1
0.8374477879062384,0.8618598656672597,0.6529140202326491,0.6368923855332881,1.446995469779169,0.6430612782891255,1.2240250682901004,-1.5839686334080776,1
-0.2017717447351757,-1.4334906617790004,-1.2091829252252668,1.502004281703191,1.446995469779169,-0.6258519657136724,1.2240250682901004,-1.5839686334080776,0
-0.548178255615647,-0.0372091836588718,-0.1223828492516876,1.7681925574477764,1.446995469779169,-1.2603085877150713,-0.8169767318548042,-1.2341572780106842,0
-0.8945847664961184,0.3169695327423311,0.5975356724123393,0.4372511787248489,-0.8860481012886536,-0.943080276714372,1.2240250682901004,0.5148994989762825,0
-0.2017717447351757,1.433994715238434,1.3036096071212884,1.2358160059586054,-0.302787208521698,0.3258329672884261,1.2240250682901004,1.214522209771069,1
1.1838542987867098,0.5281145367507412,0.2168095311477091,0.6368923855332881,-0.302787208521698,-0.943080276714372,1.2240250682901004,-1.5839686334080776,1
1.1838542987867098,0.923160028121314,0.9228834658566584,0.0379687651079706,-0.302787208521698,-1.5775368987157707,-0.8169767318548042,-0.5345345672158975,1
-0.2017717447351757,-0.8409224247231412,-0.8976797187360244,-1.3595196825511031,0.2804736842452576,-0.6258519657136724,-0.8169767318548042,1.214522209771069,0
0.491041277025767,-0.5616661290991154,-0.7453892622301727,0.5037982476609952,0.2804736842452576,0.3258329672884261,-0.8169767318548042,1.214522209771069,0
-0.8945847664961184,0.160313562026414,-0.0185484470886072,-1.093331406806518,-0.8860481012886536,1.594746211291224,-0.8169767318548042,0.8647108543736758,0
-0.548178255615647,-0.8068667789153333,-0.5031089905163177,-1.093331406806518,-0.8860481012886536,-1.5775368987157707,-0.8169767318548042,0.8647108543736758,0
-0.548178255615647,1.406750198592187,1.448977770149602,0.96962773021402,0.8637345770122132,1.2775179002905246,-0.8169767318548042,-0.5345345672158975,1
-1.5873977882570611,0.5485479242354255,0.4590898028615641,-1.3595196825511031,-0.8860481012886536,0.3258329672884261,1.2240250682901004,0.1650881435788891,0
0.8374477879062384,1.1887940654222156,0.9921064006320464,-0.5609548553173468,-1.4693089940556092,-0.943080276714372,-0.8169767318548042,0.5148994989762825,0
1.530260809667181,-1.590146632494917,-1.7075880556080545,0.3707041097887025,-0.302787208521698,-1.5775368987157707,-0.8169767318548042,0.5148994989762825,0
1.1838542987867098,1.0185158363831757,0.6944477810978805,-2.15808450978486,0.8637345770122132,1.594746211291224,1.2240250682901004,0.5148994989762825,1
-1.5873977882570611,0.8754821239903826,0.7082923680529589,0.3707041097887025,1.446995469779169,-1.5775368987157707,-0.8169767318548042,-1.2341572780106842,0
-1.5873977882570611,1.3999390694306255,1.4766669440597564,0.7699865234055808,1.446995469779169,0.6430612782891255,-0.8169767318548042,1.5643335651684624,1
1.1838542987867098,-1.6514467949489713,-1.6868211751754387,0.1710629029802634,-0.8860481012886536,-1.2603085877150713,-0.8169767318548042,0.1650881435788891,0
-0.548178255615647,0.2284248536420304,0.2098872376701706,-0.4944077863812003,-0.302787208521698,0.6430612782891255,-0.8169767318548042,0.8647108543736758,0
1.530260809667181,0.3510251785501396,0.1129751289846287,1.0361747991501662,-1.4693089940556092,0.3258329672884261,1.2240250682901004,1.5643335651684624,1
0.8374477879062384,-0.9771450079543732,-1.2784058600006538,0.5037982476609952,-0.8860481012886536,0.0086046562877266,1.2240250682901004,-0.1847232118185042,0
1.1838542987867098,-0.5207993541297461,-0.3646631209655432,1.169268937022459,1.446995469779169,-0.6258519657136724,1.2240250682901004,1.5643335651684624,1
0.8374477879062384,0.5894146992047954,0.895194291946504,-1.5591608893595423,-0.8860481012886536,-1.5775368987157707,-0.8169767318548042,1.5643335651684624,0
0.491041277025767,1.222849711230024,1.068251628884972,0.0379687651079706,0.2804736842452576,-0.6258519657136724,1.2240250682901004,-0.1847232118185042,0
-0.8945847664961184,0.7801263157285199,0.964417226721891,1.169268937022459,1.446995469779169,-0.3086236547129729,1.2240250682901004,1.214522209771069,1
0.1446347661452956,0.9980824488984912,0.7636707158732686,-0.4944077863812003,-1.4693089940556092,-0.6258519657136724,1.2240250682901004,0.5148994989762825,0
1.1838542987867098,1.1138716446450383,1.3728325418966754,0.3041570408525561,0.2804736842452576,0.6430612782891255,1.2240250682901004,-0.5345345672158975,1
-1.5873977882570611,1.6655731067315285,1.4212885962394466,0.4372511787248489,-0.8860481012886536,-0.6258519657136724,-0.8169767318548042,0.8647108543736758,0
0.1446347661452956,-0.7387554872997169,-0.5654096318141661,0.96962773021402,-1.4693089940556092,-0.6258519657136724,-0.8169767318548042,-1.2341572780106842,0
-1.24099127737659,-0.2211096710210353,0.0368299007317026,-1.6257079582956888,0.2804736842452576,-1.2603085877150713,1.2240250682901004,0.1650881435788891,0
-0.8945847664961184,1.25009422787627,0.9990286941095852,0.1710629029802634,0.8637345770122132,1.2775179002905246,-0.8169767318548042,-0.5345345672158975,0
-1.5873977882570611,-0.6842664540072241,-0.4684975231286236,0.96962773021402,0.8637345770122132,0.6430612782891255,-0.8169767318548042,-1.2341572780106842,0
1.530260809667181,-0.5889106457453619,-0.5100312839938563,1.3689101438308982,0.2804736842452576,-0.3086236547129729,1.2240250682901004,-0.1847232118185042,1
0.8374477879062384,0.2352359828035918,0.1406643028947836,0.8365335923417272,0.2804736842452576,0.960289589289825,1.2240250682901004,-0.1847232118185042,1
1.530260809667181,1.2841498736840784,1.4905115310148336,-0.6940489931896395,-0.302787208521698,0.0086046562877266,-0.8169767318548042,-0.1847232118185042,1
0.8374477879062384,0.6507148616588497,0.4937012702492582,1.302363074894752,-0.8860481012886536,-1.5775368987157707,-0.8169767318548042,-0.1847232118185042,1
-0.548178255615647,-1.399435015971192,-1.3822402621637349,0.1710629029802634,0.8637345770122132,-1.2603085877150713,1.2240250682901004,-1.5839686334080776,0
-0.548178255615647,-0.2892209626366511,-0.0047038601335294,0.96962773021402,-0.8860481012886536,-0.6258519657136724,-0.8169767318548042,-1.5839686334080776,0
0.491041277025767,0.7937485740516428,0.5698464985021837,0.5037982476609952,0.8637345770122132,-1.5775368987157707,-0.8169767318548042,-1.2341572780106842,0
-1.5873977882570611,-0.874978070530949,-1.2161052187028054,-0.6275019242534932,1.446995469779169,0.6430612782891255,-0.8169767318548042,-0.1847232118185042,0
0.1446347661452956,-0.3028432209597747,-0.5861765122467818,0.1710629029802634,1.446995469779169,0.6430612782891255,-0.8169767318548042,-0.1847232118185042,0
1.1838542987867098,1.1343050321297228,1.448977770149602,-0.2947665795727612,1.446995469779169,-0.6258519657136724,1.2240250682901004,-0.8843459226132909,1
0.8374477879062384,-1.9170808322498745,-1.7421995229957483,-0.2282195106366148,0.8637345770122132,0.0086046562877266,-0.8169767318548042,-0.5345345672158975,0
-0.548178255615647,0.4395698576504397,0.3829445746086386,-0.3613136485089076,-1.4693089940556092,-0.943080276714372,-0.8169767318548042,-1.5839686334080776,0
-1.24099127737659,1.7404955275087055,1.4974338244923722,1.169268937022459,-0.302787208521698,1.594746211291224,-0.8169767318548042,0.5148994989762825,1
0.1446347661452956,-1.3858127576480692,-1.430696316506506,-0.2947665795727612,-0.302787208521698,-1.2603085877150713,-0.8169767318548042,0.1650881435788891,0
-0.548178255615647,-1.835347282311135,-1.7421995229957483,-0.5609548553173468,-1.4693089940556092,-1.5775368987157707,1.2240250682901004,0.1650881435788891,0
0.8374477879062384,-1.5220353408793013,-1.486074664326816,0.8365335923417272,-0.302787208521698,-0.3086236547129729,-0.8169767318548042,-0.1847232118185042,1
0.1446347661452956,1.5770284276312272,1.6981803353409957,-0.7605960621257859,0.8637345770122132,0.6430612782891255,1.2240250682901004,0.1650881435788891,0
0.491041277025767,-0.9703338787928112,-1.257638979568038,-1.2264255446788106,0.8637345770122132,0.3258329672884261,-0.8169767318548042,-0.8843459226132909,0
-0.8945847664961184,1.277338744522517,1.4282108897169852,-0.0285783038281757,-0.302787208521698,0.960289589289825,1.2240250682901004,0.8647108543736758,0
-1.5873977882570611,-1.5833355033333556,-1.6868211751754387,0.2376099719164097,-1.4693089940556092,0.960289589289825,1.2240250682901004,-1.2341572780106842,0
1.1838542987867098,0.5076811492660556,0.4729343898166425,-0.7605960621257859,1.446995469779169,0.6430612782891255,1.2240250682901004,0.1650881435788891,1
0.491041277025767,0.9776490614138068,1.1582414440929758,-0.8271431310619323,-0.302787208521698,0.3258329672884261,1.2240250682901004,0.8647108543736758,0
-1.24099127737659,-0.0508314419819953,-0.3369739470553883,0.0379687651079706,1.446995469779169,1.594746211291224,-0.8169767318548042,-0.1847232118185042,0
-1.5873977882570611,0.766504057405397,0.5075458572043353,-1.0267843378703714,-0.302787208521698,-0.3086236547129729,1.2240250682901004,1.214522209771069,0
0.1446347661452956,1.066193740514107,1.3036096071212884,0.4372511787248489,0.8637345770122132,-1.2603085877150713,1.2240250682901004,-1.2341572780106842,0
0.491041277025767,-1.1814788828012213,-1.0015141208991054,-0.4944077863812003,-0.8860481012886536,-1.5775368987157707,1.2240250682901004,-0.8843459226132909,0
1.1838542987867098,-1.3449459826786998,-1.112270816539725,0.9030806612778736,1.446995469779169,-0.943080276714372,-0.8169767318548042,1.5643335651684624,1
0.8374477879062384,0.514492278427617,0.4660120963391039,-0.960237268934225,0.8637345770122132,-0.6258519657136724,-0.8169767318548042,-0.8843459226132909,1
0.8374477879062384,-0.4186324167063218,-0.2400618383698458,2.1009279021285083,1.446995469779169,-1.2603085877150713,-0.8169767318548042,-1.2341572780106842,1
1.1838542987867098,0.0649577537645518,0.1129751289846287,-0.2282195106366148,1.446995469779169,1.2775179002905246,1.2240250682901004,-0.1847232118185042,0
-0.8945847664961184,0.4463809868120012,0.5352350311144909,-1.2264255446788106,-0.302787208521698,-0.6258519657136724,1.2240250682901004,1.5643335651684624,0
-1.24099127737659,-1.876214057280504,-1.5691421860572805,-0.427860717445054,-0.8860481012886536,-0.3086236547129729,-0.8169767318548042,-1.2341572780106842,0
-0.8945847664961184,-1.5084130825561777,-1.3822402621637349,1.2358160059586054,-1.4693089940556092,-1.2603085877150713,1.2240250682901004,1.214522209771069,0
-0.2017717447351757,0.7937485740516428,0.6598363137101876,-0.8271431310619323,0.2804736842452576,1.594746211291224,1.2240250682901004,-1.2341572780106842,0
-0.2017717447351757,0.8618598656672597,1.1928529114806687,0.9030806612778736,-1.4693089940556092,-0.6258519657136724,-0.8169767318548042,-0.8843459226132909,0
0.1446347661452956,0.5894146992047954,0.8467382376037328,-0.0951253727643221,-0.302787208521698,1.2775179002905246,-0.8169767318548042,0.1650881435788891,0
0.8374477879062384,-0.909033716338757,-0.9530580665563342,-0.2947665795727612,-1.4693089940556092,-0.3086236547129729,1.2240250682901004,-0.1847232118185042,0
-0.548178255615647,1.0593826113525455,0.9228834658566584,-0.4944077863812003,0.2804736842452576,-1.2603085877150713,1.2240250682901004,-0.5345345672158975,0
1.1838542987867098,0.0922022704107982,-0.0047038601335294,0.1710629029802634,0.8637345770122132,0.6430612782891255,1.2240250682901004,0.8647108543736758,0
-1.5873977882570611,1.277338744522517,1.4074440092843694,-0.0285783038281757,0.2804736842452576,0.0086046562877266,-0.8169767318548042,-0.1847232118185042,0
1.530260809667181,0.4395698576504397,0.5490796180695681,1.8347396263839229,-0.302787208521698,1.594746211291224,-0.8169767318548042,1.5643335651684624,1
1.530260809667181,1.4816726193693657,1.2205420853908242,0.9030806612778736,0.2804736842452576,0.6430612782891255,1.2240250682901004,-0.5345345672158975,1
-1.5873977882570611,1.6451397192468429,1.62203510708807,-1.692255027231835,0.8637345770122132,-1.5775368987157707,-0.8169767318548042,-0.5345345672158975,0
-1.24099127737659,0.7392595407591499,0.9574949332443524,-0.427860717445054,-1.4693089940556092,0.6430612782891255,-0.8169767318548042,-0.1847232118185042,0
0.491041277025767,-0.3028432209597747,-0.4892644035612399,-0.0285783038281757,1.446995469779169,-0.943080276714372,-0.8169767318548042,-1.5839686334080776,0
-0.548178255615647,-0.9975783954390576,-0.9738249469889504,-1.093331406806518,1.446995469779169,-0.3086236547129729,1.2240250682901004,-0.5345345672158975,0
-0.8945847664961184,0.2148025953189068,0.133742009417245,1.0361747991501662,0.8637345770122132,0.6430612782891255,1.2240250682901004,0.5148994989762825,0
-1.5873977882570611,-0.139376121082296,-0.3023624796676948,0.8365335923417272,-0.8860481012886536,-0.943080276714372,-0.8169767318548042,-0.5345345672158975,0
-0.8945847664961184,-0.6638330665225397,-0.8423013709157146,-0.2282195106366148,-0.8860481012886536,1.594746211291224,-0.8169767318548042,1.214522209771069,0
-0.548178255615647,-1.0656896870546742,-1.1953383382701896,-0.3613136485089076,-1.4693089940556092,0.0086046562877266,1.2240250682901004,1.214522209771069,0
1.1838542987867098,-0.9430893621465648,-0.8076899035280211,-0.6940489931896395,0.2804736842452576,0.6430612782891255,-0.8169767318548042,0.8647108543736758,0
0.1446347661452956,-0.2279208001825968,-0.246984131847385,-1.492613820423396,0.8637345770122132,0.0086046562877266,1.2240250682901004,1.5643335651684624,0
-0.8945847664961184,-0.4050101583831983,-0.7523115557077112,-0.6940489931896395,0.2804736842452576,0.6430612782891255,-0.8169767318548042,-0.5345345672158975,0
-0.548178255615647,-0.0508314419819953,-0.1846834905495366,0.7699865234055808,0.8637345770122132,1.2775179002905246,1.2240250682901004,1.214522209771069,0
0.491041277025767,-0.6025329040684848,-0.6207879796344759,-0.4944077863812003,-0.302787208521698,-1.2603085877150713,-0.8169767318548042,-0.8843459226132909,0
0.1446347661452956,-0.9567116204696884,-1.285328153478193,-0.427860717445054,0.8637345770122132,1.594746211291224,-0.8169767318548042,-0.5345345672158975,0
0.491041277025767,-0.9158448455003184,-0.7938453165729439,-0.6275019242534932,-1.4693089940556092,1.2775179002905246,-0.8169767318548042,1.214522209771069,0
-0.8945847664961184,0.7869374448900813,0.9505726397668138,1.502004281703191,0.8637345770122132,0.0086046562877266,-0.8169767318548042,-0.8843459226132909,1
-1.5873977882570611,-0.9567116204696884,-1.2784058600006538,0.1710629029802634,-0.302787208521698,0.3258329672884261,-0.8169767318548042,-1.5839686334080776,0
-0.8945847664961184,-0.3573322542522675,-0.5515650448590883,0.9030806612778736,-0.302787208521698,-0.6258519657136724,-0.8169767318548042,-0.1847232118185042,0
-1.5873977882570611,0.6983927657897812,1.0059509875871235,0.6368923855332881,-0.8860481012886536,0.3258329672884261,-0.8169767318548042,0.1650881435788891,0
-0.8945847664961184,0.2352359828035918,-0.0946936753415327,0.9030806612778736,-0.8860481012886536,1.594746211291224,1.2240250682901004,-0.8843459226132909,0
0.8374477879062384,-0.1734317668901039,-0.3992745883532366,-1.093331406806518,-0.8860481012886536,1.594746211291224,1.2240250682901004,-1.5839686334080776,0
0.1446347661452956,-1.1746677536396597,-1.077659349152031,0.7699865234055808,1.446995469779169,-0.3086236547129729,-0.8169767318548042,1.5643335651684624,0
1.1838542987867098,0.6030369575279183,0.6806031941428033,0.9030806612778736,0.2804736842452576,-1.5775368987157707,-0.8169767318548042,0.8647108543736758,1
0.1446347661452956,1.0730048696756684,1.379754835374214,0.0379687651079706,-1.4693089940556092,0.0086046562877266,-0.8169767318548042,-0.8843459226132909,0
-1.24099127737659,0.4804366326198097,0.6252248463224935,-0.7605960621257859,0.2804736842452576,1.594746211291224,1.2240250682901004,0.8647108543736758,0
-0.8945847664961184,1.5838395567927883,1.4212885962394466,0.5703453165971416,-0.8860481012886536,-0.3086236547129729,-0.8169767318548042,0.5148994989762825,0
-0.8945847664961184,-0.7387554872997169,-0.5100312839938563,0.104515834044117,-1.4693089940556092,0.960289589289825,1.2240250682901004,0.1650881435788891,0
-0.2017717447351757,0.9435934156059984,1.1859306180031302,-0.960237268934225,0.2804736842452576,-1.5775368987157707,-0.8169767318548042,1.5643335651684624,0
0.491041277025767,1.25009422787627,1.1859306180031302,0.7034394544694345,1.446995469779169,0.6430612782891255,1.2240250682901004,0.5148994989762825,0
-0.8945847664961184,-2.005625511350175,-1.7145103490855935,-0.0951253727643221,-1.4693089940556092,-0.6258519657136724,1.2240250682901004,0.8647108543736758,0
-0.8945847664961184,0.1943692078342225,0.0160630202990862,0.8365335923417272,-1.4693089940556092,0.0086046562877266,-0.8169767318548042,0.5148994989762825,0
-0.548178255615647,0.2420471119651533,0.4452452159064869,1.2358160059586054,0.2804736842452576,0.960289589289825,-0.8169767318548042,1.214522209771069,0
-1.24099127737659,-1.5016019533946163,-1.2022606317477282,-0.6275019242534932,1.446995469779169,1.594746211291224,-0.8169767318548042,-1.5839686334080776,0
1.530260809667181,-0.5207993541297461,-0.2539064253249236,0.2376099719164097,-0.8860481012886536,1.594746211291224,-0.8169767318548042,0.1650881435788891,0
1.1838542987867098,-1.2564013035783983,-1.3753179686861965,-0.1616724417004685,1.446995469779169,0.960289589289825,1.2240250682901004,-0.8843459226132909,0
-0.548178255615647,0.5621701825585484,0.2583432920129418,0.3707041097887025,-0.302787208521698,-1.2603085877150713,-0.8169767318548042,-0.8843459226132909,0
1.1838542987867098,-0.8341112955615797,-1.1399599904498798,-0.1616724417004685,0.8637345770122132,1.2775179002905246,1.2240250682901004,-0.5345345672158975,0
-1.24099127737659,-1.5424687283639862,-1.645287414310206,1.70164548851163,-0.8860481012886536,-0.6258519657136724,-0.8169767318548042,-0.8843459226132909,0
0.491041277025767,1.1956051945837771,1.1582414440929758,1.169268937022459,1.446995469779169,1.2775179002905246,1.2240250682901004,0.8647108543736758,1
-1.24099127737659,1.6519508484084056,1.518200704924989,-1.2929726136149569,-1.4693089940556092,-1.2603085877150713,1.2240250682901004,-0.5345345672158975,0
0.1446347661452956,-1.1065564620240431,-0.911524305691102,1.901286695320069,0.8637345770122132,1.2775179002905246,-0.8169767318548042,0.8647108543736758,0
1.1838542987867098,-1.3449459826786998,-1.2437943926129602,-0.0285783038281757,1.446995469779169,1.2775179002905246,-0.8169767318548042,0.5148994989762825,0
-1.5873977882570611,1.2296608403915856,1.4905115310148336,-0.6275019242534932,-1.4693089940556092,0.6430612782891255,-0.8169767318548042,1.214522209771069,0
0.491041277025767,0.0445243662798668,0.0368299007317026,-0.427860717445054,0.2804736842452576,0.3258329672884261,-0.8169767318548042,-0.5345345672158975,0
-0.2017717447351757,-0.159809508566981,0.1198974224621673,0.5703453165971416,-0.8860481012886536,0.3258329672884261,-0.8169767318548042,-1.2341572780106842,0
1.1838542987867098,-0.0848870877898032,-0.2746733057575399,-1.0267843378703714,0.2804736842452576,1.594746211291224,1.2240250682901004,-1.5839686334080776,0
-0.548178255615647,0.9776490614138068,0.7290592484855746,-1.4260667514872496,0.2804736842452576,-0.3086236547129729,-0.8169767318548042,-0.8843459226132909,0
1.530260809667181,1.5634061693081045,1.4005217158068308,0.1710629029802634,-0.302787208521698,-1.2603085877150713,1.2240250682901004,0.8647108543736758,1
0.491041277025767,0.9844601905753684,1.1651637375705144,0.2376099719164097,1.446995469779169,0.3258329672884261,1.2240250682901004,-0.8843459226132909,0
1.1838542987867098,0.4736255034582483,0.5213904441594125,2.1009279021285083,0.2804736842452576,-1.2603085877150713,-0.8169767318548042,-0.5345345672158975,1
0.8374477879062384,-0.1053204752744881,-0.1085382622966104,0.104515834044117,-0.302787208521698,-1.2603085877150713,-0.8169767318548042,-1.5839686334080776,0
-1.24099127737659,-0.8409224247231412,-0.9599803600338728,-0.8271431310619323,-0.8860481012886536,-0.6258519657136724,-0.8169767318548042,0.8647108543736758,0
0.491041277025767,-1.270023561901522,-1.008436414376644,-0.5609548553173468,0.2804736842452576,-1.5775368987157707,-0.8169767318548042,-0.8843459226132909,0
1.530260809667181,-1.419868403455877,-1.576064479534819,1.5685513506393374,-0.8860481012886536,0.0086046562877266,1.2240250682901004,1.5643335651684624,0
0.1446347661452956,-1.215534528609029,-1.430696316506506,1.502004281703191,-0.8860481012886536,-1.2603085877150713,1.2240250682901004,0.1650881435788891,0
-0.2017717447351757,0.8209930906978897,0.6044579658898779,-0.0951253727643221,-0.302787208521698,1.2775179002905246,-0.8169767318548042,-1.5839686334080776,0
1.530260809667181,1.447616973561557,1.5112784114474505,1.6350984195754836,0.8637345770122132,0.6430612782891255,-0.8169767318548042,-0.1847232118185042,1
-1.5873977882570611,-0.1938651543747889,-0.3092847731452334,-0.2282195106366148,0.2804736842452576,1.594746211291224,1.2240250682901004,1.214522209771069,0
-1.24099127737659,0.752881799082274,0.8744274115138883,-0.6275019242534932,0.2804736842452576,1.594746211291224,1.2240250682901004,1.214522209771069,0
-1.5873977882570611,-1.5220353408793013,-1.2161052187028054,-0.0285783038281757,-1.4693089940556092,0.0086046562877266,1.2240250682901004,0.1650881435788891,0
0.1446347661452956,-0.5752883874222383,-0.6415548600670916,0.3041570408525561,-0.8860481012886536,0.3258329672884261,-0.8169767318548042,-0.1847232118185042,0
0.491041277025767,1.4544281027231185,1.67049116143084,0.1710629029802634,-0.302787208521698,-1.5775368987157707,-0.8169767318548042,-0.5345345672158975,0
0.1446347661452956,1.3250166486534485,1.5389675853576048,-1.492613820423396,-1.4693089940556092,-0.943080276714372,-0.8169767318548042,-0.1847232118185042,0
1.530260809667181,1.5225393943387342,1.324376487553904,-0.427860717445054,-0.8860481012886536,-0.943080276714372,-0.8169767318548042,-0.8843459226132909,0
-0.548178255615647,0.514492278427617,0.825971357171117,-0.3613136485089076,0.8637345770122132,0.3258329672884261,-0.8169767318548042,0.5148994989762825,0
-0.548178255615647,-1.780858249018642,-1.5206861317145093,0.3041570408525561,1.446995469779169,0.0086046562877266,1.2240250682901004,-1.5839686334080776,0
-0.8945847664961184,0.7052038949513426,0.6529140202326491,-1.2929726136149569,0.8637345770122132,0.6430612782891255,-0.8169767318548042,-0.8843459226132909,0
0.491041277025767,-1.3790016284865076,-1.631442827355129,-0.6940489931896395,-0.302787208521698,1.2775179002905246,-0.8169767318548042,-1.5839686334080776,0
-0.8945847664961184,-1.4266795326174384,-1.2645612730455766,0.8365335923417272,-0.302787208521698,0.3258329672884261,-0.8169767318548042,1.5643335651684624,0
0.1446347661452956,0.0922022704107982,-0.1431497296843039,0.7699865234055808,1.446995469779169,-0.3086236547129729,1.2240250682901004,1.214522209771069,0
1.1838542987867098,0.2897250160960847,0.1614311833273993,0.4372511787248489,1.446995469779169,0.3258329672884261,1.2240250682901004,0.1650881435788891,0
-0.2017717447351757,-1.848969540634258,-1.631442827355129,0.104515834044117,0.8637345770122132,-0.6258519657136724,1.2240250682901004,1.5643335651684624,0
1.530260809667181,1.6791953650546514,1.67741345490838,0.8365335923417272,-1.4693089940556092,0.960289589289825,1.2240250682901004,0.8647108543736758,1
-1.5873977882570611,0.4123253410041939,0.6736809006652648,-1.6257079582956888,-0.302787208521698,0.6430612782891255,-0.8169767318548042,-0.1847232118185042,0
0.491041277025767,0.2556693702882768,0.3483331072209445,0.3707041097887025,1.446995469779169,-0.6258519657136724,-0.8169767318548042,-0.8843459226132909,0
0.8374477879062384,0.3101584035807697,0.5075458572043353,-0.4944077863812003,0.8637345770122132,-0.943080276714372,-0.8169767318548042,-1.5839686334080776,0
-0.548178255615647,0.4736255034582483,0.2929547594006353,-0.6940489931896395,-0.302787208521698,1.594746211291224,-0.8169767318548042,1.214522209771069,0
0.1446347661452956,0.3510251785501396,0.4383229224289484,0.104515834044117,-0.8860481012886536,0.6430612782891255,-0.8169767318548042,1.214522209771069,0
-0.548178255615647,0.2556693702882768,-0.0323930340436843,-0.8936901999980786,-0.8860481012886536,0.6430612782891255,1.2240250682901004,-1.2341572780106842,0
1.530260809667181,-0.2006762835363504,-0.1500720231618425,0.7699865234055808,-0.302787208521698,-0.6258519657136724,-0.8169767318548042,-1.5839686334080776,1
1.1838542987867098,0.9776490614138068,1.1305522701828203,1.7681925574477764,-0.302787208521698,1.2775179002905246,1.2240250682901004,0.5148994989762825,1
0.8374477879062384,-0.3709545125753904,-0.1708389035944588,1.169268937022459,1.446995469779169,-1.2603085877150713,-0.8169767318548042,-1.2341572780106842,1
0.1446347661452956,-1.569713245010232,-1.576064479534819,0.3041570408525561,-0.8860481012886536,1.594746211291224,1.2240250682901004,0.8647108543736758,0
1.1838542987867098,0.8209930906978897,0.5006235637267967,-0.960237268934225,0.8637345770122132,-0.6258519657136724,-0.8169767318548042,-1.2341572780106842,1
1.530260809667181,0.1535024328648525,0.3414108137434059,1.7681925574477764,0.2804736842452576,-1.5775368987157707,1.2240250682901004,-0.1847232118185042,1
-1.24099127737659,0.4463809868120012,0.1752757702824771,0.104515834044117,-1.4693089940556092,-0.3086236547129729,-0.8169767318548042,0.5148994989762825,0
0.491041277025767,1.0389492238678613,1.1582414440929758,0.5703453165971416,-0.8860481012886536,1.2775179002905246,-0.8169767318548042,-1.5839686334080776,0
0.1446347661452956,0.4055142118426325,0.3967891615637157,0.2376099719164097,0.2804736842452576,-0.3086236547129729,-0.8169767318548042,-0.8843459226132909,0
-0.548178255615647,0.3169695327423311,0.0922082485520124,-0.6940489931896395,-0.302787208521698,0.960289589289825,-0.8169767318548042,0.5148994989762825,0
-1.5873977882570611,0.0445243662798668,0.3414108137434059,0.104515834044117,-0.8860481012886536,-1.5775368987157707,-0.8169767318548042,0.1650881435788891,0
0.1446347661452956,0.5621701825585484,0.5560019115471065,0.3041570408525561,0.8637345770122132,-1.5775368987157707,-0.8169767318548042,-1.2341572780106842,0
0.491041277025767,-0.4390658041910067,-0.2608287188024621,0.6368923855332881,-1.4693089940556092,1.594746211291224,-0.8169767318548042,1.5643335651684624,0
0.491041277025767,-0.7183220998150319,-0.6830886209323243,-0.4944077863812003,-1.4693089940556092,-0.943080276714372,1.2240250682901004,-1.5839686334080776,0
-0.8945847664961184,-0.0167757961741874,-0.0254707405661457,-0.6940489931896395,-1.4693089940556092,-1.2603085877150713,-0.8169767318548042,-1.2341572780106842,0
1.1838542987867098,1.3931279402690642,1.67049116143084,-0.0285783038281757,1.446995469779169,-1.2603085877150713,-0.8169767318548042,1.214522209771069,1
0.1446347661452956,-0.1121316044360496,-0.2192949579372301,1.6350984195754836,0.2804736842452576,-0.943080276714372,1.2240250682901004,1.214522209771069,0
0.1446347661452956,-1.85578066979582,-1.7560441099508255,-0.6275019242534932,0.8637345770122132,-0.6258519657136724,-0.8169767318548042,0.5148994989762825,0
0.491041277025767,-0.6978887123303475,-0.8630682513483309,-1.0267843378703714,0.8637345770122132,0.960289589289825,-0.8169767318548042,0.8647108543736758,0
-0.548178255615647,-0.2347319293441582,0.029907607254164,-1.2929726136149569,-0.8860481012886536,-1.5775368987157707,1.2240250682901004,1.5643335651684624,0
-1.5873977882570611,-0.9839561371159348,-0.9945918274215668,0.6368923855332881,-0.8860481012886536,0.960289589289825,1.2240250682901004,1.5643335651684624,0
1.1838542987867098,-0.0167757961741874,0.2583432920129418,1.5685513506393374,-0.8860481012886536,-1.5775368987157707,-0.8169767318548042,-0.5345345672158975,0
-0.548178255615647,1.1683606779375313,1.068251628884972,0.104515834044117,-1.4693089940556092,0.3258329672884261,-0.8169767318548042,-0.8843459226132909,0
-0.2017717447351757,0.2624804994498383,0.4175560419963326,0.5037982476609952,1.446995469779169,-0.943080276714372,-0.8169767318548042,0.5148994989762825,0
-1.5873977882570611,0.0717688829261132,0.2860324659230967,-1.093331406806518,0.2804736842452576,0.3258329672884261,1.2240250682901004,0.5148994989762825,0
-1.5873977882570611,-0.5548549999375539,-0.5238758709489334,-1.7588020961679816,-0.302787208521698,-0.6258519657136724,-0.8169767318548042,0.5148994989762825,0
-0.8945847664961184,-0.1938651543747889,0.0575967811643189,-0.8936901999980786,1.446995469779169,-1.2603085877150713,-0.8169767318548042,-1.5839686334080776,0
0.8374477879062384,0.7460706699207126,0.4798566832941811,-0.2947665795727612,0.8637345770122132,-0.6258519657136724,-0.8169767318548042,-1.5839686334080776,1
0.491041277025767,1.6655731067315285,1.5112784114474505,0.4372511787248489,1.446995469779169,0.0086046562877266,-0.8169767318548042,-0.8843459226132909,0
0.1446347661452956,-0.1666206377285425,-0.2054503709821523,1.70164548851163,0.2804736842452576,0.3258329672884261,1.2240250682901004,1.5643335651684624,0
-0.8945847664961184,0.8346153490210126,1.0405624549748165,-0.6940489931896395,-0.302787208521698,-0.943080276714372,-0.8169767318548042,-0.8843459226132909,0
-1.5873977882570611,-0.8273001664000177,-0.5515650448590883,-0.0951253727643221,1.446995469779169,1.594746211291224,-0.8169767318548042,-0.5345345672158975,0
-1.5873977882570611,0.8073708323747668,1.0197955745422007,0.5703453165971416,-0.8860481012886536,0.6430612782891255,-0.8169767318548042,0.5148994989762825,0
-1.24099127737659,-1.1951011411243442,-1.0292032948092602,-0.5609548553173468,0.8637345770122132,-0.943080276714372,1.2240250682901004,-0.5345345672158975,0
0.8374477879062384,1.1206827738066,1.3174541940763655,0.0379687651079706,0.2804736842452576,-0.943080276714372,-0.8169767318548042,0.1650881435788891,1
-0.2017717447351757,-0.9362782329850032,-1.1468822839274184,1.4354572127670446,-0.8860481012886536,1.594746211291224,-0.8169767318548042,-1.5839686334080776,0
1.1838542987867098,-1.3449459826786998,-1.5899090664898965,0.5703453165971416,-0.8860481012886536,-0.6258519657136724,1.2240250682901004,-1.5839686334080776,0
-0.2017717447351757,0.3987030826810698,0.7082923680529589,-0.6275019242534932,-1.4693089940556092,-1.2603085877150713,-0.8169767318548042,0.1650881435788891,0
-1.5873977882570611,-1.8625917989573813,-1.5691421860572805,-0.7605960621257859,-1.4693089940556092,0.0086046562877266,1.2240250682901004,1.214522209771069,0
1.1838542987867098,1.107060515483477,1.2620758462560555,0.96962773021402,0.8637345770122132,0.3258329672884261,1.2240250682901004,-1.2341572780106842,1
-1.5873977882570611,0.0717688829261132,0.071441368119396,-0.6275019242534932,0.8637345770122132,0.960289589289825,1.2240250682901004,-0.1847232118185042,0
-0.8945847664961184,-0.4322546750294447,-0.2054503709821523,0.7699865234055808,0.2804736842452576,0.3258329672884261,1.2240250682901004,1.214522209771069,0
1.530260809667181,-1.9307030905729972,-1.693743468652977,1.70164548851163,0.2804736842452576,-0.3086236547129729,-0.8169767318548042,0.5148994989762825,1
-1.24099127737659,1.6860064942162127,1.4351331831945238,0.3041570408525561,0.8637345770122132,1.2775179002905246,1.2240250682901004,1.5643335651684624,0
-0.548178255615647,-0.4458769333525682,-0.1639166101169203,-1.3595196825511031,-0.302787208521698,0.3258329672884261,-0.8169767318548042,0.1650881435788891,0
-1.24099127737659,0.3374029202270155,0.1406643028947836,1.901286695320069,-0.302787208521698,0.3258329672884261,-0.8169767318548042,-0.8843459226132909,1
1.530260809667181,0.5008700201044941,0.618302552844955,-0.6275019242534932,0.8637345770122132,-0.6258519657136724,-0.8169767318548042,0.1650881435788891,1
0.491041277025767,-0.7455666164612783,-0.6692440339772465,-0.0951253727643221,-0.8860481012886536,-0.943080276714372,1.2240250682901004,0.8647108543736758,0
0.1446347661452956,0.4395698576504397,0.5629242050246451,0.6368923855332881,-1.4693089940556092,-0.3086236547129729,-0.8169767318548042,-1.5839686334080776,0
1.530260809667181,-0.6638330665225397,-0.6277102731120144,1.302363074894752,-1.4693089940556092,-0.6258519657136724,-0.8169767318548042,-0.1847232118185042,0
1.1838542987867098,0.4736255034582483,0.3967891615637157,1.169268937022459,0.8637345770122132,-0.6258519657136724,1.2240250682901004,-1.5839686334080776,1
-1.24099127737659,-0.3709545125753904,-0.7246223817975563,1.169268937022459,-0.302787208521698,-1.2603085877150713,-0.8169767318548042,1.214522209771069,0
-1.5873977882570611,0.2556693702882768,-0.0185484470886072,-0.427860717445054,-1.4693089940556092,-1.5775368987157707,-0.8169767318548042,1.214522209771069,0
-0.8945847664961184,0.2352359828035918,0.5767687919797223,-2.2246315787210063,1.446995469779169,-0.6258519657136724,-0.8169767318548042,0.1650881435788891,0
-0.8945847664961184,-0.9499004913081268,-0.8769128383034086,-1.159878475742664,1.446995469779169,0.3258329672884261,1.2240250682901004,1.5643335651684624,0
1.1838542987867098,0.0649577537645518,-0.0323930340436843,0.5037982476609952,0.8637345770122132,1.594746211291224,1.2240250682901004,-1.2341572780106842,0
-0.2017717447351757,1.1887940654222156,1.1859306180031302,-0.7605960621257859,-0.302787208521698,0.3258329672884261,-0.8169767318548042,-0.8843459226132909,0
1.530260809667181,-1.8149138948264496,-1.728354936040671,-0.2947665795727612,1.446995469779169,-0.943080276714372,-0.8169767318548042,-1.2341572780106842,0
0.8374477879062384,-1.794480507341765,-1.7352772295182095,1.102721868086313,0.8637345770122132,-0.6258519657136724,1.2240250682901004,0.1650881435788891,1
-1.24099127737659,-1.4471129201021231,-1.1330376969723408,-1.692255027231835,-0.302787208521698,-1.2603085877150713,-0.8169767318548042,-1.2341572780106842,0
1.1838542987867098,1.0457603530294226,1.1651637375705144,-0.0285783038281757,0.8637345770122132,-1.5775368987157707,1.2240250682901004,0.1650881435788891,1
-1.5873977882570611,-0.5548549999375539,-0.634632566589553,0.104515834044117,0.8637345770122132,-1.2603085877150713,-0.8169767318548042,0.5148994989762825,0
-0.2017717447351757,-1.7195580865645876,-1.4929969578043545,1.4354572127670446,-1.4693089940556092,0.0086046562877266,-0.8169767318548042,-0.5345345672158975,0
-1.5873977882570611,0.895915511475067,1.0890185093175877,0.1710629029802634,0.8637345770122132,1.2775179002905246,-0.8169767318548042,-0.1847232118185042,0
1.1838542987867098,-1.4471129201021231,-1.7491218164732871,0.8365335923417272,-0.8860481012886536,1.594746211291224,-0.8169767318548042,0.5148994989762825,0
-0.548178255615647,-0.534421612452869,-0.8076899035280211,0.2376099719164097,1.446995469779169,0.6430612782891255,1.2240250682901004,0.8647108543736758,0
1.530260809667181,1.2160385820684627,1.033640161497278,1.70164548851163,0.8637345770122132,0.6430612782891255,-0.8169767318548042,1.214522209771069,1
-0.548178255615647,0.0309021079567439,-0.1085382622966104,-1.4260667514872496,0.8637345770122132,-1.2603085877150713,-0.8169767318548042,-0.1847232118185042,0
0.1446347661452956,-1.3449459826786998,-1.5206861317145093,-0.2282195106366148,0.2804736842452576,-1.5775368987157707,-0.8169767318548042,0.5148994989762825,0
-0.2017717447351757,-0.8136779080768948,-0.5031089905163177,-0.1616724417004685,-1.4693089940556092,-0.3086236547129729,-0.8169767318548042,1.5643335651684624,0
-1.24099127737659,0.5485479242354255,0.3552554006984843,-1.093331406806518,0.8637345770122132,-1.5775368987157707,-0.8169767318548042,-0.1847232118185042,0
1.530260809667181,-0.4867437083219376,-0.4961866970387785,-0.4944077863812003,0.2804736842452576,0.6430612782891255,-0.8169767318548042,1.214522209771069,0
1.530260809667181,-0.6365885498762932,-0.5446427513815497,-0.0951253727643221,1.446995469779169,0.0086046562877266,-0.8169767318548042,1.214522209771069,0
0.491041277025767,-0.330087737606021,-0.073926794908917,-0.6940489931896395,1.446995469779169,-0.6258519657136724,-0.8169767318548042,-1.5839686334080776,0
1.530260809667181,1.63151746092372,1.504356117969912,-2.2246315787210063,-1.4693089940556092,0.0086046562877266,-0.8169767318548042,0.5148994989762825,0
1.530260809667181,0.6302814741741654,0.722136955008036,-0.2282195106366148,0.2804736842452576,1.2775179002905246,-0.8169767318548042,0.5148994989762825,1
-1.24099127737659,0.5894146992047954,0.3275662267883288,-1.6257079582956888,-1.4693089940556092,-1.5775368987157707,-0.8169767318548042,0.5148994989762825,0
-0.8945847664961184,-1.5288464700408628,-1.7214326425631323,-0.8271431310619323,-0.302787208521698,-0.3086236547129729,-0.8169767318548042,0.8647108543736758,0
-0.2017717447351757,-2.019247769673298,-1.7145103490855935,-0.1616724417004685,-0.302787208521698,0.6430612782891255,-0.8169767318548042,0.1650881435788891,0
-0.8945847664961184,0.923160028121314,1.172086031048053,-3.156290543827055,1.446995469779169,0.0086046562877266,-0.8169767318548042,-0.8843459226132909,0
-1.5873977882570611,-1.3449459826786998,-1.4653077838941997,-1.492613820423396,0.2804736842452576,0.6430612782891255,-0.8169767318548042,-0.5345345672158975,0
-0.8945847664961184,-1.85578066979582,-1.7075880556080545,0.7034394544694345,-0.302787208521698,0.960289589289825,1.2240250682901004,-0.8843459226132909,0
-1.5873977882570611,0.5757924408816725,0.5006235637267967,-0.0951253727643221,-0.8860481012886536,0.960289589289825,-0.8169767318548042,0.8647108543736758,0
-1.5873977882570611,-0.4050101583831983,-0.1985280775046137,-0.5609548553173468,-1.4693089940556092,-1.2603085877150713,-0.8169767318548042,1.214522209771069,0
-0.2017717447351757,-0.7591888747844019,-0.8423013709157146,-0.8271431310619323,-0.8860481012886536,1.594746211291224,1.2240250682901004,1.214522209771069,0
-0.2017717447351757,1.46123923188468,1.483589237537295,0.7034394544694345,0.8637345770122132,1.2775179002905246,-0.8169767318548042,-0.1847232118185042,0
-0.8945847664961184,1.6110840734390357,1.5805013462228374,-0.5609548553173468,-1.4693089940556092,-0.3086236547129729,-0.8169767318548042,-0.1847232118185042,0
0.8374477879062384,0.4804366326198097,0.4244783354738712,1.169268937022459,-0.8860481012886536,0.6430612782891255,-0.8169767318548042,1.214522209771069,1
-0.2017717447351757,-0.0167757961741874,-0.246984131847385,-1.6257079582956888,0.2804736842452576,-0.3086236547129729,1.2240250682901004,1.5643335651684624,0
0.1446347661452956,-0.5616661290991154,-0.2815955992350785,-0.1616724417004685,-0.8860481012886536,1.2775179002905246,-0.8169767318548042,-1.5839686334080776,0
-1.24099127737659,-1.8694029281189428,-1.5829867730123577,-1.159878475742664,-0.8860481012886536,-0.6258519657136724,-0.8169767318548042,0.5148994989762825,0
1.1838542987867098,-0.6706441956841012,-0.7453892622301727,0.4372511787248489,-0.8860481012886536,-0.6258519657136724,-0.8169767318548042,-0.8843459226132909,0
-0.548178255615647,1.76092891499339,1.5943459331779146,-0.6940489931896395,-0.302787208521698,0.3258329672884261,-0.8169767318548042,1.5643335651684624,0
0.1446347661452956,1.6247063317621586,1.67049116143084,0.2376099719164097,-1.4693089940556092,-0.3086236547129729,-0.8169767318548042,0.1650881435788891,0
0.491041277025767,0.8141819615363283,1.033640161497278,-1.6257079582956888,0.2804736842452576,-0.3086236547129729,1.2240250682901004,1.214522209771069,0
-0.2017717447351757,-1.1746677536396597,-1.3960848491188127,1.102721868086313,-0.302787208521698,0.3258329672884261,-0.8169767318548042,0.5148994989762825,0
-1.24099127737659,0.9776490614138068,1.1097853897502046,0.9030806612778736,0.8637345770122132,0.0086046562877266,-0.8169767318548042,-0.8843459226132909,1
-0.2017717447351757,0.5281145367507412,0.3137216398332516,0.7699865234055808,0.2804736842452576,-0.943080276714372,1.2240250682901004,-0.1847232118185042,1
-0.548178255615647,-1.0929342037009204,-1.2091829252252668,-0.4944077863812003,0.2804736842452576,-0.943080276714372,-0.8169767318548042,0.8647108543736758,0
1.1838542987867098,0.160313562026414,0.071441368119396,0.104515834044117,0.2804736842452576,0.3258329672884261,1.2240250682901004,-0.5345345672158975,0
-1.5873977882570611,1.2092274529069011,1.1236299767052818,0.5703453165971416,-0.8860481012886536,-0.943080276714372,-0.8169767318548042,0.5148994989762825,0
1.1838542987867098,-0.9635227496312496,-1.0499701752418766,-1.159878475742664,1.446995469779169,1.2775179002905246,-0.8169767318548042,0.1650881435788891,0
0.8374477879062384,-1.6514467949489713,-1.5068415447594317,0.3707041097887025,-1.4693089940556092,-0.943080276714372,-0.8169767318548042,1.5643335651684624,0
0.1446347661452956,1.5702172984696656,1.3935994223292922,-0.0285783038281757,0.8637345770122132,0.3258329672884261,1.2240250682901004,0.1650881435788891,0
-1.24099127737659,1.604272944277474,1.414366302761908,-0.0285783038281757,-0.8860481012886536,-0.6258519657136724,-0.8169767318548042,0.8647108543736758,0
0.1446347661452956,0.0036575913104975,-0.246984131847385,0.7034394544694345,1.446995469779169,-1.2603085877150713,1.2240250682901004,0.1650881435788891,0
-0.8945847664961184,0.3442140493885769,0.5283127376369523,0.96962773021402,-0.8860481012886536,0.0086046562877266,-0.8169767318548042,-0.5345345672158975,0
-0.2017717447351757,1.2160385820684627,1.275920433211134,-2.4908198544655917,-0.8860481012886536,-0.6258519657136724,-0.8169767318548042,0.5148994989762825,0
1.1838542987867098,-1.031634041246866,-0.8630682513483309,0.1710629029802634,0.8637345770122132,-1.5775368987157707,-0.8169767318548042,0.5148994989762825,0
0.491041277025767,0.9980824488984912,1.3312987810314438,-0.8271431310619323,0.8637345770122132,-1.5775368987157707,-0.8169767318548042,0.5148994989762825,0
0.491041277025767,-1.5492798575255478,-1.6175982404000513,0.1710629029802634,-0.8860481012886536,0.0086046562877266,-0.8169767318548042,0.8647108543736758,0
1.530260809667181,-0.0644537003051182,-0.0946936753415327,-0.2282195106366148,-0.302787208521698,-0.6258519657136724,1.2240250682901004,0.5148994989762825,0
-1.5873977882570611,-0.9430893621465648,-0.939213479601257,0.6368923855332881,0.2804736842452576,-0.943080276714372,1.2240250682901004,0.8647108543736758,0
1.530260809667181,1.277338744522517,1.206697498435746,1.70164548851163,-0.302787208521698,1.2775179002905246,1.2240250682901004,-0.5345345672158975,1
1.530260809667181,-1.1882900119627826,-1.0984262295846472,-2.8901022680824697,-0.8860481012886536,-1.5775368987157707,1.2240250682901004,-1.2341572780106842,0
-1.24099127737659,0.3918919535195084,0.6736809006652648,1.2358160059586054,1.446995469779169,-0.943080276714372,-0.8169767318548042,0.5148994989762825,1
-1.24099127737659,-1.6718801824336562,-1.4445409034615833,1.5685513506393374,-1.4693089940556092,1.2775179002905246,1.2240250682901004,-1.5839686334080776,0
1.530260809667181,-0.9567116204696884,-1.2091829252252668,0.6368923855332881,1.446995469779169,0.960289589289825,-0.8169767318548042,0.8647108543736758,0
1.1838542987867098,-0.6638330665225397,-0.3854300013981589,-0.6940489931896395,0.2804736842452576,0.6430612782891255,1.2240250682901004,-1.2341572780106842,0
-0.2017717447351757,0.1739358203495375,-0.1362274362067654,-0.0951253727643221,-0.302787208521698,-0.943080276714372,1.2240250682901004,-1.2341572780106842,0
1.530260809667181,-0.9430893621465648,-0.7938453165729439,1.4354572127670446,-0.8860481012886536,-0.3086236547129729,1.2240250682901004,1.5643335651684624,0
1.1838542987867098,1.3045832611687629,1.2551535527785171,-0.2282195106366148,0.2804736842452576,-1.2603085877150713,1.2240250682901004,1.5643335651684624,1
0.8374477879062384,0.9776490614138068,0.7290592484855746,-0.427860717445054,-0.302787208521698,-0.943080276714372,1.2240250682901004,-1.5839686334080776,1
-1.24099127737659,0.0172798496336204,0.0645190746418575,1.0361747991501662,-1.4693089940556092,-1.5775368987157707,1.2240250682901004,-1.2341572780106842,0
0.1446347661452956,1.1819829362606542,1.504356117969912,2.9660397982984112,-1.4693089940556092,0.6430612782891255,-0.8169767318548042,-0.8843459226132909,0
-1.5873977882570611,0.9163488989597526,0.9021165854240426,-0.1616724417004685,-0.302787208521698,1.594746211291224,-0.8169767318548042,1.5643335651684624,0
1.530260809667181,0.3033472744192082,0.3137216398332516,0.2376099719164097,1.446995469779169,0.6430612782891255,1.2240250682901004,1.214522209771069,0
1.1838542987867098,1.0593826113525455,0.9090388789015812,2.034380833192362,0.2804736842452576,0.0086046562877266,-0.8169767318548042,-1.5839686334080776,1
-1.24099127737659,0.5417367950738641,0.3552554006984843,-0.2947665795727612,-1.4693089940556092,0.960289589289825,-0.8169767318548042,0.5148994989762825,0
1.530260809667181,0.895915511475067,1.0059509875871235,0.7034394544694345,0.2804736842452576,0.0086046562877266,1.2240250682901004,-1.2341572780106842,1
1.530260809667181,1.2569053570378326,0.9436503462892752,0.0379687651079706,-1.4693089940556092,0.0086046562877266,1.2240250682901004,-0.1847232118185042,0
0.1446347661452956,0.1671246911879761,-0.0531599144763006,0.3041570408525561,1.446995469779169,0.3258329672884261,-0.8169767318548042,-1.5839686334080776,0
-1.5873977882570611,1.1343050321297228,1.2620758462560555,-0.7605960621257859,-0.8860481012886536,-0.3086236547129729,1.2240250682901004,0.5148994989762825,0
-0.8945847664961184,-1.746802603210834,-1.4791523708492766,-0.4944077863812003,1.446995469779169,0.3258329672884261,1.2240250682901004,-1.2341572780106842,0
0.491041277025767,0.5689813117201099,0.7982821832609616,-1.492613820423396,0.8637345770122132,0.6430612782891255,-0.8169767318548042,-0.1847232118185042,0
1.1838542987867098,-1.5833355033333556,-1.6798988816978997,-0.7605960621257859,-1.4693089940556092,-0.3086236547129729,1.2240250682901004,-0.8843459226132909,0
0.1446347661452956,1.2569053570378326,1.4559000636271406,-0.4944077863812003,-0.8860481012886536,1.2775179002905246,-0.8169767318548042,1.214522209771069,0
-0.8945847664961184,0.5076811492660556,0.4867789767717196,-0.2282195106366148,1.446995469779169,1.2775179002905246,-0.8169767318548042,1.214522209771069,0
-1.5873977882570611,0.0853911412492368,0.1891203572375542,-0.960237268934225,-1.4693089940556092,0.0086046562877266,-0.8169767318548042,-0.8843459226132909,0
-1.24099127737659,-0.2483541876672818,-0.0531599144763006,1.6350984195754836,-1.4693089940556092,0.0086046562877266,-0.8169767318548042,1.214522209771069,0
1.1838542987867098,-0.534421612452869,-0.5238758709489334,0.3041570408525561,1.446995469779169,0.0086046562877266,1.2240250682901004,-0.5345345672158975,0
-0.2017717447351757,1.6791953650546514,1.5458898788351434,2.3005691089369473,0.2804736842452576,-1.2603085877150713,-0.8169767318548042,-1.5839686334080776,1
0.491041277025767,1.236471969553147,1.4628223571046792,-0.960237268934225,0.8637345770122132,0.3258329672884261,-0.8169767318548042,0.1650881435788891,0
0.8374477879062384,0.6915816366282197,0.7982821832609616,0.4372511787248489,-0.302787208521698,1.2775179002905246,1.2240250682901004,-1.5839686334080776,1
-0.548178255615647,0.4463809868120012,0.2306541181027869,-1.2264255446788106,-0.8860481012886536,0.0086046562877266,-0.8169767318548042,-0.1847232118185042,0
-1.24099127737659,1.1956051945837771,1.2274643788683628,0.5037982476609952,1.446995469779169,0.0086046562877266,1.2240250682901004,1.5643335651684624,0
0.1446347661452956,-0.1666206377285425,0.1268197159397059,-1.159878475742664,0.2804736842452576,0.960289589289825,-0.8169767318548042,1.214522209771069,0
1.530260809667181,-1.631013407464287,-1.645287414310206,-0.1616724417004685,0.2804736842452576,0.0086046562877266,1.2240250682901004,-0.1847232118185042,0
-0.548178255615647,-1.079311945377797,-1.3614733817311184,-0.0951253727643221,0.8637345770122132,1.2775179002905246,-0.8169767318548042,1.5643335651684624,0
-0.8945847664961184,-1.7876693781802035,-1.4929969578043545,2.034380833192362,-0.302787208521698,-0.943080276714372,-0.8169767318548042,1.214522209771069,0
-1.5873977882570611,0.2829138869345232,0.3760222811311,-1.159878475742664,-1.4693089940556092,-0.943080276714372,-0.8169767318548042,0.5148994989762825,0
-0.2017717447351757,-0.6025329040684848,-0.2885178927126171,0.96962773021402,-1.4693089940556092,-0.943080276714372,-0.8169767318548042,-1.5839686334080776,0
0.8374477879062384,-1.3313237243555762,-1.5345307186695865,-1.492613820423396,-0.302787208521698,0.0086046562877266,-0.8169767318548042,-1.5839686334080776,0
-1.5873977882570611,1.093438257160354,0.8882719984689654,0.6368923855332881,-1.4693089940556092,-0.3086236547129729,1.2240250682901004,-0.5345345672158975,0
0.8374477879062384,0.1739358203495375,0.272187878968019,1.901286695320069,1.446995469779169,-0.3086236547129729,-0.8169767318548042,0.1650881435788891,1
-0.548178255615647,-1.045256299569989,-0.8699905448258695,0.7034394544694345,1.446995469779169,1.594746211291224,1.2240250682901004,-0.5345345672158975,0
1.1838542987867098,-0.4050101583831983,-0.2885178927126171,-0.0285783038281757,0.2804736842452576,1.594746211291224,-0.8169767318548042,-0.1847232118185042,0
0.1446347661452956,0.160313562026414,0.3898668680861771,-1.0267843378703714,-1.4693089940556092,-0.943080276714372,-0.8169767318548042,-1.5839686334080776,0
0.1446347661452956,-0.2483541876672818,-0.0946936753415327,-1.2264255446788106,0.8637345770122132,0.960289589289825,1.2240250682901004,-0.8843459226132909,0
-0.548178255615647,0.936782286444437,0.929805759334198,-1.0267843378703714,-0.8860481012886536,1.594746211291224,1.2240250682901004,0.1650881435788891,0
-1.24099127737659,-1.270023561901522,-1.0638147621969538,0.5703453165971416,-0.8860481012886536,0.0086046562877266,1.2240250682901004,-0.8843459226132909,0
-0.2017717447351757,-0.7115109706534705,-0.5446427513815497,1.5685513506393374,0.8637345770122132,-0.3086236547129729,-0.8169767318548042,1.214522209771069,0
0.491041277025767,-1.4879796950714934,-1.7352772295182095,-1.0267843378703714,1.446995469779169,-0.943080276714372,1.2240250682901004,-0.5345345672158975,0
0.491041277025767,0.0172798496336204,0.0575967811643189,0.5037982476609952,-0.8860481012886536,-0.6258519657136724,-0.8169767318548042,-0.8843459226132909,0
-0.548178255615647,1.025326965544737,1.1859306180031302,0.6368923855332881,0.2804736842452576,-0.6258519657136724,-0.8169767318548042,-1.5839686334080776,0
0.491041277025767,0.4940588909429326,0.5006235637267967,1.102721868086313,1.446995469779169,0.6430612782891255,-0.8169767318548042,-0.1847232118185042,1
0.491041277025767,-1.460735178425247,-1.5483753056246643,0.4372511787248489,1.446995469779169,0.3258329672884261,1.2240250682901004,-1.5839686334080776,0
-0.548178255615647,-0.2551653168288432,-0.3854300013981589,0.6368923855332881,-0.8860481012886536,-0.3086236547129729,-0.8169767318548042,-1.5839686334080776,0
1.530260809667181,-0.343709995929144,-0.3300516535778497,-0.6275019242534932,-0.302787208521698,-0.3086236547129729,1.2240250682901004,0.5148994989762825,0
-1.24099127737659,-0.7319443581381554,-0.8492236643932537,-0.2282195106366148,0.8637345770122132,-1.5775368987157707,-0.8169767318548042,-0.1847232118185042,0
-0.8945847664961184,1.1819829362606542,0.9921064006320464,-0.1616724417004685,-0.302787208521698,0.6430612782891255,1.2240250682901004,1.5643335651684624,0
-1.5873977882570611,-0.2687875751519668,-0.3023624796676948,-1.6257079582956888,-0.302787208521698,0.0086046562877266,1.2240250682901004,0.5148994989762825,0
1.530260809667181,-0.6161551623916083,-0.8215344904830988,0.96962773021402,-0.302787208521698,1.594746211291224,-0.8169767318548042,1.214522209771069,1
0.8374477879062384,0.514492278427617,0.6044579658898779,1.302363074894752,-1.4693089940556092,-1.2603085877150713,-0.8169767318548042,-0.5345345672158975,1
1.530260809667181,0.1671246911879761,0.0091407268215477,-0.8271431310619323,1.446995469779169,-0.943080276714372,1.2240250682901004,-0.1847232118185042,0
-1.24099127737659,0.8278042198594512,1.172086031048053,-0.8936901999980786,0.8637345770122132,1.2775179002905246,-0.8169767318548042,-0.5345345672158975,0
-0.2017717447351757,-1.2427790452552756,-1.472230077371738,-0.8271431310619323,0.8637345770122132,-1.2603085877150713,-0.8169767318548042,-1.2341572780106842,0
0.8374477879062384,0.4872477617813712,0.7844375963058844,0.7034394544694345,0.8637345770122132,-1.5775368987157707,-0.8169767318548042,0.8647108543736758,1
1.530260809667181,-0.8545446830462641,-0.5377204579040112,-1.159878475742664,0.2804736842452576,0.3258329672884261,-0.8169767318548042,1.214522209771069,0
0.491041277025767,1.1138716446450383,1.4559000636271406,-1.2929726136149569,1.446995469779169,0.0086046562877266,1.2240250682901004,-0.5345345672158975,0
-0.8945847664961184,1.318205519491887,1.6358796940431473,-1.6257079582956888,-0.8860481012886536,-1.2603085877150713,1.2240250682901004,-1.2341572780106842,0
0.1446347661452956,-0.6910775831687861,-0.939213479601257,-0.6275019242534932,-0.302787208521698,1.2775179002905246,-0.8169767318548042,1.5643335651684624,0
-0.2017717447351757,0.0240909787951824,0.1614311833273993,0.1710629029802634,-1.4693089940556092,0.0086046562877266,-0.8169767318548042,-1.2341572780106842,0
-1.5873977882570611,-0.4458769333525682,-0.4754198166061628,0.1710629029802634,0.8637345770122132,-0.6258519657136724,-0.8169767318548042,-0.5345345672158975,0
-1.24099127737659,1.5293505235002958,1.206697498435746,0.3707041097887025,0.2804736842452576,0.6430612782891255,-0.8169767318548042,-1.2341572780106842,0
-0.2017717447351757,-0.2551653168288432,-0.0047038601335294,1.6350984195754836,1.446995469779169,0.6430612782891255,1.2240250682901004,-1.5839686334080776,0
1.530260809667181,0.9776490614138068,1.1097853897502046,0.3707041097887025,1.446995469779169,-1.5775368987157707,-0.8169767318548042,1.214522209771069,1
-1.5873977882570611,1.2092274529069011,0.9436503462892752,0.7699865234055808,1.446995469779169,-1.2603085877150713,1.2240250682901004,0.8647108543736758,1
-1.24099127737659,-1.120178720347167,-1.1745714578375734,-0.2947665795727612,-0.8860481012886536,-0.943080276714372,-0.8169767318548042,-1.2341572780106842,0
0.8374477879062384,0.555359053396987,0.7567484223957301,2.1009279021285083,-0.8860481012886536,0.6430612782891255,1.2240250682901004,0.8647108543736758,1
-1.5873977882570611,1.1411161612912857,1.3866771288517523,0.96962773021402,0.2804736842452576,-0.3086236547129729,1.2240250682901004,0.1650881435788891,1
-0.2017717447351757,0.5417367950738641,0.2929547594006353,-0.3613136485089076,0.2804736842452576,-0.6258519657136724,-0.8169767318548042,0.8647108543736758,0
0.1446347661452956,0.8891043823135055,1.1859306180031302,1.502004281703191,-0.8860481012886536,1.2775179002905246,1.2240250682901004,1.5643335651684624,0
-1.24099127737659,-0.0848870877898032,0.029907607254164,-0.1616724417004685,0.2804736842452576,0.3258329672884261,-0.8169767318548042,-0.1847232118185042,0
0.1446347661452956,0.9572156739291212,1.1928529114806687,-0.0285783038281757,-0.8860481012886536,1.2775179002905246,-0.8169767318548042,0.5148994989762825,0
1.530260809667181,1.011704707221614,1.0820962158400491,0.2376099719164097,0.8637345770122132,-1.2603085877150713,-0.8169767318548042,-0.5345345672158975,1
-1.24099127737659,1.4408058443999956,1.5805013462228374,-0.0285783038281757,-1.4693089940556092,0.3258329672884261,-0.8169767318548042,-1.5839686334080776,0
-1.24099127737659,1.7541177858318286,1.67049116143084,0.6368923855332881,0.8637345770122132,0.960289589289825,-0.8169767318548042,-1.2341572780106842,0
-1.24099127737659,-0.5548549999375539,-0.7938453165729439,-0.4944077863812003,-1.4693089940556092,-0.3086236547129729,-0.8169767318548042,0.8647108543736758,0
0.8374477879062384,-0.2074874126979118,-0.5100312839938563,-0.8936901999980786,-0.302787208521698,1.2775179002905246,-0.8169767318548042,-1.5839686334080776,0
-0.548178255615647,-0.0508314419819953,0.0091407268215477,-1.159878475742664,-1.4693089940556092,0.0086046562877266,-0.8169767318548042,1.214522209771069,0
1.530260809667181,1.2092274529069011,1.4905115310148336,-0.3613136485089076,-0.302787208521698,0.960289589289825,-0.8169767318548042,0.1650881435788891,1
-1.24099127737659,1.07981599883723,0.8813497049914268,0.0379687651079706,1.446995469779169,1.594746211291224,-0.8169767318548042,-0.8843459226132909,0
-1.5873977882570611,-1.4675463075868085,-1.5483753056246643,-1.492613820423396,-1.4693089940556092,-0.943080276714372,-0.8169767318548042,0.5148994989762825,0
-0.2017717447351757,-1.0725008162162355,-1.3960848491188127,-0.960237268934225,-0.8860481012886536,-1.5775368987157707,-0.8169767318548042,-1.2341572780106842,0
-1.5873977882570611,1.297772132007201,1.5666567592677605,0.7034394544694345,-0.8860481012886536,0.3258329672884261,-0.8169767318548042,-1.2341572780106842,0
-1.5873977882570611,-0.6842664540072241,-0.8630682513483309,-0.0951253727643221,-0.8860481012886536,1.594746211291224,-0.8169767318548042,1.5643335651684624,0
-0.2017717447351757,1.406750198592187,1.199775204958207,-0.6275019242534932,1.446995469779169,0.6430612782891255,-0.8169767318548042,-0.5345345672158975,0
0.491041277025767,-0.6297774207147312,-0.5792542187692432,-1.093331406806518,0.2804736842452576,-1.5775368987157707,-0.8169767318548042,0.5148994989762825,0
-0.2017717447351757,-1.024822912085304,-1.0707370556744924,0.6368923855332881,0.2804736842452576,1.2775179002905246,-0.8169767318548042,-0.5345345672158975,0
-0.2017717447351757,-1.419868403455877,-1.5899090664898965,-0.2282195106366148,1.446995469779169,-0.6258519657136724,1.2240250682901004,1.214522209771069,0
1.530260809667181,-0.1666206377285425,-0.0946936753415327,-0.0285783038281757,0.2804736842452576,-0.943080276714372,-0.8169767318548042,-1.5839686334080776,0
-0.8945847664961184,-1.2632124327399603,-1.2299498056578833,0.3707041097887025,-0.8860481012886536,0.6430612782891255,1.2240250682901004,-0.5345345672158975,0
1.1838542987867098,-1.440301790940562,-1.2437943926129602,-0.4944077863812003,0.8637345770122132,-1.5775368987157707,-0.8169767318548042,-1.2341572780106842,0
0.1446347661452956,-0.6706441956841012,-0.4546529361735464,0.6368923855332881,-1.4693089940556092,-1.5775368987157707,1.2240250682901004,0.1650881435788891,0
-0.2017717447351757,0.7188261532744655,1.033640161497278,-0.0951253727643221,1.446995469779169,0.960289589289825,-0.8169767318548042,-0.1847232118185042,0
0.491041277025767,0.1398801745417296,-0.1362274362067654,-0.0951253727643221,0.2804736842452576,0.0086046562877266,1.2240250682901004,-0.8843459226132909,0
-0.548178255615647,-1.2087233994474675,-1.5414530121471255,-0.6940489931896395,-0.302787208521698,0.0086046562877266,-0.8169767318548042,0.1650881435788891,0
-0.2017717447351757,1.5634061693081045,1.691258041863457,0.2376099719164097,1.446995469779169,-1.2603085877150713,-0.8169767318548042,1.5643335651684624,0
0.491041277025767,0.2965361452576461,0.3137216398332516,-0.4944077863812003,1.446995469779169,-0.3086236547129729,-0.8169767318548042,1.5643335651684624,0
0.491041277025767,-0.0508314419819953,-0.1293051427292268,-0.6940489931896395,-0.8860481012886536,1.594746211291224,1.2240250682901004,-0.5345345672158975,0
1.530260809667181,-0.3981990292216368,-0.6830886209323243,1.0361747991501662,-1.4693089940556092,-1.2603085877150713,-0.8169767318548042,0.8647108543736758,0
-0.8945847664961184,-0.4118212875447604,-0.0877713818639941,0.104515834044117,-1.4693089940556092,-0.6258519657136724,-0.8169767318548042,1.214522209771069,0
-0.8945847664961184,0.2216137244804689,0.306799346355713,-0.8271431310619323,-0.302787208521698,-1.5775368987157707,1.2240250682901004,-0.1847232118185042,0
-0.548178255615647,1.50210600685405,1.4420554766720624,-0.0951253727643221,0.2804736842452576,1.2775179002905246,-0.8169767318548042,0.1650881435788891,0
-0.2017717447351757,0.0922022704107982,-0.1293051427292268,0.5037982476609952,0.8637345770122132,0.0086046562877266,-0.8169767318548042,1.5643335651684624,0
-1.5873977882570611,1.3250166486534485,1.2274643788683628,-0.0951253727643221,-0.8860481012886536,0.960289589289825,-0.8169767318548042,-0.1847232118185042,0
0.1446347661452956,1.869906981578376,1.62203510708807,-0.8271431310619323,-0.302787208521698,0.3258329672884261,-0.8169767318548042,-0.1847232118185042,0
1.530260809667181,0.3918919535195084,0.5906133789348007,0.1710629029802634,-0.302787208521698,-0.3086236547129729,1.2240250682901004,-1.5839686334080776,1
-1.5873977882570611,-0.3028432209597747,-0.5377204579040112,-0.0285783038281757,-0.8860481012886536,1.2775179002905246,1.2240250682901004,0.8647108543736758,0
-1.5873977882570611,-1.610580019979602,-1.5552975991022029,-0.4944077863812003,0.2804736842452576,-0.943080276714372,1.2240250682901004,-0.1847232118185042,0
1.1838542987867098,0.3782696951963855,0.5006235637267967,0.6368923855332881,0.2804736842452576,1.2775179002905246,-0.8169767318548042,-1.5839686334080776,1
-0.8945847664961184,-1.4947908242330548,-1.4791523708492766,-1.4260667514872496,-0.8860481012886536,-0.6258519657136724,1.2240250682901004,0.8647108543736758,0
-0.548178255615647,0.1262579162186061,-0.0116261536110686,-0.2947665795727612,0.8637345770122132,0.6430612782891255,1.2240250682901004,-1.2341572780106842,0
-1.5873977882570611,-0.3232766084444596,-0.4338860557409301,-0.4944077863812003,0.8637345770122132,0.6430612782891255,-0.8169767318548042,0.1650881435788891,0
-0.8945847664961184,-1.215534528609029,-1.3891625556412734,-2.024990371912567,-0.302787208521698,0.3258329672884261,-0.8169767318548042,-0.1847232118185042,0
1.1838542987867098,1.0457603530294226,1.3312987810314438,-1.093331406806518,-1.4693089940556092,0.0086046562877266,1.2240250682901004,1.5643335651684624,0
1.1838542987867098,-1.30407920770933,-1.2299498056578833,-1.6257079582956888,-1.4693089940556092,-0.6258519657136724,-0.8169767318548042,-0.1847232118185042,0
1.1838542987867098,1.0457603530294226,1.345143367986521,0.3707041097887025,-0.8860481012886536,0.960289589289825,-0.8169767318548042,-0.8843459226132909,0
1.1838542987867098,-1.249590174416837,-1.3337842078209636,0.3707041097887025,-0.8860481012886536,0.3258329672884261,-0.8169767318548042,-1.2341572780106842,0
0.491041277025767,1.2841498736840784,1.0544070419298948,0.7699865234055808,1.446995469779169,-0.6258519657136724,1.2240250682901004,-0.1847232118185042,1
-0.8945847664961184,1.1547384196144084,1.2551535527785171,0.5703453165971416,0.2804736842452576,0.0086046562877266,-0.8169767318548042,-1.5839686334080776,0
-1.5873977882570611,-0.9635227496312496,-1.1607268708824956,2.234022040000801,-0.302787208521698,1.2775179002905246,-0.8169767318548042,0.1650881435788891,0
-0.2017717447351757,0.8278042198594512,0.9713395201994296,-2.4908198544655917,-0.302787208521698,1.2775179002905246,1.2240250682901004,0.5148994989762825,0
-1.5873977882570611,0.3033472744192082,0.5767687919797223,1.5685513506393374,-1.4693089940556092,-0.6258519657136724,-0.8169767318548042,-1.2341572780106842,0
0.491041277025767,0.0581466246029903,0.2929547594006353,0.96962773021402,0.8637345770122132,0.6430612782891255,-0.8169767318548042,-0.8843459226132909,0
0.1446347661452956,-0.0303980544973103,-0.1985280775046137,0.4372511787248489,-0.302787208521698,-0.6258519657136724,-0.8169767318548042,0.5148994989762825,0
0.8374477879062384,-0.6297774207147312,-0.6415548600670916,-0.2947665795727612,0.8637345770122132,0.6430612782891255,1.2240250682901004,-1.5839686334080776,0
0.491041277025767,-1.2632124327399603,-1.257638979568038,-0.7605960621257859,0.8637345770122132,1.594746211291224,1.2240250682901004,0.8647108543736758,0
-1.24099127737659,0.3237806619038926,0.5975356724123393,0.104515834044117,-1.4693089940556092,0.0086046562877266,-0.8169767318548042,1.214522209771069,0
0.491041277025767,-1.562902115848671,-1.6660542947428223,1.9678337642562156,0.2804736842452576,-0.3086236547129729,-0.8169767318548042,1.5643335651684624,0
1.530260809667181,0.6643371199819726,0.4729343898166425,1.169268937022459,1.446995469779169,-0.6258519657136724,1.2240250682901004,1.214522209771069,1
-1.24099127737659,1.0593826113525455,1.3174541940763655,1.169268937022459,-0.8860481012886536,-1.5775368987157707,1.2240250682901004,-0.5345345672158975,0
1.1838542987867098,-0.8681669413693875,-0.9530580665563342,-0.0951253727643221,-0.8860481012886536,-0.6258519657136724,1.2240250682901004,-0.8843459226132909,0
-1.5873977882570611,-1.6923135699183414,-1.5345307186695865,0.104515834044117,-0.302787208521698,-0.6258519657136724,1.2240250682901004,0.8647108543736758,0
0.491041277025767,-0.9703338787928112,-1.2714835665231152,-0.6940489931896395,1.446995469779169,1.2775179002905246,-0.8169767318548042,0.8647108543736758,0
-0.8945847664961184,0.9776490614138068,1.1236299767052818,0.2376099719164097,-1.4693089940556092,1.594746211291224,1.2240250682901004,-1.2341572780106842,0
-1.24099127737659,-0.1529983794054196,-0.1223828492516876,1.2358160059586054,-1.4693089940556092,-1.5775368987157707,1.2240250682901004,-0.8843459226132909,0
0.491041277025767,-0.6842664540072241,-0.7730784361403276,-0.1616724417004685,1.446995469779169,0.960289589289825,-0.8169767318548042,1.214522209771069,0
1.530260809667181,-0.5480438707759919,-0.7384669687526341,-0.960237268934225,0.2804736842452576,-0.943080276714372,1.2240250682901004,1.214522209771069,0
-1.5873977882570611,1.5361616526618571,1.2482312593009786,-0.8271431310619323,-1.4693089940556092,1.594746211291224,-0.8169767318548042,1.5643335651684624,0
0.491041277025767,-1.590146632494917,-1.3060950339108086,-0.8271431310619323,-1.4693089940556092,1.594746211291224,-0.8169767318548042,-0.8843459226132909,0
1.1838542987867098,0.0309021079567439,-0.2815955992350785,0.6368923855332881,1.446995469779169,1.594746211291224,-0.8169767318548042,0.1650881435788891,0
-0.2017717447351757,-1.2836458202246448,-1.1745714578375734,-2.024990371912567,0.2804736842452576,1.2775179002905246,-0.8169767318548042,0.1650881435788891,0
1.1838542987867098,-0.1938651543747889,-0.5100312839938563,1.70164548851163,-1.4693089940556092,-0.6258519657136724,-0.8169767318548042,-0.1847232118185042,0
0.8374477879062384,-0.6297774207147312,-0.5723319252917046,-0.3613136485089076,-0.302787208521698,0.0086046562877266,-0.8169767318548042,0.5148994989762825,0
0.1446347661452956,1.2160385820684627,1.2620758462560555,-0.0951253727643221,1.446995469779169,0.0086046562877266,1.2240250682901004,-1.2341572780106842,0
1.530260809667181,0.6302814741741654,0.8467382376037328,1.0361747991501662,-1.4693089940556092,-0.3086236547129729,-0.8169767318548042,1.5643335651684624,1
-1.24099127737659,0.4872477617813712,0.4383229224289484,0.2376099719164097,-0.8860481012886536,-0.3086236547129729,-0.8169767318548042,0.1650881435788891,0
0.1446347661452956,-1.120178720347167,-1.2922504469557317,0.5037982476609952,-1.4693089940556092,-0.3086236547129729,1.2240250682901004,-0.1847232118185042,0
0.491041277025767,0.5689813117201099,0.8744274115138883,-0.4944077863812003,0.8637345770122132,1.594746211291224,-0.8169767318548042,1.5643335651684624,0
-0.2017717447351757,0.5008700201044941,0.81212677021604,0.3707041097887025,-0.8860481012886536,0.960289589289825,1.2240250682901004,0.8647108543736758,0
0.1446347661452956,-0.5820995165838004,-0.3092847731452334,1.9678337642562156,-1.4693089940556092,-0.3086236547129729,-0.8169767318548042,-0.5345345672158975,0
0.8374477879062384,1.2841498736840784,1.5805013462228374,0.4372511787248489,-0.8860481012886536,0.3258329672884261,-0.8169767318548042,-0.5345345672158975,0
1.1838542987867098,-1.0656896870546742,-1.2714835665231152,0.2376099719164097,-0.302787208521698,-0.943080276714372,-0.8169767318548042,0.8647108543736758,0
-0.548178255615647,0.5485479242354255,0.4521675093840255,0.2376099719164097,-1.4693089940556092,-1.5775368987157707,1.2240250682901004,0.5148994989762825,0
0.1446347661452956,-1.3449459826786998,-1.4653077838941997,-1.2264255446788106,-0.8860481012886536,-1.2603085877150713,1.2240250682901004,1.5643335651684624,0
0.1446347661452956,-0.4935548374834996,-0.4269637622633915,0.4372511787248489,-1.4693089940556092,0.960289589289825,-0.8169767318548042,1.5643335651684624,0
0.1446347661452956,-1.7331803448877106,-1.486074664326816,-0.427860717445054,0.2804736842452576,0.960289589289825,-0.8169767318548042,-1.5839686334080776,0
1.1838542987867098,0.8754821239903826,1.151319150615436,0.4372511787248489,0.2804736842452576,-0.3086236547129729,-0.8169767318548042,0.5148994989762825,1
-0.548178255615647,-1.120178720347167,-0.966902653511412,1.3689101438308982,0.8637345770122132,-0.3086236547129729,-0.8169767318548042,-0.8843459226132909,0
0.491041277025767,1.1343050321297228,0.9921064006320464,-0.5609548553173468,0.2804736842452576,0.3258329672884261,-0.8169767318548042,-0.1847232118185042,0
-1.5873977882570611,-0.1257538627591731,-0.1016159688190719,0.3041570408525561,0.8637345770122132,-0.3086236547129729,-0.8169767318548042,1.214522209771069,0
0.8374477879062384,-0.2279208001825968,-0.5584873383366269,-1.093331406806518,-1.4693089940556092,1.594746211291224,-0.8169767318548042,0.8647108543736758,0
-0.2017717447351757,0.1398801745417296,0.0022184333440091,-1.825349165104128,1.446995469779169,1.594746211291224,-0.8169767318548042,-0.8843459226132909,0
-1.5873977882570611,-1.794480507341765,-1.7214326425631323,0.4372511787248489,0.2804736842452576,-1.2603085877150713,1.2240250682901004,-0.8843459226132909,0
-0.2017717447351757,-1.1269898495087285,-1.3683956752086577,-1.6257079582956888,0.2804736842452576,-0.6258519657136724,-0.8169767318548042,-0.8843459226132909,0
-0.2017717447351757,0.8754821239903826,0.6944477810978805,1.102721868086313,0.2804736842452576,-0.943080276714372,-0.8169767318548042,0.8647108543736758,1
-1.5873977882570611,-0.0848870877898032,-0.1431497296843039,-2.2246315787210063,1.446995469779169,0.0086046562877266,1.2240250682901004,-0.5345345672158975,0
-0.548178255615647,-0.0712648294666803,-0.3231293601003105,0.0379687651079706,1.446995469779169,0.960289589289825,1.2240250682901004,0.5148994989762825,0
-1.24099127737659,0.9776490614138068,1.2966873136437498,1.0361747991501662,-0.302787208521698,0.0086046562877266,1.2240250682901004,1.214522209771069,1
-0.8945847664961184,0.8618598656672597,1.033640161497278,0.2376099719164097,0.8637345770122132,-0.943080276714372,1.2240250682901004,0.8647108543736758,0
0.8374477879062384,1.1615495487759695,1.199775204958207,0.3707041097887025,1.446995469779169,0.960289589289825,-0.8169767318548042,0.8647108543736758,1
-0.548178255615647,1.318205519491887,1.1097853897502046,0.96962773021402,-1.4693089940556092,0.960289589289825,-0.8169767318548042,-0.8843459226132909,0
0.8374477879062384,1.0593826113525455,1.0820962158400491,-0.7605960621257859,0.2804736842452576,-1.2603085877150713,-0.8169767318548042,-0.1847232118185042,1
1.530260809667181,-0.5207993541297461,-0.7523115557077112,-0.1616724417004685,-1.4693089940556092,-1.5775368987157707,-0.8169767318548042,-1.5839686334080776,0
0.491041277025767,0.5008700201044941,0.825971357171117,-0.8936901999980786,-1.4693089940556092,0.3258329672884261,1.2240250682901004,0.1650881435788891,0
-0.2017717447351757,0.3782696951963855,0.6736809006652648,1.502004281703191,-0.8860481012886536,-1.2603085877150713,1.2240250682901004,0.1650881435788891,0
1.530260809667181,0.3033472744192082,0.2098872376701706,0.1710629029802634,-1.4693089940556092,-0.3086236547129729,-0.8169767318548042,0.5148994989762825,0
1.1838542987867098,0.8141819615363283,0.6806031941428033,0.8365335923417272,-1.4693089940556092,-1.5775368987157707,-0.8169767318548042,1.5643335651684624,1
-0.548178255615647,0.8686709948288212,0.985184107154508,1.502004281703191,0.2804736842452576,-1.2603085877150713,-0.8169767318548042,-1.5839686334080776,1
0.1446347661452956,0.6302814741741654,0.3967891615637157,0.7699865234055808,-0.302787208521698,1.2775179002905246,1.2240250682901004,0.8647108543736758,1
-0.548178255615647,1.6860064942162127,1.656646574475763,1.5685513506393374,1.446995469779169,-1.5775368987157707,-0.8169767318548042,0.1650881435788891,1
-0.2017717447351757,-1.2223456577705905,-1.008436414376644,1.8347396263839229,0.2804736842452576,-0.943080276714372,-0.8169767318548042,-1.2341572780106842,0
-1.24099127737659,0.9776490614138068,0.7567484223957301,-0.0951253727643221,-0.8860481012886536,-0.943080276714372,1.2240250682901004,-1.5839686334080776,0
0.8374477879062384,-0.1870540252132274,-0.5307981644264727,-0.0285783038281757,0.2804736842452576,-1.5775368987157707,-0.8169767318548042,0.1650881435788891,0
-1.24099127737659,0.6098480866894798,0.7152146615304974,0.7699865234055808,0.2804736842452576,-0.6258519657136724,-0.8169767318548042,-0.1847232118185042,1
0.491041277025767,1.263716486199394,1.137474563660359,1.6350984195754836,1.446995469779169,1.2775179002905246,1.2240250682901004,-0.8843459226132909,1
-1.5873977882570611,1.3454500361381327,1.414366302761908,-1.2264255446788106,1.446995469779169,0.0086046562877266,1.2240250682901004,-0.5345345672158975,0
0.1446347661452956,-0.6910775831687861,-0.8907574252584858,0.6368923855332881,1.446995469779169,1.2775179002905246,-0.8169767318548042,0.5148994989762825,0
-0.548178255615647,0.8686709948288212,0.6390694332775719,0.6368923855332881,-1.4693089940556092,-1.5775368987157707,-0.8169767318548042,-1.2341572780106842,0
-1.5873977882570611,-0.513988224968184,-0.3300516535778497,-0.3613136485089076,-0.302787208521698,-0.943080276714372,1.2240250682901004,1.5643335651684624,0
-0.548178255615647,-0.139376121082296,-0.3854300013981589,1.5685513506393374,-1.4693089940556092,1.2775179002905246,-0.8169767318548042,1.5643335651684624,0
1.530260809667181,-0.1461872502438575,-0.0462376209987621,-0.2947665795727612,-0.302787208521698,0.3258329672884261,1.2240250682901004,-1.5839686334080776,0
-0.548178255615647,0.0172798496336204,0.3552554006984843,-0.4944077863812003,0.2804736842452576,1.2775179002905246,-0.8169767318548042,-1.2341572780106842,0
0.1446347661452956,1.6451397192468429,1.4074440092843694,-1.5591608893595423,-0.8860481012886536,-1.5775368987157707,1.2240250682901004,1.214522209771069,0
1.530260809667181,-1.453924049263685,-1.499919251281893,-0.2282195106366148,-0.302787208521698,0.0086046562877266,-0.8169767318548042,0.5148994989762825,0
-0.2017717447351757,-0.0576425711435567,-0.0462376209987621,0.96962773021402,-0.8860481012886536,-0.3086236547129729,1.2240250682901004,-1.5839686334080776,0
0.8374477879062384,1.1002493863219156,1.1097853897502046,0.104515834044117,0.2804736842452576,0.6430612782891255,-0.8169767318548042,1.5643335651684624,1
0.1446347661452956,-0.3709545125753904,-0.6692440339772465,0.4372511787248489,0.8637345770122132,-1.5775368987157707,-0.8169767318548042,1.214522209771069,0
1.1838542987867098,1.1751718070990926,0.86058282455881,-1.5591608893595423,-0.8860481012886536,-0.3086236547129729,-0.8169767318548042,-0.8843459226132909,0
0.8374477879062384,-1.1474232369934134,-1.2022606317477282,0.3707041097887025,-0.302787208521698,0.0086046562877266,1.2240250682901004,1.214522209771069,0
-1.24099127737659,-0.8613558122078261,-1.0915039361071086,-0.960237268934225,-0.8860481012886536,-1.5775368987157707,1.2240250682901004,1.5643335651684624,0
1.1838542987867098,-1.3381348535171378,-1.181493751315112,-0.7605960621257859,-0.302787208521698,0.6430612782891255,1.2240250682901004,0.5148994989762825,0
-0.2017717447351757,0.0581466246029903,0.2583432920129418,-0.6940489931896395,0.2804736842452576,-1.5775368987157707,-0.8169767318548042,-0.1847232118185042,0
-1.24099127737659,-1.079311945377797,-1.3753179686861965,0.3041570408525561,-1.4693089940556092,-0.943080276714372,1.2240250682901004,0.8647108543736758,0
1.1838542987867098,0.6370926033357268,0.8190490636935784,-0.2947665795727612,0.2804736842452576,0.0086046562877266,1.2240250682901004,-0.8843459226132909,1
1.530260809667181,0.0240909787951824,0.2306541181027869,-0.2282195106366148,0.2804736842452576,-0.3086236547129729,-0.8169767318548042,0.1650881435788891,0
-0.8945847664961184,1.3113943903303256,1.206697498435746,1.302363074894752,-0.302787208521698,-0.6258519657136724,1.2240250682901004,-1.2341572780106842,1
-0.548178255615647,1.1274939029681614,1.483589237537295,-0.2282195106366148,-1.4693089940556092,1.594746211291224,-0.8169767318548042,-1.5839686334080776,0
0.491041277025767,-0.5480438707759919,-0.7246223817975563,0.3041570408525561,-0.302787208521698,-1.2603085877150713,-0.8169767318548042,-0.1847232118185042,0
1.530260809667181,-0.9771450079543732,-1.3337842078209636,-1.3595196825511031,-0.8860481012886536,0.3258329672884261,1.2240250682901004,1.214522209771069,0
1.530260809667181,-1.6718801824336562,-1.6660542947428223,0.7034394544694345,0.8637345770122132,-1.2603085877150713,1.2240250682901004,-0.8843459226132909,0
-0.2017717447351757,0.9027266406366284,1.0544070419298948,-0.8936901999980786,-0.302787208521698,1.594746211291224,-0.8169767318548042,-1.5839686334080776,0
0.1446347661452956,1.5565950401465427,1.552812172312682,-0.2947665795727612,-1.4693089940556092,-1.5775368987157707,1.2240250682901004,-0.1847232118185042,0
1.530260809667181,0.0377132371183054,0.1891203572375542,-0.6940489931896395,1.446995469779169,-0.3086236547129729,1.2240250682901004,-1.5839686334080776,0
0.491041277025767,-1.2564013035783983,-1.5068415447594317,-0.2282195106366148,-0.8860481012886536,-1.2603085877150713,1.2240250682901004,-0.8843459226132909,0
0.8374477879062384,0.9980824488984912,0.8190490636935784,-0.6940489931896395,0.8637345770122132,0.0086046562877266,1.2240250682901004,-0.8843459226132909,1
-0.548178255615647,0.0717688829261132,0.2306541181027869,0.104515834044117,-0.8860481012886536,0.3258329672884261,-0.8169767318548042,0.5148994989762825,0
1.1838542987867098,-1.270023561901522,-1.3545510882535798,1.3689101438308982,-1.4693089940556092,0.6430612782891255,-0.8169767318548042,0.5148994989762825,0
1.530260809667181,-0.180242896051666,0.0229853137766254,-0.960237268934225,0.8637345770122132,-0.943080276714372,-0.8169767318548042,-0.1847232118185042,0
0.1446347661452956,1.1411161612912857,1.2897650201662112,-0.427860717445054,-0.302787208521698,0.3258329672884261,-0.8169767318548042,1.5643335651684624,0
-0.8945847664961184,-0.1189427335976111,0.0229853137766254,0.4372511787248489,0.8637345770122132,1.594746211291224,1.2240250682901004,-0.8843459226132909,0
-0.548178255615647,-0.180242896051666,-0.4131191753083138,-1.692255027231835,1.446995469779169,0.6430612782891255,1.2240250682901004,-1.2341572780106842,0
0.1446347661452956,-0.6502108081994161,-0.5031089905163177,-1.6257079582956888,1.446995469779169,-0.943080276714372,1.2240250682901004,0.5148994989762825,0
0.1446347661452956,-0.2755987043135282,-0.3992745883532366,-0.3613136485089076,1.446995469779169,1.2775179002905246,-0.8169767318548042,-0.8843459226132909,0
-0.8945847664961184,-0.7523777456228404,-0.4754198166061628,0.3707041097887025,-0.302787208521698,0.0086046562877266,1.2240250682901004,1.214522209771069,0
0.8374477879062384,-0.6570219373609776,-0.3715854144430817,-0.0285783038281757,0.2804736842452576,-0.943080276714372,1.2240250682901004,0.1650881435788891,0
0.1446347661452956,-1.0656896870546742,-1.0915039361071086,1.8347396263839229,0.8637345770122132,0.960289589289825,-0.8169767318548042,0.8647108543736758,0
-0.548178255615647,-0.6297774207147312,-0.6415548600670916,0.5703453165971416,-0.8860481012886536,1.594746211291224,1.2240250682901004,-1.2341572780106842,0
0.8374477879062384,1.8562847232552528,1.587423639700376,-0.5609548553173468,-0.302787208521698,0.960289589289825,-0.8169767318548042,0.8647108543736758,1
1.1838542987867098,0.0785800120876753,0.0645190746418575,0.2376099719164097,0.8637345770122132,1.594746211291224,-0.8169767318548042,0.5148994989762825,0
-0.548178255615647,-0.2074874126979118,-0.1362274362067654,-1.9584433029764208,-0.8860481012886536,0.6430612782891255,-0.8169767318548042,-0.1847232118185042,0
-0.2017717447351757,-0.6502108081994161,-0.5930988057243209,1.6350984195754836,-1.4693089940556092,-0.6258519657136724,-0.8169767318548042,0.1650881435788891,0
-1.24099127737659,0.160313562026414,0.4867789767717196,0.5703453165971416,-0.302787208521698,1.594746211291224,-0.8169767318548042,-1.5839686334080776,0
1.530260809667181,-1.7672359906955186,-1.576064479534819,0.4372511787248489,-1.4693089940556092,0.0086046562877266,-0.8169767318548042,0.8647108543736758,0
-0.548178255615647,-1.6786913115952178,-1.5552975991022029,-0.2282195106366148,-0.302787208521698,0.6430612782891255,1.2240250682901004,-0.8843459226132909,0
0.8374477879062384,1.318205519491887,1.4351331831945238,1.0361747991501662,0.2804736842452576,0.6430612782891255,-0.8169767318548042,0.8647108543736758,1
-1.5873977882570611,-0.1870540252132274,0.133742009417245,-0.1616724417004685,0.8637345770122132,0.6430612782891255,-0.8169767318548042,1.214522209771069,0
-0.548178255615647,0.684770507466657,0.9436503462892752,1.0361747991501662,0.8637345770122132,-1.2603085877150713,1.2240250682901004,-1.2341572780106842,1
-0.8945847664961184,-1.3585682410018227,-1.5691421860572805,-0.1616724417004685,1.446995469779169,-0.6258519657136724,-0.8169767318548042,-0.1847232118185042,0
-0.8945847664961184,1.2705276153609557,1.1651637375705144,2.566757384681533,1.446995469779169,0.0086046562877266,1.2240250682901004,-1.2341572780106842,1
-1.24099127737659,1.5157282651771729,1.6151128136105304,-1.692255027231835,-0.302787208521698,-0.6258519657136724,-0.8169767318548042,-1.2341572780106842,0
-1.24099127737659,-0.9362782329850032,-0.6277102731120144,-0.1616724417004685,1.446995469779169,0.3258329672884261,1.2240250682901004,-1.2341572780106842,0
1.530260809667181,1.6928176233777743,1.67049116143084,-0.7605960621257859,-0.8860481012886536,0.3258329672884261,1.2240250682901004,-0.8843459226132909,0
-0.548178255615647,-0.2347319293441582,-0.5584873383366269,0.2376099719164097,1.446995469779169,-1.2603085877150713,1.2240250682901004,0.1650881435788891,0
0.1446347661452956,0.4259475993273168,0.272187878968019,-0.427860717445054,0.8637345770122132,0.3258329672884261,1.2240250682901004,0.5148994989762825,0
-0.2017717447351757,0.2624804994498383,0.0783636615969352,0.3041570408525561,0.2804736842452576,1.2775179002905246,-0.8169767318548042,0.8647108543736758,0
-1.5873977882570611,0.9027266406366284,0.7429038354406517,-1.159878475742664,-1.4693089940556092,0.6430612782891255,1.2240250682901004,0.8647108543736758,0
-0.8945847664961184,0.4872477617813712,0.244498705057864,0.6368923855332881,0.8637345770122132,0.6430612782891255,1.2240250682901004,0.1650881435788891,0
-0.548178255615647,-0.0848870877898032,0.2237318246252483,-1.2929726136149569,-0.8860481012886536,0.0086046562877266,1.2240250682901004,1.214522209771069,0
-1.5873977882570611,1.1138716446450383,1.0405624549748165,0.4372511787248489,-0.302787208521698,-1.5775368987157707,1.2240250682901004,0.8647108543736758,0
1.530260809667181,0.6166592158510412,0.7844375963058844,0.2376099719164097,0.8637345770122132,1.2775179002905246,1.2240250682901004,-0.5345345672158975,1
-0.548178255615647,1.3999390694306255,1.5805013462228374,-0.8936901999980786,-1.4693089940556092,-0.943080276714372,1.2240250682901004,0.5148994989762825,0
0.8374477879062384,1.6519508484084056,1.3935994223292922,0.3707041097887025,0.8637345770122132,1.2775179002905246,-0.8169767318548042,-1.2341572780106842,1
-0.2017717447351757,-1.460735178425247,-1.693743468652977,-0.1616724417004685,0.2804736842452576,-0.6258519657136724,1.2240250682901004,-0.1847232118185042,0
-0.2017717447351757,-0.1121316044360496,-0.0323930340436843,0.5703453165971416,1.446995469779169,-0.6258519657136724,1.2240250682901004,0.8647108543736758,0
1.530260809667181,1.0457603530294226,1.0959408027951263,0.104515834044117,0.8637345770122132,0.0086046562877266,-0.8169767318548042,-1.2341572780106842,1
0.491041277025767,0.3237806619038926,-0.0185484470886072,0.2376099719164097,-0.8860481012886536,-0.3086236547129729,-0.8169767318548042,0.1650881435788891,0
0.491041277025767,-0.0644537003051182,-0.2123726644596909,0.8365335923417272,0.2804736842452576,0.960289589289825,-0.8169767318548042,1.214522209771069,0
-0.2017717447351757,1.63151746092372,1.5389675853576048,-1.0267843378703714,-0.8860481012886536,1.594746211291224,-0.8169767318548042,-0.1847232118185042,0
0.1446347661452956,0.7460706699207126,1.012873281064662,2.167474971064655,0.8637345770122132,-1.2603085877150713,1.2240250682901004,-0.8843459226132909,1
1.1838542987867098,-0.343709995929144,-0.1777611970719974,-0.0285783038281757,0.2804736842452576,-1.2603085877150713,1.2240250682901004,1.214522209771069,0
0.491041277025767,-1.031634041246866,-1.3199396208658865,0.8365335923417272,1.446995469779169,-1.2603085877150713,-0.8169767318548042,1.214522209771069,0
0.8374477879062384,1.2296608403915856,1.5458898788351434,-1.692255027231835,0.8637345770122132,0.3258329672884261,-0.8169767318548042,-0.1847232118185042,1
-1.24099127737659,-0.8273001664000177,-0.5169535774713948,-0.8271431310619323,-1.4693089940556092,0.6430612782891255,-0.8169767318548042,1.5643335651684624,0
1.530260809667181,0.7733151865669584,0.8190490636935784,0.3041570408525561,-0.8860481012886536,0.0086046562877266,1.2240250682901004,1.214522209771069,0
1.530260809667181,0.3237806619038926,0.5213904441594125,-0.7605960621257859,-0.302787208521698,-0.3086236547129729,-0.8169767318548042,0.8647108543736758,1
0.491041277025767,1.7949845608011985,1.587423639700376,-0.6275019242534932,1.446995469779169,-0.943080276714372,-0.8169767318548042,0.8647108543736758,0
-0.2017717447351757,-0.1870540252132274,-0.2608287188024621,-1.093331406806518,-1.4693089940556092,-0.3086236547129729,-0.8169767318548042,-1.2341572780106842,0
-0.2017717447351757,1.63151746092372,1.6428019875206858,-0.1616724417004685,0.2804736842452576,-1.2603085877150713,-0.8169767318548042,-0.1847232118185042,0
0.1446347661452956,0.2011803369957839,0.5144681506818739,0.0379687651079706,-0.8860481012886536,-0.6258519657136724,-0.8169767318548042,0.5148994989762825,0
-1.5873977882570611,1.4748614902078028,1.6428019875206858,0.3707041097887025,0.2804736842452576,0.6430612782891255,1.2240250682901004,0.5148994989762825,0
-1.24099127737659,-1.7331803448877106,-1.631442827355129,-0.3613136485089076,-0.8860481012886536,0.6430612782891255,1.2240250682901004,1.214522209771069,0
-0.8945847664961184,1.025326965544737,0.7082923680529589,0.5037982476609952,-0.8860481012886536,-0.943080276714372,1.2240250682901004,1.214522209771069,0
-1.5873977882570611,-0.7319443581381554,-0.8769128383034086,-0.0951253727643221,-0.8860481012886536,-1.2603085877150713,-0.8169767318548042,-1.2341572780106842,0
-0.548178255615647,0.2624804994498383,0.4521675093840255,-2.3577257165932988,0.2804736842452576,-1.2603085877150713,-0.8169767318548042,1.214522209771069,0
-1.5873977882570611,-1.2632124327399603,-1.1676491643600349,-0.7605960621257859,-1.4693089940556092,0.0086046562877266,-0.8169767318548042,-1.2341572780106842,0
0.8374477879062384,-1.7536137323723957,-1.4929969578043545,-1.2264255446788106,-0.302787208521698,-1.2603085877150713,-0.8169767318548042,-1.2341572780106842,0
-1.24099127737659,0.3850808243579469,0.0922082485520124,-0.960237268934225,0.2804736842452576,-0.3086236547129729,1.2240250682901004,1.5643335651684624,0
1.530260809667181,-0.9703338787928112,-1.3060950339108086,0.96962773021402,-1.4693089940556092,0.960289589289825,-0.8169767318548042,0.8647108543736758,0
0.8374477879062384,0.5417367950738641,0.8536605310812714,0.2376099719164097,0.2804736842452576,0.6430612782891255,1.2240250682901004,-0.1847232118185042,1
-0.2017717447351757,0.4600032451351253,0.4244783354738712,0.3041570408525561,-0.8860481012886536,-0.6258519657136724,1.2240250682901004,0.5148994989762825,0
0.1446347661452956,-1.8217250239880112,-1.7145103490855935,0.2376099719164097,-0.302787208521698,1.594746211291224,-0.8169767318548042,-0.5345345672158975,0
-0.2017717447351757,0.7188261532744655,0.81212677021604,1.3689101438308982,0.8637345770122132,-0.6258519657136724,1.2240250682901004,-1.5839686334080776,1
-0.2017717447351757,0.5621701825585484,0.6252248463224935,1.70164548851163,1.446995469779169,-1.2603085877150713,-0.8169767318548042,0.8647108543736758,1
-0.8945847664961184,-1.1814788828012213,-1.1607268708824956,0.3707041097887025,1.446995469779169,0.960289589289825,-0.8169767318548042,1.214522209771069,0
1.530260809667181,-0.0576425711435567,0.2652655854904804,-0.1616724417004685,0.8637345770122132,-1.2603085877150713,1.2240250682901004,-1.2341572780106842,0
-1.5873977882570611,-1.5084130825561777,-1.6175982404000513,-1.5591608893595423,0.2804736842452576,1.594746211291224,1.2240250682901004,0.5148994989762825,0
-1.5873977882570611,-1.746802603210834,-1.5345307186695865,0.8365335923417272,0.2804736842452576,-0.943080276714372,1.2240250682901004,-0.1847232118185042,0
1.530260809667181,0.95040454476756,1.0197955745422007,-0.4944077863812003,-0.8860481012886536,1.594746211291224,1.2240250682901004,0.8647108543736758,0
-0.2017717447351757,-0.1938651543747889,-0.2815955992350785,-0.8271431310619323,-0.8860481012886536,1.2775179002905246,-0.8169767318548042,-0.8843459226132909,0
-0.2017717447351757,0.3033472744192082,0.1129751289846287,1.102721868086313,-1.4693089940556092,-0.3086236547129729,-0.8169767318548042,-0.8843459226132909,0
1.1838542987867098,-1.3790016284865076,-1.112270816539725,-1.6257079582956888,-1.4693089940556092,1.594746211291224,1.2240250682901004,-1.5839686334080776,0
0.1446347661452956,1.0048935780600528,0.7636707158732686,0.2376099719164097,-0.8860481012886536,0.960289589289825,1.2240250682901004,0.5148994989762825,0
-0.548178255615647,-0.0372091836588718,-0.0462376209987621,0.4372511787248489,-1.4693089940556092,0.960289589289825,1.2240250682901004,0.1650881435788891,0
0.1446347661452956,0.3987030826810698,0.7290592484855746,-0.1616724417004685,-0.8860481012886536,0.0086046562877266,1.2240250682901004,0.1650881435788891,0
-1.5873977882570611,0.4055142118426325,0.0991305420295509,1.102721868086313,1.446995469779169,-0.6258519657136724,-0.8169767318548042,1.5643335651684624,1
1.1838542987867098,1.07981599883723,1.0890185093175877,-1.093331406806518,0.2804736842452576,-1.2603085877150713,1.2240250682901004,0.1650881435788891,1
-0.8945847664961184,0.4668143742966868,0.1406643028947836,-0.0951253727643221,-0.302787208521698,0.0086046562877266,-0.8169767318548042,1.214522209771069,0
-1.5873977882570611,-1.7876693781802035,-1.5968313599674349,0.0379687651079706,-0.302787208521698,0.0086046562877266,1.2240250682901004,-1.2341572780106842,0
-0.548178255615647,-0.8136779080768948,-0.5100312839938563,0.2376099719164097,-1.4693089940556092,-0.943080276714372,1.2240250682901004,0.1650881435788891,0
1.1838542987867098,0.2897250160960847,0.2375764115803255,-0.2282195106366148,0.2804736842452576,0.0086046562877266,-0.8169767318548042,0.5148994989762825,0
-0.8945847664961184,1.318205519491887,1.137474563660359,0.0379687651079706,-0.8860481012886536,0.3258329672884261,1.2240250682901004,1.214522209771069,0
-1.24099127737659,0.3374029202270155,0.2514209985354033,2.1009279021285083,-0.8860481012886536,0.960289589289825,1.2240250682901004,1.5643335651684624,0
1.530260809667181,1.1002493863219156,1.0613293354074331,0.7699865234055808,-0.302787208521698,0.960289589289825,-0.8169767318548042,0.1650881435788891,1
0.491041277025767,-0.0031535378510639,0.2791101724455582,-1.093331406806518,-0.302787208521698,1.2775179002905246,-0.8169767318548042,0.1650881435788891,0
-1.24099127737659,-1.5424687283639862,-1.3545510882535798,0.4372511787248489,-0.8860481012886536,-0.3086236547129729,-0.8169767318548042,-0.1847232118185042,0
1.1838542987867098,1.277338744522517,1.0890185093175877,-1.2264255446788106,-1.4693089940556092,0.0086046562877266,-0.8169767318548042,-0.1847232118185042,0
-0.548178255615647,0.3374029202270155,0.5906133789348007,-0.0951253727643221,0.2804736842452576,0.0086046562877266,-0.8169767318548042,-0.1847232118185042,0
0.491041277025767,1.5770284276312272,1.3174541940763655,1.3689101438308982,1.446995469779169,-1.2603085877150713,-0.8169767318548042,0.1650881435788891,1
0.8374477879062384,-0.7523777456228404,-0.4961866970387785,0.2376099719164097,-0.8860481012886536,-0.943080276714372,-0.8169767318548042,1.5643335651684624,0
1.1838542987867098,-1.290456949386207,-1.326861914343425,1.0361747991501662,-1.4693089940556092,0.6430612782891255,1.2240250682901004,0.1650881435788891,0
0.1446347661452956,0.725637282436027,0.8813497049914268,-1.0267843378703714,-0.8860481012886536,0.3258329672884261,1.2240250682901004,1.214522209771069,0
-1.5873977882570611,1.222849711230024,1.1790083245255916,-0.8271431310619323,0.2804736842452576,-1.2603085877150713,-0.8169767318548042,-1.2341572780106842,0
-0.548178255615647,0.2692916286113997,0.4383229224289484,-0.2282195106366148,-0.302787208521698,-1.5775368987157707,1.2240250682901004,-0.5345345672158975,0
-0.548178255615647,0.0717688829261132,0.2929547594006353,-1.9584433029764208,0.8637345770122132,-1.2603085877150713,1.2240250682901004,-0.8843459226132909,0
1.530260809667181,-1.631013407464287,-1.3407065012985029,-0.960237268934225,0.8637345770122132,-0.3086236547129729,-0.8169767318548042,0.5148994989762825,0
-0.548178255615647,-0.5412327416144305,-0.5100312839938563,-0.427860717445054,0.8637345770122132,0.0086046562877266,-0.8169767318548042,-0.5345345672158975,0
-1.24099127737659,0.1466913037032911,0.2860324659230967,-0.2947665795727612,-0.302787208521698,-0.6258519657136724,1.2240250682901004,0.8647108543736758,0
-0.548178255615647,1.5565950401465427,1.62203510708807,1.302363074894752,1.446995469779169,-1.2603085877150713,1.2240250682901004,0.8647108543736758,1
-1.24099127737659,1.5838395567927883,1.6081905201329918,-1.0267843378703714,-0.8860481012886536,0.3258329672884261,-0.8169767318548042,-0.1847232118185042,0
-0.8945847664961184,-0.0780759586282417,0.0783636615969352,-0.8271431310619323,-0.302787208521698,0.6430612782891255,1.2240250682901004,-1.2341572780106842,0
0.1446347661452956,1.025326965544737,1.0613293354074331,0.5037982476609952,-1.4693089940556092,0.0086046562877266,1.2240250682901004,1.214522209771069,0
-1.5873977882570611,1.0389492238678613,1.2551535527785171,-0.8271431310619323,-0.302787208521698,-0.6258519657136724,-0.8169767318548042,-0.1847232118185042,0
1.1838542987867098,-0.4050101583831983,-0.0877713818639941,0.8365335923417272,-0.8860481012886536,-1.2603085877150713,1.2240250682901004,1.5643335651684624,0
-0.2017717447351757,-1.113367591185605,-1.3199396208658865,-0.5609548553173468,-0.8860481012886536,-1.5775368987157707,-0.8169767318548042,0.1650881435788891,0
-1.5873977882570611,-0.7251332289765939,-0.9184465991686408,-1.3595196825511031,0.2804736842452576,0.960289589289825,-0.8169767318548042,0.5148994989762825,0
-1.5873977882570611,1.0389492238678613,0.964417226721891,1.0361747991501662,1.446995469779169,0.6430612782891255,1.2240250682901004,1.5643335651684624,1
-1.5873977882570611,-0.0303980544973103,-0.1362274362067654,-0.1616724417004685,0.8637345770122132,0.6430612782891255,-0.8169767318548042,1.5643335651684624,0
1.530260809667181,-1.8285361531495736,-1.6798988816978997,-0.427860717445054,0.2804736842452576,0.3258329672884261,-0.8169767318548042,-0.5345345672158975,0
-0.548178255615647,0.4872477617813712,0.5906133789348007,-0.1616724417004685,0.8637345770122132,0.3258329672884261,-0.8169767318548042,-1.2341572780106842,0
0.8374477879062384,-0.159809508566981,-0.3646631209655432,0.6368923855332881,1.446995469779169,0.3258329672884261,-0.8169767318548042,1.214522209771069,0
1.1838542987867098,0.5485479242354255,0.6113802593674164,0.4372511787248489,0.8637345770122132,1.594746211291224,-0.8169767318548042,0.5148994989762825,1
0.8374477879062384,-0.7387554872997169,-0.7038555013649406,-1.3595196825511031,-1.4693089940556092,0.960289589289825,-0.8169767318548042,0.1650881435788891,0
-0.2017717447351757,-0.3232766084444596,-0.1985280775046137,-0.6275019242534932,0.8637345770122132,-0.943080276714372,1.2240250682901004,-0.8843459226132909,0
-1.24099127737659,-0.4458769333525682,-0.5723319252917046,0.1710629029802634,-0.8860481012886536,0.0086046562877266,-0.8169767318548042,-1.5839686334080776,0
0.1446347661452956,-0.2755987043135282,-0.0393153275212229,-0.6940489931896395,0.2804736842452576,0.0086046562877266,-0.8169767318548042,-0.8843459226132909,0
-0.8945847664961184,-0.4867437083219376,-0.5792542187692432,-1.2929726136149569,-0.8860481012886536,-0.3086236547129729,-0.8169767318548042,-1.5839686334080776,0
-0.2017717447351757,-1.031634041246866,-1.0499701752418766,0.0379687651079706,0.8637345770122132,-1.5775368987157707,1.2240250682901004,-0.8843459226132909,0
1.530260809667181,-0.9567116204696884,-0.6830886209323243,0.104515834044117,-0.302787208521698,1.594746211291224,-0.8169767318548042,0.1650881435788891,0
-0.548178255615647,-1.739991474049272,-1.693743468652977,-1.4260667514872496,-0.302787208521698,0.960289589289825,1.2240250682901004,1.5643335651684624,0
0.8374477879062384,0.7392595407591499,0.6598363137101876,-0.3613136485089076,0.8637345770122132,0.0086046562877266,-0.8169767318548042,-0.8843459226132909,1
0.491041277025767,-1.229156786932152,-1.2437943926129602,0.8365335923417272,0.2804736842452576,0.6430612782891255,-0.8169767318548042,-0.5345345672158975,0
-0.548178255615647,-0.8545446830462641,-0.6484771535446308,-0.8936901999980786,0.8637345770122132,0.960289589289825,1.2240250682901004,1.214522209771069,0
-1.5873977882570611,1.3522611652996943,1.310531900598827,-0.0285783038281757,-1.4693089940556092,-0.3086236547129729,-0.8169767318548042,-1.5839686334080776,0
-0.2017717447351757,0.7733151865669584,0.6944477810978805,-0.960237268934225,-0.8860481012886536,-1.2603085877150713,1.2240250682901004,1.214522209771069,0
1.1838542987867098,1.263716486199394,1.1097853897502046,-0.2282195106366148,0.8637345770122132,1.594746211291224,-0.8169767318548042,-0.5345345672158975,1
-1.24099127737659,-1.1542343661549748,-0.8699905448258695,0.96962773021402,-0.8860481012886536,1.2775179002905246,-0.8169767318548042,-0.5345345672158975,0
-0.548178255615647,-1.1065564620240431,-0.9807472404664892,-0.6275019242534932,-1.4693089940556092,0.960289589289825,-0.8169767318548042,1.214522209771069,0
0.491041277025767,1.1138716446450383,0.7982821832609616,-1.4260667514872496,-0.302787208521698,0.0086046562877266,-0.8169767318548042,-0.5345345672158975,0
-0.2017717447351757,-1.5424687283639862,-1.257638979568038,0.8365335923417272,-1.4693089940556092,-1.5775368987157707,-0.8169767318548042,-0.1847232118185042,0
-1.24099127737659,0.2284248536420304,0.4175560419963326,-1.8918962340402743,-0.302787208521698,-0.6258519657136724,1.2240250682901004,-0.1847232118185042,0
1.530260809667181,1.5225393943387342,1.4697446505822178,-0.1616724417004685,0.2804736842452576,-1.5775368987157707,-0.8169767318548042,0.8647108543736758,1
0.1446347661452956,0.1466913037032911,0.0575967811643189,2.167474971064655,0.8637345770122132,-0.6258519657136724,1.2240250682901004,-1.5839686334080776,0
0.1446347661452956,1.447616973561557,1.310531900598827,-0.7605960621257859,0.8637345770122132,0.0086046562877266,-0.8169767318548042,1.214522209771069,0
1.530260809667181,1.3999390694306255,1.345143367986521,1.2358160059586054,-0.302787208521698,1.594746211291224,1.2240250682901004,-0.1847232118185042,1
0.8374477879062384,-0.9158448455003184,-0.9876695339440276,1.169268937022459,1.446995469779169,-0.6258519657136724,1.2240250682901004,-1.5839686334080776,1
0.491041277025767,-1.249590174416837,-1.3199396208658865,0.3707041097887025,0.8637345770122132,0.6430612782891255,-0.8169767318548042,-1.5839686334080776,0
-0.548178255615647,-0.5276104832913076,-0.7592338491852498,-1.5591608893595423,0.2804736842452576,-0.3086236547129729,1.2240250682901004,0.1650881435788891,0
-1.24099127737659,-0.534421612452869,-0.8838351317809472,-1.6257079582956888,0.8637345770122132,-0.3086236547129729,-0.8169767318548042,1.5643335651684624,0
1.530260809667181,-1.4879796950714934,-1.4445409034615833,0.8365335923417272,0.2804736842452576,-1.5775368987157707,-0.8169767318548042,1.5643335651684624,1
-0.2017717447351757,-0.6774553248456626,-0.5307981644264727,-1.692255027231835,-1.4693089940556092,1.2775179002905246,-0.8169767318548042,1.214522209771069,0
1.1838542987867098,-1.4947908242330548,-1.652209707787745,0.7034394544694345,-0.8860481012886536,-0.943080276714372,1.2240250682901004,0.8647108543736758,0
0.8374477879062384,-1.4130572742943155,-1.403007142596351,-0.4944077863812003,0.8637345770122132,-0.943080276714372,1.2240250682901004,0.8647108543736758,0
0.1446347661452956,-0.8545446830462641,-0.6761663274547857,-0.4944077863812003,0.2804736842452576,-0.6258519657136724,-0.8169767318548042,-1.5839686334080776,0
0.8374477879062384,1.1002493863219156,1.3382210745089824,-1.7588020961679816,-1.4693089940556092,-0.3086236547129729,-0.8169767318548042,-1.2341572780106842,0
0.8374477879062384,-0.5820995165838004,-0.5446427513815497,-1.4260667514872496,-0.302787208521698,-0.943080276714372,-0.8169767318548042,-1.5839686334080776,0
0.8374477879062384,0.6302814741741654,0.8052044767385002,-0.5609548553173468,0.8637345770122132,-0.943080276714372,1.2240250682901004,-0.5345345672158975,1
-1.24099127737659,-0.8204890372384562,-0.6138656861569367,-0.0285783038281757,0.8637345770122132,-0.3086236547129729,1.2240250682901004,0.5148994989762825,0
0.491041277025767,-0.9226559746618804,-1.077659349152031,-0.4944077863812003,0.8637345770122132,0.3258329672884261,1.2240250682901004,-1.5839686334080776,0
1.530260809667181,-0.5684772582606769,-0.6830886209323243,0.4372511787248489,-1.4693089940556092,0.6430612782891255,1.2240250682901004,1.5643335651684624,0
-0.8945847664961184,-0.350521125090706,-0.3923522948756981,-0.427860717445054,-0.302787208521698,0.6430612782891255,-0.8169767318548042,-1.2341572780106842,0
1.530260809667181,1.2569053570378326,1.1305522701828203,0.6368923855332881,0.8637345770122132,-0.3086236547129729,-0.8169767318548042,-0.1847232118185042,1
-1.5873977882570611,0.3033472744192082,0.5075458572043353,0.4372511787248489,-1.4693089940556092,1.2775179002905246,-0.8169767318548042,0.8647108543736758,0
1.530260809667181,0.8278042198594512,0.6044579658898779,-1.825349165104128,-1.4693089940556092,0.0086046562877266,-0.8169767318548042,0.5148994989762825,0
-0.8945847664961184,-0.8204890372384562,-0.8146121970055596,-0.8271431310619323,0.2804736842452576,-0.943080276714372,1.2240250682901004,1.5643335651684624,0
1.530260809667181,-0.3096543501213361,-0.5930988057243209,-1.093331406806518,-1.4693089940556092,-0.3086236547129729,-0.8169767318548042,-0.8843459226132909,0
1.1838542987867098,-0.4186324167063218,-0.4684975231286236,-0.2947665795727612,-1.4693089940556092,-1.2603085877150713,-0.8169767318548042,1.214522209771069,0
1.1838542987867098,-0.3232766084444596,-0.0116261536110686,-1.0267843378703714,1.446995469779169,1.2775179002905246,-0.8169767318548042,-0.5345345672158975,0
0.8374477879062384,-0.9430893621465648,-1.181493751315112,-0.5609548553173468,-1.4693089940556092,0.3258329672884261,-0.8169767318548042,-1.2341572780106842,0
1.1838542987867098,0.5076811492660556,0.2860324659230967,-0.5609548553173468,-0.8860481012886536,0.960289589289825,-0.8169767318548042,1.5643335651684624,0
0.1446347661452956,0.6983927657897812,0.6321471398000321,-0.1616724417004685,-0.302787208521698,-1.2603085877150713,-0.8169767318548042,-1.5839686334080776,0
0.491041277025767,0.0377132371183054,0.0229853137766254,0.3041570408525561,-0.302787208521698,0.960289589289825,-0.8169767318548042,0.8647108543736758,0
-1.5873977882570611,-0.4799325791603761,-0.6415548600670916,0.3041570408525561,0.2804736842452576,1.594746211291224,1.2240250682901004,-1.2341572780106842,0
0.8374477879062384,-0.2960320917982132,-0.4892644035612399,1.169268937022459,0.8637345770122132,-0.6258519657136724,-0.8169767318548042,0.1650881435788891,1
-0.8945847664961184,-0.1325649919207346,0.133742009417245,-0.1616724417004685,0.8637345770122132,0.960289589289825,-0.8169767318548042,0.8647108543736758,0
-0.8945847664961184,1.0389492238678613,1.1928529114806687,-1.4260667514872496,-0.8860481012886536,1.2775179002905246,-0.8169767318548042,0.5148994989762825,0
-0.2017717447351757,0.2011803369957839,0.0575967811643189,-0.2282195106366148,0.2804736842452576,1.2775179002905246,1.2240250682901004,-0.5345345672158975,0
-1.24099127737659,-1.6855024407567798,-1.6660542947428223,-1.3595196825511031,-0.8860481012886536,-0.6258519657136724,-0.8169767318548042,-1.2341572780106842,0
-0.8945847664961184,-0.3573322542522675,-0.0462376209987621,-1.093331406806518,0.2804736842452576,0.6430612782891255,-0.8169767318548042,-1.2341572780106842,0
0.1446347661452956,0.8141819615363283,1.1097853897502046,0.96962773021402,-0.302787208521698,0.6430612782891255,-0.8169767318548042,-1.2341572780106842,1
1.1838542987867098,-0.5684772582606769,-0.6138656861569367,-0.2282195106366148,1.446995469779169,-0.943080276714372,1.2240250682901004,-0.8843459226132909,0
-0.8945847664961184,1.5838395567927883,1.6497242809982244,-1.492613820423396,-0.302787208521698,1.594746211291224,1.2240250682901004,-1.2341572780106842,0
-0.8945847664961184,-1.835347282311135,-1.5414530121471255,-0.3613136485089076,1.446995469779169,-1.2603085877150713,-0.8169767318548042,-0.5345345672158975,0
1.530260809667181,-0.6706441956841012,-0.9461357730787956,0.96962773021402,0.2804736842452576,0.960289589289825,-0.8169767318548042,-0.1847232118185042,1
-0.2017717447351757,-0.9022225871771956,-0.8215344904830988,1.102721868086313,-0.8860481012886536,1.2775179002905246,-0.8169767318548042,0.8647108543736758,0
0.491041277025767,1.2092274529069011,0.895194291946504,-0.7605960621257859,-0.8860481012886536,1.594746211291224,-0.8169767318548042,0.8647108543736758,0
-0.8945847664961184,0.555359053396987,0.5352350311144909,1.4354572127670446,1.446995469779169,0.0086046562877266,1.2240250682901004,-0.5345345672158975,1
-0.8945847664961184,-0.9771450079543732,-1.2299498056578833,-1.093331406806518,-0.302787208521698,-0.6258519657136724,-0.8169767318548042,-0.1847232118185042,0
1.1838542987867098,-0.2279208001825968,0.0991305420295509,-0.960237268934225,-0.302787208521698,0.3258329672884261,1.2240250682901004,1.214522209771069,0
-0.548178255615647,1.1751718070990926,1.4420554766720624,-1.3595196825511031,-0.8860481012886536,-0.943080276714372,1.2240250682901004,0.5148994989762825,0
1.1838542987867098,0.9912713197369298,1.1236299767052818,0.4372511787248489,-1.4693089940556092,-0.3086236547129729,1.2240250682901004,-1.2341572780106842,0
0.8374477879062384,0.7120150241129041,1.0613293354074331,-0.1616724417004685,1.446995469779169,0.960289589289825,-0.8169767318548042,0.5148994989762825,1
-0.548178255615647,-1.0384451704084277,-1.0915039361071086,-0.3613136485089076,0.2804736842452576,-0.943080276714372,-0.8169767318548042,0.5148994989762825,0
-0.8945847664961184,0.1875580786726604,0.1545088898498608,-1.2929726136149569,-0.8860481012886536,-0.943080276714372,-0.8169767318548042,1.214522209771069,0
0.491041277025767,0.8073708323747668,0.6736809006652648,1.4354572127670446,0.2804736842452576,0.960289589289825,-0.8169767318548042,-1.2341572780106842,1
1.1838542987867098,-0.500365966645061,-0.2400618383698458,-0.8936901999980786,-0.8860481012886536,-0.3086236547129729,1.2240250682901004,0.5148994989762825,0
-0.8945847664961184,-1.4471129201021231,-1.5968313599674349,0.7699865234055808,0.2804736842452576,0.0086046562877266,1.2240250682901004,-0.8843459226132909,0
-0.8945847664961184,-0.4526880625141297,-0.1223828492516876,0.5037982476609952,0.8637345770122132,0.6430612782891255,1.2240250682901004,-0.1847232118185042,0
-0.8945847664961184,-0.5616661290991154,-0.5100312839938563,1.4354572127670446,-0.302787208521698,0.960289589289825,-0.8169767318548042,-0.5345345672158975,0
-1.24099127737659,-1.3381348535171378,-1.603753653444974,-0.0951253727643221,-0.302787208521698,-1.5775368987157707,-0.8169767318548042,-0.1847232118185042,0
-0.8945847664961184,-0.2006762835363504,-0.0600822079538392,-0.0951253727643221,-0.302787208521698,-0.6258519657136724,1.2240250682901004,1.214522209771069,0
1.1838542987867098,-1.2972680785477684,-1.2091829252252668,-1.5591608893595423,-0.302787208521698,-0.943080276714372,1.2240250682901004,0.8647108543736758,0
-0.548178255615647,-1.3517571118402611,-1.2507166860904988,-0.0951253727643221,0.2804736842452576,-0.3086236547129729,-0.8169767318548042,1.214522209771069,0
-1.24099127737659,0.3442140493885769,0.3690999876535614,-0.6275019242534932,-1.4693089940556092,-0.943080276714372,-0.8169767318548042,1.214522209771069,0
1.1838542987867098,0.2488582411267153,0.5213904441594125,0.1710629029802634,-1.4693089940556092,-0.6258519657136724,1.2240250682901004,0.1650881435788891,0
0.1446347661452956,-1.0384451704084277,-1.0707370556744924,-0.2282195106366148,-0.302787208521698,-0.3086236547129729,-0.8169767318548042,-0.8843459226132909,0
1.530260809667181,-0.2142985418594739,0.0506744876867803,-0.8936901999980786,0.8637345770122132,0.0086046562877266,1.2240250682901004,-0.5345345672158975,0
1.1838542987867098,1.0321380947062997,1.2828427266886726,-0.6275019242534932,-0.302787208521698,-1.2603085877150713,1.2240250682901004,1.214522209771069,1
0.1446347661452956,-0.2347319293441582,-0.5584873383366269,0.96962773021402,-0.302787208521698,0.3258329672884261,1.2240250682901004,1.214522209771069,0
-0.2017717447351757,0.555359053396987,0.4798566832941811,0.5703453165971416,1.446995469779169,0.3258329672884261,-0.8169767318548042,1.214522209771069,0
1.530260809667181,-0.1325649919207346,0.1545088898498608,-0.3613136485089076,-0.302787208521698,0.3258329672884261,-0.8169767318548042,-1.2341572780106842,0
1.530260809667181,-0.5616661290991154,-0.835379077438176,-2.557366923401738,-0.302787208521698,0.960289589289825,-0.8169767318548042,-0.8843459226132909,0
-1.24099127737659,-0.1325649919207346,-0.2608287188024621,1.6350984195754836,0.2804736842452576,0.3258329672884261,-0.8169767318548042,-0.1847232118185042,0
1.1838542987867098,1.5770284276312272,1.3520656614640596,-1.825349165104128,1.446995469779169,-0.943080276714372,-0.8169767318548042,0.8647108543736758,1
1.1838542987867098,-0.2142985418594739,-0.115460555774149,-1.093331406806518,0.8637345770122132,0.0086046562877266,1.2240250682901004,0.1650881435788891,0
-0.8945847664961184,1.2841498736840784,1.6358796940431473,0.2376099719164097,0.8637345770122132,1.594746211291224,-0.8169767318548042,0.5148994989762825,0
1.530260809667181,-0.1189427335976111,-0.2262172514147686,1.4354572127670446,-0.302787208521698,0.3258329672884261,1.2240250682901004,-0.5345345672158975,1
-0.2017717447351757,0.752881799082274,0.7567484223957301,0.9030806612778736,-0.302787208521698,0.0086046562877266,-0.8169767318548042,0.8647108543736758,1
1.530260809667181,0.0513354954414289,0.3552554006984843,0.104515834044117,-1.4693089940556092,1.594746211291224,-0.8169767318548042,-1.2341572780106842,0
0.491041277025767,0.2216137244804689,0.0852859550744738,0.1710629029802634,1.446995469779169,1.2775179002905246,1.2240250682901004,0.5148994989762825,0
-1.5873977882570611,1.1274939029681614,1.137474563660359,2.034380833192362,1.446995469779169,-0.3086236547129729,-0.8169767318548042,-0.8843459226132909,1
-0.8945847664961184,-1.835347282311135,-1.5345307186695865,-0.427860717445054,1.446995469779169,0.3258329672884261,-0.8169767318548042,0.1650881435788891,0
1.1838542987867098,1.2841498736840784,1.4628223571046792,-0.6940489931896395,0.8637345770122132,1.2775179002905246,-0.8169767318548042,-1.5839686334080776,1
-1.24099127737659,1.3454500361381327,1.3935994223292922,0.2376099719164097,0.8637345770122132,1.2775179002905246,1.2240250682901004,-1.2341572780106842,0
0.1446347661452956,0.6983927657897812,0.6667586071877262,-0.5609548553173468,0.2804736842452576,0.3258329672884261,1.2240250682901004,-0.1847232118185042,0
0.1446347661452956,1.3999390694306255,1.137474563660359,-0.1616724417004685,-0.8860481012886536,1.2775179002905246,-0.8169767318548042,0.8647108543736758,0
-0.8945847664961184,-1.9375142197345585,-1.672976588220361,-1.2929726136149569,-0.8860481012886536,1.2775179002905246,1.2240250682901004,-1.5839686334080776,0
1.530260809667181,-1.6037688908180403,-1.5552975991022029,-0.3613136485089076,1.446995469779169,-0.6258519657136724,-0.8169767318548042,0.5148994989762825,0
0.8374477879062384,-0.1053204752744881,-0.0185484470886072,-0.2282195106366148,-0.302787208521698,-0.6258519657136724,-0.8169767318548042,0.5148994989762825,0
0.491041277025767,-0.4935548374834996,-0.6969332078874014,-0.8936901999980786,1.446995469779169,0.960289589289825,-0.8169767318548042,0.5148994989762825,0
-1.5873977882570611,0.1058245287339217,0.1060528355070901,-0.960237268934225,-0.302787208521698,-0.6258519657136724,1.2240250682901004,0.1650881435788891,0
0.1446347661452956,-0.6229662915531697,-0.8561459578707923,-0.4944077863812003,1.446995469779169,-0.6258519657136724,-0.8169767318548042,-0.1847232118185042,0
-1.24099127737659,1.0730048696756684,1.1790083245255916,1.8347396263839229,0.8637345770122132,-0.6258519657136724,1.2240250682901004,1.214522209771069,1
-0.8945847664961184,0.9163488989597526,0.7152146615304974,2.8994927293622648,-0.8860481012886536,1.594746211291224,-0.8169767318548042,-0.5345345672158975,0
1.1838542987867098,0.7937485740516428,0.9990286941095852,-0.427860717445054,0.8637345770122132,1.594746211291224,1.2240250682901004,-1.2341572780106842,1
-1.24099127737659,1.107060515483477,0.9228834658566584,-0.0951253727643221,-0.302787208521698,1.2775179002905246,1.2240250682901004,-1.5839686334080776,0
-1.5873977882570611,-1.0043895246006198,-0.911524305691102,0.2376099719164097,1.446995469779169,0.3258329672884261,-0.8169767318548042,-0.1847232118185042,0
-1.5873977882570611,-0.5412327416144305,-0.4892644035612399,0.3041570408525561,1.446995469779169,1.594746211291224,-0.8169767318548042,1.5643335651684624,0
0.491041277025767,-1.0112006537621812,-0.7315446752750949,0.0379687651079706,1.446995469779169,0.3258329672884261,-0.8169767318548042,-0.8843459226132909,0
-1.5873977882570611,-0.2074874126979118,0.1268197159397059,0.0379687651079706,-0.302787208521698,-0.3086236547129729,1.2240250682901004,-0.5345345672158975,0
-0.548178255615647,0.9640268030906828,0.6459917267551105,0.2376099719164097,1.446995469779169,-1.2603085877150713,-0.8169767318548042,-0.5345345672158975,0
0.1446347661452956,-0.7591888747844019,-0.9046020122135628,-0.0951253727643221,-0.302787208521698,-1.5775368987157707,-0.8169767318548042,0.1650881435788891,0
-1.5873977882570611,-0.343709995929144,-0.1985280775046137,0.5037982476609952,-0.302787208521698,1.2775179002905246,-0.8169767318548042,1.214522209771069,0
-1.24099127737659,0.9708379322522456,1.2897650201662112,-1.492613820423396,0.2804736842452576,-1.2603085877150713,-0.8169767318548042,1.5643335651684624,0
-0.548178255615647,0.160313562026414,0.1891203572375542,1.302363074894752,1.446995469779169,0.960289589289825,-0.8169767318548042,0.1650881435788891,0
-1.5873977882570611,1.6451397192468429,1.6012682266554532,0.9030806612778736,0.2804736842452576,-0.6258519657136724,-0.8169767318548042,-0.5345345672158975,1
-0.8945847664961184,1.277338744522517,1.2966873136437498,-0.0951253727643221,-0.8860481012886536,1.2775179002905246,1.2240250682901004,-0.1847232118185042,0
0.8374477879062384,-1.2836458202246448,-1.4929969578043545,-0.0285783038281757,0.8637345770122132,0.3258329672884261,1.2240250682901004,0.8647108543736758,0
-1.24099127737659,-0.0780759586282417,-0.3577408274880046,0.8365335923417272,-0.302787208521698,0.960289589289825,-0.8169767318548042,1.5643335651684624,0
-0.548178255615647,0.8209930906978897,1.0890185093175877,-1.2929726136149569,0.2804736842452576,0.960289589289825,-0.8169767318548042,0.5148994989762825,0
-1.24099127737659,-1.1610454953165363,-1.0984262295846472,0.5703453165971416,1.446995469779169,-0.943080276714372,1.2240250682901004,1.5643335651684624,0
0.8374477879062384,-1.0043895246006198,-0.8284567839606374,0.1710629029802634,0.2804736842452576,-0.943080276714372,-0.8169767318548042,0.1650881435788891,0
-0.2017717447351757,1.1683606779375313,1.0474847484523564,1.3689101438308982,0.8637345770122132,-0.6258519657136724,-0.8169767318548042,-0.1847232118185042,1
1.530260809667181,0.7801263157285199,0.81212677021604,-0.2947665795727612,1.446995469779169,0.6430612782891255,-0.8169767318548042,-0.1847232118185042,1
0.1446347661452956,-0.3777656417369519,-0.6623217404997079,1.70164548851163,1.446995469779169,0.6430612782891255,1.2240250682901004,-1.2341572780106842,0
-0.8945847664961184,0.3101584035807697,0.3552554006984843,-1.5591608893595423,0.2804736842452576,0.6430612782891255,1.2240250682901004,-0.1847232118185042,0
1.1838542987867098,1.0048935780600528,1.2482312593009786,-1.093331406806518,0.8637345770122132,-0.943080276714372,-0.8169767318548042,-0.5345345672158975,1
-1.5873977882570611,1.488483748530927,1.5943459331779146,-1.5591608893595423,-0.8860481012886536,-0.3086236547129729,1.2240250682901004,1.214522209771069,0
-1.5873977882570611,1.7949845608011985,1.4905115310148336,-0.2947665795727612,-0.302787208521698,1.2775179002905246,-0.8169767318548042,0.1650881435788891,0
1.530260809667181,-0.9975783954390576,-1.1468822839274184,0.4372511787248489,-0.8860481012886536,-0.943080276714372,-0.8169767318548042,-0.8843459226132909,0
-0.8945847664961184,-0.8613558122078261,-0.5723319252917046,-0.2282195106366148,0.2804736842452576,0.3258329672884261,1.2240250682901004,-0.5345345672158975,0
1.530260809667181,1.107060515483477,0.9574949332443524,-2.024990371912567,-0.8860481012886536,-0.943080276714372,-0.8169767318548042,0.8647108543736758,0
-1.24099127737659,-1.51522421171774,-1.645287414310206,0.7699865234055808,-0.8860481012886536,-1.2603085877150713,-0.8169767318548042,-0.1847232118185042,0
0.8374477879062384,-1.5492798575255478,-1.2437943926129602,-0.8936901999980786,0.2804736842452576,1.594746211291224,-0.8169767318548042,0.1650881435788891,0
0.1446347661452956,0.8209930906978897,0.5283127376369523,-0.4944077863812003,-1.4693089940556092,-0.943080276714372,1.2240250682901004,-0.8843459226132909,0
-0.2017717447351757,1.5089171360156113,1.7051026288185342,-0.3613136485089076,0.2804736842452576,1.594746211291224,-0.8169767318548042,-1.2341572780106842,0
-0.8945847664961184,-0.6910775831687861,-1.0430478817643374,1.169268937022459,0.8637345770122132,-1.2603085877150713,1.2240250682901004,0.1650881435788891,0
-0.2017717447351757,-1.5492798575255478,-1.5345307186695865,1.302363074894752,1.446995469779169,1.2775179002905246,-0.8169767318548042,0.5148994989762825,0
-0.2017717447351757,-0.4799325791603761,-0.4269637622633915,0.2376099719164097,0.2804736842452576,-0.3086236547129729,1.2240250682901004,1.5643335651684624,0
-0.2017717447351757,0.4463809868120012,0.2514209985354033,0.7034394544694345,-1.4693089940556092,-1.5775368987157707,1.2240250682901004,-0.5345345672158975,0
0.8374477879062384,1.2092274529069011,1.0405624549748165,-0.960237268934225,-1.4693089940556092,-1.2603085877150713,1.2240250682901004,0.5148994989762825,0
0.8374477879062384,1.5429727818234198,1.504356117969912,-1.8918962340402743,-1.4693089940556092,-1.5775368987157707,-0.8169767318548042,-0.8843459226132909,0
-0.548178255615647,-0.0916982169513646,-0.3923522948756981,2.234022040000801,0.2804736842452576,-1.2603085877150713,-0.8169767318548042,1.214522209771069,0
-1.5873977882570611,1.2432830987147083,1.0059509875871235,0.5037982476609952,-1.4693089940556092,0.960289589289825,1.2240250682901004,0.8647108543736758,0
1.1838542987867098,0.0853911412492368,0.3344885202658673,-0.5609548553173468,1.446995469779169,0.3258329672884261,-0.8169767318548042,-0.5345345672158975,0
0.8374477879062384,0.4804366326198097,0.1752757702824771,0.104515834044117,1.446995469779169,0.960289589289825,-0.8169767318548042,-0.5345345672158975,1
-0.548178255615647,-1.3381348535171378,-1.62452053387759,0.9030806612778736,0.8637345770122132,0.3258329672884261,-0.8169767318548042,0.8647108543736758,0
1.530260809667181,-1.1269898495087285,-1.0153587078541826,-0.2947665795727612,1.446995469779169,1.2775179002905246,1.2240250682901004,0.5148994989762825,0
1.1838542987867098,1.3658834236228172,1.2689981397335943,-0.1616724417004685,-0.8860481012886536,0.0086046562877266,-0.8169767318548042,-1.2341572780106842,0
-0.548178255615647,0.5894146992047954,0.272187878968019,1.6350984195754836,1.446995469779169,-1.2603085877150713,-0.8169767318548042,-0.5345345672158975,1
0.8374477879062384,-1.4743574367483698,-1.652209707787745,2.6333044536176793,-1.4693089940556092,-0.6258519657136724,1.2240250682901004,0.5148994989762825,0
1.530260809667181,-0.0508314419819953,0.0922082485520124,0.0379687651079706,0.8637345770122132,-0.6258519657136724,-0.8169767318548042,1.5643335651684624,0
0.491041277025767,-1.848969540634258,-1.6106759469225127,0.6368923855332881,-0.8860481012886536,0.960289589289825,1.2240250682901004,-0.1847232118185042,0
0.1446347661452956,-1.1474232369934134,-1.3407065012985029,0.3041570408525561,1.446995469779169,0.0086046562877266,-0.8169767318548042,1.5643335651684624,0
0.8374477879062384,-1.1542343661549748,-1.4445409034615833,-0.1616724417004685,-0.302787208521698,-1.5775368987157707,-0.8169767318548042,1.5643335651684624,0
-0.8945847664961184,0.2352359828035918,0.0022184333440091,-0.6275019242534932,0.8637345770122132,-0.943080276714372,-0.8169767318548042,-1.5839686334080776,0
-0.2017717447351757,1.011704707221614,0.9021165854240426,-0.0951253727643221,-0.8860481012886536,1.2775179002905246,-0.8169767318548042,1.5643335651684624,0
0.8374477879062384,0.4668143742966868,0.1545088898498608,-0.2947665795727612,1.446995469779169,-1.5775368987157707,-0.8169767318548042,-0.1847232118185042,1
0.491041277025767,-1.1610454953165363,-0.8561459578707923,0.0379687651079706,0.8637345770122132,1.594746211291224,1.2240250682901004,0.1650881435788891,0
1.530260809667181,-1.5084130825561777,-1.437618609984045,-0.427860717445054,0.2804736842452576,0.3258329672884261,1.2240250682901004,0.1650881435788891,0
-0.548178255615647,-0.5276104832913076,-0.6415548600670916,0.5037982476609952,-1.4693089940556092,-0.3086236547129729,-0.8169767318548042,1.214522209771069,0
-0.548178255615647,-0.9907672662774962,-0.7107777948424792,0.3707041097887025,0.8637345770122132,0.3258329672884261,-0.8169767318548042,-0.8843459226132909,0
-1.5873977882570611,0.8822932531519441,0.5975356724123393,-0.0285783038281757,0.2804736842452576,0.0086046562877266,1.2240250682901004,0.5148994989762825,0
-0.548178255615647,0.0377132371183054,-0.2400618383698458,-2.024990371912567,-1.4693089940556092,-1.5775368987157707,1.2240250682901004,-0.5345345672158975,0
1.1838542987867098,0.9776490614138068,1.0474847484523564,-1.2929726136149569,0.8637345770122132,-0.3086236547129729,-0.8169767318548042,0.8647108543736758,1
1.530260809667181,0.6507148616588497,0.3760222811311,-0.5609548553173468,0.2804736842452576,-0.3086236547129729,-0.8169767318548042,-0.8843459226132909,1
1.1838542987867098,-1.6855024407567798,-1.700665762130516,-0.1616724417004685,-0.302787208521698,-0.3086236547129729,-0.8169767318548042,1.214522209771069,0
0.491041277025767,-0.0031535378510639,-0.2885178927126171,-0.1616724417004685,-0.302787208521698,-1.2603085877150713,-0.8169767318548042,-0.5345345672158975,0
-0.8945847664961184,1.1615495487759695,0.9436503462892752,0.0379687651079706,0.8637345770122132,-0.3086236547129729,1.2240250682901004,-0.5345345672158975,0
-0.2017717447351757,-1.5969577616564783,-1.403007142596351,-0.6275019242534932,0.8637345770122132,-1.2603085877150713,-0.8169767318548042,0.5148994989762825,0
-0.548178255615647,-0.330087737606021,-0.4754198166061628,1.102721868086313,-1.4693089940556092,0.3258329672884261,-0.8169767318548042,0.1650881435788891,0
-0.2017717447351757,-1.0043895246006198,-1.0361255882867988,0.3707041097887025,-0.8860481012886536,-0.6258519657136724,-0.8169767318548042,0.5148994989762825,0
1.1838542987867098,1.0048935780600528,0.8536605310812714,0.8365335923417272,0.8637345770122132,-1.2603085877150713,-0.8169767318548042,-0.8843459226132909,1
-0.2017717447351757,0.4327587284888783,0.4452452159064869,0.5703453165971416,0.2804736842452576,0.6430612782891255,1.2240250682901004,0.1650881435788891,0
-1.5873977882570611,1.4408058443999956,1.2551535527785171,0.5037982476609952,0.2804736842452576,-1.5775368987157707,1.2240250682901004,-0.8843459226132909,0
-0.8945847664961184,0.0309021079567439,0.0506744876867803,-0.8936901999980786,-1.4693089940556092,-1.5775368987157707,-0.8169767318548042,0.8647108543736758,0
-1.5873977882570611,0.1739358203495375,0.2998770528781739,-0.8271431310619323,-0.302787208521698,0.960289589289825,1.2240250682901004,0.5148994989762825,0
1.530260809667181,1.2092274529069011,0.964417226721891,-1.0267843378703714,-0.8860481012886536,-1.2603085877150713,1.2240250682901004,0.8647108543736758,0
0.8374477879062384,1.6655731067315285,1.6843357483859185,-0.4944077863812003,1.446995469779169,0.0086046562877266,-0.8169767318548042,1.5643335651684624,1
-0.2017717447351757,0.2488582411267153,-0.0877713818639941,-0.0285783038281757,-0.8860481012886536,0.6430612782891255,1.2240250682901004,-1.5839686334080776,0
0.1446347661452956,-1.079311945377797,-1.1884160447926506,-0.8271431310619323,-0.8860481012886536,0.3258329672884261,1.2240250682901004,-1.2341572780106842,0
0.8374477879062384,-0.2960320917982132,-0.4338860557409301,-0.0951253727643221,-0.302787208521698,0.6430612782891255,-0.8169767318548042,-0.1847232118185042,0
-1.24099127737659,0.6983927657897812,0.6390694332775719,0.2376099719164097,0.8637345770122132,0.960289589289825,1.2240250682901004,-0.1847232118185042,0
-1.5873977882570611,-0.7455666164612783,-0.8630682513483309,0.2376099719164097,-0.8860481012886536,0.3258329672884261,1.2240250682901004,0.8647108543736758,0
1.1838542987867098,1.4135613277537484,1.2205420853908242,1.302363074894752,0.8637345770122132,1.2775179002905246,-0.8169767318548042,-0.5345345672158975,1
-0.548178255615647,0.8005597032132054,0.7013700745754203,0.2376099719164097,-0.302787208521698,1.2775179002905246,-0.8169767318548042,0.5148994989762825,0
1.1838542987867098,-0.9362782329850032,-0.7246223817975563,-0.4944077863812003,-0.302787208521698,0.3258329672884261,-0.8169767318548042,1.214522209771069,0
-0.2017717447351757,0.0649577537645518,0.2306541181027869,0.8365335923417272,-0.8860481012886536,0.6430612782891255,-0.8169767318548042,0.8647108543736758,0
0.1446347661452956,1.5293505235002958,1.3589879549415982,-0.2282195106366148,-0.8860481012886536,-0.6258519657136724,1.2240250682901004,1.5643335651684624,0
0.8374477879062384,-0.8000556497537712,-0.6830886209323243,-0.8271431310619323,0.8637345770122132,-0.3086236547129729,1.2240250682901004,0.8647108543736758,0
0.491041277025767,0.2420471119651533,-0.073926794908917,-0.8271431310619323,-1.4693089940556092,0.960289589289825,1.2240250682901004,1.5643335651684624,0
1.530260809667181,1.6110840734390357,1.4420554766720624,-1.492613820423396,-0.302787208521698,-0.3086236547129729,-0.8169767318548042,0.1650881435788891,1
-1.5873977882570611,-1.624202278302725,-1.5414530121471255,0.4372511787248489,0.8637345770122132,1.594746211291224,-0.8169767318548042,-0.8843459226132909,0
-1.5873977882570611,-1.453924049263685,-1.2299498056578833,-0.1616724417004685,1.446995469779169,0.3258329672884261,-0.8169767318548042,0.5148994989762825,0
0.8374477879062384,1.5361616526618571,1.5943459331779146,-1.9584433029764208,-0.302787208521698,-0.943080276714372,-0.8169767318548042,-0.5345345672158975,1
-0.2017717447351757,-1.6923135699183414,-1.5899090664898965,0.3041570408525561,0.8637345770122132,-0.943080276714372,-0.8169767318548042,-0.5345345672158975,0
-0.8945847664961184,0.6643371199819726,0.6875254876203419,0.5703453165971416,0.2804736842452576,-1.2603085877150713,-0.8169767318548042,-0.1847232118185042,0
1.1838542987867098,-1.045256299569989,-0.7523115557077112,-0.1616724417004685,-0.8860481012886536,-0.6258519657136724,1.2240250682901004,1.5643335651684624,0
0.8374477879062384,1.3658834236228172,1.0959408027951263,-0.1616724417004685,-1.4693089940556092,1.594746211291224,-0.8169767318548042,-1.2341572780106842,0
0.491041277025767,-1.0725008162162355,-1.437618609984045,1.70164548851163,-0.302787208521698,0.960289589289825,-0.8169767318548042,1.214522209771069,0
-0.8945847664961184,1.406750198592187,1.518200704924989,0.3707041097887025,0.8637345770122132,0.0086046562877266,1.2240250682901004,-0.8843459226132909,0
-0.8945847664961184,-1.7672359906955186,-1.7214326425631323,0.6368923855332881,0.8637345770122132,1.2775179002905246,1.2240250682901004,-0.1847232118185042,0
0.491041277025767,-0.0031535378510639,-0.2815955992350785,-0.8936901999980786,-0.8860481012886536,-0.6258519657136724,-0.8169767318548042,-0.8843459226132909,0
-0.2017717447351757,0.4531921159735627,0.1752757702824771,0.5037982476609952,0.2804736842452576,0.6430612782891255,1.2240250682901004,-0.5345345672158975,0
-1.24099127737659,-1.2836458202246448,-1.1468822839274184,0.8365335923417272,1.446995469779169,1.594746211291224,1.2240250682901004,1.5643335651684624,0
0.1446347661452956,1.2569053570378326,1.2828427266886726,-0.8936901999980786,-0.8860481012886536,-1.2603085877150713,-0.8169767318548042,0.8647108543736758,0
-1.5873977882570611,-0.4186324167063218,-0.3785077079206203,-1.3595196825511031,0.2804736842452576,1.594746211291224,1.2240250682901004,0.8647108543736758,0
1.530260809667181,-0.6502108081994161,-0.6553994470221693,0.7699865234055808,-0.302787208521698,-0.943080276714372,-0.8169767318548042,0.8647108543736758,1
1.1838542987867098,-0.4050101583831983,-0.2054503709821523,0.8365335923417272,-1.4693089940556092,1.2775179002905246,-0.8169767318548042,0.8647108543736758,0
0.491041277025767,-0.0780759586282417,0.0645190746418575,-1.159878475742664,0.2804736842452576,-0.943080276714372,-0.8169767318548042,-1.2341572780106842,0
1.1838542987867098,-0.0848870877898032,0.0783636615969352,1.3689101438308982,-0.8860481012886536,0.6430612782891255,1.2240250682901004,-0.1847232118185042,0
-0.8945847664961184,-1.1882900119627826,-1.2437943926129602,0.1710629029802634,1.446995469779169,0.3258329672884261,-0.8169767318548042,-1.2341572780106842,0
-0.8945847664961184,-0.0372091836588718,0.0506744876867803,0.8365335923417272,1.446995469779169,-1.2603085877150713,-0.8169767318548042,-0.5345345672158975,0
-0.8945847664961184,-1.8694029281189428,-1.5691421860572805,-0.7605960621257859,-0.302787208521698,0.0086046562877266,-0.8169767318548042,0.1650881435788891,0
-0.2017717447351757,0.8278042198594512,0.6529140202326491,-0.6275019242534932,0.2804736842452576,-0.6258519657136724,-0.8169767318548042,-0.5345345672158975,0
-0.2017717447351757,0.2897250160960847,0.5075458572043353,0.0379687651079706,-0.302787208521698,1.2775179002905246,1.2240250682901004,-0.5345345672158975,0
-0.548178255615647,1.7949845608011985,1.6012682266554532,0.5703453165971416,0.2804736842452576,-0.3086236547129729,1.2240250682901004,0.5148994989762825,0
-1.24099127737659,1.5634061693081045,1.5112784114474505,-1.093331406806518,0.2804736842452576,-0.943080276714372,-0.8169767318548042,-1.2341572780106842,0
0.491041277025767,-1.120178720347167,-1.3960848491188127,1.2358160059586054,-0.302787208521698,0.960289589289825,-0.8169767318548042,-1.5839686334080776,0
-0.548178255615647,-1.780858249018642,-1.700665762130516,2.566757384681533,-0.8860481012886536,0.960289589289825,1.2240250682901004,1.214522209771069,0
0.8374477879062384,-0.3368988667675825,-0.115460555774149,2.6333044536176793,1.446995469779169,0.3258329672884261,-0.8169767318548042,1.5643335651684624,1
0.8374477879062384,0.5757924408816725,0.5006235637267967,-0.960237268934225,1.446995469779169,0.0086046562877266,-0.8169767318548042,0.5148994989762825,1
-0.548178255615647,1.5838395567927883,1.7051026288185342,-0.6275019242534932,1.446995469779169,-1.5775368987157707,1.2240250682901004,-0.1847232118185042,0
-0.8945847664961184,-0.500365966645061,-0.7453892622301727,0.2376099719164097,1.446995469779169,0.0086046562877266,1.2240250682901004,-0.5345345672158975,0
0.491041277025767,0.0717688829261132,-0.0600822079538392,-1.9584433029764208,-0.302787208521698,-1.2603085877150713,-0.8169767318548042,-0.1847232118185042,0
1.530260809667181,1.447616973561557,1.4559000636271406,-1.0267843378703714,-0.302787208521698,-1.5775368987157707,-0.8169767318548042,0.8647108543736758,1
0.491041277025767,-0.7455666164612783,-0.6207879796344759,0.3041570408525561,-0.302787208521698,1.594746211291224,-0.8169767318548042,-0.8843459226132909,0
1.1838542987867098,-0.1666206377285425,0.0437521942092411,0.4372511787248489,0.2804736842452576,0.6430612782891255,-0.8169767318548042,-1.2341572780106842,0
-0.8945847664961184,-0.7660000039459633,-1.112270816539725,0.7034394544694345,1.446995469779169,-1.5775368987157707,1.2240250682901004,0.1650881435788891,0
1.1838542987867098,1.617895202600597,1.5458898788351434,-1.2929726136149569,0.8637345770122132,-1.5775368987157707,1.2240250682901004,-1.5839686334080776,1
0.491041277025767,-0.5548549999375539,-0.3785077079206203,1.502004281703191,1.446995469779169,0.0086046562877266,1.2240250682901004,1.214522209771069,0
0.8374477879062384,-0.9703338787928112,-1.1884160447926506,-0.2947665795727612,-0.8860481012886536,1.594746211291224,1.2240250682901004,0.1650881435788891,0
1.1838542987867098,1.1751718070990926,0.8813497049914268,0.3041570408525561,1.446995469779169,1.594746211291224,-0.8169767318548042,1.5643335651684624,1
0.8374477879062384,-0.1189427335976111,-0.0116261536110686,0.7034394544694345,-0.8860481012886536,-1.5775368987157707,1.2240250682901004,1.214522209771069,0
-1.5873977882570611,-1.058878557893112,-0.8423013709157146,1.502004281703191,0.8637345770122132,0.960289589289825,1.2240250682901004,1.214522209771069,0
-1.24099127737659,0.6711482491435341,0.9228834658566584,-0.2282195106366148,-0.302787208521698,-1.2603085877150713,-0.8169767318548042,0.5148994989762825,0
-0.2017717447351757,-1.1542343661549748,-1.1953383382701896,-0.1616724417004685,1.446995469779169,-0.3086236547129729,1.2240250682901004,0.5148994989762825,0
-1.24099127737659,-1.3313237243555762,-1.0984262295846472,-1.4260667514872496,-1.4693089940556092,-0.3086236547129729,-0.8169767318548042,0.5148994989762825,0
1.530260809667181,-1.4334906617790004,-1.1468822839274184,-0.2947665795727612,-0.8860481012886536,1.594746211291224,-0.8169767318548042,0.5148994989762825,0
0.491041277025767,0.3646474368732625,0.1891203572375542,0.5037982476609952,-0.8860481012886536,0.6430612782891255,1.2240250682901004,-1.5839686334080776,0
-1.24099127737659,-0.0440203128204338,-0.2331395448923072,2.3005691089369473,-1.4693089940556092,-0.3086236547129729,1.2240250682901004,0.8647108543736758,0
-0.2017717447351757,-0.7728111331075248,-0.7453892622301727,1.9678337642562156,1.446995469779169,0.3258329672884261,-0.8169767318548042,0.5148994989762825,0
0.8374477879062384,0.5757924408816725,0.5352350311144909,0.104515834044117,1.446995469779169,-1.5775368987157707,1.2240250682901004,-0.5345345672158975,1
-1.5873977882570611,-0.9703338787928112,-1.112270816539725,0.4372511787248489,1.446995469779169,-0.3086236547129729,-0.8169767318548042,-0.5345345672158975,0
1.530260809667181,-1.5220353408793013,-1.3753179686861965,-1.2929726136149569,0.2804736842452576,-1.5775368987157707,1.2240250682901004,-1.2341572780106842,0
1.1838542987867098,-0.0440203128204338,-0.1985280775046137,-1.4260667514872496,-0.302787208521698,0.6430612782891255,-0.8169767318548042,1.5643335651684624,0
-0.548178255615647,-0.0848870877898032,-0.1639166101169203,-1.7588020961679816,-0.302787208521698,0.960289589289825,-0.8169767318548042,0.1650881435788891,0
1.1838542987867098,0.1194467870570446,0.4037114550412543,0.5037982476609952,0.8637345770122132,0.960289589289825,-0.8169767318548042,-0.1847232118185042,0
-1.24099127737659,1.4135613277537484,1.6497242809982244,-0.0285783038281757,-0.302787208521698,-0.943080276714372,1.2240250682901004,0.8647108543736758,0
-0.548178255615647,1.1274939029681614,0.825971357171117,-0.1616724417004685,-0.8860481012886536,0.3258329672884261,-0.8169767318548042,1.214522209771069,0
0.491041277025767,0.1330690453801682,-0.0877713818639941,-1.2264255446788106,-0.8860481012886536,0.0086046562877266,1.2240250682901004,1.5643335651684624,0
0.8374477879062384,0.2148025953189068,0.2583432920129418,-1.159878475742664,-0.302787208521698,0.6430612782891255,-0.8169767318548042,0.5148994989762825,0
1.1838542987867098,1.0048935780600528,0.7705930093508072,0.0379687651079706,1.446995469779169,0.0086046562877266,1.2240250682901004,0.8647108543736758,1
0.8374477879062384,-1.7059358282414645,-1.4514631969391218,0.3707041097887025,0.8637345770122132,0.960289589289825,1.2240250682901004,1.5643335651684624,0
-0.8945847664961184,-1.4334906617790004,-1.700665762130516,-0.0285783038281757,-0.8860481012886536,-0.3086236547129729,-0.8169767318548042,-0.5345345672158975,0
-0.548178255615647,0.6779593783050956,0.5560019115471065,-0.427860717445054,0.8637345770122132,0.3258329672884261,-0.8169767318548042,-0.8843459226132909,0
0.1446347661452956,0.6370926033357268,0.5975356724123393,-0.7605960621257859,0.8637345770122132,0.0086046562877266,1.2240250682901004,-0.5345345672158975,0
-1.24099127737659,0.0717688829261132,-0.1500720231618425,0.7699865234055808,0.8637345770122132,0.960289589289825,-0.8169767318548042,1.5643335651684624,0
-0.548178255615647,-1.4879796950714934,-1.7491218164732871,-0.4944077863812003,0.2804736842452576,-0.3086236547129729,-0.8169767318548042,-1.2341572780106842,0
0.491041277025767,1.5429727818234198,1.5943459331779146,-0.0285783038281757,0.8637345770122132,0.6430612782891255,1.2240250682901004,-0.5345345672158975,0
-1.24099127737659,-1.3245125951940149,-1.6175982404000513,-0.2282195106366148,1.446995469779169,0.960289589289825,-0.8169767318548042,-1.2341572780106842,0
-1.5873977882570611,0.895915511475067,0.825971357171117,-0.3613136485089076,1.446995469779169,0.3258329672884261,1.2240250682901004,1.5643335651684624,0
0.1446347661452956,0.2965361452576461,0.3206439333107902,-0.3613136485089076,-1.4693089940556092,-1.2603085877150713,-0.8169767318548042,-1.5839686334080776,0
-0.8945847664961184,0.8686709948288212,1.0059509875871235,0.5037982476609952,-0.8860481012886536,1.2775179002905246,-0.8169767318548042,-0.5345345672158975,0
1.530260809667181,-0.5071770958066225,-0.420041468785853,-0.6940489931896395,-1.4693089940556092,-0.6258519657136724,1.2240250682901004,-0.1847232118185042,0
-0.548178255615647,-0.7251332289765939,-0.6761663274547857,1.4354572127670446,-0.8860481012886536,-0.6258519657136724,1.2240250682901004,1.5643335651684624,0
0.491041277025767,0.5281145367507412,0.8675051180363484,0.2376099719164097,0.2804736842452576,-0.943080276714372,-0.8169767318548042,-0.1847232118185042,0
0.1446347661452956,-0.4731214499988146,-0.1362274362067654,1.0361747991501662,-0.302787208521698,0.0086046562877266,1.2240250682901004,0.5148994989762825,0
0.8374477879062384,-0.0440203128204338,0.2583432920129418,-0.8936901999980786,-0.8860481012886536,-0.6258519657136724,-0.8169767318548042,0.8647108543736758,0
-0.548178255615647,1.747306656670267,1.6428019875206858,0.8365335923417272,-1.4693089940556092,0.0086046562877266,1.2240250682901004,1.5643335651684624,0
-0.2017717447351757,-1.270023561901522,-1.3891625556412734,0.0379687651079706,-0.302787208521698,0.6430612782891255,-0.8169767318548042,-1.5839686334080776,0
-1.5873977882570611,-1.3585682410018227,-1.486074664326816,-0.5609548553173468,-1.4693089940556092,0.960289589289825,-0.8169767318548042,0.1650881435788891,0
-1.5873977882570611,1.086627127998793,1.151319150615436,0.4372511787248489,0.8637345770122132,0.3258329672884261,1.2240250682901004,-0.5345345672158975,0
0.1446347661452956,-0.3573322542522675,-0.3231293601003105,0.8365335923417272,0.8637345770122132,-0.943080276714372,1.2240250682901004,-0.8843459226132909,0
0.8374477879062384,1.5702172984696656,1.3589879549415982,0.104515834044117,0.2804736842452576,1.594746211291224,1.2240250682901004,0.1650881435788891,1
0.8374477879062384,0.936782286444437,0.7498261289181903,-0.0285783038281757,0.2804736842452576,-0.943080276714372,-0.8169767318548042,1.214522209771069,1
1.530260809667181,0.4600032451351253,0.5698464985021837,-0.7605960621257859,-0.8860481012886536,0.6430612782891255,-0.8169767318548042,0.5148994989762825,0
-0.8945847664961184,-0.8136779080768948,-1.0915039361071086,-0.960237268934225,-0.8860481012886536,-0.943080276714372,-0.8169767318548042,0.1650881435788891,0
0.491041277025767,-0.0576425711435567,0.1821980637600156,0.2376099719164097,-0.302787208521698,-0.943080276714372,-0.8169767318548042,-1.5839686334080776,0
-1.24099127737659,1.07981599883723,1.379754835374214,-1.2929726136149569,0.8637345770122132,0.6430612782891255,1.2240250682901004,-1.2341572780106842,0
-0.8945847664961184,0.8891043823135055,0.9990286941095852,-1.2929726136149569,-1.4693089940556092,-1.2603085877150713,-0.8169767318548042,-0.8843459226132909,0
0.1446347661452956,-0.159809508566981,-0.2885178927126171,-0.2282195106366148,0.2804736842452576,-0.943080276714372,-0.8169767318548042,1.5643335651684624,0
-0.548178255615647,-0.8204890372384562,-0.9253688926461792,-0.427860717445054,0.8637345770122132,-1.5775368987157707,-0.8169767318548042,1.214522209771069,0
1.530260809667181,-0.1189427335976111,0.1545088898498608,-1.2929726136149569,0.8637345770122132,1.2775179002905246,1.2240250682901004,1.214522209771069,0
-0.8945847664961184,-0.6229662915531697,-0.939213479601257,1.169268937022459,-0.302787208521698,-0.3086236547129729,-0.8169767318548042,-0.8843459226132909,0
1.1838542987867098,-0.1121316044360496,-0.3923522948756981,-1.825349165104128,0.8637345770122132,0.6430612782891255,-0.8169767318548042,-1.5839686334080776,0
1.530260809667181,-1.1338009786702898,-0.9738249469889504,0.0379687651079706,-0.8860481012886536,1.2775179002905246,-0.8169767318548042,0.8647108543736758,0
1.1838542987867098,-0.9430893621465648,-0.9807472404664892,0.2376099719164097,-1.4693089940556092,-1.5775368987157707,-0.8169767318548042,-1.2341572780106842,0
-1.5873977882570611,-0.7387554872997169,-0.5792542187692432,0.3041570408525561,0.2804736842452576,0.6430612782891255,1.2240250682901004,-0.8843459226132909,0
1.1838542987867098,1.3522611652996943,1.1790083245255916,-0.3613136485089076,0.8637345770122132,-0.6258519657136724,1.2240250682901004,1.5643335651684624,1
0.8374477879062384,-0.5480438707759919,-0.2331395448923072,-0.2947665795727612,1.446995469779169,0.960289589289825,-0.8169767318548042,0.5148994989762825,0
0.491041277025767,-0.2551653168288432,-0.6000210992018595,-0.6275019242534932,1.446995469779169,-0.943080276714372,1.2240250682901004,0.1650881435788891,0
0.1446347661452956,-0.0985093461129267,0.1752757702824771,-0.8271431310619323,1.446995469779169,-0.6258519657136724,-0.8169767318548042,1.214522209771069,0
-0.548178255615647,0.1943692078342225,0.0229853137766254,-0.6940489931896395,-0.302787208521698,1.594746211291224,-0.8169767318548042,1.5643335651684624,0
-0.2017717447351757,0.7392595407591499,0.7498261289181903,-0.1616724417004685,0.8637345770122132,0.6430612782891255,1.2240250682901004,-0.5345345672158975,0
1.530260809667181,0.7869374448900813,1.0751739223625103,-0.0951253727643221,-1.4693089940556092,-0.6258519657136724,-0.8169767318548042,-0.8843459226132909,0
-1.24099127737659,-1.1269898495087285,-1.313017327388348,1.102721868086313,-1.4693089940556092,1.594746211291224,-0.8169767318548042,0.8647108543736758,0
-1.5873977882570611,0.2965361452576461,0.244498705057864,-0.960237268934225,-0.302787208521698,1.2775179002905246,1.2240250682901004,1.5643335651684624,0
1.530260809667181,0.3646474368732625,0.3760222811311,-0.0951253727643221,-0.302787208521698,-1.5775368987157707,-0.8169767318548042,0.8647108543736758,1
0.1446347661452956,-0.2279208001825968,-0.4961866970387785,0.9030806612778736,-0.302787208521698,0.960289589289825,1.2240250682901004,0.5148994989762825,0
-1.5873977882570611,-1.2223456577705905,-1.5345307186695865,-0.2947665795727612,0.2804736842452576,-1.5775368987157707,-0.8169767318548042,-0.8843459226132909,0
1.1838542987867098,0.2284248536420304,0.0991305420295509,0.7034394544694345,-1.4693089940556092,-0.6258519657136724,1.2240250682901004,-1.2341572780106842,0
0.491041277025767,0.8686709948288212,0.5975356724123393,-0.1616724417004685,-1.4693089940556092,-0.943080276714372,-0.8169767318548042,-0.8843459226132909,0
-0.8945847664961184,0.514492278427617,0.3483331072209445,-1.0267843378703714,-0.302787208521698,0.6430612782891255,-0.8169767318548042,0.1650881435788891,0
0.1446347661452956,-1.1610454953165363,-1.1676491643600349,1.169268937022459,-0.8860481012886536,-1.2603085877150713,-0.8169767318548042,-1.2341572780106842,0
-0.8945847664961184,1.5497839109849814,1.587423639700376,-0.6940489931896395,0.8637345770122132,0.3258329672884261,-0.8169767318548042,-0.1847232118185042,0
-0.8945847664961184,1.9039626273861845,1.6428019875206858,-1.4260667514872496,0.2804736842452576,-1.2603085877150713,-0.8169767318548042,-0.8843459226132909,0
-0.548178255615647,-1.4879796950714934,-1.181493751315112,-0.427860717445054,0.2804736842452576,-1.5775368987157707,-0.8169767318548042,1.214522209771069,0
-1.24099127737659,0.4191364701657554,0.1960426507150934,-0.2282195106366148,-0.8860481012886536,-0.943080276714372,-0.8169767318548042,-0.5345345672158975,0
1.1838542987867098,-1.7195580865645876,-1.576064479534819,0.3041570408525561,0.2804736842452576,-0.6258519657136724,-0.8169767318548042,0.1650881435788891,0
-0.548178255615647,0.8073708323747668,1.0890185093175877,-0.2282195106366148,0.8637345770122132,-0.3086236547129729,-0.8169767318548042,-0.1847232118185042,0
-0.548178255615647,0.1466913037032911,0.4314006289514098,-0.0951253727643221,1.446995469779169,-0.6258519657136724,-0.8169767318548042,-1.2341572780106842,0
-1.5873977882570611,1.7064398817008972,1.4005217158068308,-0.4944077863812003,1.446995469779169,-1.5775368987157707,-0.8169767318548042,-0.1847232118185042,0
-1.5873977882570611,-0.7387554872997169,-0.766156142662789,-0.6275019242534932,-0.8860481012886536,-0.3086236547129729,1.2240250682901004,-1.5839686334080776,0
0.8374477879062384,-0.4186324167063218,-0.6553994470221693,0.4372511787248489,1.446995469779169,1.2775179002905246,1.2240250682901004,0.1650881435788891,0
1.1838542987867098,-1.4471129201021231,-1.6660542947428223,-0.6275019242534932,-1.4693089940556092,1.594746211291224,-0.8169767318548042,-0.5345345672158975,0
1.1838542987867098,1.3863168111075028,1.4420554766720624,-0.0951253727643221,1.446995469779169,0.0086046562877266,1.2240250682901004,1.214522209771069,1
0.491041277025767,-0.180242896051666,-0.3369739470553883,0.3707041097887025,0.2804736842452576,0.6430612782891255,-0.8169767318548042,-1.2341572780106842,0
-0.2017717447351757,1.42037245691531,1.4005217158068308,0.9030806612778736,-1.4693089940556092,-1.5775368987157707,-0.8169767318548042,-0.8843459226132909,0
-0.8945847664961184,0.0922022704107982,0.1545088898498608,0.5037982476609952,1.446995469779169,0.960289589289825,-0.8169767318548042,-1.5839686334080776,0
0.1446347661452956,0.180746949511099,0.4590898028615641,0.2376099719164097,1.446995469779169,0.960289589289825,-0.8169767318548042,-1.5839686334080776,0
0.1446347661452956,0.0172798496336204,0.0506744876867803,0.5037982476609952,0.8637345770122132,0.6430612782891255,-0.8169767318548042,-1.2341572780106842,0
-1.24099127737659,-1.8898363156036275,-1.5899090664898965,0.3707041097887025,0.2804736842452576,0.960289589289825,1.2240250682901004,-0.5345345672158975,0
0.491041277025767,-0.5207993541297461,-0.6900109144098628,0.5703453165971416,-0.302787208521698,0.960289589289825,-0.8169767318548042,1.5643335651684624,0
0.8374477879062384,1.0048935780600528,1.324376487553904,-0.8936901999980786,0.2804736842452576,-1.5775368987157707,1.2240250682901004,-1.5839686334080776,1
1.1838542987867098,-0.895411458015634,-1.1191931100172636,0.3707041097887025,0.2804736842452576,-0.6258519657136724,1.2240250682901004,-0.8843459226132909,0
0.1446347661452956,-0.8409224247231412,-0.6207879796344759,-1.159878475742664,1.446995469779169,-0.943080276714372,1.2240250682901004,-0.8843459226132909,0
-0.8945847664961184,0.1058245287339217,0.4452452159064869,-0.0285783038281757,-0.302787208521698,-1.5775368987157707,1.2240250682901004,1.214522209771069,0
0.491041277025767,1.1138716446450383,1.1928529114806687,0.4372511787248489,-0.302787208521698,0.0086046562877266,-0.8169767318548042,0.5148994989762825,0
-1.5873977882570611,-0.5616661290991154,-0.7869230230954047,-0.7605960621257859,-0.8860481012886536,-1.5775368987157707,1.2240250682901004,-0.1847232118185042,0
0.1446347661452956,0.6779593783050956,0.7705930093508072,-1.692255027231835,-0.8860481012886536,-0.6258519657136724,-0.8169767318548042,-1.5839686334080776,0
-1.24099127737659,-0.0576425711435567,-0.2885178927126171,-0.5609548553173468,-0.302787208521698,0.960289589289825,1.2240250682901004,1.214522209771069,0
-0.2017717447351757,-1.739991474049272,-1.4653077838941997,-1.4260667514872496,-0.8860481012886536,1.2775179002905246,1.2240250682901004,0.8647108543736758,0
-0.8945847664961184,0.0445243662798668,0.0437521942092411,0.7699865234055808,0.8637345770122132,-1.5775368987157707,1.2240250682901004,1.214522209771069,0
1.1838542987867098,-0.2347319293441582,0.0852859550744738,1.2358160059586054,0.2804736842452576,0.0086046562877266,-0.8169767318548042,0.8647108543736758,1
-0.548178255615647,-1.5356575992024242,-1.285328153478193,-1.159878475742664,1.446995469779169,-0.6258519657136724,1.2240250682901004,-0.8843459226132909,0
-0.8945847664961184,0.9163488989597526,0.6113802593674164,-0.0285783038281757,0.8637345770122132,0.3258329672884261,1.2240250682901004,1.5643335651684624,0
-1.24099127737659,0.6098480866894798,0.2860324659230967,-0.8936901999980786,-0.302787208521698,-1.2603085877150713,-0.8169767318548042,-1.5839686334080776,0
1.1838542987867098,-1.1746677536396597,-1.313017327388348,-0.2282195106366148,1.446995469779169,-0.3086236547129729,1.2240250682901004,0.1650881435788891,0
-1.5873977882570611,-1.0725008162162355,-0.835379077438176,0.104515834044117,-0.8860481012886536,-1.5775368987157707,1.2240250682901004,0.1650881435788891,0
1.1838542987867098,1.3113943903303256,1.5943459331779146,1.6350984195754836,1.446995469779169,0.960289589289825,-0.8169767318548042,-0.8843459226132909,1
-0.8945847664961184,1.0048935780600528,1.1928529114806687,-1.159878475742664,1.446995469779169,0.3258329672884261,-0.8169767318548042,-0.8843459226132909,0
-0.548178255615647,-1.0384451704084277,-1.2161052187028054,0.6368923855332881,-1.4693089940556092,0.960289589289825,-0.8169767318548042,-0.1847232118185042,0
-1.24099127737659,1.7404955275087055,1.6497242809982244,-2.15808450978486,0.8637345770122132,0.960289589289825,-0.8169767318548042,0.5148994989762825,0
-1.5873977882570611,-0.1529983794054196,0.0022184333440091,-1.692255027231835,1.446995469779169,0.6430612782891255,-0.8169767318548042,-0.1847232118185042,0
-0.2017717447351757,-1.0656896870546742,-1.112270816539725,-1.4260667514872496,-1.4693089940556092,0.0086046562877266,-0.8169767318548042,0.8647108543736758,0
0.1446347661452956,-1.6037688908180403,-1.5414530121471255,0.1710629029802634,1.446995469779169,0.960289589289825,-0.8169767318548042,0.8647108543736758,0
0.1446347661452956,-0.4867437083219376,-0.2400618383698458,0.0379687651079706,0.2804736842452576,-0.3086236547129729,-0.8169767318548042,1.5643335651684624,0
-1.24099127737659,0.9027266406366284,0.6044579658898779,0.8365335923417272,0.2804736842452576,-1.5775368987157707,-0.8169767318548042,0.8647108543736758,1
-0.2017717447351757,1.277338744522517,1.151319150615436,-0.0951253727643221,-1.4693089940556092,0.6430612782891255,-0.8169767318548042,-1.5839686334080776,0
-0.8945847664961184,-1.801291636503327,-1.659132001265284,0.96962773021402,-0.8860481012886536,0.6430612782891255,-0.8169767318548042,-1.2341572780106842,0
1.1838542987867098,1.604272944277474,1.5666567592677605,0.7034394544694345,0.2804736842452576,-0.943080276714372,-0.8169767318548042,-1.2341572780106842,1
0.491041277025767,0.3646474368732625,0.5490796180695681,0.9030806612778736,1.446995469779169,-0.6258519657136724,1.2240250682901004,-1.2341572780106842,1
-1.5873977882570611,-0.8613558122078261,-0.911524305691102,2.034380833192362,0.8637345770122132,1.2775179002905246,-0.8169767318548042,-0.8843459226132909,0
-0.548178255615647,0.5008700201044941,0.8328936506486556,0.0379687651079706,-1.4693089940556092,0.960289589289825,-0.8169767318548042,-0.8843459226132909,0
-0.2017717447351757,0.0581466246029903,0.133742009417245,-0.0285783038281757,1.446995469779169,1.2775179002905246,1.2240250682901004,1.214522209771069,0
-1.5873977882570611,0.3646474368732625,0.2652655854904804,1.70164548851163,-1.4693089940556092,-1.2603085877150713,-0.8169767318548042,1.5643335651684624,0
0.1446347661452956,0.5826035700432339,0.5560019115471065,0.3707041097887025,0.8637345770122132,1.2775179002905246,1.2240250682901004,-0.1847232118185042,0
0.1446347661452956,0.2284248536420304,-0.0670045014313778,-0.2282195106366148,-0.8860481012886536,0.0086046562877266,-0.8169767318548042,-1.2341572780106842,0
0.491041277025767,-0.1053204752744881,0.1060528355070901,0.104515834044117,-0.302787208521698,-0.943080276714372,-0.8169767318548042,0.5148994989762825,0
0.8374477879062384,-0.0440203128204338,0.2860324659230967,0.5703453165971416,-0.302787208521698,-0.943080276714372,-0.8169767318548042,1.214522209771069,0
0.491041277025767,0.8278042198594512,0.9990286941095852,-0.0285783038281757,0.8637345770122132,-0.3086236547129729,1.2240250682901004,-1.5839686334080776,0
-0.2017717447351757,0.8073708323747668,0.4867789767717196,-1.0267843378703714,0.2804736842452576,1.2775179002905246,-0.8169767318548042,0.8647108543736758,0
1.530260809667181,1.5497839109849814,1.552812172312682,0.104515834044117,0.8637345770122132,-0.3086236547129729,1.2240250682901004,0.8647108543736758,1
0.491041277025767,-1.1474232369934134,-1.0153587078541826,-0.427860717445054,-0.302787208521698,-0.943080276714372,1.2240250682901004,1.214522209771069,0
-0.2017717447351757,1.0185158363831757,1.0267178680197393,0.2376099719164097,0.2804736842452576,-0.3086236547129729,1.2240250682901004,-0.8843459226132909,0
1.530260809667181,0.0309021079567439,-0.0877713818639941,0.7699865234055808,0.2804736842452576,-0.6258519657136724,1.2240250682901004,0.5148994989762825,1
-1.5873977882570611,0.3646474368732625,0.4244783354738712,-1.093331406806518,0.8637345770122132,0.3258329672884261,1.2240250682901004,0.5148994989762825,0
-0.2017717447351757,0.4259475993273168,0.1475865963723222,-0.6940489931896395,-0.8860481012886536,-1.2603085877150713,-0.8169767318548042,0.1650881435788891,0
1.1838542987867098,-0.2892209626366511,-0.3369739470553883,0.3041570408525561,-0.8860481012886536,-0.6258519657136724,-0.8169767318548042,0.8647108543736758,0
0.8374477879062384,0.684770507466657,0.6044579658898779,1.102721868086313,-0.8860481012886536,-1.5775368987157707,-0.8169767318548042,1.5643335651684624,1
-0.2017717447351757,0.160313562026414,0.4106337485187941,-0.0285783038281757,0.2804736842452576,-0.6258519657136724,-0.8169767318548042,-0.5345345672158975,0
1.1838542987867098,1.6723842358930898,1.5251229984025276,-2.15808450978486,0.8637345770122132,0.0086046562877266,-0.8169767318548042,-1.5839686334080776,1
1.1838542987867098,-0.9430893621465648,-0.634632566589553,1.70164548851163,0.2804736842452576,0.0086046562877266,-0.8169767318548042,-0.5345345672158975,1
1.1838542987867098,0.0036575913104975,-0.0047038601335294,1.3689101438308982,0.2804736842452576,0.0086046562877266,-0.8169767318548042,-0.5345345672158975,1
1.1838542987867098,-0.9226559746618804,-0.9945918274215668,-0.1616724417004685,1.446995469779169,-0.3086236547129729,1.2240250682901004,0.8647108543736758,0
-1.5873977882570611,1.0321380947062997,1.1928529114806687,0.3707041097887025,1.446995469779169,-0.3086236547129729,1.2240250682901004,0.8647108543736758,0
-1.5873977882570611,-0.513988224968184,-0.8284567839606374,-1.0267843378703714,-0.302787208521698,-1.2603085877150713,-0.8169767318548042,0.8647108543736758,0
-1.5873977882570611,-0.9567116204696884,-0.9461357730787956,-0.8936901999980786,-0.302787208521698,-1.2603085877150713,-0.8169767318548042,1.214522209771069,0
-1.24099127737659,0.936782286444437,0.8467382376037328,-0.1616724417004685,0.8637345770122132,1.2775179002905246,1.2240250682901004,1.5643335651684624,0
1.1838542987867098,1.3454500361381327,1.2689981397335943,1.0361747991501662,-0.302787208521698,0.960289589289825,1.2240250682901004,0.8647108543736758,1
1.530260809667181,0.6575259908204112,0.6459917267551105,1.169268937022459,-0.8860481012886536,-0.6258519657136724,-0.8169767318548042,1.214522209771069,1
-1.24099127737659,1.0593826113525455,1.068251628884972,0.104515834044117,0.8637345770122132,0.0086046562877266,-0.8169767318548042,0.8647108543736758,0
0.491041277025767,-0.895411458015634,-1.0015141208991054,-1.5591608893595423,-0.8860481012886536,0.3258329672884261,-0.8169767318548042,-1.2341572780106842,0
0.491041277025767,0.8346153490210126,0.5352350311144909,1.3689101438308982,-1.4693089940556092,0.960289589289825,-0.8169767318548042,1.5643335651684624,0
-0.2017717447351757,-0.1189427335976111,-0.0047038601335294,-0.0285783038281757,-0.302787208521698,0.960289589289825,1.2240250682901004,1.214522209771069,0
1.1838542987867098,0.2897250160960847,-0.0185484470886072,-2.8235551991463237,-1.4693089940556092,-1.5775368987157707,1.2240250682901004,-1.2341572780106842,0
1.1838542987867098,-1.0180117829237427,-1.112270816539725,0.8365335923417272,0.2804736842452576,-0.6258519657136724,-0.8169767318548042,-0.1847232118185042,1
-1.5873977882570611,-0.7523777456228404,-0.7869230230954047,-0.0951253727643221,0.8637345770122132,0.960289589289825,1.2240250682901004,-1.5839686334080776,0
0.8374477879062384,0.4531921159735627,0.6529140202326491,-0.4944077863812003,-1.4693089940556092,-1.2603085877150713,-0.8169767318548042,-0.1847232118185042,0
-0.2017717447351757,0.95040454476756,1.2482312593009786,-0.960237268934225,1.446995469779169,-0.6258519657136724,-0.8169767318548042,-1.2341572780106842,0
-0.8945847664961184,0.2897250160960847,0.618302552844955,1.901286695320069,-0.8860481012886536,-0.3086236547129729,1.2240250682901004,-0.1847232118185042,0
-0.2017717447351757,-0.9158448455003184,-1.0222810013317216,1.502004281703191,-0.8860481012886536,0.6430612782891255,1.2240250682901004,-0.8843459226132909,0
0.8374477879062384,1.011704707221614,0.7844375963058844,1.302363074894752,0.2804736842452576,1.594746211291224,-0.8169767318548042,-0.5345345672158975,1
0.8374477879062384,-0.6842664540072241,-0.4961866970387785,-0.2282195106366148,-0.302787208521698,0.6430612782891255,-0.8169767318548042,0.8647108543736758,0
-1.24099127737659,1.42037245691531,1.6981803353409957,-0.0285783038281757,0.2804736842452576,0.0086046562877266,-0.8169767318548042,1.214522209771069,0
0.8374477879062384,-0.7864333914306483,-0.7246223817975563,-0.2947665795727612,-0.302787208521698,0.3258329672884261,-0.8169767318548042,0.8647108543736758,0
-0.2017717447351757,0.1398801745417296,0.1752757702824771,-1.8918962340402743,-1.4693089940556092,-0.943080276714372,-0.8169767318548042,0.1650881435788891,0
0.491041277025767,-0.4322546750294447,-0.7453892622301727,-0.1616724417004685,0.2804736842452576,-1.5775368987157707,1.2240250682901004,1.5643335651684624,0
-0.8945847664961184,0.2965361452576461,0.4106337485187941,-1.093331406806518,0.8637345770122132,1.2775179002905246,-0.8169767318548042,-1.2341572780106842,0
-0.8945847664961184,1.6996287525393357,1.4212885962394466,-0.2282195106366148,-0.8860481012886536,-1.5775368987157707,1.2240250682901004,0.8647108543736758,0
1.530260809667181,0.5417367950738641,0.5629242050246451,-0.6275019242534932,0.8637345770122132,0.6430612782891255,-0.8169767318548042,-0.5345345672158975,1
-0.8945847664961184,-0.6502108081994161,-0.9876695339440276,-0.0285783038281757,-0.8860481012886536,0.6430612782891255,-0.8169767318548042,1.214522209771069,0
0.1446347661452956,-0.6910775831687861,-0.4061968818307752,1.2358160059586054,-1.4693089940556092,-1.2603085877150713,-0.8169767318548042,-0.5345345672158975,0
-1.5873977882570611,1.0389492238678613,1.324376487553904,-0.0285783038281757,-0.302787208521698,-0.3086236547129729,-0.8169767318548042,-0.5345345672158975,0
0.1446347661452956,-0.9158448455003184,-1.2714835665231152,-0.5609548553173468,0.8637345770122132,-1.5775368987157707,-0.8169767318548042,-1.2341572780106842,0
-1.5873977882570611,0.4668143742966868,0.4452452159064869,-0.6940489931896395,-0.8860481012886536,1.594746211291224,1.2240250682901004,0.8647108543736758,0
-1.24099127737659,-0.5480438707759919,-0.5723319252917046,-0.4944077863812003,-1.4693089940556092,-1.5775368987157707,-0.8169767318548042,0.8647108543736758,0
-1.24099127737659,-0.0235869253357489,-0.2677510122800007,-0.0285783038281757,1.446995469779169,-1.2603085877150713,-0.8169767318548042,-0.8843459226132909,0
-1.5873977882570611,-0.0644537003051182,-0.2054503709821523,0.5703453165971416,0.8637345770122132,-1.2603085877150713,1.2240250682901004,0.1650881435788891,0
0.8374477879062384,-1.7876693781802035,-1.6868211751754387,0.5703453165971416,0.8637345770122132,-0.3086236547129729,-0.8169767318548042,-1.5839686334080776,0
0.491041277025767,1.3113943903303256,1.448977770149602,-1.492613820423396,0.8637345770122132,-0.6258519657136724,-0.8169767318548042,1.214522209771069,0
1.530260809667181,0.4055142118426325,0.6459917267551105,-0.0951253727643221,-0.8860481012886536,1.594746211291224,-0.8169767318548042,-1.2341572780106842,0
-0.2017717447351757,1.4748614902078028,1.324376487553904,0.0379687651079706,-0.8860481012886536,1.2775179002905246,1.2240250682901004,0.1650881435788891,0
1.1838542987867098,0.6779593783050956,0.6044579658898779,-0.2947665795727612,0.2804736842452576,0.0086046562877266,1.2240250682901004,-1.2341572780106842,1
1.1838542987867098,-0.6297774207147312,-0.8561459578707923,0.104515834044117,0.2804736842452576,0.0086046562877266,1.2240250682901004,-0.8843459226132909,0
1.530260809667181,-1.215534528609029,-1.0499701752418766,-0.427860717445054,0.2804736842452576,1.594746211291224,-0.8169767318548042,-1.5839686334080776,0
0.1446347661452956,-0.3777656417369519,-0.6277102731120144,1.2358160059586054,-0.8860481012886536,0.0086046562877266,-0.8169767318548042,0.5148994989762825,0
1.1838542987867098,0.5689813117201099,0.6944477810978805,0.5703453165971416,-1.4693089940556092,-0.3086236547129729,-0.8169767318548042,-0.5345345672158975,0
1.1838542987867098,-0.6433996790378547,-0.4892644035612399,-0.0285783038281757,0.8637345770122132,0.3258329672884261,1.2240250682901004,-1.2341572780106842,0
-0.2017717447351757,0.0036575913104975,0.2098872376701706,2.1009279021285083,0.2804736842452576,-1.5775368987157707,1.2240250682901004,-0.8843459226132909,0
0.8374477879062384,0.5621701825585484,0.3552554006984843,-0.8936901999980786,1.446995469779169,0.960289589289825,-0.8169767318548042,-0.8843459226132909,1
-0.2017717447351757,-1.5356575992024242,-1.5206861317145093,0.96962773021402,-1.4693089940556092,0.960289589289825,1.2240250682901004,-0.5345345672158975,0
0.491041277025767,1.4952948776924884,1.5320452918800662,0.0379687651079706,0.8637345770122132,0.960289589289825,1.2240250682901004,0.8647108543736758,0
-1.24099127737659,0.5417367950738641,0.5352350311144909,0.7034394544694345,-1.4693089940556092,-0.6258519657136724,1.2240250682901004,-0.5345345672158975,0
-1.5873977882570611,0.0990133995723597,-0.0254707405661457,-1.7588020961679816,-1.4693089940556092,0.6430612782891255,-0.8169767318548042,0.8647108543736758,0
-0.2017717447351757,0.9912713197369298,1.0751739223625103,-0.2947665795727612,-0.302787208521698,-0.3086236547129729,1.2240250682901004,-1.5839686334080776,0
0.1446347661452956,0.1875580786726604,-0.1085382622966104,-0.1616724417004685,0.2804736842452576,-1.2603085877150713,1.2240250682901004,0.1650881435788891,0
1.530260809667181,-1.0725008162162355,-0.7869230230954047,0.5037982476609952,-0.302787208521698,-1.2603085877150713,1.2240250682901004,0.1650881435788891,0
0.491041277025767,1.2024163237453398,0.929805759334198,1.5685513506393374,-0.302787208521698,0.960289589289825,-0.8169767318548042,-0.8843459226132909,1
-0.548178255615647,-0.6774553248456626,-0.5100312839938563,0.1710629029802634,0.2804736842452576,0.960289589289825,-0.8169767318548042,0.5148994989762825,0
-0.548178255615647,1.0457603530294226,1.1859306180031302,-0.7605960621257859,1.446995469779169,0.0086046562877266,-0.8169767318548042,0.1650881435788891,0
0.1446347661452956,0.1535024328648525,0.3414108137434059,-0.0285783038281757,0.8637345770122132,-0.943080276714372,1.2240250682901004,1.214522209771069,0
0.1446347661452956,-1.024822912085304,-1.112270816539725,0.2376099719164097,-0.8860481012886536,-1.2603085877150713,1.2240250682901004,0.8647108543736758,0
0.8374477879062384,0.9435934156059984,1.0405624549748165,0.3041570408525561,1.446995469779169,-1.2603085877150713,-0.8169767318548042,0.5148994989762825,1
-1.24099127737659,-1.1338009786702898,-1.1884160447926506,-0.0951253727643221,-1.4693089940556092,-0.943080276714372,1.2240250682901004,-1.5839686334080776,0
-1.24099127737659,1.5429727818234198,1.2828427266886726,-0.0285783038281757,-1.4693089940556092,0.6430612782891255,-0.8169767318548042,-0.5345345672158975,0
-0.8945847664961184,0.1535024328648525,0.0368299007317026,1.502004281703191,-1.4693089940556092,1.594746211291224,-0.8169767318548042,1.5643335651684624,0
0.8374477879062384,-0.2415430585057203,-0.0323930340436843,-0.4944077863812003,-1.4693089940556092,0.960289589289825,-0.8169767318548042,1.214522209771069,0
1.1838542987867098,0.3850808243579469,0.4660120963391039,0.7034394544694345,-0.8860481012886536,-1.5775368987157707,1.2240250682901004,0.1650881435788891,0
-0.2017717447351757,-0.4663103208372532,-0.8146121970055596,0.5703453165971416,-0.8860481012886536,-0.3086236547129729,-0.8169767318548042,-0.5345345672158975,0
0.491041277025767,-0.6842664540072241,-0.8561459578707923,1.169268937022459,-1.4693089940556092,-0.6258519657136724,-0.8169767318548042,0.1650881435788891,0
-0.2017717447351757,-0.1053204752744881,0.0022184333440091,-0.8271431310619323,0.8637345770122132,1.594746211291224,-0.8169767318548042,-0.5345345672158975,0
-1.24099127737659,0.7460706699207126,0.4729343898166425,0.104515834044117,0.2804736842452576,0.960289589289825,1.2240250682901004,1.214522209771069,0
-0.2017717447351757,-0.8273001664000177,-0.6484771535446308,-0.2282195106366148,-0.8860481012886536,1.594746211291224,-0.8169767318548042,0.5148994989762825,0
0.8374477879062384,-1.780858249018642,-1.631442827355129,-1.3595196825511031,0.8637345770122132,1.594746211291224,1.2240250682901004,0.1650881435788891,0
1.1838542987867098,0.7801263157285199,0.8328936506486556,0.104515834044117,1.446995469779169,0.3258329672884261,1.2240250682901004,-1.5839686334080776,1
0.491041277025767,-1.1882900119627826,-1.4099294360738897,1.3689101438308982,-0.302787208521698,-0.943080276714372,-0.8169767318548042,-1.5839686334080776,0
-1.24099127737659,-0.6706441956841012,-0.4131191753083138,-0.5609548553173468,-0.8860481012886536,1.2775179002905246,-0.8169767318548042,-0.1847232118185042,0
0.1446347661452956,-1.0929342037009204,-1.1399599904498798,-0.427860717445054,0.8637345770122132,-0.3086236547129729,-0.8169767318548042,1.5643335651684624,0
1.530260809667181,1.0457603530294226,0.985184107154508,0.2376099719164097,0.2804736842452576,-1.2603085877150713,-0.8169767318548042,1.214522209771069,1
0.491041277025767,0.4668143742966868,0.306799346355713,-0.427860717445054,0.8637345770122132,0.3258329672884261,-0.8169767318548042,-0.8843459226132909,0
0.1446347661452956,-1.3585682410018227,-1.6798988816978997,0.4372511787248489,-0.8860481012886536,-0.6258519657136724,-0.8169767318548042,0.8647108543736758,0
-1.24099127737659,-0.0099646670126259,-0.1639166101169203,-1.492613820423396,1.446995469779169,-1.2603085877150713,-0.8169767318548042,1.5643335651684624,0
-1.5873977882570611,1.318205519491887,1.2482312593009786,-0.8271431310619323,1.446995469779169,-1.5775368987157707,1.2240250682901004,-0.5345345672158975,0
0.1446347661452956,-1.5356575992024242,-1.5137638382369707,1.5685513506393374,-1.4693089940556092,-0.3086236547129729,1.2240250682901004,-0.5345345672158975,0
-0.548178255615647,-0.7387554872997169,-0.9599803600338728,1.6350984195754836,-1.4693089940556092,0.6430612782891255,-0.8169767318548042,0.1650881435788891,0
-1.24099127737659,-0.2960320917982132,-0.0600822079538392,1.70164548851163,-0.8860481012886536,-1.2603085877150713,1.2240250682901004,-0.8843459226132909,0
-0.8945847664961184,-1.0520674287315506,-0.7730784361403276,-0.960237268934225,0.8637345770122132,-1.5775368987157707,1.2240250682901004,-1.5839686334080776,0
0.1446347661452956,-0.5957217749069234,-0.8146121970055596,-1.159878475742664,-0.8860481012886536,-0.3086236547129729,-0.8169767318548042,-0.5345345672158975,0
-1.24099127737659,-1.64463566578741,-1.3683956752086577,1.5685513506393374,-0.302787208521698,0.0086046562877266,-0.8169767318548042,-1.5839686334080776,0
0.491041277025767,0.6779593783050956,0.4244783354738712,-0.8936901999980786,1.446995469779169,-0.943080276714372,-0.8169767318548042,0.1650881435788891,0
-0.548178255615647,-0.500365966645061,-0.5584873383366269,0.5037982476609952,-0.302787208521698,0.960289589289825,-0.8169767318548042,-0.1847232118185042,0
1.1838542987867098,-0.2755987043135282,-0.5238758709489334,1.169268937022459,1.446995469779169,0.0086046562877266,-0.8169767318548042,-0.8843459226132909,1
-0.8945847664961184,1.4544281027231185,1.5597344657902206,0.3707041097887025,-0.302787208521698,-1.5775368987157707,-0.8169767318548042,0.8647108543736758,0
0.491041277025767,1.0389492238678613,1.1928529114806687,0.8365335923417272,0.2804736842452576,0.3258329672884261,-0.8169767318548042,1.214522209771069,1
1.1838542987867098,1.2296608403915856,1.4559000636271406,-1.2929726136149569,0.8637345770122132,-0.3086236547129729,1.2240250682901004,-0.8843459226132909,1
-0.548178255615647,-0.3573322542522675,-0.1846834905495366,-1.825349165104128,0.2804736842452576,0.3258329672884261,1.2240250682901004,-1.5839686334080776,0
1.530260809667181,-0.8817891996925105,-0.9945918274215668,0.5703453165971416,-0.302787208521698,0.6430612782891255,1.2240250682901004,-1.2341572780106842,0
-0.2017717447351757,1.76092891499339,1.6981803353409957,1.302363074894752,-0.302787208521698,0.6430612782891255,1.2240250682901004,-1.5839686334080776,1
0.491041277025767,-1.2972680785477684,-1.5691421860572805,0.5037982476609952,-1.4693089940556092,0.960289589289825,-0.8169767318548042,0.1650881435788891,0
-1.5873977882570611,1.3113943903303256,1.6081905201329918,1.4354572127670446,0.8637345770122132,1.594746211291224,1.2240250682901004,-1.2341572780106842,1
0.491041277025767,1.0730048696756684,0.7429038354406517,-1.2264255446788106,0.8637345770122132,0.960289589289825,-0.8169767318548042,1.214522209771069,0
-1.5873977882570611,-1.6514467949489713,-1.4445409034615833,0.6368923855332881,0.2804736842452576,0.6430612782891255,-0.8169767318548042,0.1650881435788891,0
1.1838542987867098,-0.0372091836588718,0.1891203572375542,0.9030806612778736,-0.302787208521698,-1.5775368987157707,-0.8169767318548042,-1.2341572780106842,1
-0.8945847664961184,-1.0929342037009204,-0.8215344904830988,2.1009279021285083,1.446995469779169,0.960289589289825,-0.8169767318548042,-0.5345345672158975,0
-1.5873977882570611,-0.704699841491909,-0.461575229651085,-0.0285783038281757,-0.8860481012886536,-1.2603085877150713,1.2240250682901004,-1.2341572780106842,0
-1.24099127737659,1.37269455278438,1.4974338244923722,1.901286695320069,1.446995469779169,0.3258329672884261,-0.8169767318548042,-0.5345345672158975,1
0.8374477879062384,1.2160385820684627,1.1651637375705144,1.7681925574477764,-0.8860481012886536,0.6430612782891255,1.2240250682901004,0.5148994989762825,1
0.8374477879062384,-1.9034585739267509,-1.6798988816978997,0.0379687651079706,-0.302787208521698,0.6430612782891255,-0.8169767318548042,0.8647108543736758,0
-1.5873977882570611,-0.7319443581381554,-0.7246223817975563,-0.5609548553173468,-0.302787208521698,0.6430612782891255,-0.8169767318548042,-0.1847232118185042,0
0.8374477879062384,1.0730048696756684,0.791359889783423,-0.427860717445054,0.2804736842452576,0.960289589289825,1.2240250682901004,0.8647108543736758,1
0.8374477879062384,0.3237806619038926,0.1545088898498608,-0.427860717445054,-0.302787208521698,0.960289589289825,-0.8169767318548042,-1.2341572780106842,1
-0.2017717447351757,-0.6910775831687861,-0.3992745883532366,-2.2246315787210063,-0.8860481012886536,0.3258329672884261,1.2240250682901004,1.214522209771069,0
-0.8945847664961184,1.025326965544737,0.7082923680529589,1.5685513506393374,-0.302787208521698,0.960289589289825,-0.8169767318548042,-0.5345345672158975,1
1.1838542987867098,-0.7523777456228404,-0.4338860557409301,0.6368923855332881,0.8637345770122132,-0.943080276714372,1.2240250682901004,-0.8843459226132909,0
0.1446347661452956,1.1138716446450383,1.4212885962394466,-0.6940489931896395,1.446995469779169,-0.6258519657136724,-0.8169767318548042,0.8647108543736758,0
-1.24099127737659,-0.3709545125753904,-0.5930988057243209,0.3707041097887025,0.8637345770122132,0.3258329672884261,-0.8169767318548042,1.214522209771069,0
-1.24099127737659,-1.249590174416837,-1.5414530121471255,-0.4944077863812003,1.446995469779169,-0.943080276714372,1.2240250682901004,1.214522209771069,0
-1.24099127737659,-0.0644537003051182,-0.1569943166393817,-0.8271431310619323,1.446995469779169,0.0086046562877266,1.2240250682901004,-0.5345345672158975,0
-1.24099127737659,0.1466913037032911,0.2652655854904804,-0.0951253727643221,-0.302787208521698,1.2775179002905246,-0.8169767318548042,-0.1847232118185042,0
-0.2017717447351757,-0.5412327416144305,-0.7315446752750949,-0.4944077863812003,0.2804736842452576,-0.3086236547129729,1.2240250682901004,-0.8843459226132909,0
-1.5873977882570611,1.0389492238678613,1.172086031048053,0.3707041097887025,0.2804736842452576,-0.943080276714372,-0.8169767318548042,0.1650881435788891,0
-0.8945847664961184,-1.7740471198570806,-1.4583854904166609,-0.4944077863812003,0.2804736842452576,-1.2603085877150713,-0.8169767318548042,1.5643335651684624,0
-1.5873977882570611,1.2092274529069011,1.5112784114474505,0.2376099719164097,0.8637345770122132,1.594746211291224,-0.8169767318548042,-0.8843459226132909,0
-0.548178255615647,0.2624804994498383,0.2237318246252483,-0.1616724417004685,-0.8860481012886536,-0.6258519657136724,1.2240250682901004,0.1650881435788891,0
1.530260809667181,-0.8273001664000177,-1.08458164262957,0.2376099719164097,1.446995469779169,-0.943080276714372,1.2240250682901004,-0.1847232118185042,0
1.1838542987867098,1.297772132007201,1.012873281064662,0.0379687651079706,0.8637345770122132,0.6430612782891255,1.2240250682901004,-0.8843459226132909,1
-0.8945847664961184,1.1887940654222156,1.3382210745089824,-0.6940489931896395,0.2804736842452576,0.6430612782891255,-0.8169767318548042,-0.8843459226132909,0
-0.548178255615647,-0.343709995929144,-0.3369739470553883,-1.9584433029764208,0.8637345770122132,0.0086046562877266,-0.8169767318548042,1.214522209771069,0
0.8374477879062384,-0.9771450079543732,-0.9599803600338728,-0.8936901999980786,0.8637345770122132,-1.5775368987157707,-0.8169767318548042,0.5148994989762825,0
-1.5873977882570611,-1.746802603210834,-1.472230077371738,0.104515834044117,0.8637345770122132,0.960289589289825,1.2240250682901004,-0.5345345672158975,0
0.1446347661452956,1.6655731067315285,1.3728325418966754,-0.427860717445054,-0.8860481012886536,0.0086046562877266,1.2240250682901004,1.5643335651684624,0
-0.2017717447351757,-1.2087233994474675,-1.3476287947760413,1.169268937022459,-1.4693089940556092,0.6430612782891255,1.2240250682901004,-1.5839686334080776,0
0.8374477879062384,0.4463809868120012,0.7844375963058844,-0.4944077863812003,-1.4693089940556092,-0.943080276714372,-0.8169767318548042,-0.8843459226132909,0
1.1838542987867098,-0.8136779080768948,-0.8561459578707923,1.7681925574477764,0.2804736842452576,0.0086046562877266,1.2240250682901004,1.214522209771069,1
1.530260809667181,-1.5016019533946163,-1.6660542947428223,-0.2282195106366148,0.2804736842452576,1.2775179002905246,-0.8169767318548042,1.214522209771069,0
-0.548178255615647,-0.6706441956841012,-0.3992745883532366,1.2358160059586054,-1.4693089940556092,-0.6258519657136724,1.2240250682901004,0.1650881435788891,0
-0.2017717447351757,0.0172798496336204,0.2375764115803255,-0.3613136485089076,-0.302787208521698,-1.5775368987157707,-0.8169767318548042,-0.1847232118185042,0
-1.5873977882570611,0.1262579162186061,0.4037114550412543,-0.6275019242534932,-0.302787208521698,-1.2603085877150713,-0.8169767318548042,0.1650881435788891,0
0.8374477879062384,1.0593826113525455,0.8398159441261942,0.0379687651079706,0.8637345770122132,-0.943080276714372,-0.8169767318548042,-0.5345345672158975,1
1.530260809667181,1.6247063317621586,1.4282108897169852,1.3689101438308982,1.446995469779169,-0.943080276714372,-0.8169767318548042,-1.2341572780106842,1
-1.5873977882570611,0.7596929282438355,0.8882719984689654,-1.3595196825511031,-0.302787208521698,-1.5775368987157707,1.2240250682901004,0.5148994989762825,0
0.1446347661452956,1.2024163237453398,1.0544070419298948,-1.5591608893595423,-1.4693089940556092,-0.943080276714372,1.2240250682901004,1.214522209771069,0
-0.548178255615647,-1.4675463075868085,-1.5414530121471255,-0.0951253727643221,-0.302787208521698,-1.2603085877150713,1.2240250682901004,0.1650881435788891,0
0.1446347661452956,0.2897250160960847,0.3621776941760228,-0.8271431310619323,1.446995469779169,-0.6258519657136724,-0.8169767318548042,-0.1847232118185042,0
-1.24099127737659,1.7745511733165142,1.691258041863457,0.0379687651079706,1.446995469779169,1.2775179002905246,-0.8169767318548042,-1.5839686334080776,0
-0.8945847664961184,1.1206827738066,1.1167076832277432,-0.2947665795727612,0.8637345770122132,-1.5775368987157707,1.2240250682901004,-1.5839686334080776,0
-1.24099127737659,-1.3926238868096306,-1.6868211751754387,2.1009279021285083,-1.4693089940556092,-1.2603085877150713,1.2240250682901004,-0.5345345672158975,0
1.1838542987867098,0.6643371199819726,0.4729343898166425,0.0379687651079706,0.2804736842452576,-0.6258519657136724,-0.8169767318548042,-0.8843459226132909,1
0.1446347661452956,-0.3232766084444596,-0.2677510122800007,-0.2282195106366148,-0.8860481012886536,0.0086046562877266,-0.8169767318548042,-0.5345345672158975,0
-1.5873977882570611,-0.1461872502438575,-0.0808490883864555,-0.0951253727643221,0.8637345770122132,0.0086046562877266,-0.8169767318548042,0.1650881435788891,0
-1.24099127737659,-1.0384451704084277,-1.0292032948092602,2.034380833192362,0.2804736842452576,0.0086046562877266,-0.8169767318548042,0.1650881435788891,0
-0.548178255615647,-0.0167757961741874,-0.1985280775046137,0.1710629029802634,1.446995469779169,-0.943080276714372,1.2240250682901004,-0.8843459226132909,0
1.530260809667181,0.6098480866894798,0.3690999876535614,-0.0951253727643221,-1.4693089940556092,0.6430612782891255,-0.8169767318548042,-1.2341572780106842,0
-0.2017717447351757,0.6030369575279183,0.9367280528117368,-0.1616724417004685,0.2804736842452576,-1.2603085877150713,1.2240250682901004,-0.5345345672158975,0
0.1446347661452956,0.9708379322522456,1.2343866723459014,0.8365335923417272,1.446995469779169,1.2775179002905246,-0.8169767318548042,0.8647108543736758,1
1.1838542987867098,-0.6433996790378547,-0.3923522948756981,0.3041570408525561,-0.8860481012886536,-1.2603085877150713,-0.8169767318548042,-1.5839686334080776,0
1.530260809667181,-0.5071770958066225,-0.4546529361735464,2.034380833192362,-0.8860481012886536,-1.5775368987157707,-0.8169767318548042,-0.8843459226132909,0
-0.548178255615647,0.2624804994498383,0.5421573245920295,-0.2282195106366148,-0.8860481012886536,1.2775179002905246,1.2240250682901004,-1.2341572780106842,0
-1.24099127737659,1.1615495487759695,1.1928529114806687,-0.1616724417004685,0.8637345770122132,1.594746211291224,1.2240250682901004,-1.2341572780106842,0
-1.24099127737659,-1.848969540634258,-1.6660542947428223,-1.2929726136149569,-0.302787208521698,1.2775179002905246,1.2240250682901004,1.5643335651684624,0
-1.5873977882570611,-1.64463566578741,-1.4583854904166609,-0.8271431310619323,-1.4693089940556092,0.960289589289825,1.2240250682901004,1.5643335651684624,0
-0.2017717447351757,-0.2960320917982132,-0.3854300013981589,-0.8936901999980786,-0.8860481012886536,-1.2603085877150713,1.2240250682901004,-0.5345345672158975,0
-1.24099127737659,0.8278042198594512,1.1582414440929758,0.104515834044117,1.446995469779169,1.2775179002905246,-0.8169767318548042,-1.5839686334080776,0
0.1446347661452956,1.2705276153609557,1.1167076832277432,0.0379687651079706,-1.4693089940556092,-1.2603085877150713,-0.8169767318548042,-1.2341572780106842,0
1.530260809667181,0.9708379322522456,1.24130896582344,0.5037982476609952,0.8637345770122132,-0.943080276714372,-0.8169767318548042,0.5148994989762825,1
0.8374477879062384,0.6575259908204112,0.9021165854240426,0.1710629029802634,1.446995469779169,1.594746211291224,-0.8169767318548042,-1.5839686334080776,1
0.491041277025767,-0.7864333914306483,-0.461575229651085,0.7034394544694345,-0.302787208521698,0.3258329672884261,-0.8169767318548042,-0.5345345672158975,0
-0.2017717447351757,-1.2019122702859062,-1.3199396208658865,0.2376099719164097,-1.4693089940556092,-1.5775368987157707,1.2240250682901004,-1.5839686334080776,0
0.491041277025767,-1.624202278302725,-1.5968313599674349,-0.8936901999980786,-0.8860481012886536,0.960289589289825,-0.8169767318548042,1.214522209771069,0
-1.24099127737659,-1.64463566578741,-1.576064479534819,0.1710629029802634,1.446995469779169,1.594746211291224,-0.8169767318548042,-0.8843459226132909,0
0.8374477879062384,-1.3177014660324533,-1.62452053387759,0.5037982476609952,-0.8860481012886536,0.960289589289825,1.2240250682901004,-0.8843459226132909,0
1.530260809667181,1.447616973561557,1.5251229984025276,0.4372511787248489,0.2804736842452576,-1.5775368987157707,-0.8169767318548042,1.5643335651684624,1
-1.24099127737659,-1.1882900119627826,-1.0707370556744924,-2.2911786476571527,-0.302787208521698,1.594746211291224,-0.8169767318548042,-0.5345345672158975,0
-1.24099127737659,-1.5424687283639862,-1.5483753056246643,1.302363074894752,-0.8860481012886536,-0.943080276714372,-0.8169767318548042,0.8647108543736758,0
1.530260809667181,-1.3517571118402611,-1.5137638382369707,1.302363074894752,-1.4693089940556092,1.2775179002905246,-0.8169767318548042,-1.5839686334080776,0
0.491041277025767,0.2148025953189068,0.2929547594006353,-0.6940489931896395,-0.8860481012886536,1.2775179002905246,1.2240250682901004,-1.2341572780106842,0
-0.8945847664961184,1.3113943903303256,1.3312987810314438,0.104515834044117,0.8637345770122132,0.6430612782891255,-0.8169767318548042,0.1650881435788891,0
-0.548178255615647,-0.5276104832913076,-0.6277102731120144,1.8347396263839229,0.8637345770122132,0.0086046562877266,-0.8169767318548042,0.1650881435788891,0
-0.8945847664961184,0.5349256659123026,0.7013700745754203,-0.6275019242534932,1.446995469779169,0.3258329672884261,-0.8169767318548042,0.5148994989762825,0
-1.24099127737659,-0.4663103208372532,-0.3438962405329269,0.2376099719164097,0.8637345770122132,-0.6258519657136724,1.2240250682901004,-0.5345345672158975,0
-0.2017717447351757,1.297772132007201,1.656646574475763,0.5037982476609952,0.2804736842452576,-0.6258519657136724,-0.8169767318548042,-0.1847232118185042,0
-1.24099127737659,-1.0520674287315506,-1.3545510882535798,-0.4944077863812003,0.2804736842452576,-1.2603085877150713,-0.8169767318548042,1.5643335651684624,0
1.530260809667181,1.0525714821909842,1.2551535527785171,0.7034394544694345,-1.4693089940556092,0.960289589289825,-0.8169767318548042,0.8647108543736758,0
-0.548178255615647,0.95040454476756,0.7429038354406517,-0.1616724417004685,-0.8860481012886536,0.0086046562877266,1.2240250682901004,0.1650881435788891,0
-1.5873977882570611,0.8209930906978897,0.9159611723791196,0.1710629029802634,-0.8860481012886536,1.594746211291224,-0.8169767318548042,1.214522209771069,0
1.530260809667181,-1.120178720347167,-0.8007676100504825,-0.8271431310619323,0.8637345770122132,-0.6258519657136724,-0.8169767318548042,0.1650881435788891,0
0.1446347661452956,-1.2972680785477684,-1.1676491643600349,0.0379687651079706,0.8637345770122132,0.6430612782891255,-0.8169767318548042,-0.1847232118185042,0
0.1446347661452956,1.0185158363831757,1.0959408027951263,-0.2282195106366148,0.8637345770122132,-1.5775368987157707,-0.8169767318548042,-1.2341572780106842,0
1.1838542987867098,0.9776490614138068,1.0613293354074331,-0.6940489931896395,-0.302787208521698,-1.5775368987157707,1.2240250682901004,-1.2341572780106842,1
-1.24099127737659,0.371458566034824,0.0991305420295509,-0.5609548553173468,-0.8860481012886536,-0.3086236547129729,-0.8169767318548042,-1.5839686334080776,0
-0.548178255615647,0.1739358203495375,0.2375764115803255,0.6368923855332881,-0.8860481012886536,0.3258329672884261,-0.8169767318548042,0.5148994989762825,0
-0.548178255615647,0.4872477617813712,0.5698464985021837,-0.1616724417004685,0.2804736842452576,0.6430612782891255,1.2240250682901004,0.1650881435788891,0
-0.548178255615647,-0.0303980544973103,0.1060528355070901,1.0361747991501662,1.446995469779169,0.960289589289825,-0.8169767318548042,0.8647108543736758,0
-0.2017717447351757,-1.099745332862482,-0.939213479601257,0.104515834044117,-0.8860481012886536,-0.6258519657136724,-0.8169767318548042,0.1650881435788891,0
0.8374477879062384,-1.079311945377797,-1.3683956752086577,-0.0285783038281757,-0.302787208521698,-1.5775368987157707,-0.8169767318548042,-0.5345345672158975,0
1.1838542987867098,0.4804366326198097,0.5629242050246451,-0.960237268934225,-1.4693089940556092,0.960289589289825,1.2240250682901004,-1.5839686334080776,0
-0.2017717447351757,-0.2755987043135282,-0.6069433926793981,1.502004281703191,1.446995469779169,1.2775179002905246,1.2240250682901004,0.1650881435788891,0
-0.8945847664961184,-1.1474232369934134,-0.8423013709157146,0.6368923855332881,0.2804736842452576,0.960289589289825,-0.8169767318548042,-0.5345345672158975,0
0.8374477879062384,-0.9771450079543732,-0.7523115557077112,-0.2282195106366148,-1.4693089940556092,-0.6258519657136724,-0.8169767318548042,-0.5345345672158975,0
-0.8945847664961184,0.2148025953189068,-0.1016159688190719,-0.3613136485089076,0.8637345770122132,1.594746211291224,-0.8169767318548042,-0.5345345672158975,0
-0.548178255615647,0.6166592158510412,0.9090388789015812,0.7699865234055808,1.446995469779169,0.6430612782891255,1.2240250682901004,1.5643335651684624,1
0.1446347661452956,-0.139376121082296,-0.4823421100837013,-0.2947665795727612,1.446995469779169,0.0086046562877266,-0.8169767318548042,0.1650881435788891,0
0.1446347661452956,0.8209930906978897,0.722136955008036,-2.3577257165932988,1.446995469779169,0.3258329672884261,-0.8169767318548042,0.8647108543736758,0
-1.5873977882570611,-1.2632124327399603,-1.576064479534819,0.8365335923417272,-0.8860481012886536,0.0086046562877266,1.2240250682901004,1.214522209771069,0
-0.548178255615647,-1.399435015971192,-1.153804577404957,-0.2947665795727612,-0.8860481012886536,-0.6258519657136724,-0.8169767318548042,-1.5839686334080776,0
-0.8945847664961184,-0.5548549999375539,-0.5861765122467818,1.0361747991501662,-1.4693089940556092,-1.5775368987157707,-0.8169767318548042,-0.5345345672158975,0
-0.2017717447351757,0.4395698576504397,0.7498261289181903,0.6368923855332881,0.2804736842452576,0.6430612782891255,-0.8169767318548042,1.214522209771069,0
1.1838542987867098,-0.6910775831687861,-0.9738249469889504,-0.2282195106366148,0.8637345770122132,0.6430612782891255,-0.8169767318548042,1.214522209771069,0
-0.8945847664961184,-0.1189427335976111,0.0160630202990862,-3.156290543827055,0.2804736842452576,-0.3086236547129729,1.2240250682901004,1.214522209771069,0
1.1838542987867098,0.3101584035807697,0.6113802593674164,2.1009279021285083,0.2804736842452576,-1.5775368987157707,1.2240250682901004,-0.5345345672158975,1
0.491041277025767,-1.3381348535171378,-1.4653077838941997,0.2376099719164097,-1.4693089940556092,-1.5775368987157707,-0.8169767318548042,0.5148994989762825,0
-1.5873977882570611,0.5621701825585484,0.6321471398000321,-0.7605960621257859,-1.4693089940556092,-0.3086236547129729,-0.8169767318548042,0.8647108543736758,0
0.491041277025767,-0.5207993541297461,-0.5031089905163177,-0.0951253727643221,0.2804736842452576,1.594746211291224,-0.8169767318548042,-1.2341572780106842,0
1.530260809667181,0.4531921159735627,0.6252248463224935,0.3041570408525561,1.446995469779169,-0.6258519657136724,-0.8169767318548042,-0.5345345672158975,1
0.8374477879062384,0.9640268030906828,1.3174541940763655,-0.6940489931896395,-0.8860481012886536,1.2775179002905246,1.2240250682901004,0.5148994989762825,0
0.8374477879062384,0.8754821239903826,0.7705930093508072,-0.0951253727643221,-0.302787208521698,0.960289589289825,-0.8169767318548042,1.5643335651684624,1
0.1446347661452956,-0.7319443581381554,-0.8007676100504825,-0.6940489931896395,-0.8860481012886536,0.3258329672884261,1.2240250682901004,-1.5839686334080776,0
0.1446347661452956,-0.3368988667675825,-0.5031089905163177,1.70164548851163,-0.8860481012886536,0.960289589289825,1.2240250682901004,-1.5839686334080776,0
0.491041277025767,1.2841498736840784,1.6012682266554532,0.3707041097887025,-0.302787208521698,1.2775179002905246,-0.8169767318548042,0.5148994989762825,0
-0.548178255615647,1.222849711230024,1.5735790527452989,0.3707041097887025,1.446995469779169,0.0086046562877266,1.2240250682901004,-0.8843459226132909,0
-0.548178255615647,-0.2006762835363504,-0.1708389035944588,2.6333044536176793,0.8637345770122132,0.960289589289825,1.2240250682901004,0.8647108543736758,0
0.491041277025767,0.0309021079567439,0.1891203572375542,0.7034394544694345,0.2804736842452576,-0.943080276714372,-0.8169767318548042,-0.1847232118185042,0
0.1446347661452956,-1.0112006537621812,-1.2368720991354218,-1.093331406806518,-0.8860481012886536,1.2775179002905246,-0.8169767318548042,-0.5345345672158975,0
0.8374477879062384,-1.5833355033333556,-1.5622198925797417,-1.2264255446788106,1.446995469779169,-1.5775368987157707,-0.8169767318548042,-0.8843459226132909,0
1.530260809667181,-0.5957217749069234,-0.6900109144098628,-0.0285783038281757,-0.8860481012886536,-1.2603085877150713,-0.8169767318548042,-0.1847232118185042,0
-0.548178255615647,-1.1814788828012213,-1.437618609984045,0.9030806612778736,-1.4693089940556092,-1.5775368987157707,-0.8169767318548042,1.214522209771069,0
1.530260809667181,1.944829402355554,1.6981803353409957,-0.6940489931896395,1.446995469779169,-0.3086236547129729,1.2240250682901004,1.5643335651684624,1
-1.5873977882570611,1.1956051945837771,0.9228834658566584,0.96962773021402,-1.4693089940556092,1.594746211291224,1.2240250682901004,0.8647108543736758,0
1.1838542987867098,-0.3641433834138289,-0.3854300013981589,0.104515834044117,-0.302787208521698,0.0086046562877266,-0.8169767318548042,-0.8843459226132909,0
1.530260809667181,0.1535024328648525,0.3275662267883288,-1.2929726136149569,-0.302787208521698,-0.6258519657136724,-0.8169767318548042,-1.2341572780106842,0
1.530260809667181,-0.9771450079543732,-1.2299498056578833,-0.3613136485089076,1.446995469779169,0.3258329672884261,-0.8169767318548042,0.8647108543736758,0
-1.24099127737659,-0.3232766084444596,-0.0946936753415327,-0.2282195106366148,-0.8860481012886536,-0.3086236547129729,-0.8169767318548042,-1.5839686334080776,0
-1.24099127737659,-0.7796222622690868,-0.9876695339440276,-0.1616724417004685,0.8637345770122132,-0.6258519657136724,-0.8169767318548042,0.8647108543736758,0
-0.548178255615647,0.1262579162186061,0.3552554006984843,1.3689101438308982,0.8637345770122132,-0.3086236547129729,-0.8169767318548042,0.8647108543736758,0
0.491041277025767,0.8073708323747668,0.7013700745754203,0.7034394544694345,1.446995469779169,-0.943080276714372,-0.8169767318548042,1.214522209771069,0
0.491041277025767,-0.2142985418594739,0.0160630202990862,-0.0951253727643221,1.446995469779169,-0.943080276714372,-0.8169767318548042,1.214522209771069,0
-0.8945847664961184,0.6098480866894798,0.5352350311144909,1.70164548851163,0.2804736842452576,0.6430612782891255,1.2240250682901004,-1.5839686334080776,1
1.530260809667181,-0.5957217749069234,-0.2954401861901556,-0.7605960621257859,0.8637345770122132,-1.2603085877150713,-0.8169767318548042,-1.5839686334080776,0
-0.548178255615647,-0.5548549999375539,-0.6277102731120144,1.102721868086313,1.446995469779169,0.0086046562877266,-0.8169767318548042,-1.2341572780106842,0
-0.548178255615647,1.2160385820684627,1.5458898788351434,-0.2947665795727612,0.8637345770122132,1.2775179002905246,1.2240250682901004,-1.2341572780106842,0
-1.5873977882570611,0.0377132371183054,0.0575967811643189,0.5037982476609952,0.2804736842452576,-1.2603085877150713,-0.8169767318548042,0.1650881435788891,0
1.530260809667181,-0.1529983794054196,0.0575967811643189,0.4372511787248489,-0.302787208521698,-1.5775368987157707,1.2240250682901004,-1.5839686334080776,0
0.8374477879062384,-1.1065564620240431,-1.0430478817643374,-0.0285783038281757,1.446995469779169,1.594746211291224,-0.8169767318548042,0.5148994989762825,0
-0.8945847664961184,0.0240909787951824,0.202964944192632,-0.6275019242534932,1.446995469779169,-0.943080276714372,-0.8169767318548042,-0.5345345672158975,0
1.530260809667181,1.488483748530927,1.324376487553904,-1.2264255446788106,-0.8860481012886536,0.960289589289825,1.2240250682901004,-0.1847232118185042,0
1.1838542987867098,1.147927290452847,1.4628223571046792,0.0379687651079706,1.446995469779169,-0.3086236547129729,1.2240250682901004,1.5643335651684624,1
-1.24099127737659,0.5213034075891797,0.3967891615637157,0.7034394544694345,0.8637345770122132,1.594746211291224,1.2240250682901004,-0.1847232118185042,0
-1.24099127737659,-1.0929342037009204,-1.3891625556412734,0.5037982476609952,1.446995469779169,-0.943080276714372,-0.8169767318548042,-0.1847232118185042,0
-0.8945847664961184,-0.895411458015634,-1.0015141208991054,0.8365335923417272,0.2804736842452576,-0.6258519657136724,-0.8169767318548042,1.214522209771069,0
0.8374477879062384,0.6915816366282197,0.6113802593674164,-0.5609548553173468,1.446995469779169,0.0086046562877266,-0.8169767318548042,-0.8843459226132909,1
1.1838542987867098,0.2488582411267153,0.0575967811643189,0.4372511787248489,1.446995469779169,-0.3086236547129729,1.2240250682901004,0.5148994989762825,0
0.1446347661452956,-1.3108903368708913,-1.181493751315112,-0.1616724417004685,0.2804736842452576,0.0086046562877266,-0.8169767318548042,0.8647108543736758,0
-0.2017717447351757,1.1751718070990926,1.3036096071212884,-1.159878475742664,1.446995469779169,-0.6258519657136724,-0.8169767318548042,-1.2341572780106842,0
-0.548178255615647,0.9912713197369298,0.6944477810978805,-0.3613136485089076,1.446995469779169,-1.2603085877150713,1.2240250682901004,1.214522209771069,0
-0.2017717447351757,1.3658834236228172,1.6358796940431473,0.2376099719164097,1.446995469779169,-0.3086236547129729,1.2240250682901004,-0.8843459226132909,0
1.530260809667181,0.1671246911879761,0.244498705057864,-0.0951253727643221,-1.4693089940556092,0.3258329672884261,-0.8169767318548042,0.5148994989762825,0
0.491041277025767,-1.6923135699183414,-1.5483753056246643,-0.8271431310619323,0.2804736842452576,0.960289589289825,1.2240250682901004,-0.1847232118185042,0
-0.548178255615647,1.406750198592187,1.5458898788351434,1.0361747991501662,0.2804736842452576,-1.2603085877150713,-0.8169767318548042,0.8647108543736758,1
0.1446347661452956,1.066193740514107,1.2620758462560555,-0.2947665795727612,-0.8860481012886536,-0.6258519657136724,1.2240250682901004,-1.5839686334080776,0
1.530260809667181,-0.0576425711435567,-0.2262172514147686,-0.7605960621257859,0.8637345770122132,-1.5775368987157707,1.2240250682901004,0.8647108543736758,0
-0.8945847664961184,1.4748614902078028,1.4282108897169852,0.0379687651079706,-0.302787208521698,1.2775179002905246,1.2240250682901004,0.8647108543736758,0
0.8374477879062384,0.6575259908204112,0.4660120963391039,0.5703453165971416,-0.302787208521698,0.3258329672884261,-0.8169767318548042,-1.5839686334080776,1
0.1446347661452956,-1.0725008162162355,-1.0222810013317216,0.1710629029802634,1.446995469779169,1.2775179002905246,1.2240250682901004,-1.5839686334080776,0
0.8374477879062384,-0.0644537003051182,-0.2815955992350785,0.8365335923417272,-0.8860481012886536,-1.2603085877150713,1.2240250682901004,-0.1847232118185042,0
0.491041277025767,-0.4799325791603761,-0.3369739470553883,0.3707041097887025,0.8637345770122132,-1.5775368987157707,-0.8169767318548042,-1.5839686334080776,0
-1.5873977882570611,0.0172798496336204,-0.0946936753415327,0.7034394544694345,1.446995469779169,-1.5775368987157707,-0.8169767318548042,1.5643335651684624,0
-0.8945847664961184,-1.7331803448877106,-1.652209707787745,2.167474971064655,-0.302787208521698,0.3258329672884261,1.2240250682901004,1.5643335651684624,0
-0.548178255615647,-0.8068667789153333,-0.9253688926461792,-0.0285783038281757,0.2804736842452576,-0.3086236547129729,-0.8169767318548042,-0.5345345672158975,0
1.530260809667181,-1.3449459826786998,-1.1399599904498798,1.302363074894752,1.446995469779169,0.960289589289825,-0.8169767318548042,-0.5345345672158975,1
-0.2017717447351757,-0.8817891996925105,-0.9461357730787956,-1.692255027231835,-0.8860481012886536,-1.2603085877150713,-0.8169767318548042,0.1650881435788891,0
1.530260809667181,-1.2836458202246448,-0.966902653511412,-0.4944077863812003,-0.302787208521698,1.2775179002905246,-0.8169767318548042,0.5148994989762825,0
-0.2017717447351757,1.025326965544737,0.978261813676968,1.302363074894752,-0.302787208521698,-1.5775368987157707,-0.8169767318548042,0.1650881435788891,1
-1.5873977882570611,1.3113943903303256,1.4905115310148336,0.9030806612778736,-0.8860481012886536,0.3258329672884261,-0.8169767318548042,-0.5345345672158975,0
0.8374477879062384,-1.569713245010232,-1.6175982404000513,-0.7605960621257859,-0.302787208521698,0.3258329672884261,-0.8169767318548042,1.214522209771069,0
-0.548178255615647,1.066193740514107,1.1651637375705144,0.0379687651079706,-0.302787208521698,0.0086046562877266,1.2240250682901004,-1.2341572780106842,0
1.530260809667181,-0.3981990292216368,-0.2746733057575399,0.8365335923417272,0.2804736842452576,0.0086046562877266,-0.8169767318548042,-0.5345345672158975,1
-1.5873977882570611,-1.2564013035783983,-1.5691421860572805,1.102721868086313,0.8637345770122132,0.3258329672884261,-0.8169767318548042,-0.1847232118185042,0
1.530260809667181,0.0104687204720589,-0.3231293601003105,0.5037982476609952,-0.302787208521698,1.2775179002905246,-0.8169767318548042,1.5643335651684624,0
-0.548178255615647,0.5621701825585484,0.2929547594006353,-0.2947665795727612,-1.4693089940556092,0.3258329672884261,1.2240250682901004,-0.8843459226132909,0
0.8374477879062384,0.9776490614138068,0.8675051180363484,0.0379687651079706,1.446995469779169,-0.3086236547129729,1.2240250682901004,-0.8843459226132909,1
-0.2017717447351757,1.447616973561557,1.3174541940763655,-0.3613136485089076,0.8637345770122132,1.2775179002905246,1.2240250682901004,1.214522209771069,0
-1.24099127737659,0.9912713197369298,1.2897650201662112,1.169268937022459,-0.8860481012886536,0.3258329672884261,1.2240250682901004,0.1650881435788891,0
1.530260809667181,-0.9362782329850032,-0.7315446752750949,-0.3613136485089076,-0.8860481012886536,-0.3086236547129729,-0.8169767318548042,-1.5839686334080776,0
1.530260809667181,-0.704699841491909,-1.0292032948092602,0.8365335923417272,-1.4693089940556092,-0.943080276714372,1.2240250682901004,-1.5839686334080776,0
1.530260809667181,0.0717688829261132,-0.1985280775046137,-0.960237268934225,0.2804736842452576,-0.3086236547129729,1.2240250682901004,1.5643335651684624,0
1.530260809667181,-1.9170808322498745,-1.7145103490855935,-0.6940489931896395,1.446995469779169,0.0086046562877266,-0.8169767318548042,0.1650881435788891,0
1.1838542987867098,-0.9975783954390576,-1.1676491643600349,-1.0267843378703714,0.8637345770122132,-1.5775368987157707,-0.8169767318548042,-0.5345345672158975,0
1.530260809667181,0.0172798496336204,-0.0116261536110686,-0.3613136485089076,1.446995469779169,-0.6258519657136724,-0.8169767318548042,0.5148994989762825,0
1.1838542987867098,0.9027266406366284,0.9159611723791196,-1.6257079582956888,-1.4693089940556092,-0.943080276714372,1.2240250682901004,-0.8843459226132909,0
-1.24099127737659,-1.3858127576480692,-1.3060950339108086,0.9030806612778736,0.8637345770122132,-1.2603085877150713,-0.8169767318548042,-1.5839686334080776,0
0.8374477879062384,0.8754821239903826,1.0267178680197393,0.7699865234055808,0.8637345770122132,0.3258329672884261,-0.8169767318548042,-0.1847232118185042,1
-0.8945847664961184,0.2897250160960847,0.0022184333440091,0.4372511787248489,0.2804736842452576,0.960289589289825,-0.8169767318548042,-0.1847232118185042,0
-0.548178255615647,1.0593826113525455,0.7429038354406517,-0.0951253727643221,0.8637345770122132,0.960289589289825,1.2240250682901004,-1.2341572780106842,0
0.8374477879062384,1.222849711230024,0.9436503462892752,0.6368923855332881,-1.4693089940556092,0.6430612782891255,-0.8169767318548042,-0.8843459226132909,0
-1.5873977882570611,0.6439037324972883,0.6321471398000321,-1.7588020961679816,-0.8860481012886536,1.2775179002905246,1.2240250682901004,1.214522209771069,0
1.1838542987867098,-0.4526880625141297,-0.3023624796676948,-1.0267843378703714,-0.302787208521698,1.594746211291224,-0.8169767318548042,1.214522209771069,0
0.491041277025767,-1.3858127576480692,-1.3683956752086577,0.3707041097887025,1.446995469779169,-0.943080276714372,-0.8169767318548042,0.5148994989762825,0
0.8374477879062384,-0.8068667789153333,-0.8630682513483309,-0.8271431310619323,-1.4693089940556092,1.2775179002905246,1.2240250682901004,0.8647108543736758,0
-0.2017717447351757,1.25009422787627,1.4905115310148336,-0.4944077863812003,0.2804736842452576,1.594746211291224,-0.8169767318548042,0.1650881435788891,0
-0.2017717447351757,-1.3108903368708913,-1.2714835665231152,-0.0951253727643221,0.2804736842452576,-0.6258519657136724,-0.8169767318548042,-0.5345345672158975,0
0.1446347661452956,-1.3790016284865076,-1.4791523708492766,0.7699865234055808,-0.302787208521698,-0.943080276714372,-0.8169767318548042,0.8647108543736758,0
-0.2017717447351757,-0.1053204752744881,-0.3508185340104654,1.0361747991501662,-0.302787208521698,1.594746211291224,1.2240250682901004,-1.2341572780106842,0
-1.24099127737659,1.658761977569967,1.4212885962394466,0.3041570408525561,0.2804736842452576,-1.5775368987157707,1.2240250682901004,0.8647108543736758,0
1.1838542987867098,-1.6378245366258484,-1.728354936040671,0.1710629029802634,-0.302787208521698,-0.6258519657136724,-0.8169767318548042,-0.1847232118185042,0
-1.24099127737659,1.3250166486534485,1.0474847484523564,0.5703453165971416,-0.302787208521698,-1.5775368987157707,1.2240250682901004,0.8647108543736758,0
-1.5873977882570611,-1.5833355033333556,-1.6868211751754387,0.5037982476609952,-0.302787208521698,0.0086046562877266,-0.8169767318548042,-1.2341572780106842,0
0.1446347661452956,0.1671246911879761,-0.0670045014313778,0.4372511787248489,-0.8860481012886536,0.6430612782891255,-0.8169767318548042,0.8647108543736758,0
1.1838542987867098,-0.9158448455003184,-0.7800007296178662,-0.2947665795727612,-0.8860481012886536,-1.5775368987157707,-0.8169767318548042,0.8647108543736758,0
0.8374477879062384,-1.3108903368708913,-1.2714835665231152,-0.0951253727643221,0.2804736842452576,0.960289589289825,-0.8169767318548042,0.5148994989762825,0
1.1838542987867098,1.107060515483477,1.1443968571378975,-0.5609548553173468,-0.8860481012886536,-1.5775368987157707,-0.8169767318548042,-0.5345345672158975,0
0.491041277025767,-0.1461872502438575,-0.461575229651085,0.1710629029802634,1.446995469779169,0.960289589289825,-0.8169767318548042,1.5643335651684624,0
-0.2017717447351757,-1.0520674287315506,-1.2784058600006538,-1.9584433029764208,-0.8860481012886536,-1.5775368987157707,1.2240250682901004,-0.1847232118185042,0
-0.8945847664961184,-1.6378245366258484,-1.7214326425631323,-1.159878475742664,-0.8860481012886536,-0.943080276714372,-0.8169767318548042,0.1650881435788891,0
0.491041277025767,-1.9307030905729972,-1.7421995229957483,-1.492613820423396,1.446995469779169,-1.5775368987157707,-0.8169767318548042,0.5148994989762825,0
-0.8945847664961184,1.6110840734390357,1.504356117969912,-1.3595196825511031,-1.4693089940556092,1.2775179002905246,-0.8169767318548042,-0.1847232118185042,0
1.1838542987867098,-0.4867437083219376,-0.8146121970055596,2.1009279021285083,0.8637345770122132,0.6430612782891255,1.2240250682901004,1.214522209771069,1
0.1446347661452956,0.5826035700432339,0.8813497049914268,-1.159878475742664,1.446995469779169,0.3258329672884261,1.2240250682901004,1.5643335651684624,0
1.530260809667181,0.0240909787951824,0.0022184333440091,0.5037982476609952,0.2804736842452576,-0.6258519657136724,1.2240250682901004,0.8647108543736758,0
1.530260809667181,-0.3573322542522675,-0.0531599144763006,-0.8271431310619323,-1.4693089940556092,1.594746211291224,1.2240250682901004,-0.1847232118185042,0
-0.8945847664961184,0.1330690453801682,0.4660120963391039,1.4354572127670446,0.2804736842452576,0.960289589289825,1.2240250682901004,-1.5839686334080776,0
1.1838542987867098,1.747306656670267,1.4628223571046792,0.7699865234055808,1.446995469779169,-0.3086236547129729,-0.8169767318548042,0.8647108543736758,1
-1.24099127737659,-1.5492798575255478,-1.603753653444974,0.1710629029802634,-0.302787208521698,-1.5775368987157707,-0.8169767318548042,0.1650881435788891,0
1.1838542987867098,-1.7740471198570806,-1.486074664326816,2.1009279021285083,-1.4693089940556092,0.6430612782891255,-0.8169767318548042,-0.5345345672158975,0
0.8374477879062384,1.0389492238678613,1.1236299767052818,-0.0285783038281757,-1.4693089940556092,-0.6258519657136724,1.2240250682901004,-0.5345345672158975,0
0.1446347661452956,-0.9975783954390576,-0.9461357730787956,-0.2282195106366148,0.8637345770122132,-1.5775368987157707,-0.8169767318548042,1.5643335651684624,0
1.1838542987867098,0.2011803369957839,0.3967891615637157,0.2376099719164097,1.446995469779169,-0.943080276714372,1.2240250682901004,-1.2341572780106842,0
-0.548178255615647,0.8618598656672597,0.7152146615304974,-1.4260667514872496,-0.302787208521698,-0.943080276714372,-0.8169767318548042,0.8647108543736758,0
1.1838542987867098,-0.3096543501213361,-0.3438962405329269,0.3707041097887025,-0.8860481012886536,-0.6258519657136724,-0.8169767318548042,-0.8843459226132909,0
-0.8945847664961184,1.0048935780600528,0.7152146615304974,-1.4260667514872496,-0.8860481012886536,0.0086046562877266,-0.8169767318548042,-0.8843459226132909,0
0.491041277025767,-1.365379370163384,-1.7075880556080545,-1.093331406806518,1.446995469779169,0.960289589289825,1.2240250682901004,1.5643335651684624,0
-0.548178255615647,-0.0508314419819953,-0.1431497296843039,-0.4944077863812003,-0.302787208521698,0.6430612782891255,1.2240250682901004,1.5643335651684624,0
-1.5873977882570611,-1.440301790940562,-1.1399599904498798,1.302363074894752,0.8637345770122132,0.960289589289825,-0.8169767318548042,0.1650881435788891,0
1.530260809667181,0.0853911412492368,-0.0047038601335294,-0.8271431310619323,1.446995469779169,-0.3086236547129729,1.2240250682901004,0.8647108543736758,0
-0.8945847664961184,1.3658834236228172,1.628957400565609,-1.2264255446788106,-0.8860481012886536,1.2775179002905246,-0.8169767318548042,0.1650881435788891,0
0.491041277025767,0.8891043823135055,1.1167076832277432,0.7699865234055808,-1.4693089940556092,0.960289589289825,1.2240250682901004,-1.2341572780106842,0
-0.548178255615647,0.3782696951963855,0.6598363137101876,1.3689101438308982,-0.302787208521698,-0.943080276714372,-0.8169767318548042,0.8647108543736758,1
-1.24099127737659,0.160313562026414,-0.0462376209987621,0.0379687651079706,-0.8860481012886536,-1.5775368987157707,1.2240250682901004,-1.5839686334080776,0
-1.24099127737659,0.3646474368732625,0.4729343898166425,-0.427860717445054,-0.302787208521698,0.3258329672884261,-0.8169767318548042,-0.5345345672158975,0
1.530260809667181,-1.1678566244780977,-0.9945918274215668,-0.4944077863812003,1.446995469779169,0.0086046562877266,1.2240250682901004,-0.5345345672158975,0
0.8374477879062384,0.8891043823135055,0.9436503462892752,1.0361747991501662,0.2804736842452576,0.6430612782891255,-0.8169767318548042,-0.5345345672158975,1
1.1838542987867098,-1.5016019533946163,-1.3614733817311184,1.3689101438308982,1.446995469779169,-0.3086236547129729,-0.8169767318548042,1.214522209771069,1
0.1446347661452956,-0.6638330665225397,-0.3369739470553883,1.169268937022459,1.446995469779169,-0.3086236547129729,-0.8169767318548042,1.214522209771069,0
0.8374477879062384,1.2569053570378326,1.2343866723459014,-2.8901022680824697,-0.302787208521698,0.3258329672884261,1.2240250682901004,0.5148994989762825,1
0.1446347661452956,0.8414264781825741,1.1651637375705144,0.2376099719164097,-0.8860481012886536,0.3258329672884261,-0.8169767318548042,0.8647108543736758,0
-0.8945847664961184,1.4952948776924884,1.62203510708807,-0.427860717445054,-0.302787208521698,0.3258329672884261,-0.8169767318548042,-1.2341572780106842,0
-0.8945847664961184,-0.0031535378510639,0.2514209985354033,-0.4944077863812003,-1.4693089940556092,-0.943080276714372,1.2240250682901004,-1.5839686334080776,0
0.491041277025767,-1.7672359906955186,-1.6798988816978997,0.7034394544694345,-0.302787208521698,1.594746211291224,-0.8169767318548042,0.8647108543736758,0
-1.5873977882570611,1.1887940654222156,1.068251628884972,-0.7605960621257859,0.8637345770122132,-0.3086236547129729,1.2240250682901004,-0.1847232118185042,0
-0.548178255615647,1.427183586076873,1.62203510708807,1.901286695320069,-0.302787208521698,-0.6258519657136724,1.2240250682901004,0.5148994989762825,1
0.491041277025767,0.8346153490210126,0.722136955008036,0.1710629029802634,0.2804736842452576,1.2775179002905246,1.2240250682901004,-0.5345345672158975,0
1.530260809667181,-0.7864333914306483,-0.5169535774713948,0.5703453165971416,1.446995469779169,-0.3086236547129729,1.2240250682901004,-1.2341572780106842,0
1.1838542987867098,-1.3790016284865076,-1.2299498056578833,1.102721868086313,-0.8860481012886536,0.0086046562877266,-0.8169767318548042,-0.5345345672158975,0
0.1446347661452956,1.3658834236228172,1.4628223571046792,1.0361747991501662,1.446995469779169,1.594746211291224,1.2240250682901004,-1.5839686334080776,1
1.530260809667181,1.29096100284564,1.6081905201329918,0.9030806612778736,0.8637345770122132,-0.6258519657136724,-0.8169767318548042,1.5643335651684624,1
0.1446347661452956,-1.4879796950714934,-1.6383651208326675,0.2376099719164097,1.446995469779169,-0.6258519657136724,1.2240250682901004,1.5643335651684624,0
-0.2017717447351757,0.8891043823135055,0.964417226721891,-0.8936901999980786,1.446995469779169,-0.943080276714372,1.2240250682901004,-1.2341572780106842,0
-0.8945847664961184,-0.4186324167063218,-0.6069433926793981,-0.5609548553173468,0.2804736842452576,-0.943080276714372,-0.8169767318548042,0.1650881435788891,0
0.1446347661452956,0.2692916286113997,0.1821980637600156,0.0379687651079706,0.8637345770122132,-0.943080276714372,-0.8169767318548042,-0.8843459226132909,0
1.1838542987867098,0.6439037324972883,0.5006235637267967,-2.2246315787210063,-0.8860481012886536,0.3258329672884261,-0.8169767318548042,-0.1847232118185042,0
-0.2017717447351757,-1.1746677536396597,-1.2299498056578833,-0.6940489931896395,0.8637345770122132,-0.943080276714372,-0.8169767318548042,-1.5839686334080776,0
0.8374477879062384,0.5621701825585484,0.3690999876535614,0.96962773021402,-0.302787208521698,0.0086046562877266,-0.8169767318548042,-0.8843459226132909,1
-0.8945847664961184,0.7120150241129041,0.5006235637267967,1.3689101438308982,0.8637345770122132,-0.6258519657136724,-0.8169767318548042,0.8647108543736758,1
-1.24099127737659,-1.453924049263685,-1.2784058600006538,0.0379687651079706,0.2804736842452576,0.6430612782891255,1.2240250682901004,0.1650881435788891,0
0.491041277025767,0.3987030826810698,0.3967891615637157,0.5703453165971416,0.8637345770122132,-0.3086236547129729,-0.8169767318548042,-0.1847232118185042,0
0.8374477879062384,0.7460706699207126,1.0959408027951263,1.0361747991501662,0.8637345770122132,0.3258329672884261,1.2240250682901004,-0.8843459226132909,1
-0.2017717447351757,-0.6638330665225397,-0.4269637622633915,0.7699865234055808,0.8637345770122132,-0.6258519657136724,1.2240250682901004,1.5643335651684624,0
0.491041277025767,0.0104687204720589,-0.073926794908917,-0.6940489931896395,-0.302787208521698,-0.943080276714372,-0.8169767318548042,0.1650881435788891,0
0.8374477879062384,0.9435934156059984,1.2689981397335943,0.3041570408525561,1.446995469779169,1.594746211291224,1.2240250682901004,0.1650881435788891,1
1.1838542987867098,-0.0848870877898032,0.1475865963723222,-0.2947665795727612,-0.8860481012886536,-0.943080276714372,1.2240250682901004,0.8647108543736758,0
-1.5873977882570611,0.1739358203495375,0.0091407268215477,-0.6940489931896395,0.2804736842452576,0.960289589289825,1.2240250682901004,0.5148994989762825,0
-0.548178255615647,-1.7672359906955186,-1.7214326425631323,0.104515834044117,-0.8860481012886536,0.960289589289825,1.2240250682901004,0.1650881435788891,0
-0.548178255615647,-1.5969577616564783,-1.3753179686861965,0.0379687651079706,-0.302787208521698,1.2775179002905246,-0.8169767318548042,0.5148994989762825,0
0.1446347661452956,0.9299711572828756,0.9228834658566584,0.7034394544694345,0.8637345770122132,0.3258329672884261,-0.8169767318548042,-0.8843459226132909,0
1.530260809667181,1.0389492238678613,1.199775204958207,-0.7605960621257859,0.2804736842452576,-1.5775368987157707,-0.8169767318548042,-0.8843459226132909,1
1.530260809667181,0.7937485740516428,0.7567484223957301,0.3041570408525561,-0.8860481012886536,0.3258329672884261,1.2240250682901004,1.214522209771069,0
0.1446347661452956,-1.8149138948264496,-1.5552975991022029,1.169268937022459,0.2804736842452576,-1.2603085877150713,-0.8169767318548042,0.5148994989762825,0
0.1446347661452956,0.6234703450126027,0.2998770528781739,0.5703453165971416,0.2804736842452576,0.960289589289825,-0.8169767318548042,-1.5839686334080776,0
-0.8945847664961184,-1.031634041246866,-0.9322911861237178,0.8365335923417272,1.446995469779169,-0.943080276714372,1.2240250682901004,-1.5839686334080776,0
-0.2017717447351757,-0.0440203128204338,0.1891203572375542,0.5703453165971416,0.8637345770122132,0.3258329672884261,-0.8169767318548042,-0.5345345672158975,0
-1.24099127737659,-1.7195580865645876,-1.4168517295514282,-2.3577257165932988,-1.4693089940556092,0.3258329672884261,1.2240250682901004,1.214522209771069,0
1.1838542987867098,-1.1814788828012213,-1.326861914343425,-1.3595196825511031,-1.4693089940556092,-0.943080276714372,-0.8169767318548042,1.5643335651684624,0
-0.8945847664961184,0.936782286444437,0.7498261289181903,-0.6275019242534932,0.2804736842452576,0.6430612782891255,1.2240250682901004,-0.1847232118185042,0
1.1838542987867098,-1.1746677536396597,-0.9184465991686408,0.7034394544694345,0.8637345770122132,1.594746211291224,-0.8169767318548042,0.5148994989762825,0
-1.24099127737659,0.6983927657897812,0.5075458572043353,0.5037982476609952,1.446995469779169,-0.6258519657136724,-0.8169767318548042,-1.5839686334080776,0
1.1838542987867098,-0.6706441956841012,-0.5930988057243209,-0.1616724417004685,-1.4693089940556092,0.6430612782891255,1.2240250682901004,-0.8843459226132909,0
1.1838542987867098,-0.4799325791603761,-0.3923522948756981,0.2376099719164097,0.2804736842452576,0.6430612782891255,1.2240250682901004,-1.5839686334080776,0
-1.24099127737659,-0.5889106457453619,-0.5169535774713948,0.7034394544694345,1.446995469779169,0.6430612782891255,-0.8169767318548042,-1.2341572780106842,0
-1.24099127737659,-0.6502108081994161,-0.3369739470553883,0.5037982476609952,0.8637345770122132,0.3258329672884261,1.2240250682901004,1.5643335651684624,0
1.1838542987867098,-1.64463566578741,-1.3683956752086577,-1.5591608893595423,0.8637345770122132,1.2775179002905246,1.2240250682901004,-0.8843459226132909,0
-0.548178255615647,-0.9022225871771956,-0.7800007296178662,0.4372511787248489,-0.8860481012886536,-1.5775368987157707,-0.8169767318548042,-0.8843459226132909,0
1.530260809667181,0.3101584035807697,0.3414108137434059,-1.6257079582956888,-1.4693089940556092,0.3258329672884261,1.2240250682901004,1.214522209771069,0
-0.2017717447351757,-1.835347282311135,-1.672976588220361,-0.4944077863812003,-0.8860481012886536,0.960289589289825,-0.8169767318548042,1.5643335651684624,0
0.491041277025767,-0.500365966645061,-0.7938453165729439,-0.8936901999980786,-0.8860481012886536,-0.6258519657136724,1.2240250682901004,0.1650881435788891,0
-1.24099127737659,-0.4254435458678833,-0.3577408274880046,0.104515834044117,0.2804736842452576,-0.3086236547129729,1.2240250682901004,0.5148994989762825,0
0.8374477879062384,-1.453924049263685,-1.3545510882535798,0.1710629029802634,-0.302787208521698,0.0086046562877266,-0.8169767318548042,0.5148994989762825,0
0.491041277025767,0.9980824488984912,1.3520656614640596,-0.3613136485089076,-1.4693089940556092,1.2775179002905246,1.2240250682901004,-1.5839686334080776,0
-1.24099127737659,-1.2632124327399603,-1.0915039361071086,-0.2947665795727612,0.8637345770122132,0.960289589289825,1.2240250682901004,0.8647108543736758,0
-0.548178255615647,0.5894146992047954,0.4106337485187941,-0.8936901999980786,0.2804736842452576,-0.6258519657136724,-0.8169767318548042,-1.2341572780106842,0
1.1838542987867098,1.9243960148708683,1.6428019875206858,1.169268937022459,-0.302787208521698,-0.943080276714372,-0.8169767318548042,-0.1847232118185042,1
-1.5873977882570611,0.8209930906978897,0.6459917267551105,2.034380833192362,0.2804736842452576,0.3258329672884261,1.2240250682901004,0.8647108543736758,1
-1.24099127737659,-0.4663103208372532,-0.1500720231618425,-0.427860717445054,0.8637345770122132,0.960289589289825,1.2240250682901004,0.8647108543736758,0
-1.24099127737659,0.330591791065454,0.0368299007317026,-0.5609548553173468,-0.8860481012886536,0.0086046562877266,-0.8169767318548042,0.8647108543736758,0
-0.8945847664961184,-1.3313237243555762,-1.1468822839274184,0.5037982476609952,1.446995469779169,-0.3086236547129729,-0.8169767318548042,-0.1847232118185042,0
0.1446347661452956,1.1751718070990926,1.4697446505822178,-2.623913992337884,-0.8860481012886536,0.0086046562877266,1.2240250682901004,-1.5839686334080776,0
-0.2017717447351757,0.6302814741741654,0.8398159441261942,1.901286695320069,0.2804736842452576,1.594746211291224,1.2240250682901004,1.214522209771069,1
-0.8945847664961184,0.0172798496336204,0.1960426507150934,0.7034394544694345,-0.302787208521698,1.594746211291224,-0.8169767318548042,0.8647108543736758,0
-0.2017717447351757,1.086627127998793,1.24130896582344,-2.3577257165932988,-1.4693089940556092,0.0086046562877266,-0.8169767318548042,0.5148994989762825,0
-0.8945847664961184,-0.4254435458678833,-0.3300516535778497,-0.8936901999980786,-1.4693089940556092,-0.3086236547129729,-0.8169767318548042,-0.1847232118185042,0
-0.548178255615647,0.5757924408816725,0.81212677021604,-1.3595196825511031,-1.4693089940556092,-0.3086236547129729,-0.8169767318548042,0.1650881435788891,0
0.8374477879062384,1.4135613277537484,1.0890185093175877,0.6368923855332881,1.446995469779169,-1.2603085877150713,-0.8169767318548042,-0.8843459226132909,1
-1.24099127737659,0.6575259908204112,0.3829445746086386,0.104515834044117,-1.4693089940556092,1.2775179002905246,-0.8169767318548042,-0.1847232118185042,0
0.1446347661452956,-1.6514467949489713,-1.3407065012985029,0.3041570408525561,-1.4693089940556092,-0.943080276714372,1.2240250682901004,-1.5839686334080776,0
0.491041277025767,1.42037245691531,1.6843357483859185,-0.1616724417004685,0.8637345770122132,-0.3086236547129729,1.2240250682901004,0.5148994989762825,0
-1.24099127737659,-0.3981990292216368,-0.5100312839938563,-0.1616724417004685,-0.8860481012886536,-1.2603085877150713,1.2240250682901004,1.5643335651684624,0
0.1446347661452956,-0.5412327416144305,-0.7730784361403276,-0.6275019242534932,-0.302787208521698,0.6430612782891255,-0.8169767318548042,-0.8843459226132909,0
-1.24099127737659,0.6779593783050956,0.8398159441261942,-0.8936901999980786,0.2804736842452576,-0.3086236547129729,-0.8169767318548042,1.214522209771069,0
0.491041277025767,-1.0180117829237427,-1.313017327388348,0.104515834044117,-0.8860481012886536,0.0086046562877266,1.2240250682901004,1.5643335651684624,0
-0.548178255615647,-0.4935548374834996,-0.2539064253249236,-1.2264255446788106,-1.4693089940556092,-0.943080276714372,1.2240250682901004,-1.2341572780106842,0
-0.2017717447351757,-1.6514467949489713,-1.430696316506506,-1.5591608893595423,-0.302787208521698,-0.943080276714372,-0.8169767318548042,0.1650881435788891,0
-1.24099127737659,-0.7932445205922097,-0.5515650448590883,-0.0285783038281757,0.2804736842452576,1.2775179002905246,1.2240250682901004,0.8647108543736758,0
-0.8945847664961184,1.2841498736840784,1.1582414440929758,-0.427860717445054,-0.302787208521698,1.2775179002905246,-0.8169767318548042,0.8647108543736758,0
-1.24099127737659,1.0525714821909842,0.7290592484855746,-0.6940489931896395,0.8637345770122132,0.6430612782891255,1.2240250682901004,-0.5345345672158975,0
0.1446347661452956,1.4680503610462414,1.4282108897169852,-0.6275019242534932,-0.302787208521698,-1.5775368987157707,1.2240250682901004,0.8647108543736758,0
-0.2017717447351757,1.5634061693081045,1.656646574475763,0.8365335923417272,1.446995469779169,-0.3086236547129729,-0.8169767318548042,1.5643335651684624,1
0.1446347661452956,1.46123923188468,1.5251229984025276,0.1710629029802634,-1.4693089940556092,0.3258329672884261,1.2240250682901004,-0.5345345672158975,0
0.1446347661452956,-0.1325649919207346,-0.1846834905495366,-0.1616724417004685,-1.4693089940556092,0.3258329672884261,1.2240250682901004,0.8647108543736758,0
-1.24099127737659,1.297772132007201,1.6497242809982244,0.104515834044117,-0.8860481012886536,-1.2603085877150713,-0.8169767318548042,-0.5345345672158975,0
-0.548178255615647,1.4816726193693657,1.4005217158068308,0.5037982476609952,1.446995469779169,0.960289589289825,1.2240250682901004,0.1650881435788891,0
0.491041277025767,-1.0861230745393584,-1.1745714578375734,-0.7605960621257859,-0.8860481012886536,1.2775179002905246,1.2240250682901004,-1.2341572780106842,0
0.491041277025767,-1.235967916093714,-0.9945918274215668,-0.2282195106366148,1.446995469779169,1.2775179002905246,-0.8169767318548042,1.5643335651684624,0
-0.548178255615647,1.6247063317621586,1.518200704924989,0.9030806612778736,-0.302787208521698,1.594746211291224,1.2240250682901004,0.5148994989762825,1
-0.2017717447351757,-0.5276104832913076,-0.5861765122467818,-0.8936901999980786,-0.302787208521698,-0.943080276714372,-0.8169767318548042,0.1650881435788891,0
1.1838542987867098,-1.406246145132754,-1.257638979568038,-1.2929726136149569,1.446995469779169,-0.6258519657136724,-0.8169767318548042,0.5148994989762825,0
1.530260809667181,-1.120178720347167,-1.1330376969723408,-1.159878475742664,0.2804736842452576,1.2775179002905246,1.2240250682901004,0.8647108543736758,0
-1.24099127737659,-1.7536137323723957,-1.6868211751754387,-0.7605960621257859,-0.302787208521698,-1.2603085877150713,-0.8169767318548042,1.5643335651684624,0
-1.24099127737659,0.7460706699207126,0.9436503462892752,-0.6940489931896395,-1.4693089940556092,1.2775179002905246,-0.8169767318548042,0.1650881435788891,0
-0.8945847664961184,0.6711482491435341,0.9574949332443524,0.3707041097887025,-1.4693089940556092,-0.3086236547129729,-0.8169767318548042,-1.2341572780106842,0
-0.8945847664961184,0.5213034075891797,0.5352350311144909,-0.2947665795727612,0.2804736842452576,0.6430612782891255,-0.8169767318548042,1.214522209771069,0
-1.5873977882570611,0.9027266406366284,0.5836910854572621,0.0379687651079706,0.2804736842452576,1.2775179002905246,-0.8169767318548042,1.5643335651684624,0
1.1838542987867098,1.4408058443999956,1.6635688679533016,0.8365335923417272,0.2804736842452576,-0.943080276714372,-0.8169767318548042,0.5148994989762825,1
1.530260809667181,0.5076811492660556,0.6875254876203419,0.4372511787248489,-0.302787208521698,-0.943080276714372,1.2240250682901004,-0.5345345672158975,1
-0.8945847664961184,0.5621701825585484,0.4314006289514098,0.0379687651079706,-0.302787208521698,0.3258329672884261,-0.8169767318548042,0.1650881435788891,0
0.8374477879062384,-0.3709545125753904,-0.3438962405329269,-0.4944077863812003,1.446995469779169,0.3258329672884261,-0.8169767318548042,1.5643335651684624,0
-0.8945847664961184,-1.6173911491411634,-1.5206861317145093,1.2358160059586054,0.8637345770122132,0.0086046562877266,1.2240250682901004,-1.5839686334080776,0
0.8374477879062384,-0.3232766084444596,-0.1639166101169203,-0.427860717445054,-0.302787208521698,-1.2603085877150713,1.2240250682901004,0.1650881435788891,0
0.1446347661452956,-1.51522421171774,-1.2714835665231152,0.7034394544694345,0.8637345770122132,1.594746211291224,-0.8169767318548042,-1.2341572780106842,0
-0.8945847664961184,-0.9362782329850032,-0.6415548600670916,-0.2282195106366148,-1.4693089940556092,-1.2603085877150713,-0.8169767318548042,-0.5345345672158975,0
1.1838542987867098,1.222849711230024,1.1443968571378975,2.367116177873094,1.446995469779169,0.0086046562877266,1.2240250682901004,-1.2341572780106842,1
-1.24099127737659,-0.6365885498762932,-0.7730784361403276,0.5703453165971416,1.446995469779169,-1.5775368987157707,1.2240250682901004,1.5643335651684624,0
-0.548178255615647,0.5417367950738641,0.4383229224289484,-1.3595196825511031,0.2804736842452576,1.2775179002905246,-0.8169767318548042,-1.5839686334080776,0
0.491041277025767,-0.3845767708985139,-0.7038555013649406,-0.2282195106366148,1.446995469779169,1.2775179002905246,1.2240250682901004,-0.8843459226132909,0
0.1446347661452956,0.4463809868120012,0.1752757702824771,-0.427860717445054,-0.8860481012886536,0.6430612782891255,1.2240250682901004,-0.1847232118185042,0
1.1838542987867098,1.07981599883723,1.0474847484523564,-1.7588020961679816,0.2804736842452576,0.6430612782891255,1.2240250682901004,-0.8843459226132909,1
-0.8945847664961184,0.5076811492660556,0.4729343898166425,0.0379687651079706,0.2804736842452576,0.6430612782891255,-0.8169767318548042,0.8647108543736758,0
-0.548178255615647,1.3590722944612557,1.3728325418966754,0.6368923855332881,0.8637345770122132,-0.6258519657136724,1.2240250682901004,-1.5839686334080776,0
-1.5873977882570611,-0.6365885498762932,-0.9738249469889504,1.2358160059586054,0.2804736842452576,0.0086046562877266,-0.8169767318548042,-1.5839686334080776,0
-0.548178255615647,-1.215534528609029,-1.1884160447926506,1.0361747991501662,0.2804736842452576,0.3258329672884261,1.2240250682901004,0.5148994989762825,0
-0.8945847664961184,-0.7523777456228404,-1.008436414376644,0.3707041097887025,-1.4693089940556092,-1.5775368987157707,-0.8169767318548042,0.5148994989762825,0
0.491041277025767,-0.0780759586282417,0.2306541181027869,-0.2947665795727612,-0.302787208521698,-1.5775368987157707,1.2240250682901004,0.8647108543736758,0
-1.24099127737659,-0.4867437083219376,-0.2885178927126171,0.3041570408525561,-0.8860481012886536,1.594746211291224,-0.8169767318548042,0.8647108543736758,0
-0.8945847664961184,-0.9975783954390576,-0.9253688926461792,0.104515834044117,0.8637345770122132,-0.6258519657136724,-0.8169767318548042,-0.8843459226132909,0
-0.2017717447351757,0.1943692078342225,0.3483331072209445,1.3689101438308982,-0.8860481012886536,-0.3086236547129729,-0.8169767318548042,-1.5839686334080776,0
0.1446347661452956,-0.1734317668901039,-0.2539064253249236,1.2358160059586054,0.8637345770122132,0.3258329672884261,-0.8169767318548042,1.5643335651684624,0
-1.5873977882570611,-1.3721904993249463,-1.2507166860904988,0.0379687651079706,-0.8860481012886536,0.960289589289825,-0.8169767318548042,1.5643335651684624,0
1.1838542987867098,-1.6923135699183414,-1.7421995229957483,2.034380833192362,-0.302787208521698,0.0086046562877266,-0.8169767318548042,-1.5839686334080776,1
0.1446347661452956,-1.406246145132754,-1.3614733817311184,1.3689101438308982,-1.4693089940556092,1.2775179002905246,1.2240250682901004,-0.8843459226132909,0
-0.548178255615647,-0.4458769333525682,-0.6207879796344759,1.5685513506393374,-1.4693089940556092,0.3258329672884261,1.2240250682901004,-1.2341572780106842,0
1.530260809667181,-0.7591888747844019,-1.077659349152031,0.5037982476609952,0.8637345770122132,-0.943080276714372,-0.8169767318548042,0.1650881435788891,0
-1.24099127737659,1.1343050321297228,1.2274643788683628,0.0379687651079706,-0.302787208521698,-0.6258519657136724,-0.8169767318548042,0.5148994989762825,0
0.1446347661452956,-0.4322546750294447,-0.5792542187692432,-0.7605960621257859,-1.4693089940556092,-1.5775368987157707,-0.8169767318548042,1.5643335651684624,0
0.1446347661452956,0.0922022704107982,0.029907607254164,0.3041570408525561,0.8637345770122132,0.960289589289825,-0.8169767318548042,1.214522209771069,0
1.530260809667181,0.6643371199819726,0.7082923680529589,0.3707041097887025,1.446995469779169,0.960289589289825,-0.8169767318548042,1.5643335651684624,1
-0.548178255615647,-1.85578066979582,-1.7421995229957483,-0.0951253727643221,-0.8860481012886536,0.3258329672884261,1.2240250682901004,1.214522209771069,0
1.530260809667181,1.4816726193693657,1.2482312593009786,-0.427860717445054,0.2804736842452576,-0.3086236547129729,-0.8169767318548042,1.5643335651684624,1
0.1446347661452956,1.9516405315171157,1.656646574475763,-0.1616724417004685,1.446995469779169,1.594746211291224,-0.8169767318548042,-0.8843459226132909,0
0.8374477879062384,-0.0916982169513646,-0.0047038601335294,-1.825349165104128,0.2804736842452576,0.3258329672884261,-0.8169767318548042,-0.8843459226132909,0
-1.5873977882570611,-0.5071770958066225,-0.3231293601003105,-2.956649337018616,-1.4693089940556092,-1.2603085877150713,-0.8169767318548042,-0.8843459226132909,0
1.530260809667181,-0.1257538627591731,0.1683534768049385,0.2376099719164097,1.446995469779169,0.6430612782891255,-0.8169767318548042,1.214522209771069,0
-1.5873977882570611,-1.031634041246866,-1.2368720991354218,2.234022040000801,-0.302787208521698,-0.6258519657136724,-0.8169767318548042,-1.5839686334080776,0
0.491041277025767,0.2829138869345232,0.5144681506818739,-0.7605960621257859,0.2804736842452576,-0.3086236547129729,-0.8169767318548042,-0.8843459226132909,0
0.8374477879062384,0.0990133995723597,0.0852859550744738,0.5703453165971416,0.8637345770122132,-0.943080276714372,-0.8169767318548042,0.8647108543736758,0
-0.2017717447351757,0.1671246911879761,0.4106337485187941,1.4354572127670446,1.446995469779169,-0.943080276714372,-0.8169767318548042,0.8647108543736758,0
-1.5873977882570611,0.5757924408816725,0.3483331072209445,-1.5591608893595423,0.8637345770122132,0.3258329672884261,-0.8169767318548042,1.214522209771069,0
1.530260809667181,0.2761027577729618,0.272187878968019,1.502004281703191,-1.4693089940556092,-1.5775368987157707,1.2240250682901004,-0.1847232118185042,0
-0.2017717447351757,0.2829138869345232,0.0783636615969352,-1.0267843378703714,1.446995469779169,0.0086046562877266,1.2240250682901004,0.1650881435788891,0
0.491041277025767,0.1398801745417296,0.4660120963391039,-1.2264255446788106,0.8637345770122132,-0.943080276714372,-0.8169767318548042,-0.5345345672158975,0
0.491041277025767,0.2011803369957839,-0.1293051427292268,-0.8936901999980786,-1.4693089940556092,0.960289589289825,-0.8169767318548042,0.1650881435788891,0
1.1838542987867098,0.8754821239903826,1.0405624549748165,-3.0231964059547627,-1.4693089940556092,0.0086046562877266,1.2240250682901004,-0.5345345672158975,0
-0.548178255615647,-1.3858127576480692,-1.4653077838941997,0.6368923855332881,-0.8860481012886536,1.594746211291224,1.2240250682901004,1.5643335651684624,0
-0.2017717447351757,-1.2019122702859062,-1.4653077838941997,-0.5609548553173468,0.2804736842452576,-0.943080276714372,-0.8169767318548042,-0.8843459226132909,0
0.491041277025767,1.604272944277474,1.379754835374214,0.0379687651079706,1.446995469779169,1.594746211291224,-0.8169767318548042,0.5148994989762825,0
0.8374477879062384,-1.1542343661549748,-1.2922504469557317,-0.6940489931896395,-1.4693089940556092,0.3258329672884261,-0.8169767318548042,-0.5345345672158975,0
1.1838542987867098,-1.1542343661549748,-1.1261154034948022,-0.2947665795727612,-0.8860481012886536,0.6430612782891255,1.2240250682901004,0.8647108543736758,0
-1.24099127737659,-0.9430893621465648,-1.1191931100172636,0.8365335923417272,-0.8860481012886536,-0.3086236547129729,1.2240250682901004,-1.2341572780106842,0
1.1838542987867098,0.2624804994498383,0.071441368119396,0.7699865234055808,0.2804736842452576,0.6430612782891255,-0.8169767318548042,-0.1847232118185042,1
1.530260809667181,-0.5684772582606769,-0.634632566589553,-0.6275019242534932,-0.8860481012886536,-0.943080276714372,-0.8169767318548042,-0.1847232118185042,0
0.1446347661452956,0.5894146992047954,0.4452452159064869,0.5037982476609952,-0.8860481012886536,0.0086046562877266,-0.8169767318548042,-0.8843459226132909,0
1.530260809667181,0.4804366326198097,0.5006235637267967,1.7681925574477764,1.446995469779169,-0.3086236547129729,1.2240250682901004,-0.5345345672158975,1
0.1446347661452956,1.107060515483477,0.985184107154508,-1.0267843378703714,-1.4693089940556092,-1.2603085877150713,1.2240250682901004,0.5148994989762825,0
0.8374477879062384,0.6166592158510412,0.3552554006984843,-1.692255027231835,-0.302787208521698,-1.5775368987157707,1.2240250682901004,-0.1847232118185042,1
-0.2017717447351757,-0.8409224247231412,-1.1261154034948022,-0.960237268934225,0.2804736842452576,-0.943080276714372,-0.8169767318548042,-0.1847232118185042,0
-0.8945847664961184,-1.1542343661549748,-1.472230077371738,-2.0915374408487133,-0.8860481012886536,1.594746211291224,-0.8169767318548042,0.8647108543736758,0
0.491041277025767,-0.2892209626366511,-0.2677510122800007,0.7034394544694345,-1.4693089940556092,-0.3086236547129729,1.2240250682901004,-0.1847232118185042,0
-1.5873977882570611,0.371458566034824,0.3552554006984843,-0.4944077863812003,0.8637345770122132,0.6430612782891255,1.2240250682901004,0.8647108543736758,0
-1.24099127737659,-0.5820995165838004,-0.7315446752750949,-1.492613820423396,-1.4693089940556092,0.960289589289825,-0.8169767318548042,0.8647108543736758,0
-1.5873977882570611,1.107060515483477,1.1582414440929758,-0.3613136485089076,0.8637345770122132,1.2775179002905246,-0.8169767318548042,-1.5839686334080776,0
-0.8945847664961184,-0.2892209626366511,-0.0600822079538392,-0.2282195106366148,0.8637345770122132,0.0086046562877266,-0.8169767318548042,1.5643335651684624,0
0.491041277025767,-0.9158448455003184,-1.0499701752418766,-0.2947665795727612,1.446995469779169,-0.6258519657136724,-0.8169767318548042,0.5148994989762825,0
0.1446347661452956,1.3863168111075028,1.2343866723459014,-0.0285783038281757,0.8637345770122132,-0.3086236547129729,1.2240250682901004,-1.5839686334080776,0
-1.5873977882570611,0.0104687204720589,0.0229853137766254,0.3041570408525561,1.446995469779169,0.6430612782891255,-0.8169767318548042,-1.5839686334080776,0
-1.24099127737659,0.3101584035807697,0.4937012702492582,0.7034394544694345,1.446995469779169,1.594746211291224,1.2240250682901004,-0.1847232118185042,0
0.8374477879062384,-1.0861230745393584,-1.3822402621637349,2.566757384681533,-0.8860481012886536,-0.943080276714372,1.2240250682901004,-0.8843459226132909,0
-1.5873977882570611,0.7392595407591499,0.4314006289514098,-1.5591608893595423,-0.302787208521698,0.960289589289825,1.2240250682901004,1.214522209771069,0
-0.2017717447351757,-0.5616661290991154,-0.3715854144430817,0.5037982476609952,0.8637345770122132,1.2775179002905246,-0.8169767318548042,1.5643335651684624,0
0.491041277025767,0.8005597032132054,0.6736809006652648,-0.8271431310619323,0.8637345770122132,0.6430612782891255,-0.8169767318548042,-0.8843459226132909,0
-1.5873977882570611,1.1751718070990926,0.9090388789015812,1.302363074894752,-0.8860481012886536,-0.6258519657136724,-0.8169767318548042,-1.5839686334080776,0
-0.2017717447351757,1.3522611652996943,1.2966873136437498,1.0361747991501662,1.446995469779169,-1.2603085877150713,1.2240250682901004,-1.2341572780106842,1
1.530260809667181,0.4123253410041939,0.4314006289514098,0.3707041097887025,-0.302787208521698,1.594746211291224,1.2240250682901004,-0.8843459226132909,1
-0.548178255615647,-0.6910775831687861,-0.7107777948424792,0.3041570408525561,1.446995469779169,0.6430612782891255,1.2240250682901004,-1.2341572780106842,0
1.1838542987867098,1.6996287525393357,1.6012682266554532,0.4372511787248489,0.8637345770122132,1.594746211291224,-0.8169767318548042,1.5643335651684624,1
-0.2017717447351757,-0.2551653168288432,-0.1362274362067654,1.0361747991501662,-0.8860481012886536,-0.3086236547129729,1.2240250682901004,0.5148994989762825,0
0.491041277025767,1.6996287525393357,1.4905115310148336,0.104515834044117,1.446995469779169,0.960289589289825,-0.8169767318548042,-0.1847232118185042,0
1.530260809667181,-1.3177014660324533,-1.499919251281893,0.3041570408525561,-0.302787208521698,1.2775179002905246,1.2240250682901004,-0.8843459226132909,0
1.1838542987867098,-1.399435015971192,-1.29917274043327,-0.2947665795727612,-0.8860481012886536,-0.943080276714372,1.2240250682901004,0.8647108543736758,0
-1.24099127737659,1.066193740514107,1.2620758462560555,-0.3613136485089076,-1.4693089940556092,0.6430612782891255,1.2240250682901004,0.1650881435788891,0
1.1838542987867098,0.9299711572828756,1.0544070419298948,-0.4944077863812003,-0.302787208521698,0.960289589289825,-0.8169767318548042,-0.1847232118185042,1
0.8374477879062384,0.180746949511099,0.2306541181027869,-0.0951253727643221,-1.4693089940556092,0.0086046562877266,-0.8169767318548042,-0.5345345672158975,0
0.1446347661452956,0.1671246911879761,-0.0462376209987621,-1.692255027231835,-0.302787208521698,-0.3086236547129729,-0.8169767318548042,-0.8843459226132909,0
0.1446347661452956,-1.624202278302725,-1.5414530121471255,0.3707041097887025,0.2804736842452576,1.594746211291224,1.2240250682901004,0.1650881435788891,0
0.8374477879062384,0.3850808243579469,0.1060528355070901,0.3707041097887025,-0.302787208521698,-1.2603085877150713,1.2240250682901004,1.214522209771069,1
-1.5873977882570611,-0.6229662915531697,-0.5238758709489334,-0.960237268934225,-1.4693089940556092,1.2775179002905246,1.2240250682901004,-0.5345345672158975,0
-0.2017717447351757,1.0389492238678613,1.3382210745089824,0.104515834044117,1.446995469779169,0.6430612782891255,1.2240250682901004,-0.8843459226132909,0
-1.5873977882570611,-0.2551653168288432,-0.0323930340436843,0.0379687651079706,0.8637345770122132,-0.943080276714372,-0.8169767318548042,1.214522209771069,0
0.8374477879062384,-1.556090986687109,-1.6383651208326675,-0.2947665795727612,-0.8860481012886536,0.0086046562877266,-0.8169767318548042,1.214522209771069,0
0.491041277025767,1.277338744522517,1.3312987810314438,0.6368923855332881,1.446995469779169,0.0086046562877266,-0.8169767318548042,-0.1847232118185042,0
0.1446347661452956,0.6439037324972883,0.5629242050246451,0.7699865234055808,0.2804736842452576,0.960289589289825,-0.8169767318548042,-0.8843459226132909,1
-1.5873977882570611,-0.4050101583831983,-0.6969332078874014,-1.2264255446788106,1.446995469779169,0.0086046562877266,-0.8169767318548042,0.1650881435788891,0
-0.2017717447351757,-1.235967916093714,-1.0984262295846472,0.3041570408525561,0.2804736842452576,-1.5775368987157707,1.2240250682901004,-0.8843459226132909,0
0.1446347661452956,0.2488582411267153,0.2306541181027869,-0.8936901999980786,0.2804736842452576,-0.3086236547129729,-0.8169767318548042,-0.8843459226132909,0
0.8374477879062384,-1.848969540634258,-1.7075880556080545,-0.0951253727643221,-0.302787208521698,0.6430612782891255,1.2240250682901004,0.5148994989762825,0
-0.8945847664961184,-1.3381348535171378,-1.5691421860572805,-0.4944077863812003,0.2804736842452576,0.0086046562877266,1.2240250682901004,-1.2341572780106842,0
-0.8945847664961184,0.1194467870570446,0.202964944192632,0.96962773021402,-0.302787208521698,-1.2603085877150713,-0.8169767318548042,-1.5839686334080776,0
-1.24099127737659,-1.6037688908180403,-1.486074664326816,-0.5609548553173468,1.446995469779169,0.3258329672884261,-0.8169767318548042,0.8647108543736758,0
1.1838542987867098,-1.290456949386207,-0.9945918274215668,2.234022040000801,0.2804736842452576,-1.5775368987157707,1.2240250682901004,0.8647108543736758,1
-0.2017717447351757,0.9980824488984912,1.2897650201662112,-0.6940489931896395,0.8637345770122132,-1.5775368987157707,-0.8169767318548042,0.5148994989762825,0
-0.548178255615647,-1.120178720347167,-1.4653077838941997,0.5703453165971416,0.2804736842452576,-1.2603085877150713,-0.8169767318548042,0.1650881435788891,0
0.491041277025767,-0.2619764459904047,-0.3369739470553883,0.3707041097887025,0.8637345770122132,0.0086046562877266,1.2240250682901004,-1.2341572780106842,0
0.491041277025767,0.0172798496336204,-0.0185484470886072,0.1710629029802634,-0.302787208521698,-0.3086236547129729,-0.8169767318548042,1.5643335651684624,0
0.1446347661452956,1.297772132007201,1.62203510708807,-0.6275019242534932,-0.8860481012886536,0.3258329672884261,-0.8169767318548042,-0.1847232118185042,0
-0.548178255615647,-0.9567116204696884,-1.2368720991354218,1.3689101438308982,-0.8860481012886536,-0.6258519657136724,1.2240250682901004,0.1650881435788891,0
1.530260809667181,-0.5548549999375539,-0.8769128383034086,-1.4260667514872496,-0.302787208521698,-1.5775368987157707,1.2240250682901004,1.214522209771069,0
-0.2017717447351757,1.1887940654222156,1.4974338244923722,0.3707041097887025,1.446995469779169,1.594746211291224,-0.8169767318548042,-0.5345345672158975,0
-0.8945847664961184,-1.0656896870546742,-1.1953383382701896,0.3707041097887025,-0.302787208521698,0.0086046562877266,-0.8169767318548042,1.214522209771069,0
1.530260809667181,0.2897250160960847,0.5352350311144909,0.8365335923417272,1.446995469779169,-0.6258519657136724,-0.8169767318548042,-1.5839686334080776,1
0.8374477879062384,0.4531921159735627,0.4106337485187941,0.1710629029802634,-1.4693089940556092,-0.3086236547129729,1.2240250682901004,1.214522209771069,0
-0.8945847664961184,1.236471969553147,1.172086031048053,-0.960237268934225,0.2804736842452576,-1.2603085877150713,-0.8169767318548042,1.5643335651684624,0
1.1838542987867098,-0.6025329040684848,-0.6207879796344759,0.4372511787248489,-0.302787208521698,0.6430612782891255,1.2240250682901004,1.214522209771069,0
0.491041277025767,0.3169695327423311,0.6459917267551105,1.4354572127670446,1.446995469779169,-1.5775368987157707,-0.8169767318548042,0.8647108543736758,0
0.8374477879062384,0.1058245287339217,0.1752757702824771,-0.0285783038281757,-1.4693089940556092,0.960289589289825,-0.8169767318548042,1.214522209771069,0
0.1446347661452956,-1.1065564620240431,-1.112270816539725,0.6368923855332881,-0.302787208521698,0.6430612782891255,-0.8169767318548042,1.5643335651684624,0
1.1838542987867098,-0.159809508566981,-0.316207066622772,0.3041570408525561,-0.302787208521698,0.0086046562877266,-0.8169767318548042,-1.2341572780106842,0
1.530260809667181,1.222849711230024,1.1236299767052818,-0.1616724417004685,-1.4693089940556092,1.594746211291224,-0.8169767318548042,-1.2341572780106842,0
0.8374477879062384,-0.4322546750294447,-0.3300516535778497,-0.2947665795727612,-0.302787208521698,1.2775179002905246,1.2240250682901004,-1.5839686334080776,0
1.530260809667181,-1.1474232369934134,-1.2714835665231152,-0.1616724417004685,1.446995469779169,-1.2603085877150713,-0.8169767318548042,-0.5345345672158975,0
1.530260809667181,1.5225393943387342,1.4628223571046792,0.96962773021402,-0.8860481012886536,0.960289589289825,-0.8169767318548042,-0.1847232118185042,1
1.1838542987867098,0.8686709948288212,1.1236299767052818,-0.960237268934225,0.2804736842452576,0.6430612782891255,-0.8169767318548042,-0.5345345672158975,1
-0.548178255615647,1.1887940654222156,1.3382210745089824,-1.2929726136149569,-0.302787208521698,0.0086046562877266,1.2240250682901004,-0.5345345672158975,0
-0.548178255615647,0.4736255034582483,0.3690999876535614,-1.0267843378703714,0.2804736842452576,0.6430612782891255,-0.8169767318548042,0.8647108543736758,0
-0.2017717447351757,-0.1189427335976111,-0.3577408274880046,-0.6940489931896395,-0.302787208521698,-1.2603085877150713,-0.8169767318548042,-1.5839686334080776,0
-0.2017717447351757,1.93120714403243,1.6497242809982244,0.7699865234055808,-0.8860481012886536,-0.3086236547129729,-0.8169767318548042,-1.5839686334080776,0
-1.24099127737659,0.0922022704107982,-0.1223828492516876,0.1710629029802634,-0.8860481012886536,-0.3086236547129729,-0.8169767318548042,0.1650881435788891,0
-0.2017717447351757,-0.0099646670126259,0.2514209985354033,-0.6275019242534932,-0.302787208521698,1.2775179002905246,-0.8169767318548042,-0.8843459226132909,0
1.1838542987867098,-1.1338009786702898,-1.29917274043327,-1.0267843378703714,0.2804736842452576,-1.2603085877150713,-0.8169767318548042,-1.2341572780106842,0
0.1446347661452956,0.4940588909429326,0.7775153028283458,0.6368923855332881,1.446995469779169,-0.3086236547129729,-0.8169767318548042,0.1650881435788891,0
1.530260809667181,-0.9907672662774962,-0.8284567839606374,-2.3577257165932988,-0.8860481012886536,1.2775179002905246,-0.8169767318548042,1.5643335651684624,0
0.1446347661452956,-1.024822912085304,-1.2022606317477282,0.9030806612778736,-0.302787208521698,-0.6258519657136724,-0.8169767318548042,1.214522209771069,0
-1.5873977882570611,-0.500365966645061,-0.6484771535446308,-0.960237268934225,0.2804736842452576,-1.5775368987157707,1.2240250682901004,-0.8843459226132909,0
1.530260809667181,1.6723842358930898,1.3728325418966754,0.7034394544694345,0.8637345770122132,1.2775179002905246,1.2240250682901004,0.8647108543736758,1
0.491041277025767,0.3782696951963855,0.3690999876535614,1.3689101438308982,-0.8860481012886536,-0.3086236547129729,1.2240250682901004,1.5643335651684624,0
0.491041277025767,0.1535024328648525,0.1475865963723222,2.4336632468092403,0.2804736842452576,1.594746211291224,-0.8169767318548042,1.5643335651684624,0
-0.8945847664961184,-1.365379370163384,-1.631442827355129,1.302363074894752,-0.302787208521698,1.594746211291224,-0.8169767318548042,0.1650881435788891,0
0.8374477879062384,1.5089171360156113,1.518200704924989,0.1710629029802634,1.446995469779169,-1.2603085877150713,-0.8169767318548042,0.1650881435788891,1
-1.24099127737659,-0.0440203128204338,-0.115460555774149,-1.7588020961679816,0.2804736842452576,0.6430612782891255,1.2240250682901004,0.5148994989762825,0
1.1838542987867098,-0.3164654792828976,-0.3923522948756981,-1.3595196825511031,-0.8860481012886536,1.2775179002905246,-0.8169767318548042,0.1650881435788891,0
-0.548178255615647,-1.5492798575255478,-1.6798988816978997,0.5037982476609952,0.8637345770122132,0.0086046562877266,1.2240250682901004,1.214522209771069,0
1.530260809667181,-1.290456949386207,-1.223027512180345,-0.0285783038281757,0.8637345770122132,-0.943080276714372,-0.8169767318548042,-0.8843459226132909,0
0.491041277025767,0.0513354954414289,0.2791101724455582,-0.6275019242534932,-0.302787208521698,1.594746211291224,1.2240250682901004,-1.2341572780106842,0
-0.8945847664961184,0.9640268030906828,0.6598363137101876,-1.093331406806518,0.8637345770122132,-0.943080276714372,-0.8169767318548042,-1.5839686334080776,0
1.1838542987867098,1.2024163237453398,1.552812172312682,-0.960237268934225,-0.8860481012886536,1.2775179002905246,-0.8169767318548042,-1.2341572780106842,0
0.491041277025767,-0.513988224968184,-0.5723319252917046,-0.2947665795727612,-1.4693089940556092,-1.2603085877150713,-0.8169767318548042,-1.2341572780106842,0
-1.24099127737659,-1.113367591185605,-1.3891625556412734,-0.0951253727643221,-1.4693089940556092,-1.5775368987157707,1.2240250682901004,1.214522209771069,0
-1.24099127737659,-0.2619764459904047,-0.1708389035944588,-1.492613820423396,0.8637345770122132,-0.6258519657136724,1.2240250682901004,-1.2341572780106842,0
1.1838542987867098,0.1126356578954832,0.306799346355713,1.7681925574477764,-0.302787208521698,0.960289589289825,-0.8169767318548042,-1.2341572780106842,1
1.1838542987867098,1.2160385820684627,1.0197955745422007,0.3041570408525561,-0.8860481012886536,1.594746211291224,-0.8169767318548042,0.5148994989762825,0
-0.8945847664961184,-0.7319443581381554,-0.4408083492184687,-1.159878475742664,-0.8860481012886536,0.960289589289825,-0.8169767318548042,1.5643335651684624,0
0.8374477879062384,-0.8681669413693875,-1.0153587078541826,-0.0285783038281757,1.446995469779169,-0.3086236547129729,1.2240250682901004,1.5643335651684624,0
0.1446347661452956,-0.8136779080768948,-0.6277102731120144,1.4354572127670446,-0.302787208521698,-0.3086236547129729,-0.8169767318548042,1.214522209771069,0
0.491041277025767,0.2216137244804689,0.3137216398332516,-0.2947665795727612,1.446995469779169,-0.3086236547129729,-0.8169767318548042,0.8647108543736758,0
-0.8945847664961184,1.7745511733165142,1.5735790527452989,0.0379687651079706,1.446995469779169,0.6430612782891255,-0.8169767318548042,-1.2341572780106842,0
0.8374477879062384,-1.0112006537621812,-0.8630682513483309,-0.427860717445054,-0.8860481012886536,0.3258329672884261,-0.8169767318548042,-0.8843459226132909,0
-0.8945847664961184,1.4680503610462414,1.7051026288185342,1.4354572127670446,1.446995469779169,0.3258329672884261,-0.8169767318548042,-0.1847232118185042,1
-0.548178255615647,-0.1666206377285425,-0.0116261536110686,-0.5609548553173468,-1.4693089940556092,-1.2603085877150713,-0.8169767318548042,1.214522209771069,0
0.8374477879062384,-0.4526880625141297,-0.1569943166393817,-0.1616724417004685,-0.302787208521698,0.6430612782891255,1.2240250682901004,1.5643335651684624,0
-1.5873977882570611,-0.4050101583831983,-0.1293051427292268,1.6350984195754836,0.2804736842452576,0.960289589289825,-0.8169767318548042,0.1650881435788891,0
0.491041277025767,0.7188261532744655,0.5698464985021837,0.5037982476609952,-1.4693089940556092,-0.943080276714372,-0.8169767318548042,0.5148994989762825,0
0.491041277025767,-0.0372091836588718,0.1821980637600156,-0.4944077863812003,-0.302787208521698,0.960289589289825,1.2240250682901004,0.5148994989762825,0
-0.548178255615647,1.5838395567927883,1.275920433211134,0.7034394544694345,0.8637345770122132,1.2775179002905246,1.2240250682901004,0.5148994989762825,0
0.1446347661452956,-0.7387554872997169,-0.4546529361735464,-0.4944077863812003,-0.302787208521698,0.960289589289825,1.2240250682901004,-1.5839686334080776,0
-0.8945847664961184,-0.159809508566981,-0.3785077079206203,0.4372511787248489,-0.302787208521698,0.3258329672884261,-0.8169767318548042,-1.2341572780106842,0
-1.5873977882570611,0.766504057405397,0.4660120963391039,0.96962773021402,-1.4693089940556092,-0.943080276714372,-0.8169767318548042,0.1650881435788891,0
0.8374477879062384,-0.0712648294666803,0.0437521942092411,0.1710629029802634,1.446995469779169,0.0086046562877266,1.2240250682901004,-1.2341572780106842,0
-0.548178255615647,-1.9443253488961203,-1.728354936040671,0.5703453165971416,-1.4693089940556092,0.6430612782891255,-0.8169767318548042,-0.5345345672158975,0
0.491041277025767,1.6247063317621586,1.587423639700376,-0.3613136485089076,0.8637345770122132,0.0086046562877266,1.2240250682901004,0.5148994989762825,0
-0.8945847664961184,1.066193740514107,1.137474563660359,-0.960237268934225,0.8637345770122132,0.3258329672884261,-0.8169767318548042,-0.1847232118185042,0
-1.5873977882570611,-0.3845767708985139,-0.0808490883864555,-0.0285783038281757,-0.8860481012886536,1.594746211291224,-0.8169767318548042,-0.1847232118185042,0
-0.2017717447351757,-0.5412327416144305,-0.7453892622301727,1.4354572127670446,1.446995469779169,1.594746211291224,-0.8169767318548042,0.5148994989762825,0
0.491041277025767,0.3442140493885769,0.1060528355070901,1.4354572127670446,-0.302787208521698,-0.6258519657136724,1.2240250682901004,0.5148994989762825,1
0.8374477879062384,-1.576524374171794,-1.3822402621637349,0.6368923855332881,-1.4693089940556092,1.2775179002905246,-0.8169767318548042,-0.5345345672158975,0
0.8374477879062384,0.1398801745417296,-0.0393153275212229,-0.6275019242534932,0.8637345770122132,0.960289589289825,1.2240250682901004,0.5148994989762825,0
-1.24099127737659,-1.3449459826786998,-1.5137638382369707,-0.0951253727643221,1.446995469779169,-0.6258519657136724,1.2240250682901004,0.5148994989762825,0
0.491041277025767,0.8141819615363283,0.6598363137101876,1.0361747991501662,-0.8860481012886536,-0.943080276714372,1.2240250682901004,-1.5839686334080776,0
-0.2017717447351757,0.8618598656672597,0.5421573245920295,-0.0285783038281757,-0.8860481012886536,-0.3086236547129729,1.2240250682901004,-0.8843459226132909,0
-1.24099127737659,-0.6910775831687861,-0.8146121970055596,-0.6275019242534932,0.8637345770122132,1.594746211291224,-0.8169767318548042,-0.5345345672158975,0
-0.2017717447351757,1.3863168111075028,1.5389675853576048,1.0361747991501662,-1.4693089940556092,1.594746211291224,-0.8169767318548042,0.1650881435788891,0
-0.2017717447351757,0.3374029202270155,0.029907607254164,2.5002103157453868,-0.8860481012886536,-0.3086236547129729,-0.8169767318548042,1.214522209771069,0
1.530260809667181,-0.4186324167063218,-0.5515650448590883,-0.2282195106366148,0.8637345770122132,1.594746211291224,-0.8169767318548042,0.5148994989762825,0
1.530260809667181,-0.0303980544973103,0.2375764115803255,-1.093331406806518,0.8637345770122132,-0.3086236547129729,1.2240250682901004,-0.5345345672158975,0
0.491041277025767,-0.8068667789153333,-0.835379077438176,0.2376099719164097,-1.4693089940556092,-0.3086236547129729,-0.8169767318548042,-1.5839686334080776,0
1.530260809667181,-1.3313237243555762,-1.326861914343425,1.901286695320069,-0.8860481012886536,1.594746211291224,-0.8169767318548042,-0.1847232118185042,0
1.1838542987867098,-0.3096543501213361,-0.6207879796344759,0.3041570408525561,-0.302787208521698,0.6430612782891255,1.2240250682901004,-1.5839686334080776,0
-0.8945847664961184,-0.1529983794054196,-0.0323930340436843,1.3689101438308982,-1.4693089940556092,0.3258329672884261,-0.8169767318548042,-0.8843459226132909,0
-1.24099127737659,0.3237806619038926,0.244498705057864,-0.2282195106366148,-1.4693089940556092,-0.943080276714372,-0.8169767318548042,-1.5839686334080776,0
-0.548178255615647,-1.8898363156036275,-1.6175982404000513,0.1710629029802634,-1.4693089940556092,1.2775179002905246,-0.8169767318548042,-0.1847232118185042,0
0.1446347661452956,0.5213034075891797,0.81212677021604,2.566757384681533,-0.302787208521698,-1.2603085877150713,1.2240250682901004,0.1650881435788891,1
0.1446347661452956,-1.5969577616564783,-1.3822402621637349,0.1710629029802634,-0.8860481012886536,0.3258329672884261,1.2240250682901004,0.5148994989762825,0
-1.24099127737659,-0.3028432209597747,-0.1708389035944588,-1.2264255446788106,1.446995469779169,0.6430612782891255,1.2240250682901004,-1.2341572780106842,0
-0.2017717447351757,-0.1257538627591731,-0.3369739470553883,0.0379687651079706,0.2804736842452576,-0.3086236547129729,1.2240250682901004,0.5148994989762825,0
-0.8945847664961184,-1.3790016284865076,-1.2091829252252668,-0.0951253727643221,-1.4693089940556092,1.594746211291224,1.2240250682901004,1.214522209771069,0
1.530260809667181,1.8494735940936915,1.5805013462228374,-0.7605960621257859,1.446995469779169,1.594746211291224,-0.8169767318548042,1.5643335651684624,1
-0.548178255615647,-0.5548549999375539,-0.2885178927126171,0.1710629029802634,-1.4693089940556092,1.2775179002905246,-0.8169767318548042,-0.1847232118185042,0
0.8374477879062384,0.0649577537645518,-0.1293051427292268,0.0379687651079706,-1.4693089940556092,-1.2603085877150713,1.2240250682901004,0.5148994989762825,0
1.530260809667181,-0.9499004913081268,-0.6761663274547857,-0.7605960621257859,-0.8860481012886536,0.6430612782891255,-0.8169767318548042,1.214522209771069,0
0.491041277025767,0.9708379322522456,0.7844375963058844,1.3689101438308982,-1.4693089940556092,0.3258329672884261,1.2240250682901004,-1.2341572780106842,0
1.530260809667181,1.3931279402690642,1.5389675853576048,-0.0285783038281757,-1.4693089940556092,-0.3086236547129729,1.2240250682901004,-0.5345345672158975,0
-1.5873977882570611,1.263716486199394,1.1236299767052818,1.9678337642562156,0.2804736842452576,-0.3086236547129729,-0.8169767318548042,0.8647108543736758,1
-0.548178255615647,-1.5833355033333556,-1.403007142596351,-2.4242727855294453,-1.4693089940556092,-1.5775368987157707,-0.8169767318548042,-0.8843459226132909,0
-0.548178255615647,1.2024163237453398,1.1582414440929758,0.7034394544694345,1.446995469779169,-1.5775368987157707,1.2240250682901004,0.1650881435788891,0
1.530260809667181,-1.0180117829237427,-0.7038555013649406,1.102721868086313,-1.4693089940556092,1.2775179002905246,-0.8169767318548042,-1.2341572780106842,0
0.8374477879062384,-0.4458769333525682,-0.6138656861569367,1.0361747991501662,-1.4693089940556092,0.0086046562877266,1.2240250682901004,0.8647108543736758,0
-1.24099127737659,0.1671246911879761,0.4452452159064869,0.7034394544694345,0.2804736842452576,0.6430612782891255,-0.8169767318548042,0.1650881435788891,0
0.8374477879062384,0.0445243662798668,0.1821980637600156,0.0379687651079706,-0.8860481012886536,-0.6258519657136724,1.2240250682901004,0.1650881435788891,0
-1.24099127737659,1.3522611652996943,1.3174541940763655,-0.2282195106366148,-1.4693089940556092,-0.6258519657136724,-0.8169767318548042,-0.1847232118185042,0
0.491041277025767,0.9708379322522456,1.24130896582344,-0.1616724417004685,0.2804736842452576,0.960289589289825,1.2240250682901004,-0.1847232118185042,0
-1.5873977882570611,-0.0848870877898032,-0.2815955992350785,0.7034394544694345,1.446995469779169,0.960289589289825,-0.8169767318548042,-0.8843459226132909,0
0.1446347661452956,0.7937485740516428,0.6113802593674164,0.96962773021402,1.446995469779169,1.2775179002905246,-0.8169767318548042,0.5148994989762825,1
-1.5873977882570611,1.2432830987147083,1.4974338244923722,-0.960237268934225,-0.8860481012886536,0.3258329672884261,1.2240250682901004,-0.1847232118185042,0
-1.5873977882570611,-0.9226559746618804,-1.08458164262957,0.7034394544694345,-0.302787208521698,1.594746211291224,1.2240250682901004,0.5148994989762825,0
0.1446347661452956,-1.235967916093714,-1.2922504469557317,1.0361747991501662,0.2804736842452576,0.6430612782891255,1.2240250682901004,-1.2341572780106842,0
-1.24099127737659,0.3918919535195084,0.6321471398000321,1.6350984195754836,0.2804736842452576,-0.6258519657136724,1.2240250682901004,-1.2341572780106842,1
1.530260809667181,-0.2415430585057203,-0.1569943166393817,-0.2282195106366148,1.446995469779169,-0.943080276714372,-0.8169767318548042,1.214522209771069,0
0.491041277025767,-1.3108903368708913,-1.153804577404957,-1.692255027231835,-1.4693089940556092,1.594746211291224,-0.8169767318548042,1.214522209771069,0
-0.548178255615647,-0.7251332289765939,-0.6553994470221693,1.901286695320069,0.8637345770122132,0.0086046562877266,-0.8169767318548042,-1.2341572780106842,0
0.8374477879062384,-1.3381348535171378,-1.1676491643600349,-0.8271431310619323,0.2804736842452576,-0.3086236547129729,-0.8169767318548042,1.5643335651684624,0
-0.8945847664961184,1.236471969553147,0.9228834658566584,-1.3595196825511031,-0.302787208521698,1.2775179002905246,-0.8169767318548042,0.5148994989762825,0
1.530260809667181,1.1683606779375313,1.1651637375705144,-0.4944077863812003,-0.8860481012886536,0.960289589289825,-0.8169767318548042,1.5643335651684624,0
1.1838542987867098,-0.0712648294666803,0.0852859550744738,-3.2228376127632017,-0.302787208521698,-0.3086236547129729,1.2240250682901004,0.8647108543736758,0
0.8374477879062384,0.9844601905753684,0.8675051180363484,-0.6275019242534932,-1.4693089940556092,-1.2603085877150713,1.2240250682901004,-0.5345345672158975,0
1.530260809667181,0.2284248536420304,0.029907607254164,1.169268937022459,0.2804736842452576,1.594746211291224,1.2240250682901004,-1.5839686334080776,1
1.1838542987867098,-1.631013407464287,-1.4099294360738897,-0.960237268934225,-0.8860481012886536,0.3258329672884261,-0.8169767318548042,-1.2341572780106842,0
1.530260809667181,0.8073708323747668,1.1651637375705144,0.2376099719164097,-1.4693089940556092,-0.6258519657136724,-0.8169767318548042,-0.5345345672158975,0
-0.8945847664961184,-1.780858249018642,-1.6175982404000513,-0.2282195106366148,-0.8860481012886536,-1.2603085877150713,-0.8169767318548042,-0.5345345672158975,0
-0.548178255615647,0.3987030826810698,0.306799346355713,-0.427860717445054,0.2804736842452576,1.2775179002905246,-0.8169767318548042,-1.2341572780106842,0
-1.5873977882570611,-0.330087737606021,-0.1223828492516876,0.96962773021402,0.8637345770122132,-0.6258519657136724,-0.8169767318548042,1.5643335651684624,0
0.491041277025767,1.07981599883723,0.9713395201994296,0.3041570408525561,-0.8860481012886536,1.2775179002905246,-0.8169767318548042,1.5643335651684624,0
1.530260809667181,0.1466913037032911,-0.0047038601335294,0.9030806612778736,0.2804736842452576,0.0086046562877266,-0.8169767318548042,0.8647108543736758,1
-0.548178255615647,-0.6025329040684848,-0.6623217404997079,-1.159878475742664,0.2804736842452576,0.0086046562877266,-0.8169767318548042,-1.5839686334080776,0
1.1838542987867098,1.406750198592187,1.3589879549415982,0.3041570408525561,-0.302787208521698,0.960289589289825,-0.8169767318548042,0.8647108543736758,1
-1.5873977882570611,-0.1529983794054196,-0.4892644035612399,0.5037982476609952,-0.302787208521698,0.0086046562877266,-0.8169767318548042,-0.1847232118185042,0
1.530260809667181,1.7949845608011985,1.62203510708807,1.70164548851163,-0.302787208521698,1.594746211291224,1.2240250682901004,-0.5345345672158975,1
-0.8945847664961184,-1.4947908242330548,-1.4583854904166609,-0.1616724417004685,-1.4693089940556092,-0.6258519657136724,-0.8169767318548042,0.8647108543736758,0
1.530260809667181,0.6439037324972883,0.6598363137101876,1.4354572127670446,-0.8860481012886536,0.3258329672884261,-0.8169767318548042,1.214522209771069,1
-1.5873977882570611,-0.909033716338757,-1.1330376969723408,-0.0285783038281757,-0.8860481012886536,0.960289589289825,-0.8169767318548042,0.8647108543736758,0
1.530260809667181,0.514492278427617,0.4729343898166425,1.901286695320069,0.8637345770122132,0.3258329672884261,-0.8169767318548042,-0.5345345672158975,1
-0.2017717447351757,-1.5424687283639862,-1.7352772295182095,-0.7605960621257859,0.8637345770122132,1.2775179002905246,1.2240250682901004,0.1650881435788891,0
0.1446347661452956,-0.1189427335976111,0.202964944192632,-0.6940489931896395,1.446995469779169,-0.943080276714372,1.2240250682901004,0.8647108543736758,0
-0.548178255615647,1.297772132007201,1.414366302761908,0.3707041097887025,0.8637345770122132,-1.5775368987157707,-0.8169767318548042,-0.5345345672158975,0
1.530260809667181,-0.0644537003051182,-0.2885178927126171,0.4372511787248489,-1.4693089940556092,0.960289589289825,-0.8169767318548042,0.8647108543736758,0
0.8374477879062384,0.4668143742966868,0.2514209985354033,0.6368923855332881,-0.302787208521698,0.6430612782891255,1.2240250682901004,-1.2341572780106842,1
-0.548178255615647,1.6791953650546514,1.5597344657902206,-0.0285783038281757,1.446995469779169,-0.6258519657136724,1.2240250682901004,-1.5839686334080776,0
0.8374477879062384,-1.1406121078318512,-0.8769128383034086,-0.7605960621257859,-1.4693089940556092,-1.5775368987157707,1.2240250682901004,0.8647108543736758,0
-0.2017717447351757,0.766504057405397,0.6944477810978805,0.2376099719164097,-0.302787208521698,1.594746211291224,1.2240250682901004,-0.5345345672158975,0
1.530260809667181,-1.1882900119627826,-1.2714835665231152,0.9030806612778736,0.8637345770122132,0.0086046562877266,-0.8169767318548042,0.5148994989762825,1
1.1838542987867098,0.5962258283663568,0.6044579658898779,1.169268937022459,-1.4693089940556092,-0.943080276714372,-0.8169767318548042,-0.8843459226132909,1
0.1446347661452956,0.9776490614138068,0.7082923680529589,0.7699865234055808,-0.302787208521698,0.960289589289825,-0.8169767318548042,-0.5345345672158975,1
1.530260809667181,0.3987030826810698,0.2306541181027869,2.766398591489972,0.8637345770122132,-0.3086236547129729,1.2240250682901004,0.1650881435788891,1
-0.8945847664961184,0.5757924408816725,0.3344885202658673,-1.9584433029764208,-1.4693089940556092,-0.943080276714372,-0.8169767318548042,0.8647108543736758,0
-1.24099127737659,0.1398801745417296,-0.0185484470886072,1.502004281703191,0.2804736842452576,0.960289589289825,1.2240250682901004,-0.8843459226132909,0
0.491041277025767,0.6302814741741654,0.4937012702492582,0.7034394544694345,1.446995469779169,0.3258329672884261,-0.8169767318548042,0.5148994989762825,0
0.1446347661452956,-0.3845767708985139,-0.420041468785853,-1.692255027231835,-0.302787208521698,-1.2603085877150713,1.2240250682901004,-1.5839686334080776,0
1.1838542987867098,1.297772132007201,1.3382210745089824,0.104515834044117,0.8637345770122132,0.0086046562877266,-0.8169767318548042,-1.2341572780106842,1
-0.2017717447351757,0.0377132371183054,-0.2054503709821523,0.1710629029802634,1.446995469779169,1.594746211291224,1.2240250682901004,-0.1847232118185042,0
0.8374477879062384,-0.8204890372384562,-0.7107777948424792,0.104515834044117,0.8637345770122132,1.2775179002905246,1.2240250682901004,-1.2341572780106842,0
0.491041277025767,1.297772132007201,1.5112784114474505,3.099133936170704,0.8637345770122132,1.2775179002905246,1.2240250682901004,0.8647108543736758,1
-0.2017717447351757,-1.1474232369934134,-1.0222810013317216,-0.7605960621257859,0.2804736842452576,0.6430612782891255,-0.8169767318548042,1.5643335651684624,0
0.491041277025767,-0.5207993541297461,-0.5031089905163177,1.3689101438308982,1.446995469779169,-0.3086236547129729,1.2240250682901004,0.5148994989762825,0
0.1446347661452956,1.1002493863219156,0.81212677021604,-0.4944077863812003,1.446995469779169,-0.3086236547129729,1.2240250682901004,-0.8843459226132909,0
1.1838542987867098,-0.6365885498762932,-0.9253688926461792,-1.159878475742664,-0.8860481012886536,-0.943080276714372,-0.8169767318548042,-1.2341572780106842,0
-0.548178255615647,1.222849711230024,1.2966873136437498,0.1710629029802634,0.2804736842452576,-1.5775368987157707,-0.8169767318548042,-0.1847232118185042,0
1.530260809667181,-0.8886003288540719,-1.0707370556744924,-0.1616724417004685,-0.8860481012886536,1.2775179002905246,1.2240250682901004,1.214522209771069,0
-0.2017717447351757,0.160313562026414,0.2098872376701706,0.5037982476609952,-0.8860481012886536,-1.5775368987157707,1.2240250682901004,-0.5345345672158975,0
-0.8945847664961184,1.1615495487759695,1.3036096071212884,0.0379687651079706,-0.302787208521698,-1.2603085877150713,1.2240250682901004,-0.5345345672158975,0
-1.24099127737659,1.2705276153609557,0.985184107154508,-0.3613136485089076,-0.302787208521698,0.960289589289825,1.2240250682901004,-0.8843459226132909,0
-0.2017717447351757,1.5361616526618571,1.3728325418966754,1.302363074894752,-1.4693089940556092,1.594746211291224,-0.8169767318548042,-0.8843459226132909,0
1.1838542987867098,-0.2347319293441582,-0.4061968818307752,-1.093331406806518,0.8637345770122132,-0.943080276714372,1.2240250682901004,-1.5839686334080776,0
-1.5873977882570611,-1.1474232369934134,-1.326861914343425,-0.2282195106366148,1.446995469779169,-1.5775368987157707,1.2240250682901004,0.1650881435788891,0
0.491041277025767,0.90953776979819,1.0959408027951263,0.8365335923417272,-0.302787208521698,0.960289589289825,-0.8169767318548042,-0.1847232118185042,1
1.530260809667181,1.0185158363831757,0.7844375963058844,1.4354572127670446,1.446995469779169,1.594746211291224,-0.8169767318548042,0.8647108543736758,1
0.1446347661452956,0.6915816366282197,0.722136955008036,-0.2282195106366148,-0.302787208521698,-0.3086236547129729,-0.8169767318548042,-0.1847232118185042,0
1.530260809667181,-0.1666206377285425,-0.1777611970719974,-0.5609548553173468,-0.302787208521698,-0.6258519657136724,1.2240250682901004,0.5148994989762825,0
-0.548178255615647,0.9572156739291212,0.9367280528117368,0.3041570408525561,-0.8860481012886536,0.6430612782891255,-0.8169767318548042,-1.5839686334080776,0
0.8374477879062384,-1.120178720347167,-1.0153587078541826,3.8976987634044606,0.2804736842452576,0.0086046562877266,-0.8169767318548042,0.8647108543736758,1
-0.2017717447351757,-0.895411458015634,-1.0638147621969538,-1.3595196825511031,-0.8860481012886536,0.0086046562877266,-0.8169767318548042,-0.8843459226132909,0
0.1446347661452956,-1.5288464700408628,-1.6798988816978997,1.5685513506393374,0.8637345770122132,-1.5775368987157707,-0.8169767318548042,-0.1847232118185042,0
1.530260809667181,-1.8149138948264496,-1.603753653444974,-0.2282195106366148,-0.8860481012886536,0.3258329672884261,1.2240250682901004,-0.1847232118185042,0
-0.2017717447351757,-0.874978070530949,-1.112270816539725,0.7699865234055808,-0.8860481012886536,0.960289589289825,-0.8169767318548042,1.5643335651684624,0
0.491041277025767,0.8482376073441356,1.102863096272666,-0.1616724417004685,-1.4693089940556092,1.2775179002905246,1.2240250682901004,-1.2341572780106842,0
-0.8945847664961184,-1.1882900119627826,-1.3960848491188127,-0.0285783038281757,-0.8860481012886536,-1.5775368987157707,-0.8169767318548042,0.1650881435788891,0
-0.8945847664961184,1.1887940654222156,1.1859306180031302,0.9030806612778736,-1.4693089940556092,0.6430612782891255,-0.8169767318548042,0.5148994989762825,0
-0.2017717447351757,-0.7591888747844019,-0.4684975231286236,1.169268937022459,0.2804736842452576,0.960289589289825,1.2240250682901004,-0.1847232118185042,0
0.8374477879062384,0.8686709948288212,0.6459917267551105,2.034380833192362,-0.302787208521698,-0.3086236547129729,1.2240250682901004,1.5643335651684624,1
-0.8945847664961184,0.0581466246029903,-0.0808490883864555,-1.8918962340402743,0.8637345770122132,1.594746211291224,-0.8169767318548042,-0.8843459226132909,0
-1.24099127737659,0.1739358203495375,0.5006235637267967,0.1710629029802634,1.446995469779169,0.6430612782891255,1.2240250682901004,-0.5345345672158975,0
0.8374477879062384,0.2965361452576461,0.4937012702492582,-0.8271431310619323,0.2804736842452576,-0.943080276714372,-0.8169767318548042,-1.2341572780106842,0
-1.24099127737659,1.0593826113525455,1.3174541940763655,-0.1616724417004685,1.446995469779169,0.6430612782891255,1.2240250682901004,0.1650881435788891,0
0.1446347661452956,0.5417367950738641,0.5283127376369523,0.2376099719164097,1.446995469779169,-0.943080276714372,1.2240250682901004,0.1650881435788891,0
0.1446347661452956,-1.3245125951940149,-1.0430478817643374,0.3707041097887025,0.2804736842452576,-0.6258519657136724,1.2240250682901004,-1.2341572780106842,0
-0.2017717447351757,0.8005597032132054,0.6736809006652648,0.6368923855332881,0.2804736842452576,0.6430612782891255,1.2240250682901004,0.1650881435788891,0
1.530260809667181,1.7881734316396372,1.5597344657902206,-0.427860717445054,0.2804736842452576,-1.2603085877150713,1.2240250682901004,0.5148994989762825,1
-0.2017717447351757,0.330591791065454,0.4590898028615641,0.4372511787248489,-0.302787208521698,0.6430612782891255,-0.8169767318548042,1.5643335651684624,0
0.8374477879062384,1.4748614902078028,1.3036096071212884,-1.2264255446788106,0.8637345770122132,-1.5775368987157707,1.2240250682901004,-0.5345345672158975,1
-0.2017717447351757,0.8073708323747668,0.8328936506486556,-1.7588020961679816,1.446995469779169,-1.2603085877150713,-0.8169767318548042,-0.5345345672158975,0
1.530260809667181,1.7745511733165142,1.4905115310148336,0.3707041097887025,0.8637345770122132,-1.2603085877150713,-0.8169767318548042,-0.5345345672158975,1
-1.24099127737659,-1.079311945377797,-1.4168517295514282,1.901286695320069,0.2804736842452576,-0.3086236547129729,-0.8169767318548042,0.8647108543736758,0
-1.24099127737659,0.5826035700432339,0.4175560419963326,0.3707041097887025,-1.4693089940556092,-1.2603085877150713,1.2240250682901004,-1.5839686334080776,0
-0.2017717447351757,-1.6037688908180403,-1.7214326425631323,0.2376099719164097,-0.302787208521698,0.960289589289825,-0.8169767318548042,-1.2341572780106842,0
0.1446347661452956,0.1671246911879761,-0.0116261536110686,0.7034394544694345,-1.4693089940556092,1.2775179002905246,-0.8169767318548042,-0.1847232118185042,0
1.1838542987867098,1.84266246493213,1.6081905201329918,-0.427860717445054,0.8637345770122132,-1.2603085877150713,-0.8169767318548042,1.5643335651684624,1
1.1838542987867098,0.8482376073441356,0.825971357171117,-1.4260667514872496,-1.4693089940556092,0.6430612782891255,-0.8169767318548042,-0.8843459226132909,0
-1.5873977882570611,0.0853911412492368,-0.2123726644596909,-1.2929726136149569,0.2804736842452576,1.2775179002905246,-0.8169767318548042,-0.1847232118185042,0
-0.548178255615647,0.0990133995723597,0.4383229224289484,-0.2947665795727612,1.446995469779169,0.0086046562877266,-0.8169767318548042,0.1650881435788891,0
1.530260809667181,0.9912713197369298,1.2828427266886726,0.1710629029802634,-0.302787208521698,1.594746211291224,1.2240250682901004,-0.1847232118185042,1
0.1446347661452956,0.3850808243579469,0.4937012702492582,-0.6275019242534932,-0.302787208521698,-0.6258519657136724,1.2240250682901004,1.214522209771069,0
1.1838542987867098,1.5838395567927883,1.3866771288517523,0.1710629029802634,-1.4693089940556092,0.3258329672884261,1.2240250682901004,0.1650881435788891,0
0.491041277025767,-1.031634041246866,-0.9807472404664892,0.3041570408525561,-0.302787208521698,0.960289589289825,-0.8169767318548042,-1.2341572780106842,0
-0.548178255615647,1.107060515483477,1.2897650201662112,2.566757384681533,-1.4693089940556092,0.3258329672884261,-0.8169767318548042,0.1650881435788891,0
-0.2017717447351757,0.8482376073441356,0.7359815419631132,0.2376099719164097,-0.302787208521698,-1.5775368987157707,-0.8169767318548042,1.5643335651684624,0
0.8374477879062384,-0.4458769333525682,-0.6830886209323243,2.234022040000801,0.2804736842452576,-1.2603085877150713,1.2240250682901004,-0.5345345672158975,1
-1.24099127737659,1.5225393943387342,1.67741345490838,-0.8936901999980786,1.446995469779169,0.0086046562877266,-0.8169767318548042,1.5643335651684624,0
-1.5873977882570611,1.0389492238678613,0.9090388789015812,0.1710629029802634,0.2804736842452576,0.960289589289825,-0.8169767318548042,0.5148994989762825,0
1.1838542987867098,0.180746949511099,-0.1569943166393817,-0.8271431310619323,-0.302787208521698,-0.943080276714372,-0.8169767318548042,0.5148994989762825,0
-1.5873977882570611,-1.113367591185605,-1.2437943926129602,-0.8271431310619323,-1.4693089940556092,-1.2603085877150713,-0.8169767318548042,1.214522209771069,0
-1.5873977882570611,0.6643371199819726,0.7429038354406517,1.102721868086313,1.446995469779169,-1.2603085877150713,1.2240250682901004,-0.5345345672158975,1
-0.2017717447351757,1.2705276153609557,1.1582414440929758,-0.6275019242534932,1.446995469779169,0.3258329672884261,-0.8169767318548042,0.5148994989762825,0
-0.2017717447351757,-1.024822912085304,-1.3337842078209636,0.104515834044117,-0.302787208521698,0.0086046562877266,-0.8169767318548042,1.5643335651684624,0
-0.548178255615647,0.4191364701657554,0.5629242050246451,0.5703453165971416,1.446995469779169,-0.6258519657136724,1.2240250682901004,-0.8843459226132909,0
1.1838542987867098,-0.6842664540072241,-0.4754198166061628,0.8365335923417272,-0.8860481012886536,-1.2603085877150713,-0.8169767318548042,-0.5345345672158975,0
0.491041277025767,-1.5969577616564783,-1.2784058600006538,-0.8271431310619323,-1.4693089940556092,-1.2603085877150713,1.2240250682901004,-1.5839686334080776,0
1.530260809667181,1.086627127998793,1.4212885962394466,-0.1616724417004685,0.8637345770122132,0.3258329672884261,1.2240250682901004,-0.8843459226132909,1
0.8374477879062384,-1.0929342037009204,-1.3891625556412734,1.3689101438308982,1.446995469779169,0.0086046562877266,-0.8169767318548042,0.1650881435788891,1
1.1838542987867098,0.9163488989597526,0.929805759334198,-0.5609548553173468,-0.8860481012886536,-0.3086236547129729,-0.8169767318548042,1.214522209771069,0
0.1446347661452956,-0.3913879000600754,-0.7107777948424792,-3.8883083021246656,1.446995469779169,1.594746211291224,1.2240250682901004,-1.2341572780106842,0
0.8374477879062384,-1.801291636503327,-1.5414530121471255,0.2376099719164097,-0.8860481012886536,-0.6258519657136724,1.2240250682901004,0.1650881435788891,0
-0.548178255615647,0.7120150241129041,0.5767687919797223,-0.4944077863812003,1.446995469779169,-0.3086236547129729,-0.8169767318548042,-0.1847232118185042,0
1.1838542987867098,-0.6774553248456626,-0.3854300013981589,0.2376099719164097,-1.4693089940556092,-0.6258519657136724,1.2240250682901004,0.8647108543736758,0
1.530260809667181,-0.6570219373609776,-0.5100312839938563,0.5037982476609952,-0.302787208521698,0.3258329672884261,1.2240250682901004,0.8647108543736758,0
0.1446347661452956,-0.7251332289765939,-1.0153587078541826,1.0361747991501662,0.2804736842452576,-1.2603085877150713,-0.8169767318548042,1.5643335651684624,0
-1.5873977882570611,0.555359053396987,0.2306541181027869,-0.2282195106366148,1.446995469779169,1.594746211291224,1.2240250682901004,0.1650881435788891,0
-0.8945847664961184,1.25009422787627,1.324376487553904,0.5703453165971416,0.8637345770122132,0.960289589289825,-0.8169767318548042,-1.5839686334080776,0
-0.8945847664961184,-0.2142985418594739,-0.2608287188024621,0.4372511787248489,-0.8860481012886536,0.960289589289825,-0.8169767318548042,1.5643335651684624,0
0.1446347661452956,0.0853911412492368,0.1960426507150934,-0.8271431310619323,1.446995469779169,0.0086046562877266,-0.8169767318548042,-1.2341572780106842,0
0.491041277025767,-0.7864333914306483,-0.939213479601257,0.104515834044117,0.2804736842452576,-1.2603085877150713,-0.8169767318548042,-1.2341572780106842,0
1.530260809667181,1.5429727818234198,1.6358796940431473,-0.0285783038281757,0.2804736842452576,1.2775179002905246,1.2240250682901004,0.1650881435788891,1
-0.2017717447351757,1.2296608403915856,1.1582414440929758,0.4372511787248489,0.2804736842452576,0.6430612782891255,-0.8169767318548042,-0.5345345672158975,0
0.8374477879062384,-0.6229662915531697,-0.8007676100504825,-2.2246315787210063,-0.302787208521698,0.3258329672884261,-0.8169767318548042,-1.2341572780106842,0
-0.2017717447351757,-0.9839561371159348,-1.1745714578375734,-1.093331406806518,-0.8860481012886536,-1.5775368987157707,1.2240250682901004,-0.8843459226132909,0
-1.24099127737659,-1.2564013035783983,-1.3960848491188127,-1.8918962340402743,-0.302787208521698,-0.6258519657136724,-0.8169767318548042,0.1650881435788891,0
-1.24099127737659,0.6711482491435341,0.825971357171117,1.169268937022459,0.2804736842452576,-1.5775368987157707,-0.8169767318548042,-0.8843459226132909,1
-1.24099127737659,1.2092274529069011,1.0751739223625103,1.102721868086313,1.446995469779169,-0.3086236547129729,1.2240250682901004,0.5148994989762825,1
0.1446347661452956,-0.2415430585057203,-0.1362274362067654,0.104515834044117,0.2804736842452576,-0.6258519657136724,1.2240250682901004,-0.5345345672158975,0
-0.548178255615647,0.4463809868120012,0.2237318246252483,0.5037982476609952,0.8637345770122132,-0.3086236547129729,-0.8169767318548042,-1.2341572780106842,0
0.491041277025767,-0.2142985418594739,-0.4408083492184687,-0.2947665795727612,-0.302787208521698,1.594746211291224,-0.8169767318548042,-0.8843459226132909,0
0.8374477879062384,-0.3164654792828976,-0.6138656861569367,0.6368923855332881,0.8637345770122132,0.0086046562877266,-0.8169767318548042,1.5643335651684624,0
-0.8945847664961184,-0.3028432209597747,-0.2746733057575399,-0.1616724417004685,-0.8860481012886536,0.960289589289825,1.2240250682901004,0.5148994989762825,0
0.491041277025767,-0.8273001664000177,-0.8492236643932537,0.0379687651079706,-1.4693089940556092,0.3258329672884261,1.2240250682901004,-0.1847232118185042,0
1.1838542987867098,1.3386389069765714,1.3935994223292922,-0.8271431310619323,1.446995469779169,0.6430612782891255,1.2240250682901004,-0.8843459226132909,1
-1.24099127737659,0.3510251785501396,0.0506744876867803,-0.1616724417004685,-1.4693089940556092,-0.3086236547129729,-0.8169767318548042,0.1650881435788891,0
-1.5873977882570611,-1.1746677536396597,-1.0292032948092602,-0.0951253727643221,-0.302787208521698,1.2775179002905246,1.2240250682901004,-0.5345345672158975,0
0.491041277025767,-0.5276104832913076,-0.4408083492184687,-0.2947665795727612,-0.302787208521698,0.6430612782891255,-0.8169767318548042,1.5643335651684624,0
-0.8945847664961184,0.9572156739291212,0.7013700745754203,0.1710629029802634,0.8637345770122132,0.0086046562877266,-0.8169767318548042,-0.1847232118185042,0
-0.8945847664961184,0.0377132371183054,-0.3023624796676948,-0.1616724417004685,0.2804736842452576,-0.943080276714372,1.2240250682901004,0.5148994989762825,0
0.1446347661452956,-1.1406121078318512,-1.4168517295514282,-1.159878475742664,-1.4693089940556092,-0.943080276714372,-0.8169767318548042,-0.1847232118185042,0
-1.24099127737659,0.6370926033357268,0.9228834658566584,1.169268937022459,1.446995469779169,0.0086046562877266,-0.8169767318548042,0.8647108543736758,1
0.491041277025767,1.617895202600597,1.62203510708807,0.3041570408525561,0.2804736842452576,0.0086046562877266,1.2240250682901004,-0.8843459226132909,0
1.1838542987867098,0.5281145367507412,0.6667586071877262,-1.0267843378703714,0.2804736842452576,-0.3086236547129729,-0.8169767318548042,-0.5345345672158975,1
-0.8945847664961184,0.6711482491435341,0.9228834658566584,-0.2282195106366148,1.446995469779169,-1.5775368987157707,-0.8169767318548042,-1.5839686334080776,0
-0.2017717447351757,-1.5084130825561777,-1.652209707787745,3.1656810051068502,-1.4693089940556092,1.594746211291224,1.2240250682901004,1.214522209771069,0
0.8374477879062384,0.160313562026414,0.1821980637600156,0.6368923855332881,-0.8860481012886536,-1.5775368987157707,1.2240250682901004,0.5148994989762825,0
-1.24099127737659,-0.5616661290991154,-0.2885178927126171,-1.093331406806518,1.446995469779169,0.960289589289825,-0.8169767318548042,1.5643335651684624,0
0.1446347661452956,-1.249590174416837,-1.257638979568038,1.302363074894752,-1.4693089940556092,0.960289589289825,-0.8169767318548042,0.8647108543736758,0
0.491041277025767,-1.1474232369934134,-1.3199396208658865,1.0361747991501662,0.2804736842452576,1.2775179002905246,-0.8169767318548042,-1.2341572780106842,0
0.1446347661452956,-0.0916982169513646,0.2098872376701706,0.5037982476609952,0.2804736842452576,-1.2603085877150713,-0.8169767318548042,-0.8843459226132909,0
-0.548178255615647,1.3386389069765714,1.0613293354074331,2.566757384681533,0.8637345770122132,-0.6258519657136724,1.2240250682901004,0.8647108543736758,1
1.530260809667181,0.6711482491435341,0.3898668680861771,-0.2947665795727612,-1.4693089940556092,-0.3086236547129729,1.2240250682901004,-0.5345345672158975,0
-0.8945847664961184,0.855048736505697,0.6321471398000321,1.6350984195754836,0.8637345770122132,1.2775179002905246,1.2240250682901004,-1.5839686334080776,1
1.1838542987867098,0.4395698576504397,0.7152146615304974,0.104515834044117,-0.302787208521698,-0.3086236547129729,-0.8169767318548042,-0.5345345672158975,1
0.491041277025767,-1.3177014660324533,-1.3614733817311184,-0.5609548553173468,0.8637345770122132,1.2775179002905246,1.2240250682901004,-1.2341572780106842,0
1.1838542987867098,-1.1882900119627826,-1.472230077371738,-0.0951253727643221,-0.302787208521698,0.6430612782891255,-0.8169767318548042,1.5643335651684624,0
0.8374477879062384,-0.1529983794054196,0.1545088898498608,1.7681925574477764,0.8637345770122132,-1.5775368987157707,-0.8169767318548042,-0.5345345672158975,1
-1.24099127737659,0.0513354954414289,0.2375764115803255,0.6368923855332881,-0.8860481012886536,-0.6258519657136724,-0.8169767318548042,1.5643335651684624,0
-1.5873977882570611,-0.159809508566981,0.071441368119396,0.3041570408525561,0.8637345770122132,0.0086046562877266,1.2240250682901004,0.1650881435788891,0
-1.24099127737659,-1.2223456577705905,-1.2437943926129602,0.7034394544694345,0.2804736842452576,0.3258329672884261,-0.8169767318548042,0.1650881435788891,0
0.491041277025767,-1.1610454953165363,-1.29917274043327,0.2376099719164097,-1.4693089940556092,-0.6258519657136724,-0.8169767318548042,-1.5839686334080776,0
-1.24099127737659,0.7324484115975884,0.6667586071877262,0.8365335923417272,-0.302787208521698,0.3258329672884261,1.2240250682901004,0.8647108543736758,1
0.8374477879062384,-1.5424687283639862,-1.3891625556412734,-1.093331406806518,-0.302787208521698,0.6430612782891255,-0.8169767318548042,-0.1847232118185042,0
-1.24099127737659,-1.120178720347167,-1.0915039361071086,0.3707041097887025,1.446995469779169,0.3258329672884261,-0.8169767318548042,-0.8843459226132909,0
1.530260809667181,1.2092274529069011,1.4282108897169852,-0.1616724417004685,-1.4693089940556092,-0.3086236547129729,-0.8169767318548042,0.1650881435788891,0
0.1446347661452956,1.2092274529069011,1.0890185093175877,-0.3613136485089076,0.8637345770122132,0.3258329672884261,-0.8169767318548042,-0.8843459226132909,0
-1.5873977882570611,0.5213034075891797,0.4660120963391039,0.1710629029802634,0.2804736842452576,1.2775179002905246,-0.8169767318548042,1.214522209771069,0
1.1838542987867098,0.6166592158510412,0.5767687919797223,0.8365335923417272,0.8637345770122132,-1.2603085877150713,1.2240250682901004,1.5643335651684624,1
-1.5873977882570611,-0.0780759586282417,-0.3992745883532366,1.0361747991501662,1.446995469779169,0.960289589289825,1.2240250682901004,-0.5345345672158975,0
0.491041277025767,1.222849711230024,1.1928529114806687,0.4372511787248489,-1.4693089940556092,-1.5775368987157707,-0.8169767318548042,-0.8843459226132909,0
-1.24099127737659,-0.2960320917982132,-0.6138656861569367,0.7699865234055808,0.8637345770122132,0.3258329672884261,-0.8169767318548042,-0.8843459226132909,0
-0.548178255615647,-0.8068667789153333,-0.6484771535446308,2.3005691089369473,1.446995469779169,-1.5775368987157707,-0.8169767318548042,0.5148994989762825,0
1.530260809667181,-1.610580019979602,-1.430696316506506,-0.0285783038281757,0.2804736842452576,-0.6258519657136724,1.2240250682901004,0.1650881435788891,0
1.1838542987867098,-0.0576425711435567,-0.3646631209655432,0.9030806612778736,1.446995469779169,1.2775179002905246,-0.8169767318548042,-0.8843459226132909,1
-1.5873977882570611,-1.365379370163384,-1.5137638382369707,-0.3613136485089076,-0.8860481012886536,0.960289589289825,-0.8169767318548042,-0.5345345672158975,0
-0.548178255615647,-1.2087233994474675,-0.9530580665563342,-0.960237268934225,-1.4693089940556092,0.960289589289825,1.2240250682901004,0.5148994989762825,0
0.8374477879062384,0.8891043823135055,0.6598363137101876,-0.3613136485089076,-0.302787208521698,-1.2603085877150713,-0.8169767318548042,-0.8843459226132909,1
-1.5873977882570611,-0.2755987043135282,-0.5861765122467818,-1.2264255446788106,0.8637345770122132,-0.3086236547129729,-0.8169767318548042,0.8647108543736758,0
-1.5873977882570611,0.5689813117201099,0.86058282455881,-1.3595196825511031,1.446995469779169,0.960289589289825,1.2240250682901004,-0.8843459226132909,0
0.8374477879062384,-0.0031535378510639,-0.0462376209987621,0.96962773021402,-0.8860481012886536,-0.943080276714372,-0.8169767318548042,-0.8843459226132909,0
0.1446347661452956,-1.64463566578741,-1.3960848491188127,-2.0915374408487133,-0.8860481012886536,-1.2603085877150713,-0.8169767318548042,-0.8843459226132909,0
-1.5873977882570611,0.1739358203495375,-0.0462376209987621,0.1710629029802634,-1.4693089940556092,0.3258329672884261,-0.8169767318548042,-0.8843459226132909,0
-1.24099127737659,0.8686709948288212,1.199775204958207,0.6368923855332881,-0.8860481012886536,-1.2603085877150713,-0.8169767318548042,-1.5839686334080776,0
0.8374477879062384,-1.4811685659099314,-1.3960848491188127,-0.0285783038281757,-1.4693089940556092,1.2775179002905246,1.2240250682901004,-1.2341572780106842,0
-1.24099127737659,0.2148025953189068,0.4383229224289484,0.104515834044117,-1.4693089940556092,-0.943080276714372,-0.8169767318548042,-0.8843459226132909,0
1.1838542987867098,-1.3449459826786998,-1.313017327388348,0.3041570408525561,-1.4693089940556092,0.960289589289825,-0.8169767318548042,0.5148994989762825,0
-0.548178255615647,1.1956051945837771,1.3589879549415982,0.0379687651079706,-0.8860481012886536,-1.2603085877150713,1.2240250682901004,0.8647108543736758,0
0.8374477879062384,0.7324484115975884,0.4867789767717196,0.8365335923417272,1.446995469779169,1.2775179002905246,-0.8169767318548042,1.214522209771069,1
1.1838542987867098,-0.7591888747844019,-0.9945918274215668,0.7699865234055808,0.8637345770122132,0.6430612782891255,1.2240250682901004,-1.5839686334080776,1
1.1838542987867098,-0.6570219373609776,-0.6761663274547857,-0.1616724417004685,-0.302787208521698,-1.5775368987157707,-0.8169767318548042,-1.2341572780106842,0
1.1838542987867098,0.2420471119651533,0.1614311833273993,-1.0267843378703714,-0.8860481012886536,1.594746211291224,-0.8169767318548042,0.5148994989762825,0
-0.2017717447351757,1.107060515483477,1.2205420853908242,-2.6904610612740307,-0.8860481012886536,-0.6258519657136724,-0.8169767318548042,-0.5345345672158975,0
0.491041277025767,-0.1189427335976111,0.1891203572375542,0.5703453165971416,1.446995469779169,-0.943080276714372,1.2240250682901004,-0.5345345672158975,0
-0.8945847664961184,-0.9430893621465648,-0.9530580665563342,0.3707041097887025,0.2804736842452576,-0.943080276714372,-0.8169767318548042,-0.1847232118185042,0
-0.548178255615647,-1.8830251864420664,-1.700665762130516,0.7699865234055808,-1.4693089940556092,-1.5775368987157707,1.2240250682901004,-0.8843459226132909,0
1.1838542987867098,0.7596929282438355,0.5490796180695681,-1.093331406806518,-0.302787208521698,-1.5775368987157707,-0.8169767318548042,-1.5839686334080776,1
-0.2017717447351757,0.8754821239903826,0.6806031941428033,-0.8271431310619323,1.446995469779169,0.0086046562877266,1.2240250682901004,-1.2341572780106842,0
-1.24099127737659,-0.513988224968184,-0.246984131847385,1.2358160059586054,0.8637345770122132,0.3258329672884261,-0.8169767318548042,1.214522209771069,0
-1.24099127737659,0.8686709948288212,1.0267178680197393,-0.960237268934225,-0.302787208521698,-0.6258519657136724,-0.8169767318548042,-0.8843459226132909,0
0.8374477879062384,0.3169695327423311,0.1683534768049385,-0.0285783038281757,-0.302787208521698,1.594746211291224,-0.8169767318548042,1.214522209771069,0
-0.548178255615647,-0.6706441956841012,-0.4961866970387785,-0.3613136485089076,0.8637345770122132,0.3258329672884261,1.2240250682901004,-0.8843459226132909,0
-1.24099127737659,0.6098480866894798,0.81212677021604,0.104515834044117,0.8637345770122132,1.594746211291224,-0.8169767318548042,1.214522209771069,0
-0.2017717447351757,-1.610580019979602,-1.728354936040671,0.2376099719164097,1.446995469779169,-0.6258519657136724,-0.8169767318548042,1.5643335651684624,0
0.1446347661452956,-1.099745332862482,-0.7800007296178662,0.8365335923417272,0.8637345770122132,-1.2603085877150713,-0.8169767318548042,-1.5839686334080776,0
0.491041277025767,-1.1610454953165363,-1.0707370556744924,0.1710629029802634,0.8637345770122132,-1.2603085877150713,-0.8169767318548042,1.5643335651684624,0
-0.8945847664961184,-1.556090986687109,-1.3337842078209636,-1.0267843378703714,1.446995469779169,1.2775179002905246,-0.8169767318548042,-0.5345345672158975,0
-0.8945847664961184,1.1547384196144084,1.1582414440929758,0.9030806612778736,-1.4693089940556092,0.3258329672884261,-0.8169767318548042,-0.1847232118185042,0
1.1838542987867098,-0.3845767708985139,-0.6000210992018595,-0.5609548553173468,-1.4693089940556092,0.960289589289825,-0.8169767318548042,0.1650881435788891,0
1.1838542987867098,1.3863168111075028,1.2897650201662112,0.7699865234055808,0.8637345770122132,1.2775179002905246,-0.8169767318548042,0.5148994989762825,1
-1.5873977882570611,1.066193740514107,0.7982821832609616,-2.15808450978486,0.2804736842452576,-1.2603085877150713,1.2240250682901004,-1.5839686334080776,0
1.1838542987867098,0.4531921159735627,0.6529140202326491,0.3707041097887025,-1.4693089940556092,-0.6258519657136724,-0.8169767318548042,-1.2341572780106842,0
0.1446347661452956,0.5757924408816725,0.9159611723791196,0.8365335923417272,0.2804736842452576,-1.2603085877150713,1.2240250682901004,-0.1847232118185042,1
0.491041277025767,0.5281145367507412,0.5975356724123393,0.2376099719164097,-0.8860481012886536,0.6430612782891255,1.2240250682901004,-0.5345345672158975,0
-0.8945847664961184,-0.343709995929144,-0.1431497296843039,-0.5609548553173468,-1.4693089940556092,1.2775179002905246,-0.8169767318548042,-1.2341572780106842,0
-0.548178255615647,-1.4811685659099314,-1.5206861317145093,1.6350984195754836,-0.302787208521698,0.3258329672884261,-0.8169767318548042,1.5643335651684624,0
1.530260809667181,0.5826035700432339,0.6390694332775719,-1.2264255446788106,-0.302787208521698,-1.5775368987157707,-0.8169767318548042,0.5148994989762825,1
1.530260809667181,-1.1065564620240431,-1.0153587078541826,0.0379687651079706,-0.8860481012886536,0.3258329672884261,1.2240250682901004,1.5643335651684624,0
-0.2017717447351757,0.1671246911879761,0.0437521942092411,0.4372511787248489,-0.8860481012886536,-0.943080276714372,1.2240250682901004,-0.5345345672158975,0
-1.5873977882570611,0.2761027577729618,0.029907607254164,-0.4944077863812003,-0.302787208521698,-0.6258519657136724,-0.8169767318548042,-0.5345345672158975,0
0.8374477879062384,1.1343050321297228,1.4282108897169852,0.0379687651079706,0.2804736842452576,0.0086046562877266,1.2240250682901004,-0.1847232118185042,1
-1.24099127737659,1.6723842358930898,1.691258041863457,-0.3613136485089076,-0.8860481012886536,-1.5775368987157707,-0.8169767318548042,1.5643335651684624,0
0.8374477879062384,1.1819829362606542,1.448977770149602,0.3707041097887025,1.446995469779169,-1.5775368987157707,-0.8169767318548042,0.5148994989762825,1
0.8374477879062384,0.2216137244804689,0.4383229224289484,-0.6275019242534932,-0.302787208521698,0.6430612782891255,1.2240250682901004,0.5148994989762825,0
-0.8945847664961184,-0.4594991916756911,-0.1777611970719974,0.1710629029802634,-0.8860481012886536,1.2775179002905246,-0.8169767318548042,1.5643335651684624,0
0.8374477879062384,-1.419868403455877,-1.5968313599674349,0.104515834044117,1.446995469779169,0.3258329672884261,-0.8169767318548042,-0.8843459226132909,0
-1.5873977882570611,-0.2142985418594739,-0.3369739470553883,0.5703453165971416,0.8637345770122132,1.594746211291224,-0.8169767318548042,-0.5345345672158975,0
-0.548178255615647,-0.909033716338757,-1.008436414376644,-2.557366923401738,1.446995469779169,0.960289589289825,1.2240250682901004,0.5148994989762825,0
0.1446347661452956,-1.0861230745393584,-1.437618609984045,0.1710629029802634,-1.4693089940556092,0.3258329672884261,1.2240250682901004,1.5643335651684624,0
0.491041277025767,1.5089171360156113,1.414366302761908,-2.4908198544655917,1.446995469779169,0.3258329672884261,-0.8169767318548042,-0.8843459226132909,0
0.1446347661452956,0.2488582411267153,0.0922082485520124,0.8365335923417272,0.8637345770122132,-1.2603085877150713,-0.8169767318548042,-1.2341572780106842,0
-1.24099127737659,-1.079311945377797,-0.8492236643932537,-0.0951253727643221,-1.4693089940556092,-0.6258519657136724,-0.8169767318548042,0.5148994989762825,0
0.8374477879062384,0.0172798496336204,-0.1639166101169203,1.2358160059586054,-0.302787208521698,0.0086046562877266,1.2240250682901004,1.214522209771069,1
-0.8945847664961184,-1.0112006537621812,-1.326861914343425,1.302363074894752,-0.8860481012886536,0.0086046562877266,-0.8169767318548042,0.5148994989762825,0
-0.548178255615647,-1.5969577616564783,-1.6383651208326675,-0.3613136485089076,0.8637345770122132,0.960289589289825,-0.8169767318548042,1.5643335651684624,0
0.491041277025767,-0.9907672662774962,-0.7800007296178662,-0.2947665795727612,0.8637345770122132,-1.5775368987157707,1.2240250682901004,-0.8843459226132909,0
0.8374477879062384,-1.5424687283639862,-1.257638979568038,-0.427860717445054,1.446995469779169,-0.943080276714372,-0.8169767318548042,-0.8843459226132909,0
1.530260809667181,1.5497839109849814,1.4420554766720624,-0.427860717445054,0.2804736842452576,0.6430612782891255,1.2240250682901004,-1.2341572780106842,1
-0.2017717447351757,0.8891043823135055,1.151319150615436,-0.7605960621257859,0.8637345770122132,-0.3086236547129729,-0.8169767318548042,-1.5839686334080776,0
1.1838542987867098,0.6643371199819726,0.618302552844955,-0.3613136485089076,0.2804736842452576,0.3258329672884261,-0.8169767318548042,-1.2341572780106842,1
-1.5873977882570611,-0.6774553248456626,-1.0361255882867988,0.5703453165971416,-0.302787208521698,0.0086046562877266,-0.8169767318548042,-0.5345345672158975,0
0.491041277025767,-0.1257538627591731,-0.3369739470553883,-1.159878475742664,0.8637345770122132,-1.2603085877150713,1.2240250682901004,1.214522209771069,0
-1.5873977882570611,0.2761027577729618,0.1198974224621673,0.4372511787248489,1.446995469779169,-0.3086236547129729,1.2240250682901004,0.5148994989762825,0
-0.548178255615647,0.2965361452576461,0.0229853137766254,-0.2947665795727612,-0.8860481012886536,-0.943080276714372,-0.8169767318548042,1.5643335651684624,0
1.1838542987867098,0.8686709948288212,0.9090388789015812,0.5703453165971416,-0.8860481012886536,0.3258329672884261,-0.8169767318548042,-0.8843459226132909,0
1.1838542987867098,-1.3177014660324533,-1.6106759469225127,0.6368923855332881,-0.8860481012886536,-0.6258519657136724,-0.8169767318548042,-0.8843459226132909,0
-1.5873977882570611,-1.0384451704084277,-1.285328153478193,1.0361747991501662,-0.8860481012886536,0.6430612782891255,-0.8169767318548042,0.8647108543736758,0
-0.548178255615647,-0.909033716338757,-1.0915039361071086,1.102721868086313,-0.8860481012886536,-0.6258519657136724,-0.8169767318548042,0.5148994989762825,0
0.491041277025767,-0.6570219373609776,-0.4061968818307752,-2.15808450978486,0.8637345770122132,-0.3086236547129729,-0.8169767318548042,0.8647108543736758,0
-1.5873977882570611,-1.1610454953165363,-1.5068415447594317,0.6368923855332881,-0.8860481012886536,-0.6258519657136724,1.2240250682901004,1.214522209771069,0
-1.5873977882570611,0.6711482491435341,0.8675051180363484,1.102721868086313,0.8637345770122132,-0.943080276714372,1.2240250682901004,1.5643335651684624,1
-0.8945847664961184,-0.704699841491909,-0.9046020122135628,-1.4260667514872496,-0.8860481012886536,-0.6258519657136724,-0.8169767318548042,0.5148994989762825,0
0.8374477879062384,-1.4743574367483698,-1.5483753056246643,-0.0951253727643221,-0.302787208521698,1.594746211291224,-0.8169767318548042,-0.1847232118185042,0
0.8374477879062384,0.3237806619038926,0.2237318246252483,1.0361747991501662,-0.302787208521698,-1.2603085877150713,-0.8169767318548042,1.5643335651684624,1
0.8374477879062384,1.1411161612912857,1.0613293354074331,0.7034394544694345,-1.4693089940556092,0.960289589289825,1.2240250682901004,-0.1847232118185042,0
1.530260809667181,-1.3926238868096306,-1.6660542947428223,-1.0267843378703714,-0.302787208521698,1.594746211291224,-0.8169767318548042,-1.2341572780106842,0
-0.548178255615647,-0.0780759586282417,-0.3508185340104654,0.8365335923417272,-0.8860481012886536,1.594746211291224,-0.8169767318548042,0.8647108543736758,0
-0.2017717447351757,0.7937485740516428,0.8675051180363484,1.102721868086313,0.8637345770122132,1.594746211291224,1.2240250682901004,0.1650881435788891,1
0.491041277025767,0.5008700201044941,0.4798566832941811,-1.492613820423396,0.2804736842452576,-0.943080276714372,-0.8169767318548042,1.214522209771069,0
0.491041277025767,0.5757924408816725,0.5698464985021837,0.2376099719164097,0.8637345770122132,-1.2603085877150713,1.2240250682901004,0.8647108543736758,0
0.8374477879062384,-0.4254435458678833,-0.634632566589553,-0.3613136485089076,-0.302787208521698,-0.6258519657136724,-0.8169767318548042,1.214522209771069,0
1.1838542987867098,0.1535024328648525,-0.0670045014313778,-0.7605960621257859,-1.4693089940556092,1.594746211291224,1.2240250682901004,0.1650881435788891,0
-1.5873977882570611,1.2841498736840784,1.3174541940763655,-0.5609548553173468,1.446995469779169,0.0086046562877266,1.2240250682901004,0.5148994989762825,0
1.530260809667181,0.160313562026414,0.1545088898498608,-0.2947665795727612,-0.302787208521698,0.6430612782891255,-0.8169767318548042,-0.8843459226132909,0
1.530260809667181,1.263716486199394,1.0613293354074331,-1.5591608893595423,1.446995469779169,-1.2603085877150713,-0.8169767318548042,0.5148994989762825,1
1.530260809667181,-1.64463566578741,-1.5691421860572805,-1.492613820423396,-0.8860481012886536,-1.2603085877150713,1.2240250682901004,0.1650881435788891,0
0.1446347661452956,0.180746949511099,-0.0393153275212229,1.8347396263839229,1.446995469779169,0.960289589289825,1.2240250682901004,0.5148994989762825,0
1.530260809667181,0.5008700201044941,0.4106337485187941,1.502004281703191,0.8637345770122132,-1.2603085877150713,1.2240250682901004,-1.2341572780106842,1
-1.24099127737659,0.5485479242354255,0.6113802593674164,0.5037982476609952,0.8637345770122132,1.594746211291224,1.2240250682901004,-1.2341572780106842,0
1.530260809667181,0.766504057405397,0.7082923680529589,0.3041570408525561,-1.4693089940556092,0.3258329672884261,-0.8169767318548042,-0.5345345672158975,0
0.1446347661452956,-0.2142985418594739,-0.1569943166393817,0.1710629029802634,0.2804736842452576,0.960289589289825,-0.8169767318548042,-0.5345345672158975,0
-1.24099127737659,1.9380182731939928,1.656646574475763,0.3041570408525561,0.2804736842452576,0.6430612782891255,-0.8169767318548042,-1.5839686334080776,0
-1.24099127737659,-0.6910775831687861,-0.9876695339440276,0.96962773021402,0.8637345770122132,0.3258329672884261,-0.8169767318548042,0.8647108543736758,0
1.1838542987867098,-0.0985093461129267,-0.1846834905495366,1.2358160059586054,-1.4693089940556092,-0.3086236547129729,1.2240250682901004,1.5643335651684624,0
0.8374477879062384,-0.8477335538847026,-0.6969332078874014,-0.3613136485089076,1.446995469779169,1.594746211291224,-0.8169767318548042,-1.5839686334080776,0
-1.5873977882570611,1.3113943903303256,1.4074440092843694,-0.7605960621257859,-1.4693089940556092,0.960289589289825,-0.8169767318548042,1.5643335651684624,0
1.530260809667181,-0.2074874126979118,-0.4338860557409301,0.7034394544694345,-0.8860481012886536,1.594746211291224,-0.8169767318548042,0.1650881435788891,0
-0.2017717447351757,0.9572156739291212,1.0613293354074331,-0.1616724417004685,0.8637345770122132,0.960289589289825,-0.8169767318548042,0.5148994989762825,0
-0.8945847664961184,1.0185158363831757,0.7152146615304974,0.2376099719164097,-0.8860481012886536,0.0086046562877266,-0.8169767318548042,0.5148994989762825,0
0.491041277025767,-0.1529983794054196,-0.3785077079206203,0.7699865234055808,1.446995469779169,-0.3086236547129729,-0.8169767318548042,0.5148994989762825,0
0.491041277025767,-0.8204890372384562,-1.0499701752418766,0.8365335923417272,0.8637345770122132,-1.2603085877150713,-0.8169767318548042,-0.1847232118185042,0
0.491041277025767,0.3033472744192082,0.1960426507150934,-0.7605960621257859,0.8637345770122132,0.960289589289825,1.2240250682901004,-0.5345345672158975,0
1.530260809667181,-0.9158448455003184,-1.0915039361071086,-0.2282195106366148,-0.8860481012886536,0.0086046562877266,1.2240250682901004,-0.5345345672158975,0
0.8374477879062384,0.5894146992047954,0.6252248463224935,1.0361747991501662,-0.8860481012886536,0.960289589289825,1.2240250682901004,0.8647108543736758,1
1.1838542987867098,0.5894146992047954,0.5767687919797223,-2.2246315787210063,-1.4693089940556092,-1.2603085877150713,-0.8169767318548042,1.5643335651684624,0
0.491041277025767,-0.2551653168288432,-0.4338860557409301,-0.2947665795727612,-0.302787208521698,-0.3086236547129729,-0.8169767318548042,-0.1847232118185042,0
1.530260809667181,0.1875580786726604,0.3275662267883288,0.1710629029802634,0.2804736842452576,1.2775179002905246,-0.8169767318548042,-0.5345345672158975,0
-1.24099127737659,-0.6842664540072241,-0.5930988057243209,0.0379687651079706,1.446995469779169,-0.3086236547129729,1.2240250682901004,1.5643335651684624,0
1.530260809667181,0.5281145367507412,0.3898668680861771,0.6368923855332881,1.446995469779169,1.594746211291224,-0.8169767318548042,0.8647108543736758,1
-0.2017717447351757,-1.0520674287315506,-1.2368720991354218,-0.6940489931896395,0.8637345770122132,0.6430612782891255,1.2240250682901004,1.214522209771069,0
-0.2017717447351757,-0.0031535378510639,-0.1639166101169203,-0.7605960621257859,0.8637345770122132,1.2775179002905246,-0.8169767318548042,0.8647108543736758,0
-0.548178255615647,-1.235967916093714,-1.5968313599674349,-0.2282195106366148,-0.302787208521698,0.0086046562877266,-0.8169767318548042,-0.5345345672158975,0
-0.2017717447351757,-0.9975783954390576,-1.2368720991354218,0.8365335923417272,-0.302787208521698,0.960289589289825,1.2240250682901004,-0.1847232118185042,0
-1.5873977882570611,0.2011803369957839,0.5075458572043353,-0.8936901999980786,0.2804736842452576,0.960289589289825,-0.8169767318548042,0.1650881435788891,0
-0.548178255615647,-1.3313237243555762,-1.5345307186695865,0.8365335923417272,-1.4693089940556092,-0.6258519657136724,-0.8169767318548042,0.5148994989762825,0
-1.24099127737659,-0.7523777456228404,-0.5792542187692432,-0.2282195106366148,1.446995469779169,1.2775179002905246,1.2240250682901004,-0.5345345672158975,0
-1.24099127737659,-0.8886003288540719,-0.8215344904830988,0.3041570408525561,0.8637345770122132,1.594746211291224,1.2240250682901004,0.1650881435788891,0
0.491041277025767,-0.8136779080768948,-0.5307981644264727,0.8365335923417272,1.446995469779169,-1.2603085877150713,-0.8169767318548042,0.1650881435788891,0
-1.24099127737659,1.0457603530294226,0.8813497049914268,-1.8918962340402743,1.446995469779169,-0.943080276714372,-0.8169767318548042,0.8647108543736758,0
-1.24099127737659,1.222849711230024,1.3728325418966754,-0.0285783038281757,1.446995469779169,0.6430612782891255,1.2240250682901004,1.214522209771069,0
-0.8945847664961184,-0.8204890372384562,-0.8215344904830988,0.3041570408525561,-0.302787208521698,-0.6258519657136724,-0.8169767318548042,-0.8843459226132909,0
-0.8945847664961184,0.1943692078342225,0.3344885202658673,-1.4260667514872496,-0.302787208521698,-0.3086236547129729,-0.8169767318548042,0.1650881435788891,0
0.1446347661452956,-1.5492798575255478,-1.6660542947428223,0.7034394544694345,1.446995469779169,1.594746211291224,-0.8169767318548042,0.1650881435788891,0
1.530260809667181,-0.0712648294666803,-0.4131191753083138,-0.4944077863812003,1.446995469779169,-1.5775368987157707,-0.8169767318548042,-0.8843459226132909,0
-0.548178255615647,-0.4526880625141297,-0.5377204579040112,-0.5609548553173468,-1.4693089940556092,1.2775179002905246,-0.8169767318548042,-0.5345345672158975,0
-1.24099127737659,1.2160385820684627,1.0959408027951263,-0.2947665795727612,1.446995469779169,0.0086046562877266,1.2240250682901004,-1.5839686334080776,0
0.1446347661452956,-0.2892209626366511,-0.3715854144430817,-2.2911786476571527,1.446995469779169,0.3258329672884261,-0.8169767318548042,0.5148994989762825,0
1.530260809667181,-0.2415430585057203,0.0160630202990862,-1.0267843378703714,0.2804736842452576,0.0086046562877266,1.2240250682901004,0.1650881435788891,0
-0.8945847664961184,-1.3721904993249463,-1.5414530121471255,0.7699865234055808,-1.4693089940556092,0.3258329672884261,-0.8169767318548042,-0.1847232118185042,0
-1.24099127737659,1.5157282651771729,1.5251229984025276,-0.8936901999980786,-0.8860481012886536,0.960289589289825,-0.8169767318548042,0.5148994989762825,0
0.491041277025767,-0.3164654792828976,-0.1500720231618425,1.0361747991501662,-0.302787208521698,0.0086046562877266,-0.8169767318548042,1.5643335651684624,0
1.1838542987867098,1.93120714403243,1.656646574475763,-0.8271431310619323,0.2804736842452576,-1.2603085877150713,-0.8169767318548042,0.8647108543736758,1
0.8374477879062384,-0.2415430585057203,-0.0877713818639941,0.0379687651079706,1.446995469779169,-1.2603085877150713,1.2240250682901004,0.8647108543736758,0
0.8374477879062384,0.0036575913104975,0.3137216398332516,-1.5591608893595423,0.2804736842452576,-0.3086236547129729,1.2240250682901004,-0.1847232118185042,0
-0.2017717447351757,0.6439037324972883,0.7498261289181903,-1.492613820423396,0.8637345770122132,0.3258329672884261,-0.8169767318548042,-0.5345345672158975,0
1.530260809667181,0.7733151865669584,0.5767687919797223,0.104515834044117,-0.8860481012886536,1.594746211291224,1.2240250682901004,0.8647108543736758,0
-0.548178255615647,0.2352359828035918,0.0783636615969352,0.0379687651079706,-1.4693089940556092,1.594746211291224,-0.8169767318548042,-0.5345345672158975,0
0.491041277025767,0.3033472744192082,0.1198974224621673,0.96962773021402,-1.4693089940556092,-0.6258519657136724,1.2240250682901004,1.214522209771069,0
0.491041277025767,1.4680503610462414,1.5735790527452989,-0.7605960621257859,0.8637345770122132,-0.6258519657136724,1.2240250682901004,-0.1847232118185042,0
0.8374477879062384,0.8278042198594512,1.0613293354074331,-0.960237268934225,-0.8860481012886536,1.2775179002905246,-0.8169767318548042,-0.1847232118185042,0
-0.548178255615647,0.6915816366282197,0.6044579658898779,-0.2947665795727612,0.8637345770122132,1.594746211291224,1.2240250682901004,-1.2341572780106842,0
1.1838542987867098,-0.159809508566981,0.0922082485520124,-0.5609548553173468,-0.302787208521698,0.6430612782891255,-0.8169767318548042,-0.5345345672158975,0
1.1838542987867098,0.9776490614138068,0.86058282455881,0.96962773021402,0.2804736842452576,-0.943080276714372,-0.8169767318548042,-0.1847232118185042,1
-0.8945847664961184,-0.8000556497537712,-0.9046020122135628,-1.492613820423396,0.2804736842452576,1.2775179002905246,-0.8169767318548042,1.5643335651684624,0
0.8374477879062384,0.0853911412492368,-0.0808490883864555,-0.6275019242534932,-1.4693089940556092,1.594746211291224,1.2240250682901004,-0.8843459226132909,0
-1.5873977882570611,-1.6378245366258484,-1.5068415447594317,-0.7605960621257859,-1.4693089940556092,-0.6258519657136724,-0.8169767318548042,-0.8843459226132909,0
-1.5873977882570611,1.3386389069765714,1.1305522701828203,-0.4944077863812003,-0.302787208521698,1.594746211291224,1.2240250682901004,0.8647108543736758,0
-0.8945847664961184,0.5417367950738641,0.6667586071877262,0.3041570408525561,-0.8860481012886536,0.960289589289825,1.2240250682901004,1.214522209771069,0
0.491041277025767,-1.406246145132754,-1.5899090664898965,0.7699865234055808,-0.302787208521698,0.3258329672884261,-0.8169767318548042,-0.8843459226132909,0
-1.24099127737659,-1.6378245366258484,-1.5345307186695865,-1.0267843378703714,1.446995469779169,0.960289589289825,1.2240250682901004,0.8647108543736758,0
-0.2017717447351757,-0.6502108081994161,-0.9253688926461792,-0.960237268934225,-1.4693089940556092,0.960289589289825,-0.8169767318548042,0.8647108543736758,0
-0.2017717447351757,1.3522611652996943,1.67741345490838,1.502004281703191,0.2804736842452576,-1.5775368987157707,-0.8169767318548042,1.214522209771069,1
0.491041277025767,-0.0167757961741874,0.0645190746418575,-0.5609548553173468,1.446995469779169,-0.943080276714372,-0.8169767318548042,-0.1847232118185042,0
1.1838542987867098,-1.569713245010232,-1.4929969578043545,0.8365335923417272,-0.302787208521698,0.3258329672884261,-0.8169767318548042,-0.5345345672158975,1
1.1838542987867098,1.4952948776924884,1.6635688679533016,-0.3613136485089076,-0.302787208521698,1.2775179002905246,-0.8169767318548042,0.8647108543736758,1
-1.24099127737659,-1.8421584114726963,-1.5552975991022029,0.5703453165971416,0.8637345770122132,-0.6258519657136724,-0.8169767318548042,0.1650881435788891,0
1.530260809667181,-0.4254435458678833,-0.1362274362067654,1.102721868086313,1.446995469779169,1.594746211291224,-0.8169767318548042,-1.2341572780106842,1
-1.24099127737659,1.1956051945837771,1.5320452918800662,0.2376099719164097,0.2804736842452576,-0.3086236547129729,1.2240250682901004,-0.5345345672158975,0
-0.548178255615647,-1.6173911491411634,-1.3753179686861965,-1.2264255446788106,1.446995469779169,0.960289589289825,1.2240250682901004,-0.8843459226132909,0
0.491041277025767,-1.2223456577705905,-1.4099294360738897,0.4372511787248489,1.446995469779169,1.594746211291224,-0.8169767318548042,0.5148994989762825,0
1.530260809667181,-0.6502108081994161,-0.3785077079206203,-1.2929726136149569,0.2804736842452576,-0.943080276714372,-0.8169767318548042,-0.5345345672158975,0
1.1838542987867098,-0.3845767708985139,-0.1500720231618425,-2.15808450978486,-0.302787208521698,1.594746211291224,1.2240250682901004,-0.5345345672158975,0
-0.548178255615647,-0.874978070530949,-1.077659349152031,0.3707041097887025,-0.302787208521698,0.960289589289825,-0.8169767318548042,-0.1847232118185042,0
1.1838542987867098,-1.5356575992024242,-1.313017327388348,-1.7588020961679816,-1.4693089940556092,-1.5775368987157707,-0.8169767318548042,-0.8843459226132909,0
-1.5873977882570611,0.180746949511099,-0.0323930340436843,0.3707041097887025,0.2804736842452576,1.2775179002905246,-0.8169767318548042,-0.1847232118185042,0
1.530260809667181,-1.3790016284865076,-1.5829867730123577,0.5037982476609952,1.446995469779169,0.6430612782891255,1.2240250682901004,-0.1847232118185042,0
0.8374477879062384,0.6983927657897812,0.978261813676968,0.9030806612778736,-1.4693089940556092,1.2775179002905246,-0.8169767318548042,1.5643335651684624,1
-1.5873977882570611,0.7733151865669584,0.7290592484855746,-1.825349165104128,-0.8860481012886536,0.960289589289825,-0.8169767318548042,0.5148994989762825,0
0.1446347661452956,-0.3913879000600754,-0.5861765122467818,-1.8918962340402743,1.446995469779169,0.960289589289825,-0.8169767318548042,0.8647108543736758,0
-1.5873977882570611,1.2569053570378326,1.504356117969912,0.5703453165971416,1.446995469779169,1.2775179002905246,1.2240250682901004,-1.2341572780106842,0
1.1838542987867098,-0.9430893621465648,-0.7730784361403276,0.5703453165971416,1.446995469779169,0.960289589289825,-0.8169767318548042,-0.1847232118185042,0
-0.548178255615647,0.5894146992047954,0.7982821832609616,0.1710629029802634,-1.4693089940556092,1.594746211291224,-0.8169767318548042,0.8647108543736758,0
-1.5873977882570611,-0.159809508566981,-0.3715854144430817,-0.0285783038281757,0.2804736842452576,-0.943080276714372,1.2240250682901004,-0.1847232118185042,0
-0.548178255615647,-1.1814788828012213,-1.223027512180345,0.6368923855332881,-0.302787208521698,0.960289589289825,-0.8169767318548042,-0.8843459226132909,0
0.8374477879062384,-0.5957217749069234,-0.4892644035612399,-1.7588020961679816,1.446995469779169,-0.943080276714372,1.2240250682901004,-1.5839686334080776,0
-0.8945847664961184,1.447616973561557,1.691258041863457,-1.4260667514872496,-0.302787208521698,1.2775179002905246,-0.8169767318548042,0.8647108543736758,0
0.8374477879062384,-0.8204890372384562,-0.7384669687526341,-0.4944077863812003,1.446995469779169,0.6430612782891255,1.2240250682901004,1.214522209771069,0
-1.24099127737659,-0.6229662915531697,-0.7938453165729439,-0.6275019242534932,-0.8860481012886536,0.960289589289825,-0.8169767318548042,-0.8843459226132909,0
-0.548178255615647,-1.2632124327399603,-1.5068415447594317,0.5703453165971416,-0.8860481012886536,0.960289589289825,-0.8169767318548042,1.5643335651684624,0
0.491041277025767,-1.3926238868096306,-1.1191931100172636,1.169268937022459,-0.302787208521698,-1.2603085877150713,-0.8169767318548042,1.214522209771069,0
-0.548178255615647,0.7188261532744655,0.4383229224289484,-1.159878475742664,0.2804736842452576,1.594746211291224,1.2240250682901004,-1.2341572780106842,0
-1.5873977882570611,1.7336843983471442,1.587423639700376,0.1710629029802634,0.2804736842452576,1.594746211291224,1.2240250682901004,1.214522209771069,0
-0.8945847664961184,-0.6842664540072241,-0.6761663274547857,0.96962773021402,0.2804736842452576,0.6430612782891255,1.2240250682901004,-1.5839686334080776,0
-0.548178255615647,-1.3177014660324533,-1.659132001265284,0.8365335923417272,-1.4693089940556092,-0.3086236547129729,-0.8169767318548042,0.5148994989762825,0
-0.2017717447351757,-1.2632124327399603,-1.257638979568038,-0.0951253727643221,-0.8860481012886536,0.960289589289825,-0.8169767318548042,0.8647108543736758,0
0.491041277025767,-1.1065564620240431,-1.1676491643600349,-1.159878475742664,-0.302787208521698,-1.2603085877150713,-0.8169767318548042,1.5643335651684624,0
-0.2017717447351757,0.7460706699207126,0.5283127376369523,0.5703453165971416,0.8637345770122132,-1.5775368987157707,1.2240250682901004,-0.8843459226132909,0
0.1446347661452956,0.855048736505697,1.0197955745422007,0.96962773021402,0.2804736842452576,-1.2603085877150713,-0.8169767318548042,-1.2341572780106842,1
0.8374477879062384,0.2829138869345232,0.202964944192632,-1.825349165104128,-0.8860481012886536,0.0086046562877266,1.2240250682901004,-0.1847232118185042,0
0.491041277025767,-0.9703338787928112,-1.257638979568038,-0.0951253727643221,-1.4693089940556092,-1.2603085877150713,-0.8169767318548042,-0.1847232118185042,0
0.491041277025767,1.3522611652996943,1.6428019875206858,-1.692255027231835,0.8637345770122132,0.0086046562877266,1.2240250682901004,-0.5345345672158975,0
1.530260809667181,1.025326965544737,1.3659102484191368,0.7699865234055808,-0.302787208521698,-0.3086236547129729,-0.8169767318548042,0.5148994989762825,1
0.491041277025767,0.1875580786726604,-0.0670045014313778,0.7699865234055808,-0.8860481012886536,-0.943080276714372,-0.8169767318548042,1.214522209771069,0
0.1446347661452956,1.6723842358930898,1.656646574475763,0.0379687651079706,1.446995469779169,0.960289589289825,-0.8169767318548042,0.8647108543736758,0
0.1446347661452956,-0.9635227496312496,-0.9738249469889504,1.3689101438308982,0.8637345770122132,0.960289589289825,1.2240250682901004,1.5643335651684624,0
1.530260809667181,1.4544281027231185,1.518200704924989,-0.2947665795727612,0.2804736842452576,0.0086046562877266,-0.8169767318548042,-0.5345345672158975,1
-0.2017717447351757,-0.2892209626366511,-0.3785077079206203,0.1710629029802634,0.2804736842452576,1.2775179002905246,1.2240250682901004,1.214522209771069,0
-1.24099127737659,-1.460735178425247,-1.2161052187028054,-0.0285783038281757,1.446995469779169,0.0086046562877266,1.2240250682901004,1.5643335651684624,0
-1.24099127737659,0.5349256659123026,0.7429038354406517,0.5037982476609952,-0.302787208521698,0.3258329672884261,-0.8169767318548042,-0.5345345672158975,0
-0.548178255615647,-0.0985093461129267,0.1198974224621673,0.8365335923417272,1.446995469779169,-0.3086236547129729,-0.8169767318548042,-0.8843459226132909,0
1.530260809667181,1.869906981578376,1.6843357483859185,-0.2282195106366148,0.8637345770122132,-0.943080276714372,1.2240250682901004,-1.2341572780106842,1
-0.8945847664961184,-0.3232766084444596,-0.420041468785853,0.7699865234055808,1.446995469779169,0.0086046562877266,-0.8169767318548042,0.8647108543736758,0
1.1838542987867098,0.3987030826810698,0.1060528355070901,-0.8936901999980786,0.2804736842452576,0.6430612782891255,1.2240250682901004,0.5148994989762825,1
-0.8945847664961184,-0.8817891996925105,-0.939213479601257,-2.8901022680824697,1.446995469779169,0.3258329672884261,-0.8169767318548042,0.8647108543736758,0
0.8374477879062384,-1.4675463075868085,-1.5137638382369707,-2.024990371912567,-0.8860481012886536,-0.3086236547129729,-0.8169767318548042,-1.5839686334080776,0
1.1838542987867098,-0.3028432209597747,-0.6484771535446308,0.0379687651079706,0.8637345770122132,0.3258329672884261,-0.8169767318548042,0.1650881435788891,0
1.530260809667181,0.0581466246029903,0.244498705057864,-2.4242727855294453,-1.4693089940556092,0.960289589289825,-0.8169767318548042,0.5148994989762825,0
-0.2017717447351757,-0.2074874126979118,-0.4961866970387785,-1.4260667514872496,0.8637345770122132,-0.943080276714372,-0.8169767318548042,-1.2341572780106842,0
-0.8945847664961184,-1.9988143821886135,-1.693743468652977,-0.4944077863812003,-0.302787208521698,-0.3086236547129729,1.2240250682901004,0.8647108543736758,0
1.530260809667181,1.1343050321297228,0.9713395201994296,1.0361747991501662,-0.302787208521698,-0.943080276714372,-0.8169767318548042,0.1650881435788891,1
-1.24099127737659,1.1683606779375313,1.3036096071212884,-1.159878475742664,0.8637345770122132,-1.2603085877150713,-0.8169767318548042,-0.5345345672158975,0
-0.2017717447351757,1.71325101086246,1.5458898788351434,0.0379687651079706,-1.4693089940556092,0.6430612782891255,-0.8169767318548042,-0.8843459226132909,0
1.530260809667181,0.7052038949513426,0.7429038354406517,0.7699865234055808,1.446995469779169,0.6430612782891255,1.2240250682901004,1.214522209771069,1
0.1446347661452956,1.5157282651771729,1.6081905201329918,-1.4260667514872496,-1.4693089940556092,0.960289589289825,-0.8169767318548042,-1.2341572780106842,0
1.1838542987867098,-1.1542343661549748,-1.257638979568038,0.5703453165971416,-0.302787208521698,1.2775179002905246,1.2240250682901004,0.5148994989762825,0
-0.8945847664961184,-0.7115109706534705,-0.8976797187360244,-1.2929726136149569,-1.4693089940556092,-0.6258519657136724,1.2240250682901004,-0.1847232118185042,0
-0.2017717447351757,-0.500365966645061,-0.8146121970055596,-1.3595196825511031,-0.8860481012886536,-0.3086236547129729,-0.8169767318548042,-1.2341572780106842,0
0.1446347661452956,1.1819829362606542,1.4005217158068308,-0.3613136485089076,-0.8860481012886536,-1.2603085877150713,1.2240250682901004,0.5148994989762825,0
0.8374477879062384,0.0785800120876753,0.1198974224621673,-1.9584433029764208,-0.302787208521698,0.6430612782891255,-0.8169767318548042,-0.5345345672158975,0
1.530260809667181,-1.270023561901522,-0.9945918274215668,1.0361747991501662,-0.302787208521698,-1.2603085877150713,-0.8169767318548042,-0.5345345672158975,1
0.1446347661452956,1.869906981578376,1.6358796940431473,-1.2929726136149569,-0.8860481012886536,0.3258329672884261,1.2240250682901004,0.8647108543736758,0
1.1838542987867098,-0.3573322542522675,-0.5307981644264727,1.0361747991501662,-0.302787208521698,-0.943080276714372,-0.8169767318548042,-0.8843459226132909,1
-1.24099127737659,-0.7932445205922097,-1.0915039361071086,-0.0951253727643221,1.446995469779169,-1.5775368987157707,-0.8169767318548042,-0.1847232118185042,0
-0.2017717447351757,0.4327587284888783,0.7636707158732686,0.2376099719164097,-0.8860481012886536,-0.6258519657136724,1.2240250682901004,-0.5345345672158975,0
-0.8945847664961184,-1.0520674287315506,-1.3753179686861965,-0.427860717445054,0.8637345770122132,0.6430612782891255,-0.8169767318548042,0.1650881435788891,0
0.491041277025767,0.1535024328648525,0.3344885202658673,-1.2929726136149569,-0.302787208521698,0.0086046562877266,-0.8169767318548042,-1.5839686334080776,0
0.1446347661452956,1.3590722944612557,1.1097853897502046,0.5037982476609952,0.2804736842452576,-1.5775368987157707,-0.8169767318548042,-1.2341572780106842,0
-1.5873977882570611,-0.9635227496312496,-1.08458164262957,-0.960237268934225,-0.302787208521698,0.0086046562877266,1.2240250682901004,1.214522209771069,0
-1.24099127737659,-1.6173911491411634,-1.6868211751754387,1.102721868086313,-0.8860481012886536,-1.5775368987157707,-0.8169767318548042,0.8647108543736758,0
0.8374477879062384,1.46123923188468,1.6012682266554532,-1.0267843378703714,0.2804736842452576,-0.3086236547129729,-0.8169767318548042,-0.8843459226132909,1
-0.548178255615647,-0.3232766084444596,-0.1916057840270752,1.302363074894752,-0.302787208521698,-0.943080276714372,-0.8169767318548042,1.5643335651684624,0
1.1838542987867098,-0.0780759586282417,0.029907607254164,-1.4260667514872496,1.446995469779169,-1.5775368987157707,1.2240250682901004,0.1650881435788891,0
-0.8945847664961184,-0.4458769333525682,-0.3992745883532366,-0.0285783038281757,-1.4693089940556092,-0.943080276714372,-0.8169767318548042,1.214522209771069,0
-0.8945847664961184,-0.9158448455003184,-0.6692440339772465,-2.2246315787210063,-1.4693089940556092,-0.6258519657136724,1.2240250682901004,0.5148994989762825,0
0.8374477879062384,0.7733151865669584,0.4590898028615641,0.4372511787248489,0.8637345770122132,-0.943080276714372,-0.8169767318548042,-0.8843459226132909,1
-1.5873977882570611,-0.4186324167063218,-0.3992745883532366,-0.8271431310619323,-0.302787208521698,-1.5775368987157707,-0.8169767318548042,1.5643335651684624,0
0.1446347661452956,0.3101584035807697,0.6598363137101876,-0.2282195106366148,-0.302787208521698,-0.6258519657136724,-0.8169767318548042,-0.1847232118185042,0
-0.8945847664961184,-0.0099646670126259,0.0160630202990862,1.502004281703191,-0.8860481012886536,1.2775179002905246,-0.8169767318548042,0.5148994989762825,0
0.1446347661452956,0.180746949511099,-0.115460555774149,-1.2264255446788106,0.2804736842452576,0.6430612782891255,-0.8169767318548042,-1.2341572780106842,0
0.1446347661452956,-0.3777656417369519,-0.5654096318141661,-1.492613820423396,-0.8860481012886536,-1.2603085877150713,1.2240250682901004,0.8647108543736758,0
0.491041277025767,-1.0656896870546742,-1.0222810013317216,-2.8235551991463237,-1.4693089940556092,-1.2603085877150713,-0.8169767318548042,-1.2341572780106842,0
0.491041277025767,0.7460706699207126,0.8744274115138883,0.8365335923417272,-0.8860481012886536,-0.6258519657136724,1.2240250682901004,-0.5345345672158975,0
0.1446347661452956,1.011704707221614,0.9090388789015812,0.104515834044117,0.8637345770122132,-1.5775368987157707,1.2240250682901004,0.1650881435788891,0
0.8374477879062384,0.3033472744192082,0.0575967811643189,0.3707041097887025,-0.302787208521698,-1.2603085877150713,1.2240250682901004,-0.5345345672158975,0
-0.2017717447351757,1.1002493863219156,0.825971357171117,-0.6940489931896395,1.446995469779169,1.2775179002905246,-0.8169767318548042,0.5148994989762825,0
1.1838542987867098,0.0172798496336204,0.1129751289846287,0.96962773021402,0.2804736842452576,0.0086046562877266,-0.8169767318548042,-1.2341572780106842,1
1.1838542987867098,-0.6774553248456626,-0.7177000883200177,-1.4260667514872496,-1.4693089940556092,-0.943080276714372,-0.8169767318548042,0.8647108543736758,0
1.1838542987867098,1.7336843983471442,1.5805013462228374,1.302363074894752,1.446995469779169,-0.3086236547129729,1.2240250682901004,-1.5839686334080776,1
-0.2017717447351757,1.7200621400240212,1.4766669440597564,-0.3613136485089076,0.2804736842452576,1.2775179002905246,1.2240250682901004,1.5643335651684624,0
-1.24099127737659,-1.1474232369934134,-1.5068415447594317,-0.8271431310619323,1.446995469779169,0.0086046562877266,-0.8169767318548042,-1.5839686334080776,0
-0.548178255615647,1.1956051945837771,1.199775204958207,0.3707041097887025,0.2804736842452576,-0.6258519657136724,1.2240250682901004,0.1650881435788891,0
1.1838542987867098,-1.365379370163384,-1.4929969578043545,1.169268937022459,-0.302787208521698,-0.3086236547129729,-0.8169767318548042,0.1650881435788891,1
-0.8945847664961184,1.1547384196144084,1.3866771288517523,0.8365335923417272,1.446995469779169,-0.943080276714372,-0.8169767318548042,-1.5839686334080776,1
1.530260809667181,-0.4322546750294447,-0.6553994470221693,0.3041570408525561,1.446995469779169,0.6430612782891255,1.2240250682901004,0.8647108543736758,0
0.491041277025767,-0.3028432209597747,-0.1500720231618425,-0.427860717445054,0.8637345770122132,0.960289589289825,1.2240250682901004,-0.5345345672158975,0
1.1838542987867098,-1.30407920770933,-1.1053485230621858,0.7699865234055808,0.2804736842452576,0.0086046562877266,-0.8169767318548042,-0.8843459226132909,1
-1.5873977882570611,-0.180242896051666,0.0091407268215477,1.102721868086313,0.2804736842452576,-0.3086236547129729,1.2240250682901004,1.214522209771069,0
0.1446347661452956,0.0240909787951824,-0.1085382622966104,-0.3613136485089076,0.2804736842452576,1.2775179002905246,1.2240250682901004,-0.5345345672158975,0
-0.2017717447351757,0.1126356578954832,-0.0462376209987621,1.0361747991501662,0.8637345770122132,-0.3086236547129729,-0.8169767318548042,0.1650881435788891,0
0.1446347661452956,-0.0372091836588718,0.1614311833273993,0.7034394544694345,-0.8860481012886536,-0.3086236547129729,1.2240250682901004,0.1650881435788891,0
-0.548178255615647,1.1547384196144084,0.895194291946504,-1.159878475742664,-0.8860481012886536,0.3258329672884261,1.2240250682901004,-0.8843459226132909,0
-1.24099127737659,-0.3845767708985139,-0.1362274362067654,0.104515834044117,-1.4693089940556092,0.0086046562877266,1.2240250682901004,1.214522209771069,0
-0.2017717447351757,-0.9839561371159348,-0.9945918274215668,-0.0951253727643221,-0.8860481012886536,0.0086046562877266,1.2240250682901004,0.8647108543736758,0
-1.24099127737659,-0.2892209626366511,-0.5031089905163177,-0.2282195106366148,-0.8860481012886536,-1.2603085877150713,-0.8169767318548042,-0.1847232118185042,0
-0.8945847664961184,1.5838395567927883,1.552812172312682,0.7034394544694345,0.8637345770122132,0.0086046562877266,-0.8169767318548042,1.5643335651684624,0
0.491041277025767,-0.3913879000600754,-0.2539064253249236,0.104515834044117,-0.8860481012886536,-0.6258519657136724,-0.8169767318548042,-1.5839686334080776,0
1.530260809667181,1.3113943903303256,1.137474563660359,0.1710629029802634,-0.8860481012886536,0.6430612782891255,1.2240250682901004,-0.1847232118185042,0
-0.8945847664961184,-1.365379370163384,-1.112270816539725,-0.2282195106366148,0.2804736842452576,1.594746211291224,1.2240250682901004,0.1650881435788891,0
-1.5873977882570611,0.936782286444437,1.1305522701828203,1.2358160059586054,-1.4693089940556092,-1.2603085877150713,-0.8169767318548042,0.5148994989762825,0
0.1446347661452956,1.50210600685405,1.67049116143084,-1.3595196825511031,-0.8860481012886536,1.594746211291224,-0.8169767318548042,0.1650881435788891,0
0.1446347661452956,1.6110840734390357,1.6981803353409957,0.7699865234055808,0.8637345770122132,-1.5775368987157707,-0.8169767318548042,-0.5345345672158975,1
0.1446347661452956,-1.1065564620240431,-1.403007142596351,-2.757008130210177,0.8637345770122132,-1.2603085877150713,1.2240250682901004,0.5148994989762825,0
1.530260809667181,1.3045832611687629,1.2897650201662112,0.5037982476609952,-0.8860481012886536,0.960289589289825,-0.8169767318548042,0.5148994989762825,0
0.1446347661452956,1.427183586076873,1.587423639700376,0.4372511787248489,-1.4693089940556092,1.594746211291224,-0.8169767318548042,-0.1847232118185042,0
1.1838542987867098,0.1875580786726604,0.4798566832941811,-0.2947665795727612,0.2804736842452576,1.594746211291224,-0.8169767318548042,0.1650881435788891,0
0.8374477879062384,0.855048736505697,0.7567484223957301,0.2376099719164097,-0.302787208521698,-1.5775368987157707,1.2240250682901004,0.1650881435788891,1
0.491041277025767,0.895915511475067,0.929805759334198,-1.159878475742664,0.2804736842452576,1.2775179002905246,-0.8169767318548042,0.8647108543736758,0
-0.8945847664961184,1.0321380947062997,0.7705930093508072,1.3689101438308982,0.2804736842452576,0.0086046562877266,1.2240250682901004,0.5148994989762825,1
0.1446347661452956,-1.1610454953165363,-1.2022606317477282,2.4336632468092403,0.8637345770122132,-1.2603085877150713,-0.8169767318548042,-0.1847232118185042,0
0.491041277025767,-0.1870540252132274,-0.3438962405329269,-1.2929726136149569,-0.302787208521698,1.594746211291224,1.2240250682901004,0.1650881435788891,0
-1.5873977882570611,-0.180242896051666,-0.0462376209987621,0.9030806612778736,1.446995469779169,-0.6258519657136724,-0.8169767318548042,0.5148994989762825,0
-1.24099127737659,-0.5207993541297461,-0.2539064253249236,-0.5609548553173468,0.8637345770122132,-1.5775368987157707,1.2240250682901004,-0.8843459226132909,0
-0.2017717447351757,-0.9839561371159348,-0.766156142662789,-0.960237268934225,0.8637345770122132,-0.943080276714372,-0.8169767318548042,1.5643335651684624,0
1.1838542987867098,-0.4731214499988146,-0.5446427513815497,-0.1616724417004685,0.8637345770122132,1.594746211291224,1.2240250682901004,0.5148994989762825,0
-0.548178255615647,1.7268732691855828,1.5805013462228374,-1.0267843378703714,0.2804736842452576,-1.5775368987157707,-0.8169767318548042,-1.5839686334080776,0
-0.8945847664961184,0.3646474368732625,0.6044579658898779,1.4354572127670446,0.2804736842452576,-1.2603085877150713,-0.8169767318548042,-0.1847232118185042,1
-1.24099127737659,-0.139376121082296,0.0991305420295509,-1.2264255446788106,0.8637345770122132,1.594746211291224,1.2240250682901004,0.5148994989762825,0
0.491041277025767,1.3045832611687629,1.5735790527452989,0.3041570408525561,1.446995469779169,0.3258329672884261,-0.8169767318548042,1.5643335651684624,0
0.1446347661452956,1.277338744522517,1.4766669440597564,-0.5609548553173468,0.2804736842452576,0.3258329672884261,1.2240250682901004,-0.8843459226132909,0
-0.8945847664961184,-0.0167757961741874,0.272187878968019,0.8365335923417272,-0.8860481012886536,-1.2603085877150713,-0.8169767318548042,0.8647108543736758,0
-1.24099127737659,-0.2551653168288432,0.0437521942092411,-0.6940489931896395,0.8637345770122132,1.594746211291224,-0.8169767318548042,1.214522209771069,0
-0.8945847664961184,1.147927290452847,1.4351331831945238,-1.2264255446788106,-0.8860481012886536,0.3258329672884261,1.2240250682901004,-0.5345345672158975,0
-1.24099127737659,1.2705276153609557,1.4974338244923722,-1.7588020961679816,-1.4693089940556092,0.6430612782891255,1.2240250682901004,0.8647108543736758,0
0.1446347661452956,0.3987030826810698,0.4660120963391039,-1.8918962340402743,0.2804736842452576,-1.5775368987157707,-0.8169767318548042,0.5148994989762825,0
1.1838542987867098,1.2296608403915856,1.4697446505822178,-0.1616724417004685,-1.4693089940556092,-1.5775368987157707,-0.8169767318548042,0.1650881435788891,0
1.530260809667181,1.876718110739937,1.5943459331779146,1.4354572127670446,1.446995469779169,-0.3086236547129729,-0.8169767318548042,-0.5345345672158975,1
1.1838542987867098,0.4463809868120012,0.3483331072209445,0.96962773021402,0.8637345770122132,-1.2603085877150713,1.2240250682901004,-1.5839686334080776,1
-0.8945847664961184,1.5429727818234198,1.4005217158068308,0.7034394544694345,-1.4693089940556092,-1.2603085877150713,-0.8169767318548042,-0.5345345672158975,0
0.491041277025767,-0.350521125090706,-0.5930988057243209,-0.0285783038281757,-0.302787208521698,-1.5775368987157707,1.2240250682901004,0.5148994989762825,0
-1.5873977882570611,0.8414264781825741,0.8398159441261942,-0.5609548553173468,-0.8860481012886536,0.6430612782891255,1.2240250682901004,1.214522209771069,0
0.491041277025767,-0.7455666164612783,-0.8976797187360244,2.167474971064655,1.446995469779169,-0.943080276714372,-0.8169767318548042,-0.1847232118185042,0
0.491041277025767,-0.3913879000600754,-0.5584873383366269,1.7681925574477764,-0.8860481012886536,1.2775179002905246,-0.8169767318548042,1.214522209771069,0
1.530260809667181,0.3442140493885769,0.1821980637600156,1.302363074894752,0.2804736842452576,-0.943080276714372,-0.8169767318548042,0.1650881435788891,1
-0.548178255615647,0.3169695327423311,0.0991305420295509,1.302363074894752,-0.8860481012886536,0.3258329672884261,1.2240250682901004,1.214522209771069,0
1.1838542987867098,-0.2415430585057203,-0.4961866970387785,2.034380833192362,-0.302787208521698,0.0086046562877266,1.2240250682901004,1.5643335651684624,1
0.8374477879062384,0.1943692078342225,0.2583432920129418,-0.2947665795727612,-0.302787208521698,0.960289589289825,-0.8169767318548042,0.1650881435788891,0
-0.548178255615647,-0.9022225871771956,-0.966902653511412,-1.093331406806518,-0.302787208521698,-1.2603085877150713,1.2240250682901004,-0.8843459226132909,0
0.1446347661452956,1.3250166486534485,1.587423639700376,-1.159878475742664,0.2804736842452576,1.594746211291224,1.2240250682901004,-0.5345345672158975,0
-0.2017717447351757,-0.4050101583831983,-0.4823421100837013,-0.1616724417004685,-0.302787208521698,1.2775179002905246,1.2240250682901004,0.1650881435788891,0
-0.548178255615647,-1.610580019979602,-1.3199396208658865,-0.0951253727643221,-0.302787208521698,1.2775179002905246,-0.8169767318548042,0.8647108543736758,0
0.1446347661452956,0.1535024328648525,0.3552554006984843,-0.2947665795727612,0.8637345770122132,-1.2603085877150713,1.2240250682901004,0.8647108543736758,0
-1.24099127737659,1.3045832611687629,1.1859306180031302,-0.4944077863812003,1.446995469779169,-1.5775368987157707,-0.8169767318548042,-1.5839686334080776,0
0.491041277025767,-0.6297774207147312,-0.8907574252584858,-0.0951253727643221,-0.302787208521698,-1.5775368987157707,-0.8169767318548042,0.1650881435788891,0
0.1446347661452956,-1.5424687283639862,-1.7421995229957483,0.7034394544694345,-1.4693089940556092,-0.943080276714372,1.2240250682901004,-0.5345345672158975,0
0.491041277025767,-0.2619764459904047,-0.0808490883864555,-1.159878475742664,-1.4693089940556092,-0.3086236547129729,-0.8169767318548042,1.5643335651684624,0
-0.2017717447351757,-1.8081027656648885,-1.6383651208326675,-0.0951253727643221,-0.8860481012886536,1.594746211291224,-0.8169767318548042,-0.8843459226132909,0
-1.24099127737659,0.8346153490210126,1.172086031048053,-0.0285783038281757,-0.8860481012886536,-0.3086236547129729,-0.8169767318548042,0.1650881435788891,0
1.530260809667181,-1.6991246990799027,-1.4929969578043545,0.96962773021402,0.8637345770122132,-0.3086236547129729,-0.8169767318548042,0.1650881435788891,1
0.1446347661452956,-1.8625917989573813,-1.672976588220361,-0.427860717445054,-0.8860481012886536,0.3258329672884261,1.2240250682901004,-0.1847232118185042,0
1.530260809667181,-1.30407920770933,-1.2784058600006538,-0.5609548553173468,1.446995469779169,1.594746211291224,1.2240250682901004,-1.5839686334080776,0
-0.548178255615647,1.7881734316396372,1.691258041863457,0.1710629029802634,-0.302787208521698,1.2775179002905246,-0.8169767318548042,-1.2341572780106842,0
-0.8945847664961184,1.1819829362606542,1.414366302761908,0.5703453165971416,0.8637345770122132,0.960289589289825,-0.8169767318548042,0.5148994989762825,0
1.530260809667181,1.5429727818234198,1.2966873136437498,-0.3613136485089076,0.2804736842452576,-1.5775368987157707,-0.8169767318548042,1.5643335651684624,1
-0.8945847664961184,-0.2347319293441582,-0.3923522948756981,-1.6257079582956888,1.446995469779169,1.594746211291224,1.2240250682901004,-1.5839686334080776,0
-1.24099127737659,0.684770507466657,0.5075458572043353,-0.960237268934225,-0.302787208521698,-1.5775368987157707,1.2240250682901004,-0.5345345672158975,0
-0.2017717447351757,-1.5356575992024242,-1.3060950339108086,-1.2264255446788106,0.8637345770122132,-0.3086236547129729,-0.8169767318548042,-1.5839686334080776,0
0.491041277025767,-1.3177014660324533,-1.652209707787745,-1.093331406806518,-0.8860481012886536,-1.5775368987157707,-0.8169767318548042,0.5148994989762825,0
1.1838542987867098,-0.9839561371159348,-0.6969332078874014,-0.2282195106366148,1.446995469779169,0.6430612782891255,1.2240250682901004,-0.1847232118185042,0
1.1838542987867098,-0.3164654792828976,-0.5792542187692432,-0.427860717445054,1.446995469779169,0.6430612782891255,-0.8169767318548042,-0.8843459226132909,0
0.1446347661452956,1.297772132007201,1.0890185093175877,-0.6940489931896395,-0.302787208521698,0.0086046562877266,-0.8169767318548042,-1.2341572780106842,0
-0.2017717447351757,0.7188261532744655,0.8052044767385002,0.9030806612778736,0.2804736842452576,0.3258329672884261,-0.8169767318548042,-1.5839686334080776,1
0.491041277025767,-0.4050101583831983,-0.6069433926793981,-0.960237268934225,-1.4693089940556092,0.960289589289825,-0.8169767318548042,1.214522209771069,0
-0.8945847664961184,1.1274939029681614,1.1097853897502046,0.2376099719164097,-0.8860481012886536,-0.6258519657136724,-0.8169767318548042,-1.5839686334080776,0
-0.2017717447351757,0.0445243662798668,-0.1016159688190719,-0.6275019242534932,-1.4693089940556092,0.3258329672884261,-0.8169767318548042,0.8647108543736758,0
0.491041277025767,0.2965361452576461,0.3621776941760228,-0.960237268934225,-0.8860481012886536,0.0086046562877266,-0.8169767318548042,-0.8843459226132909,0
0.8374477879062384,0.330591791065454,0.0645190746418575,-0.5609548553173468,-1.4693089940556092,0.3258329672884261,-0.8169767318548042,1.214522209771069,0
1.530260809667181,-0.0985093461129267,0.1614311833273993,-1.3595196825511031,1.446995469779169,1.2775179002905246,1.2240250682901004,1.5643335651684624,0
-0.8945847664961184,-1.556090986687109,-1.5345307186695865,-0.8271431310619323,1.446995469779169,-0.3086236547129729,-0.8169767318548042,-1.2341572780106842,0
0.8374477879062384,-1.4130572742943155,-1.2091829252252668,0.5037982476609952,0.8637345770122132,0.6430612782891255,1.2240250682901004,1.214522209771069,0
1.530260809667181,0.0172798496336204,-0.0116261536110686,0.7034394544694345,-1.4693089940556092,-1.5775368987157707,-0.8169767318548042,-0.5345345672158975,0
1.1838542987867098,-0.2415430585057203,-0.420041468785853,-1.159878475742664,0.2804736842452576,0.3258329672884261,-0.8169767318548042,-1.2341572780106842,0
-1.24099127737659,-0.4050101583831983,-0.1916057840270752,-1.692255027231835,1.446995469779169,-1.5775368987157707,-0.8169767318548042,1.5643335651684624,0
-0.8945847664961184,0.7120150241129041,0.6044579658898779,0.8365335923417272,0.2804736842452576,-0.6258519657136724,-0.8169767318548042,-1.2341572780106842,1
0.8374477879062384,-0.4458769333525682,-0.6553994470221693,-1.0267843378703714,0.2804736842452576,-1.5775368987157707,-0.8169767318548042,0.5148994989762825,0
1.1838542987867098,-1.4675463075868085,-1.3960848491188127,0.6368923855332881,0.8637345770122132,0.960289589289825,1.2240250682901004,-1.5839686334080776,0
-0.2017717447351757,1.07981599883723,0.9505726397668138,1.169268937022459,-1.4693089940556092,-0.943080276714372,1.2240250682901004,0.1650881435788891,0
0.8374477879062384,-1.3790016284865076,-1.1191931100172636,2.167474971064655,0.8637345770122132,-0.3086236547129729,1.2240250682901004,-0.5345345672158975,1
-0.2017717447351757,-0.704699841491909,-1.0499701752418766,1.8347396263839229,1.446995469779169,0.3258329672884261,-0.8169767318548042,0.8647108543736758,0
-0.8945847664961184,0.5213034075891797,0.8467382376037328,0.7034394544694345,-0.8860481012886536,-1.5775368987157707,-0.8169767318548042,-0.8843459226132909,0
1.1838542987867098,0.5213034075891797,0.6667586071877262,-0.2282195106366148,-1.4693089940556092,-0.943080276714372,1.2240250682901004,1.5643335651684624,0
1.530260809667181,-0.9430893621465648,-1.0638147621969538,-1.5591608893595423,0.2804736842452576,0.0086046562877266,1.2240250682901004,1.5643335651684624,0
-1.24099127737659,1.5225393943387342,1.4074440092843694,-0.0951253727643221,1.446995469779169,0.960289589289825,-0.8169767318548042,-0.5345345672158975,0
-1.5873977882570611,-1.1338009786702898,-0.8146121970055596,1.901286695320069,0.8637345770122132,-0.6258519657136724,-0.8169767318548042,-0.1847232118185042,0
-1.24099127737659,-0.2483541876672818,0.0506744876867803,-0.6275019242534932,-0.302787208521698,0.3258329672884261,1.2240250682901004,1.5643335651684624,0
-1.24099127737659,0.6439037324972883,0.5421573245920295,-0.427860717445054,0.2804736842452576,0.6430612782891255,1.2240250682901004,0.5148994989762825,0
1.530260809667181,-0.8681669413693875,-1.2161052187028054,0.5037982476609952,1.446995469779169,-0.943080276714372,-0.8169767318548042,-0.1847232118185042,0
0.8374477879062384,-1.453924049263685,-1.3476287947760413,-1.9584433029764208,1.446995469779169,1.2775179002905246,-0.8169767318548042,-0.1847232118185042,0
-1.24099127737659,-1.6786913115952178,-1.4583854904166609,-1.093331406806518,-0.302787208521698,-1.2603085877150713,1.2240250682901004,1.214522209771069,0
-0.2017717447351757,0.4055142118426325,0.1060528355070901,0.104515834044117,0.2804736842452576,0.0086046562877266,-0.8169767318548042,1.5643335651684624,0
1.530260809667181,0.7596929282438355,0.8052044767385002,-2.557366923401738,0.2804736842452576,-0.3086236547129729,1.2240250682901004,0.5148994989762825,1
0.491041277025767,-0.8273001664000177,-1.0292032948092602,0.4372511787248489,1.446995469779169,-1.5775368987157707,1.2240250682901004,0.8647108543736758,0
0.1446347661452956,1.2160385820684627,1.0197955745422007,-0.6275019242534932,1.446995469779169,-1.5775368987157707,-0.8169767318548042,-0.8843459226132909,0
-0.2017717447351757,0.7733151865669584,0.7013700745754203,-1.9584433029764208,0.2804736842452576,0.6430612782891255,1.2240250682901004,-0.5345345672158975,0
0.1446347661452956,0.8618598656672597,1.012873281064662,1.169268937022459,-0.302787208521698,1.2775179002905246,1.2240250682901004,1.214522209771069,1
-0.548178255615647,1.5429727818234198,1.324376487553904,0.8365335923417272,-0.8860481012886536,1.2775179002905246,-0.8169767318548042,-1.2341572780106842,0
0.1446347661452956,1.3658834236228172,1.151319150615436,-0.7605960621257859,-0.302787208521698,0.3258329672884261,-0.8169767318548042,0.1650881435788891,0
-0.548178255615647,-0.6093440332300468,-0.8838351317809472,0.104515834044117,0.2804736842452576,0.6430612782891255,1.2240250682901004,1.5643335651684624,0
-1.5873977882570611,1.0185158363831757,1.2274643788683628,1.4354572127670446,-0.302787208521698,-0.943080276714372,-0.8169767318548042,-0.8843459226132909,1
-1.24099127737659,0.1058245287339217,-0.1016159688190719,-0.2282195106366148,1.446995469779169,-1.2603085877150713,-0.8169767318548042,0.1650881435788891,0
0.8374477879062384,1.066193740514107,1.24130896582344,-0.3613136485089076,0.2804736842452576,1.594746211291224,1.2240250682901004,1.214522209771069,1
-0.548178255615647,0.4191364701657554,0.618302552844955,0.3707041097887025,-0.302787208521698,-0.3086236547129729,1.2240250682901004,0.1650881435788891,0
0.491041277025767,-0.4526880625141297,-0.3023624796676948,-0.427860717445054,-1.4693089940556092,0.960289589289825,1.2240250682901004,-1.2341572780106842,0
-1.5873977882570611,0.2556693702882768,0.4660120963391039,0.96962773021402,1.446995469779169,0.0086046562877266,-0.8169767318548042,1.214522209771069,0
1.530260809667181,-0.3096543501213361,-0.5654096318141661,-0.0951253727643221,0.2804736842452576,0.6430612782891255,1.2240250682901004,1.214522209771069,0
0.1446347661452956,1.2160385820684627,1.2136197919132845,-0.8271431310619323,-0.8860481012886536,-1.5775368987157707,1.2240250682901004,-0.5345345672158975,0
-0.2017717447351757,1.7745511733165142,1.6081905201329918,-0.0285783038281757,1.446995469779169,0.6430612782891255,-0.8169767318548042,0.1650881435788891,0
0.1446347661452956,-0.1938651543747889,-0.3369739470553883,-1.0267843378703714,1.446995469779169,0.3258329672884261,1.2240250682901004,-0.1847232118185042,0
-1.24099127737659,0.6507148616588497,0.6044579658898779,0.104515834044117,0.8637345770122132,0.6430612782891255,1.2240250682901004,1.5643335651684624,0
1.1838542987867098,1.4680503610462414,1.628957400565609,-1.7588020961679816,1.446995469779169,-0.943080276714372,1.2240250682901004,-1.2341572780106842,1
-0.548178255615647,-0.1325649919207346,-0.4477306426960079,-1.2264255446788106,-1.4693089940556092,0.3258329672884261,-0.8169767318548042,-0.5345345672158975,0
0.1446347661452956,1.2432830987147083,1.448977770149602,0.3041570408525561,-0.8860481012886536,0.0086046562877266,1.2240250682901004,1.5643335651684624,0
-0.8945847664961184,1.427183586076873,1.2205420853908242,-0.2282195106366148,0.8637345770122132,-0.6258519657136724,-0.8169767318548042,1.5643335651684624,0
1.1838542987867098,-1.7059358282414645,-1.5345307186695865,-0.0285783038281757,0.8637345770122132,-0.943080276714372,-0.8169767318548042,1.5643335651684624,0
0.1446347661452956,-1.2087233994474675,-1.1468822839274184,-0.6275019242534932,-1.4693089940556092,0.6430612782891255,-0.8169767318548042,0.1650881435788891,0
1.530260809667181,0.4327587284888783,0.7152146615304974,-0.6940489931896395,-0.302787208521698,-1.5775368987157707,1.2240250682901004,-0.5345345672158975,1
-1.5873977882570611,1.3318277778150098,1.6012682266554532,2.034380833192362,-0.302787208521698,1.2775179002905246,1.2240250682901004,-1.5839686334080776,1
0.491041277025767,1.0185158363831757,1.345143367986521,0.3707041097887025,-0.8860481012886536,-0.6258519657136724,-0.8169767318548042,-0.5345345672158975,0
0.8374477879062384,-1.024822912085304,-0.8699905448258695,0.7699865234055808,0.2804736842452576,0.6430612782891255,-0.8169767318548042,1.214522209771069,1
-1.5873977882570611,0.5962258283663568,0.791359889783423,-1.7588020961679816,-1.4693089940556092,0.0086046562877266,-0.8169767318548042,0.1650881435788891,0
-0.2017717447351757,-0.3028432209597747,-0.6207879796344759,-0.4944077863812003,-0.8860481012886536,0.0086046562877266,1.2240250682901004,1.5643335651684624,0
-0.548178255615647,-0.5752883874222383,-0.4754198166061628,-0.5609548553173468,-1.4693089940556092,-0.3086236547129729,1.2240250682901004,-0.8843459226132909,0
0.1446347661452956,-1.569713245010232,-1.3891625556412734,-1.2929726136149569,1.446995469779169,-1.2603085877150713,-0.8169767318548042,0.8647108543736758,0
-0.548178255615647,-0.3573322542522675,-0.2746733057575399,-1.093331406806518,0.2804736842452576,1.2775179002905246,1.2240250682901004,-1.5839686334080776,0
0.1446347661452956,-1.9170808322498745,-1.7560441099508255,-0.8936901999980786,-1.4693089940556092,1.594746211291224,1.2240250682901004,0.5148994989762825,0
-1.24099127737659,-0.6978887123303475,-0.5446427513815497,1.4354572127670446,0.2804736842452576,-1.5775368987157707,1.2240250682901004,1.214522209771069,0
-1.24099127737659,0.555359053396987,0.3137216398332516,0.1710629029802634,-0.302787208521698,-0.6258519657136724,-0.8169767318548042,-0.5345345672158975,0
-0.548178255615647,-0.180242896051666,-0.3992745883532366,0.0379687651079706,0.8637345770122132,-1.5775368987157707,-0.8169767318548042,1.5643335651684624,0
-0.2017717447351757,-0.0985093461129267,-0.3785077079206203,1.2358160059586054,1.446995469779169,0.6430612782891255,1.2240250682901004,-0.8843459226132909,0
-0.548178255615647,-0.8613558122078261,-1.0638147621969538,0.3041570408525561,0.8637345770122132,-0.3086236547129729,-0.8169767318548042,-0.1847232118185042,0
-1.5873977882570611,-0.4526880625141297,-0.5584873383366269,0.7034394544694345,-0.8860481012886536,1.594746211291224,1.2240250682901004,0.5148994989762825,0
-1.5873977882570611,1.4408058443999956,1.1443968571378975,-0.3613136485089076,-0.302787208521698,0.960289589289825,1.2240250682901004,-0.8843459226132909,0
-0.548178255615647,0.2624804994498383,0.5906133789348007,0.1710629029802634,-1.4693089940556092,0.6430612782891255,-0.8169767318548042,1.5643335651684624,0
0.8374477879062384,-1.2223456577705905,-1.486074664326816,-0.6275019242534932,-1.4693089940556092,1.2775179002905246,-0.8169767318548042,1.214522209771069,0
0.8374477879062384,-1.51522421171774,-1.4929969578043545,1.5685513506393374,1.446995469779169,-0.3086236547129729,1.2240250682901004,-0.8843459226132909,1
0.1446347661452956,0.7392595407591499,0.7567484223957301,0.1710629029802634,-1.4693089940556092,-0.3086236547129729,1.2240250682901004,-0.5345345672158975,0
0.8374477879062384,-1.120178720347167,-1.0361255882867988,0.96962773021402,0.8637345770122132,0.3258329672884261,1.2240250682901004,-0.5345345672158975,1
-1.24099127737659,-0.2755987043135282,-0.0531599144763006,0.104515834044117,0.2804736842452576,-0.3086236547129729,-0.8169767318548042,-0.5345345672158975,0
-0.548178255615647,0.0990133995723597,0.2306541181027869,-1.692255027231835,1.446995469779169,-0.3086236547129729,1.2240250682901004,1.214522209771069,0
0.8374477879062384,-1.3177014660324533,-1.2368720991354218,-2.2246315787210063,0.2804736842452576,0.960289589289825,-0.8169767318548042,-1.2341572780106842,0
-0.2017717447351757,-0.513988224968184,-0.4061968818307752,-2.3577257165932988,-1.4693089940556092,1.594746211291224,-0.8169767318548042,0.5148994989762825,0
0.8374477879062384,-0.5684772582606769,-0.5100312839938563,-0.4944077863812003,-0.302787208521698,-0.6258519657136724,1.2240250682901004,-1.2341572780106842,0
1.530260809667181,0.7937485740516428,0.6321471398000321,1.502004281703191,0.8637345770122132,-0.943080276714372,-0.8169767318548042,-1.5839686334080776,1
0.1446347661452956,-0.8409224247231412,-0.8838351317809472,-0.2282195106366148,0.2804736842452576,-0.943080276714372,1.2240250682901004,-0.8843459226132909,0
-0.8945847664961184,0.0853911412492368,0.2860324659230967,1.169268937022459,-1.4693089940556092,0.6430612782891255,1.2240250682901004,-0.8843459226132909,0
1.1838542987867098,-1.8217250239880112,-1.603753653444974,0.3041570408525561,-0.302787208521698,1.594746211291224,1.2240250682901004,-1.2341572780106842,0
0.8374477879062384,-1.1406121078318512,-1.2922504469557317,-0.6940489931896395,0.8637345770122132,1.2775179002905246,1.2240250682901004,-0.5345345672158975,0
0.1446347661452956,-0.9567116204696884,-0.9184465991686408,-0.0285783038281757,-0.8860481012886536,1.594746211291224,1.2240250682901004,1.5643335651684624,0
0.491041277025767,-0.4594991916756911,-0.7938453165729439,-0.2947665795727612,-1.4693089940556092,1.2775179002905246,1.2240250682901004,1.5643335651684624,0
-0.8945847664961184,0.5008700201044941,0.1891203572375542,-0.8271431310619323,1.446995469779169,0.0086046562877266,1.2240250682901004,1.214522209771069,0
-0.8945847664961184,0.725637282436027,0.964417226721891,-1.6257079582956888,1.446995469779169,-1.2603085877150713,-0.8169767318548042,0.1650881435788891,0
1.530260809667181,-1.031634041246866,-1.1953383382701896,-1.093331406806518,0.2804736842452576,0.3258329672884261,-0.8169767318548042,-0.1847232118185042,0
1.530260809667181,0.1535024328648525,0.0368299007317026,2.1009279021285083,-0.302787208521698,0.960289589289825,-0.8169767318548042,-0.1847232118185042,1
0.8374477879062384,-0.2960320917982132,-0.4061968818307752,0.3041570408525561,-0.8860481012886536,-0.6258519657136724,1.2240250682901004,1.214522209771069,0
0.1446347661452956,1.3454500361381327,1.552812172312682,0.1710629029802634,1.446995469779169,1.2775179002905246,1.2240250682901004,-0.1847232118185042,0
0.1446347661452956,-0.9975783954390576,-1.1261154034948022,1.8347396263839229,-1.4693089940556092,-1.5775368987157707,-0.8169767318548042,-1.2341572780106842,0
-1.24099127737659,0.3374029202270155,0.1752757702824771,0.104515834044117,0.2804736842452576,-0.943080276714372,-0.8169767318548042,0.8647108543736758,0
0.491041277025767,-1.120178720347167,-0.9184465991686408,-0.0285783038281757,-1.4693089940556092,-0.6258519657136724,1.2240250682901004,-0.8843459226132909,0
0.8374477879062384,-1.1814788828012213,-1.2022606317477282,-0.4944077863812003,-0.8860481012886536,1.2775179002905246,1.2240250682901004,-0.5345345672158975,0
1.1838542987867098,-1.3858127576480692,-1.6660542947428223,-0.4944077863812003,-0.8860481012886536,0.3258329672884261,-0.8169767318548042,0.5148994989762825,0
1.1838542987867098,-0.4322546750294447,-0.4961866970387785,-0.0285783038281757,1.446995469779169,1.594746211291224,-0.8169767318548042,-0.5345345672158975,0
-1.24099127737659,0.8346153490210126,0.9921064006320464,0.6368923855332881,-1.4693089940556092,1.2775179002905246,1.2240250682901004,-1.5839686334080776,0
1.530260809667181,-0.6978887123303475,-0.5238758709489334,0.5703453165971416,-1.4693089940556092,-0.6258519657136724,-0.8169767318548042,1.214522209771069,0
0.1446347661452956,-0.0372091836588718,-0.1846834905495366,0.4372511787248489,-0.8860481012886536,-1.2603085877150713,1.2240250682901004,0.5148994989762825,0
1.1838542987867098,-0.0712648294666803,0.1475865963723222,0.5037982476609952,0.2804736842452576,0.6430612782891255,-0.8169767318548042,1.5643335651684624,0
0.491041277025767,1.025326965544737,1.3036096071212884,-0.2282195106366148,-0.8860481012886536,1.594746211291224,1.2240250682901004,0.1650881435788891,0
-0.8945847664961184,-1.0656896870546742,-0.8838351317809472,-0.5609548553173468,-1.4693089940556092,0.3258329672884261,-0.8169767318548042,1.214522209771069,0
-0.548178255615647,-1.7195580865645876,-1.6175982404000513,-0.427860717445054,0.8637345770122132,0.0086046562877266,-0.8169767318548042,-1.2341572780106842,0
0.491041277025767,0.8618598656672597,0.791359889783423,-0.5609548553173468,0.2804736842452576,0.0086046562877266,-0.8169767318548042,1.5643335651684624,0
-0.548178255615647,0.9640268030906828,0.6529140202326491,0.3707041097887025,1.446995469779169,1.594746211291224,-0.8169767318548042,0.8647108543736758,0
0.1446347661452956,-0.350521125090706,-0.3646631209655432,1.7681925574477764,-0.8860481012886536,1.594746211291224,-0.8169767318548042,0.8647108543736758,0
-0.8945847664961184,1.2296608403915856,1.414366302761908,0.3707041097887025,0.2804736842452576,0.3258329672884261,-0.8169767318548042,0.8647108543736758,0
-1.5873977882570611,1.815417948285883,1.5943459331779146,-0.0951253727643221,-1.4693089940556092,0.0086046562877266,1.2240250682901004,-0.8843459226132909,0
-0.8945847664961184,-0.5207993541297461,-0.3854300013981589,1.3689101438308982,0.2804736842452576,-0.943080276714372,1.2240250682901004,-0.8843459226132909,0
1.1838542987867098,0.1943692078342225,0.1475865963723222,1.5685513506393374,0.8637345770122132,1.2775179002905246,-0.8169767318548042,1.214522209771069,1
0.491041277025767,-0.5548549999375539,-0.3577408274880046,-1.492613820423396,-0.302787208521698,-1.2603085877150713,1.2240250682901004,1.214522209771069,0
1.530260809667181,-0.8000556497537712,-0.966902653511412,-1.2929726136149569,-1.4693089940556092,0.6430612782891255,1.2240250682901004,-0.1847232118185042,0
1.530260809667181,1.0321380947062997,0.9574949332443524,-0.4944077863812003,0.2804736842452576,0.3258329672884261,1.2240250682901004,-1.2341572780106842,1
0.8374477879062384,1.2569053570378326,1.2551535527785171,-0.1616724417004685,-0.302787208521698,0.960289589289825,-0.8169767318548042,1.5643335651684624,1
-0.2017717447351757,-1.6173911491411634,-1.7421995229957483,-0.0285783038281757,0.2804736842452576,0.3258329672884261,-0.8169767318548042,-1.5839686334080776,0
0.491041277025767,1.0457603530294226,0.9921064006320464,-0.5609548553173468,-0.302787208521698,0.960289589289825,-0.8169767318548042,0.8647108543736758,0
1.530260809667181,0.4600032451351253,0.5421573245920295,-1.2264255446788106,0.2804736842452576,-1.2603085877150713,-0.8169767318548042,-0.1847232118185042,1
0.1446347661452956,-0.2006762835363504,-0.0254707405661457,-0.0285783038281757,-0.302787208521698,0.0086046562877266,-0.8169767318548042,-1.2341572780106842,0
-0.2017717447351757,-1.3108903368708913,-1.6798988816978997,-0.960237268934225,0.8637345770122132,1.594746211291224,1.2240250682901004,1.214522209771069,0
1.530260809667181,-1.4130572742943155,-1.499919251281893,-0.8936901999980786,-0.8860481012886536,-0.6258519657136724,1.2240250682901004,-1.5839686334080776,0
0.1446347661452956,1.3250166486534485,1.2897650201662112,-1.492613820423396,0.8637345770122132,-0.3086236547129729,-0.8169767318548042,0.8647108543736758,0
-0.8945847664961184,1.0730048696756684,1.3036096071212884,2.6998515225538258,1.446995469779169,-0.3086236547129729,-0.8169767318548042,-1.2341572780106842,1
-0.548178255615647,0.0717688829261132,0.306799346355713,1.3689101438308982,-0.8860481012886536,0.0086046562877266,1.2240250682901004,1.214522209771069,0
1.530260809667181,-0.7387554872997169,-0.7800007296178662,-0.3613136485089076,-0.302787208521698,1.594746211291224,-0.8169767318548042,-0.5345345672158975,0
-1.5873977882570611,-0.8068667789153333,-0.5792542187692432,-0.8936901999980786,-0.302787208521698,1.2775179002905246,1.2240250682901004,0.5148994989762825,0
0.1446347661452956,0.7869374448900813,0.9505726397668138,1.0361747991501662,-0.8860481012886536,1.594746211291224,1.2240250682901004,-1.5839686334080776,0
1.530260809667181,-1.5356575992024242,-1.2922504469557317,-1.093331406806518,-1.4693089940556092,1.2775179002905246,-0.8169767318548042,-1.5839686334080776,0
-0.548178255615647,1.747306656670267,1.691258041863457,-0.0285783038281757,-1.4693089940556092,-1.5775368987157707,-0.8169767318548042,-0.8843459226132909,0
-0.2017717447351757,-0.1666206377285425,-0.0462376209987621,0.7034394544694345,0.2804736842452576,1.594746211291224,-0.8169767318548042,-0.8843459226132909,0
0.8374477879062384,1.5497839109849814,1.4628223571046792,-0.427860717445054,-0.302787208521698,0.3258329672884261,-0.8169767318548042,0.1650881435788891,1
-0.8945847664961184,1.318205519491887,1.6081905201329918,0.5037982476609952,-1.4693089940556092,1.594746211291224,-0.8169767318548042,1.214522209771069,0
1.530260809667181,1.025326965544737,0.7498261289181903,1.6350984195754836,-1.4693089940556092,0.6430612782891255,-0.8169767318548042,-0.5345345672158975,1
-0.8945847664961184,-0.0440203128204338,-0.2746733057575399,0.5037982476609952,0.2804736842452576,1.2775179002905246,1.2240250682901004,-1.2341572780106842,0
-1.24099127737659,-0.3709545125753904,-0.3300516535778497,0.3707041097887025,0.8637345770122132,0.0086046562877266,-0.8169767318548042,-1.2341572780106842,0
0.491041277025767,-1.9307030905729972,-1.693743468652977,-0.1616724417004685,-0.302787208521698,0.0086046562877266,-0.8169767318548042,-1.2341572780106842,0
-1.24099127737659,1.0321380947062997,1.2274643788683628,-0.2282195106366148,-1.4693089940556092,0.960289589289825,-0.8169767318548042,1.5643335651684624,0
0.1446347661452956,1.2296608403915856,1.324376487553904,1.302363074894752,-0.8860481012886536,-1.5775368987157707,-0.8169767318548042,1.5643335651684624,0
0.8374477879062384,-1.2836458202246448,-0.9945918274215668,0.0379687651079706,0.2804736842452576,-1.5775368987157707,1.2240250682901004,-1.2341572780106842,0
1.1838542987867098,-0.7864333914306483,-0.9738249469889504,2.1009279021285083,0.8637345770122132,1.2775179002905246,1.2240250682901004,-0.5345345672158975,1
1.530260809667181,-1.4266795326174384,-1.4653077838941997,0.104515834044117,-0.8860481012886536,-1.5775368987157707,1.2240250682901004,-0.5345345672158975,0
1.530260809667181,-1.2836458202246448,-1.3960848491188127,0.7699865234055808,-0.8860481012886536,-0.943080276714372,1.2240250682901004,-1.2341572780106842,0
1.1838542987867098,-1.440301790940562,-1.3407065012985029,0.5037982476609952,0.8637345770122132,1.594746211291224,-0.8169767318548042,-1.5839686334080776,0
-0.8945847664961184,0.4259475993273168,0.6044579658898779,-1.2264255446788106,-0.8860481012886536,-1.5775368987157707,1.2240250682901004,-0.1847232118185042,0
-0.2017717447351757,1.71325101086246,1.4420554766720624,0.7034394544694345,0.8637345770122132,-0.943080276714372,-0.8169767318548042,-0.8843459226132909,0
1.1838542987867098,-0.0372091836588718,0.2583432920129418,0.7034394544694345,-0.302787208521698,-0.943080276714372,-0.8169767318548042,-1.2341572780106842,0
-0.548178255615647,1.0525714821909842,0.9367280528117368,-0.6940489931896395,-1.4693089940556092,-1.2603085877150713,-0.8169767318548042,0.5148994989762825,0
0.8374477879062384,-1.0725008162162355,-0.9461357730787956,-1.4260667514872496,-0.302787208521698,1.2775179002905246,-0.8169767318548042,-0.1847232118185042,0
-1.24099127737659,-0.4867437083219376,-0.3092847731452334,-0.6275019242534932,-0.302787208521698,0.6430612782891255,-0.8169767318548042,0.1650881435788891,0
0.8374477879062384,1.2296608403915856,1.4905115310148336,0.3041570408525561,1.446995469779169,1.2775179002905246,-0.8169767318548042,0.5148994989762825,1
0.1446347661452956,0.4327587284888783,0.6321471398000321,-1.093331406806518,0.8637345770122132,0.3258329672884261,1.2240250682901004,1.214522209771069,0
0.8374477879062384,0.5349256659123026,0.2583432920129418,-1.093331406806518,1.446995469779169,-0.3086236547129729,1.2240250682901004,-1.2341572780106842,1
0.491041277025767,1.1206827738066,0.929805759334198,0.3041570408525561,1.446995469779169,1.594746211291224,1.2240250682901004,0.1650881435788891,0
1.530260809667181,1.222849711230024,1.448977770149602,-1.492613820423396,0.2804736842452576,1.594746211291224,-0.8169767318548042,0.5148994989762825,1
-1.5873977882570611,-0.5616661290991154,-0.2815955992350785,0.5037982476609952,0.2804736842452576,0.960289589289825,-0.8169767318548042,0.1650881435788891,0
-1.24099127737659,-0.5820995165838004,-0.6207879796344759,-0.2282195106366148,1.446995469779169,-1.2603085877150713,1.2240250682901004,0.1650881435788891,0
-0.548178255615647,0.7801263157285199,0.6529140202326491,0.4372511787248489,-0.8860481012886536,-1.5775368987157707,-0.8169767318548042,-1.5839686334080776,0
-0.8945847664961184,0.6643371199819726,0.6044579658898779,1.0361747991501662,-0.8860481012886536,1.2775179002905246,-0.8169767318548042,-1.2341572780106842,0
1.530260809667181,1.0593826113525455,1.3520656614640596,-0.4944077863812003,1.446995469779169,1.594746211291224,1.2240250682901004,-0.5345345672158975,1
-0.8945847664961184,-1.3585682410018227,-1.700665762130516,1.302363074894752,-0.302787208521698,1.594746211291224,1.2240250682901004,0.5148994989762825,0
1.530260809667181,1.6519508484084056,1.4974338244923722,-1.5591608893595423,0.2804736842452576,-0.3086236547129729,-0.8169767318548042,0.1650881435788891,1
-0.2017717447351757,0.4600032451351253,0.4798566832941811,-2.4908198544655917,-1.4693089940556092,-0.943080276714372,1.2240250682901004,-0.5345345672158975,0
1.530260809667181,-0.343709995929144,-0.1985280775046137,0.7034394544694345,0.8637345770122132,-0.6258519657136724,-0.8169767318548042,-0.1847232118185042,0
-0.8945847664961184,-0.8545446830462641,-1.0222810013317216,-1.3595196825511031,-1.4693089940556092,-1.2603085877150713,-0.8169767318548042,0.1650881435788891,0
0.491041277025767,0.1535024328648525,0.0022184333440091,0.8365335923417272,-0.8860481012886536,0.0086046562877266,1.2240250682901004,-0.8843459226132909,0
-0.2017717447351757,-0.513988224968184,-0.634632566589553,-1.825349165104128,-0.8860481012886536,1.594746211291224,-0.8169767318548042,0.1650881435788891,0
-0.8945847664961184,-0.534421612452869,-0.461575229651085,0.96962773021402,0.2804736842452576,0.3258329672884261,1.2240250682901004,1.5643335651684624,0
0.491041277025767,-1.1746677536396597,-1.1053485230621858,-0.3613136485089076,-0.8860481012886536,-0.943080276714372,-0.8169767318548042,-0.8843459226132909,0
1.530260809667181,1.3590722944612557,1.2551535527785171,-0.2947665795727612,-0.8860481012886536,0.960289589289825,-0.8169767318548042,-1.2341572780106842,0
-0.2017717447351757,0.2829138869345232,0.133742009417245,0.5703453165971416,-1.4693089940556092,-0.943080276714372,1.2240250682901004,0.8647108543736758,0
-0.8945847664961184,0.1943692078342225,-0.1223828492516876,0.4372511787248489,0.2804736842452576,-1.2603085877150713,-0.8169767318548042,-0.5345345672158975,0
0.8374477879062384,1.4952948776924884,1.4074440092843694,0.3707041097887025,0.2804736842452576,1.2775179002905246,-0.8169767318548042,0.5148994989762825,1
0.491041277025767,-0.8136779080768948,-0.5100312839938563,-0.427860717445054,-0.8860481012886536,-1.5775368987157707,1.2240250682901004,-0.1847232118185042,0
-1.5873977882570611,-1.215534528609029,-0.966902653511412,1.502004281703191,-0.8860481012886536,-0.6258519657136724,1.2240250682901004,0.8647108543736758,0
0.8374477879062384,0.855048736505697,0.8052044767385002,-1.0267843378703714,-0.8860481012886536,-0.943080276714372,1.2240250682901004,0.1650881435788891,0
0.491041277025767,-1.1814788828012213,-1.008436414376644,-0.3613136485089076,0.8637345770122132,0.0086046562877266,-0.8169767318548042,-1.2341572780106842,0
0.1446347661452956,0.8414264781825741,0.7082923680529589,-0.0951253727643221,0.8637345770122132,-0.6258519657136724,-0.8169767318548042,1.5643335651684624,0
-0.548178255615647,1.406750198592187,1.1236299767052818,2.1009279021285083,1.446995469779169,1.2775179002905246,1.2240250682901004,-1.2341572780106842,1
0.8374477879062384,1.0457603530294226,1.3036096071212884,-1.3595196825511031,-0.8860481012886536,-0.943080276714372,-0.8169767318548042,-0.1847232118185042,0
-0.2017717447351757,-0.1053204752744881,-0.2400618383698458,0.9030806612778736,0.2804736842452576,-0.6258519657136724,-0.8169767318548042,1.214522209771069,0
1.1838542987867098,-1.1951011411243442,-0.8769128383034086,-1.492613820423396,-0.8860481012886536,0.3258329672884261,-0.8169767318548042,-0.1847232118185042,0
-0.2017717447351757,-0.6978887123303475,-0.7453892622301727,0.9030806612778736,-0.8860481012886536,0.6430612782891255,-0.8169767318548042,-0.8843459226132909,0
-0.548178255615647,0.6643371199819726,0.825971357171117,0.9030806612778736,-0.8860481012886536,0.6430612782891255,-0.8169767318548042,-0.8843459226132909,0
0.1446347661452956,-0.8681669413693875,-0.6069433926793981,-0.427860717445054,1.446995469779169,0.960289589289825,1.2240250682901004,-0.5345345672158975,0
1.530260809667181,0.7460706699207126,1.0959408027951263,1.0361747991501662,1.446995469779169,-1.5775368987157707,-0.8169767318548042,-1.5839686334080776,1
-1.24099127737659,-0.7796222622690868,-0.7315446752750949,-0.0951253727643221,0.8637345770122132,-1.5775368987157707,1.2240250682901004,-0.5345345672158975,0
-1.24099127737659,0.8005597032132054,1.0059509875871235,1.169268937022459,-1.4693089940556092,0.3258329672884261,1.2240250682901004,-0.1847232118185042,0
-0.8945847664961184,-1.1814788828012213,-1.4583854904166609,-1.4260667514872496,-0.302787208521698,0.960289589289825,1.2240250682901004,-0.1847232118185042,0
-0.8945847664961184,-1.7536137323723957,-1.4514631969391218,-0.960237268934225,0.8637345770122132,-1.2603085877150713,-0.8169767318548042,1.5643335651684624,0
1.1838542987867098,-0.4526880625141297,-0.6484771535446308,-1.9584433029764208,-1.4693089940556092,0.960289589289825,-0.8169767318548042,0.8647108543736758,0
-1.5873977882570611,0.5621701825585484,0.7359815419631132,0.3707041097887025,-0.302787208521698,-0.943080276714372,-0.8169767318548042,-1.2341572780106842,0
-1.5873977882570611,-0.4254435458678833,-0.4338860557409301,1.6350984195754836,-1.4693089940556092,0.6430612782891255,1.2240250682901004,-1.2341572780106842,0
-0.8945847664961184,-0.5548549999375539,-0.7592338491852498,-0.5609548553173468,1.446995469779169,0.0086046562877266,-0.8169767318548042,-0.5345345672158975,0
-1.24099127737659,-0.6161551623916083,-0.4546529361735464,-0.960237268934225,1.446995469779169,-0.6258519657136724,1.2240250682901004,-0.1847232118185042,0
0.8374477879062384,-0.5820995165838004,-0.5584873383366269,0.6368923855332881,-0.302787208521698,-0.6258519657136724,1.2240250682901004,1.5643335651684624,0
1.1838542987867098,0.3646474368732625,0.1545088898498608,1.8347396263839229,-0.8860481012886536,-0.6258519657136724,-0.8169767318548042,0.8647108543736758,1
-0.8945847664961184,-0.2279208001825968,-0.1639166101169203,-0.2282195106366148,-1.4693089940556092,-0.943080276714372,-0.8169767318548042,0.8647108543736758,0
-0.8945847664961184,-1.3517571118402611,-1.3822402621637349,-1.8918962340402743,0.2804736842452576,1.594746211291224,-0.8169767318548042,0.5148994989762825,0
0.8374477879062384,-0.4799325791603761,-0.3992745883532366,0.7034394544694345,-0.8860481012886536,1.2775179002905246,-0.8169767318548042,-1.5839686334080776,0
-0.2017717447351757,0.4327587284888783,0.722136955008036,0.6368923855332881,1.446995469779169,-0.943080276714372,-0.8169767318548042,0.8647108543736758,0
-0.548178255615647,0.2488582411267153,0.5560019115471065,1.70164548851163,-0.302787208521698,0.3258329672884261,1.2240250682901004,0.1650881435788891,0
0.1446347661452956,0.2965361452576461,0.133742009417245,-0.427860717445054,-1.4693089940556092,-1.2603085877150713,-0.8169767318548042,-1.2341572780106842,0
0.1446347661452956,0.4668143742966868,0.5352350311144909,-1.492613820423396,1.446995469779169,0.6430612782891255,-0.8169767318548042,0.1650881435788891,0
0.491041277025767,0.0581466246029903,0.2583432920129418,-0.0285783038281757,-0.302787208521698,0.0086046562877266,-0.8169767318548042,0.8647108543736758,0
1.530260809667181,0.180746949511099,0.3344885202658673,0.5037982476609952,1.446995469779169,1.2775179002905246,-0.8169767318548042,0.1650881435788891,0
-0.2017717447351757,0.2420471119651533,0.4314006289514098,-0.5609548553173468,-0.8860481012886536,0.960289589289825,1.2240250682901004,-0.1847232118185042,0
1.1838542987867098,0.1671246911879761,0.1268197159397059,0.0379687651079706,-1.4693089940556092,-1.2603085877150713,1.2240250682901004,0.8647108543736758,0
-1.5873977882570611,1.63151746092372,1.5458898788351434,0.3707041097887025,0.8637345770122132,-0.6258519657136724,-0.8169767318548042,-0.5345345672158975,0
0.8374477879062384,-1.2087233994474675,-0.8976797187360244,-0.8271431310619323,-0.8860481012886536,0.960289589289825,-0.8169767318548042,1.5643335651684624,0
-0.2017717447351757,0.9435934156059984,0.964417226721891,-0.1616724417004685,-0.8860481012886536,0.960289589289825,-0.8169767318548042,1.214522209771069,0
-0.548178255615647,0.3850808243579469,0.4383229224289484,0.104515834044117,0.8637345770122132,-1.2603085877150713,-0.8169767318548042,0.5148994989762825,0
-0.2017717447351757,1.0457603530294226,1.379754835374214,-0.1616724417004685,-0.8860481012886536,-0.6258519657136724,-0.8169767318548042,1.214522209771069,0
-0.8945847664961184,0.0649577537645518,0.244498705057864,0.8365335923417272,-0.8860481012886536,-0.6258519657136724,-0.8169767318548042,-0.5345345672158975,0
-0.548178255615647,-0.4050101583831983,-0.3300516535778497,1.0361747991501662,1.446995469779169,0.3258329672884261,-0.8169767318548042,-0.1847232118185042,0
1.1838542987867098,0.9163488989597526,1.0197955745422007,-1.0267843378703714,1.446995469779169,0.960289589289825,-0.8169767318548042,-0.1847232118185042,1
-1.5873977882570611,-0.159809508566981,-0.2262172514147686,0.5703453165971416,-0.8860481012886536,0.0086046562877266,-0.8169767318548042,-0.8843459226132909,0
-0.548178255615647,-1.4675463075868085,-1.2161052187028054,1.4354572127670446,1.446995469779169,-0.943080276714372,-0.8169767318548042,0.5148994989762825,0
0.1446347661452956,0.4804366326198097,0.7429038354406517,0.3041570408525561,1.446995469779169,-1.5775368987157707,-0.8169767318548042,0.5148994989762825,0
-1.24099127737659,1.1411161612912857,0.8190490636935784,0.1710629029802634,0.2804736842452576,0.960289589289825,-0.8169767318548042,1.5643335651684624,0
-0.2017717447351757,-1.760424861533957,-1.7560441099508255,-0.4944077863812003,1.446995469779169,-1.2603085877150713,1.2240250682901004,-0.5345345672158975,0
-0.2017717447351757,0.6302814741741654,0.3552554006984843,2.566757384681533,-0.8860481012886536,-0.943080276714372,-0.8169767318548042,0.8647108543736758,0
1.530260809667181,-1.024822912085304,-0.9322911861237178,-1.0267843378703714,0.2804736842452576,-0.6258519657136724,1.2240250682901004,1.5643335651684624,0
-0.2017717447351757,-0.3164654792828976,-0.5238758709489334,0.7034394544694345,0.8637345770122132,0.3258329672884261,-0.8169767318548042,0.1650881435788891,0
1.530260809667181,-1.7195580865645876,-1.7214326425631323,0.7699865234055808,-0.302787208521698,-0.6258519657136724,1.2240250682901004,0.1650881435788891,1
1.530260809667181,-0.0031535378510639,0.029907607254164,-1.0267843378703714,0.2804736842452576,-0.3086236547129729,1.2240250682901004,1.214522209771069,0
-0.548178255615647,1.46123923188468,1.414366302761908,0.96962773021402,-1.4693089940556092,0.6430612782891255,-0.8169767318548042,-0.5345345672158975,0
-0.2017717447351757,-0.6365885498762932,-0.461575229651085,0.6368923855332881,-1.4693089940556092,-1.2603085877150713,1.2240250682901004,1.214522209771069,0
-0.548178255615647,-0.5684772582606769,-0.3923522948756981,-0.6275019242534932,-1.4693089940556092,1.594746211291224,1.2240250682901004,-0.8843459226132909,0
-1.24099127737659,0.8891043823135055,0.7082923680529589,1.5685513506393374,0.2804736842452576,-1.2603085877150713,1.2240250682901004,-0.1847232118185042,1
-1.5873977882570611,1.4544281027231185,1.24130896582344,-0.427860717445054,-1.4693089940556092,-0.3086236547129729,1.2240250682901004,0.5148994989762825,0
-1.24099127737659,0.9572156739291212,0.8467382376037328,0.2376099719164097,-1.4693089940556092,0.960289589289825,-0.8169767318548042,-1.5839686334080776,0
0.491041277025767,1.5770284276312272,1.275920433211134,-0.960237268934225,0.8637345770122132,1.2775179002905246,-0.8169767318548042,-0.1847232118185042,0
0.491041277025767,-0.0099646670126259,-0.1708389035944588,1.102721868086313,-1.4693089940556092,-1.2603085877150713,1.2240250682901004,0.1650881435788891,0
-1.5873977882570611,0.0172798496336204,0.1475865963723222,2.5002103157453868,-0.302787208521698,1.2775179002905246,1.2240250682901004,-0.5345345672158975,0
-1.24099127737659,1.829040206609007,1.656646574475763,0.1710629029802634,1.446995469779169,-1.2603085877150713,-0.8169767318548042,-1.5839686334080776,0
0.1446347661452956,1.604272944277474,1.656646574475763,-0.3613136485089076,0.8637345770122132,0.6430612782891255,-0.8169767318548042,-0.5345345672158975,0
-1.5873977882570611,-1.746802603210834,-1.6868211751754387,-0.960237268934225,0.2804736842452576,-1.2603085877150713,1.2240250682901004,-1.2341572780106842,0
-1.24099127737659,-1.3313237243555762,-1.0153587078541826,0.104515834044117,0.8637345770122132,0.6430612782891255,-0.8169767318548042,-0.8843459226132909,0
-1.5873977882570611,-0.6229662915531697,-0.6000210992018595,0.2376099719164097,0.2804736842452576,-1.2603085877150713,-0.8169767318548042,-1.2341572780106842,0
0.491041277025767,-1.9307030905729972,-1.7560441099508255,0.5703453165971416,0.2804736842452576,0.960289589289825,-0.8169767318548042,0.1650881435788891,0
1.1838542987867098,-1.2087233994474675,-1.4099294360738897,0.3707041097887025,0.2804736842452576,0.960289589289825,1.2240250682901004,-0.8843459226132909,0
-1.5873977882570611,0.0104687204720589,0.202964944192632,-1.0267843378703714,-1.4693089940556092,-0.6258519657136724,-0.8169767318548042,-1.2341572780106842,0
0.8374477879062384,0.2965361452576461,0.5629242050246451,0.8365335923417272,0.2804736842452576,0.0086046562877266,1.2240250682901004,0.5148994989762825,1
0.8374477879062384,1.7064398817008972,1.628957400565609,1.502004281703191,-0.302787208521698,-1.5775368987157707,-0.8169767318548042,-0.5345345672158975,1
-0.2017717447351757,-0.1734317668901039,-0.3923522948756981,-0.5609548553173468,0.8637345770122132,1.594746211291224,1.2240250682901004,1.5643335651684624,0
-0.8945847664961184,-1.0520674287315506,-0.911524305691102,1.502004281703191,-0.302787208521698,-1.2603085877150713,-0.8169767318548042,0.8647108543736758,0
0.1446347661452956,1.2024163237453398,1.4212885962394466,0.2376099719164097,0.2804736842452576,0.0086046562877266,-0.8169767318548042,-1.2341572780106842,0
1.1838542987867098,-0.350521125090706,-0.0670045014313778,-0.0285783038281757,0.8637345770122132,1.2775179002905246,1.2240250682901004,-0.5345345672158975,0
1.530260809667181,-0.7251332289765939,-0.8699905448258695,-1.093331406806518,0.2804736842452576,1.594746211291224,-0.8169767318548042,0.8647108543736758,0
0.8374477879062384,1.447616973561557,1.1651637375705144,-0.8936901999980786,1.446995469779169,0.0086046562877266,1.2240250682901004,0.5148994989762825,1
0.1446347661452956,0.6234703450126027,0.306799346355713,0.4372511787248489,-1.4693089940556092,0.960289589289825,-0.8169767318548042,0.1650881435788891,0
-0.8945847664961184,0.1194467870570446,0.244498705057864,-1.0267843378703714,-1.4693089940556092,-1.5775368987157707,-0.8169767318548042,-1.2341572780106842,0
1.1838542987867098,-1.399435015971192,-1.3891625556412734,-0.8936901999980786,0.2804736842452576,0.3258329672884261,1.2240250682901004,-0.8843459226132909,0
-1.24099127737659,-0.4458769333525682,-0.6415548600670916,1.4354572127670446,-1.4693089940556092,-0.943080276714372,-0.8169767318548042,0.5148994989762825,0
-1.24099127737659,-1.099745332862482,-1.4445409034615833,-0.3613136485089076,0.8637345770122132,-1.2603085877150713,1.2240250682901004,0.8647108543736758,0
0.1446347661452956,0.0581466246029903,0.133742009417245,1.169268937022459,0.8637345770122132,1.2775179002905246,1.2240250682901004,-0.8843459226132909,0
-1.24099127737659,1.29096100284564,0.978261813676968,0.7034394544694345,1.446995469779169,-0.943080276714372,-0.8169767318548042,0.1650881435788891,0
0.491041277025767,-0.7796222622690868,-0.9530580665563342,0.1710629029802634,-0.302787208521698,0.960289589289825,1.2240250682901004,-1.2341572780106842,0
-0.8945847664961184,-0.3709545125753904,-0.2677510122800007,-1.093331406806518,1.446995469779169,0.0086046562877266,-0.8169767318548042,-1.5839686334080776,0
-0.548178255615647,-0.0372091836588718,-0.1985280775046137,-1.492613820423396,1.446995469779169,-1.5775368987157707,-0.8169767318548042,0.8647108543736758,0
1.530260809667181,-1.5084130825561777,-1.6798988816978997,0.6368923855332881,0.8637345770122132,0.0086046562877266,1.2240250682901004,-1.2341572780106842,0
0.491041277025767,1.3522611652996943,1.6981803353409957,0.7034394544694345,0.2804736842452576,-1.2603085877150713,1.2240250682901004,0.5148994989762825,0
-1.24099127737659,-0.5548549999375539,-0.8076899035280211,1.102721868086313,0.2804736842452576,-0.6258519657136724,1.2240250682901004,0.1650881435788891,0
0.491041277025767,0.0785800120876753,0.071441368119396,-0.7605960621257859,-1.4693089940556092,-0.6258519657136724,1.2240250682901004,-0.1847232118185042,0
-0.2017717447351757,-0.7319443581381554,-0.4408083492184687,-0.2282195106366148,-1.4693089940556092,1.2775179002905246,-0.8169767318548042,-0.8843459226132909,0
-1.5873977882570611,-0.6365885498762932,-0.8215344904830988,-0.960237268934225,-0.8860481012886536,0.960289589289825,-0.8169767318548042,-0.8843459226132909,0
-0.548178255615647,0.8346153490210126,0.9159611723791196,-0.2282195106366148,1.446995469779169,0.960289589289825,1.2240250682901004,-0.8843459226132909,0
0.8374477879062384,-0.9226559746618804,-1.0499701752418766,-0.4944077863812003,1.446995469779169,-1.5775368987157707,-0.8169767318548042,-1.5839686334080776,0
0.8374477879062384,-1.7195580865645876,-1.437618609984045,0.1710629029802634,-0.8860481012886536,-0.6258519657136724,-0.8169767318548042,-0.1847232118185042,0
-1.5873977882570611,-0.9022225871771956,-1.1261154034948022,-0.4944077863812003,-0.8860481012886536,-0.943080276714372,-0.8169767318548042,-0.1847232118185042,0
1.530260809667181,-1.031634041246866,-1.3891625556412734,0.0379687651079706,-1.4693089940556092,1.594746211291224,-0.8169767318548042,-1.2341572780106842,0
-0.8945847664961184,0.2829138869345232,0.4244783354738712,0.96962773021402,-0.302787208521698,0.3258329672884261,1.2240250682901004,0.8647108543736758,0
-1.5873977882570611,1.1956051945837771,1.2620758462560555,1.70164548851163,-0.8860481012886536,-0.6258519657136724,1.2240250682901004,-1.5839686334080776,0
0.491041277025767,1.4680503610462414,1.67049116143084,0.2376099719164097,1.446995469779169,1.2775179002905246,1.2240250682901004,-0.1847232118185042,0
-1.24099127737659,1.29096100284564,1.2136197919132845,0.6368923855332881,-1.4693089940556092,0.3258329672884261,-0.8169767318548042,0.1650881435788891,0
-0.548178255615647,-0.6161551623916083,-0.7800007296178662,0.3707041097887025,0.8637345770122132,-1.5775368987157707,-0.8169767318548042,-0.8843459226132909,0
0.8374477879062384,1.6519508484084056,1.3659102484191368,-0.2282195106366148,-0.302787208521698,0.3258329672884261,1.2240250682901004,0.8647108543736758,1
