synthetic_pair_id,Hours_Studied,Attendance,Parental_Involvement,Access_to_Resources,Extracurricular_Activities,Sleep_Hours,Previous_Scores,Motivation_Level,Internet_Access,Tutoring_Sessions,Family_Income,Teacher_Quality,School_Type,Peer_Influence,Physical_Activity,Learning_Disabilities,Parental_Education_Level,Distance_from_Home,Gender,Exam_Score,College_ID,IQ,Prev_Sem_Result,CGPA,Academic_Performance,Internship_Experience,Extra_Curricular_Score,Communication_Skills,Projects_Completed,Placement
1,31,96,High,High,Yes,9,65,High,Yes,0,Low,Medium,Private,Positive,2,No,High School,Far,Male,74,CLG0029,139,7.29,7.24,8,No,8,4,4,No
2,13,84,Medium,Medium,Yes,9,94,Medium,Yes,3,Medium,Medium,Public,Negative,2,Yes,High School,Near,Male,66,CLG0070,84,8.28,8.49,8,Yes,3,3,5,No
3,27,83,Medium,Medium,Yes,9,76,Medium,Yes,1,Low,High,Public,Positive,4,No,High School,Near,Male,70,CLG0008,94,5.26,5.66,8,No,7,10,4,No
4,20,97,High,Medium,Yes,7,94,High,Yes,1,Medium,Medium,Public,Negative,1,No,College,Moderate,Male,72,CLG0097,100,6.22,6.29,6,Yes,8,6,3,No
5,17,76,Medium,High,Yes,8,95,Low,Yes,1,Low,Medium,Private,Neutral,4,No,Postgraduate,Near,Female,67,CLG0019,116,5.99,6.39,6,No,2,9,5,Yes
6,24,84,High,Low,No,7,65,Low,Yes,3,Medium,High,Public,Positive,3,No,High School,Near,Female,69,CLG0002,86,5.68,5.54,3,No,6,1,1,No
7,17,96,High,Medium,Yes,7,84,Medium,Yes,2,Low,High,Private,Positive,3,No,College,Near,Female,72,CLG0091,103,8.63,8.79,6,Yes,0,8,2,Yes
8,15,77,Medium,Medium,Yes,8,85,High,Yes,1,Low,Medium,Public,Positive,2,No,Postgraduate,Moderate,Male,66,CLG0014,102,5.22,4.83,8,No,8,4,5,No
9,19,63,High,Medium,No,6,98,High,Yes,4,High,Medium,Private,Positive,2,No,Postgraduate,Near,Male,69,CLG0068,110,7.77,7.48,6,No,4,6,1,No
10,25,76,High,High,Yes,6,57,Low,No,0,Medium,Medium,Public,Positive,3,No,Postgraduate,Moderate,Male,68,CLG0088,99,9.55,9.84,6,No,6,6,4,No
11,13,62,Low,Medium,Yes,6,90,Medium,No,3,High,High,Private,Neutral,3,Yes,Postgraduate,Near,Female,62,CLG0016,126,7.41,7.48,1,No,2,7,3,No
12,24,95,Medium,Low,No,4,63,Low,Yes,3,Low,Medium,Public,Positive,3,No,High School,Near,Female,70,CLG0037,106,5.95,6.24,7,No,7,4,5,No
13,27,95,High,Medium,No,7,52,High,Yes,3,Medium,High,Private,Negative,3,No,College,Moderate,Female,73,CLG0047,82,8.22,7.9,10,Yes,6,5,5,No
14,25,78,High,Low,Yes,8,91,Medium,Yes,3,Low,Medium,Public,Negative,4,No,High School,Near,Male,69,CLG0079,116,8.46,8.93,9,Yes,6,4,3,Yes
15,22,81,Medium,Medium,Yes,7,77,Low,Yes,2,Medium,Medium,Public,Positive,3,No,Postgraduate,Far,Female,68,CLG0061,105,9.5,9.65,5,Yes,6,10,4,Yes
16,25,62,Medium,Low,Yes,8,77,Medium,Yes,0,Medium,Low,Public,Negative,4,No,College,Far,Female,62,CLG0007,86,9.23,8.75,4,No,9,2,4,No
17,12,83,Medium,Medium,No,6,79,Medium,Yes,1,High,Low,Public,Neutral,4,No,High School,Moderate,Female,65,CLG0056,109,8.64,9.11,6,Yes,3,3,2,No
18,31,84,Low,Medium,Yes,8,98,Low,Yes,1,Medium,Medium,Public,Positive,4,No,Postgraduate,Near,Female,73,CLG0067,89,8.63,8.25,5,Yes,10,3,0,No
19,10,85,Low,Low,Yes,6,53,High,Yes,1,Low,Medium,Private,Neutral,3,Yes,High School,Moderate,Male,60,CLG0029,105,6.04,6.06,7,No,3,5,1,No
20,11,68,Medium,Medium,No,6,91,Low,Yes,3,Low,High,Public,Negative,2,No,College,Far,Female,61,CLG0031,106,9.83,9.63,5,Yes,10,6,0,No
21,20,69,High,Medium,No,6,65,Medium,Yes,1,Low,Medium,Public,Neutral,2,No,High School,Near,Female,64,CLG0004,93,7.76,8.23,1,Yes,5,5,4,No
22,27,79,High,High,Yes,6,90,Low,Yes,3,Medium,High,Public,Positive,4,No,High School,Near,Male,73,CLG0004,113,6.82,7.2,7,No,8,6,2,No
23,22,93,Medium,Medium,Yes,6,52,Medium,Yes,1,Low,Medium,Public,Negative,3,No,College,Near,Female,69,CLG0045,112,5.01,5.41,7,No,10,9,1,No
24,28,84,Medium,Medium,Yes,7,81,Medium,Yes,1,Medium,High,Public,Negative,3,No,College,Near,Male,71,CLG0024,119,5.83,6.29,3,No,9,10,1,No
25,28,76,Low,Low,No,7,67,High,Yes,1,High,Low,Public,Negative,4,No,College,Near,Male,66,CLG0049,79,6.85,6.56,10,No,3,1,1,No
26,23,75,Low,Low,Yes,7,68,Medium,Yes,1,High,Low,Private,Neutral,4,Yes,High School,Near,Male,64,CLG0027,84,6.16,6.57,7,Yes,3,7,4,No
27,32,66,High,High,Yes,10,77,High,Yes,3,Medium,Medium,Public,Neutral,1,No,College,Near,Male,71,CLG0014,109,8.9,9.33,3,Yes,7,8,0,No
28,26,73,High,Medium,Yes,7,53,Low,Yes,3,Medium,High,Private,Neutral,5,No,High School,Moderate,Female,68,CLG0079,120,9.96,10.12,7,No,3,7,4,Yes
29,16,82,Medium,Medium,No,6,91,Medium,Yes,0,Low,Medium,Public,Positive,3,No,High School,Near,Female,66,CLG0053,96,5.75,5.47,4,No,4,10,3,No
30,22,63,Low,High,Yes,4,86,Low,Yes,0,Low,High,Public,Neutral,4,No,College,Near,Female,64,CLG0008,101,7.41,6.93,9,No,3,3,0,No
31,17,69,High,High,Yes,9,96,Medium,Yes,2,Low,Medium,Public,Negative,3,No,College,Far,Male,66,CLG0049,108,5.12,5.44,10,Yes,4,7,1,No
32,12,72,Medium,Medium,No,8,67,Low,Yes,4,Medium,Medium,Public,Neutral,4,No,High School,Near,Male,63,CLG0045,101,6.98,7.16,10,No,7,10,3,No
33,10,98,Low,Medium,Yes,6,65,Medium,Yes,1,Low,High,Private,Positive,2,No,High School,Near,Male,66,CLG0002,118,9.42,9.64,9,No,6,5,2,Yes
34,29,98,Medium,High,Yes,5,88,Low,Yes,3,Low,Medium,Public,Neutral,2,No,College,Near,Male,75,CLG0090,106,7.82,7.68,1,No,0,1,1,No
35,19,65,Low,High,No,10,58,Medium,Yes,2,Medium,High,Private,Positive,3,No,Postgraduate,Moderate,Female,64,CLG0015,100,9.12,9.41,1,No,5,3,5,No
36,14,87,Medium,High,Yes,7,61,Medium,Yes,0,Low,Medium,Public,Neutral,3,No,High School,Far,Male,65,CLG0014,97,6.11,6.39,8,No,3,2,4,No
37,32,61,High,High,Yes,7,80,Medium,Yes,0,Low,Medium,Public,Positive,4,Yes,College,Moderate,Female,68,CLG0081,123,6.53,6.37,8,No,7,10,3,Yes
38,31,70,Medium,High,Yes,7,66,Medium,Yes,1,High,Medium,Public,Negative,3,No,College,Near,Male,69,CLG0065,113,7.53,7.75,8,No,5,10,3,Yes
39,18,66,Medium,Medium,No,6,86,Medium,Yes,0,High,Medium,Public,Positive,2,No,High School,Moderate,Female,63,CLG0045,101,6.45,6.55,2,Yes,0,8,5,No
40,23,61,Low,Medium,No,9,58,Medium,Yes,4,Medium,Medium,Public,Neutral,2,No,High School,Near,Male,63,CLG0006,76,6.65,6.76,8,No,8,4,3,No
41,13,61,High,Low,No,7,68,Low,No,1,Medium,Medium,Public,Neutral,2,No,High School,Near,Male,58,CLG0067,107,6.63,6.64,1,No,10,4,2,No
42,21,71,Medium,High,Yes,8,90,Medium,Yes,3,Low,Medium,Public,Neutral,4,No,High School,Moderate,Female,67,CLG0097,81,8.61,9.11,9,Yes,8,7,4,No
43,19,72,High,Medium,Yes,5,52,Low,Yes,1,Low,Medium,Public,Positive,2,No,High School,Near,Male,64,CLG0088,80,6.55,6.36,5,Yes,1,3,4,No
44,18,90,Low,High,No,7,52,High,Yes,2,Medium,High,Public,Negative,2,No,High School,Near,Male,67,CLG0054,72,6.58,6.72,7,Yes,7,1,0,No
45,23,89,Low,High,No,10,69,Low,Yes,5,Medium,Medium,Public,Neutral,4,No,High School,Near,Male,71,CLG0049,85,9.6,9.77,8,No,10,9,3,Yes
46,20,80,Medium,High,No,5,94,Medium,Yes,0,Low,Low,Private,Positive,4,Yes,Postgraduate,Moderate,Female,67,CLG0082,102,8.99,8.86,5,No,1,6,1,No
47,28,90,High,Low,Yes,8,75,Medium,Yes,1,Low,High,Public,Neutral,3,Yes,High School,Moderate,Male,70,CLG0002,95,7.63,7.93,3,Yes,2,6,3,No
48,14,76,Low,Medium,No,7,64,Medium,Yes,3,Medium,Medium,Private,Positive,3,No,College,Near,Male,64,CLG0094,79,5.28,5.0,5,No,9,8,0,No
49,19,60,High,High,Yes,6,60,High,Yes,1,Low,Medium,Public,Positive,2,No,College,Near,Male,65,CLG0050,124,7.73,7.96,3,No,8,3,1,No
50,26,78,Low,High,Yes,7,78,Low,Yes,4,Medium,Medium,Private,Neutral,4,No,High School,Moderate,Female,69,CLG0025,129,6.04,6.38,2,No,1,3,1,No
51,14,92,Medium,High,Yes,9,58,High,Yes,1,High,Low,Public,Positive,2,No,High School,Near,Male,69,CLG0076,73,6.55,6.89,10,Yes,9,1,4,No
52,27,82,High,Low,Yes,6,88,Medium,Yes,2,High,High,Private,Neutral,3,No,High School,Near,Male,71,CLG0086,84,8.97,9.03,10,No,2,7,2,No
53,7,63,High,High,Yes,10,90,Medium,Yes,0,Low,Medium,Private,Positive,2,Yes,High School,Moderate,Male,86,CLG0076,108,7.24,7.44,6,Yes,1,1,4,No
54,18,67,High,Medium,No,5,52,High,Yes,0,Medium,Medium,Private,Neutral,4,No,Postgraduate,Moderate,Male,64,CLG0044,85,8.91,9.3,10,No,6,4,2,No
55,18,93,Medium,High,No,4,76,High,Yes,3,Low,Medium,Public,Negative,3,No,College,Near,Female,70,CLG0036,106,6.49,6.72,7,Yes,4,2,3,No
56,14,81,Medium,Medium,No,9,81,Medium,Yes,1,Low,High,Private,Negative,3,No,Postgraduate,Near,Female,66,CLG0030,122,5.08,5.41,5,Yes,10,7,4,No
57,15,76,High,High,Yes,6,82,Medium,Yes,4,Low,High,Private,Positive,4,No,High School,Moderate,Female,69,CLG0017,96,5.22,4.87,5,Yes,6,10,1,No
58,22,72,Medium,High,Yes,7,62,Low,Yes,5,High,Medium,Private,Neutral,2,No,College,Moderate,Female,68,CLG0043,119,8.18,7.86,10,No,4,2,3,No
59,10,87,Medium,Low,Yes,6,83,Medium,No,0,Low,Medium,Public,Positive,4,No,High School,Near,Male,63,CLG0027,106,5.29,5.42,3,Yes,3,6,4,No
60,23,85,Medium,High,No,7,66,Low,No,0,High,High,Public,Neutral,2,No,College,Near,Male,68,CLG0088,99,8.34,8.37,1,No,1,2,4,No
61,19,69,Medium,Medium,Yes,7,84,Medium,Yes,2,Medium,Medium,Public,Neutral,4,No,High School,Near,Male,66,CLG0011,108,5.36,5.68,10,Yes,8,4,1,No
62,18,82,High,Low,Yes,6,89,High,Yes,0,Medium,Medium,Private,Positive,1,Yes,College,Moderate,Male,66,CLG0060,115,5.67,5.72,2,No,7,6,3,No
63,11,78,High,Medium,Yes,8,100,High,Yes,1,Low,Medium,Public,Neutral,3,No,High School,Moderate,Male,66,CLG0005,86,9.5,9.09,7,Yes,9,9,0,No
64,22,93,Medium,High,Yes,6,69,High,Yes,0,High,Low,Public,Negative,3,Yes,High School,Near,Male,69,CLG0006,102,7.1,7.5,4,No,5,9,4,No
65,25,81,Medium,Low,Yes,8,86,Medium,Yes,1,Low,Medium,Public,Negative,3,No,Postgraduate,Near,Male,68,CLG0097,80,6.42,6.58,5,Yes,3,6,4,No
66,25,95,High,Medium,Yes,8,96,Low,Yes,1,Medium,Medium,Public,Neutral,4,No,Postgraduate,Near,Male,74,CLG0070,109,6.9,6.87,4,Yes,9,6,2,No
67,20,76,Medium,Medium,No,9,64,Low,Yes,2,Low,Medium,Public,Negative,2,No,College,Moderate,Male,64,CLG0012,97,8.43,8.87,6,No,9,6,0,No
68,16,74,High,High,Yes,6,68,Low,Yes,2,Medium,Medium,Public,Neutral,4,No,College,Near,Male,67,CLG0049,105,9.7,9.47,10,No,2,3,0,No
69,17,87,High,High,Yes,7,68,High,Yes,1,Medium,High,Public,Positive,2,No,High School,Near,Male,70,CLG0029,94,7.38,7.57,4,No,9,6,3,No
70,20,65,High,Medium,No,7,58,Medium,No,3,Low,Medium,Private,Neutral,4,No,High School,Near,Male,63,CLG0096,85,8.73,8.39,7,No,6,7,3,No
71,14,88,Medium,Medium,No,8,67,Medium,Yes,2,High,Low,Public,Neutral,3,No,Postgraduate,Far,Male,66,CLG0098,103,9.35,9.43,5,Yes,7,9,3,Yes
72,28,69,Medium,Medium,Yes,8,66,Medium,Yes,0,Low,Medium,Public,Positive,6,No,College,Far,Male,66,CLG0056,100,9.22,9.1,2,No,5,4,2,No
73,21,93,Low,Medium,No,9,70,Medium,Yes,0,Medium,High,Public,Neutral,1,No,Postgraduate,Far,Female,68,CLG0020,95,7.26,6.84,5,No,1,5,0,No
74,22,79,Low,Low,Yes,6,97,Low,Yes,3,High,Medium,Public,Negative,3,No,High School,Moderate,Male,66,CLG0032,107,8.99,8.81,4,Yes,9,3,1,No
75,27,88,Medium,High,No,7,72,Medium,Yes,1,Low,High,Public,Positive,1,No,High School,Near,Female,71,CLG0017,103,6.46,6.41,7,Yes,9,1,3,No
76,16,74,High,Medium,No,8,80,Medium,Yes,0,Low,Medium,Public,Positive,4,No,Postgraduate,Near,Female,66,CLG0100,111,9.06,9.14,3,Yes,8,4,1,No
77,16,82,Medium,Low,Yes,8,75,Medium,Yes,2,Medium,Medium,Public,Positive,2,No,College,Near,Female,66,CLG0036,89,8.44,8.13,6,Yes,4,2,0,No
78,32,84,Medium,High,Yes,10,68,Medium,Yes,1,Low,Medium,Public,Positive,5,No,High School,Near,Male,73,CLG0040,86,9.22,9.66,7,Yes,5,8,5,Yes
79,23,77,Medium,High,Yes,6,69,Low,Yes,1,Medium,Medium,Private,Positive,2,No,High School,Moderate,Female,67,CLG0083,106,6.76,7.24,1,No,9,2,4,No
80,23,94,High,Medium,Yes,6,84,High,Yes,0,Low,High,Public,Neutral,3,No,Postgraduate,Near,Male,73,CLG0023,100,9.77,10.05,3,No,7,5,0,No
81,23,86,Low,Medium,Yes,4,100,Medium,Yes,0,Low,High,Public,Negative,3,No,Postgraduate,Near,Male,69,CLG0073,73,5.88,5.51,2,No,5,8,0,No
82,22,61,High,Medium,No,6,77,Low,Yes,1,Medium,Medium,Public,Positive,4,No,Postgraduate,Moderate,Male,65,CLG0010,81,7.41,7.73,10,No,5,7,1,No
83,24,76,High,Medium,No,10,55,Low,Yes,2,Low,Medium,Public,Positive,4,No,High School,Near,Male,67,CLG0079,95,8.86,8.68,9,No,2,4,0,No
84,14,65,Medium,High,Yes,5,72,Low,Yes,3,Low,High,Private,Negative,2,No,High School,Near,Male,62,CLG0069,108,8.16,8.24,3,Yes,5,7,5,No
85,23,64,Medium,Medium,No,6,51,Medium,Yes,1,Medium,Medium,Public,Positive,5,No,College,Near,Male,64,CLG0031,118,8.36,8.19,6,No,7,3,2,Yes
86,18,61,Medium,Low,Yes,6,91,High,Yes,3,Medium,High,Public,Positive,3,No,College,Moderate,Female,80,CLG0060,107,8.58,8.35,3,No,5,9,0,No
87,22,86,Medium,Medium,Yes,5,57,High,Yes,2,Medium,Medium,Public,Positive,3,No,College,Moderate,Male,69,CLG0092,115,7.56,7.36,9,No,10,1,1,No
88,24,93,High,Medium,Yes,7,88,Low,Yes,1,Medium,High,Public,Negative,3,No,High School,Moderate,Female,71,CLG0050,107,9.56,9.85,3,No,5,6,1,No
89,13,80,Medium,High,No,9,88,Medium,Yes,1,High,High,Public,Positive,3,No,Postgraduate,Near,Male,68,CLG0007,116,6.8,7.3,2,No,3,7,5,No
90,22,92,Medium,Medium,Yes,7,52,Low,No,1,Medium,Medium,Private,Negative,3,No,Postgraduate,Near,Female,68,CLG0085,113,5.83,5.38,2,Yes,7,8,4,Yes
91,22,94,Low,Medium,Yes,7,75,High,Yes,2,High,Medium,Public,Neutral,2,No,College,Near,Female,71,CLG0041,77,9.41,8.93,9,No,6,3,4,No
92,23,71,Low,Medium,Yes,8,71,Low,Yes,1,Low,Low,Public,Neutral,2,No,Postgraduate,Near,Female,64,CLG0036,78,6.82,7.23,2,No,2,5,4,No
93,26,98,Medium,Medium,Yes,7,68,Medium,Yes,4,Low,Medium,Public,Positive,1,No,High School,Near,Female,73,CLG0007,87,6.6,7.04,7,No,1,5,2,No
94,24,78,Medium,Medium,Yes,9,91,Low,Yes,0,High,High,Public,Negative,3,No,Postgraduate,Far,Female,68,CLG0088,99,9.74,9.57,5,No,0,4,4,No
95,20,89,High,Medium,Yes,6,70,Low,Yes,1,Low,Medium,Private,Positive,3,No,High School,Moderate,Female,68,CLG0041,84,8.96,9.16,7,No,1,6,0,No
96,15,100,High,High,No,8,94,High,Yes,2,Medium,High,Public,Negative,3,No,College,Near,Male,73,CLG0032,86,9.94,10.07,4,No,9,10,1,No
97,21,63,High,Medium,No,7,100,Medium,Yes,1,High,Medium,Private,Neutral,2,No,Postgraduate,Moderate,Female,66,CLG0012,124,8.62,9.04,4,Yes,7,10,0,Yes
98,18,79,Medium,Medium,Yes,7,55,Medium,Yes,1,Low,High,Public,Positive,3,No,High School,Moderate,Female,65,CLG0038,117,7.98,8.03,6,No,5,4,3,Yes
99,21,77,Low,Medium,Yes,7,65,Medium,Yes,2,Low,High,Public,Negative,2,No,High School,Moderate,Female,64,CLG0073,95,8.35,8.7,9,Yes,2,7,4,No
100,25,74,High,High,No,5,67,High,Yes,1,Medium,Medium,Public,Positive,5,No,Postgraduate,Near,Male,71,CLG0006,125,6.58,6.98,2,Yes,7,6,5,No
101,22,87,Medium,Medium,No,8,60,Low,Yes,2,Medium,High,Public,Negative,2,No,College,Moderate,Male,67,CLG0092,117,6.46,6.72,4,No,4,2,2,No
102,28,99,Medium,Medium,Yes,6,88,Medium,Yes,3,Low,Medium,Public,Positive,4,No,High School,Near,Female,75,CLG0080,105,9.26,9.05,8,Yes,4,1,5,No
103,20,70,Medium,Medium,Yes,6,78,High,Yes,0,Medium,Medium,Private,Positive,2,No,College,Near,Female,66,CLG0023,94,9.95,9.49,4,No,2,8,2,Yes
104,22,64,Medium,High,Yes,8,68,Medium,Yes,2,Medium,Medium,Public,Negative,4,No,High School,Near,Male,65,CLG0029,92,5.43,4.93,10,Yes,1,3,3,No
105,22,95,Medium,Medium,No,7,85,Medium,Yes,0,Medium,Medium,Private,Positive,4,No,College,Near,Male,71,CLG0026,87,6.35,5.86,2,No,7,3,3,No
106,12,72,Low,High,Yes,8,56,High,Yes,3,Low,Medium,Public,Positive,1,Yes,High School,Moderate,Male,62,CLG0006,84,7.14,7.41,1,Yes,10,9,3,No
107,25,84,Medium,Medium,Yes,10,57,Low,Yes,4,Medium,Medium,Public,Positive,2,No,College,Near,Male,70,CLG0032,111,7.62,7.58,10,No,8,8,4,Yes
108,31,96,Medium,Medium,Yes,8,93,Low,Yes,3,Low,Medium,Public,Positive,3,No,High School,Near,Male,75,CLG0094,130,9.85,9.49,1,Yes,9,1,2,Yes
109,22,71,High,Medium,No,6,79,High,Yes,1,Low,Low,Public,Positive,3,No,High School,Near,Male,66,CLG0039,100,5.61,5.64,4,No,3,3,4,No
110,28,79,High,Medium,Yes,4,82,Medium,Yes,0,Medium,Medium,Private,Positive,3,No,High School,Near,Male,70,CLG0040,110,7.52,7.36,9,No,0,8,1,No
111,11,63,High,Medium,No,7,55,Low,Yes,3,High,Medium,Private,Positive,1,No,Postgraduate,Near,Male,62,CLG0058,100,7.8,7.6,6,No,3,8,1,No
112,13,76,Medium,High,No,5,99,Low,Yes,2,Medium,Medium,Private,Positive,4,No,High School,Near,Female,66,CLG0078,77,5.27,5.12,6,Yes,1,10,1,No
113,11,98,High,High,Yes,5,82,High,Yes,1,Medium,Medium,Private,Neutral,2,No,Postgraduate,Near,Male,71,CLG0084,107,6.55,6.17,8,No,0,5,3,No
114,13,60,Medium,Medium,No,9,77,Low,Yes,2,Medium,High,Private,Positive,5,Yes,High School,Near,Male,61,CLG0035,82,6.26,6.19,6,No,0,10,3,No
115,11,85,Medium,Low,No,10,80,Low,No,0,Low,High,Public,Positive,3,No,College,Near,Female,63,CLG0051,86,8.73,8.27,6,Yes,6,7,0,No
116,16,90,High,High,Yes,7,58,High,Yes,1,Low,Medium,Public,Neutral,4,No,Postgraduate,Near,Female,70,CLG0008,105,6.16,6.15,5,No,2,3,3,No
117,23,68,High,Medium,Yes,6,86,Medium,Yes,0,Medium,Medium,Public,Positive,2,No,Postgraduate,Near,Male,68,CLG0025,68,7.69,7.57,4,Yes,2,3,1,No
118,18,95,Low,High,Yes,6,54,High,Yes,0,Medium,High,Private,Negative,3,No,College,Moderate,Male,68,CLG0043,89,7.6,7.16,9,No,10,2,4,No
119,38,90,High,Medium,Yes,4,60,Low,Yes,2,Low,Medium,Public,Neutral,4,No,College,Moderate,Male,74,CLG0081,67,9.92,10.09,7,Yes,8,2,4,No
120,21,95,Medium,Medium,No,7,63,Medium,Yes,1,Low,Medium,Private,Positive,4,No,Postgraduate,Near,Male,70,CLG0094,89,7.69,7.88,2,No,9,9,2,No
121,22,63,Medium,Low,Yes,7,80,Medium,Yes,2,High,High,Private,Negative,2,No,College,Moderate,Female,64,CLG0052,91,8.02,7.66,4,Yes,6,9,5,No
122,22,97,High,Medium,No,7,98,High,Yes,0,Medium,Medium,Public,Negative,0,No,College,Moderate,Female,71,CLG0097,127,7.7,7.83,10,Yes,7,2,4,No
123,17,81,Medium,High,No,7,80,High,Yes,1,Low,Medium,Public,Negative,3,No,Postgraduate,Near,Female,67,CLG0022,95,7.49,7.57,6,No,3,3,4,No
124,28,76,Medium,Medium,Yes,9,60,Medium,Yes,1,Low,Medium,Public,Neutral,2,No,High School,Far,Male,66,CLG0013,114,9.14,9.47,3,No,8,4,0,No
125,17,98,High,High,No,9,94,Low,Yes,0,High,Low,Public,Negative,3,No,College,Near,Male,71,CLG0096,92,9.97,9.98,10,Yes,5,8,5,Yes
126,27,81,Medium,Low,Yes,5,98,Medium,Yes,0,High,Medium,Public,Positive,3,No,High School,Near,Male,70,CLG0036,97,5.96,5.62,2,Yes,0,9,2,No
127,30,81,Medium,Low,Yes,5,67,Medium,Yes,1,High,High,Public,Negative,1,No,High School,Near,Male,69,CLG0034,93,6.02,5.75,1,No,10,10,3,No
128,15,69,Low,Medium,No,8,73,Medium,Yes,2,Medium,Medium,Public,Neutral,2,No,High School,Moderate,Male,61,CLG0040,89,5.91,5.5,8,Yes,9,8,0,No
129,16,63,Medium,Medium,Yes,8,82,Medium,Yes,0,High,Medium,Public,Neutral,3,No,High School,Near,Male,63,CLG0086,106,7.98,8.45,6,No,8,6,0,No
130,31,68,Medium,Medium,No,9,59,Medium,Yes,3,High,High,Public,Neutral,2,No,Postgraduate,Near,Female,69,CLG0057,97,6.46,6.63,10,No,2,6,4,No
131,19,98,Low,High,Yes,7,67,High,Yes,1,Medium,Medium,Private,Negative,4,No,High School,Moderate,Female,70,CLG0003,107,8.18,8.4,3,No,5,6,1,No
132,12,70,High,Medium,No,5,85,High,Yes,1,High,Medium,Public,Positive,3,No,Postgraduate,Near,Female,66,CLG0067,107,8.99,9.36,8,No,8,1,0,No
133,19,86,High,High,Yes,7,93,High,Yes,1,Medium,High,Public,Neutral,2,No,High School,Near,Male,72,CLG0048,104,6.49,6.73,5,No,1,7,2,No
134,21,84,High,High,No,4,90,Medium,Yes,2,Medium,Low,Public,Neutral,3,No,High School,Far,Male,69,CLG0085,95,8.09,7.68,5,Yes,1,5,2,No
135,21,89,Medium,Medium,No,6,97,Medium,No,1,Low,Medium,Private,Negative,3,No,Postgraduate,Far,Female,68,CLG0062,104,6.12,6.02,2,No,8,7,2,No
136,14,84,Medium,Medium,No,5,82,Medium,Yes,3,Low,Medium,Public,Positive,3,No,College,Far,Male,66,CLG0022,105,8.12,7.97,7,No,9,3,4,No
137,16,93,Medium,High,No,10,55,Medium,No,2,Low,Medium,Public,Neutral,2,No,College,Near,Male,67,CLG0016,104,8.81,9.26,10,No,10,9,5,Yes
138,15,95,Medium,Medium,No,7,77,High,Yes,0,Low,Medium,Private,Neutral,3,No,High School,Near,Female,68,CLG0038,104,9.99,10.14,9,Yes,1,1,3,No
139,21,63,Medium,Medium,Yes,6,64,Low,Yes,1,High,High,Public,Negative,3,No,High School,Near,Male,63,CLG0092,89,5.47,5.32,1,No,3,9,2,No
140,19,95,Low,High,Yes,8,99,Medium,Yes,0,Low,Medium,Public,Neutral,2,No,Postgraduate,Moderate,Male,70,CLG0043,93,8.73,8.63,2,No,2,4,3,No
141,25,65,Low,Medium,No,6,94,Medium,Yes,1,Low,High,Public,Negative,4,No,College,Near,Male,65,CLG0058,111,9.92,10.37,1,No,4,5,1,No
142,20,94,Low,High,Yes,8,89,Medium,Yes,1,Low,Medium,Public,Positive,4,No,High School,Near,Male,71,CLG0028,88,7.21,7.45,8,Yes,0,10,4,No
143,16,81,Low,Medium,No,6,57,High,Yes,3,Low,Low,Private,Positive,3,No,High School,Near,Male,64,CLG0078,102,8.89,8.51,9,Yes,6,2,2,No
144,26,69,Medium,Medium,No,7,95,Medium,Yes,1,Low,Medium,Public,Negative,4,No,Postgraduate,Near,Female,67,CLG0018,84,6.29,6.51,8,No,8,7,4,No
145,17,64,Medium,Medium,No,9,50,Medium,Yes,2,Low,High,Public,Positive,4,No,High School,Moderate,Female,62,CLG0062,75,8.86,8.86,3,Yes,2,9,0,No
146,17,93,Low,Medium,Yes,7,93,Low,Yes,2,Medium,Medium,Private,Positive,4,No,High School,Near,Male,69,CLG0049,106,7.09,7.11,4,No,7,5,1,No
147,21,85,High,Medium,Yes,7,93,Medium,Yes,0,High,Medium,Public,Neutral,4,No,High School,Moderate,Male,70,CLG0072,82,5.56,5.74,2,Yes,3,4,5,No
148,30,85,High,Low,Yes,7,65,High,Yes,2,Low,Medium,Public,Negative,3,No,High School,Near,Female,70,CLG0045,92,9.55,10.0,10,No,2,8,5,Yes
149,20,81,Medium,Low,No,8,69,Medium,Yes,1,Medium,Medium,Private,Neutral,2,No,High School,Near,Female,65,CLG0057,114,6.04,5.76,4,No,2,2,4,No
150,24,85,High,Low,Yes,9,89,Medium,Yes,1,Low,Medium,Public,Positive,2,No,Postgraduate,Moderate,Male,70,CLG0033,83,9.6,9.13,10,No,5,9,2,Yes
151,21,83,High,High,No,7,64,Medium,Yes,2,Medium,Low,Private,Neutral,2,No,High School,Near,Male,68,CLG0054,112,9.26,9.06,9,No,6,7,3,Yes
152,13,63,Low,Medium,No,8,88,Medium,Yes,0,Low,Medium,Private,Negative,2,No,High School,Near,Male,59,CLG0017,112,9.08,9.41,5,Yes,10,2,4,Yes
153,11,94,Medium,Medium,No,9,66,Medium,No,2,Low,High,Private,Positive,2,No,High School,Moderate,Male,65,CLG0055,98,8.24,8.02,1,No,8,4,2,No
154,19,81,Medium,High,Yes,9,53,Medium,Yes,2,High,Medium,Public,Positive,3,No,High School,Near,Male,68,CLG0085,109,5.03,4.61,4,No,10,10,5,No
155,20,95,Low,Medium,Yes,7,64,Low,No,2,Medium,High,Public,Neutral,3,No,High School,Near,Female,68,CLG0061,110,7.33,6.9,4,No,2,3,0,No
156,15,72,Medium,Medium,Yes,8,68,High,Yes,0,Medium,Medium,Public,Positive,2,No,High School,Near,Female,64,CLG0077,83,9.46,9.07,10,Yes,5,9,0,No
157,16,66,Medium,Medium,Yes,8,50,Low,Yes,1,Medium,High,Public,Neutral,4,No,High School,Moderate,Male,62,CLG0064,85,5.91,5.8,1,No,1,7,2,No
158,13,74,Low,Low,Yes,7,98,High,Yes,0,Medium,Medium,Public,Positive,3,No,Postgraduate,Near,Female,64,CLG0034,127,5.68,6.1,5,No,4,3,1,No
159,23,62,Medium,Medium,No,8,91,High,No,3,High,Low,Public,Neutral,3,No,High School,Moderate,Male,64,CLG0078,80,9.05,8.97,8,No,4,9,4,Yes
160,19,79,High,Medium,Yes,10,59,Low,Yes,1,Medium,Medium,Public,Neutral,3,Yes,College,Moderate,Male,65,CLG0093,89,7.57,7.82,10,No,10,4,2,No
161,15,63,High,High,Yes,9,63,Low,No,4,High,High,Private,Negative,3,No,College,Near,Male,64,CLG0025,95,9.18,9.61,4,Yes,3,3,3,No
162,19,79,Medium,Medium,No,8,92,High,Yes,1,Medium,High,Public,Positive,2,No,High School,Near,Male,68,CLG0058,85,8.35,8.24,1,No,8,9,0,No
163,16,99,Medium,Medium,No,6,76,Low,Yes,2,Medium,Medium,Private,Positive,4,No,College,Near,Female,70,CLG0006,88,5.66,5.49,3,No,5,6,0,No
164,15,79,Low,Medium,Yes,10,79,Medium,Yes,2,Low,Medium,Private,Neutral,4,No,College,Moderate,Male,65,CLG0061,107,7.35,7.67,10,No,5,5,4,No
165,29,83,High,High,No,5,99,Medium,Yes,0,Medium,High,Public,Neutral,4,No,College,Near,Female,73,CLG0010,97,5.09,4.7,2,No,5,7,2,No
166,32,97,High,Low,Yes,5,97,Low,Yes,1,Low,High,Public,Positive,5,No,College,Moderate,Female,76,CLG0070,128,7.34,7.7,7,No,8,1,0,No
167,20,82,Medium,Medium,Yes,8,79,Low,Yes,1,Low,Medium,Public,Positive,4,No,High School,Near,Male,67,CLG0039,96,5.61,5.97,9,No,0,2,3,No
168,30,63,Medium,Medium,No,10,76,Medium,Yes,1,Medium,Medium,Public,Neutral,4,No,Postgraduate,Moderate,Female,67,CLG0072,83,7.12,6.71,10,No,8,2,5,No
169,12,87,Medium,Low,Yes,7,62,Medium,No,2,Medium,Medium,Public,Neutral,4,No,High School,Near,Female,64,CLG0088,64,9.15,8.67,2,Yes,2,4,4,No
170,11,83,Medium,Low,Yes,6,55,Low,Yes,0,Low,Medium,Public,Positive,4,Yes,Postgraduate,Near,Female,62,CLG0078,70,5.69,5.99,5,Yes,0,5,1,No
171,11,94,High,High,No,6,88,Medium,Yes,2,Medium,Medium,Public,Positive,4,No,High School,Near,Male,70,CLG0004,89,6.25,5.78,3,No,1,4,2,No
172,17,96,Medium,Low,No,8,97,Low,Yes,0,Medium,Medium,Public,Negative,3,No,High School,Near,Female,67,CLG0032,108,9.46,9.81,4,No,2,8,1,No
173,27,72,Low,Low,Yes,7,79,Medium,Yes,2,High,High,Public,Positive,2,No,Postgraduate,Moderate,Female,68,CLG0100,129,5.63,5.92,3,No,4,4,3,No
174,22,76,Medium,Low,No,9,76,Medium,Yes,2,Low,High,Public,Neutral,5,No,High School,Far,Female,65,CLG0016,110,5.12,5.5,5,Yes,7,5,0,No
175,24,77,High,High,Yes,9,99,Medium,Yes,1,Low,Medium,Public,Positive,1,No,High School,Near,Male,70,CLG0047,107,5.93,5.44,2,No,1,2,0,No
176,20,66,Medium,Medium,No,6,90,High,Yes,0,Medium,Medium,Public,Neutral,1,No,College,Near,Female,64,CLG0006,99,9.08,8.64,6,No,3,8,0,No
177,29,76,Low,High,Yes,8,60,Medium,Yes,2,Medium,Medium,Public,Negative,3,No,High School,Near,Female,68,CLG0003,110,8.93,8.69,7,Yes,7,3,0,No
178,20,80,Medium,Medium,No,10,84,Medium,Yes,1,Medium,Medium,Public,Positive,4,No,College,Near,Male,68,CLG0084,76,5.53,5.93,5,Yes,3,8,0,No
179,18,64,High,Medium,Yes,6,67,High,Yes,0,Low,Medium,Private,Negative,4,No,College,Near,Male,63,CLG0042,85,8.21,8.29,3,No,3,8,4,Yes
180,20,93,Medium,Medium,Yes,8,68,Medium,Yes,1,Low,Low,Public,Neutral,3,No,High School,Moderate,Male,68,CLG0046,107,5.68,5.79,6,No,7,6,4,No
181,15,78,Medium,Medium,Yes,7,81,Medium,Yes,0,Medium,Low,Public,Neutral,2,No,High School,Near,Male,64,CLG0012,87,9.03,9.5,10,Yes,1,6,5,No
182,15,60,High,Medium,No,7,63,Low,Yes,0,Low,High,Public,Positive,1,Yes,High School,Far,Female,58,CLG0083,89,7.75,7.64,7,Yes,3,4,0,No
183,10,97,High,High,No,4,83,Low,Yes,1,Low,High,Public,Neutral,2,No,Postgraduate,Near,Male,69,CLG0090,90,8.55,8.32,7,Yes,6,3,5,No
184,22,75,Medium,Medium,No,6,56,Low,Yes,3,Medium,Medium,Private,Positive,3,No,High School,Far,Male,65,CLG0082,106,7.62,7.9,7,No,4,9,5,No
185,20,86,Low,Low,No,8,94,Low,Yes,2,Low,Medium,Private,Negative,2,No,High School,Far,Female,64,CLG0069,90,7.09,6.82,6,Yes,7,2,2,No
186,25,93,Medium,High,No,8,56,High,Yes,0,Low,Low,Private,Neutral,3,No,High School,Near,Male,69,CLG0096,109,9.83,9.64,4,No,2,3,2,No
187,23,75,High,Medium,No,8,87,Low,Yes,1,Medium,High,Public,Positive,2,No,College,Near,Female,69,CLG0095,107,6.17,6.09,2,No,1,6,2,No
188,12,93,Medium,Medium,Yes,9,74,Low,Yes,1,Medium,Medium,Public,Neutral,3,No,Postgraduate,Moderate,Male,67,CLG0031,119,5.31,5.07,5,No,3,2,0,No
189,27,79,Medium,Low,Yes,5,58,High,Yes,2,Medium,Medium,Private,Neutral,1,No,Postgraduate,Far,Female,68,CLG0073,111,5.24,5.47,3,No,6,7,2,No
190,14,62,Medium,High,Yes,7,63,Medium,Yes,2,Low,Medium,Public,Positive,2,No,College,Moderate,Female,62,CLG0045,105,5.8,5.85,9,No,5,8,2,No
191,25,69,High,Low,Yes,7,52,High,Yes,1,Low,Medium,Public,Positive,4,No,High School,Moderate,Male,65,CLG0072,97,6.27,6.17,8,Yes,0,6,2,No
192,18,69,Low,High,Yes,4,62,High,Yes,1,Medium,Low,Public,Neutral,3,No,High School,Moderate,Male,63,CLG0028,92,9.24,9.14,6,No,0,6,1,No
193,20,73,High,Medium,Yes,6,84,High,Yes,0,Medium,Medium,Public,Positive,3,No,High School,Moderate,Male,67,CLG0077,113,6.29,6.6,6,No,6,7,1,No
194,22,89,Medium,High,No,5,59,High,Yes,5,Medium,Medium,Private,Positive,4,Yes,High School,Near,Male,71,CLG0027,93,7.32,7.09,4,No,8,7,4,No
195,20,83,High,Medium,Yes,9,87,Low,Yes,0,High,Medium,Public,Neutral,2,No,High School,Near,Male,68,CLG0058,89,7.02,7.36,1,Yes,1,5,2,No
196,22,96,Low,High,Yes,7,99,High,Yes,4,Low,Medium,Public,Positive,4,No,College,Moderate,Male,74,CLG0035,93,6.11,5.68,1,No,1,7,3,No
197,19,71,Medium,Medium,No,8,57,Medium,Yes,2,Medium,High,Public,Positive,4,No,High School,Moderate,Male,65,CLG0031,101,7.96,8.28,10,No,1,4,4,No
198,33,93,Medium,Medium,Yes,6,96,High,Yes,0,Low,Medium,Private,Positive,4,No,Postgraduate,Far,Female,75,CLG0092,90,6.29,6.09,8,Yes,8,7,2,No
199,26,80,Medium,Medium,Yes,8,93,Medium,Yes,2,Low,Low,Public,Neutral,1,No,Postgraduate,Moderate,Male,69,CLG0015,101,8.06,7.8,6,No,6,3,2,No
200,27,72,Medium,High,No,5,93,Low,Yes,1,High,Medium,Public,Positive,2,No,College,Near,Male,70,CLG0011,115,8.49,8.73,1,No,2,7,1,No
201,14,99,High,Medium,No,6,86,Low,Yes,2,High,High,Private,Negative,4,No,College,Near,Male,71,CLG0086,87,5.41,5.24,3,No,9,7,3,No
202,16,94,High,Medium,No,7,98,Medium,Yes,0,Low,Medium,Public,Neutral,4,No,High School,Moderate,Female,69,CLG0007,94,8.0,7.97,1,Yes,1,6,0,No
203,20,84,High,Low,No,7,71,Medium,Yes,5,Low,High,Private,Positive,2,No,High School,Far,Female,68,CLG0066,111,7.6,7.6,9,Yes,0,3,4,No
204,16,72,Low,Medium,No,9,52,Medium,Yes,1,Medium,High,Public,Negative,1,Yes,College,Moderate,Female,60,CLG0045,108,6.23,5.88,10,Yes,7,7,2,No
205,14,77,Medium,Medium,Yes,6,77,Low,Yes,1,Low,High,Private,Neutral,2,No,College,Near,Male,64,CLG0049,92,7.99,7.97,10,No,4,7,5,No
206,23,97,Medium,High,Yes,8,60,Medium,Yes,1,Medium,High,Public,Neutral,3,No,College,Near,Male,72,CLG0025,83,5.31,5.66,7,No,0,7,4,No
207,23,98,Medium,Low,Yes,7,54,Low,Yes,0,Medium,Medium,Public,Negative,3,No,College,Near,Female,68,CLG0051,95,8.05,8.33,7,No,8,2,0,No
208,29,77,Low,High,No,6,85,Medium,Yes,1,Medium,Medium,Public,Positive,1,No,College,Near,Male,69,CLG0083,101,6.18,6.53,1,Yes,4,9,1,No
209,15,86,High,High,Yes,10,68,Medium,Yes,0,High,Medium,Public,Neutral,5,No,College,Near,Male,69,CLG0087,138,8.21,8.55,4,Yes,8,2,3,Yes
210,9,76,Medium,Medium,No,7,79,Medium,Yes,1,Medium,Medium,Public,Negative,3,No,College,Near,Male,63,CLG0092,116,8.64,8.9,3,No,3,5,3,Yes
211,20,78,Low,Medium,No,8,89,High,No,0,Medium,Medium,Private,Neutral,4,No,College,Near,Female,66,CLG0074,69,5.36,5.01,6,No,4,9,4,No
212,16,64,High,Medium,Yes,7,79,Medium,Yes,3,Medium,Medium,Private,Positive,4,Yes,Postgraduate,Near,Female,66,CLG0006,97,9.26,9.24,2,Yes,10,2,4,No
213,19,80,High,Medium,Yes,7,66,Low,Yes,4,Medium,Medium,Public,Negative,4,No,College,Near,Female,69,CLG0041,111,5.93,6.25,10,No,8,5,1,No
214,20,62,High,Medium,Yes,4,78,Medium,No,1,High,Medium,Private,Positive,4,No,High School,Moderate,Female,64,CLG0049,104,7.1,7.39,6,No,5,4,1,No
215,22,76,Medium,Medium,Yes,10,57,Medium,Yes,1,Medium,High,Private,Neutral,3,No,High School,Far,Male,66,CLG0042,105,9.96,9.94,3,No,2,5,4,No
216,8,88,Medium,Medium,Yes,8,92,High,Yes,1,Low,Medium,Public,Negative,4,No,College,Near,Male,66,CLG0080,98,8.22,8.35,4,No,2,1,4,No
217,25,94,Medium,Low,Yes,7,76,Medium,Yes,1,Low,High,Private,Neutral,2,Yes,High School,Moderate,Female,69,CLG0044,81,8.96,9.13,5,No,3,8,5,Yes
218,21,81,Medium,Medium,Yes,7,85,Medium,Yes,1,Low,High,Public,Negative,3,No,Postgraduate,Moderate,Male,68,CLG0077,98,6.26,6.44,2,No,10,9,5,No
219,16,100,Medium,Medium,Yes,8,65,High,Yes,1,High,Medium,Public,Positive,2,Yes,College,Moderate,Female,69,CLG0091,95,5.96,6.08,9,No,9,2,2,No
220,17,66,High,High,No,5,64,Low,Yes,0,Medium,High,Private,Neutral,2,No,College,Near,Male,64,CLG0015,105,6.25,6.11,7,Yes,0,4,3,No
221,27,82,Medium,High,No,6,51,Low,Yes,1,Low,Medium,Public,Negative,3,No,High School,Moderate,Male,66,CLG0053,93,6.26,6.38,6,No,4,2,3,No
222,14,66,Low,Medium,Yes,6,96,Low,Yes,0,High,Medium,Public,Negative,3,No,College,Moderate,Male,61,CLG0063,111,8.08,7.63,10,No,0,5,1,No
223,23,100,Low,Medium,Yes,5,93,Medium,Yes,4,Low,Medium,Private,Neutral,3,No,Postgraduate,Moderate,Male,73,CLG0072,93,7.98,8.22,3,No,6,7,4,No
224,15,71,High,High,No,8,60,Medium,Yes,0,Low,High,Private,Negative,3,No,High School,Far,Female,62,CLG0008,88,8.73,8.41,10,Yes,8,5,1,No
225,36,66,Low,High,Yes,8,58,High,Yes,1,Medium,Medium,Public,Positive,3,No,College,Far,Male,69,CLG0002,97,8.97,9.27,10,No,7,3,2,No
226,21,63,High,Medium,No,7,63,Medium,Yes,2,Medium,Medium,Public,Neutral,2,No,High School,Far,Male,63,CLG0093,64,6.34,6.08,10,No,9,10,1,No
227,30,88,High,Medium,Yes,9,96,Medium,Yes,1,Medium,High,Private,Neutral,3,Yes,High School,Near,Male,73,CLG0011,99,8.12,7.87,8,Yes,3,5,2,No
228,26,74,Medium,Low,Yes,6,77,Medium,Yes,3,Medium,Medium,Private,Negative,2,No,High School,Far,Male,66,CLG0085,109,9.29,9.43,6,Yes,6,2,0,No
229,18,84,High,Low,No,6,64,Medium,Yes,2,Low,High,Public,Positive,2,No,High School,Near,Female,67,CLG0075,134,7.71,7.71,7,No,2,7,2,No
230,37,96,High,Medium,Yes,7,63,Medium,Yes,0,Medium,High,Private,Positive,4,No,High School,Near,Male,76,CLG0007,90,9.67,9.9,4,No,4,5,2,No
231,12,72,Low,Medium,Yes,8,84,Medium,Yes,1,Low,Medium,Public,Positive,5,No,High School,Near,Female,63,CLG0095,108,7.49,7.69,8,Yes,7,8,3,No
232,15,60,Medium,Medium,Yes,7,81,Low,Yes,4,Low,High,Public,Positive,2,No,High School,Near,Male,63,CLG0059,123,6.14,6.22,1,Yes,8,2,3,No
233,25,72,Medium,Medium,Yes,8,87,Low,Yes,3,Medium,Low,Public,Positive,3,No,Postgraduate,Moderate,Male,68,CLG0095,85,8.09,8.4,1,No,9,7,2,No
234,23,85,Low,High,No,8,77,Medium,Yes,0,High,Medium,Public,Positive,4,No,College,Near,Male,70,CLG0058,96,7.98,7.94,5,Yes,6,6,2,No
235,12,92,High,Medium,No,7,90,Medium,Yes,2,Medium,High,Public,Negative,5,No,High School,Near,Male,69,CLG0005,102,5.69,6.09,6,No,3,4,0,No
236,24,80,Medium,High,Yes,7,96,High,Yes,0,Low,High,Public,Positive,0,No,College,Moderate,Female,70,CLG0041,115,8.96,8.9,3,Yes,10,4,3,Yes
237,18,75,Medium,Low,Yes,7,53,Medium,Yes,0,High,High,Public,Neutral,2,No,High School,Near,Male,63,CLG0085,113,9.98,10.17,9,Yes,9,8,5,Yes
238,25,86,Medium,Low,Yes,6,59,Medium,Yes,3,Low,Medium,Public,Positive,3,No,High School,Near,Female,69,CLG0083,111,7.99,7.59,7,No,0,6,3,No
239,24,79,Low,High,No,6,99,High,No,2,Low,High,Public,Negative,3,No,High School,Near,Male,68,CLG0054,101,9.85,10.22,5,No,2,2,4,No
240,19,78,Low,High,Yes,9,78,Medium,Yes,2,Low,High,Public,Negative,2,No,College,Near,Female,67,CLG0061,104,5.26,5.01,6,Yes,3,9,3,No
241,26,91,High,Medium,Yes,7,79,Medium,Yes,1,Low,Medium,Private,Neutral,5,No,High School,Near,Female,72,CLG0004,125,9.03,9.32,9,No,7,10,4,Yes
242,27,74,Medium,High,No,6,54,Medium,Yes,3,Medium,Medium,Public,Neutral,3,No,College,Near,Female,69,CLG0079,89,8.89,9.08,7,No,1,4,0,No
243,17,64,High,Low,Yes,7,74,Low,Yes,2,Medium,Low,Public,Positive,2,No,Postgraduate,Near,Female,64,CLG0020,96,5.88,5.78,6,No,1,10,2,No
244,17,98,High,Low,Yes,10,71,Medium,Yes,0,Low,High,Private,Positive,3,No,Postgraduate,Moderate,Female,70,CLG0072,92,6.8,6.7,2,No,3,8,2,No
245,14,74,Low,Medium,Yes,7,66,Medium,Yes,0,Medium,High,Private,Negative,3,No,Postgraduate,Near,Male,63,CLG0060,75,5.76,5.62,5,No,3,9,0,No
246,17,71,Medium,Low,Yes,6,99,Low,Yes,4,Medium,Medium,Public,Positive,3,Yes,Postgraduate,Near,Male,66,CLG0084,122,7.93,8.29,8,No,10,10,4,Yes
247,16,67,Medium,Medium,Yes,5,56,Low,Yes,1,Low,Medium,Public,Negative,2,No,College,Near,Female,61,CLG0028,79,7.5,7.35,7,Yes,9,7,3,No
248,25,81,High,High,Yes,8,68,Low,Yes,0,Low,High,Public,Neutral,3,No,College,Moderate,Female,69,CLG0092,80,6.7,6.82,1,No,4,3,1,No
249,24,91,Medium,Medium,Yes,7,72,Medium,Yes,3,Medium,High,Public,Neutral,3,No,High School,Moderate,Male,71,CLG0048,115,8.8,8.59,1,No,9,7,3,Yes
250,12,90,Medium,Low,Yes,7,61,Medium,Yes,2,Low,High,Private,Positive,2,No,High School,Near,Male,66,CLG0097,87,9.65,9.67,1,Yes,2,6,1,No
251,20,95,Medium,Medium,No,6,65,High,Yes,2,Low,Medium,Public,Neutral,3,No,College,Near,Female,70,CLG0012,112,6.15,5.77,10,No,4,2,0,No
252,24,95,Medium,High,Yes,7,71,High,Yes,1,Medium,High,Public,Positive,3,No,High School,Near,Male,74,CLG0058,89,5.75,5.99,9,No,7,5,4,No
253,24,63,High,Medium,No,8,59,Low,Yes,1,Low,Medium,Public,Neutral,3,Yes,High School,Near,Male,62,CLG0067,104,7.46,7.78,1,No,6,6,5,No
254,18,84,High,High,No,6,94,Medium,Yes,3,High,Medium,Public,Neutral,4,No,High School,Near,Male,71,CLG0095,126,8.76,8.56,1,No,2,6,2,Yes
255,19,82,High,Medium,No,8,82,Low,Yes,2,Low,Medium,Private,Negative,4,No,Postgraduate,Near,Female,68,CLG0001,108,8.73,9.17,9,Yes,8,5,4,No
256,20,92,Low,High,No,6,82,Medium,Yes,0,Medium,Medium,Public,Neutral,5,No,High School,Near,Female,69,CLG0040,92,6.64,6.65,3,Yes,1,7,2,No
257,18,63,High,Low,No,6,94,Medium,Yes,2,Medium,High,Public,Neutral,2,Yes,High School,Near,Male,63,CLG0059,85,8.06,7.97,3,No,5,7,1,No
258,19,89,High,Medium,Yes,6,90,High,Yes,0,Low,High,Private,Negative,4,No,College,Moderate,Female,70,CLG0040,106,7.72,8.11,8,Yes,1,9,2,Yes
259,17,77,Medium,Medium,No,7,54,Low,Yes,1,Low,High,Public,Positive,2,No,College,Near,Male,64,CLG0096,98,9.84,10.2,3,Yes,5,1,0,No
260,16,73,High,Low,Yes,8,58,Medium,Yes,1,Medium,Medium,Public,Neutral,4,No,High School,Near,Female,64,CLG0026,98,5.64,5.79,5,No,8,8,1,No
261,29,82,Medium,High,No,7,84,Low,Yes,1,Low,Medium,Private,Positive,2,No,High School,Near,Male,70,CLG0054,96,8.14,8.61,3,No,9,5,0,No
262,31,82,Medium,High,Yes,5,98,Medium,Yes,0,Low,Low,Public,Neutral,3,No,High School,Near,Male,71,CLG0018,102,6.35,6.09,10,Yes,3,8,2,No
263,18,81,Low,Medium,No,9,73,Medium,Yes,1,High,Medium,Public,Negative,2,No,High School,Near,Male,65,CLG0002,85,7.57,7.27,5,Yes,2,10,4,No
264,10,93,Low,Medium,Yes,7,90,Medium,Yes,0,Low,Medium,Private,Positive,2,No,High School,Near,Female,66,CLG0096,84,7.44,7.04,5,Yes,10,6,1,No
265,25,92,Low,High,No,5,72,Medium,Yes,1,Medium,Medium,Public,Positive,4,No,High School,Near,Female,71,CLG0074,78,6.27,6.72,9,Yes,0,10,2,No
266,17,93,Medium,Medium,No,6,87,Medium,Yes,1,Low,High,Private,Negative,2,No,High School,Moderate,Female,67,CLG0079,78,7.16,6.85,3,No,2,5,4,No
267,16,62,Medium,Medium,Yes,7,79,Low,Yes,2,Medium,Medium,Public,Neutral,3,No,High School,Near,Male,63,CLG0040,68,8.82,8.84,9,Yes,0,1,5,No
268,24,64,Medium,Medium,Yes,8,90,High,Yes,0,Low,High,Public,Negative,3,No,High School,Near,Male,65,CLG0011,101,5.23,5.45,3,Yes,6,8,5,No
269,17,81,High,Medium,No,6,95,High,Yes,2,Medium,Medium,Private,Positive,3,No,High School,Near,Male,69,CLG0075,105,5.93,5.95,6,No,5,7,1,No
270,20,62,High,Medium,Yes,6,98,High,Yes,0,High,High,Public,Neutral,3,No,Postgraduate,Near,Male,67,CLG0022,63,5.51,5.21,3,Yes,0,4,0,No
271,11,97,Low,Low,Yes,7,69,Medium,Yes,3,Low,Medium,Public,Positive,2,No,High School,Near,Female,66,CLG0049,123,6.94,7.04,7,Yes,5,8,2,Yes
272,11,69,Low,Medium,Yes,8,65,Low,Yes,0,Low,Medium,Public,Negative,2,No,College,Moderate,Male,58,CLG0082,113,7.47,7.27,7,Yes,3,1,5,No
273,20,93,Medium,Low,No,7,79,Medium,Yes,1,Medium,Low,Public,Neutral,3,No,Postgraduate,Near,Female,69,CLG0078,71,6.73,6.82,10,Yes,4,3,4,No
274,20,92,High,Medium,Yes,7,58,Low,Yes,2,Low,Low,Public,Neutral,4,No,Postgraduate,Near,Female,70,CLG0086,125,5.45,5.79,7,No,3,5,1,No
275,24,72,High,High,No,7,61,Medium,Yes,3,Low,Medium,Private,Neutral,2,No,High School,Near,Female,67,CLG0057,83,6.81,6.35,8,No,0,4,1,No
276,19,97,High,Medium,Yes,9,61,High,Yes,2,Medium,High,Public,Neutral,1,No,Postgraduate,Moderate,Male,72,CLG0046,85,6.66,6.94,9,No,8,7,0,No
277,10,76,Medium,Medium,Yes,7,80,Medium,Yes,1,Low,High,Public,Positive,4,No,Postgraduate,Near,Female,65,CLG0100,80,9.47,9.28,4,No,5,4,2,No
278,17,75,Medium,Low,No,5,73,High,Yes,0,Low,Medium,Private,Neutral,4,No,High School,Near,Female,63,CLG0018,113,9.14,8.97,3,Yes,5,2,4,Yes
279,25,96,Medium,High,Yes,5,69,Low,Yes,0,Low,Medium,Public,Neutral,4,No,High School,Moderate,Male,71,CLG0062,86,7.62,7.25,1,Yes,1,3,5,No
280,30,85,Medium,Medium,Yes,6,96,Low,Yes,1,Medium,Medium,Private,Neutral,4,No,High School,Near,Female,72,CLG0096,116,9.2,9.0,8,No,8,9,0,Yes
281,27,91,Low,High,No,4,67,Medium,Yes,1,High,High,Private,Neutral,2,No,High School,Moderate,Female,71,CLG0073,108,7.71,7.56,2,Yes,0,8,3,No
282,19,73,Low,Medium,Yes,9,86,High,Yes,0,Medium,High,Public,Positive,3,No,College,Near,Female,66,CLG0061,92,6.87,7.12,6,No,9,4,1,No
283,12,96,Low,Medium,Yes,7,71,High,Yes,2,Medium,Medium,Private,Positive,2,No,College,Near,Male,68,CLG0066,99,6.72,6.52,3,No,5,10,3,No
284,9,79,Medium,Low,No,7,90,High,Yes,1,High,Low,Public,Neutral,3,No,High School,Near,Male,63,CLG0006,117,8.12,7.84,5,No,2,10,3,Yes
285,19,69,Medium,High,Yes,7,82,High,Yes,1,Low,Medium,Public,Negative,2,No,High School,Near,Male,65,CLG0014,73,9.01,8.69,3,Yes,5,1,5,No
286,15,93,High,Medium,No,6,64,Medium,Yes,2,Medium,High,Public,Positive,4,No,Postgraduate,Near,Male,71,CLG0056,105,7.69,8.1,9,No,1,8,2,Yes
287,20,80,Low,Medium,Yes,6,86,High,Yes,1,Low,Medium,Private,Positive,3,No,High School,Near,Female,67,CLG0067,90,8.25,8.1,9,Yes,3,6,2,No
288,4,64,Medium,High,Yes,7,65,Medium,Yes,1,Medium,High,Public,Negative,4,No,High School,Far,Male,59,CLG0099,113,5.8,6.03,9,Yes,3,6,2,No
289,18,73,Medium,High,Yes,7,94,High,Yes,1,High,Medium,Private,Neutral,3,No,Postgraduate,Moderate,Female,68,CLG0061,105,5.27,4.92,6,Yes,8,3,4,No
290,16,94,Low,Medium,Yes,6,66,Medium,Yes,3,Medium,High,Public,Negative,4,No,College,Near,Female,69,CLG0028,114,8.42,8.7,7,Yes,9,6,5,Yes
291,19,69,Medium,Low,No,7,72,Medium,Yes,1,Low,Low,Public,Positive,2,No,High School,Far,Female,61,CLG0079,100,8.9,9.24,4,Yes,4,3,4,No
292,22,77,Medium,Medium,Yes,10,79,High,Yes,2,Medium,Low,Public,Neutral,2,No,High School,Near,Male,67,CLG0035,100,6.94,6.74,8,Yes,10,3,0,No
293,16,93,High,Low,No,6,56,Medium,Yes,2,Low,Medium,Public,Positive,4,No,High School,Near,Male,67,CLG0067,85,5.96,6.27,10,Yes,0,2,1,No
294,15,96,Medium,Medium,Yes,7,58,Medium,Yes,3,Medium,Medium,Public,Neutral,4,No,Postgraduate,Moderate,Male,70,CLG0056,87,7.22,7.57,3,Yes,1,6,2,No
295,24,92,Low,High,Yes,5,81,Medium,Yes,2,Low,Medium,Private,Negative,3,Yes,High School,Near,Male,69,CLG0023,93,9.86,10.24,10,Yes,1,9,4,Yes
296,18,100,Medium,Low,Yes,8,66,High,No,3,Low,Medium,Public,Negative,3,No,College,Near,Male,69,CLG0020,99,8.13,7.77,4,Yes,3,5,3,No
297,23,69,Medium,High,Yes,6,60,Medium,Yes,2,Low,High,Private,Negative,4,No,High School,Near,Male,66,CLG0051,93,6.62,6.74,9,No,4,8,0,No
298,21,68,Medium,High,Yes,8,52,Medium,Yes,3,Low,Medium,Public,Neutral,2,No,College,Moderate,Male,65,CLG0091,77,7.68,7.55,7,Yes,3,8,4,No
299,13,65,Medium,High,No,5,87,Low,Yes,1,Medium,Medium,Public,Positive,2,Yes,High School,Moderate,Female,61,CLG0017,123,8.56,8.84,5,No,1,2,3,Yes
300,21,72,Medium,High,No,7,78,Low,No,0,High,Medium,Public,Neutral,1,Yes,High School,Near,Female,63,CLG0021,121,9.95,9.61,8,Yes,7,4,4,Yes
301,23,88,High,Low,Yes,6,58,Medium,Yes,2,Low,Medium,Public,Neutral,2,No,High School,Moderate,Male,68,CLG0012,117,9.88,9.84,6,No,3,8,0,Yes
302,16,100,Medium,High,No,10,56,Medium,Yes,1,High,Medium,Public,Neutral,2,No,High School,Near,Female,69,CLG0036,95,7.96,7.64,10,Yes,5,4,3,No
303,18,68,High,Medium,No,7,72,Medium,Yes,0,Medium,Medium,Public,Neutral,3,No,College,Near,Male,64,CLG0020,107,6.61,6.76,9,No,4,4,0,No
304,13,86,Low,Medium,No,7,58,Medium,No,0,Medium,Medium,Private,Positive,3,No,High School,Near,Male,63,CLG0088,107,5.46,5.58,2,Yes,5,5,0,No
305,22,89,High,High,Yes,8,89,Medium,Yes,0,Medium,Medium,Private,Neutral,3,No,High School,Moderate,Male,71,CLG0099,103,5.89,5.89,8,Yes,1,6,2,No
306,20,72,Medium,Low,Yes,6,89,Low,Yes,1,Low,Medium,Private,Negative,3,No,High School,Far,Male,62,CLG0072,110,9.35,9.08,8,Yes,8,10,0,No
307,9,86,High,Medium,No,8,86,Medium,Yes,1,Low,High,Public,Neutral,1,No,High School,Near,Male,65,CLG0081,99,6.36,5.97,9,Yes,5,1,4,No
308,22,87,Medium,High,Yes,6,58,Medium,Yes,0,Low,Medium,Private,Neutral,4,No,High School,Near,Female,68,CLG0050,106,9.96,9.89,2,Yes,5,5,4,No
309,18,74,Low,Medium,Yes,7,67,Low,Yes,0,Low,Medium,Public,Positive,3,No,High School,Near,Male,63,CLG0026,98,5.92,5.73,7,No,4,8,2,No
310,22,97,Low,Medium,No,8,75,Medium,Yes,1,Medium,Medium,Private,Positive,4,No,Postgraduate,Near,Male,71,CLG0050,111,8.87,9.0,4,No,1,10,5,Yes
311,25,73,Medium,High,Yes,7,70,Low,Yes,0,Low,Medium,Private,Neutral,4,No,Postgraduate,Moderate,Male,67,CLG0027,86,6.69,6.76,6,No,2,5,2,No
312,13,86,Medium,Low,Yes,5,54,Medium,Yes,3,High,High,Public,Neutral,3,Yes,College,Near,Male,66,CLG0080,78,7.25,7.47,10,Yes,7,9,2,No
313,23,85,Medium,Medium,Yes,7,99,High,Yes,1,Low,High,Public,Neutral,5,No,College,Near,Female,71,CLG0059,124,6.15,6.45,6,Yes,7,4,0,No
314,15,91,Medium,Low,Yes,10,61,Medium,Yes,0,Low,High,Public,Neutral,4,No,High School,Moderate,Male,65,CLG0067,119,5.73,5.25,8,Yes,4,8,2,Yes
315,24,91,High,High,Yes,7,51,High,Yes,2,Medium,Medium,Public,Neutral,3,No,High School,Moderate,Male,72,CLG0097,120,5.57,5.33,9,No,4,9,5,Yes
316,15,78,Medium,High,Yes,9,95,High,Yes,1,High,High,Public,Positive,3,No,High School,Near,Male,69,CLG0022,106,6.41,6.61,9,Yes,8,1,3,No
317,15,80,High,Medium,Yes,5,90,Medium,Yes,4,Medium,High,Private,Neutral,3,No,High School,Near,Female,69,CLG0001,87,9.46,9.0,7,Yes,0,7,4,No
318,16,75,Low,Low,Yes,5,86,Medium,Yes,0,Low,Medium,Public,Positive,1,No,College,Moderate,Female,62,CLG0056,105,6.03,5.59,2,No,3,6,3,No
319,22,76,High,Medium,Yes,6,84,High,Yes,2,Medium,High,Public,Neutral,3,No,High School,Near,Male,70,CLG0070,69,5.53,5.75,5,No,6,3,2,No
320,34,84,Medium,High,Yes,6,95,Medium,Yes,1,Low,Medium,Private,Neutral,3,No,Postgraduate,Far,Male,73,CLG0039,98,5.68,5.18,8,Yes,9,6,0,No
321,19,91,Medium,Medium,No,8,59,High,Yes,1,High,Medium,Public,Neutral,2,No,Postgraduate,Near,Male,69,CLG0025,88,8.13,8.38,8,Yes,7,5,0,No
322,17,97,Medium,High,Yes,9,88,Medium,No,0,Medium,Medium,Public,Positive,2,No,High School,Near,Male,70,CLG0063,92,7.14,7.31,6,No,5,4,0,No
323,24,88,Medium,High,Yes,8,74,Medium,Yes,0,Low,High,Private,Neutral,3,No,Postgraduate,Near,Male,71,CLG0008,80,9.65,9.72,9,Yes,9,7,0,No
324,16,60,Medium,High,No,7,70,Low,Yes,3,High,High,Private,Negative,4,No,High School,Near,Female,63,CLG0026,137,9.33,9.34,6,Yes,5,9,0,Yes
325,20,83,High,High,Yes,5,58,Medium,Yes,1,Medium,Medium,Public,Neutral,3,No,High School,Near,Male,68,CLG0023,120,8.31,8.76,10,No,8,7,0,No
326,21,72,High,High,Yes,8,100,Medium,Yes,3,Low,High,Private,Positive,3,No,College,Far,Male,70,CLG0021,77,7.02,6.72,9,No,1,7,2,No
327,26,72,Medium,Medium,No,10,54,Medium,No,2,High,High,Public,Neutral,2,No,College,Moderate,Male,66,CLG0024,96,5.23,5.72,4,No,5,4,2,No
328,18,89,High,Medium,Yes,4,73,Medium,Yes,3,High,Medium,Private,Positive,2,No,College,Near,Female,100,CLG0070,89,5.68,6.1,8,No,10,1,1,No
329,17,90,Low,High,Yes,5,88,Low,Yes,1,Medium,Medium,Public,Negative,1,No,College,Near,Female,68,CLG0069,89,9.04,8.76,3,No,2,3,2,No
330,23,87,Medium,Medium,No,8,79,High,Yes,2,Low,High,Public,Neutral,2,No,Postgraduate,Near,Male,71,CLG0009,107,6.18,5.92,7,Yes,9,1,0,No
331,11,60,Medium,High,No,7,59,High,Yes,2,Low,Medium,Public,Positive,1,No,College,Moderate,Male,60,CLG0063,108,9.39,8.98,8,No,9,1,3,No
332,16,82,Medium,Medium,Yes,7,85,Medium,Yes,1,High,Medium,Public,Neutral,4,No,High School,Near,Male,67,CLG0087,109,8.62,8.18,9,No,7,5,3,No
333,9,98,High,Medium,Yes,9,64,Medium,Yes,1,Low,Medium,Private,Negative,3,No,High School,Near,Male,67,CLG0074,88,8.45,8.36,8,No,4,1,0,No
334,22,92,High,High,No,9,72,Low,Yes,1,Low,High,Public,Neutral,4,Yes,Postgraduate,Near,Male,71,CLG0018,92,6.91,7.06,6,No,7,1,4,No
335,18,81,Medium,Low,Yes,10,55,Low,Yes,3,Low,Medium,Public,Negative,2,No,High School,Near,Male,64,CLG0087,119,5.8,5.7,9,No,7,6,4,No
336,26,89,Medium,Medium,No,6,72,High,Yes,1,Low,Medium,Public,Neutral,3,Yes,College,Near,Female,69,CLG0018,96,6.13,6.59,3,Yes,8,4,1,No
337,17,82,Medium,Medium,Yes,5,66,Medium,Yes,1,Medium,Low,Public,Positive,3,No,High School,Near,Female,66,CLG0078,70,8.77,9.26,1,No,0,5,0,No
338,22,68,Medium,Medium,No,4,87,High,Yes,2,Medium,Medium,Public,Neutral,3,No,Postgraduate,Far,Female,66,CLG0010,106,5.31,5.15,3,No,10,1,4,No
339,15,91,Low,Medium,No,6,64,Low,Yes,1,Low,High,Public,Positive,3,Yes,High School,Near,Male,64,CLG0043,103,5.63,5.77,1,No,0,5,0,No
340,20,83,Low,Low,No,7,79,Low,No,2,Medium,Medium,Public,Positive,5,No,Postgraduate,Moderate,Male,66,CLG0098,104,5.14,5.62,8,Yes,4,4,0,No
341,23,64,Medium,Low,Yes,5,59,Medium,Yes,3,Low,Medium,Public,Positive,5,No,High School,Moderate,Female,64,CLG0017,84,5.32,5.13,8,No,8,2,5,No
342,28,63,Medium,Medium,Yes,7,91,Medium,Yes,1,Low,Medium,Private,Positive,1,No,High School,Far,Male,65,CLG0078,92,5.24,5.45,10,Yes,8,1,1,No
343,16,97,Medium,Medium,Yes,6,92,Low,Yes,0,High,Medium,Private,Positive,4,No,College,Near,Male,71,CLG0054,99,9.9,9.8,6,No,9,10,3,Yes
344,33,77,Low,High,Yes,5,85,Medium,Yes,0,Low,Medium,Private,Neutral,5,No,High School,Far,Female,69,CLG0092,111,8.77,8.37,10,Yes,6,7,2,Yes
345,18,66,Low,High,Yes,5,97,Medium,Yes,4,Medium,Medium,Public,Neutral,4,No,High School,Moderate,Male,66,CLG0083,77,5.02,4.7,7,No,0,7,5,No
346,15,88,Medium,High,Yes,8,61,Low,Yes,2,Medium,High,Public,Positive,4,Yes,High School,Near,Male,68,CLG0033,101,5.96,5.89,6,No,1,10,0,No
347,15,78,Low,Medium,Yes,8,100,Low,Yes,0,Low,Medium,Public,Negative,3,Yes,High School,Near,Female,62,CLG0067,100,8.47,8.49,1,No,3,2,4,No
348,26,71,Medium,Low,No,6,94,Low,Yes,3,Low,Medium,Public,Positive,4,No,Postgraduate,Near,Male,68,CLG0072,106,7.27,7.48,7,Yes,1,6,1,No
349,13,83,Low,Low,No,5,59,High,Yes,4,Low,Medium,Private,Neutral,2,No,High School,Near,Female,63,CLG0009,117,8.99,9.03,10,No,10,8,1,Yes
350,18,66,Medium,High,No,9,87,Medium,Yes,1,Medium,Low,Private,Positive,3,No,High School,Moderate,Male,64,CLG0059,96,7.28,7.54,7,No,8,3,1,No
351,16,92,Low,High,Yes,8,63,Medium,Yes,2,Low,Medium,Public,Neutral,4,No,College,Moderate,Male,68,CLG0062,105,5.59,5.93,8,No,5,2,0,No
352,8,97,Medium,High,Yes,8,87,Medium,Yes,0,Medium,Medium,Public,Positive,2,Yes,High School,Near,Male,67,CLG0096,121,6.69,6.89,1,No,0,10,5,Yes
353,35,93,Medium,Medium,Yes,6,94,Medium,Yes,5,Medium,Medium,Public,Neutral,2,Yes,College,Near,Female,76,CLG0004,114,6.37,6.78,8,No,3,2,1,No
354,16,93,Low,High,No,6,77,High,Yes,2,Low,Medium,Public,Negative,1,No,High School,Moderate,Male,67,CLG0017,103,6.22,6.06,5,No,6,1,5,No
355,14,63,Low,Low,Yes,9,72,Medium,Yes,3,Low,Low,Public,Positive,4,Yes,High School,Near,Female,59,CLG0014,98,8.61,9.09,2,Yes,8,4,4,No
356,17,62,Medium,Medium,No,7,66,High,Yes,2,High,Medium,Public,Neutral,4,No,High School,Moderate,Male,63,CLG0095,119,7.8,8.04,6,No,2,10,3,Yes
357,21,97,Medium,Low,No,7,99,Medium,Yes,1,High,Medium,Public,Negative,3,No,Postgraduate,Near,Female,71,CLG0021,94,6.6,6.92,1,Yes,2,1,0,No
358,15,66,Medium,Medium,No,9,63,Medium,Yes,3,Medium,Medium,Private,Neutral,3,No,High School,Near,Male,63,CLG0021,83,5.13,5.38,5,Yes,2,3,5,No
359,22,70,Low,Medium,No,7,53,Low,Yes,1,Low,Medium,Public,Positive,3,No,High School,Near,Female,83,CLG0035,100,7.72,7.78,8,No,1,9,0,No
360,24,75,Medium,Low,No,8,85,Medium,Yes,1,Low,Medium,Public,Positive,2,Yes,Postgraduate,Near,Male,66,CLG0033,81,9.61,9.22,4,No,6,3,1,No
361,10,61,High,Low,Yes,10,79,Medium,Yes,4,High,High,Public,Positive,2,Yes,College,Moderate,Male,62,CLG0010,129,7.78,7.66,5,No,4,2,5,No
362,28,78,High,Low,Yes,4,73,Low,No,3,Low,Medium,Private,Positive,4,No,High School,Moderate,Female,68,CLG0052,96,9.97,10.28,2,Yes,2,10,4,Yes
363,17,77,Low,Medium,Yes,5,59,Medium,Yes,2,Medium,High,Private,Neutral,4,No,High School,Near,Male,65,CLG0047,79,9.95,9.74,6,Yes,10,6,1,No
364,18,99,High,Medium,Yes,8,72,Medium,Yes,4,Low,Medium,Public,Neutral,4,No,High School,Near,Female,72,CLG0020,120,9.6,9.92,2,Yes,2,10,5,Yes
365,24,96,High,High,Yes,7,96,Medium,Yes,1,Medium,Medium,Public,Negative,3,No,High School,Near,Female,74,CLG0088,89,8.41,8.19,9,No,8,1,0,No
366,17,87,Medium,Medium,Yes,5,60,Medium,Yes,4,Medium,Medium,Private,Positive,3,Yes,High School,Near,Female,67,CLG0072,120,8.2,7.98,6,No,7,2,0,No
367,25,99,Medium,High,No,9,74,Medium,Yes,1,Medium,High,Private,Negative,3,No,High School,Near,Male,73,CLG0070,134,6.21,6.47,4,No,8,6,2,No
368,15,64,Medium,Medium,Yes,8,82,Low,Yes,0,Low,Medium,Public,Negative,3,No,High School,Near,Male,61,CLG0030,94,7.02,7.23,5,Yes,2,10,2,No
369,37,94,High,Medium,Yes,8,52,High,Yes,1,Low,Medium,Private,Positive,3,No,Postgraduate,Near,Male,76,CLG0034,138,7.39,7.3,2,No,0,2,0,No
370,29,80,Low,Medium,Yes,10,91,High,No,1,High,Medium,Public,Positive,3,No,College,Moderate,Male,70,CLG0058,102,8.29,7.9,6,Yes,3,9,0,No
371,16,60,Medium,High,Yes,8,67,Low,Yes,0,Low,Medium,Public,Neutral,3,No,High School,Near,Male,61,CLG0046,110,7.25,7.03,5,Yes,3,10,4,No
372,20,87,Medium,Medium,No,10,56,Medium,Yes,2,Medium,Medium,Public,Neutral,2,No,College,Moderate,Female,67,CLG0092,106,6.15,6.47,9,Yes,9,5,2,No
373,10,78,Medium,High,Yes,8,74,Medium,Yes,1,Low,Medium,Private,Neutral,4,No,Postgraduate,Near,Male,65,CLG0099,98,5.57,5.95,10,No,9,4,4,No
374,17,69,High,Medium,Yes,7,87,Low,Yes,2,Low,Medium,Public,Neutral,3,No,College,Near,Male,65,CLG0096,117,8.47,8.5,9,No,3,10,1,Yes
375,26,73,High,Medium,No,8,91,Medium,Yes,4,Low,Low,Public,Neutral,5,No,High School,Moderate,Male,69,CLG0032,91,8.97,9.07,8,No,8,7,2,No
376,26,77,Low,Medium,Yes,6,63,Low,Yes,1,Low,High,Public,Negative,4,No,High School,Near,Male,66,CLG0054,109,5.69,6.19,6,No,1,1,5,No
377,21,77,Medium,Medium,Yes,6,60,Medium,Yes,1,Medium,Medium,Private,Neutral,3,No,College,Moderate,Male,66,CLG0025,88,8.83,9.31,8,No,10,7,1,No
378,22,64,Medium,Medium,No,6,73,High,Yes,3,Medium,Medium,Public,Positive,4,No,Postgraduate,Moderate,Female,67,CLG0051,94,9.88,10.35,10,No,9,7,5,No
379,15,63,High,Low,Yes,7,74,Medium,Yes,4,Low,Medium,Public,Negative,2,No,High School,Moderate,Male,62,CLG0036,115,8.76,8.46,10,No,4,10,0,Yes
380,12,74,Medium,High,Yes,8,66,Low,Yes,1,Low,Medium,Public,Negative,4,No,High School,Near,Female,62,CLG0051,99,7.17,6.9,4,Yes,2,9,0,No
381,24,77,Medium,Medium,No,8,87,High,Yes,2,Low,Medium,Public,Positive,1,Yes,Postgraduate,Moderate,Female,68,CLG0072,97,8.23,8.41,6,Yes,4,8,5,Yes
382,16,91,High,High,Yes,6,92,Low,Yes,2,Low,High,Private,Positive,3,No,High School,Moderate,Male,71,CLG0054,101,6.09,6.31,1,Yes,10,5,4,No
383,11,65,Medium,Low,Yes,5,62,Medium,Yes,2,Medium,High,Public,Neutral,2,No,College,Far,Female,60,CLG0035,107,8.2,8.62,4,Yes,3,6,1,No
384,14,77,High,Low,No,7,54,Medium,Yes,1,Medium,High,Public,Negative,2,No,High School,Moderate,Male,62,CLG0038,131,8.29,8.23,4,No,1,9,3,Yes
385,25,83,High,High,Yes,7,94,Low,Yes,2,Low,High,Public,Positive,3,Yes,College,Moderate,Male,72,CLG0079,105,5.24,4.76,4,No,8,2,3,No
386,14,78,High,Medium,Yes,6,69,High,Yes,0,Medium,Medium,Public,Positive,5,No,College,Moderate,Female,67,CLG0060,105,8.16,8.14,3,No,10,10,2,Yes
387,19,81,Medium,Low,Yes,10,56,Low,Yes,1,Medium,High,Public,Positive,3,No,High School,Near,Male,65,CLG0086,82,8.83,9.23,3,No,6,4,1,No
388,21,71,High,Medium,Yes,8,57,Low,No,2,High,Medium,Public,Positive,1,No,Postgraduate,Near,Female,66,CLG0030,105,6.85,6.43,9,No,5,3,2,No
389,19,65,Low,Medium,Yes,5,95,Medium,Yes,2,Medium,High,Private,Neutral,4,No,College,Near,Male,65,CLG0046,116,7.73,7.84,7,Yes,5,5,5,No
390,20,70,Medium,High,Yes,6,92,Medium,Yes,2,Medium,Low,Public,Positive,3,No,High School,Near,Male,67,CLG0077,117,8.0,8.16,6,No,8,8,2,Yes
391,7,84,Medium,Medium,Yes,5,96,Medium,No,1,Low,Low,Public,Positive,3,Yes,High School,Near,Male,62,CLG0022,102,8.66,8.72,6,No,0,10,1,No
392,21,93,Medium,Low,No,7,67,High,Yes,2,Low,Medium,Public,Neutral,3,No,College,Far,Female,68,CLG0040,101,7.69,7.38,7,No,2,7,2,No
393,15,88,Low,Low,Yes,8,71,Medium,No,1,Low,Low,Private,Positive,2,No,Postgraduate,Moderate,Male,64,CLG0047,100,8.15,8.38,2,Yes,6,8,5,Yes
394,15,91,High,Medium,No,6,80,Medium,Yes,0,Low,Medium,Private,Positive,3,No,Postgraduate,Near,Male,69,CLG0051,102,9.67,9.99,8,No,4,6,0,No
395,11,93,High,Medium,No,9,94,Medium,Yes,4,Low,High,Public,Neutral,4,No,High School,Moderate,Male,69,CLG0052,101,9.69,10.03,5,Yes,8,7,5,No
396,14,82,High,Medium,No,4,96,Low,Yes,2,High,Medium,Private,Negative,4,Yes,High School,Near,Male,66,CLG0065,107,8.06,7.97,7,No,10,9,1,No
397,17,87,High,High,Yes,6,94,Medium,Yes,2,Low,Medium,Private,Neutral,3,No,High School,Moderate,Male,70,CLG0094,118,9.17,8.91,7,No,1,1,0,No
398,20,75,Medium,Medium,Yes,9,82,High,Yes,0,Low,Low,Public,Positive,5,No,College,Moderate,Female,66,CLG0024,116,6.54,6.31,10,No,9,2,4,No
399,22,65,Low,Medium,No,8,98,High,Yes,4,Medium,Medium,Private,Neutral,3,No,High School,Near,Female,66,CLG0086,88,5.2,5.23,9,Yes,6,8,2,No
400,21,60,Medium,High,Yes,8,93,Low,Yes,0,Low,Medium,Public,Positive,2,No,High School,Far,Female,63,CLG0053,74,6.99,7.31,7,No,0,1,2,No
401,9,62,Low,High,Yes,5,58,Low,Yes,0,Medium,High,Private,Positive,5,No,College,Moderate,Female,59,CLG0032,91,6.97,7.28,10,Yes,10,5,4,No
402,17,66,Low,High,No,6,61,Medium,Yes,1,High,Medium,Public,Positive,6,No,Postgraduate,Near,Male,65,CLG0041,99,5.48,5.56,3,Yes,10,1,0,No
403,15,69,Medium,Medium,Yes,7,89,Medium,Yes,1,Low,High,Public,Negative,2,No,College,Moderate,Female,63,CLG0083,95,7.6,7.81,5,No,1,10,2,No
404,35,84,Medium,Medium,No,5,86,Medium,Yes,1,Medium,Medium,Public,Neutral,3,No,High School,Near,Female,72,CLG0007,110,5.7,5.31,2,No,10,6,4,No
405,13,64,Medium,Low,Yes,6,77,Medium,Yes,0,Low,High,Public,Neutral,4,No,High School,Near,Male,60,CLG0013,109,7.96,7.57,10,Yes,5,4,1,No
406,29,77,Medium,Medium,Yes,8,65,Medium,Yes,1,Medium,Medium,Public,Neutral,3,No,High School,Near,Male,68,CLG0029,105,6.24,6.64,9,Yes,3,6,3,No
407,25,60,Medium,Low,Yes,5,73,Low,Yes,1,Medium,Medium,Public,Negative,2,No,High School,Near,Male,62,CLG0040,97,6.19,5.76,7,No,7,6,3,No
408,23,94,Low,Medium,No,8,58,High,Yes,5,Low,Low,Public,Neutral,6,No,High School,Near,Female,71,CLG0046,68,7.55,7.29,1,No,7,10,5,No
409,17,90,High,High,No,8,65,Medium,Yes,2,Low,High,Public,Positive,3,No,Postgraduate,Moderate,Male,71,CLG0048,58,5.51,5.91,7,No,1,6,4,No
410,27,67,High,High,Yes,9,94,High,Yes,0,High,Low,Public,Positive,2,No,College,Near,Female,70,CLG0073,89,5.09,4.77,6,Yes,7,3,3,No
411,22,70,Medium,High,Yes,5,90,High,Yes,1,Medium,High,Public,Neutral,3,No,College,Far,Female,68,CLG0020,73,6.78,6.72,7,No,3,1,2,No
412,17,62,Medium,Low,No,8,86,High,Yes,2,Medium,Medium,Public,Neutral,4,No,High School,Moderate,Female,62,CLG0022,100,9.16,9.15,5,No,9,9,1,No
413,27,93,Medium,Low,Yes,6,66,Medium,Yes,2,Medium,Medium,Public,Negative,3,No,College,Moderate,Female,70,CLG0055,96,5.3,5.6,6,Yes,9,1,4,No
414,20,81,High,Medium,Yes,6,51,High,No,3,Medium,Medium,Public,Neutral,4,Yes,High School,Near,Male,67,CLG0077,87,5.41,5.04,8,Yes,0,2,0,No
415,22,75,High,Medium,No,7,52,High,Yes,0,Low,Medium,Private,Neutral,3,No,College,Near,Female,66,CLG0098,121,8.49,8.48,9,Yes,6,10,1,Yes
416,3,62,Medium,Low,No,6,67,Medium,Yes,1,Low,Medium,Public,Negative,3,No,High School,Near,Male,55,CLG0039,107,5.88,5.58,5,Yes,4,3,5,No
417,27,63,Medium,Medium,Yes,6,86,Medium,Yes,1,Medium,Medium,Public,Positive,4,No,Postgraduate,Near,Female,68,CLG0043,84,9.09,8.66,7,No,10,9,5,Yes
418,19,84,Low,Medium,Yes,8,56,Medium,Yes,0,Low,Medium,Private,Neutral,3,Yes,High School,Near,Male,64,CLG0008,107,9.33,8.96,7,No,2,10,4,Yes
419,21,72,Medium,High,Yes,9,80,Low,Yes,1,Medium,Medium,Public,Neutral,3,No,High School,Near,Female,66,CLG0022,130,5.57,5.87,9,Yes,2,9,4,Yes
420,22,62,High,Low,No,8,76,Medium,Yes,1,Medium,Low,Public,Neutral,3,No,High School,Near,Male,63,CLG0093,133,5.75,6.02,1,Yes,3,1,2,No
421,27,92,High,Medium,Yes,6,99,Low,Yes,4,Low,Low,Private,Positive,3,No,High School,Near,Female,74,CLG0051,115,6.65,6.88,8,No,5,8,0,No
422,33,72,High,Medium,No,8,83,Low,Yes,3,Low,High,Private,Neutral,4,No,High School,Near,Male,71,CLG0093,115,6.55,6.95,8,Yes,1,10,0,No
423,24,86,High,Medium,No,7,89,Low,Yes,2,Low,Medium,Public,Negative,3,No,Postgraduate,Far,Female,69,CLG0026,105,9.14,8.97,9,Yes,0,10,5,Yes
424,10,95,Medium,High,Yes,5,93,High,Yes,0,Low,High,Public,Positive,3,No,High School,Moderate,Male,69,CLG0022,90,8.17,7.86,7,No,7,8,2,No
425,19,75,Medium,High,No,10,88,Low,Yes,0,Low,High,Public,Positive,2,No,High School,Near,Female,66,CLG0079,100,8.14,8.49,1,No,9,4,4,No
426,24,91,Low,High,Yes,6,56,Medium,Yes,1,Low,High,Public,Positive,2,No,College,Moderate,Male,70,CLG0060,86,6.43,6.17,6,No,5,3,0,No
427,19,84,Medium,Medium,Yes,5,63,Medium,Yes,1,High,Medium,Private,Positive,2,No,High School,Near,Male,67,CLG0095,87,7.87,7.83,9,Yes,0,9,5,No
428,11,83,Medium,Medium,Yes,5,63,Medium,Yes,2,Low,Medium,Public,Neutral,3,No,College,Near,Male,65,CLG0097,113,7.81,7.48,2,No,0,9,2,Yes
429,13,66,High,High,No,6,98,Low,Yes,1,High,High,Public,Positive,2,No,High School,Near,Male,65,CLG0028,93,5.32,5.54,4,No,6,3,5,No
430,17,88,Medium,High,Yes,7,94,Low,Yes,0,Medium,Medium,Public,Neutral,3,No,High School,Near,Male,69,CLG0021,81,7.64,7.84,4,No,8,6,1,No
431,27,90,Medium,Low,No,8,67,Medium,Yes,2,Medium,Medium,Public,Negative,3,No,Postgraduate,Near,Male,70,CLG0028,119,5.32,5.26,7,No,9,5,5,No
432,21,99,Medium,Medium,Yes,5,54,High,Yes,1,Low,Medium,Public,Neutral,4,No,College,Moderate,Male,70,CLG0090,91,8.77,8.36,1,No,9,9,5,Yes
433,20,95,Low,Low,Yes,8,77,Medium,Yes,1,High,High,Public,Positive,2,No,High School,Near,Male,69,CLG0041,100,8.37,8.62,8,No,4,2,1,No
434,14,97,Medium,Medium,Yes,5,83,Medium,Yes,0,Low,Medium,Public,Positive,2,No,High School,Near,Female,68,CLG0069,114,5.16,5.11,9,Yes,0,5,0,No
435,14,85,Medium,Medium,No,6,94,Low,Yes,0,High,Medium,Public,Positive,4,No,College,Near,Male,67,CLG0048,92,6.48,6.74,3,Yes,4,5,3,No
436,17,67,High,Low,No,5,83,High,Yes,3,Low,Medium,Public,Positive,3,No,High School,Moderate,Male,64,CLG0034,76,8.01,8.36,5,No,5,5,3,No
437,25,79,High,Medium,Yes,7,52,Medium,Yes,1,Medium,Medium,Public,Negative,2,No,Postgraduate,Moderate,Female,68,CLG0071,108,9.58,9.27,7,No,8,3,4,No
438,20,65,Medium,Medium,Yes,8,97,High,Yes,0,Low,Medium,Public,Negative,3,No,College,Near,Female,65,CLG0068,106,7.93,7.65,6,No,5,3,1,No
439,18,87,Medium,Medium,Yes,6,92,Low,Yes,1,Low,Medium,Private,Neutral,4,No,High School,Near,Female,68,CLG0031,100,8.16,8.36,6,Yes,6,3,2,No
440,22,68,High,Medium,Yes,9,53,High,Yes,1,Medium,Medium,Public,Neutral,2,No,High School,Moderate,Female,65,CLG0046,125,8.46,8.23,3,Yes,9,9,1,Yes
441,22,94,Low,Low,No,9,53,High,Yes,1,Medium,High,Public,Neutral,3,No,College,Near,Female,68,CLG0081,110,6.21,5.81,7,No,10,9,4,No
442,17,74,Low,Medium,No,9,50,Medium,Yes,0,Low,High,Public,Negative,2,No,High School,Far,Female,60,CLG0027,120,6.14,5.89,3,No,4,4,4,No
443,21,65,Low,Medium,No,9,56,High,Yes,1,Medium,Medium,Public,Positive,5,No,High School,Moderate,Male,63,CLG0094,81,5.23,5.47,1,Yes,4,4,4,No
444,29,72,Low,Medium,No,5,50,Low,Yes,0,Low,Medium,Public,Neutral,4,No,High School,Near,Female,64,CLG0041,92,9.22,9.25,10,No,8,10,1,No
445,18,85,High,Medium,Yes,6,74,Medium,Yes,3,Low,Medium,Private,Negative,2,No,College,Far,Male,67,CLG0082,94,5.22,5.29,2,No,10,6,3,No
446,17,92,High,High,No,6,93,Medium,Yes,4,Medium,Low,Private,Neutral,4,No,College,Moderate,Female,72,CLG0017,94,7.96,8.33,8,Yes,3,5,3,No
447,19,76,Medium,Low,Yes,6,68,Medium,Yes,2,High,Medium,Public,Positive,3,No,High School,Moderate,Female,65,CLG0093,109,8.7,8.77,6,Yes,5,2,5,No
448,19,68,High,High,No,6,66,Medium,Yes,2,Medium,Medium,Public,Neutral,3,No,High School,Far,Female,65,CLG0032,102,5.57,5.7,4,No,5,10,4,No
449,9,89,Low,High,Yes,7,91,Medium,Yes,1,High,Low,Public,Neutral,3,No,Postgraduate,Near,Male,67,CLG0092,74,8.29,8.3,10,No,5,8,4,Yes
450,23,97,High,High,Yes,8,57,Low,No,2,High,Medium,Public,Positive,1,No,Postgraduate,Far,Male,72,CLG0049,97,9.97,9.62,7,No,4,7,4,No
451,20,67,Low,Medium,Yes,7,76,Medium,Yes,0,Medium,Medium,Public,Neutral,4,No,High School,Near,Male,63,CLG0050,71,6.18,6.14,1,No,0,10,0,No
452,20,83,Medium,Low,Yes,6,97,High,Yes,2,Low,High,Public,Neutral,4,No,High School,Moderate,Female,68,CLG0079,105,9.48,9.07,3,Yes,8,9,1,No
453,16,94,Low,Medium,No,8,85,Medium,Yes,3,Low,High,Public,Neutral,2,No,High School,Near,Female,68,CLG0081,97,8.28,8.69,1,Yes,3,4,2,No
454,28,67,High,Medium,Yes,7,51,Medium,Yes,2,Medium,Medium,Public,Neutral,3,No,High School,Near,Female,67,CLG0091,108,8.59,8.8,1,No,6,5,4,No
455,26,64,Medium,Medium,Yes,7,62,High,Yes,3,Medium,High,Private,Negative,2,No,High School,Near,Male,66,CLG0093,122,7.59,7.76,10,Yes,10,3,0,No
456,29,67,Low,High,No,7,72,Medium,No,0,Medium,High,Public,Neutral,3,No,High School,Near,Female,65,CLG0008,93,6.8,6.74,4,No,5,4,4,No
457,30,71,High,Medium,Yes,9,95,High,No,1,Medium,Medium,Public,Neutral,4,No,College,Near,Male,70,CLG0084,76,9.07,9.39,7,No,1,10,5,Yes
458,17,68,Medium,Medium,Yes,6,97,High,Yes,2,High,Low,Public,Negative,3,No,High School,Moderate,Male,65,CLG0057,100,8.1,7.7,9,No,0,6,3,No
459,18,79,Low,Medium,Yes,9,58,Medium,Yes,3,Medium,High,Public,Negative,3,No,High School,Near,Female,65,CLG0057,109,9.63,9.97,2,Yes,7,5,5,No
460,15,71,High,High,Yes,6,69,Low,Yes,2,Low,High,Private,Negative,4,No,College,Near,Female,65,CLG0097,101,9.47,9.44,2,No,5,9,4,Yes
461,12,74,Low,High,Yes,6,55,High,Yes,0,Medium,Low,Public,Positive,3,No,Postgraduate,Near,Male,63,CLG0075,70,9.38,9.11,10,No,9,10,2,Yes
462,24,86,Medium,Medium,Yes,7,88,Medium,Yes,1,Low,Medium,Public,Neutral,3,No,High School,Far,Male,69,CLG0065,89,7.07,6.67,9,Yes,5,10,2,No
463,26,76,High,Low,Yes,7,74,Medium,Yes,4,Medium,High,Public,Positive,3,No,High School,Moderate,Female,70,CLG0027,78,7.58,7.42,6,No,0,9,5,No
464,25,78,Medium,Medium,No,7,86,Medium,Yes,1,Medium,Medium,Public,Negative,3,No,Postgraduate,Moderate,Female,68,CLG0015,90,6.12,5.91,9,No,8,4,0,No
465,15,94,Medium,Low,No,8,60,Medium,Yes,2,Medium,Medium,Public,Neutral,4,No,High School,Far,Male,66,CLG0004,92,8.81,8.86,4,Yes,10,5,3,No
466,21,73,Medium,Medium,No,6,99,Medium,No,1,Low,Medium,Public,Neutral,5,No,High School,Near,Male,65,CLG0062,85,5.44,4.96,10,Yes,1,3,4,No
467,20,72,High,Low,Yes,8,93,Medium,Yes,4,Low,High,Public,Positive,2,No,High School,Near,Male,68,CLG0022,103,8.96,9.04,1,No,8,4,3,No
468,30,98,Medium,High,No,7,76,High,Yes,1,Low,Medium,Public,Neutral,3,No,College,Near,Male,74,CLG0045,80,9.16,8.8,5,No,6,8,4,Yes
469,9,78,Low,High,No,6,87,Medium,Yes,0,Medium,High,Private,Positive,3,No,Postgraduate,Near,Male,65,CLG0027,84,5.96,5.7,8,No,9,1,1,No
470,18,82,High,Medium,Yes,5,85,High,Yes,3,Medium,High,Private,Neutral,4,No,Postgraduate,Near,Male,71,CLG0024,103,5.23,5.18,9,No,7,5,2,No
471,22,76,Medium,Low,No,9,87,Low,Yes,2,Low,High,Public,Neutral,3,Yes,College,Near,Female,65,CLG0049,108,8.42,8.03,7,No,7,3,2,No
472,17,86,Medium,Medium,No,7,61,Medium,No,2,High,Medium,Public,Positive,3,No,High School,Moderate,Male,66,CLG0009,78,9.8,9.46,1,No,4,7,1,No
473,24,77,Medium,Medium,Yes,10,53,High,Yes,2,High,Medium,Public,Neutral,4,No,College,Moderate,Male,68,CLG0090,106,8.3,8.76,4,No,10,3,0,No
474,17,63,Medium,Medium,No,4,92,Medium,Yes,2,Low,Medium,Public,Negative,4,No,High School,Near,Female,63,CLG0010,103,8.45,8.85,6,No,9,6,1,No
475,30,69,Medium,Medium,Yes,7,66,Medium,Yes,0,Medium,Low,Public,Positive,4,No,Postgraduate,Near,Female,68,CLG0100,97,6.75,6.84,7,Yes,10,9,4,No
476,17,68,High,Medium,No,9,57,Medium,Yes,2,Medium,Low,Public,Neutral,3,No,High School,Moderate,Male,63,CLG0042,115,7.01,6.51,3,No,10,9,4,Yes
477,28,92,Low,High,No,5,96,High,Yes,1,Medium,Low,Public,Neutral,3,No,College,Moderate,Male,72,CLG0023,106,7.22,7.66,4,No,10,4,1,No
478,16,77,Medium,Low,No,10,69,Medium,Yes,1,Medium,Medium,Private,Neutral,3,No,High School,Near,Female,64,CLG0063,103,7.78,7.35,9,No,7,10,5,No
479,26,99,Low,High,Yes,4,91,High,Yes,2,High,Low,Public,Neutral,4,No,Postgraduate,Moderate,Female,75,CLG0074,97,5.58,5.92,1,No,6,9,0,No
480,23,73,Low,High,No,5,60,High,Yes,1,Medium,Medium,Private,Positive,2,No,Postgraduate,Near,Female,67,CLG0098,101,6.3,6.61,3,Yes,5,9,3,No
481,16,100,High,Low,Yes,8,63,High,Yes,2,Low,Medium,Public,Negative,3,No,High School,Moderate,Male,69,CLG0059,119,8.25,8.49,5,No,0,8,1,Yes
482,13,70,Medium,Low,Yes,7,80,High,Yes,1,High,Medium,Public,Positive,4,No,College,Far,Female,63,CLG0055,122,5.47,5.75,6,Yes,1,6,1,No
483,15,85,High,Medium,No,4,72,Medium,Yes,4,Low,High,Private,Neutral,4,No,College,Near,Male,69,CLG0034,93,6.0,5.7,2,Yes,9,8,3,No
484,30,86,Medium,Low,Yes,8,52,Medium,Yes,2,Medium,Medium,Public,Negative,2,Yes,College,Moderate,Female,68,CLG0038,111,7.57,7.89,8,Yes,4,7,2,No
485,26,77,Low,Medium,No,4,70,Low,Yes,2,High,Low,Public,Neutral,3,Yes,College,Moderate,Female,65,CLG0010,87,7.79,7.39,9,Yes,3,6,5,No
486,13,97,High,High,No,7,70,Medium,Yes,1,Low,High,Public,Neutral,4,No,Postgraduate,Near,Female,71,CLG0025,115,9.76,9.57,6,Yes,10,5,0,No
487,23,62,High,Low,No,4,94,Medium,Yes,0,Medium,Low,Private,Positive,3,No,Postgraduate,Far,Female,64,CLG0086,125,7.45,7.1,3,Yes,1,2,1,No
488,21,78,Medium,High,No,10,60,Medium,Yes,3,High,Medium,Public,Negative,5,No,High School,Moderate,Male,68,CLG0081,123,7.75,7.82,9,No,9,9,4,Yes
489,17,67,High,Medium,No,8,82,Medium,Yes,0,Medium,Medium,Public,Positive,4,No,High School,Near,Female,65,CLG0027,96,6.71,6.27,4,No,6,3,3,No
490,13,70,High,High,No,6,81,Medium,Yes,2,Medium,Low,Public,Positive,2,No,Postgraduate,Near,Male,66,CLG0067,109,6.73,6.68,10,Yes,3,8,2,No
491,14,82,High,Medium,Yes,7,52,High,Yes,3,Low,Medium,Public,Negative,2,No,High School,Near,Female,66,CLG0088,60,9.28,9.19,10,No,5,1,2,No
492,24,60,High,High,No,6,73,Medium,Yes,1,Low,Medium,Private,Positive,5,No,Postgraduate,Moderate,Male,66,CLG0089,105,5.92,6.22,3,No,3,9,3,No
493,30,99,Medium,Medium,Yes,5,70,Low,Yes,2,Medium,Medium,Public,Neutral,4,No,High School,Near,Female,74,CLG0088,66,8.17,8.64,6,No,0,3,2,No
494,11,73,Medium,Medium,No,7,67,Medium,No,3,Medium,High,Private,Positive,5,Yes,Postgraduate,Near,Male,63,CLG0030,101,8.37,8.1,9,No,10,3,4,No
495,18,97,High,Low,Yes,8,95,High,Yes,1,Medium,Medium,Public,Positive,2,No,Postgraduate,Moderate,Male,72,CLG0020,87,8.52,8.82,2,No,5,5,5,No
496,30,96,Medium,Low,Yes,4,74,High,No,0,Low,Low,Public,Negative,3,No,High School,Moderate,Male,69,CLG0086,104,8.94,9.12,10,Yes,9,7,1,No
497,27,82,Medium,Medium,Yes,9,67,Low,Yes,1,Low,High,Private,Neutral,2,No,High School,Moderate,Male,68,CLG0071,102,7.17,7.3,2,Yes,6,8,4,No
498,23,91,Medium,High,Yes,10,62,Low,Yes,1,Medium,High,Private,Negative,3,No,College,Near,Male,70,CLG0083,105,9.9,10.31,9,No,9,5,4,No
499,11,64,Medium,Medium,No,8,75,Low,Yes,1,High,Medium,Private,Positive,3,No,High School,Moderate,Male,60,CLG0041,103,7.33,7.17,3,Yes,6,5,0,No
500,21,69,Medium,Medium,Yes,10,92,Low,Yes,2,Low,Medium,Private,Neutral,3,No,High School,Near,Male,65,CLG0025,99,5.96,5.74,4,Yes,4,3,2,No
501,15,96,Medium,Low,No,7,54,Low,Yes,0,Low,Medium,Public,Neutral,3,No,College,Near,Female,65,CLG0007,114,9.01,8.79,2,No,1,6,3,Yes
502,12,85,Medium,Medium,Yes,7,54,Medium,Yes,4,Low,High,Public,Positive,3,No,College,Moderate,Male,66,CLG0001,80,7.04,7.26,6,No,10,7,2,No
503,17,97,High,Medium,Yes,9,63,Medium,Yes,2,Low,Medium,Public,Positive,2,No,High School,Near,Male,70,CLG0057,107,8.42,8.34,2,No,10,2,4,No
504,17,87,Medium,Medium,Yes,8,92,Medium,No,3,High,Low,Public,Negative,2,No,College,Near,Male,68,CLG0020,93,7.51,7.91,9,No,0,1,0,No
505,27,67,High,Medium,Yes,10,71,Medium,Yes,1,Low,High,Public,Neutral,3,No,High School,Near,Female,67,CLG0027,84,9.69,9.43,7,Yes,5,3,3,No
506,23,68,High,Medium,Yes,9,55,Medium,Yes,1,Medium,Medium,Public,Positive,3,No,High School,Moderate,Male,65,CLG0001,99,9.79,10.0,1,Yes,3,4,5,No
507,23,98,Medium,High,Yes,7,52,Low,Yes,2,Low,High,Private,Positive,4,Yes,High School,Near,Female,71,CLG0038,95,9.07,8.88,3,No,2,2,5,No
508,16,64,High,Low,Yes,5,65,Medium,Yes,3,Medium,High,Private,Positive,4,No,Postgraduate,Moderate,Female,65,CLG0099,92,6.78,6.3,10,Yes,0,8,3,No
509,17,91,Medium,Medium,Yes,8,66,Medium,Yes,3,Medium,Low,Public,Positive,2,No,College,Near,Male,69,CLG0099,123,5.26,5.45,10,Yes,5,10,1,No
510,28,98,High,Medium,Yes,7,86,Medium,Yes,2,Medium,High,Private,Neutral,2,No,High School,Near,Female,75,CLG0033,78,9.86,9.76,2,No,8,6,0,No
511,22,70,Low,Medium,Yes,6,82,Medium,Yes,1,Low,High,Public,Neutral,3,No,High School,Near,Female,65,CLG0032,106,9.82,9.42,4,Yes,6,8,1,No
512,20,99,Low,Medium,No,6,91,Medium,Yes,2,Medium,Low,Public,Negative,4,No,High School,Near,Male,70,CLG0007,93,5.83,5.35,9,No,0,4,3,No
513,10,64,Medium,High,No,7,64,High,Yes,0,Medium,Medium,Public,Positive,4,Yes,High School,Moderate,Female,60,CLG0097,112,6.26,6.21,1,No,9,9,4,Yes
514,23,76,Medium,High,Yes,8,98,Medium,Yes,0,Medium,Low,Public,Neutral,2,No,Postgraduate,Moderate,Female,69,CLG0026,90,8.07,7.58,10,No,4,4,1,No
515,24,72,High,Low,Yes,8,88,High,Yes,3,Low,Medium,Public,Positive,2,No,High School,Near,Female,68,CLG0037,91,8.5,8.56,5,No,6,6,3,No
516,20,86,Medium,Medium,Yes,8,89,Medium,Yes,1,Low,Medium,Public,Negative,3,No,Postgraduate,Near,Male,69,CLG0022,96,5.02,4.72,4,No,5,8,4,No
517,30,72,Medium,Medium,No,8,84,Medium,Yes,1,Low,High,Private,Positive,1,No,High School,Near,Male,68,CLG0068,95,6.54,6.66,5,No,4,7,1,No
518,17,100,High,High,No,8,63,Low,Yes,1,Low,Medium,Private,Positive,5,No,High School,Near,Male,71,CLG0037,112,6.4,6.89,8,Yes,3,5,0,No
519,24,61,Medium,Medium,No,10,64,Low,Yes,0,Low,Medium,Private,Positive,3,No,High School,Near,Female,62,CLG0099,109,8.97,8.76,1,Yes,9,2,0,No
520,29,71,Medium,Medium,Yes,6,86,Medium,Yes,1,Low,Medium,Public,Positive,2,No,College,Near,Female,69,CLG0085,126,9.17,8.97,7,Yes,9,9,2,Yes
521,16,88,Medium,High,Yes,5,94,High,Yes,4,Medium,Medium,Private,Positive,6,No,College,Moderate,Male,72,CLG0062,64,5.49,5.01,9,Yes,6,2,0,No
522,18,70,Medium,Medium,Yes,4,56,Medium,Yes,1,High,High,Public,Neutral,4,No,High School,Near,Male,65,CLG0012,117,8.66,9.02,10,Yes,2,4,3,Yes
523,14,89,High,Medium,No,6,82,High,Yes,2,Medium,Medium,Public,Negative,4,No,College,Moderate,Female,69,CLG0082,99,5.02,5.16,1,Yes,6,5,3,No
524,11,75,Medium,Medium,No,8,89,Medium,Yes,2,High,High,Private,Positive,4,No,College,Moderate,Male,65,CLG0080,113,7.4,7.88,3,Yes,10,3,1,No
525,17,95,High,Medium,No,5,62,High,Yes,1,Medium,Medium,Private,Positive,3,No,High School,Moderate,Male,69,CLG0063,99,9.6,9.41,8,No,8,3,2,No
526,22,78,High,Medium,No,7,54,Medium,Yes,1,Medium,Medium,Public,Negative,3,Yes,High School,Moderate,Male,65,CLG0011,119,5.97,5.82,7,No,6,2,4,No
527,24,99,High,Medium,No,4,92,Low,Yes,2,High,Medium,Private,Neutral,3,No,High School,Far,Male,72,CLG0027,85,8.26,8.74,2,No,3,9,4,Yes
528,14,79,High,Medium,Yes,6,59,Medium,Yes,5,Medium,High,Public,Positive,3,No,Postgraduate,Far,Male,68,CLG0024,85,6.62,6.65,1,No,10,9,4,No
529,19,65,Medium,High,Yes,8,54,Medium,Yes,0,Low,High,Private,Neutral,3,No,High School,Far,Female,62,CLG0082,99,6.83,7.09,1,Yes,2,7,5,No
530,17,76,Medium,High,No,7,87,High,Yes,1,Medium,High,Public,Positive,4,No,High School,Near,Female,68,CLG0034,115,7.34,7.16,7,No,4,5,1,No
531,20,92,Medium,Low,No,5,86,Low,Yes,0,Medium,Medium,Public,Neutral,2,No,Postgraduate,Moderate,Female,68,CLG0100,85,5.6,5.14,7,No,4,10,4,No
532,12,71,Medium,Medium,Yes,8,65,Medium,Yes,1,Medium,High,Private,Neutral,2,No,High School,Moderate,Male,62,CLG0094,114,6.35,6.63,9,Yes,10,10,2,Yes
533,17,67,Medium,Medium,No,6,59,Medium,Yes,0,Medium,Medium,Public,Negative,3,No,High School,Near,Female,61,CLG0011,130,6.05,6.01,6,No,5,2,3,No
534,26,97,Medium,Low,No,5,79,High,Yes,2,Low,Low,Private,Positive,3,No,High School,Near,Female,71,CLG0025,101,7.05,7.48,7,Yes,4,1,4,No
535,2,67,Medium,Medium,No,6,73,Low,Yes,1,Low,Medium,Private,Positive,2,No,College,Moderate,Male,58,CLG0077,115,8.91,8.69,1,No,10,6,1,No
536,31,71,Low,High,Yes,7,66,Medium,Yes,3,Low,Medium,Private,Negative,1,No,High School,Near,Male,67,CLG0027,111,9.51,9.04,7,Yes,4,10,2,Yes
537,36,71,Medium,Medium,Yes,6,56,Medium,Yes,2,High,Medium,Public,Positive,2,No,High School,Far,Male,69,CLG0029,92,6.88,6.62,10,Yes,3,10,1,No
538,24,80,Medium,Medium,Yes,7,69,Low,Yes,0,Medium,High,Private,Positive,3,No,College,Far,Male,67,CLG0084,101,5.18,4.82,10,No,3,5,4,No
539,32,100,Low,High,Yes,5,67,Medium,No,4,Medium,Medium,Public,Positive,3,No,High School,Far,Male,74,CLG0073,99,5.52,5.95,8,Yes,1,10,4,No
540,34,61,Medium,Medium,Yes,6,67,High,Yes,1,High,Medium,Private,Neutral,2,No,Postgraduate,Moderate,Male,68,CLG0043,110,6.78,7.07,6,No,6,5,4,No
541,20,82,Low,Medium,No,8,85,Low,Yes,1,Medium,High,Private,Neutral,3,Yes,Postgraduate,Near,Female,66,CLG0066,120,7.72,7.64,2,No,6,5,4,No
542,25,85,High,High,No,8,50,High,Yes,1,High,Medium,Public,Neutral,1,No,College,Moderate,Female,70,CLG0056,92,6.96,7.16,10,No,5,1,4,No
543,13,77,Medium,Medium,Yes,10,55,Low,Yes,2,Low,Medium,Private,Positive,3,No,College,Moderate,Male,63,CLG0030,99,6.54,6.5,6,No,10,8,2,No
544,30,91,High,Medium,No,9,62,Low,Yes,3,Low,High,Public,Negative,4,No,Postgraduate,Near,Female,73,CLG0097,101,8.69,8.29,6,No,9,5,4,No
545,21,84,Low,Medium,No,7,97,Medium,Yes,2,Low,Low,Public,Neutral,4,No,High School,Moderate,Female,67,CLG0002,119,7.81,7.77,6,Yes,8,4,5,No
546,34,91,Low,Medium,No,7,95,Medium,No,1,Medium,Medium,Public,Negative,3,Yes,College,Moderate,Male,70,CLG0022,99,5.28,5.19,4,No,1,9,0,No
547,23,95,Medium,Medium,Yes,8,94,Medium,Yes,1,Medium,Medium,Public,Positive,4,No,High School,Near,Male,73,CLG0046,96,6.14,6.29,9,No,4,7,2,No
548,20,79,High,Low,Yes,7,91,High,No,2,Low,Medium,Private,Negative,4,Yes,College,Moderate,Male,66,CLG0032,110,9.13,8.99,2,No,3,2,4,No
549,20,75,Medium,Low,Yes,6,59,Medium,Yes,2,Medium,Medium,Public,Negative,1,No,Postgraduate,Moderate,Male,64,CLG0059,82,8.87,9.04,2,Yes,9,8,2,Yes
550,20,94,Low,Medium,No,7,69,Low,Yes,0,Low,Medium,Public,Positive,3,Yes,High School,Moderate,Female,65,CLG0022,88,5.2,5.23,7,Yes,10,6,2,No
551,13,89,Low,High,Yes,6,98,Medium,Yes,0,Medium,Medium,Private,Negative,4,No,High School,Near,Male,67,CLG0010,80,8.21,7.97,8,Yes,1,1,0,No
552,19,92,Medium,Medium,Yes,7,89,Medium,No,0,Low,High,Private,Neutral,2,No,Postgraduate,Near,Male,69,CLG0010,114,6.11,6.52,8,No,6,2,4,No
553,15,67,Medium,Medium,Yes,7,86,High,Yes,1,High,Medium,Private,Positive,3,No,Postgraduate,Near,Male,66,CLG0078,112,8.8,8.63,4,No,3,7,1,No
554,23,74,High,High,No,7,76,Medium,Yes,1,Medium,Low,Public,Neutral,2,No,College,Moderate,Female,67,CLG0069,105,9.77,9.93,4,No,3,1,4,No
555,35,64,Medium,Low,No,6,85,High,Yes,2,Medium,High,Private,Neutral,2,No,High School,Moderate,Male,68,CLG0043,105,8.47,8.78,8,Yes,1,4,5,No
556,25,70,Medium,Medium,Yes,7,51,High,Yes,3,Low,Medium,Public,Positive,4,No,High School,Moderate,Male,66,CLG0073,79,7.07,7.24,4,Yes,0,9,4,No
557,17,65,Medium,Medium,No,5,62,Medium,Yes,2,Medium,Medium,Public,Positive,4,No,High School,Near,Female,63,CLG0094,104,9.52,9.17,4,No,7,9,3,Yes
558,17,68,Medium,Medium,No,7,99,Medium,Yes,1,Medium,Low,Private,Neutral,1,No,Postgraduate,Near,Male,65,CLG0022,113,6.63,6.37,3,No,0,9,3,Yes
559,14,96,Medium,Low,Yes,9,69,High,Yes,0,Medium,Medium,Private,Negative,3,Yes,College,Near,Female,66,CLG0052,116,5.27,5.69,5,Yes,6,1,4,No
560,35,67,High,High,Yes,6,77,Low,Yes,1,Low,Medium,Public,Positive,3,No,College,Near,Male,71,CLG0084,115,7.03,7.38,2,Yes,10,5,2,No
561,33,67,High,Medium,Yes,6,86,Medium,Yes,4,Medium,High,Public,Positive,3,Yes,High School,Near,Female,71,CLG0094,112,7.27,7.23,1,Yes,9,6,1,No
562,24,67,High,High,Yes,9,86,Medium,Yes,2,Medium,Medium,Public,Negative,2,No,College,Near,Female,68,CLG0056,104,9.49,9.85,5,No,9,2,3,No
563,19,81,Low,Medium,Yes,8,96,High,Yes,0,Medium,High,Public,Neutral,4,No,Postgraduate,Near,Male,69,CLG0034,111,6.99,7.31,7,Yes,4,7,5,No
564,24,72,Medium,Medium,Yes,7,82,High,Yes,2,Medium,Medium,Private,Positive,4,No,High School,Far,Male,67,CLG0028,81,5.05,5.48,8,No,5,9,2,No
565,17,67,High,Low,No,10,71,Medium,Yes,1,Medium,Medium,Public,Positive,3,No,High School,Near,Male,63,CLG0024,96,7.74,8.23,10,Yes,6,6,2,No
566,10,89,Low,Low,Yes,8,69,Low,Yes,3,Low,Medium,Public,Negative,4,No,College,Moderate,Male,63,CLG0061,95,7.14,7.4,7,Yes,1,4,0,No
567,19,61,Medium,High,Yes,8,84,High,Yes,2,Medium,High,Public,Positive,4,No,High School,Near,Male,66,CLG0013,85,6.47,6.73,9,No,2,10,3,No
568,22,91,Medium,Low,No,4,81,Medium,Yes,2,Low,High,Private,Negative,3,No,High School,Near,Male,68,CLG0067,83,9.41,9.83,4,No,0,1,3,No
569,20,89,Low,Low,Yes,6,74,Low,Yes,1,Medium,Low,Private,Positive,3,No,Postgraduate,Far,Male,66,CLG0093,75,6.81,6.58,7,Yes,2,6,5,No
570,27,96,High,Low,Yes,7,84,Medium,Yes,1,High,Medium,Public,Neutral,3,No,College,Near,Male,74,CLG0065,103,6.49,6.08,10,No,1,7,0,No
571,4,84,Medium,Medium,Yes,6,70,Medium,Yes,5,Medium,High,Private,Neutral,4,No,High School,Near,Male,65,CLG0084,104,7.48,7.11,2,No,9,8,1,No
572,23,76,Low,High,Yes,7,96,Low,Yes,2,Medium,Medium,Private,Neutral,4,No,High School,Near,Female,68,CLG0019,88,6.41,6.86,1,Yes,10,7,3,No
573,16,85,Low,Medium,No,7,85,High,Yes,1,Medium,High,Public,Neutral,2,No,High School,Near,Male,66,CLG0078,99,6.73,6.3,10,No,3,7,1,No
574,34,93,High,Medium,Yes,6,93,High,Yes,2,Low,High,Public,Neutral,4,No,High School,Near,Male,77,CLG0051,111,5.73,5.92,1,Yes,8,3,3,No
575,26,69,High,Medium,No,9,55,Low,Yes,1,Low,Medium,Public,Neutral,3,No,College,Near,Male,66,CLG0025,85,9.34,8.93,2,No,3,5,5,No
576,22,74,High,High,Yes,6,73,Low,Yes,3,High,High,Public,Positive,4,No,Postgraduate,Moderate,Female,71,CLG0048,120,9.74,10.04,3,No,3,2,1,No
577,15,76,High,High,Yes,9,76,Medium,Yes,1,Medium,High,Public,Neutral,2,No,Postgraduate,Far,Female,67,CLG0043,107,9.34,9.12,10,Yes,0,7,4,No
578,9,87,Low,Medium,Yes,6,64,Medium,Yes,1,High,Medium,Public,Neutral,2,No,High School,Near,Female,64,CLG0014,90,9.61,9.21,10,No,6,6,1,No
579,20,62,Low,Medium,No,8,79,High,Yes,2,Low,Medium,Public,Positive,1,No,High School,Near,Female,62,CLG0057,100,6.09,5.94,7,No,2,10,5,No
580,17,99,Medium,Medium,No,5,67,Low,Yes,2,Medium,Medium,Private,Neutral,4,No,Postgraduate,Far,Male,69,CLG0091,100,9.15,9.4,2,No,1,6,0,No
581,18,66,Medium,Medium,Yes,7,89,High,Yes,4,Low,Medium,Public,Positive,3,Yes,High School,Near,Male,65,CLG0098,102,5.54,5.48,1,Yes,1,4,4,No
582,27,64,Medium,Medium,Yes,7,77,High,Yes,3,High,Medium,Public,Neutral,4,No,High School,Moderate,Male,68,CLG0074,85,6.66,6.91,3,Yes,8,6,3,No
583,18,69,Medium,Medium,Yes,6,84,Medium,Yes,2,Low,Medium,Public,Positive,4,No,High School,Near,Male,65,CLG0057,131,9.16,9.6,2,Yes,9,4,5,Yes
584,30,94,Medium,Medium,No,8,52,Medium,Yes,1,Medium,Low,Public,Neutral,4,No,High School,Near,Female,71,CLG0010,95,6.09,6.39,4,Yes,9,6,5,No
585,18,77,High,Medium,No,10,85,Low,Yes,2,Medium,Medium,Public,Positive,3,No,Postgraduate,Near,Female,68,CLG0082,61,6.08,6.2,7,Yes,8,4,5,No
586,30,61,High,High,No,10,64,Low,Yes,4,Medium,Medium,Public,Positive,2,No,Postgraduate,Moderate,Male,69,CLG0008,97,7.31,6.87,10,No,7,8,2,No
587,12,77,Low,Low,Yes,7,85,Medium,Yes,1,Medium,Medium,Public,Positive,3,No,College,Far,Male,62,CLG0098,112,5.41,5.9,10,Yes,0,7,2,No
588,17,97,Medium,High,No,9,96,High,Yes,0,High,Medium,Public,Negative,1,No,Postgraduate,Near,Male,71,CLG0024,85,6.35,6.6,3,Yes,8,1,1,No
589,18,87,Medium,High,Yes,5,84,Medium,Yes,2,Medium,Low,Private,Positive,4,No,Postgraduate,Near,Male,71,CLG0093,115,9.16,9.49,6,No,3,1,5,Yes
590,11,93,Medium,Medium,Yes,6,72,Low,Yes,2,Low,Medium,Public,Negative,3,No,College,Moderate,Male,66,CLG0050,96,8.87,8.52,1,Yes,0,3,5,No
591,21,80,Medium,High,No,7,75,High,Yes,3,Medium,High,Private,Neutral,2,No,High School,Far,Male,69,CLG0083,124,8.53,8.22,9,Yes,8,5,2,Yes
592,12,95,Low,Medium,Yes,4,82,High,Yes,2,Low,Medium,Public,Negative,3,No,High School,Moderate,Male,66,CLG0033,103,9.9,9.42,7,Yes,10,3,4,No
593,15,60,Low,High,No,7,91,Low,Yes,0,Low,Medium,Private,Negative,2,No,College,Far,Male,59,CLG0095,108,6.91,7.05,1,No,1,3,3,No
594,22,82,High,Medium,No,7,68,High,Yes,2,Low,Medium,Private,Neutral,4,No,Postgraduate,Near,Male,70,CLG0054,109,8.27,7.79,2,No,8,5,1,No
595,18,65,Medium,Medium,Yes,6,53,Medium,Yes,1,Medium,Medium,Private,Positive,3,Yes,Postgraduate,Near,Male,63,CLG0073,100,9.75,9.73,8,No,8,7,4,No
596,1,69,High,Medium,Yes,6,97,Medium,Yes,1,Low,Medium,Public,Positive,3,No,High School,Near,Female,61,CLG0093,99,6.89,6.85,6,No,7,4,5,No
597,23,71,Medium,High,No,8,50,Medium,Yes,0,High,Medium,Public,Positive,2,No,High School,Far,Female,64,CLG0080,98,7.34,7.74,3,Yes,5,7,3,No
598,24,98,High,Low,No,8,66,High,Yes,2,Low,Medium,Public,Positive,1,No,High School,Moderate,Male,71,CLG0030,107,6.61,6.28,8,No,8,8,4,No
599,22,67,Low,Medium,Yes,6,71,Low,Yes,1,Medium,High,Public,Neutral,4,No,College,Moderate,Male,64,CLG0030,119,5.3,5.27,8,Yes,2,2,1,No
600,29,76,Medium,Medium,No,8,96,Low,Yes,2,Low,Medium,Public,Positive,2,No,Postgraduate,Moderate,Male,94,CLG0039,121,5.85,5.61,5,Yes,5,4,2,No
601,24,91,Medium,Low,Yes,9,76,High,Yes,1,Low,Low,Public,Positive,4,No,College,Near,Female,70,CLG0026,96,7.7,7.63,5,No,9,9,5,No
602,21,83,High,Medium,Yes,6,81,Low,Yes,3,High,Medium,Public,Negative,4,No,Postgraduate,Moderate,Male,71,CLG0077,82,8.88,8.85,8,No,9,7,3,No
603,17,78,Medium,Medium,Yes,6,88,Medium,Yes,1,Medium,High,Private,Positive,3,No,College,Near,Female,68,CLG0028,95,6.41,6.08,3,Yes,0,7,4,No
604,22,93,High,Medium,No,9,79,Medium,Yes,2,Medium,High,Public,Positive,2,No,Postgraduate,Near,Female,73,CLG0018,95,5.37,5.85,8,No,4,5,5,No
605,12,65,Low,Medium,Yes,6,64,Medium,Yes,1,Medium,Medium,Public,Positive,3,No,College,Near,Female,61,CLG0034,102,9.54,9.86,6,No,6,9,0,No
606,24,95,Medium,High,Yes,8,86,High,Yes,1,Medium,High,Private,Neutral,3,No,College,Near,Male,74,CLG0043,84,5.11,4.96,6,No,7,5,1,No
607,16,92,Medium,Low,No,9,71,High,Yes,2,Low,Medium,Private,Neutral,2,No,High School,Moderate,Female,66,CLG0051,117,8.41,8.41,3,Yes,2,9,0,Yes
608,22,80,Medium,High,No,7,63,Medium,Yes,1,High,Medium,Public,Positive,3,No,College,Near,Male,69,CLG0045,100,9.75,10.19,3,Yes,7,3,5,No
609,15,86,High,Medium,Yes,9,68,High,Yes,0,Medium,Low,Public,Neutral,3,No,High School,Near,Male,67,CLG0058,79,8.71,8.38,6,No,4,4,0,No
610,16,62,Low,Medium,No,8,74,Medium,Yes,2,High,High,Private,Neutral,3,No,High School,Moderate,Male,62,CLG0026,142,8.2,8.63,4,No,1,7,2,Yes
611,17,83,Medium,Low,Yes,8,69,Low,Yes,4,Low,High,Public,Neutral,3,No,College,Near,Male,67,CLG0067,69,9.15,9.64,5,No,1,10,3,Yes
612,20,84,Medium,Medium,Yes,10,62,High,Yes,1,Medium,Medium,Public,Neutral,2,No,College,Moderate,Male,67,CLG0095,93,7.17,7.25,3,Yes,10,9,5,No
613,16,71,Medium,High,No,9,69,Medium,Yes,1,Low,Medium,Public,Neutral,4,No,Postgraduate,Near,Female,65,CLG0001,101,7.17,6.96,1,No,3,7,1,No
614,24,70,Medium,Medium,Yes,7,71,Medium,Yes,1,Medium,Low,Public,Negative,4,No,High School,Near,Male,65,CLG0001,97,7.07,7.02,1,No,0,5,0,No
615,22,66,Medium,Medium,No,6,63,High,Yes,1,Low,Medium,Private,Neutral,5,No,Postgraduate,Far,Male,64,CLG0020,79,5.13,5.06,2,No,3,2,1,No
616,26,60,Medium,Medium,Yes,7,94,High,Yes,3,High,Medium,Public,Positive,2,No,High School,Moderate,Female,68,CLG0089,91,5.47,5.8,1,Yes,3,9,1,No
617,13,84,Medium,Medium,Yes,8,58,High,Yes,2,Low,Low,Public,Neutral,3,No,Postgraduate,Near,Female,66,CLG0047,113,5.93,5.56,10,No,2,9,5,Yes
618,31,61,Medium,Medium,No,4,79,Medium,Yes,0,Low,Low,Public,Positive,3,No,High School,Moderate,Female,65,CLG0016,106,8.61,8.94,5,No,1,3,2,No
619,15,81,Medium,High,Yes,7,90,High,Yes,1,Low,Medium,Private,Positive,2,No,Postgraduate,Far,Female,68,CLG0027,94,5.27,4.89,1,No,4,10,2,No
620,18,96,High,Medium,Yes,10,65,Low,Yes,3,Medium,Medium,Public,Positive,2,No,College,Moderate,Female,71,CLG0095,132,9.0,8.63,3,No,1,6,4,Yes
621,19,65,Medium,Low,Yes,5,65,High,Yes,1,High,Medium,Public,Positive,6,No,College,Moderate,Female,64,CLG0046,77,7.18,7.2,10,No,5,6,4,No
622,27,92,Medium,Medium,Yes,7,81,Medium,Yes,0,Low,Medium,Public,Negative,1,No,College,Near,Male,70,CLG0016,100,7.24,7.43,9,Yes,7,7,1,No
623,13,60,Medium,Medium,Yes,6,66,Medium,Yes,1,Medium,High,Public,Positive,5,Yes,College,Moderate,Male,61,CLG0038,109,5.89,5.73,8,No,7,7,3,No
624,31,76,Medium,High,Yes,9,91,Medium,Yes,1,Low,Medium,Private,Neutral,4,No,Postgraduate,Near,Male,72,CLG0086,98,7.64,7.31,10,Yes,10,8,0,No
625,19,63,Low,High,No,7,94,Medium,Yes,1,Medium,Medium,Private,Positive,3,No,High School,Moderate,Male,64,CLG0064,107,8.73,9.21,3,No,10,10,2,Yes
626,18,83,High,Medium,No,5,80,High,Yes,1,High,High,Public,Positive,2,No,College,Near,Male,70,CLG0014,121,6.06,6.44,6,Yes,0,4,3,No
627,20,80,Medium,High,Yes,7,58,Low,No,0,Medium,Medium,Public,Neutral,2,No,College,Near,Female,65,CLG0030,94,7.29,7.29,4,No,3,6,4,No
628,19,77,Medium,Low,No,9,57,Low,Yes,4,Medium,Medium,Public,Neutral,3,Yes,High School,Near,Female,64,CLG0092,94,9.41,9.8,10,No,0,10,3,Yes
629,29,76,Medium,Low,Yes,9,72,Medium,Yes,1,High,Medium,Public,Positive,3,No,High School,Near,Male,69,CLG0075,97,6.68,6.55,3,Yes,7,9,0,No
630,24,81,Low,Medium,Yes,6,61,Low,Yes,3,Medium,Medium,Public,Positive,3,No,Postgraduate,Near,Male,69,CLG0054,95,7.95,7.75,8,No,3,2,2,No
631,18,79,Medium,High,Yes,6,96,Medium,Yes,3,Medium,Low,Public,Positive,3,Yes,Postgraduate,Near,Male,69,CLG0094,66,8.75,8.77,5,No,10,6,5,No
632,12,75,Medium,High,Yes,7,58,Medium,Yes,3,Medium,Medium,Private,Positive,4,No,College,Near,Male,66,CLG0033,122,6.2,6.09,6,No,6,3,2,No
633,17,82,Medium,Medium,Yes,7,59,Medium,Yes,3,Medium,Medium,Public,Positive,4,No,College,Near,Male,68,CLG0025,98,5.53,5.9,9,No,0,2,0,No
634,19,81,High,Medium,No,7,100,Medium,Yes,1,Low,Medium,Private,Negative,5,No,Postgraduate,Moderate,Female,68,CLG0083,105,9.49,9.63,10,No,5,2,5,No
635,19,99,Low,Low,No,8,79,High,Yes,3,Medium,Medium,Private,Positive,4,No,High School,Near,Male,70,CLG0036,98,6.08,5.77,3,No,2,10,2,No
636,19,98,Medium,High,Yes,5,76,Medium,Yes,2,Medium,Medium,Private,Positive,3,No,High School,Moderate,Male,72,CLG0036,81,7.98,8.22,8,Yes,2,9,5,Yes
637,20,94,Medium,Medium,No,7,89,Medium,Yes,0,Low,Medium,Private,Neutral,1,No,High School,Near,Male,68,CLG0028,97,5.17,4.93,6,No,2,3,1,No
638,23,60,High,Medium,Yes,8,69,Medium,Yes,1,Low,Medium,Private,Positive,4,No,College,Near,Male,66,CLG0086,100,8.84,8.84,6,No,4,9,4,Yes
639,13,97,Medium,Medium,Yes,8,81,Medium,Yes,3,Low,Medium,Public,Neutral,1,No,High School,Far,Male,68,CLG0098,112,6.86,7.04,7,Yes,1,4,1,No
640,10,81,Medium,Low,Yes,7,85,Low,Yes,1,Low,Medium,Public,Neutral,2,No,College,Near,Male,63,CLG0087,99,5.19,5.5,9,Yes,4,4,5,No
641,17,79,Medium,High,Yes,8,84,Medium,Yes,0,Medium,Medium,Public,Neutral,2,No,High School,Moderate,Male,66,CLG0082,81,6.69,7.13,8,Yes,4,1,4,No
642,16,86,Low,Medium,Yes,8,63,Medium,Yes,2,Medium,Medium,Public,Positive,4,No,High School,Near,Male,67,CLG0032,113,5.32,5.68,2,No,5,8,4,Yes
643,24,88,High,Medium,Yes,6,87,Medium,Yes,1,High,Low,Private,Positive,3,No,High School,Near,Female,72,CLG0056,83,5.53,5.52,10,No,3,1,5,No
644,24,83,High,Medium,Yes,7,52,High,Yes,1,Medium,High,Public,Positive,4,No,College,Near,Female,71,CLG0075,80,7.76,7.36,9,No,9,10,4,No
645,30,78,Medium,High,Yes,10,97,Medium,Yes,1,Low,Low,Private,Positive,2,No,High School,Far,Male,70,CLG0099,101,6.64,6.34,9,Yes,3,3,2,No
646,12,70,Medium,High,No,5,53,Medium,Yes,2,Low,Medium,Private,Positive,3,No,College,Near,Male,63,CLG0016,116,7.88,8.18,10,Yes,1,7,5,Yes
647,16,67,High,Medium,Yes,6,88,Medium,Yes,0,High,Low,Public,Neutral,3,No,College,Near,Male,65,CLG0086,107,7.61,7.56,2,No,7,6,4,No
648,18,79,Medium,Medium,Yes,7,79,Medium,Yes,0,Low,High,Private,Neutral,3,No,College,Far,Male,65,CLG0067,89,9.4,9.0,7,No,0,5,4,No
649,21,65,Medium,High,Yes,6,91,High,Yes,1,Medium,High,Public,Positive,3,No,High School,Moderate,Male,67,CLG0039,69,7.19,7.59,4,Yes,0,4,0,No
650,29,96,Medium,High,Yes,8,95,Medium,Yes,0,High,Medium,Private,Positive,2,No,High School,Near,Female,75,CLG0005,104,7.58,7.93,7,Yes,9,2,5,No
651,19,86,High,Medium,No,8,78,Medium,Yes,2,Medium,Medium,Public,Negative,4,No,College,Near,Female,69,CLG0081,110,6.72,6.32,8,No,5,10,2,No
652,30,88,Medium,Medium,No,9,91,Medium,Yes,3,Medium,Low,Public,Positive,3,No,High School,Near,Female,73,CLG0003,94,5.18,4.99,9,No,7,2,1,No
653,16,83,Medium,Medium,Yes,7,60,Medium,Yes,0,High,Medium,Public,Positive,1,No,College,Moderate,Female,66,CLG0074,126,7.17,7.61,2,No,4,1,5,No
654,25,70,Medium,Medium,Yes,7,79,Low,Yes,3,High,Medium,Public,Neutral,3,No,High School,Near,Male,68,CLG0046,91,9.77,10.11,6,No,10,1,4,No
655,20,92,Medium,Low,No,10,69,Medium,Yes,0,Low,Medium,Public,Positive,2,No,Postgraduate,Far,Male,67,CLG0097,120,6.09,5.69,7,Yes,7,10,1,No
656,19,94,Medium,Low,No,4,76,Medium,Yes,4,Low,High,Private,Negative,3,No,High School,Moderate,Female,68,CLG0082,106,9.61,9.16,1,No,6,9,3,Yes
657,26,72,Medium,Low,No,7,72,Low,Yes,2,Medium,Low,Public,Neutral,4,No,High School,Near,Female,65,CLG0037,122,9.96,9.52,9,Yes,0,5,3,Yes
658,35,86,Low,Medium,No,8,59,Medium,Yes,2,Low,Low,Public,Positive,2,No,College,Moderate,Female,70,CLG0065,91,6.98,6.54,7,No,5,8,2,No
659,12,96,High,High,No,5,88,High,Yes,0,Medium,Medium,Private,Positive,2,No,College,Moderate,Female,70,CLG0020,120,5.92,5.88,2,No,10,10,5,Yes
660,19,97,Low,Medium,Yes,8,98,Low,Yes,1,Medium,Medium,Public,Positive,3,No,College,Near,Female,71,CLG0063,107,9.36,9.68,6,Yes,0,9,4,Yes
661,23,73,Medium,High,No,10,85,Medium,Yes,1,Low,Medium,Public,Neutral,3,No,College,Near,Male,67,CLG0012,87,8.06,7.96,5,No,3,6,5,No
662,19,99,High,Medium,Yes,8,84,High,Yes,0,High,Medium,Public,Positive,4,No,High School,Near,Female,73,CLG0001,99,6.09,5.89,9,Yes,6,2,0,No
663,23,94,Medium,High,Yes,9,61,Medium,No,0,Medium,Medium,Public,Negative,1,Yes,Postgraduate,Moderate,Female,68,CLG0077,122,8.74,8.34,6,No,2,4,5,Yes
664,30,79,Medium,High,No,7,78,Medium,No,3,High,High,Private,Positive,2,No,Postgraduate,Moderate,Female,72,CLG0035,84,7.05,7.25,5,Yes,6,6,5,No
665,19,71,High,Medium,Yes,7,99,Low,Yes,0,Low,High,Public,Negative,4,No,High School,Moderate,Female,65,CLG0093,124,5.34,5.36,10,No,6,4,2,No
666,19,96,Medium,High,Yes,5,67,Medium,Yes,4,High,Medium,Private,Neutral,1,No,High School,Moderate,Male,72,CLG0062,87,7.44,7.24,1,Yes,4,3,2,No
667,24,73,High,Medium,Yes,7,70,Medium,Yes,0,High,Medium,Public,Negative,3,No,Postgraduate,Near,Female,68,CLG0072,110,6.79,6.67,2,Yes,7,2,5,No
668,30,73,High,Medium,Yes,8,100,Medium,Yes,2,High,High,Public,Neutral,2,No,High School,Near,Female,72,CLG0008,76,9.7,9.96,6,Yes,4,10,3,Yes
669,25,70,Medium,Medium,Yes,4,72,Medium,Yes,0,Low,Low,Public,Neutral,4,No,College,Moderate,Male,65,CLG0020,103,7.87,7.51,2,Yes,7,10,2,No
670,20,100,Medium,Medium,Yes,8,91,Medium,Yes,3,Low,Medium,Public,Positive,3,No,High School,Near,Male,72,CLG0080,95,5.67,5.58,8,No,0,10,2,No
671,18,69,High,Medium,Yes,8,65,Medium,Yes,4,Medium,Medium,Public,Neutral,4,No,High School,Far,Male,65,CLG0074,94,7.76,7.34,2,No,6,10,2,No
672,20,98,Medium,Medium,Yes,6,64,Medium,Yes,1,High,High,Private,Positive,3,No,Postgraduate,Moderate,Male,72,CLG0089,99,5.78,5.39,10,Yes,5,2,5,No
673,15,78,Medium,Medium,No,5,73,Medium,Yes,0,High,High,Private,Positive,1,Yes,College,Near,Male,64,CLG0015,97,6.72,6.9,6,No,7,3,3,No
674,22,65,Medium,Medium,Yes,7,95,Low,Yes,3,Low,Medium,Public,Positive,2,No,High School,Moderate,Female,65,CLG0075,98,6.47,6.97,5,Yes,8,5,3,No
675,13,71,Medium,Medium,Yes,10,99,Medium,Yes,0,Low,Medium,Public,Neutral,3,No,Postgraduate,Near,Male,64,CLG0076,109,5.35,5.43,1,Yes,10,7,3,No
676,19,87,Medium,Medium,Yes,7,75,Medium,Yes,2,Low,Low,Public,Negative,3,No,High School,Moderate,Female,67,CLG0079,104,8.89,8.61,7,No,4,2,0,No
677,18,92,Medium,Medium,No,4,88,Medium,Yes,3,High,Medium,Public,Neutral,2,No,High School,Moderate,Male,69,CLG0045,113,9.76,10.1,1,Yes,1,3,3,Yes
678,27,71,Medium,Medium,Yes,9,51,Medium,No,3,High,Medium,Public,Neutral,1,No,College,Far,Female,66,CLG0081,104,5.33,5.4,10,No,6,10,0,No
679,18,74,Medium,Medium,No,6,85,Medium,Yes,4,Medium,Medium,Private,Negative,3,No,College,Moderate,Female,66,CLG0025,101,8.81,8.53,2,No,3,2,5,No
680,26,88,Low,Low,No,10,67,Low,Yes,0,Low,Low,Private,Positive,3,No,High School,Far,Male,65,CLG0076,103,5.97,6.32,5,No,2,10,5,No
681,10,97,Low,High,No,8,72,High,Yes,0,Low,Medium,Public,Neutral,3,No,Postgraduate,Moderate,Female,67,CLG0074,104,7.28,6.85,10,Yes,10,3,4,No
682,19,67,Medium,Low,No,8,96,High,No,1,High,Low,Public,Positive,3,No,College,Near,Male,64,CLG0097,92,6.47,6.33,9,No,7,8,5,No
683,20,65,Medium,Low,No,6,74,Low,Yes,0,Medium,Medium,Private,Positive,3,No,College,Moderate,Male,62,CLG0076,94,9.24,9.52,10,No,3,9,4,Yes
684,39,78,Medium,Medium,No,6,73,Medium,Yes,0,Low,Medium,Public,Positive,2,No,College,Far,Male,70,CLG0082,125,9.6,9.15,8,No,6,3,1,No
685,20,73,Medium,Medium,Yes,7,91,Low,Yes,1,Medium,High,Public,Neutral,2,No,Postgraduate,Moderate,Male,66,CLG0027,103,5.21,5.36,4,Yes,1,7,2,No
686,15,84,Medium,Low,Yes,9,67,Medium,Yes,1,Medium,High,Private,Negative,3,No,College,Moderate,Male,65,CLG0072,96,5.07,4.67,9,No,4,4,0,No
687,21,81,Low,Medium,Yes,8,61,High,Yes,3,Medium,Low,Public,Negative,5,No,High School,Moderate,Female,66,CLG0056,93,9.06,8.92,8,Yes,7,1,3,No
688,22,73,Low,Medium,Yes,9,72,Low,Yes,3,Medium,Medium,Public,Positive,3,No,High School,Near,Female,66,CLG0010,84,9.66,9.48,6,Yes,3,3,1,No
689,18,71,Low,Low,No,7,80,Medium,Yes,1,Medium,Low,Public,Neutral,4,No,Postgraduate,Moderate,Female,63,CLG0034,98,6.23,6.42,6,No,0,6,2,No
690,28,94,Medium,Low,Yes,5,80,Medium,Yes,2,High,Medium,Public,Negative,2,No,High School,Moderate,Female,71,CLG0096,77,9.97,10.35,6,Yes,1,3,2,No
691,7,73,Medium,Medium,Yes,7,75,Medium,Yes,1,High,High,Private,Positive,3,No,College,Near,Male,64,CLG0059,93,7.93,8.16,7,No,6,6,4,No
692,26,82,Low,Low,Yes,9,74,High,Yes,2,Medium,Medium,Public,Negative,5,No,High School,Moderate,Female,68,CLG0042,94,8.92,8.84,10,Yes,2,8,0,No
693,8,80,High,Medium,No,6,86,Medium,Yes,2,Low,Medium,Public,Neutral,3,No,High School,Near,Male,64,CLG0098,89,5.3,5.39,5,Yes,7,5,3,No
694,22,70,Medium,High,Yes,8,75,High,Yes,0,Medium,Medium,Private,Positive,3,No,Postgraduate,Near,Male,68,CLG0096,120,9.85,9.4,8,No,0,10,2,Yes
695,30,94,Medium,Low,No,5,52,Low,No,3,High,Medium,Private,Neutral,2,No,Postgraduate,Moderate,Female,70,CLG0049,111,9.72,10.11,9,No,4,1,0,No
696,22,75,High,Medium,Yes,8,84,Low,Yes,3,High,Medium,Public,Negative,3,No,College,Near,Male,69,CLG0059,78,5.95,5.58,7,No,4,2,0,No
697,23,97,Medium,Medium,Yes,9,96,Medium,Yes,2,Medium,High,Private,Neutral,4,No,College,Near,Male,74,CLG0061,103,8.74,8.42,2,Yes,10,3,1,No
698,21,85,High,High,Yes,6,74,Medium,Yes,2,Medium,Medium,Public,Neutral,4,No,High School,Near,Female,71,CLG0020,84,5.28,5.39,8,No,4,5,4,No
699,9,69,Low,Medium,Yes,7,80,Medium,Yes,1,Medium,Medium,Private,Neutral,3,No,College,Moderate,Male,61,CLG0026,112,8.41,8.86,8,No,0,2,3,Yes
700,21,65,Medium,Low,Yes,5,98,High,No,2,Low,Medium,Private,Positive,4,No,Postgraduate,Near,Male,66,CLG0042,115,6.99,7.26,9,No,4,2,2,No
701,28,76,Medium,Medium,No,9,91,Medium,Yes,0,Low,High,Private,Neutral,3,No,High School,Moderate,Male,68,CLG0007,87,5.65,5.2,3,Yes,10,7,0,No
702,21,87,Low,Medium,No,7,65,High,Yes,2,Medium,Medium,Public,Negative,3,Yes,College,Near,Male,67,CLG0029,98,9.2,9.41,1,No,7,5,0,No
703,17,81,Medium,Medium,No,6,82,Medium,Yes,3,Low,Medium,Private,Neutral,4,No,College,Near,Male,67,CLG0026,87,7.1,7.09,1,No,1,10,3,No
704,22,84,Low,High,Yes,5,95,Medium,Yes,2,Low,High,Public,Neutral,3,No,High School,Moderate,Male,69,CLG0061,129,9.63,9.24,8,No,4,7,4,Yes
705,15,92,Medium,Medium,Yes,7,51,Medium,Yes,1,High,High,Public,Positive,3,No,College,Near,Female,69,CLG0076,84,8.7,8.79,6,Yes,2,8,1,No
706,23,60,High,Medium,Yes,9,56,Low,No,0,Low,Medium,Private,Negative,4,No,High School,Moderate,Female,61,CLG0024,77,7.33,7.24,6,Yes,2,7,0,No
707,23,93,Medium,Medium,Yes,6,97,Low,No,1,Medium,Medium,Public,Positive,2,No,College,Moderate,Male,70,CLG0051,86,7.61,7.99,7,Yes,6,7,0,No
708,22,87,Medium,High,Yes,7,75,Medium,Yes,0,Medium,High,Public,Positive,2,Yes,College,Near,Female,70,CLG0037,98,7.58,7.47,10,No,10,6,4,No
709,26,68,Medium,High,Yes,8,90,Medium,Yes,4,Low,High,Private,Neutral,3,No,High School,Near,Male,70,CLG0028,101,7.62,7.3,1,Yes,0,5,2,No
710,25,75,Low,High,Yes,8,96,High,Yes,1,Low,Medium,Private,Neutral,0,No,College,Near,Male,68,CLG0100,73,7.5,7.68,8,No,7,1,0,No
711,14,94,Low,Low,Yes,7,85,Low,Yes,1,High,Medium,Public,Neutral,3,No,High School,Moderate,Female,66,CLG0069,96,6.5,6.61,6,No,9,10,3,No
712,16,80,High,Low,No,9,58,Low,Yes,0,Medium,Medium,Public,Neutral,2,No,High School,Near,Female,63,CLG0061,109,9.46,9.41,5,Yes,5,7,5,No
713,12,68,High,Low,No,6,52,Low,Yes,5,High,High,Public,Neutral,3,No,College,Near,Male,63,CLG0031,84,9.82,10.07,1,No,0,4,3,No
714,20,72,Medium,High,No,7,84,Low,Yes,2,Medium,High,Public,Negative,2,No,High School,Moderate,Female,65,CLG0070,103,5.7,5.97,8,Yes,2,9,2,No
715,14,98,Low,Medium,No,7,98,Medium,No,0,Medium,High,Public,Positive,3,No,High School,Near,Male,68,CLG0076,126,7.49,7.61,9,No,7,2,4,No
716,20,64,Medium,Medium,Yes,8,80,High,Yes,1,Medium,Medium,Private,Positive,3,No,High School,Near,Male,65,CLG0095,114,6.39,5.96,8,Yes,9,1,0,No
717,24,90,High,High,No,8,99,High,Yes,0,Low,Medium,Public,Neutral,3,No,College,Moderate,Female,72,CLG0027,94,8.63,8.64,2,No,9,6,4,No
718,17,62,High,Low,No,6,99,Medium,Yes,2,Medium,Medium,Private,Negative,3,No,High School,Far,Female,62,CLG0001,113,8.21,7.93,7,No,6,4,5,No
719,19,83,High,Low,Yes,8,54,Medium,Yes,1,Low,Medium,Private,Positive,4,No,High School,Moderate,Male,66,CLG0064,105,8.04,8.3,5,Yes,10,2,3,No
720,13,66,High,Medium,Yes,9,51,Low,Yes,3,Medium,Medium,Private,Positive,2,No,Postgraduate,Moderate,Male,63,CLG0071,108,5.24,5.56,1,No,3,9,1,No
721,29,86,Low,Low,Yes,7,52,Medium,Yes,1,Low,Medium,Public,Positive,3,No,College,Near,Female,68,CLG0089,100,8.9,9.38,5,No,5,10,0,No
722,21,97,Medium,Medium,Yes,6,80,Low,Yes,2,Medium,Medium,Private,Positive,4,No,College,Near,Male,72,CLG0037,98,7.94,8.41,3,No,3,6,1,No
723,20,65,Low,Medium,No,6,94,Medium,Yes,1,Low,High,Public,Positive,2,No,Postgraduate,Near,Female,64,CLG0025,108,7.62,7.81,2,No,10,8,4,No
724,12,88,Low,Medium,No,6,72,Low,Yes,2,Medium,Medium,Public,Positive,2,No,College,Far,Male,64,CLG0056,111,8.37,8.77,10,Yes,5,8,2,Yes
725,24,79,High,Medium,No,7,81,High,Yes,0,High,Medium,Public,Positive,2,No,High School,Moderate,Male,69,CLG0070,94,5.55,5.16,7,Yes,8,1,5,No
726,18,63,High,High,Yes,7,84,Medium,Yes,1,Medium,High,Public,Neutral,2,No,High School,Near,Female,66,CLG0002,120,9.28,9.11,9,No,6,2,5,Yes
727,30,75,Medium,Medium,Yes,4,79,Low,Yes,0,Medium,Medium,Public,Negative,4,No,High School,Moderate,Male,67,CLG0087,71,6.8,6.34,7,No,7,3,3,No
728,17,63,Medium,Medium,Yes,8,59,Medium,Yes,1,Low,High,Public,Positive,1,No,Postgraduate,Moderate,Male,62,CLG0030,116,9.09,9.31,7,No,4,2,5,Yes
729,13,82,Medium,High,No,6,60,Medium,Yes,1,Low,Low,Public,Positive,4,No,College,Far,Female,64,CLG0017,98,5.66,5.36,3,Yes,10,6,0,No
730,22,91,Low,Medium,Yes,8,95,Medium,Yes,1,Low,High,Private,Neutral,2,No,High School,Near,Male,70,CLG0060,87,8.45,8.39,7,Yes,4,5,3,No
731,21,95,High,Medium,No,4,55,Medium,Yes,2,Medium,High,Private,Neutral,1,No,College,Near,Male,71,CLG0095,91,5.13,5.31,1,No,1,9,1,No
732,20,66,High,Low,No,9,72,Low,Yes,1,Medium,High,Public,Positive,1,No,College,Near,Female,64,CLG0004,95,6.61,6.61,1,No,7,8,4,No
733,18,97,High,Low,Yes,7,79,Medium,Yes,3,High,Medium,Private,Positive,3,No,High School,Far,Male,71,CLG0005,104,9.51,9.9,7,No,0,2,1,No
734,20,83,Low,Medium,No,7,100,Medium,Yes,4,Low,Medium,Public,Negative,3,No,College,Near,Male,68,CLG0005,92,5.49,5.62,2,No,3,8,5,No
735,17,73,Low,Medium,Yes,9,68,Low,Yes,2,Medium,Medium,Public,Positive,3,Yes,College,Near,Female,63,CLG0097,81,9.8,9.99,10,No,10,10,0,No
736,24,79,Low,Low,No,7,60,Low,Yes,0,Low,High,Public,Neutral,3,No,Postgraduate,Near,Female,65,CLG0091,96,8.58,8.46,7,No,9,10,3,Yes
737,32,98,Low,High,No,5,89,Medium,Yes,2,High,Low,Private,Positive,3,No,College,Near,Male,76,CLG0032,122,6.99,6.72,9,Yes,5,7,5,No
738,11,87,Medium,Medium,Yes,7,92,Medium,Yes,1,Medium,Medium,Public,Positive,5,No,High School,Moderate,Female,67,CLG0067,88,5.11,5.21,3,Yes,4,9,0,No
739,17,85,Medium,Low,No,6,69,Medium,Yes,1,Medium,Medium,Private,Neutral,3,Yes,Postgraduate,Near,Male,65,CLG0037,137,7.58,8.03,9,Yes,4,5,1,No
740,16,93,Low,Medium,Yes,7,60,Medium,Yes,1,Medium,Medium,Public,Positive,1,No,High School,Moderate,Female,66,CLG0071,55,9.94,9.83,4,No,3,3,1,No
741,24,73,Low,Medium,Yes,9,71,High,Yes,0,Low,Medium,Public,Neutral,3,No,High School,Moderate,Male,64,CLG0018,117,5.29,4.87,7,No,1,6,3,No
742,29,100,Medium,Low,Yes,8,100,Low,Yes,0,Low,Medium,Private,Neutral,5,Yes,High School,Near,Male,72,CLG0034,101,8.17,8.1,7,No,1,4,4,No
743,15,88,High,High,Yes,6,95,Medium,Yes,2,Low,Medium,Public,Negative,4,No,High School,Near,Female,70,CLG0089,115,5.56,5.14,10,Yes,6,3,0,No
744,9,76,Low,High,No,6,78,Low,No,0,Medium,Medium,Public,Negative,4,Yes,Postgraduate,Near,Male,60,CLG0088,90,5.0,4.81,7,No,3,6,4,No
745,15,89,Medium,Medium,Yes,8,96,High,Yes,3,Low,High,Public,Negative,3,No,High School,Near,Male,69,CLG0048,101,8.47,8.06,5,Yes,1,5,2,No
746,21,93,Medium,High,No,8,80,Medium,Yes,0,High,High,Public,Positive,1,No,College,Moderate,Female,71,CLG0015,96,7.09,7.25,9,No,10,1,3,No
747,32,84,Low,Medium,Yes,8,64,Medium,Yes,1,Low,High,Private,Positive,3,No,College,Near,Female,71,CLG0070,97,6.63,6.16,2,Yes,6,2,5,No
748,14,77,Low,Low,No,7,99,Low,Yes,2,Medium,Medium,Public,Positive,2,No,Postgraduate,Moderate,Female,64,CLG0011,120,7.36,7.35,1,No,3,4,1,No
749,20,68,Low,Medium,Yes,6,80,Low,Yes,4,Low,Medium,Private,Neutral,4,No,College,Near,Female,65,CLG0092,108,5.59,5.36,10,Yes,2,10,2,No
750,24,93,Low,High,Yes,8,56,Medium,Yes,1,Low,Medium,Public,Neutral,3,No,College,Moderate,Male,69,CLG0051,99,7.42,6.97,5,Yes,10,1,1,No
751,13,69,Medium,Low,Yes,5,68,Low,Yes,0,High,Medium,Public,Positive,1,Yes,High School,Moderate,Female,59,CLG0002,118,8.87,8.88,8,No,0,7,2,Yes
752,20,89,High,Medium,Yes,9,82,Medium,Yes,2,High,High,Public,Neutral,3,No,College,Near,Female,72,CLG0075,99,5.32,5.03,10,No,2,9,4,No
753,21,94,Medium,Medium,No,7,73,Low,Yes,2,Low,Medium,Private,Positive,3,No,Postgraduate,Near,Female,71,CLG0092,107,7.84,7.77,4,Yes,0,5,1,No
754,21,79,Medium,High,Yes,8,87,Medium,Yes,1,Low,High,Public,Neutral,2,No,Postgraduate,Moderate,Male,69,CLG0010,110,9.6,9.45,7,No,10,3,4,No
755,28,73,Low,Low,Yes,7,93,High,Yes,2,Low,High,Private,Neutral,3,No,College,Near,Male,68,CLG0001,104,8.89,8.94,1,No,7,4,1,No
756,10,92,High,Low,Yes,6,59,High,Yes,0,Low,Medium,Public,Negative,2,No,High School,Moderate,Female,64,CLG0037,96,7.68,7.49,1,No,8,2,4,No
757,27,62,Low,Low,Yes,6,79,Medium,Yes,0,Low,Medium,Private,Negative,3,No,College,Moderate,Male,62,CLG0044,122,7.56,7.52,7,No,9,3,1,No
758,20,87,Medium,Low,No,5,84,Medium,Yes,2,Medium,Medium,Private,Neutral,3,No,High School,Near,Male,68,CLG0072,77,6.99,6.56,10,Yes,0,3,5,No
759,25,72,Low,High,Yes,6,59,Medium,Yes,2,Low,Medium,Public,Negative,3,No,High School,Near,Male,66,CLG0089,95,5.81,6.14,8,Yes,2,2,5,No
760,26,99,Medium,Medium,Yes,8,67,Medium,Yes,4,Medium,Medium,Private,Positive,4,Yes,High School,Near,Male,73,CLG0077,117,6.83,7.24,8,No,1,10,3,Yes
761,24,69,High,Low,Yes,6,96,Medium,Yes,4,High,Medium,Public,Positive,4,No,College,Moderate,Male,70,CLG0078,108,8.4,8.8,1,No,7,2,1,No
762,19,99,Medium,High,Yes,8,88,High,No,1,Low,High,Public,Positive,3,No,High School,Far,Female,71,CLG0030,129,7.15,6.91,2,No,10,3,2,No
763,28,65,Medium,Medium,Yes,5,59,High,Yes,2,Low,Medium,Private,Neutral,5,No,High School,Near,Male,67,CLG0067,107,5.27,5.63,6,No,8,7,0,No
764,13,100,Medium,Low,Yes,8,54,Medium,Yes,0,Medium,High,Public,Positive,3,No,College,Near,Female,68,CLG0032,80,6.91,7.02,7,No,3,4,0,No
765,23,99,Low,Low,No,6,59,Medium,Yes,1,Medium,Medium,Public,Positive,3,No,High School,Far,Male,68,CLG0079,121,8.31,8.35,4,Yes,5,3,5,Yes
766,29,79,Medium,High,No,5,89,Medium,Yes,0,High,High,Public,Neutral,3,No,Postgraduate,Near,Female,72,CLG0025,97,5.06,4.57,6,No,7,5,2,No
767,30,98,Medium,High,Yes,7,96,Medium,Yes,1,Medium,Medium,Private,Neutral,3,No,Postgraduate,Near,Female,77,CLG0003,90,5.61,5.26,10,No,2,6,3,No
768,18,91,Medium,High,No,8,82,Medium,Yes,3,Medium,Medium,Private,Positive,2,No,High School,Moderate,Male,70,CLG0017,82,9.56,9.23,9,Yes,0,1,3,No
769,17,88,Medium,Medium,Yes,8,94,Medium,Yes,5,Medium,Medium,Public,Neutral,2,Yes,College,Near,Female,70,CLG0085,94,9.46,9.15,5,No,8,1,2,No
770,16,86,Medium,Medium,Yes,6,62,Low,Yes,1,Low,High,Public,Positive,4,No,High School,Near,Female,66,CLG0084,110,8.31,8.33,4,No,3,2,0,No
771,15,83,Medium,High,No,4,98,Low,Yes,3,Low,High,Public,Positive,3,No,High School,Moderate,Female,68,CLG0089,85,7.83,8.28,4,No,7,4,4,No
772,14,62,Medium,Medium,No,5,64,Medium,Yes,2,Low,Medium,Public,Neutral,3,No,College,Near,Male,61,CLG0041,107,8.66,8.72,6,No,10,10,3,Yes
773,13,61,Medium,Medium,Yes,8,89,Low,Yes,4,Low,Medium,Private,Neutral,4,No,High School,Far,Female,62,CLG0024,110,8.72,8.43,2,No,8,10,3,Yes
774,30,98,Low,Medium,Yes,10,61,Medium,Yes,0,Low,Medium,Public,Positive,3,No,Postgraduate,Moderate,Male,72,CLG0093,104,9.59,9.97,8,No,0,2,3,No
775,26,79,Medium,High,Yes,8,52,High,Yes,1,Medium,Medium,Public,Negative,3,Yes,Postgraduate,Near,Female,68,CLG0077,85,7.81,7.66,3,No,5,1,0,No
776,18,94,Medium,Medium,Yes,7,70,Medium,No,2,Medium,High,Public,Negative,3,No,College,Near,Female,69,CLG0038,123,5.84,5.5,9,No,1,8,2,Yes
777,15,70,Low,Medium,No,8,63,Low,Yes,0,Medium,Medium,Private,Positive,4,No,High School,Moderate,Female,61,CLG0075,108,9.6,9.57,1,No,0,9,1,No
778,36,89,High,Low,Yes,8,62,Low,Yes,2,Low,High,Private,Negative,3,No,College,Moderate,Male,72,CLG0089,110,8.58,8.36,3,No,4,9,3,Yes
779,24,91,High,Low,Yes,6,59,Medium,Yes,0,Low,Medium,Private,Neutral,4,No,High School,Near,Male,69,CLG0062,116,5.42,5.71,2,No,4,6,1,No
780,27,64,High,Medium,Yes,6,56,Low,Yes,0,Low,High,Public,Neutral,5,No,College,Moderate,Female,65,CLG0065,129,7.61,7.17,2,No,7,9,4,Yes
781,27,81,Medium,Medium,Yes,7,77,Medium,Yes,2,Medium,Low,Public,Neutral,2,Yes,Postgraduate,Moderate,Female,69,CLG0044,89,5.76,5.81,1,Yes,2,5,4,No
782,19,92,Low,Medium,No,7,55,Medium,Yes,1,Medium,Medium,Public,Neutral,5,No,High School,Far,Male,66,CLG0024,92,8.48,8.2,5,Yes,1,8,0,No
783,24,88,Medium,Medium,Yes,6,94,Medium,Yes,0,Low,Medium,Private,Negative,2,No,Postgraduate,Moderate,Male,69,CLG0003,94,5.36,5.72,1,No,10,5,3,No
784,18,78,High,Medium,Yes,7,54,Low,No,4,Low,High,Public,Neutral,4,Yes,College,Moderate,Female,65,CLG0052,103,8.91,8.61,5,Yes,2,5,4,No
785,15,71,High,Low,No,7,78,Medium,Yes,0,Medium,Medium,Private,Positive,3,No,High School,Near,Male,63,CLG0063,116,6.97,7.39,6,No,10,10,4,Yes
786,21,74,Low,Low,Yes,6,70,Low,Yes,2,Low,High,Public,Positive,3,No,High School,Moderate,Female,64,CLG0085,98,9.36,9.32,2,Yes,5,6,5,No
787,22,71,Medium,Medium,Yes,8,60,Low,Yes,1,Medium,High,Public,Neutral,4,No,High School,Moderate,Female,65,CLG0033,90,7.54,7.88,1,No,2,3,4,No
788,24,74,High,High,No,4,95,High,Yes,1,High,Medium,Public,Neutral,4,No,Postgraduate,Moderate,Female,71,CLG0037,83,6.1,6.45,8,No,2,10,4,No
789,28,77,High,Medium,Yes,9,54,Low,Yes,1,High,Medium,Public,Positive,3,No,Postgraduate,Near,Female,70,CLG0067,122,7.81,7.69,4,Yes,2,10,2,Yes
790,20,84,Low,Medium,No,5,96,Low,Yes,1,Low,Medium,Public,Negative,2,No,High School,Near,Male,65,CLG0084,88,5.1,4.96,10,Yes,1,2,2,No
791,7,99,Low,High,Yes,7,67,Low,No,1,High,High,Private,Neutral,4,No,High School,Near,Female,66,CLG0065,83,8.05,8.34,5,No,0,2,4,No
792,26,70,High,Medium,No,6,81,Low,Yes,0,Low,High,Public,Neutral,3,No,High School,Moderate,Male,66,CLG0043,93,5.98,6.29,4,Yes,7,3,5,No
793,23,76,High,High,No,7,93,Medium,Yes,0,Medium,Medium,Private,Negative,6,No,High School,Moderate,Male,68,CLG0005,85,9.74,9.63,5,No,7,4,1,No
794,13,85,Low,High,Yes,7,84,Medium,No,0,Low,Medium,Public,Neutral,5,No,High School,Moderate,Female,64,CLG0053,77,5.08,4.65,4,Yes,3,1,3,No
795,18,96,Medium,Low,No,9,63,Medium,Yes,4,Low,Medium,Private,Neutral,3,No,Postgraduate,Near,Male,70,CLG0085,93,6.06,5.63,5,No,5,6,2,No
796,31,84,Medium,Medium,No,5,87,High,Yes,0,Medium,Medium,Private,Positive,3,No,College,Moderate,Male,71,CLG0080,66,9.55,9.29,3,Yes,2,8,4,Yes
797,8,100,High,Medium,Yes,8,92,Medium,Yes,1,Medium,High,Public,Neutral,3,No,Postgraduate,Moderate,Female,70,CLG0050,107,7.5,7.94,3,No,3,4,4,No
798,26,62,Medium,Medium,No,6,59,Medium,Yes,1,Medium,Medium,Public,Neutral,3,No,High School,Moderate,Male,63,CLG0078,97,8.97,8.69,1,Yes,0,4,3,No
799,14,94,High,Medium,No,7,74,Medium,Yes,1,High,Medium,Private,Positive,5,No,College,Near,Male,70,CLG0080,90,6.29,6.38,9,Yes,2,3,1,No
800,15,67,High,Medium,Yes,8,89,Low,Yes,0,High,High,Public,Neutral,4,No,High School,Moderate,Female,64,CLG0061,97,6.84,6.86,10,Yes,0,3,5,No
801,19,93,Low,Medium,Yes,7,83,Medium,Yes,1,Medium,Medium,Public,Positive,3,No,High School,Near,Female,69,CLG0084,88,9.99,9.85,6,Yes,7,6,4,No
802,27,67,Low,Medium,Yes,6,90,Medium,Yes,2,High,High,Private,Neutral,3,No,High School,Moderate,Male,67,CLG0016,90,9.85,10.25,1,No,4,1,4,No
803,13,71,Medium,High,No,7,86,Low,Yes,2,Low,Medium,Public,Positive,3,No,Postgraduate,Near,Male,65,CLG0017,100,9.73,9.76,6,Yes,3,10,4,Yes
804,21,71,High,Low,No,7,58,High,Yes,1,Medium,High,Public,Positive,3,Yes,College,Far,Female,64,CLG0089,108,6.42,6.6,10,No,0,2,5,No
805,16,78,Low,High,No,9,90,Medium,Yes,3,Low,Medium,Public,Negative,3,No,Postgraduate,Moderate,Male,66,CLG0073,81,7.59,7.81,6,No,2,4,5,No
806,23,90,Medium,High,No,5,53,Medium,Yes,2,Medium,High,Private,Positive,2,No,High School,Near,Female,70,CLG0044,92,9.9,9.9,10,Yes,1,5,2,No
807,22,67,High,High,Yes,10,55,Medium,Yes,1,Low,Medium,Public,Positive,2,No,High School,Moderate,Male,65,CLG0077,114,9.4,8.93,2,Yes,3,9,0,Yes
808,16,94,Low,Medium,Yes,8,58,Medium,Yes,2,Low,Medium,Public,Positive,3,Yes,College,Near,Male,67,CLG0044,105,6.35,6.24,8,No,8,10,1,No
809,32,87,High,Medium,Yes,4,91,Medium,Yes,2,High,Medium,Public,Neutral,2,No,High School,Moderate,Female,74,CLG0046,91,7.54,7.7,6,No,9,3,2,No
810,13,99,High,Medium,No,6,75,Low,Yes,1,Medium,Medium,Public,Positive,4,Yes,College,Far,Female,68,CLG0087,78,8.67,9.17,7,Yes,10,10,2,Yes
811,17,86,Low,Medium,No,6,62,Low,Yes,2,Medium,High,Public,Positive,4,No,High School,Near,Female,66,CLG0001,139,6.86,7.0,7,Yes,3,6,3,No
812,21,98,Medium,Medium,Yes,7,95,Low,Yes,3,High,Low,Public,Neutral,1,No,High School,Near,Male,72,CLG0066,82,6.36,6.66,4,No,4,6,1,No
813,15,76,High,High,Yes,5,79,Medium,Yes,4,Medium,Medium,Public,Neutral,4,No,Postgraduate,Moderate,Female,69,CLG0043,95,8.48,8.48,10,No,5,4,4,No
814,32,95,Medium,High,Yes,9,58,Medium,Yes,2,Medium,Medium,Private,Positive,4,No,High School,Near,Male,75,CLG0093,88,9.95,10.02,3,No,6,10,1,No
815,22,91,Low,Medium,Yes,10,51,High,Yes,2,High,Medium,Public,Neutral,3,No,High School,Near,Female,69,CLG0028,82,9.35,9.14,2,Yes,7,7,2,No
816,23,71,Low,Low,Yes,9,75,Low,Yes,1,Low,Medium,Public,Negative,2,No,College,Near,Male,63,CLG0004,91,7.59,8.02,8,No,5,2,1,No
817,29,73,Medium,Medium,No,7,76,Medium,Yes,2,Low,High,Private,Neutral,3,No,High School,Near,Female,68,CLG0086,63,9.41,9.06,10,No,10,6,4,No
818,16,86,High,Medium,Yes,7,94,Medium,Yes,2,Low,High,Public,Neutral,3,No,High School,Moderate,Female,69,CLG0045,85,5.5,5.14,2,No,6,9,1,No
819,15,95,Medium,High,Yes,9,62,Medium,Yes,2,Medium,Medium,Public,Positive,3,No,High School,Far,Male,69,CLG0006,103,6.0,5.97,7,No,0,3,4,No
820,22,97,Medium,Medium,Yes,6,54,Medium,No,2,High,Medium,Public,Neutral,2,No,College,Near,Male,70,CLG0044,93,5.35,5.18,3,No,4,2,3,No
821,20,77,High,Medium,No,8,55,Low,Yes,1,Medium,Medium,Public,Negative,3,No,College,Far,Female,64,CLG0067,75,5.56,5.88,3,No,3,5,3,No
822,19,69,Medium,Medium,Yes,6,67,Medium,No,4,High,High,Private,Positive,4,No,Postgraduate,Moderate,Male,66,CLG0038,105,6.3,6.35,2,Yes,3,5,0,No
823,18,95,Medium,High,Yes,6,94,Medium,Yes,6,Low,High,Public,Neutral,3,No,High School,Far,Female,73,CLG0093,98,5.96,6.37,5,No,0,2,5,No
824,22,71,High,Medium,Yes,8,63,Medium,Yes,2,Medium,High,Public,Negative,2,No,High School,Moderate,Male,66,CLG0038,107,8.18,8.14,6,No,3,8,4,Yes
825,21,68,Low,Medium,Yes,5,66,Low,Yes,2,High,Medium,Private,Neutral,3,No,High School,Near,Male,64,CLG0041,80,8.43,8.57,9,No,2,1,0,No
826,26,80,Medium,Medium,No,4,91,Low,Yes,1,Low,Medium,Private,Neutral,3,No,High School,Far,Male,67,CLG0074,116,5.96,6.2,7,Yes,3,4,1,No
827,18,96,Medium,High,Yes,9,80,High,Yes,1,Low,Medium,Public,Positive,3,No,College,Near,Male,72,CLG0046,121,5.28,5.46,6,Yes,10,5,2,No
828,5,84,Medium,Medium,Yes,8,93,High,Yes,4,High,High,Public,Positive,3,No,College,Moderate,Male,68,CLG0092,100,9.18,9.47,9,No,6,3,1,No
829,17,100,Medium,High,Yes,5,53,Low,Yes,1,Medium,High,Public,Positive,4,No,High School,Near,Male,70,CLG0094,111,7.96,7.95,5,No,4,6,0,No
830,9,94,High,Low,No,6,66,Low,Yes,0,Low,High,Public,Positive,3,No,College,Near,Male,66,CLG0056,77,7.57,7.39,1,Yes,2,6,3,No
831,19,75,Medium,Medium,No,8,52,High,Yes,0,Low,Medium,Public,Negative,4,No,Postgraduate,Moderate,Male,64,CLG0007,91,7.63,8.02,9,No,6,8,0,No
832,16,100,High,High,No,7,52,Medium,Yes,4,Low,Medium,Public,Negative,4,No,High School,Near,Female,71,CLG0041,76,7.92,7.56,7,Yes,1,8,3,No
833,23,97,Medium,Medium,Yes,6,99,Low,Yes,1,Low,Medium,Private,Positive,3,No,High School,Near,Female,72,CLG0051,90,9.83,9.91,6,Yes,5,2,2,No
834,22,77,Medium,Medium,Yes,7,72,Medium,Yes,2,Medium,High,Public,Neutral,3,No,High School,Near,Male,67,CLG0073,72,5.6,5.93,3,No,0,3,3,No
835,30,73,Low,Medium,No,7,68,Medium,Yes,0,Low,High,Public,Positive,2,No,Postgraduate,Near,Male,67,CLG0077,101,5.05,4.94,6,Yes,8,4,1,No
836,16,70,Low,Medium,Yes,6,79,High,Yes,0,High,High,Public,Negative,3,No,College,Near,Female,64,CLG0075,114,7.92,8.12,3,Yes,7,8,1,Yes
837,27,90,High,High,No,7,92,Medium,Yes,0,Low,Medium,Private,Neutral,3,No,High School,Near,Female,72,CLG0063,90,9.57,9.66,8,Yes,6,3,4,No
838,22,71,Medium,Low,Yes,7,98,Low,Yes,2,Low,High,Public,Neutral,2,No,High School,Moderate,Female,65,CLG0081,114,8.3,8.04,4,Yes,5,3,1,No
839,24,67,High,Medium,No,8,89,Medium,Yes,2,High,Low,Private,Positive,3,No,High School,Near,Female,68,CLG0072,109,6.29,6.57,5,Yes,5,7,0,No
840,20,64,Medium,High,No,8,82,Medium,Yes,3,Medium,Low,Public,Negative,3,No,High School,Moderate,Female,64,CLG0025,105,8.9,8.77,5,Yes,2,10,1,No
841,13,70,Medium,Medium,Yes,7,100,Medium,Yes,3,Low,Medium,Public,Neutral,3,No,High School,Near,Male,65,CLG0006,103,6.38,6.22,3,No,6,6,5,No
842,27,76,Low,High,Yes,8,67,Medium,Yes,1,Medium,Medium,Public,Positive,4,No,High School,Near,Male,69,CLG0071,75,7.18,7.51,10,No,4,5,3,No
843,7,62,High,Medium,Yes,8,51,Low,Yes,0,Medium,Low,Public,Positive,3,No,College,Moderate,Male,58,CLG0074,105,8.14,8.39,1,No,1,2,0,No
844,17,64,High,High,No,7,80,Low,Yes,3,Medium,Medium,Private,Positive,4,No,High School,Near,Male,66,CLG0047,102,7.66,7.99,9,Yes,6,6,5,No
845,26,83,Medium,Medium,No,4,97,Low,Yes,2,Low,High,Public,Negative,4,No,College,Moderate,Male,70,CLG0052,82,9.6,9.27,4,Yes,6,10,1,No
846,4,73,Low,Medium,Yes,5,97,High,Yes,1,Low,High,Public,Negative,1,No,High School,Near,Male,60,CLG0024,111,8.56,8.97,4,No,8,6,2,Yes
847,25,76,Medium,Medium,Yes,7,79,Medium,Yes,2,Medium,Medium,Public,Positive,2,No,College,Near,Male,69,CLG0085,105,9.27,9.29,6,Yes,3,4,3,No
848,16,63,Medium,High,Yes,6,73,Medium,Yes,0,Medium,Medium,Public,Neutral,4,No,College,Near,Male,63,CLG0090,123,9.93,10.01,6,No,0,4,5,Yes
849,11,70,High,High,No,7,95,High,Yes,0,Low,High,Public,Negative,5,No,College,Moderate,Male,65,CLG0003,109,9.2,9.55,10,No,1,1,1,No
850,16,76,Medium,Low,No,7,88,High,Yes,0,Low,Medium,Public,Positive,2,No,Postgraduate,Near,Male,65,CLG0009,88,9.61,9.37,8,Yes,2,2,1,No
851,17,77,Medium,Medium,Yes,6,67,Low,Yes,1,Low,Medium,Public,Positive,1,No,College,Near,Male,64,CLG0035,95,6.72,6.65,5,Yes,0,4,3,No
852,9,78,Medium,Medium,No,7,98,Low,Yes,3,Low,Medium,Public,Positive,2,No,High School,Near,Male,64,CLG0047,83,5.73,5.85,8,Yes,7,8,0,No
853,19,87,Low,High,Yes,6,50,Medium,Yes,3,Low,Medium,Public,Neutral,2,No,Postgraduate,Near,Male,68,CLG0042,106,5.64,5.7,2,Yes,2,9,4,No
854,17,68,Medium,Medium,No,8,70,Medium,Yes,2,Medium,Medium,Private,Positive,4,No,High School,Near,Female,64,CLG0100,110,7.53,7.28,3,No,2,9,3,No
855,28,64,Medium,Medium,No,8,78,Low,Yes,2,Medium,Medium,Private,Negative,3,No,Postgraduate,Near,Male,66,CLG0004,105,6.78,6.45,10,Yes,10,5,5,No
856,18,72,Low,Medium,Yes,8,79,Medium,Yes,1,Medium,High,Public,Positive,4,No,High School,Moderate,Male,65,CLG0042,105,8.92,8.48,3,No,3,10,4,Yes
857,21,92,Medium,Low,Yes,8,51,Low,Yes,0,Medium,Medium,Public,Neutral,2,No,College,Moderate,Male,66,CLG0012,78,5.93,5.97,8,No,5,5,0,No
858,28,64,High,Low,Yes,7,78,Medium,Yes,3,Medium,High,Private,Positive,4,No,Postgraduate,Moderate,Male,69,CLG0044,134,5.12,5.5,9,Yes,5,5,5,No
859,24,84,Low,Medium,Yes,6,99,Medium,Yes,1,Medium,High,Public,Positive,2,No,Postgraduate,Far,Female,70,CLG0029,83,8.35,8.81,7,No,4,4,0,No
860,21,95,Low,Medium,Yes,9,70,Medium,Yes,3,High,Medium,Public,Positive,3,No,High School,Near,Female,71,CLG0045,92,8.15,7.91,4,No,3,6,3,No
861,25,75,High,High,Yes,7,66,Low,Yes,0,Low,High,Public,Negative,4,No,High School,Near,Male,68,CLG0082,113,9.73,9.41,3,No,2,6,2,Yes
862,21,93,High,Low,No,6,87,Medium,Yes,1,Low,High,Public,Positive,2,No,High School,Near,Female,70,CLG0003,89,7.99,7.52,1,No,1,3,0,No
863,12,93,Medium,High,No,6,59,Medium,Yes,2,Low,Medium,Private,Positive,3,No,High School,Moderate,Female,67,CLG0008,112,9.96,10.0,8,No,8,10,0,Yes
864,20,80,Low,Low,Yes,7,59,High,Yes,2,Medium,High,Private,Neutral,3,No,High School,Moderate,Male,65,CLG0070,102,7.17,7.43,10,No,2,7,4,No
865,12,82,High,Medium,Yes,10,77,High,Yes,0,Medium,Medium,Public,Neutral,4,No,College,Far,Female,66,CLG0095,114,7.47,7.53,3,No,2,8,1,No
866,26,98,Medium,Medium,No,10,54,Medium,Yes,0,Low,High,Private,Neutral,1,No,Postgraduate,Near,Male,71,CLG0081,99,9.17,9.61,1,No,10,4,3,No
867,20,67,High,High,No,6,67,High,Yes,1,Medium,High,Public,Positive,2,Yes,College,Near,Female,66,CLG0026,97,9.56,9.71,8,No,10,4,5,No
868,16,76,Medium,Medium,No,8,84,High,Yes,1,High,High,Public,Neutral,4,No,High School,Near,Male,66,CLG0079,109,9.37,9.71,8,No,7,8,5,Yes
869,21,84,Medium,Medium,Yes,6,52,Medium,Yes,2,High,High,Public,Negative,5,No,High School,Moderate,Male,68,CLG0022,92,7.21,7.12,9,No,3,8,4,No
870,24,67,High,Low,Yes,6,90,Medium,Yes,0,Low,Medium,Public,Neutral,1,No,College,Far,Male,64,CLG0021,92,5.44,5.12,3,Yes,3,4,2,No
871,14,90,High,High,Yes,8,86,Medium,Yes,4,Medium,Medium,Private,Negative,2,No,High School,Near,Female,99,CLG0066,136,8.68,8.97,4,No,3,2,0,No
872,18,74,Medium,Medium,No,6,78,High,Yes,0,High,Medium,Public,Positive,2,No,High School,Moderate,Female,65,CLG0059,97,7.1,6.89,3,No,5,2,1,No
873,19,61,Medium,Medium,No,7,74,Low,Yes,2,High,Medium,Public,Negative,3,No,Postgraduate,Far,Male,62,CLG0098,104,5.94,5.9,2,No,3,4,4,No
874,11,75,High,High,Yes,9,77,Medium,No,1,High,High,Private,Neutral,2,Yes,College,Moderate,Male,64,CLG0014,106,9.2,8.82,7,No,4,9,3,Yes
875,21,95,Medium,High,No,9,75,Medium,Yes,1,Low,Medium,Public,Neutral,2,No,College,Far,Male,69,CLG0058,87,9.97,9.56,9,No,1,4,0,No
876,29,63,Medium,High,Yes,8,94,Medium,Yes,0,Medium,High,Private,Positive,2,No,Postgraduate,Near,Female,69,CLG0046,123,6.64,6.88,2,Yes,6,4,0,No
877,13,73,Medium,Low,No,9,59,Medium,Yes,0,Medium,High,Public,Neutral,4,No,Postgraduate,Near,Male,63,CLG0025,78,8.69,9.17,4,No,5,7,2,No
878,13,91,Medium,Low,Yes,9,71,Low,Yes,1,Low,Medium,Public,Positive,2,No,College,Far,Male,64,CLG0071,73,8.98,8.92,1,No,5,4,4,No
879,14,61,Medium,Medium,No,5,82,Low,No,0,Low,Medium,Public,Neutral,0,No,High School,Near,Female,58,CLG0071,105,5.07,5.2,7,Yes,0,10,2,No
880,13,99,Medium,High,No,7,81,Medium,Yes,0,Medium,Medium,Public,Positive,4,No,Postgraduate,Near,Male,71,CLG0054,100,5.21,5.19,1,Yes,3,6,2,No
881,18,77,Medium,High,Yes,6,61,Medium,Yes,1,Low,Medium,Private,Neutral,3,No,High School,Near,Female,65,CLG0039,94,7.4,7.09,6,No,9,4,5,No
882,10,67,Medium,Medium,No,4,65,Medium,No,3,Medium,Medium,Public,Positive,3,No,High School,Near,Male,61,CLG0036,98,9.95,10.04,5,Yes,2,2,5,No
883,14,69,High,Medium,No,6,55,Medium,Yes,3,Low,Low,Private,Positive,2,No,High School,Moderate,Male,62,CLG0001,95,7.16,6.85,6,No,9,1,5,No
884,29,94,High,Medium,No,7,79,Medium,Yes,6,Low,High,Private,Neutral,4,No,College,Near,Female,76,CLG0025,92,9.99,9.79,1,Yes,9,9,4,Yes
885,17,63,Medium,Medium,Yes,10,93,Medium,Yes,0,Low,Medium,Public,Positive,2,Yes,Postgraduate,Near,Female,63,CLG0024,135,6.75,7.17,1,No,6,6,3,No
886,23,65,High,Medium,No,6,67,High,No,3,Medium,Medium,Private,Negative,5,No,High School,Moderate,Male,65,CLG0046,89,7.91,7.62,5,Yes,0,5,3,No
887,24,96,High,High,No,8,75,Low,Yes,1,Medium,Medium,Public,Positive,1,No,College,Moderate,Female,72,CLG0011,89,6.15,6.18,2,Yes,10,4,0,No
888,17,77,Low,Medium,No,9,67,Low,Yes,0,Low,High,Public,Neutral,5,Yes,High School,Near,Female,62,CLG0007,88,7.0,6.69,10,Yes,5,6,2,No
889,22,72,High,Medium,Yes,9,64,Low,Yes,1,Medium,Medium,Public,Negative,2,No,College,Near,Female,66,CLG0046,78,8.59,8.97,3,No,4,4,3,No
890,10,73,Low,High,Yes,8,72,Low,Yes,1,Low,High,Public,Positive,2,No,College,Moderate,Female,62,CLG0084,69,5.85,6.25,9,Yes,3,4,0,No
891,10,62,Medium,Medium,No,6,87,High,Yes,2,Low,High,Public,Neutral,3,No,High School,Near,Male,61,CLG0021,130,8.48,8.88,9,No,2,8,0,Yes
892,21,82,Low,High,No,9,58,Medium,Yes,0,Medium,Medium,Public,Negative,2,No,High School,Near,Male,65,CLG0023,97,7.21,6.8,1,No,9,2,5,No
893,21,85,Medium,Medium,No,8,50,Low,Yes,1,Medium,High,Private,Neutral,2,No,High School,Far,Male,65,CLG0065,117,5.92,5.5,5,No,6,2,2,No
894,8,85,Medium,Low,Yes,9,54,Low,Yes,1,Low,High,Private,Positive,3,No,High School,Near,Male,62,CLG0021,100,9.6,9.2,5,No,5,8,3,Yes
895,24,71,Low,High,Yes,5,64,Medium,Yes,1,Medium,Medium,Public,Neutral,3,No,College,Near,Male,66,CLG0090,84,8.93,8.86,3,No,0,4,2,No
896,23,97,Medium,High,No,7,95,Medium,Yes,0,Medium,High,Private,Positive,4,No,Postgraduate,Moderate,Female,74,CLG0043,81,7.61,7.63,7,No,5,3,5,No
897,17,94,Medium,High,No,6,80,High,Yes,0,Medium,Low,Private,Neutral,1,No,College,Near,Male,69,CLG0001,104,9.58,9.73,5,Yes,10,5,3,No
898,25,92,High,Medium,No,4,93,High,Yes,3,High,Medium,Public,Neutral,2,No,High School,Near,Female,74,CLG0028,94,5.58,5.49,9,Yes,4,3,3,No
899,14,72,Medium,High,No,9,53,Medium,Yes,4,Medium,Medium,Public,Negative,3,No,Postgraduate,Near,Male,65,CLG0050,131,9.35,9.68,9,Yes,2,3,2,Yes
900,19,64,Medium,Medium,Yes,7,56,Medium,Yes,0,Low,Medium,Private,Neutral,4,No,High School,Near,Female,62,CLG0098,103,8.49,8.55,9,No,4,5,5,No
901,18,80,Low,Low,Yes,8,77,Medium,Yes,1,Low,High,Public,Negative,2,No,College,Near,Female,64,CLG0067,99,6.84,6.71,1,No,9,10,5,No
902,11,97,Medium,Medium,Yes,8,83,Low,Yes,4,Medium,High,Private,Negative,2,No,High School,Far,Male,68,CLG0060,112,7.93,8.29,10,Yes,0,8,2,Yes
903,20,63,Low,Low,No,9,53,Low,Yes,1,Medium,Medium,Public,Positive,4,No,High School,Near,Male,60,CLG0014,104,8.56,8.15,7,No,9,8,4,Yes
904,18,83,Medium,High,Yes,5,66,Medium,Yes,0,High,Medium,Private,Positive,4,No,Postgraduate,Near,Male,69,CLG0022,105,7.62,7.98,4,No,1,8,2,No
905,24,96,Low,High,No,6,93,Medium,Yes,2,Low,Medium,Public,Neutral,2,No,High School,Moderate,Female,94,CLG0064,119,8.05,7.85,4,Yes,9,3,3,No
906,15,75,High,Medium,Yes,4,74,Medium,Yes,3,Medium,High,Public,Positive,4,No,College,Near,Female,68,CLG0054,115,7.63,7.56,2,Yes,0,2,0,No
907,3,60,Medium,Medium,Yes,5,76,Medium,Yes,0,Medium,High,Private,Neutral,4,No,High School,Moderate,Female,58,CLG0007,106,5.5,5.74,7,Yes,10,7,5,No
908,21,66,Medium,Medium,Yes,7,63,Medium,Yes,0,High,Medium,Public,Neutral,3,No,High School,Near,Female,64,CLG0079,105,6.77,6.56,7,Yes,0,2,2,No
909,23,63,Medium,Medium,Yes,9,79,High,Yes,0,Low,Medium,Private,Negative,4,No,High School,Far,Female,63,CLG0001,79,7.35,7.72,5,No,10,8,2,No
910,17,71,Medium,Medium,Yes,10,53,Low,Yes,0,Low,Low,Public,Positive,3,No,High School,Moderate,Male,61,CLG0015,118,6.23,6.13,3,No,7,9,4,Yes
911,23,96,Low,High,Yes,6,93,Low,Yes,5,Low,Medium,Public,Negative,4,No,High School,Near,Female,72,CLG0039,94,8.38,8.06,10,No,3,9,5,Yes
912,15,97,High,Medium,Yes,6,63,Low,Yes,2,Medium,Medium,Public,Neutral,3,No,High School,Near,Female,69,CLG0059,92,6.71,6.73,8,No,0,2,0,No
913,18,79,Medium,Medium,Yes,4,69,Medium,Yes,2,High,Low,Private,Positive,3,No,College,Near,Male,67,CLG0023,100,8.24,8.03,8,Yes,10,2,5,No
914,12,73,High,Medium,No,5,60,Medium,Yes,1,Low,Medium,Public,Negative,4,No,High School,Moderate,Male,62,CLG0065,71,5.52,5.69,6,No,3,2,2,No
915,12,80,Low,Low,No,9,71,High,Yes,1,Low,Low,Private,Positive,3,Yes,High School,Moderate,Female,60,CLG0088,76,7.29,6.97,5,No,3,5,4,No
916,25,65,High,Medium,No,5,90,Medium,Yes,2,Medium,Medium,Public,Positive,3,No,College,Moderate,Female,68,CLG0052,102,7.24,7.59,5,Yes,10,5,5,No
917,24,80,Medium,Medium,Yes,7,53,Medium,Yes,2,Low,Medium,Public,Positive,4,Yes,High School,Near,Female,67,CLG0010,126,6.94,7.42,8,Yes,3,8,1,No
918,18,89,High,Medium,No,5,72,Low,Yes,3,Medium,Medium,Public,Positive,3,No,College,Moderate,Male,69,CLG0025,120,8.67,8.96,2,No,6,7,0,No
919,16,70,Medium,Medium,Yes,8,98,Medium,Yes,2,Medium,Medium,Public,Positive,3,No,High School,Moderate,Male,65,CLG0087,102,7.98,7.93,1,Yes,4,5,1,No
920,18,95,High,Medium,Yes,7,87,High,Yes,5,Medium,Medium,Public,Neutral,2,No,College,Near,Male,74,CLG0059,87,7.52,7.1,7,No,3,8,3,No
921,27,98,High,Low,Yes,6,93,Low,Yes,0,Low,Medium,Private,Neutral,4,No,High School,Moderate,Male,72,CLG0017,91,7.4,7.58,8,No,4,2,5,No
922,24,98,Low,Low,No,6,93,Low,No,2,Low,Low,Public,Positive,4,No,College,Near,Male,69,CLG0097,92,6.36,6.18,7,No,4,6,1,No
923,14,78,High,Medium,Yes,7,76,Medium,Yes,0,High,Medium,Public,Negative,2,Yes,College,Near,Female,65,CLG0075,91,7.52,7.29,9,No,1,4,0,No
924,18,78,High,Medium,No,7,67,Low,No,0,High,Medium,Public,Negative,3,No,College,Moderate,Male,64,CLG0032,101,7.79,8.24,4,No,8,8,5,Yes
925,24,80,Low,High,Yes,9,62,High,Yes,3,High,Low,Public,Neutral,3,No,High School,Moderate,Male,68,CLG0100,93,8.45,8.59,10,Yes,2,2,0,No
926,25,88,High,Medium,Yes,8,63,Medium,Yes,2,High,Medium,Public,Positive,3,No,High School,Moderate,Female,71,CLG0083,79,5.16,5.21,5,Yes,6,3,3,No
927,17,82,Medium,Low,No,10,94,Medium,Yes,1,High,High,Private,Neutral,3,No,High School,Moderate,Female,66,CLG0023,115,7.98,8.1,7,No,8,3,3,Yes
928,14,79,Medium,Medium,Yes,6,70,Medium,Yes,1,Low,Medium,Public,Positive,6,No,College,Moderate,Male,65,CLG0043,69,9.27,8.93,9,No,5,10,1,No
929,18,64,Medium,Medium,Yes,6,51,Medium,Yes,2,Low,Medium,Public,Positive,1,No,High School,Near,Female,62,CLG0067,79,9.62,9.26,7,Yes,2,4,1,No
930,18,88,High,High,Yes,8,96,Low,Yes,1,Low,Medium,Public,Positive,3,No,High School,Far,Female,69,CLG0023,87,8.78,8.61,7,Yes,0,5,5,No
931,28,61,Low,Medium,Yes,7,80,Low,Yes,2,Medium,Medium,Public,Positive,4,No,Postgraduate,Near,Female,67,CLG0084,93,8.44,8.48,8,No,0,4,3,No
932,17,99,Medium,Medium,Yes,8,62,Medium,Yes,3,Medium,Medium,Private,Neutral,3,No,High School,Near,Male,70,CLG0015,96,9.11,8.72,5,No,4,4,4,No
933,19,77,High,Medium,Yes,6,54,Low,Yes,3,High,Medium,Private,Negative,2,No,College,Moderate,Male,66,CLG0047,68,6.14,5.96,9,No,5,5,5,No
934,24,70,Low,Low,Yes,10,69,High,Yes,1,High,Medium,Public,Negative,2,No,High School,Moderate,Female,64,CLG0097,85,7.61,7.19,4,Yes,2,10,5,No
935,11,99,High,Medium,Yes,7,52,Medium,Yes,0,High,High,Private,Neutral,5,No,College,Near,Female,69,CLG0023,70,7.71,7.65,4,No,7,8,2,No
936,25,98,Low,High,Yes,8,56,Medium,No,0,Medium,High,Private,Neutral,3,No,Postgraduate,Near,Male,71,CLG0056,106,8.15,8.07,10,No,0,1,3,No
937,22,93,Low,Medium,No,6,67,Medium,Yes,0,Medium,Medium,Public,Neutral,3,No,College,Near,Female,68,CLG0042,102,7.02,7.27,4,Yes,5,7,2,No
938,20,70,Low,Medium,Yes,9,69,High,Yes,2,Medium,High,Public,Neutral,3,No,Postgraduate,Near,Female,66,CLG0083,101,8.6,8.57,4,No,7,4,4,No
939,22,81,High,Medium,No,7,87,Low,Yes,0,Low,Medium,Public,Neutral,2,No,High School,Near,Female,67,CLG0084,94,5.76,6.1,8,No,6,10,5,No
940,14,78,High,Medium,No,6,55,Low,Yes,2,Low,Medium,Private,Neutral,2,No,High School,Near,Female,63,CLG0032,108,5.04,4.68,4,No,7,4,0,No
941,20,70,Low,Medium,Yes,6,79,Low,Yes,4,Medium,Medium,Public,Positive,4,No,Postgraduate,Near,Male,67,CLG0098,114,6.91,7.34,3,No,7,10,5,Yes
942,25,94,High,High,No,8,96,High,Yes,6,Medium,Medium,Public,Negative,3,Yes,High School,Far,Female,74,CLG0087,95,7.91,7.82,6,No,8,8,2,No
943,21,74,Medium,Medium,Yes,5,52,Medium,Yes,3,Medium,Medium,Private,Positive,1,No,High School,Near,Male,66,CLG0058,113,6.46,6.4,6,No,0,5,1,No
944,24,66,High,Low,Yes,8,81,High,Yes,1,Medium,Medium,Public,Neutral,4,No,High School,Far,Male,65,CLG0085,107,6.3,6.36,1,No,2,4,0,No
945,14,89,Medium,Low,No,9,96,Low,Yes,2,Low,High,Private,Neutral,3,No,College,Moderate,Female,66,CLG0055,76,5.19,5.46,7,Yes,0,5,5,No
946,18,96,High,Medium,No,7,56,Low,Yes,2,Medium,Medium,Private,Neutral,1,No,College,Near,Female,69,CLG0100,111,8.35,8.48,3,Yes,8,6,3,Yes
947,29,77,Medium,Low,Yes,10,91,High,Yes,2,Low,Medium,Public,Negative,4,No,Postgraduate,Near,Female,70,CLG0027,100,6.01,6.4,8,No,7,10,4,No
948,15,92,Low,Medium,No,8,69,Medium,Yes,1,High,Medium,Private,Neutral,4,No,Postgraduate,Near,Male,68,CLG0071,101,5.01,4.94,1,No,2,9,5,No
949,19,75,Medium,Medium,No,7,65,Low,Yes,0,Low,Low,Private,Neutral,4,No,High School,Near,Female,63,CLG0037,102,5.26,5.12,3,Yes,10,2,5,No
950,23,94,Low,Low,Yes,9,75,Medium,Yes,3,Low,Medium,Private,Neutral,2,No,Postgraduate,Moderate,Female,69,CLG0049,76,7.14,7.1,5,Yes,6,10,2,No
951,15,76,High,High,No,8,53,Medium,Yes,1,Low,Medium,Public,Neutral,4,No,College,Near,Male,65,CLG0016,83,6.24,6.26,10,Yes,4,1,2,No
952,19,96,Medium,Low,Yes,5,86,Medium,No,3,Medium,Medium,Public,Positive,3,No,High School,Moderate,Male,69,CLG0075,104,9.72,9.47,8,Yes,6,4,3,No
953,15,94,Medium,Medium,No,7,84,Medium,Yes,0,Medium,High,Public,Positive,2,No,High School,Moderate,Male,68,CLG0069,100,5.87,6.12,10,No,2,8,1,No
954,17,93,Medium,Medium,No,8,87,Low,Yes,2,High,High,Private,Negative,3,No,College,Moderate,Male,69,CLG0065,98,6.75,6.6,9,No,5,10,5,No
955,22,85,Low,Medium,Yes,4,79,Medium,Yes,1,High,Low,Public,Positive,2,No,College,Near,Male,68,CLG0055,102,9.83,10.08,9,No,10,1,3,No
956,23,68,Low,Low,Yes,7,92,Medium,No,3,Low,High,Private,Neutral,4,No,High School,Near,Male,65,CLG0045,99,9.98,10.1,3,No,0,4,0,No
957,23,78,Low,Medium,No,7,84,High,Yes,0,Low,Medium,Private,Neutral,3,No,College,Near,Male,66,CLG0010,91,6.76,6.87,4,Yes,9,4,0,No
958,10,86,High,High,Yes,6,91,High,Yes,2,Low,Medium,Private,Positive,3,No,High School,Far,Female,68,CLG0081,93,9.69,9.31,2,No,7,6,2,No
959,25,70,Low,High,No,8,73,High,Yes,1,Low,Low,Public,Negative,2,No,Postgraduate,Near,Male,65,CLG0067,113,7.13,7.17,7,Yes,3,2,3,No
960,18,87,Low,Low,No,8,57,Medium,No,3,High,High,Public,Positive,4,No,High School,Near,Male,66,CLG0067,110,9.2,9.46,7,No,10,1,0,No
961,34,75,Low,Medium,Yes,5,66,Medium,Yes,0,Low,Medium,Private,Positive,3,No,High School,Near,Male,68,CLG0036,119,6.48,6.65,4,No,5,7,2,No
962,15,94,Medium,Medium,Yes,6,77,Low,Yes,3,High,High,Private,Neutral,4,No,College,Near,Female,70,CLG0085,94,5.96,6.01,7,Yes,2,4,3,No
963,24,94,Medium,Medium,No,7,63,Medium,Yes,1,Low,High,Public,Neutral,3,No,High School,Near,Male,70,CLG0019,89,5.06,4.72,6,No,5,10,5,No
964,19,91,Low,High,Yes,9,84,High,Yes,2,High,High,Public,Positive,3,Yes,High School,Near,Male,71,CLG0078,100,6.73,6.74,5,No,5,1,3,No
965,12,80,High,Medium,No,5,72,Medium,Yes,1,High,Medium,Private,Positive,4,Yes,High School,Near,Female,65,CLG0046,107,5.11,5.26,9,No,5,4,4,No
966,18,96,Medium,Medium,Yes,7,88,Medium,Yes,1,Medium,High,Private,Negative,3,No,High School,Moderate,Female,70,CLG0038,93,7.59,7.6,4,Yes,6,7,3,No
967,21,88,Medium,Low,No,9,75,High,No,1,Medium,High,Private,Neutral,2,No,Postgraduate,Moderate,Female,67,CLG0001,98,7.7,7.41,5,No,7,4,1,No
968,22,88,Medium,Medium,Yes,5,60,Low,Yes,1,Low,Medium,Public,Neutral,2,No,High School,Moderate,Male,67,CLG0023,102,9.92,10.19,6,Yes,4,2,1,No
969,19,91,Medium,Low,Yes,8,74,Low,Yes,4,Medium,Medium,Public,Neutral,2,Yes,Postgraduate,Near,Female,69,CLG0084,104,8.09,7.74,10,No,4,10,0,No
970,25,84,Medium,Medium,Yes,5,64,Medium,Yes,0,Low,Medium,Public,Negative,3,No,College,Moderate,Female,67,CLG0033,103,7.29,7.29,2,No,10,1,3,No
971,18,66,Medium,High,Yes,4,86,Medium,Yes,2,Medium,Medium,Public,Negative,4,No,College,Near,Female,66,CLG0087,106,7.41,7.59,2,Yes,9,10,1,No
972,12,68,Medium,High,No,7,98,Medium,Yes,1,Medium,High,Private,Neutral,4,No,High School,Near,Male,65,CLG0038,104,7.18,7.33,5,Yes,10,4,5,No
973,15,81,Medium,Medium,Yes,8,52,Medium,Yes,0,Medium,Medium,Public,Neutral,2,No,Postgraduate,Near,Male,65,CLG0079,94,6.62,6.91,9,No,3,8,2,No
974,12,99,Medium,Medium,Yes,7,66,Low,Yes,3,Medium,Low,Private,Negative,1,No,Postgraduate,Moderate,Female,67,CLG0090,73,6.52,6.47,8,No,8,4,2,No
975,28,83,Medium,Low,No,8,61,Medium,Yes,1,Low,Medium,Private,Negative,5,Yes,Postgraduate,Near,Male,67,CLG0026,121,5.88,6.16,1,Yes,10,5,1,No
976,23,90,Medium,High,Yes,5,78,High,No,1,Medium,Medium,Private,Neutral,3,No,High School,Moderate,Male,70,CLG0005,85,5.09,4.89,9,No,2,4,0,No
977,20,62,Medium,Low,Yes,6,80,High,No,1,Medium,High,Public,Neutral,3,No,College,Moderate,Female,62,CLG0088,79,9.91,10.03,2,No,2,2,0,No
978,28,89,Medium,Medium,No,6,75,Medium,Yes,1,Low,Low,Private,Negative,3,No,High School,Moderate,Male,68,CLG0098,94,5.07,5.3,9,Yes,0,9,3,No
979,27,94,Medium,Low,No,5,77,Medium,Yes,0,Medium,High,Public,Positive,2,No,College,Near,Female,71,CLG0096,85,9.67,10.04,3,No,4,1,1,No
980,32,84,Medium,Medium,Yes,8,87,Medium,No,2,Medium,Medium,Public,Positive,1,No,High School,Far,Male,70,CLG0023,109,8.69,8.89,1,No,6,8,0,No
981,32,62,High,Medium,No,7,86,Low,Yes,0,Low,Medium,Public,Positive,2,No,High School,Near,Female,67,CLG0040,125,7.28,7.6,1,No,9,3,4,No
982,29,65,Low,Medium,Yes,4,92,Medium,No,0,Medium,Medium,Private,Positive,4,No,High School,Near,Female,66,CLG0042,103,5.52,5.3,4,No,9,1,2,No
983,8,65,Medium,Medium,No,10,74,Medium,Yes,1,Medium,High,Private,Positive,5,No,High School,Near,Male,61,CLG0041,75,9.54,9.67,2,No,9,10,1,No
984,27,97,Medium,Medium,No,9,69,Medium,Yes,1,Low,Medium,Private,Neutral,2,No,High School,Moderate,Female,70,CLG0054,134,7.56,7.65,3,No,0,4,4,No
985,26,73,Low,High,No,7,72,Medium,Yes,1,Low,Low,Private,Neutral,3,No,College,Far,Male,65,CLG0046,85,8.26,8.49,7,Yes,0,1,0,No
986,23,97,Medium,High,No,9,84,Low,Yes,1,High,Medium,Public,Positive,3,Yes,High School,Far,Female,71,CLG0027,105,5.5,5.76,3,No,8,9,3,No
987,20,83,High,Low,Yes,8,66,Medium,Yes,1,High,Medium,Private,Neutral,3,Yes,College,Near,Female,67,CLG0025,123,5.95,5.84,2,No,0,1,2,No
988,35,91,Low,Medium,Yes,10,63,Low,Yes,1,Medium,Medium,Public,Neutral,5,No,High School,Near,Male,72,CLG0031,100,8.58,8.97,3,No,8,10,4,Yes
989,24,60,High,Low,Yes,5,69,Medium,Yes,1,Medium,High,Public,Neutral,5,No,High School,Moderate,Male,64,CLG0003,119,8.31,8.42,8,No,4,7,3,Yes
990,14,73,High,Medium,Yes,5,98,Medium,Yes,2,Low,Medium,Public,Negative,4,No,High School,Moderate,Female,65,CLG0066,105,9.85,9.42,7,Yes,9,7,2,No
991,20,62,Low,Low,No,6,92,High,Yes,2,Medium,Medium,Public,Positive,3,No,Postgraduate,Moderate,Male,63,CLG0001,88,6.56,6.49,8,Yes,9,10,2,No
992,27,99,Low,Low,Yes,7,58,Low,Yes,2,Medium,Medium,Private,Positive,2,No,Postgraduate,Moderate,Male,71,CLG0071,107,9.68,9.35,1,Yes,9,5,0,No
993,32,93,High,Medium,No,6,98,Medium,Yes,0,Medium,Medium,Public,Neutral,4,Yes,High School,Near,Male,73,CLG0060,103,8.8,9.08,2,Yes,9,2,2,No
994,22,91,High,Medium,Yes,8,76,Low,Yes,2,Medium,Medium,Public,Neutral,3,No,College,Moderate,Female,71,CLG0060,90,6.92,6.73,4,No,1,8,0,No
995,15,60,Medium,Low,No,9,65,Medium,Yes,1,Medium,High,Public,Negative,5,No,College,Moderate,Male,60,CLG0021,112,6.25,6.1,4,No,1,9,4,Yes
996,21,78,Low,High,No,8,91,Medium,No,1,Medium,Low,Private,Negative,5,No,Postgraduate,Near,Female,67,CLG0089,103,6.82,6.43,10,No,2,8,1,No
997,17,86,High,Low,Yes,4,60,High,Yes,2,High,Low,Private,Positive,3,Yes,College,Moderate,Female,67,CLG0025,102,6.99,7.11,9,No,9,5,3,No
998,16,84,Medium,High,Yes,7,86,Medium,Yes,1,Low,Medium,Private,Neutral,2,No,High School,Near,Female,67,CLG0079,76,7.94,8.34,1,Yes,6,1,4,No
999,24,68,High,Low,No,6,84,Medium,Yes,1,Low,High,Public,Positive,4,No,High School,Near,Female,66,CLG0015,94,8.54,8.99,9,Yes,1,4,5,No
1000,26,77,Medium,Medium,Yes,5,100,Low,Yes,1,Low,High,Private,Positive,5,No,High School,Near,Female,70,CLG0063,104,6.5,6.16,10,No,4,2,3,No
1001,24,71,High,Medium,No,8,65,Medium,Yes,1,Low,Medium,Private,Negative,2,No,High School,Near,Male,65,CLG0092,74,8.65,8.53,1,Yes,3,6,1,No
1002,27,90,Low,Medium,No,9,52,Low,No,2,Low,High,Public,Positive,2,Yes,College,Near,Male,86,CLG0093,74,9.91,9.52,4,Yes,5,7,4,No
1003,14,68,Medium,High,No,7,76,Medium,Yes,2,High,Medium,Public,Positive,3,No,High School,Near,Male,65,CLG0006,130,7.48,7.52,3,Yes,8,1,4,No
1004,18,80,Medium,High,Yes,7,57,Medium,Yes,2,Low,Low,Public,Positive,3,No,Postgraduate,Far,Female,66,CLG0037,147,7.58,7.14,4,No,0,8,2,Yes
1005,31,80,High,High,Yes,6,57,Low,Yes,1,Medium,High,Private,Positive,3,No,High School,Near,Female,72,CLG0020,100,7.44,7.25,9,Yes,10,5,1,No
1006,18,89,High,Low,Yes,7,52,Medium,Yes,1,High,High,Public,Positive,3,No,Postgraduate,Near,Female,69,CLG0075,109,7.89,8.25,6,Yes,7,3,4,No
1007,24,63,Medium,Medium,Yes,8,78,Medium,Yes,0,Low,High,Private,Negative,3,No,High School,Near,Male,64,CLG0026,135,8.65,8.79,10,Yes,8,2,1,No
1008,24,89,Medium,Low,Yes,9,53,Medium,Yes,1,Low,High,Private,Neutral,3,No,High School,Near,Male,68,CLG0009,100,9.89,9.71,1,Yes,8,4,0,No
1009,21,81,High,Medium,Yes,4,51,Medium,Yes,0,Medium,Medium,Private,Positive,2,No,College,Moderate,Female,67,CLG0072,57,8.94,8.86,4,No,6,4,2,No
1010,17,82,High,Medium,No,7,88,Medium,Yes,1,Medium,Medium,Public,Negative,1,Yes,High School,Near,Male,66,CLG0061,85,7.67,7.73,10,Yes,1,10,0,No
1011,25,76,Medium,High,Yes,4,78,Medium,Yes,2,Medium,Medium,Private,Negative,3,No,High School,Moderate,Female,68,CLG0033,86,5.23,5.15,9,No,8,7,1,No
1012,26,97,Medium,Medium,No,8,85,Low,No,2,High,Low,Public,Neutral,3,No,High School,Near,Male,71,CLG0016,100,8.42,8.88,4,Yes,9,2,0,No
1013,19,66,High,High,Yes,8,59,Medium,Yes,1,Medium,Low,Public,Positive,2,No,Postgraduate,Moderate,Female,65,CLG0070,94,5.42,5.42,2,Yes,2,5,4,No
1014,27,88,Medium,Low,No,7,56,High,Yes,2,Low,Medium,Public,Neutral,4,No,Postgraduate,Near,Female,70,CLG0077,120,6.29,6.21,7,Yes,1,4,3,No
1015,21,76,Medium,Low,Yes,5,78,High,No,0,Low,High,Public,Neutral,3,No,High School,Near,Male,65,CLG0094,119,5.62,6.05,7,Yes,5,3,1,No
1016,13,98,High,Medium,Yes,5,89,High,Yes,1,High,Medium,Public,Negative,3,No,High School,Near,Male,70,CLG0100,76,6.92,7.0,8,No,4,5,2,No
1017,21,71,High,Medium,Yes,9,55,Low,Yes,2,High,High,Public,Positive,1,No,Postgraduate,Moderate,Male,67,CLG0096,84,6.19,6.03,10,No,3,10,3,No
1018,11,95,Medium,Medium,Yes,5,95,Low,Yes,1,Low,High,Public,Positive,3,No,Postgraduate,Near,Male,69,CLG0021,96,8.04,8.2,10,Yes,1,10,0,No
1019,14,68,High,Medium,No,6,65,Medium,Yes,1,High,Medium,Public,Neutral,3,Yes,College,Near,Male,63,CLG0016,103,8.23,8.48,3,Yes,0,2,4,No
1020,10,77,High,High,No,7,84,Low,Yes,2,Low,High,Private,Neutral,1,No,High School,Far,Male,64,CLG0047,76,5.47,5.11,6,No,2,5,2,No
1021,22,75,Medium,High,Yes,6,63,Low,Yes,1,Low,Medium,Public,Positive,2,No,College,Near,Male,67,CLG0045,124,7.22,7.37,9,No,2,6,3,No
1022,32,97,Medium,High,No,5,82,Medium,Yes,1,Medium,Medium,Public,Neutral,3,No,High School,Moderate,Male,74,CLG0045,99,9.24,8.81,3,Yes,4,10,5,Yes
1023,18,69,High,High,Yes,8,54,Low,Yes,1,High,High,Private,Neutral,2,No,High School,Near,Male,65,CLG0032,94,7.29,7.43,1,Yes,10,7,1,No
1024,16,78,Medium,Medium,Yes,4,78,Medium,Yes,5,High,Medium,Public,Positive,3,No,High School,Near,Female,68,CLG0082,124,6.91,6.91,2,Yes,7,1,0,No
1025,26,94,High,Low,Yes,5,53,Low,Yes,0,Low,High,Public,Neutral,2,No,High School,Near,Male,69,CLG0026,74,8.71,9.14,9,No,6,7,0,No
1026,17,74,Medium,Medium,Yes,8,58,Low,Yes,1,High,Medium,Public,Neutral,2,No,College,Far,Male,63,CLG0051,108,8.46,8.37,3,Yes,6,9,4,Yes
1027,22,92,High,Low,No,8,82,Medium,Yes,2,Medium,Medium,Private,Neutral,5,No,Postgraduate,Near,Male,72,CLG0090,92,7.99,7.82,4,Yes,9,10,1,No
1028,21,95,Low,Medium,No,7,78,High,Yes,2,Low,High,Public,Neutral,2,Yes,High School,Near,Male,69,CLG0016,82,5.85,5.91,10,No,1,7,2,No
1029,31,65,Medium,Low,Yes,7,71,Medium,Yes,1,Low,Medium,Public,Neutral,4,No,High School,Moderate,Male,65,CLG0084,79,8.55,8.27,7,Yes,2,6,5,No
1030,24,89,Medium,High,Yes,6,63,Medium,Yes,2,High,Medium,Private,Positive,3,No,College,Near,Male,72,CLG0038,131,8.66,8.96,4,No,9,8,2,Yes
1031,19,62,High,Medium,Yes,6,79,Low,Yes,7,Medium,Medium,Public,Neutral,2,No,High School,Near,Female,66,CLG0059,77,8.33,8.1,2,No,3,8,4,Yes
1032,29,78,Low,Medium,Yes,7,96,High,Yes,5,Low,Medium,Public,Positive,4,No,College,Moderate,Male,72,CLG0047,81,6.45,6.49,10,Yes,1,2,5,No
1033,17,78,Medium,Medium,No,7,86,Medium,No,0,Low,Low,Public,Neutral,3,No,College,Near,Female,63,CLG0053,114,8.82,9.03,3,Yes,1,3,2,Yes
1034,27,80,High,High,No,10,71,High,Yes,4,Low,Low,Public,Neutral,2,No,College,Near,Male,72,CLG0079,91,5.69,5.38,7,Yes,1,5,3,No
1035,18,78,Low,Low,Yes,8,77,Medium,Yes,2,Medium,High,Private,Neutral,4,No,College,Near,Female,66,CLG0001,124,6.09,6.32,9,Yes,2,6,3,No
1036,9,77,Medium,Medium,No,7,57,Low,Yes,2,Medium,Low,Public,Negative,3,No,High School,Near,Male,61,CLG0034,111,6.58,6.12,1,No,0,5,4,No
1037,22,95,High,Medium,No,7,59,Medium,Yes,2,Low,Medium,Public,Negative,3,Yes,High School,Near,Male,69,CLG0063,92,6.49,6.16,9,No,6,9,2,No
1038,19,70,High,Low,No,7,66,Medium,Yes,1,High,Low,Private,Neutral,4,No,College,Moderate,Male,64,CLG0074,122,8.05,8.42,8,No,6,10,3,Yes
1039,20,85,Low,Medium,Yes,5,75,Low,Yes,1,Medium,Medium,Public,Neutral,2,No,College,Near,Male,67,CLG0068,113,9.56,9.62,3,No,0,5,0,No
1040,15,68,Medium,High,No,6,55,Medium,No,0,High,Medium,Private,Positive,3,No,High School,Near,Female,62,CLG0095,135,7.28,7.09,5,No,0,1,2,No
1041,20,69,Medium,High,Yes,7,97,Medium,Yes,3,Medium,High,Public,Positive,3,Yes,College,Near,Female,68,CLG0065,86,7.05,6.61,7,No,6,6,2,No
1042,33,70,Medium,Medium,Yes,6,82,Low,Yes,1,Low,High,Public,Neutral,4,No,College,Near,Male,69,CLG0006,73,8.68,8.41,6,Yes,5,1,0,No
1043,20,90,High,Medium,No,7,74,Low,No,0,High,Low,Private,Positive,3,No,Postgraduate,Moderate,Female,68,CLG0027,86,8.03,8.39,6,No,3,1,4,No
1044,21,80,Medium,Medium,No,7,92,Low,Yes,1,Medium,Medium,Public,Positive,3,No,High School,Moderate,Male,67,CLG0070,122,6.06,6.19,3,No,7,5,1,No
1045,20,87,Low,High,Yes,6,75,Medium,Yes,0,Low,Medium,Public,Positive,3,Yes,Postgraduate,Near,Male,68,CLG0048,94,7.06,6.78,10,No,2,1,2,No
1046,14,88,Medium,Medium,Yes,7,66,Medium,Yes,4,Medium,High,Public,Positive,3,No,High School,Near,Female,69,CLG0046,120,6.81,6.77,7,Yes,4,7,5,No
1047,21,86,Medium,Medium,Yes,9,86,High,Yes,2,Medium,Medium,Public,Neutral,3,No,Postgraduate,Near,Male,71,CLG0012,90,9.83,10.17,8,No,2,7,5,No
1048,24,83,Low,High,No,6,85,Low,Yes,1,Low,High,Public,Neutral,4,No,High School,Moderate,Female,68,CLG0021,117,7.05,6.56,9,Yes,4,6,5,No
1049,21,77,Low,Medium,Yes,7,90,Medium,Yes,4,Medium,Medium,Private,Neutral,3,No,Postgraduate,Moderate,Male,68,CLG0059,110,8.87,9.0,10,Yes,0,2,5,No
1050,19,73,Medium,Medium,Yes,6,64,Low,Yes,1,High,Medium,Public,Positive,3,No,College,Moderate,Female,65,CLG0053,99,5.24,5.39,8,Yes,6,10,0,No
1051,13,65,Low,High,Yes,6,73,Medium,Yes,0,Low,Medium,Private,Positive,3,No,Postgraduate,Near,Female,62,CLG0031,82,8.58,8.09,1,No,6,3,3,No
1052,10,69,Medium,Medium,Yes,5,65,Low,Yes,0,Medium,Medium,Private,Positive,3,No,High School,Near,Female,60,CLG0048,105,9.04,9.18,4,No,10,10,5,Yes
1053,17,100,Medium,Medium,No,5,76,Low,Yes,3,Low,High,Private,Neutral,3,No,Postgraduate,Moderate,Female,70,CLG0047,101,8.03,7.6,6,No,0,1,1,No
1054,28,87,Medium,Medium,No,8,95,Medium,Yes,2,Medium,Low,Private,Positive,3,No,Postgraduate,Near,Female,73,CLG0086,97,7.19,6.94,5,No,2,10,2,No
1055,22,87,High,High,No,5,80,Low,Yes,2,Low,High,Public,Negative,3,No,High School,Near,Female,70,CLG0066,107,6.45,6.01,8,No,4,3,2,No
1056,24,69,Low,High,No,5,83,Low,Yes,3,Low,Medium,Private,Neutral,3,No,High School,Near,Male,66,CLG0094,109,8.1,8.31,8,No,10,10,5,Yes
1057,20,66,Low,Medium,Yes,6,83,Medium,Yes,2,Low,Medium,Private,Neutral,3,No,College,Near,Male,64,CLG0036,118,8.7,8.33,6,No,1,3,3,Yes
1058,15,95,High,Medium,Yes,9,58,Low,Yes,2,Low,High,Private,Neutral,3,No,High School,Near,Female,69,CLG0066,89,6.45,6.94,4,Yes,7,3,3,No
1059,19,75,Medium,High,Yes,8,83,High,Yes,2,High,Medium,Public,Neutral,2,No,High School,Near,Male,68,CLG0073,128,6.59,6.47,2,Yes,5,4,4,No
1060,19,89,Low,Medium,Yes,5,60,Low,Yes,4,Medium,Medium,Public,Positive,2,No,Postgraduate,Moderate,Female,69,CLG0025,122,9.7,9.48,6,No,1,2,5,Yes
1061,31,68,High,Medium,No,7,86,Low,Yes,1,Low,Medium,Private,Positive,3,No,High School,Moderate,Female,68,CLG0095,109,6.57,6.32,7,Yes,7,9,1,No
1062,25,75,Low,Low,Yes,7,82,Medium,Yes,3,Medium,High,Private,Negative,4,No,Postgraduate,Near,Male,68,CLG0100,91,5.83,6.15,2,No,6,8,0,No
1063,24,65,Medium,Medium,No,7,55,Low,Yes,1,Low,High,Private,Positive,3,Yes,High School,Near,Female,63,CLG0027,108,8.9,8.96,1,No,8,7,4,No
1064,18,73,Low,Medium,Yes,8,88,Low,Yes,3,Low,Medium,Public,Positive,4,No,College,Moderate,Male,65,CLG0073,95,9.71,10.01,3,No,4,9,0,No
1065,28,93,Medium,Medium,No,7,79,High,Yes,0,Medium,Medium,Public,Positive,4,No,Postgraduate,Near,Male,74,CLG0089,115,8.34,8.3,10,No,8,10,0,Yes
1066,19,93,High,Medium,Yes,8,68,Medium,Yes,1,High,High,Public,Positive,3,No,Postgraduate,Near,Female,72,CLG0093,96,5.32,5.57,2,Yes,5,3,5,No
1067,13,82,Medium,High,No,7,82,Medium,Yes,1,Low,Low,Public,Positive,3,No,High School,Near,Female,65,CLG0016,105,9.85,10.07,2,No,2,9,2,Yes
1068,18,85,Medium,High,No,7,69,Medium,Yes,2,Low,Medium,Private,Positive,4,No,High School,Near,Male,68,CLG0060,86,8.93,8.84,2,Yes,2,5,5,No
1069,23,97,High,Low,Yes,9,94,High,Yes,2,Low,Medium,Public,Positive,3,No,High School,Moderate,Male,73,CLG0034,98,5.31,5.38,6,No,1,4,2,No
1070,24,80,Medium,Medium,Yes,7,60,Medium,Yes,1,High,High,Public,Positive,3,No,High School,Moderate,Female,68,CLG0049,87,7.14,7.42,7,Yes,6,7,2,No
1071,17,72,Low,Medium,No,8,96,High,Yes,2,Low,High,Public,Neutral,3,No,High School,Near,Male,65,CLG0063,93,8.73,8.9,2,Yes,5,6,0,No
1072,12,81,Low,Medium,Yes,5,68,High,Yes,0,Low,High,Private,Negative,2,No,High School,Near,Male,62,CLG0076,72,5.47,5.93,5,Yes,9,10,5,No
1073,18,88,Low,Medium,No,8,87,Medium,Yes,2,Medium,High,Public,Neutral,2,No,Postgraduate,Moderate,Female,68,CLG0029,112,8.38,8.83,8,Yes,5,3,5,Yes
1074,20,87,Medium,Medium,No,7,99,Medium,Yes,3,Low,Medium,Public,Negative,3,No,High School,Near,Male,69,CLG0011,106,5.77,6.02,6,Yes,3,2,1,No
1075,21,96,Medium,Medium,Yes,5,71,Medium,Yes,2,Low,High,Public,Negative,4,No,High School,Moderate,Male,70,CLG0039,97,9.53,9.15,2,Yes,5,9,5,Yes
1076,21,69,Medium,Medium,Yes,9,80,High,Yes,2,Medium,High,Public,Positive,5,No,College,Near,Male,68,CLG0001,95,8.1,8.52,4,Yes,4,10,0,No
1077,20,81,High,Medium,Yes,4,55,Medium,Yes,1,High,Medium,Private,Positive,2,No,Postgraduate,Moderate,Male,68,CLG0096,81,6.22,6.18,8,No,2,1,0,No
1078,15,65,High,Medium,No,5,93,Low,Yes,2,Low,Medium,Public,Neutral,4,Yes,High School,Near,Female,63,CLG0013,80,6.62,6.17,6,No,3,1,2,No
1079,21,63,Low,Medium,Yes,6,77,Low,Yes,3,Medium,High,Public,Negative,1,No,High School,Near,Male,63,CLG0027,108,5.31,5.01,10,No,7,2,1,No
1080,22,79,Medium,Medium,No,9,94,Medium,Yes,1,Medium,Medium,Public,Positive,3,No,High School,Near,Male,68,CLG0100,146,9.74,9.62,9,No,6,3,3,Yes
1081,23,68,High,Low,Yes,8,68,Medium,Yes,1,Medium,Medium,Public,Neutral,2,No,College,Near,Male,65,CLG0069,79,8.89,9.23,1,No,4,8,1,No
1082,27,91,Low,High,No,5,87,Medium,No,0,Medium,Medium,Public,Negative,3,No,High School,Near,Female,69,CLG0064,99,9.48,9.13,7,Yes,9,1,4,No
1083,24,63,High,Low,Yes,7,91,Low,Yes,4,Low,Medium,Private,Positive,4,No,High School,Near,Female,67,CLG0056,91,5.02,4.84,6,Yes,0,4,0,No
1084,22,72,Low,High,No,7,88,Medium,No,2,Medium,Medium,Public,Positive,4,No,High School,Near,Female,66,CLG0054,108,7.02,7.26,1,No,7,7,3,No
1085,22,66,Medium,High,No,8,95,Low,Yes,3,Medium,Medium,Private,Positive,3,No,High School,Moderate,Female,67,CLG0069,124,8.45,8.79,1,No,9,3,4,Yes
1086,24,62,Medium,Medium,Yes,8,56,Medium,Yes,0,Medium,Medium,Private,Positive,2,No,College,Moderate,Male,63,CLG0025,73,9.7,9.4,8,Yes,7,2,0,No
1087,24,86,Low,Low,Yes,8,98,Medium,Yes,2,High,Medium,Public,Positive,5,No,Postgraduate,Far,Male,71,CLG0001,92,6.74,6.35,2,Yes,10,2,3,No
1088,17,91,Medium,Low,Yes,7,62,Low,Yes,3,High,Medium,Public,Negative,3,No,Postgraduate,Near,Male,68,CLG0012,77,6.23,5.96,7,Yes,2,1,2,No
1089,23,92,Medium,High,No,7,72,Medium,Yes,0,Low,Medium,Public,Neutral,4,No,College,Far,Female,69,CLG0021,96,9.54,9.42,6,No,8,5,5,No
1090,15,98,High,Medium,No,6,58,High,Yes,0,Low,High,Public,Positive,3,No,College,Near,Male,69,CLG0071,87,9.29,9.32,4,No,0,6,1,No
1091,16,77,Medium,High,Yes,8,74,Medium,Yes,0,High,Low,Private,Neutral,2,No,College,Moderate,Female,65,CLG0095,85,7.0,7.17,10,No,0,10,4,No
1092,18,84,Medium,Low,Yes,9,68,Low,Yes,0,Medium,High,Private,Negative,2,No,Postgraduate,Near,Female,66,CLG0028,96,6.77,7.07,3,No,0,3,1,No
1093,18,74,Medium,High,No,8,72,High,Yes,1,Low,High,Public,Negative,2,No,College,Moderate,Male,65,CLG0091,79,7.73,7.34,9,Yes,8,5,4,No
1094,22,77,Medium,Medium,Yes,7,74,High,Yes,2,Low,Low,Private,Negative,4,No,College,Near,Male,67,CLG0005,105,5.05,4.76,4,No,8,4,0,No
1095,22,61,Medium,Medium,No,6,84,Low,Yes,0,Medium,Medium,Public,Positive,2,No,Postgraduate,Near,Male,64,CLG0033,78,6.49,6.65,4,No,10,3,0,No
1096,8,64,High,Medium,No,7,82,High,Yes,0,High,Medium,Public,Neutral,1,Yes,Postgraduate,Near,Female,61,CLG0038,104,9.59,9.92,4,No,3,1,0,No
1097,22,70,Low,Medium,Yes,5,61,High,Yes,1,Low,Medium,Public,Negative,3,No,College,Moderate,Male,63,CLG0072,94,9.88,9.94,4,No,7,8,5,Yes
1098,34,87,Medium,Low,No,6,69,High,Yes,3,Low,Medium,Private,Neutral,2,No,College,Moderate,Male,72,CLG0076,100,9.44,9.18,6,Yes,2,8,3,Yes
1099,18,91,Low,Medium,Yes,5,76,Medium,Yes,1,Medium,Medium,Public,Neutral,3,No,High School,Near,Female,68,CLG0066,129,9.16,9.39,8,Yes,4,1,3,Yes
1100,30,81,Medium,High,No,6,76,Medium,Yes,0,High,Medium,Public,Positive,3,No,Postgraduate,Near,Male,72,CLG0067,130,6.82,7.18,10,Yes,5,9,2,Yes
1101,18,90,Medium,Medium,No,7,65,Low,Yes,4,Medium,Medium,Public,Positive,3,No,College,Near,Female,69,CLG0041,92,7.72,8.12,2,No,4,8,1,No
1102,14,80,High,Low,Yes,6,61,Medium,Yes,0,Medium,High,Public,Neutral,4,No,College,Moderate,Female,65,CLG0086,97,8.4,8.81,3,No,2,7,0,No
1103,16,85,Medium,Medium,Yes,5,86,Low,No,3,Medium,Medium,Public,Positive,2,No,High School,Near,Male,67,CLG0087,89,9.07,8.97,2,No,0,9,2,Yes
1104,15,62,Medium,Medium,No,7,74,High,Yes,0,Low,High,Public,Negative,3,No,Postgraduate,Moderate,Female,61,CLG0053,116,6.91,7.07,10,No,0,2,3,No
1105,26,71,Medium,Low,Yes,8,99,Medium,Yes,1,Medium,High,Public,Positive,3,No,High School,Far,Male,67,CLG0023,86,9.96,10.38,6,No,6,9,5,Yes
1106,18,65,Medium,High,Yes,6,60,Low,Yes,0,Medium,High,Private,Neutral,3,No,High School,Moderate,Female,62,CLG0057,66,8.37,8.4,10,Yes,1,9,0,No
1107,26,75,Low,Medium,No,6,72,Medium,Yes,0,Low,High,Public,Neutral,3,No,High School,Near,Male,66,CLG0057,92,8.05,7.56,2,Yes,9,4,3,No
1108,17,87,Medium,High,No,4,68,Medium,Yes,2,Low,Low,Public,Positive,4,No,Postgraduate,Moderate,Male,68,CLG0023,92,5.31,5.7,9,Yes,2,2,5,No
1109,29,80,Medium,Medium,Yes,6,71,Medium,Yes,0,Medium,Medium,Public,Positive,3,No,College,Moderate,Female,70,CLG0032,120,7.32,7.3,5,No,8,1,0,No
1110,24,94,High,Low,Yes,8,80,High,No,1,Low,Medium,Public,Neutral,4,No,High School,Near,Female,70,CLG0081,66,5.23,5.53,5,Yes,0,7,5,No
1111,21,88,High,Medium,Yes,6,91,Low,Yes,0,Low,Medium,Private,Neutral,4,No,Postgraduate,Moderate,Female,70,CLG0013,111,7.34,6.95,10,No,3,7,2,No
1112,12,64,Medium,Low,No,5,67,Medium,Yes,3,Low,Medium,Private,Positive,2,Yes,High School,Near,Male,59,CLG0001,103,8.64,8.17,4,No,3,5,1,No
1113,23,84,High,Medium,Yes,6,78,Low,Yes,2,Low,Low,Public,Negative,2,No,High School,Moderate,Female,68,CLG0055,96,9.81,9.41,9,Yes,5,4,3,No
1114,27,80,Low,Low,Yes,5,94,High,Yes,3,High,Medium,Public,Negative,3,No,High School,Near,Male,69,CLG0087,60,9.44,9.48,9,No,1,7,4,No
1115,20,84,High,High,Yes,10,63,Medium,Yes,0,Low,Medium,Private,Positive,4,No,High School,Near,Female,69,CLG0097,105,9.59,9.85,10,No,7,6,1,No
1116,12,83,Medium,High,No,8,61,Medium,Yes,3,High,Medium,Public,Neutral,5,Yes,High School,Near,Male,66,CLG0024,89,6.86,7.21,3,Yes,4,10,4,No
1117,13,65,Low,High,No,6,99,Medium,Yes,0,Low,Medium,Private,Negative,4,No,High School,Near,Male,61,CLG0010,97,8.15,8.03,1,No,7,7,0,No
1118,31,69,High,Low,Yes,7,60,Medium,Yes,1,Low,Medium,Public,Neutral,3,No,Postgraduate,Near,Female,68,CLG0007,89,7.67,8.0,7,No,8,4,2,No
1119,23,76,Medium,High,Yes,6,85,Low,Yes,2,Low,Medium,Public,Positive,3,Yes,High School,Far,Male,66,CLG0030,94,9.09,8.87,5,Yes,0,3,3,No
1120,16,95,Low,Medium,Yes,6,69,Low,Yes,2,Low,High,Public,Neutral,3,Yes,College,Near,Male,67,CLG0017,100,8.74,8.27,3,No,8,4,0,No
1121,28,89,Low,High,Yes,9,79,High,Yes,0,Low,Medium,Private,Positive,1,No,College,Moderate,Female,71,CLG0012,80,5.13,4.82,10,No,9,2,2,No
1122,13,86,Medium,Medium,No,7,80,Medium,Yes,0,Low,Medium,Private,Negative,5,No,College,Near,Male,65,CLG0018,142,9.64,9.9,10,No,9,10,3,Yes
1123,9,74,Medium,High,No,7,66,Low,Yes,1,High,High,Private,Neutral,3,No,High School,Far,Female,62,CLG0058,100,5.05,4.65,6,No,0,3,0,No
1124,17,64,Medium,High,Yes,8,67,Medium,Yes,3,Low,Medium,Public,Negative,3,No,College,Near,Male,64,CLG0049,82,6.76,6.28,9,Yes,6,10,3,No
1125,23,73,High,High,No,6,50,Medium,Yes,1,Medium,Medium,Public,Positive,3,No,College,Near,Male,68,CLG0029,75,7.34,7.45,2,No,5,3,1,No
1126,21,90,High,Medium,Yes,8,75,Medium,Yes,4,Low,High,Public,Neutral,2,No,High School,Moderate,Male,71,CLG0042,96,8.58,8.55,5,Yes,4,6,2,No
1127,24,90,Low,Medium,Yes,7,55,Medium,Yes,1,High,Medium,Public,Negative,2,No,Postgraduate,Far,Male,68,CLG0026,97,8.73,9.19,9,No,6,4,1,No
1128,24,86,Medium,High,No,6,68,Low,Yes,3,Low,High,Public,Positive,3,Yes,College,Moderate,Female,70,CLG0003,92,9.06,8.58,4,No,5,9,0,No
1129,18,94,High,Medium,Yes,8,77,Medium,Yes,3,Medium,High,Public,Positive,4,No,Postgraduate,Near,Male,74,CLG0061,80,6.51,6.05,2,Yes,1,6,0,No
1130,20,87,Medium,Medium,No,8,89,Low,Yes,2,Medium,Medium,Public,Neutral,3,No,High School,Moderate,Male,68,CLG0055,112,7.56,7.82,7,Yes,5,3,0,No
1131,20,63,Medium,Medium,No,7,72,Low,Yes,3,Low,High,Public,Negative,5,Yes,Postgraduate,Near,Male,63,CLG0096,104,7.57,7.55,1,No,7,1,5,No
1132,22,79,Medium,Medium,Yes,7,91,Low,Yes,0,Low,Medium,Public,Positive,4,Yes,College,Moderate,Male,66,CLG0074,71,8.09,8.06,2,No,3,10,2,Yes
1133,23,71,Medium,Medium,Yes,5,50,Medium,Yes,1,Low,High,Public,Positive,1,No,College,Near,Female,65,CLG0076,100,8.87,8.94,10,No,3,10,0,No
1134,18,98,Low,Low,Yes,7,90,Low,Yes,0,High,High,Private,Positive,1,No,High School,Moderate,Male,68,CLG0096,90,5.82,5.47,9,No,0,7,4,No
1135,25,92,Medium,Medium,Yes,4,74,Medium,Yes,3,Low,High,Public,Positive,2,Yes,High School,Moderate,Female,71,CLG0092,109,5.05,4.94,5,Yes,9,3,4,No
1136,18,69,Medium,Low,No,7,54,Medium,Yes,1,Low,High,Public,Neutral,4,No,High School,Moderate,Male,61,CLG0041,101,6.89,6.69,9,No,2,9,5,No
1137,28,76,Medium,Medium,Yes,6,71,Medium,Yes,3,Low,Medium,Private,Positive,2,No,High School,Far,Female,68,CLG0075,103,8.31,8.63,3,No,10,9,5,Yes
1138,22,72,Medium,Medium,No,5,78,High,Yes,1,Low,High,Public,Positive,3,No,High School,Near,Female,66,CLG0005,93,5.35,5.78,9,Yes,10,7,4,No
1139,9,69,High,Medium,Yes,7,82,High,Yes,1,High,High,Public,Positive,2,No,High School,Near,Female,65,CLG0046,88,9.08,9.28,5,Yes,4,1,4,No
1140,29,90,High,Medium,Yes,7,94,Medium,Yes,1,Low,Low,Private,Neutral,4,No,High School,Near,Female,73,CLG0060,100,8.57,8.66,7,No,5,5,3,No
1141,13,93,Low,Medium,No,6,96,High,Yes,2,High,Medium,Private,Negative,3,No,High School,Near,Female,68,CLG0008,108,6.04,6.54,4,No,5,1,2,No
1142,24,93,High,Medium,Yes,8,51,High,Yes,4,Medium,Medium,Private,Positive,2,Yes,High School,Near,Male,72,CLG0045,100,7.54,7.25,5,Yes,7,3,2,No
1143,20,63,Medium,Medium,Yes,6,94,Medium,No,2,Medium,Medium,Public,Neutral,3,No,High School,Far,Female,63,CLG0088,100,9.46,9.75,4,No,1,5,4,No
1144,17,60,Medium,High,Yes,8,50,High,Yes,0,Low,High,Public,Positive,4,No,High School,Near,Female,63,CLG0048,107,7.54,7.57,8,No,3,10,3,No
1145,14,86,Low,Medium,Yes,10,78,Medium,Yes,3,Medium,High,Private,Negative,4,Yes,High School,Near,Female,66,CLG0072,98,6.31,5.95,7,Yes,3,2,0,No
1146,19,93,Medium,High,No,7,95,Low,Yes,3,Medium,Medium,Private,Negative,3,No,High School,Near,Female,71,CLG0040,109,9.49,9.61,5,No,4,8,1,No
1147,5,79,High,High,Yes,9,89,Low,Yes,3,Medium,Medium,Private,Neutral,3,No,College,Near,Female,66,CLG0029,90,5.05,4.81,9,No,4,9,5,No
1148,20,64,High,Low,Yes,6,50,High,Yes,0,Low,Medium,Private,Neutral,2,No,High School,Near,Male,62,CLG0002,78,8.02,7.82,6,Yes,4,3,2,No
1149,21,91,Medium,High,Yes,9,66,Low,Yes,3,Low,Medium,Public,Neutral,4,No,College,Moderate,Female,70,CLG0091,115,5.52,5.62,9,Yes,4,10,1,No
1150,28,88,High,Medium,No,8,79,Medium,Yes,0,Medium,Medium,Public,Positive,3,No,High School,Far,Male,71,CLG0077,100,5.98,5.89,9,No,1,7,2,No
1151,19,99,Medium,Low,Yes,7,87,Low,Yes,1,Medium,Medium,Public,Positive,4,No,High School,Moderate,Female,70,CLG0021,123,5.75,5.45,6,Yes,6,10,2,Yes
1152,13,70,Medium,Medium,No,5,59,Medium,Yes,0,Medium,High,Private,Positive,2,No,Postgraduate,Near,Female,63,CLG0029,87,6.55,6.36,8,No,4,8,4,No
1153,6,66,High,Medium,Yes,7,62,Low,Yes,2,Low,Medium,Public,Neutral,4,No,Postgraduate,Near,Male,61,CLG0004,120,6.63,6.19,1,Yes,0,9,5,Yes
1154,15,69,Medium,Medium,Yes,7,74,High,Yes,2,Low,Medium,Private,Neutral,5,No,Postgraduate,Near,Female,65,CLG0053,91,7.33,7.03,2,No,9,3,0,No
1155,17,64,Medium,Medium,Yes,7,78,High,Yes,1,Medium,Medium,Public,Positive,3,No,High School,Near,Male,64,CLG0078,76,6.62,6.4,8,Yes,10,2,2,No
1156,16,92,Medium,Medium,Yes,7,76,High,No,0,High,Medium,Private,Neutral,2,No,Postgraduate,Far,Male,68,CLG0015,127,6.44,6.49,3,No,10,7,2,No
1157,17,74,Medium,Low,No,9,64,Medium,Yes,2,Medium,Medium,Public,Neutral,3,No,High School,Near,Male,63,CLG0040,117,5.38,5.53,6,Yes,4,9,2,Yes
1158,13,99,Medium,Medium,Yes,6,57,Medium,Yes,1,Low,Medium,Public,Negative,5,No,College,Near,Male,68,CLG0094,91,9.87,10.17,4,No,1,6,3,No
1159,22,63,High,Low,No,5,53,High,Yes,2,High,Medium,Public,Neutral,1,No,Postgraduate,Moderate,Male,64,CLG0054,90,5.65,5.93,8,No,6,3,4,No
1160,21,79,High,Low,Yes,7,98,High,Yes,2,Low,Medium,Public,Positive,1,No,High School,Near,Male,69,CLG0025,71,6.01,5.61,7,No,0,2,0,No
1161,30,63,High,High,No,8,97,Medium,Yes,1,Low,High,Public,Neutral,3,No,High School,Near,Female,69,CLG0043,78,8.07,8.41,7,No,8,10,2,Yes
1162,18,94,Medium,Medium,Yes,7,69,Medium,Yes,1,Medium,High,Public,Positive,2,No,High School,Far,Female,69,CLG0083,68,5.69,5.51,1,No,0,10,5,No
1163,18,73,Medium,Medium,Yes,8,74,Low,No,3,Medium,High,Private,Neutral,2,No,Postgraduate,Near,Male,66,CLG0091,94,9.4,9.61,7,No,4,3,3,No
1164,16,97,High,Low,Yes,8,60,Medium,Yes,0,Low,High,Public,Positive,3,No,High School,Near,Male,69,CLG0062,106,6.59,6.92,6,No,9,8,5,No
1165,22,99,Medium,Medium,Yes,5,71,High,Yes,0,Medium,High,Public,Neutral,4,No,College,Near,Female,72,CLG0057,77,9.4,9.48,8,Yes,4,6,4,No
1166,7,88,Medium,High,Yes,7,64,Low,Yes,2,Medium,High,Public,Neutral,4,No,Postgraduate,Moderate,Male,66,CLG0035,97,9.57,9.33,10,No,1,5,4,No
1167,25,67,Low,Medium,No,8,95,Medium,Yes,0,Medium,Medium,Public,Neutral,4,No,Postgraduate,Moderate,Female,65,CLG0035,100,8.28,8.77,3,Yes,4,6,2,No
1168,19,93,High,High,No,7,84,Medium,Yes,5,Low,High,Public,Negative,3,No,High School,Near,Female,73,CLG0053,84,9.15,9.26,6,No,10,3,1,No
1169,17,83,High,Medium,Yes,6,98,Medium,Yes,0,Medium,Medium,Public,Positive,3,No,High School,Near,Male,69,CLG0069,105,5.0,4.61,8,No,7,3,1,No
1170,22,99,High,Low,No,7,65,Medium,Yes,3,Low,Low,Public,Neutral,3,No,Postgraduate,Near,Female,71,CLG0083,80,7.91,7.57,5,No,8,10,4,No
1171,16,92,Medium,High,Yes,8,68,Medium,Yes,1,Medium,High,Public,Positive,2,No,High School,Near,Male,70,CLG0030,91,6.42,6.21,1,Yes,4,4,5,No
1172,19,70,Medium,Medium,No,5,89,Medium,Yes,1,Low,High,Private,Neutral,2,No,High School,Near,Male,64,CLG0082,94,5.43,5.68,8,Yes,7,5,5,No
1173,19,77,High,Medium,Yes,6,77,High,Yes,1,Low,High,Private,Neutral,3,No,College,Near,Female,68,CLG0043,99,5.56,5.95,4,Yes,0,8,2,No
1174,20,72,Medium,Medium,No,9,66,Medium,Yes,3,Low,High,Private,Positive,3,No,Postgraduate,Near,Male,67,CLG0008,95,5.91,6.12,1,No,8,10,3,No
1175,16,76,Low,Medium,Yes,5,79,Medium,Yes,0,Low,High,Public,Positive,4,No,Postgraduate,Moderate,Female,65,CLG0015,111,8.61,8.57,9,Yes,7,10,5,Yes
1176,18,96,Medium,Medium,Yes,4,93,Medium,Yes,0,Medium,High,Public,Positive,4,No,College,Near,Female,72,CLG0099,70,8.05,7.74,10,No,6,10,3,No
1177,25,65,Medium,Low,Yes,6,50,Medium,Yes,2,Low,Medium,Public,Positive,2,No,College,Near,Female,64,CLG0039,83,7.55,7.34,2,No,9,6,4,No
1178,25,85,Low,Medium,No,5,55,Low,Yes,3,High,Medium,Public,Negative,3,No,High School,Moderate,Female,67,CLG0020,107,5.89,6.03,6,No,5,6,5,No
1179,25,90,High,High,Yes,8,83,Medium,Yes,2,Medium,Medium,Public,Negative,3,No,College,Near,Male,73,CLG0010,97,8.55,8.2,2,No,2,8,4,Yes
1180,16,68,Medium,Low,Yes,10,64,Medium,Yes,2,High,Low,Public,Negative,2,No,High School,Moderate,Male,61,CLG0092,94,9.69,9.31,6,No,8,10,2,Yes
1181,24,69,High,Medium,No,7,69,Medium,No,7,High,Medium,Public,Positive,3,No,College,Near,Female,70,CLG0033,97,8.68,8.49,5,No,7,4,3,No
1182,21,80,Medium,Medium,Yes,5,84,Low,Yes,4,Low,Medium,Private,Neutral,2,No,Postgraduate,Near,Female,69,CLG0011,113,5.14,5.31,9,No,5,2,0,No
1183,29,70,Medium,Medium,Yes,4,91,Low,Yes,2,Low,Medium,Public,Positive,3,No,College,Near,Male,69,CLG0095,75,8.94,8.69,9,Yes,5,2,3,No
1184,14,98,High,High,Yes,7,76,Medium,Yes,0,Low,Medium,Public,Neutral,2,No,Postgraduate,Near,Male,71,CLG0015,84,9.41,9.14,8,No,1,5,5,No
1185,15,61,High,Low,Yes,9,52,Medium,Yes,1,Medium,Medium,Private,Neutral,3,No,High School,Moderate,Female,60,CLG0053,109,9.31,9.8,7,Yes,3,2,2,No
1186,23,68,High,Medium,No,6,60,Medium,Yes,1,Low,Medium,Public,Neutral,3,No,High School,Near,Female,64,CLG0028,96,9.14,9.39,4,Yes,10,9,4,Yes
1187,5,65,Low,High,No,7,71,Medium,Yes,0,Low,Medium,Private,Negative,2,No,College,Far,Male,56,CLG0015,78,5.86,5.56,7,Yes,3,6,2,No
1188,11,63,High,High,Yes,5,85,High,No,0,Low,High,Public,Positive,4,Yes,High School,Moderate,Female,62,CLG0057,105,5.76,5.68,4,No,7,3,1,No
1189,26,63,Medium,Medium,Yes,5,76,Medium,Yes,3,Medium,High,Public,Neutral,5,Yes,High School,Near,Female,66,CLG0089,104,8.34,8.36,2,Yes,0,6,4,No
1190,27,86,High,Medium,No,8,67,Medium,Yes,1,Low,Medium,Public,Positive,4,No,College,Near,Male,71,CLG0084,105,6.56,6.14,5,Yes,10,2,0,No
1191,22,67,Medium,Medium,Yes,7,72,High,Yes,3,Low,High,Public,Positive,2,No,Postgraduate,Moderate,Female,67,CLG0046,109,6.1,6.09,10,Yes,8,1,1,No
1192,18,66,High,High,No,4,51,Low,Yes,2,Low,Medium,Private,Neutral,2,No,College,Near,Male,64,CLG0013,114,6.8,6.37,5,No,4,5,1,No
1193,25,95,Medium,Medium,Yes,7,77,High,No,0,Low,High,Public,Neutral,3,No,Postgraduate,Near,Male,71,CLG0092,104,9.86,10.19,7,No,7,8,4,Yes
1194,18,75,Medium,Low,Yes,6,100,High,Yes,2,Low,Medium,Public,Positive,3,No,High School,Near,Female,67,CLG0065,86,8.43,8.01,1,Yes,0,10,4,Yes
1195,24,71,Medium,High,Yes,6,52,Medium,Yes,2,Medium,Medium,Private,Neutral,3,No,College,Far,Female,66,CLG0026,102,8.01,7.81,4,Yes,9,10,3,No
1196,25,74,High,High,Yes,9,88,Medium,Yes,3,Medium,High,Public,Neutral,3,Yes,High School,Near,Male,70,CLG0065,100,6.01,5.67,8,No,3,4,2,No
1197,20,94,Medium,High,Yes,10,81,Low,Yes,1,Medium,High,Public,Neutral,5,Yes,High School,Far,Female,69,CLG0031,103,9.97,10.09,5,No,2,1,4,No
1198,11,71,Low,Medium,Yes,8,55,Medium,Yes,1,Low,Medium,Public,Negative,3,No,College,Near,Female,87,CLG0039,117,8.43,8.71,7,Yes,4,3,3,Yes
1199,12,90,High,High,Yes,6,75,Low,No,2,Medium,Medium,Public,Neutral,3,No,Postgraduate,Near,Male,69,CLG0023,97,9.82,10.11,3,No,8,2,5,No
1200,25,60,Low,High,No,8,98,Medium,Yes,1,Medium,Medium,Public,Neutral,5,No,Postgraduate,Near,Female,67,CLG0073,110,7.47,7.29,3,Yes,10,5,3,No
1201,15,69,Medium,High,No,8,92,Low,Yes,0,Low,Medium,Public,Neutral,1,No,College,Moderate,Male,63,CLG0063,80,9.66,9.97,1,No,4,3,0,No
1202,27,76,High,High,No,9,67,Medium,Yes,1,Low,Medium,Public,Positive,4,No,High School,Far,Female,68,CLG0058,97,9.03,8.92,10,No,6,4,5,No
1203,20,89,High,High,Yes,10,91,Low,Yes,3,Medium,Medium,Private,Neutral,3,No,College,Moderate,Male,72,CLG0033,107,8.14,7.92,7,No,2,5,5,No
1204,17,98,Medium,Low,Yes,6,62,Low,Yes,1,Medium,Medium,Private,Neutral,2,No,College,Near,Female,68,CLG0084,128,7.94,8.37,8,Yes,7,5,5,Yes
1205,11,100,High,High,Yes,8,58,High,Yes,1,Low,Medium,Private,Positive,3,No,College,Near,Female,70,CLG0019,79,5.52,5.32,4,No,9,8,1,No
1206,21,76,Low,Medium,Yes,7,80,High,Yes,3,Low,Medium,Public,Negative,2,Yes,College,Near,Male,65,CLG0024,90,8.12,7.72,6,No,1,1,2,No
1207,27,79,Low,High,Yes,8,63,High,Yes,2,Low,Medium,Public,Negative,5,No,College,Moderate,Female,69,CLG0087,103,7.4,7.62,3,Yes,5,3,0,No
1208,13,87,High,Medium,Yes,4,96,Low,Yes,3,Low,Low,Public,Neutral,3,Yes,College,Near,Male,67,CLG0021,95,8.44,8.36,5,No,7,7,5,No
1209,19,71,Medium,High,Yes,9,94,High,Yes,1,High,Medium,Private,Positive,4,No,High School,Near,Male,68,CLG0053,99,5.61,5.92,4,Yes,3,6,3,No
1210,21,74,Low,Medium,Yes,5,88,Medium,Yes,1,Medium,High,Public,Neutral,1,No,College,Near,Male,66,CLG0058,99,5.05,5.16,10,Yes,6,5,2,No
1211,29,95,High,Medium,Yes,7,91,Low,Yes,1,Low,Medium,Public,Neutral,3,No,High School,Moderate,Female,73,CLG0042,83,8.8,8.38,8,Yes,2,2,5,No
1212,27,88,Low,Medium,Yes,6,55,Low,No,2,Low,Medium,Public,Positive,5,No,High School,Far,Male,67,CLG0008,83,5.81,5.73,8,No,2,2,1,No
1213,13,74,High,High,Yes,5,88,Low,Yes,3,Low,Medium,Private,Neutral,3,Yes,College,Near,Female,66,CLG0014,105,7.47,7.51,6,No,7,8,4,No
1214,16,100,High,High,Yes,7,55,High,Yes,1,Low,Medium,Public,Negative,2,Yes,College,Moderate,Male,69,CLG0033,88,6.46,6.91,9,No,6,6,0,No
1215,15,74,High,High,No,8,60,Low,Yes,3,Low,Medium,Public,Positive,5,No,High School,Moderate,Male,66,CLG0081,116,7.01,7.37,4,No,4,9,2,Yes
1216,26,84,Medium,Medium,No,8,76,Medium,Yes,5,Medium,High,Public,Neutral,2,No,High School,Moderate,Male,71,CLG0056,107,7.07,7.55,10,No,9,10,2,No
1217,26,70,Medium,Low,Yes,8,75,Medium,Yes,1,Medium,Low,Private,Neutral,4,Yes,High School,Far,Female,63,CLG0066,78,8.73,8.78,3,No,7,9,0,No
1218,16,90,High,Low,No,6,90,Medium,Yes,2,High,Medium,Public,Neutral,3,No,High School,Near,Male,69,CLG0071,113,8.63,8.64,8,Yes,5,5,2,Yes
1219,12,83,Low,Medium,Yes,7,86,Low,Yes,1,High,Medium,Public,Negative,4,No,College,Near,Female,65,CLG0052,109,5.95,6.14,4,No,6,1,5,No
1220,26,71,Medium,Medium,Yes,7,91,Medium,No,2,Low,Medium,Private,Neutral,3,No,High School,Moderate,Female,66,CLG0094,103,6.85,6.45,10,No,5,10,1,No
1221,18,89,Medium,High,Yes,5,72,Low,Yes,4,Medium,Low,Public,Neutral,2,No,High School,Near,Female,69,CLG0051,90,6.18,6.52,10,Yes,9,6,2,No
1222,22,98,Medium,Low,Yes,7,52,Medium,No,3,Medium,Medium,Public,Positive,3,No,College,Near,Female,70,CLG0099,109,9.81,9.99,1,Yes,0,8,0,No
1223,16,75,High,Medium,Yes,9,62,Medium,Yes,3,Low,Medium,Public,Positive,4,No,High School,Moderate,Female,66,CLG0023,100,6.07,5.91,10,No,6,10,1,No
1224,19,67,Medium,Low,Yes,8,55,Medium,No,0,Medium,High,Private,Positive,4,No,High School,Near,Male,62,CLG0047,110,8.3,8.58,9,No,8,1,1,No
1225,22,77,Medium,High,No,6,71,High,Yes,3,Low,Medium,Public,Negative,4,No,High School,Far,Female,67,CLG0061,86,9.68,9.33,6,No,4,9,3,Yes
1226,21,87,Low,Low,Yes,6,82,Medium,Yes,0,Medium,High,Public,Neutral,5,No,Postgraduate,Near,Female,68,CLG0033,92,5.01,5.35,2,No,4,4,3,No
1227,17,90,High,Medium,No,8,82,Medium,Yes,0,Medium,High,Public,Neutral,4,No,College,Near,Male,70,CLG0029,107,7.39,7.11,4,Yes,8,4,0,No
1228,31,91,Medium,High,Yes,7,94,High,Yes,2,High,High,Public,Negative,3,No,High School,Far,Male,75,CLG0013,94,6.41,6.45,4,Yes,10,10,2,No
1229,20,95,Medium,Low,Yes,7,100,Low,No,3,Low,Medium,Private,Neutral,2,No,High School,Near,Female,69,CLG0016,99,5.9,5.43,6,Yes,1,4,4,No
1230,21,80,Medium,High,No,5,65,High,Yes,2,Medium,Low,Private,Neutral,1,No,Postgraduate,Moderate,Male,68,CLG0053,84,8.24,8.72,8,Yes,9,5,3,No
1231,18,75,Low,Medium,Yes,7,59,Low,Yes,0,Medium,Medium,Public,Positive,2,Yes,High School,Near,Female,62,CLG0054,76,6.67,6.35,9,Yes,4,5,3,No
1232,21,72,Medium,Low,Yes,6,96,Low,Yes,4,High,Medium,Public,Positive,2,Yes,College,Moderate,Female,66,CLG0056,87,6.67,6.73,10,No,2,8,0,No
1233,22,63,Low,Low,No,8,83,Medium,Yes,3,Medium,Medium,Private,Negative,1,No,College,Near,Male,63,CLG0038,107,9.93,9.44,5,Yes,3,5,3,No
1234,13,61,Low,Low,No,7,73,Low,Yes,2,High,Medium,Public,Positive,2,No,High School,Near,Female,59,CLG0052,102,8.62,8.17,4,Yes,5,6,1,No
1235,17,78,Medium,Medium,No,8,98,Low,Yes,2,Medium,Medium,Private,Positive,2,No,High School,Near,Male,66,CLG0066,114,9.54,9.21,6,Yes,4,1,3,Yes
1236,27,80,Low,Low,No,6,65,Low,Yes,1,Low,Medium,Public,Positive,4,No,Postgraduate,Near,Male,67,CLG0093,97,9.33,8.96,5,No,8,7,3,No
1237,25,96,Medium,Low,Yes,9,55,High,Yes,2,Medium,High,Public,Neutral,4,No,High School,Moderate,Male,71,CLG0087,104,8.56,8.66,4,No,6,10,0,No
1238,11,100,Low,High,No,9,77,Medium,Yes,2,Medium,High,Public,Positive,3,No,Postgraduate,Near,Female,70,CLG0094,99,7.0,6.57,6,Yes,2,8,3,No
1239,21,84,High,High,No,7,51,Medium,Yes,0,Medium,Medium,Public,Positive,3,No,High School,Moderate,Male,68,CLG0092,109,7.8,7.77,7,No,0,8,1,No
1240,14,77,Medium,Medium,Yes,5,60,Low,Yes,1,High,High,Private,Negative,3,No,Postgraduate,Far,Male,64,CLG0099,105,5.9,5.66,3,No,5,7,0,No
1241,23,79,Medium,Medium,Yes,6,87,Medium,No,2,Low,High,Public,Neutral,4,No,College,Moderate,Male,68,CLG0038,112,9.07,9.47,4,No,8,3,3,Yes
1242,26,96,Medium,Medium,Yes,5,63,Medium,No,1,High,Medium,Private,Positive,2,No,Postgraduate,Near,Male,72,CLG0063,87,8.46,8.57,5,Yes,9,7,0,No
1243,18,64,Medium,High,Yes,5,76,Low,Yes,1,Low,Medium,Public,Positive,4,No,High School,Moderate,Male,64,CLG0038,102,8.86,8.59,3,Yes,1,10,5,Yes
1244,21,96,High,High,Yes,5,58,Medium,Yes,0,High,High,Public,Neutral,4,No,College,Far,Male,72,CLG0047,126,6.81,6.33,6,No,2,2,0,No
1245,20,61,High,High,Yes,9,54,Medium,Yes,2,High,Medium,Private,Positive,4,No,Postgraduate,Near,Male,67,CLG0049,122,9.92,10.13,1,Yes,4,7,0,No
1246,27,66,Low,High,No,6,67,Low,Yes,1,High,High,Public,Negative,4,No,College,Far,Female,65,CLG0095,81,9.09,9.29,7,No,7,3,2,No
1247,12,86,High,Medium,Yes,5,76,Low,No,2,High,Medium,Public,Positive,3,No,Postgraduate,Near,Female,68,CLG0072,71,9.91,9.84,1,No,5,4,5,No
1248,10,73,Medium,Low,Yes,9,58,Low,Yes,5,Low,Medium,Private,Negative,3,No,High School,Moderate,Male,61,CLG0034,86,7.91,7.47,8,Yes,3,8,1,No
1249,15,91,Medium,Low,Yes,6,91,Low,Yes,0,Medium,Medium,Public,Positive,3,No,College,Moderate,Female,67,CLG0043,99,8.03,7.76,9,No,2,6,4,No
1250,25,92,Medium,Medium,Yes,9,79,Medium,Yes,3,Medium,High,Public,Negative,4,No,College,Moderate,Male,72,CLG0044,93,6.44,5.98,6,Yes,3,9,1,No
1251,22,73,High,Medium,Yes,7,70,Low,No,2,Low,Medium,Public,Positive,3,No,College,Near,Male,66,CLG0060,95,7.87,7.42,8,No,0,7,2,No
1252,14,81,Low,Medium,Yes,5,78,Medium,Yes,2,High,High,Public,Positive,4,No,Postgraduate,Near,Male,68,CLG0013,87,7.76,7.62,2,Yes,5,3,2,No
1253,35,90,High,Medium,Yes,7,92,Low,No,0,Low,Medium,Private,Neutral,4,No,High School,Near,Male,73,CLG0098,74,9.88,9.95,4,Yes,0,1,4,No
1254,23,79,Low,Medium,Yes,6,70,Medium,Yes,3,Medium,High,Public,Negative,4,No,Postgraduate,Moderate,Female,68,CLG0080,95,8.17,7.68,6,No,5,4,5,No
1255,20,76,Medium,Medium,No,6,94,Low,Yes,2,Low,High,Public,Neutral,3,Yes,High School,Moderate,Male,65,CLG0073,98,5.33,5.06,3,No,0,9,0,No
1256,21,100,Medium,Medium,No,5,58,Medium,Yes,2,Medium,Medium,Private,Neutral,2,No,High School,Moderate,Male,69,CLG0006,97,9.07,8.9,7,No,7,1,5,No
1257,9,69,High,High,Yes,10,92,Medium,Yes,2,Low,Medium,Private,Neutral,3,No,Postgraduate,Near,Male,65,CLG0082,104,8.79,8.41,5,Yes,10,4,4,No
1258,18,93,Low,High,No,7,75,High,Yes,1,High,Medium,Private,Positive,1,No,College,Moderate,Female,69,CLG0075,87,6.32,6.42,9,No,10,5,1,No
1259,21,86,Low,Medium,Yes,5,51,Medium,Yes,2,Low,High,Public,Positive,2,No,High School,Moderate,Female,67,CLG0032,90,7.03,7.1,10,No,7,6,4,No
1260,23,66,Medium,Medium,Yes,6,80,Medium,Yes,1,Medium,Medium,Public,Positive,3,No,College,Near,Female,66,CLG0082,92,6.88,6.45,1,No,8,6,2,No
1261,11,97,Medium,Medium,Yes,7,68,Low,Yes,0,Low,Medium,Private,Negative,2,No,High School,Moderate,Female,64,CLG0027,106,9.76,10.19,2,Yes,6,3,1,No
1262,19,87,High,Low,Yes,8,86,Low,Yes,1,Medium,High,Public,Positive,4,No,High School,Moderate,Female,69,CLG0066,93,8.9,8.71,5,Yes,10,7,1,No
1263,33,66,Medium,Medium,Yes,6,59,Medium,Yes,3,High,Medium,Public,Positive,2,No,Postgraduate,Near,Female,70,CLG0038,98,9.41,9.41,5,Yes,9,3,1,No
1264,25,62,Medium,Medium,Yes,7,95,Low,Yes,1,High,Medium,Public,Neutral,4,Yes,College,Near,Male,65,CLG0052,85,7.41,7.07,1,No,10,6,2,No
1265,13,65,Medium,High,No,7,75,Low,Yes,2,Medium,High,Private,Neutral,4,No,High School,Moderate,Male,63,CLG0044,88,5.35,5.05,9,Yes,7,9,0,No
1266,23,69,Medium,High,Yes,7,62,Medium,Yes,1,Medium,Medium,Public,Neutral,4,Yes,High School,Far,Male,64,CLG0076,86,9.51,9.69,6,No,4,10,1,No
1267,18,94,Medium,Medium,Yes,4,71,Medium,Yes,3,High,Low,Public,Positive,3,No,College,Near,Female,71,CLG0080,112,8.5,8.61,8,No,6,2,2,Yes
1268,18,64,Medium,High,Yes,9,89,Low,Yes,1,Medium,High,Private,Neutral,3,No,High School,Moderate,Male,64,CLG0098,128,8.22,8.29,4,Yes,6,10,4,Yes
1269,20,75,High,High,Yes,7,71,High,Yes,1,Medium,High,Public,Positive,4,No,College,Moderate,Male,69,CLG0072,104,6.87,7.08,2,No,7,2,4,No
1270,16,94,Medium,Medium,No,7,76,Low,Yes,2,Medium,Medium,Public,Neutral,3,Yes,High School,Near,Female,67,CLG0054,96,9.55,9.79,2,Yes,0,7,0,No
1271,19,85,High,Medium,No,4,71,Low,Yes,1,Medium,High,Public,Negative,3,No,High School,Far,Female,66,CLG0080,94,6.09,6.09,9,Yes,0,8,5,No
1272,27,76,High,High,Yes,9,55,Medium,Yes,3,Low,Medium,Private,Neutral,0,No,High School,Moderate,Female,69,CLG0067,96,5.42,5.7,4,No,4,9,4,No
1273,24,63,Medium,Medium,Yes,8,85,High,Yes,1,Low,Medium,Private,Positive,3,No,High School,Far,Female,65,CLG0027,99,7.59,7.81,7,Yes,3,6,2,No
1274,20,81,Low,Medium,Yes,6,61,Low,No,0,Low,Medium,Public,Positive,4,Yes,High School,Near,Female,63,CLG0007,66,6.96,6.52,9,Yes,6,5,1,No
1275,12,92,Low,Low,Yes,7,78,High,Yes,3,Medium,High,Public,Negative,2,No,College,Near,Male,67,CLG0011,114,8.33,8.25,7,No,4,2,4,Yes
1276,27,90,Medium,High,No,7,86,High,Yes,2,Medium,Medium,Public,Positive,3,No,College,Moderate,Male,74,CLG0039,92,8.71,9.15,3,Yes,4,6,5,No
1277,18,95,Low,High,No,7,96,Medium,Yes,2,Medium,High,Private,Positive,4,Yes,High School,Moderate,Male,70,CLG0033,88,6.27,5.86,8,No,0,8,0,No
1278,16,89,High,Medium,Yes,8,58,Low,Yes,2,Low,Medium,Public,Neutral,3,No,College,Moderate,Male,67,CLG0075,116,7.7,7.98,3,No,4,5,0,No
1279,16,69,Medium,High,Yes,6,55,Medium,Yes,1,Medium,High,Public,Negative,1,No,High School,Moderate,Male,62,CLG0048,108,5.42,5.89,6,No,1,4,3,No
1280,11,65,Medium,High,No,7,78,Medium,Yes,2,Low,Medium,Public,Neutral,3,No,Postgraduate,Near,Female,63,CLG0041,114,8.21,8.66,6,No,2,1,0,No
1281,21,95,Medium,High,Yes,8,57,Low,No,1,Low,Medium,Public,Positive,3,No,High School,Near,Male,69,CLG0058,125,8.2,8.29,2,No,9,10,5,Yes
1282,27,63,High,High,Yes,4,92,Medium,Yes,0,Low,Medium,Public,Neutral,3,No,College,Near,Female,68,CLG0062,79,7.69,8.13,7,Yes,0,1,4,No
1283,24,80,Medium,High,No,5,51,Medium,Yes,3,High,Low,Public,Positive,2,No,High School,Near,Female,68,CLG0049,103,6.12,5.86,8,No,6,8,0,No
1284,16,66,High,High,No,5,68,High,No,2,Low,Medium,Public,Positive,5,No,Postgraduate,Moderate,Male,65,CLG0052,87,6.52,6.87,7,Yes,6,1,1,No
1285,19,75,High,High,Yes,6,96,Medium,Yes,2,Medium,Medium,Public,Positive,4,No,High School,Near,Female,70,CLG0064,102,7.53,7.67,8,Yes,7,9,4,No
1286,21,63,Medium,Low,Yes,7,54,Low,Yes,1,Medium,Medium,Private,Positive,3,No,College,Moderate,Female,62,CLG0063,96,8.5,8.3,10,Yes,2,9,0,No
1287,17,68,Medium,Medium,Yes,10,57,Medium,Yes,1,High,Medium,Private,Positive,1,Yes,High School,Moderate,Female,62,CLG0090,76,9.31,8.99,2,No,1,4,3,No
1288,22,61,High,Medium,Yes,7,80,High,Yes,3,Medium,High,Public,Neutral,3,No,Postgraduate,Moderate,Male,67,CLG0032,107,8.55,8.56,4,Yes,2,10,2,Yes
1289,11,81,Medium,Medium,Yes,6,82,High,Yes,3,Medium,High,Public,Neutral,4,No,High School,Near,Male,67,CLG0096,111,9.4,9.57,7,No,9,9,4,Yes
1290,23,81,Medium,Medium,No,7,85,Low,Yes,0,Medium,Medium,Public,Positive,4,No,High School,Near,Male,68,CLG0100,111,7.09,7.3,4,No,1,6,3,No
1291,20,90,Medium,Medium,Yes,4,83,High,Yes,1,Low,Low,Public,Positive,3,No,College,Near,Male,69,CLG0059,86,7.71,8.01,7,No,3,9,2,Yes
1292,24,76,Medium,Low,Yes,8,59,Medium,Yes,2,Medium,Medium,Public,Positive,4,No,College,Far,Male,66,CLG0068,84,7.81,8.13,8,No,6,4,2,No
1293,20,90,High,Low,No,4,88,Medium,Yes,3,Low,Medium,Public,Negative,3,No,High School,Moderate,Male,69,CLG0079,98,9.72,9.93,5,No,5,5,0,No
1294,16,70,Low,High,Yes,4,85,High,Yes,0,Medium,Medium,Private,Neutral,3,No,High School,Near,Male,64,CLG0032,117,7.73,8.2,10,No,5,6,1,No
1295,15,75,Medium,High,Yes,4,65,High,Yes,1,Low,Low,Private,Positive,4,No,Postgraduate,Moderate,Female,66,CLG0039,90,7.06,7.03,7,No,4,10,2,No
1296,6,69,High,Medium,Yes,10,94,Medium,No,1,Medium,Medium,Private,Neutral,4,No,Postgraduate,Near,Female,63,CLG0072,70,7.28,7.68,9,Yes,3,4,2,No
1297,22,79,High,Medium,Yes,6,63,Medium,Yes,1,Medium,High,Public,Neutral,4,No,High School,Near,Female,68,CLG0073,52,9.23,8.89,3,No,5,3,5,No
1298,13,82,High,Medium,No,6,56,High,Yes,2,Low,High,Public,Neutral,4,No,Postgraduate,Near,Male,67,CLG0004,74,8.84,8.85,5,Yes,6,2,0,No
1299,22,65,High,Low,No,8,82,Medium,Yes,2,Medium,High,Public,Positive,1,No,Postgraduate,Near,Female,66,CLG0007,98,8.79,8.86,2,No,6,8,4,Yes
1300,23,66,Medium,Medium,No,7,76,Low,Yes,1,High,Medium,Public,Neutral,2,No,College,Moderate,Male,64,CLG0023,84,5.66,5.87,2,No,1,9,3,No
1301,3,96,High,High,Yes,9,59,Medium,Yes,2,Low,Medium,Public,Negative,3,No,College,Moderate,Female,66,CLG0042,123,6.64,6.36,7,No,5,8,0,No
1302,18,83,Medium,High,No,4,65,Low,Yes,3,Low,Medium,Public,Positive,4,No,College,Moderate,Male,68,CLG0056,83,5.88,5.68,10,Yes,5,2,0,No
1303,25,73,Low,Low,No,8,69,Medium,Yes,3,Medium,Medium,Private,Positive,3,No,High School,Near,Female,66,CLG0005,99,9.84,9.8,4,No,7,7,4,No
1304,14,69,Low,High,No,8,62,High,Yes,1,Medium,High,Private,Neutral,2,No,High School,Near,Male,63,CLG0098,116,9.36,9.0,9,Yes,10,1,3,Yes
1305,13,98,High,Low,Yes,6,56,Medium,Yes,1,High,Low,Public,Negative,3,No,College,Moderate,Female,67,CLG0023,95,8.58,8.49,5,No,5,7,5,No
1306,16,82,Medium,Medium,No,7,56,Low,Yes,0,High,High,Private,Negative,1,Yes,High School,Far,Female,79,CLG0035,88,7.3,7.5,2,No,10,10,4,No
1307,22,80,Low,Medium,No,8,67,Low,Yes,2,Low,Low,Private,Positive,2,No,Postgraduate,Moderate,Male,65,CLG0009,100,7.05,7.35,7,Yes,4,5,3,No
1308,15,64,High,Medium,No,7,59,Low,Yes,0,Low,Medium,Public,Neutral,3,Yes,High School,Near,Female,59,CLG0003,78,8.19,7.94,1,Yes,4,9,1,No
1309,32,86,Medium,Medium,Yes,6,77,Medium,No,2,Medium,Low,Private,Negative,4,No,High School,Near,Male,71,CLG0022,94,9.84,9.5,8,No,4,9,2,Yes
1310,24,77,High,Medium,Yes,7,57,Medium,Yes,3,Medium,High,Public,Positive,2,No,College,Far,Male,84,CLG0081,106,9.56,9.44,4,No,0,7,4,No
1311,19,76,Medium,Low,Yes,5,66,Medium,Yes,2,Medium,Medium,Private,Positive,4,No,College,Near,Female,66,CLG0097,81,7.17,6.81,2,Yes,2,4,0,No
1312,30,100,High,High,Yes,6,90,Low,Yes,0,Medium,Low,Public,Positive,2,Yes,High School,Near,Male,74,CLG0005,85,6.42,5.99,1,Yes,0,3,4,No
1313,23,84,Low,Low,No,6,74,Medium,No,3,Low,Medium,Public,Positive,1,No,High School,Near,Female,66,CLG0069,90,9.95,10.14,3,No,1,4,3,No
1314,12,72,Medium,Medium,No,6,88,High,Yes,2,High,Medium,Public,Positive,3,No,High School,Near,Female,65,CLG0073,96,6.7,6.43,4,Yes,9,2,5,No
1315,33,89,Low,Medium,No,8,99,Medium,Yes,2,High,High,Private,Positive,4,No,College,Moderate,Male,75,CLG0065,117,5.55,5.69,9,No,8,2,5,No
1316,19,70,High,High,No,4,63,Medium,Yes,1,Low,Medium,Private,Neutral,3,No,College,Far,Female,64,CLG0061,99,6.54,6.66,5,No,1,10,1,No
1317,17,65,Medium,High,No,9,79,Medium,Yes,0,Medium,Medium,Public,Positive,2,Yes,High School,Moderate,Male,62,CLG0087,72,7.83,7.95,5,No,5,8,1,No
1318,29,100,High,High,Yes,8,89,Medium,Yes,2,Medium,Medium,Private,Neutral,3,No,High School,Moderate,Female,76,CLG0081,106,7.6,7.29,2,No,7,9,3,No
1319,23,91,Medium,Low,Yes,6,71,Medium,Yes,5,Low,High,Public,Neutral,3,No,High School,Moderate,Female,70,CLG0017,87,8.25,7.97,2,Yes,2,8,3,No
1320,25,82,Medium,High,No,4,54,Medium,Yes,0,Medium,Medium,Public,Neutral,3,No,High School,Near,Male,67,CLG0024,88,9.25,9.28,3,No,6,5,2,No
1321,12,70,Low,High,Yes,9,53,Medium,Yes,2,Low,Medium,Public,Neutral,2,Yes,High School,Near,Male,60,CLG0008,90,7.46,7.21,5,Yes,10,10,1,No
1322,23,91,Medium,Low,Yes,10,98,High,Yes,0,Low,High,Private,Negative,3,No,High School,Near,Female,70,CLG0093,99,6.14,5.93,5,No,3,6,2,No
1323,30,84,High,Medium,Yes,7,72,Medium,Yes,3,Medium,Medium,Public,Positive,2,No,High School,Near,Male,73,CLG0055,98,9.68,9.68,3,No,4,5,5,No
1324,17,97,Medium,Low,No,7,73,High,No,1,Medium,High,Private,Neutral,4,No,College,Near,Male,69,CLG0076,69,9.61,9.75,2,No,6,4,0,No
1325,14,81,Medium,Medium,Yes,7,73,Low,No,1,High,Medium,Private,Positive,3,Yes,High School,Moderate,Male,63,CLG0025,104,7.25,7.15,7,Yes,6,1,4,No
1326,27,82,Medium,Medium,Yes,6,87,Low,No,2,Low,High,Public,Positive,2,No,High School,Near,Male,69,CLG0054,109,8.82,9.14,4,No,4,1,0,No
1327,11,64,Medium,Medium,Yes,8,66,Medium,Yes,2,Low,Medium,Public,Positive,2,No,College,Moderate,Male,61,CLG0036,95,6.16,6.2,5,Yes,4,8,0,No
1328,9,65,Medium,Medium,No,4,88,Low,Yes,1,Low,Medium,Public,Positive,3,No,College,Near,Male,61,CLG0007,99,5.47,5.17,6,No,3,10,3,No
1329,18,73,Medium,High,Yes,7,72,Low,Yes,1,Medium,Medium,Private,Neutral,1,Yes,High School,Moderate,Male,63,CLG0010,75,8.79,8.68,7,No,7,8,2,Yes
1330,25,98,Medium,High,Yes,8,51,Medium,Yes,0,Medium,Medium,Private,Positive,2,No,College,Moderate,Female,72,CLG0005,122,7.93,7.46,7,Yes,10,1,0,No
1331,25,99,High,Medium,Yes,6,97,High,Yes,0,Medium,Medium,Public,Positive,3,No,College,Moderate,Male,75,CLG0046,141,7.1,6.81,2,No,5,9,1,No
1332,33,71,Medium,Low,Yes,9,60,Medium,Yes,0,Medium,Medium,Public,Positive,4,Yes,High School,Near,Male,67,CLG0017,84,9.23,9.16,8,Yes,6,9,5,Yes
1333,21,88,Medium,High,No,7,93,Medium,Yes,4,Low,Medium,Public,Positive,3,No,High School,Near,Female,72,CLG0080,114,6.08,6.12,10,No,1,1,5,No
1334,15,66,Medium,High,Yes,7,60,High,Yes,2,High,Medium,Private,Negative,3,No,High School,Moderate,Female,63,CLG0098,68,9.5,9.08,8,Yes,8,7,2,No
1335,21,89,Medium,Medium,No,9,99,Medium,Yes,0,Medium,Medium,Private,Negative,3,No,High School,Near,Male,69,CLG0083,87,7.1,6.9,9,Yes,10,6,4,No
1336,18,96,Medium,High,Yes,6,92,Medium,Yes,2,Medium,Medium,Public,Positive,3,No,High School,Far,Male,71,CLG0055,85,9.03,9.0,2,No,4,3,0,No
1337,16,83,Low,Medium,Yes,8,92,Low,Yes,2,High,High,Public,Positive,4,No,Postgraduate,Near,Female,98,CLG0028,68,6.42,5.96,1,No,2,2,4,No
1338,15,96,Medium,High,No,5,86,Medium,Yes,2,High,Medium,Private,Positive,2,No,High School,Near,Male,71,CLG0041,102,8.63,8.62,4,No,4,6,0,No
1339,22,63,High,High,Yes,5,53,High,Yes,3,Low,High,Public,Negative,2,No,High School,Near,Male,66,CLG0065,83,8.02,8.42,9,No,3,1,2,No
1340,21,82,Medium,High,Yes,7,66,High,Yes,3,Low,Medium,Public,Positive,3,Yes,College,Near,Female,69,CLG0040,101,7.34,7.18,4,No,3,6,3,No
1341,18,93,Medium,Medium,No,7,76,Low,Yes,2,Medium,Medium,Private,Neutral,4,No,High School,Near,Female,96,CLG0017,108,9.13,8.95,3,Yes,1,10,4,Yes
1342,21,70,Low,Low,Yes,8,84,Medium,Yes,1,High,High,Public,Positive,3,Yes,Postgraduate,Near,Male,65,CLG0074,100,5.23,4.76,10,Yes,10,2,3,No
1343,17,92,Medium,Medium,Yes,8,79,Medium,Yes,1,Low,Medium,Public,Positive,3,No,Postgraduate,Near,Male,70,CLG0068,97,9.45,9.24,5,No,7,9,3,Yes
1344,30,64,High,Medium,No,6,81,Low,Yes,3,Medium,Medium,Public,Negative,2,No,College,Near,Female,68,CLG0046,111,7.32,7.24,1,No,3,10,2,Yes
1345,19,95,High,Low,No,10,58,Low,Yes,2,High,Medium,Public,Positive,3,No,High School,Near,Male,69,CLG0044,95,7.52,7.72,2,No,7,4,4,No
1346,13,63,Medium,Medium,No,10,73,Low,Yes,2,Low,High,Public,Negative,3,No,Postgraduate,Moderate,Male,61,CLG0025,100,7.42,7.77,8,Yes,4,2,0,No
1347,21,84,Medium,Medium,Yes,7,98,Medium,Yes,0,Medium,Medium,Public,Neutral,4,No,College,Near,Male,70,CLG0094,69,8.54,8.19,3,No,2,9,1,No
1348,23,83,Medium,Low,No,7,67,Medium,Yes,3,Low,Low,Public,Negative,4,No,High School,Moderate,Female,66,CLG0032,98,8.82,8.41,10,No,6,2,4,No
1349,17,66,Medium,Medium,Yes,8,83,Medium,Yes,4,Medium,High,Private,Negative,5,No,High School,Moderate,Male,65,CLG0091,96,6.45,6.1,4,Yes,3,8,0,No
1350,25,94,High,High,No,5,85,High,Yes,1,Medium,Medium,Public,Neutral,2,No,College,Near,Female,74,CLG0029,114,9.63,9.6,4,No,9,4,4,Yes
1351,25,70,Medium,Medium,No,7,85,Medium,Yes,1,Medium,Medium,Public,Negative,4,No,High School,Near,Male,66,CLG0015,94,5.35,5.53,4,No,8,1,1,No
1352,28,61,High,Medium,Yes,4,92,Low,Yes,1,Medium,High,Private,Neutral,4,No,College,Near,Female,68,CLG0081,95,8.47,8.79,3,Yes,3,3,5,No
1353,7,70,Medium,Medium,Yes,6,51,Medium,Yes,0,High,Medium,Private,Neutral,1,No,High School,Moderate,Female,59,CLG0003,91,5.42,5.77,3,Yes,2,5,3,No
1354,27,95,Medium,High,No,7,81,Low,Yes,3,Low,Medium,Public,Neutral,2,No,High School,Moderate,Male,72,CLG0067,115,6.77,7.01,3,Yes,2,9,2,Yes
1355,21,88,High,Low,No,6,58,Medium,Yes,3,High,Medium,Private,Neutral,4,No,College,Near,Male,70,CLG0051,81,9.44,9.28,8,No,7,2,5,No
1356,18,62,Medium,High,Yes,6,89,Medium,Yes,0,High,High,Private,Positive,3,No,Postgraduate,Near,Female,66,CLG0045,103,9.26,9.02,10,No,5,3,1,No
1357,24,74,High,Medium,Yes,6,78,Medium,Yes,3,Low,High,Public,Positive,3,No,College,Near,Female,70,CLG0085,137,9.23,9.24,3,No,0,6,4,Yes
1358,27,87,Medium,Medium,Yes,7,78,Low,Yes,3,Low,Medium,Private,Negative,5,No,High School,Near,Female,71,CLG0037,106,9.72,9.98,3,Yes,5,7,5,No
1359,19,74,Medium,Medium,No,7,76,High,Yes,1,High,Medium,Public,Neutral,3,No,College,Near,Female,66,CLG0020,116,7.16,7.58,4,Yes,4,5,0,No
1360,12,67,Medium,High,Yes,8,77,Medium,Yes,2,Low,High,Private,Positive,3,No,College,Near,Male,64,CLG0031,115,9.65,9.54,1,No,10,6,5,Yes
1361,27,63,Medium,High,No,6,51,Low,Yes,0,Low,Medium,Public,Positive,2,No,Postgraduate,Moderate,Male,64,CLG0095,112,9.47,9.34,2,Yes,9,2,2,Yes
1362,20,61,Low,Low,Yes,8,92,Medium,Yes,0,Medium,Medium,Public,Negative,2,No,High School,Near,Female,61,CLG0039,121,6.08,6.52,6,No,9,6,5,No
1363,8,98,Low,Medium,Yes,7,60,Medium,Yes,1,High,High,Private,Negative,3,No,Postgraduate,Near,Female,67,CLG0072,109,5.33,5.5,2,No,4,9,2,No
1364,22,79,Low,Medium,No,7,75,Low,Yes,1,Low,High,Private,Neutral,3,No,High School,Near,Female,65,CLG0085,89,8.5,8.02,9,Yes,1,3,1,No
1365,29,81,Medium,Medium,Yes,7,52,Medium,No,1,High,Medium,Public,Neutral,4,No,College,Near,Female,69,CLG0065,83,6.88,7.2,9,No,5,3,5,No
1366,22,82,Medium,Medium,No,9,61,Medium,Yes,2,Low,Medium,Public,Negative,2,Yes,High School,Near,Female,65,CLG0085,114,8.78,8.97,5,Yes,2,9,3,Yes
1367,14,69,Low,Medium,No,5,91,Medium,Yes,0,High,Medium,Public,Positive,3,No,College,Moderate,Male,63,CLG0085,100,9.5,9.29,8,Yes,1,4,1,No
1368,16,86,Low,High,Yes,7,89,Low,Yes,1,Medium,Low,Public,Positive,2,No,Postgraduate,Near,Female,68,CLG0016,91,9.02,8.99,3,Yes,10,5,3,No
1369,18,90,High,Medium,No,7,81,Medium,Yes,2,Medium,Low,Public,Negative,3,No,Postgraduate,Moderate,Male,69,CLG0002,119,7.27,7.64,3,Yes,2,1,5,No
1370,12,75,Medium,High,No,8,54,Low,Yes,1,Medium,High,Public,Negative,3,No,High School,Near,Female,62,CLG0007,131,7.59,7.76,5,No,8,10,2,Yes
1371,14,64,High,High,Yes,6,90,Low,Yes,0,Low,High,Private,Negative,2,No,High School,Near,Female,63,CLG0002,103,7.93,8.25,10,No,10,4,4,No
1372,19,88,Medium,High,Yes,8,57,Low,No,1,Medium,Low,Private,Negative,4,No,College,Near,Male,66,CLG0045,108,7.99,7.61,10,Yes,2,10,4,No
1373,25,96,Low,Medium,No,9,72,Low,Yes,0,Low,Medium,Private,Positive,3,No,High School,Near,Male,69,CLG0033,80,7.88,8.22,4,Yes,4,7,5,No
1374,11,97,Medium,Medium,No,7,91,Medium,Yes,1,Medium,Medium,Public,Positive,4,No,High School,Near,Male,69,CLG0095,114,9.74,9.52,5,Yes,3,2,5,Yes
1375,19,95,Medium,High,Yes,8,53,Medium,Yes,3,Low,Medium,Public,Positive,1,No,High School,Moderate,Female,70,CLG0024,111,9.55,9.2,3,Yes,2,8,2,Yes
1376,12,82,Low,Medium,Yes,10,91,Medium,Yes,3,Low,Medium,Public,Negative,3,No,Postgraduate,Near,Male,66,CLG0002,81,8.43,8.49,6,Yes,7,6,4,No
1377,20,97,Medium,High,No,5,62,Medium,Yes,1,Medium,Medium,Private,Neutral,4,No,High School,Far,Male,69,CLG0004,92,7.58,7.94,4,Yes,3,1,2,No
1378,30,62,Low,Low,Yes,7,97,Medium,Yes,0,High,Medium,Private,Neutral,5,No,College,Near,Female,66,CLG0041,74,7.54,7.31,5,No,7,1,5,No
1379,17,82,High,High,No,5,61,Medium,Yes,3,Medium,Medium,Public,Neutral,4,No,Postgraduate,Near,Male,69,CLG0027,90,6.36,6.52,4,No,10,2,4,No
1380,25,80,Medium,Medium,Yes,10,88,Low,Yes,0,Low,High,Private,Negative,2,No,College,Moderate,Male,67,CLG0074,102,6.89,6.81,8,Yes,9,9,0,No
1381,15,99,Medium,High,Yes,6,73,High,Yes,1,High,High,Public,Negative,5,No,Postgraduate,Near,Male,72,CLG0011,121,5.25,5.06,5,No,5,6,2,No
1382,17,61,High,Medium,Yes,9,69,High,Yes,1,Medium,High,Public,Positive,3,No,High School,Far,Male,64,CLG0048,117,7.58,7.87,1,Yes,10,10,3,Yes
1383,12,85,High,High,Yes,7,88,High,Yes,1,Low,Medium,Public,Neutral,0,No,College,Far,Female,67,CLG0086,110,7.56,7.95,2,Yes,2,3,3,No
1384,20,65,Medium,High,Yes,6,100,Medium,Yes,2,Low,High,Public,Neutral,5,No,High School,Moderate,Male,67,CLG0042,105,9.57,9.73,7,No,9,8,3,Yes
1385,17,87,Medium,Medium,Yes,7,91,High,Yes,3,Low,High,Public,Positive,3,Yes,College,Near,Female,70,CLG0073,94,6.17,6.51,8,Yes,7,5,0,No
1386,18,87,Medium,Low,Yes,10,60,High,Yes,2,Medium,Medium,Public,Positive,3,No,High School,Near,Female,68,CLG0053,95,6.08,6.57,8,No,4,1,0,No
1387,5,87,High,Low,No,6,86,Medium,Yes,2,Medium,High,Public,Positive,3,No,Postgraduate,Near,Female,66,CLG0071,85,7.69,7.69,6,Yes,3,1,2,No
1388,28,72,High,Medium,Yes,8,92,Low,Yes,1,Medium,Medium,Public,Negative,2,No,High School,Near,Female,68,CLG0011,90,9.34,9.04,6,No,6,6,5,No
1389,21,86,High,High,No,5,57,Medium,Yes,1,Low,Medium,Private,Negative,3,No,High School,Near,Male,68,CLG0034,119,8.45,8.38,5,No,7,9,0,Yes
1390,26,71,High,Medium,Yes,7,76,Medium,Yes,3,Low,Medium,Public,Positive,2,No,Postgraduate,Moderate,Male,69,CLG0098,90,8.8,8.64,9,No,10,2,3,No
1391,24,68,High,Medium,Yes,8,95,Low,Yes,3,Medium,Medium,Public,Positive,0,No,High School,Moderate,Male,67,CLG0025,77,9.61,9.44,8,No,4,3,3,No
1392,20,98,Medium,Medium,No,6,80,Medium,Yes,0,Medium,Medium,Public,Positive,2,No,College,Moderate,Male,70,CLG0084,101,5.41,4.97,4,No,8,1,4,No
1393,13,67,Medium,Low,Yes,5,70,Medium,Yes,0,Low,High,Private,Negative,2,No,High School,Near,Male,60,CLG0049,109,9.56,10.03,6,No,0,2,5,No
1394,21,80,Medium,Medium,Yes,6,79,Low,Yes,2,Medium,High,Public,Positive,3,No,College,Near,Male,69,CLG0090,82,5.83,6.14,10,No,0,10,4,No
1395,25,87,High,Medium,No,7,86,Medium,Yes,4,Medium,Low,Private,Negative,2,No,College,Near,Male,72,CLG0080,88,6.52,6.66,7,Yes,10,9,4,No
1396,20,73,High,Medium,Yes,9,92,Medium,Yes,2,Medium,High,Public,Positive,3,No,College,Near,Male,69,CLG0013,95,9.99,10.31,2,Yes,10,2,2,No
1397,15,83,Medium,Low,Yes,8,91,Medium,Yes,0,Low,Medium,Private,Neutral,3,No,College,Far,Male,64,CLG0093,86,9.47,9.26,10,Yes,8,6,4,No
1398,27,70,Medium,Medium,No,7,80,Low,Yes,1,Low,Medium,Public,Neutral,3,No,High School,Near,Female,66,CLG0002,109,6.37,6.01,2,No,10,9,5,No
1399,16,86,High,Medium,Yes,7,78,Low,Yes,1,Low,Medium,Private,Positive,4,No,Postgraduate,Moderate,Male,68,CLG0057,94,8.73,8.85,10,No,6,1,5,No
1400,19,87,Low,Medium,No,9,54,Low,Yes,3,Low,High,Public,Positive,4,No,High School,Moderate,Female,66,CLG0002,119,5.08,5.54,7,Yes,10,3,2,No
1401,21,67,Medium,Medium,Yes,5,83,Medium,Yes,1,Low,High,Private,Neutral,5,No,High School,Near,Male,65,CLG0056,118,7.66,7.19,8,No,5,9,3,Yes
1402,31,67,Medium,Low,No,7,92,High,Yes,2,Medium,Medium,Public,Negative,3,No,High School,Far,Female,66,CLG0003,100,7.05,7.46,5,Yes,10,2,5,No
1403,21,90,Low,Medium,Yes,8,62,Low,Yes,2,Medium,High,Public,Negative,5,Yes,High School,Near,Male,67,CLG0058,82,6.02,6.12,6,Yes,9,9,5,No
1404,20,71,Low,High,Yes,6,63,High,Yes,1,Low,Medium,Public,Positive,2,No,College,Moderate,Male,65,CLG0055,92,6.41,6.21,8,No,3,9,0,No
1405,10,94,Medium,High,No,5,73,Medium,Yes,1,Medium,Medium,Public,Negative,3,No,High School,Moderate,Male,66,CLG0093,88,5.79,5.83,7,No,0,3,0,No
1406,23,76,Medium,Medium,No,7,66,Medium,Yes,2,Medium,Medium,Public,Neutral,3,No,College,Near,Male,67,CLG0032,101,9.08,9.09,8,No,5,2,4,No
1407,26,77,Low,Low,No,7,71,Medium,Yes,1,Medium,High,Public,Neutral,4,No,Postgraduate,Moderate,Male,66,CLG0028,90,8.05,8.04,1,No,10,3,3,No
1408,24,93,Medium,High,Yes,8,70,Low,Yes,1,Medium,High,Private,Neutral,3,No,High School,Moderate,Female,71,CLG0014,93,9.52,9.39,3,No,8,3,4,No
1409,16,91,Medium,Low,No,8,91,Low,Yes,2,Medium,Medium,Public,Neutral,2,No,High School,Far,Female,66,CLG0038,103,7.46,7.01,2,No,1,1,1,No
1410,28,93,Low,High,Yes,6,90,Medium,Yes,1,Low,Medium,Public,Positive,2,Yes,High School,Near,Female,71,CLG0076,111,7.24,6.9,9,No,6,3,3,No
1411,28,67,Medium,Medium,No,8,60,High,Yes,0,Medium,Medium,Public,Positive,3,No,High School,Moderate,Female,65,CLG0068,95,6.07,5.88,7,No,9,10,5,No
1412,19,82,High,Medium,No,9,69,Low,Yes,2,Medium,Medium,Private,Neutral,3,No,College,Moderate,Male,68,CLG0041,126,7.98,7.7,2,No,8,9,2,Yes
1413,14,98,High,High,No,7,51,Medium,Yes,0,Medium,Low,Public,Positive,1,Yes,High School,Near,Male,67,CLG0005,73,9.05,9.12,3,Yes,7,9,3,Yes
1414,26,89,Medium,Low,Yes,7,92,Medium,Yes,2,Low,High,Public,Positive,2,No,Postgraduate,Moderate,Male,72,CLG0056,109,5.08,5.04,7,No,2,8,0,No
1415,19,60,Medium,High,Yes,7,72,High,Yes,3,Low,High,Public,Positive,3,No,High School,Moderate,Female,65,CLG0097,105,5.31,5.15,6,No,10,6,3,No
1416,25,69,Low,Medium,Yes,5,63,Medium,Yes,1,High,Medium,Private,Neutral,2,No,High School,Near,Male,65,CLG0063,88,9.59,9.86,1,Yes,8,1,1,No
1417,25,65,Low,Medium,Yes,9,89,Medium,Yes,2,Medium,High,Public,Neutral,3,No,High School,Near,Female,66,CLG0075,80,6.99,6.58,4,Yes,2,10,3,No
1418,27,93,High,Low,No,6,59,High,Yes,2,Low,Medium,Private,Negative,4,No,High School,Near,Female,70,CLG0015,96,9.31,9.14,8,No,3,9,1,No
1419,9,70,High,Medium,Yes,8,70,Low,Yes,1,Medium,Medium,Public,Positive,3,No,College,Near,Male,63,CLG0017,114,7.83,8.26,4,No,8,5,1,No
1420,17,96,Medium,Medium,No,9,93,Low,Yes,3,Medium,Medium,Private,Neutral,2,No,High School,Far,Male,69,CLG0072,112,7.02,7.42,10,No,8,2,2,No
1421,20,97,Medium,Medium,Yes,8,56,Low,Yes,1,Low,Medium,Private,Neutral,2,No,High School,Near,Female,68,CLG0088,83,5.15,5.6,7,Yes,0,7,1,No
1422,26,65,Low,Medium,Yes,7,67,Medium,Yes,4,High,Medium,Private,Negative,3,No,High School,Moderate,Female,65,CLG0013,93,5.64,5.3,10,Yes,1,8,0,No
1423,18,77,High,Medium,Yes,9,57,Low,Yes,1,Low,High,Public,Negative,2,No,Postgraduate,Near,Male,66,CLG0039,97,6.46,6.19,2,Yes,7,3,2,No
1424,30,100,High,High,No,6,75,Medium,Yes,0,Low,Medium,Public,Neutral,4,No,College,Moderate,Female,75,CLG0019,113,5.84,6.11,8,Yes,0,6,3,No
1425,15,74,Low,High,No,10,99,Low,No,0,Low,Medium,Private,Neutral,3,No,College,Moderate,Male,63,CLG0046,88,9.82,10.25,10,Yes,10,10,5,Yes
1426,22,61,Medium,High,No,5,60,High,Yes,0,High,Low,Private,Neutral,2,No,High School,Moderate,Male,63,CLG0083,87,6.26,6.16,10,No,10,4,2,No
1427,9,93,High,Low,Yes,7,66,Medium,Yes,0,Low,Low,Private,Neutral,2,No,College,Moderate,Male,64,CLG0066,104,9.92,10.14,8,No,3,5,0,No
1428,17,65,High,High,No,9,55,Medium,Yes,1,Medium,Medium,Public,Positive,2,No,High School,Near,Male,64,CLG0057,52,7.56,7.36,9,No,4,3,3,No
1429,11,69,High,Medium,Yes,9,100,Low,Yes,1,Low,Medium,Public,Neutral,5,No,High School,Near,Male,64,CLG0074,125,8.44,8.36,8,Yes,1,5,5,Yes
1430,20,71,Medium,Medium,Yes,7,88,Medium,Yes,1,Low,Low,Public,Neutral,4,No,College,Near,Female,65,CLG0051,91,7.95,8.28,10,Yes,8,9,1,No
1431,26,72,Medium,Medium,Yes,8,76,Medium,Yes,1,Medium,Medium,Public,Negative,3,No,Postgraduate,Near,Male,68,CLG0068,97,9.52,9.83,3,Yes,9,8,2,Yes
1432,26,84,Low,High,No,4,62,Medium,No,3,High,High,Public,Positive,2,No,High School,Near,Male,70,CLG0028,102,8.39,8.11,1,No,4,10,2,Yes
1433,18,65,Medium,High,Yes,6,91,Medium,No,5,Low,Medium,Private,Neutral,3,No,College,Near,Male,66,CLG0020,106,5.26,4.94,8,No,5,10,0,No
1434,10,68,Low,Medium,No,6,96,Low,Yes,1,High,Medium,Public,Neutral,3,No,College,Moderate,Male,61,CLG0007,108,9.35,9.23,1,No,5,3,3,No
1435,27,73,High,High,Yes,7,73,High,Yes,5,High,High,Public,Negative,3,No,High School,Near,Female,73,CLG0075,112,5.1,4.94,5,Yes,10,2,0,No
1436,22,83,Low,High,Yes,8,53,Medium,No,0,Low,Low,Public,Negative,2,No,Postgraduate,Near,Female,65,CLG0069,109,8.61,8.53,8,No,9,3,5,No
1437,7,98,Medium,Low,Yes,9,58,Medium,Yes,2,Medium,Medium,Private,Neutral,5,Yes,College,Near,Male,65,CLG0056,98,6.81,6.77,2,No,10,7,3,No
1438,16,65,Low,High,No,9,96,Low,Yes,2,Low,Medium,Public,Negative,2,No,High School,Near,Male,62,CLG0094,78,7.64,7.26,8,No,5,10,3,No
1439,20,79,Low,Medium,Yes,6,59,Medium,Yes,0,Low,Medium,Public,Positive,2,No,High School,Moderate,Male,64,CLG0073,72,8.55,8.67,7,Yes,5,9,1,No
1440,32,61,High,Medium,Yes,7,69,High,Yes,0,High,Medium,Public,Positive,3,No,High School,Moderate,Female,68,CLG0052,83,7.62,8.11,3,No,2,6,3,No
1441,17,84,Low,Medium,Yes,7,78,Low,Yes,0,High,High,Public,Neutral,5,Yes,College,Moderate,Female,65,CLG0089,100,5.33,5.47,9,Yes,4,4,3,No
1442,23,83,Medium,Low,Yes,7,57,Medium,No,2,Medium,High,Public,Positive,4,No,High School,Moderate,Female,67,CLG0045,99,5.49,5.22,6,Yes,5,9,1,No
1443,15,66,Low,High,Yes,7,75,Low,Yes,0,High,High,Public,Negative,3,No,College,Near,Male,62,CLG0038,89,5.7,6.11,8,No,9,7,5,No
1444,15,64,Medium,Medium,No,8,93,Medium,Yes,0,Low,Medium,Public,Negative,2,No,High School,Near,Female,61,CLG0048,103,8.17,8.25,6,Yes,4,2,1,No
1445,31,83,Low,High,Yes,6,70,Medium,Yes,3,Low,Medium,Private,Negative,3,No,College,Near,Male,71,CLG0097,87,7.8,7.81,1,No,5,2,1,No
1446,18,67,High,Medium,Yes,7,62,High,Yes,1,Low,Low,Private,Positive,2,No,High School,Far,Male,63,CLG0076,117,9.4,8.99,6,Yes,6,2,1,No
1447,16,84,Low,Medium,No,7,75,High,Yes,2,Medium,Medium,Public,Negative,3,No,High School,Near,Female,65,CLG0074,119,6.6,7.08,6,No,1,10,0,No
1448,23,78,Low,High,No,7,81,Medium,Yes,0,Low,Medium,Private,Neutral,1,No,High School,Near,Male,66,CLG0056,75,8.01,8.4,7,Yes,0,2,0,No
1449,18,63,High,High,No,9,55,Medium,Yes,2,High,High,Private,Positive,2,No,Postgraduate,Near,Female,66,CLG0046,86,7.49,7.87,5,Yes,2,4,1,No
1450,24,74,Low,Low,Yes,8,63,High,Yes,1,Low,High,Public,Positive,3,No,High School,Moderate,Male,65,CLG0095,118,8.63,8.48,8,No,4,9,5,Yes
1451,16,78,Low,Medium,No,6,96,High,Yes,0,Medium,Medium,Public,Positive,1,No,Postgraduate,Near,Female,66,CLG0088,99,9.17,8.94,6,Yes,8,1,3,No
1452,16,85,Low,High,Yes,8,86,Low,Yes,2,High,Medium,Private,Neutral,4,No,High School,Near,Female,68,CLG0045,112,7.67,7.9,2,No,1,6,4,No
1453,35,84,Low,Medium,Yes,8,92,High,Yes,6,Low,High,Public,Negative,4,No,High School,Moderate,Male,74,CLG0007,99,9.99,9.62,9,Yes,5,2,3,No
1454,26,74,Medium,Medium,No,5,86,Low,Yes,2,Low,High,Public,Positive,4,No,College,Near,Female,69,CLG0080,78,6.98,6.86,7,No,1,9,3,No
1455,16,69,High,High,Yes,7,85,Medium,Yes,0,High,High,Private,Negative,3,No,High School,Near,Female,66,CLG0029,121,9.45,9.72,3,No,6,6,5,Yes
1456,21,98,Low,Low,Yes,6,70,Medium,Yes,1,Medium,Medium,Public,Positive,3,No,High School,Moderate,Male,68,CLG0089,103,7.88,8.23,7,No,5,5,1,No
1457,15,93,Medium,Medium,No,8,61,High,Yes,1,Medium,Medium,Public,Neutral,4,No,High School,Near,Female,67,CLG0021,88,9.14,8.7,9,No,0,7,0,No
1458,16,72,Medium,High,No,6,58,Low,Yes,1,Medium,Medium,Public,Negative,2,No,High School,Far,Male,62,CLG0074,101,7.38,7.38,1,No,1,8,2,No
1459,5,97,Medium,Low,Yes,7,87,Medium,Yes,2,Medium,Medium,Private,Neutral,3,Yes,High School,Far,Female,64,CLG0049,108,9.21,9.06,1,No,9,7,1,No
1460,21,64,High,Low,Yes,7,78,Low,Yes,1,Medium,Medium,Public,Positive,4,No,High School,Near,Male,64,CLG0038,117,7.95,7.66,3,Yes,7,3,0,No
1461,23,73,High,High,No,8,78,Low,Yes,0,High,Medium,Public,Neutral,4,No,High School,Moderate,Female,67,CLG0009,113,9.44,9.46,2,No,10,9,2,Yes
1462,18,91,High,High,Yes,7,62,Medium,Yes,3,Low,Medium,Private,Positive,3,No,High School,Near,Male,71,CLG0050,110,5.13,5.08,3,Yes,1,10,4,No
1463,19,84,Low,Medium,Yes,8,90,High,Yes,2,Low,Medium,Private,Neutral,3,No,Postgraduate,Far,Male,67,CLG0011,96,5.57,5.96,1,No,2,1,0,No
1464,19,87,Medium,Medium,No,4,74,High,Yes,1,High,Medium,Public,Positive,3,No,College,Near,Male,69,CLG0059,83,6.95,7.19,1,No,2,9,4,No
1465,28,80,High,High,No,7,88,Medium,Yes,2,High,Medium,Public,Negative,2,No,High School,Near,Male,72,CLG0041,80,8.94,8.75,4,No,2,10,3,Yes
1466,11,85,High,Low,Yes,10,57,High,Yes,0,Medium,High,Public,Neutral,5,No,High School,Near,Male,65,CLG0011,124,9.84,9.46,3,No,8,9,5,Yes
1467,22,97,Medium,Medium,Yes,6,88,High,Yes,1,Low,Low,Private,Positive,4,No,College,Near,Male,72,CLG0005,92,5.29,5.17,5,No,2,1,3,No
1468,22,86,Low,Medium,Yes,7,72,Low,Yes,3,Low,High,Public,Positive,2,No,High School,Moderate,Male,68,CLG0027,96,5.1,5.37,6,No,10,6,1,No
1469,13,79,High,High,No,7,60,Medium,Yes,1,Low,High,Private,Neutral,4,No,College,Moderate,Male,66,CLG0099,82,9.82,9.83,6,Yes,10,5,3,No
1470,14,89,Medium,Medium,Yes,8,59,High,Yes,1,Low,Medium,Private,Neutral,3,No,College,Near,Male,67,CLG0052,86,7.44,7.36,10,No,10,7,0,No
1471,26,81,Medium,Medium,No,10,71,Low,Yes,0,Medium,Medium,Private,Positive,5,Yes,High School,Near,Female,67,CLG0029,97,6.72,7.07,3,Yes,2,2,4,No
1472,15,89,Medium,Medium,Yes,6,71,Medium,Yes,1,Medium,High,Public,Positive,4,No,High School,Near,Female,68,CLG0015,90,9.6,9.69,8,No,0,6,2,No
1473,27,68,Medium,Medium,Yes,7,95,Low,Yes,0,Medium,Medium,Public,Positive,4,No,High School,Near,Male,67,CLG0006,110,9.99,9.52,7,No,1,7,3,No
1474,14,79,Medium,Low,Yes,5,60,Medium,Yes,3,Low,Medium,Public,Negative,5,No,High School,Near,Male,64,CLG0003,83,6.7,6.61,7,Yes,0,7,3,No
1475,21,93,Medium,Low,Yes,7,83,Low,No,1,High,High,Public,Neutral,3,Yes,High School,Moderate,Male,67,CLG0005,111,8.84,8.72,7,Yes,9,2,1,No
1476,17,85,Medium,Medium,Yes,9,74,Medium,Yes,1,Medium,Medium,Private,Neutral,2,No,High School,Near,Male,67,CLG0047,123,9.88,9.83,1,No,3,1,4,Yes
1477,19,99,Low,Low,No,6,100,Medium,Yes,0,High,Low,Private,Negative,3,No,Postgraduate,Near,Male,69,CLG0028,140,7.11,7.47,10,No,7,10,1,No
1478,23,88,Low,High,No,8,84,High,Yes,2,Medium,Medium,Private,Positive,3,Yes,Postgraduate,Near,Female,71,CLG0075,111,5.52,5.65,2,No,2,10,1,No
1479,13,64,Medium,High,No,6,57,Low,Yes,1,Low,Low,Public,Neutral,3,Yes,High School,Moderate,Female,58,CLG0031,107,5.55,5.08,3,No,9,2,3,No
1480,21,88,Low,Medium,No,4,80,Low,Yes,1,Medium,Medium,Public,Positive,2,Yes,Postgraduate,Near,Male,67,CLG0062,122,6.66,7.13,6,No,9,5,5,No
1481,24,92,Low,High,Yes,8,64,High,Yes,1,High,High,Private,Neutral,3,No,College,Near,Male,72,CLG0071,101,6.2,6.07,3,No,3,3,4,No
1482,20,92,Medium,High,Yes,4,82,High,Yes,0,Medium,Medium,Public,Neutral,4,No,Postgraduate,Near,Male,72,CLG0013,77,8.8,8.86,3,No,8,5,4,No
1483,20,83,High,Medium,Yes,6,73,Medium,Yes,0,High,Medium,Public,Positive,3,No,College,Far,Male,68,CLG0012,101,8.37,8.67,8,Yes,10,10,1,No
1484,21,87,Low,Medium,Yes,6,66,Medium,Yes,1,Low,Low,Public,Negative,2,No,High School,Moderate,Female,65,CLG0100,99,9.27,9.31,2,No,3,1,3,No
1485,22,75,Medium,Low,Yes,5,66,Low,Yes,2,Low,Medium,Public,Positive,2,No,High School,Far,Male,80,CLG0039,122,5.81,5.81,9,No,2,3,3,No
1486,17,81,Medium,High,No,6,78,Medium,Yes,2,Low,Medium,Private,Positive,2,No,High School,Moderate,Male,67,CLG0013,89,6.53,6.12,10,No,4,10,2,No
1487,18,83,Low,Medium,No,8,100,Medium,Yes,1,Low,High,Private,Negative,2,No,High School,Near,Female,66,CLG0068,80,7.29,7.49,9,No,3,1,3,No
1488,20,68,Medium,High,Yes,5,82,Medium,No,1,Low,High,Public,Positive,3,No,Postgraduate,Near,Female,67,CLG0035,93,9.79,10.16,7,No,1,10,3,Yes
1489,11,84,High,Medium,Yes,6,76,High,Yes,3,Low,High,Public,Negative,3,No,High School,Moderate,Female,67,CLG0054,92,9.18,8.88,3,No,2,5,4,No
1490,9,98,High,High,No,7,58,Medium,Yes,2,Medium,Medium,Public,Negative,4,No,College,Near,Male,69,CLG0052,83,8.94,9.1,8,No,10,5,0,No
1491,15,75,High,Medium,No,5,94,Low,No,1,Low,Medium,Public,Negative,3,Yes,High School,Moderate,Female,62,CLG0066,105,8.92,8.51,10,No,5,10,1,No
1492,26,89,High,Medium,No,7,66,Medium,Yes,0,Low,Medium,Public,Neutral,5,Yes,College,Near,Male,70,CLG0043,126,6.67,6.82,8,No,2,5,5,No
1493,25,65,Medium,High,Yes,8,93,Low,No,2,Medium,Medium,Public,Negative,3,No,College,Moderate,Female,66,CLG0076,99,7.35,7.31,7,No,10,4,2,No
1494,30,99,Medium,Medium,Yes,6,57,Medium,Yes,0,Low,Medium,Public,Neutral,4,No,Postgraduate,Near,Male,73,CLG0090,88,7.3,7.53,8,No,9,5,4,No
1495,18,95,Low,Low,Yes,7,50,Low,Yes,3,Medium,Medium,Private,Neutral,3,No,High School,Moderate,Female,66,CLG0040,78,6.46,6.43,4,Yes,5,1,4,No
1496,26,99,Medium,Medium,No,6,94,High,Yes,2,Medium,Medium,Public,Positive,3,No,High School,Near,Male,74,CLG0075,127,9.24,9.11,9,Yes,3,2,4,Yes
1497,26,79,High,Low,No,7,66,Medium,Yes,1,High,Medium,Public,Positive,5,Yes,High School,Moderate,Male,67,CLG0029,94,8.5,8.22,5,No,7,10,4,Yes
1498,31,91,Medium,Medium,Yes,6,82,Medium,Yes,2,Medium,High,Public,Positive,3,No,High School,Near,Male,74,CLG0029,75,7.1,7.14,7,No,5,1,2,No
1499,17,98,Medium,High,Yes,9,70,Low,Yes,1,High,Medium,Private,Negative,2,No,High School,Near,Male,70,CLG0007,112,6.1,6.26,4,Yes,1,10,3,Yes
1500,15,86,Medium,High,No,8,99,High,Yes,2,Medium,Medium,Public,Neutral,5,No,High School,Near,Male,70,CLG0015,83,6.33,6.18,8,No,10,6,0,No
1501,24,63,Medium,Low,Yes,6,57,Medium,Yes,1,Low,High,Private,Neutral,5,No,College,Near,Female,64,CLG0093,91,6.47,6.23,3,No,6,10,2,No
1502,19,95,Low,High,Yes,6,91,High,Yes,1,Medium,High,Public,Neutral,4,No,College,Near,Male,72,CLG0096,116,6.95,7.39,8,No,1,5,1,No
1503,10,67,Medium,Medium,Yes,6,65,Medium,Yes,1,Medium,High,Public,Negative,4,No,High School,Near,Female,61,CLG0036,115,7.32,7.07,10,No,5,7,2,No
1504,17,73,High,High,No,9,78,Medium,Yes,0,Low,High,Public,Negative,3,No,Postgraduate,Moderate,Female,66,CLG0074,107,7.08,7.48,9,No,9,6,5,No
1505,23,62,Medium,Medium,No,6,51,Medium,Yes,5,High,Medium,Public,Negative,2,No,College,Near,Male,65,CLG0099,93,7.58,7.28,9,No,4,9,5,No
1506,26,100,High,High,Yes,6,76,High,Yes,0,Medium,High,Public,Negative,4,No,Postgraduate,Near,Male,76,CLG0019,115,6.08,5.96,9,No,6,6,1,No
1507,35,65,High,Medium,Yes,7,84,High,Yes,0,Medium,Medium,Public,Positive,2,No,High School,Moderate,Male,70,CLG0047,81,9.45,9.72,5,Yes,8,10,1,No
1508,24,81,Medium,Low,Yes,7,63,Medium,Yes,1,Low,Medium,Public,Positive,3,No,High School,Moderate,Male,66,CLG0021,117,5.37,5.4,1,No,9,7,4,No
1509,39,92,Medium,Medium,No,9,73,Medium,Yes,1,Medium,Medium,Public,Negative,4,No,Postgraduate,Moderate,Male,75,CLG0041,124,7.35,6.94,6,Yes,8,1,3,No
1510,27,91,Low,High,Yes,9,82,Medium,Yes,0,Low,Low,Public,Neutral,1,No,High School,Far,Male,69,CLG0017,74,6.17,6.24,6,Yes,1,5,1,No
1511,18,70,High,Medium,Yes,5,81,Low,Yes,2,Low,Medium,Private,Negative,2,No,High School,Far,Female,63,CLG0030,128,7.84,7.69,2,No,5,7,5,No
1512,16,95,High,High,No,9,63,Medium,No,0,Medium,Low,Private,Positive,3,No,High School,Near,Male,68,CLG0074,102,6.88,6.94,4,No,8,5,5,No
1513,19,76,Medium,Low,Yes,6,66,Medium,Yes,1,High,Medium,Public,Positive,3,No,High School,Near,Male,65,CLG0005,82,5.13,5.07,8,No,4,1,0,No
1514,18,91,Low,High,Yes,9,81,High,Yes,4,High,Medium,Public,Neutral,5,No,High School,Moderate,Male,71,CLG0046,103,7.8,7.45,1,No,2,7,2,No
1515,8,83,High,Low,Yes,6,85,Low,Yes,1,Low,High,Public,Neutral,3,No,High School,Far,Female,63,CLG0036,76,6.53,6.67,10,No,2,10,1,No
1516,14,61,Low,Medium,Yes,10,71,Medium,No,2,Low,Medium,Public,Neutral,4,No,High School,Near,Male,59,CLG0013,112,7.98,7.93,6,Yes,8,5,5,No
1517,19,90,High,High,No,8,85,Medium,Yes,2,Medium,Medium,Public,Neutral,4,No,College,Near,Male,72,CLG0058,104,7.28,6.99,3,No,8,4,5,No
1518,23,67,High,Low,Yes,7,88,Medium,Yes,1,Low,Medium,Private,Positive,4,No,High School,Near,Male,66,CLG0004,99,7.28,7.03,9,No,1,9,3,No
1519,12,64,High,Low,Yes,6,74,High,Yes,0,Medium,Medium,Public,Positive,2,No,High School,Moderate,Male,61,CLG0036,104,6.51,6.52,2,No,7,4,5,No
1520,16,73,Medium,Medium,Yes,7,74,Low,Yes,1,Low,High,Public,Positive,3,No,High School,Moderate,Male,64,CLG0051,119,7.99,7.81,7,No,2,1,4,No
1521,19,65,Medium,High,Yes,9,91,Medium,Yes,1,Medium,High,Public,Positive,4,No,College,Near,Male,67,CLG0019,99,6.67,6.23,3,Yes,4,5,1,No
1522,11,88,High,Medium,Yes,7,56,Low,Yes,2,Medium,Medium,Public,Neutral,2,No,College,Near,Male,66,CLG0049,106,7.36,7.14,6,Yes,9,1,3,No
1523,16,76,Medium,Medium,No,7,90,Medium,Yes,0,Low,Medium,Public,Neutral,3,No,Postgraduate,Moderate,Male,65,CLG0056,103,9.22,8.77,8,No,6,6,1,No
1524,23,76,Medium,Low,Yes,5,85,Medium,Yes,1,Medium,Low,Public,Neutral,3,No,High School,Near,Female,66,CLG0099,92,6.14,5.65,7,Yes,9,10,2,No
1525,15,77,Medium,High,Yes,7,78,Medium,Yes,0,Low,High,Public,Neutral,3,No,High School,Moderate,Male,65,CLG0006,117,5.97,5.8,3,No,1,8,1,No
1526,31,96,Medium,Low,Yes,8,67,Medium,Yes,2,Medium,Medium,Private,Neutral,3,No,College,Near,Male,73,CLG0005,109,5.78,6.01,5,No,8,4,0,No
1527,16,83,Low,Medium,No,6,57,Medium,Yes,0,High,Low,Public,Positive,4,Yes,High School,Near,Female,63,CLG0013,94,7.48,7.37,7,No,5,3,0,No
1528,17,96,Medium,Medium,Yes,10,93,Medium,Yes,2,Medium,Low,Public,Negative,4,No,High School,Near,Female,70,CLG0043,99,10.0,10.16,3,No,3,9,2,Yes
1529,18,93,Low,Medium,Yes,7,69,Medium,Yes,0,Low,Medium,Public,Neutral,2,No,College,Near,Male,67,CLG0046,85,5.71,5.97,8,Yes,2,10,1,No
1530,24,76,Medium,Medium,Yes,6,67,Medium,Yes,2,High,Medium,Public,Negative,3,No,College,Near,Female,68,CLG0019,130,7.52,7.35,1,No,5,1,3,No
1531,20,85,Medium,Medium,No,6,58,Low,Yes,0,Low,Medium,Private,Negative,2,No,Postgraduate,Near,Male,65,CLG0041,106,9.21,9.34,4,No,7,5,3,No
1532,13,85,Low,High,Yes,9,73,High,Yes,3,Medium,High,Public,Positive,2,No,Postgraduate,Moderate,Male,68,CLG0054,95,8.61,8.6,7,No,6,2,2,No
1533,24,95,High,Medium,No,7,66,Low,Yes,2,High,High,Public,Negative,3,No,High School,Near,Male,71,CLG0090,112,9.32,8.96,8,No,9,6,5,Yes
1534,18,84,Low,High,Yes,6,98,Low,Yes,3,Medium,Medium,Public,Positive,3,No,High School,Near,Male,69,CLG0033,79,6.99,6.92,8,No,10,1,3,No
1535,26,64,Low,High,No,6,62,Low,Yes,1,Low,Medium,Private,Positive,5,No,High School,Moderate,Male,64,CLG0030,103,8.67,8.44,4,No,9,10,4,Yes
1536,17,65,Medium,High,Yes,8,66,Medium,Yes,1,High,High,Public,Neutral,4,Yes,Postgraduate,Moderate,Female,65,CLG0095,116,8.54,8.82,8,No,2,5,3,Yes
1537,20,68,Medium,Medium,Yes,7,89,Medium,Yes,0,Medium,High,Private,Positive,3,No,High School,Far,Female,65,CLG0062,123,5.35,5.28,4,Yes,4,6,0,No
1538,13,88,High,Medium,Yes,7,53,Medium,Yes,2,Medium,Medium,Private,Negative,4,No,College,Moderate,Male,66,CLG0067,129,9.64,9.32,2,No,7,3,4,Yes
1539,14,82,Medium,Medium,Yes,8,83,Medium,Yes,0,Medium,Medium,Public,Negative,2,No,High School,Moderate,Male,64,CLG0005,112,6.02,6.33,5,No,1,7,4,No
1540,25,89,Low,Low,Yes,6,82,High,Yes,2,Low,Medium,Public,Neutral,6,No,Postgraduate,Near,Male,71,CLG0084,104,6.97,6.59,1,Yes,1,9,1,No
1541,26,77,Medium,Low,Yes,7,69,Low,Yes,1,High,Medium,Public,Neutral,3,Yes,High School,Near,Female,66,CLG0016,104,9.06,8.91,5,No,1,9,4,Yes
1542,9,81,Medium,Medium,Yes,7,99,Medium,Yes,2,Low,Medium,Public,Neutral,3,No,High School,Moderate,Female,64,CLG0010,120,5.14,4.84,9,No,5,3,1,No
1543,15,95,Low,Medium,Yes,7,99,Low,Yes,0,High,High,Public,Neutral,2,No,High School,Near,Female,68,CLG0097,115,7.85,8.27,4,No,3,2,5,Yes
1544,20,81,High,High,Yes,7,56,Low,No,1,Medium,Medium,Private,Positive,3,No,High School,Near,Male,67,CLG0081,86,8.09,8.25,6,No,2,8,0,No
1545,15,69,High,Low,Yes,6,75,Medium,No,2,Low,High,Public,Positive,2,No,High School,Near,Female,63,CLG0036,129,6.45,6.28,7,No,0,1,0,No
1546,24,89,Medium,High,Yes,8,61,Medium,Yes,1,Low,High,Public,Positive,3,No,Postgraduate,Near,Female,72,CLG0085,110,5.02,5.27,4,Yes,2,6,0,No
1547,22,92,High,High,No,8,65,Medium,Yes,0,Medium,High,Private,Positive,2,No,High School,Moderate,Male,71,CLG0018,105,7.41,7.85,8,No,1,8,3,No
1548,24,68,Medium,Medium,No,9,71,Medium,Yes,2,Medium,Medium,Public,Neutral,4,No,College,Near,Male,66,CLG0009,91,6.65,7.14,1,No,3,9,1,No
1549,21,94,High,High,No,5,94,Medium,Yes,2,Low,High,Private,Neutral,2,No,College,Near,Male,73,CLG0039,78,7.72,7.32,4,No,2,4,1,No
1550,8,77,High,Medium,Yes,6,87,Medium,Yes,0,Low,Medium,Public,Neutral,2,No,High School,Moderate,Male,63,CLG0046,126,5.48,5.38,5,Yes,8,4,2,No
1551,18,71,Medium,Medium,No,7,72,High,Yes,0,High,High,Public,Positive,5,No,College,Moderate,Female,66,CLG0059,94,6.24,6.05,3,No,0,1,4,No
1552,23,69,Medium,Medium,Yes,6,59,Medium,Yes,3,High,Medium,Public,Neutral,3,No,Postgraduate,Moderate,Male,67,CLG0068,116,8.76,8.85,1,No,6,8,5,Yes
1553,13,93,Medium,High,Yes,7,51,Low,Yes,1,Low,High,Private,Neutral,3,No,High School,Near,Female,67,CLG0062,83,7.83,8.12,4,Yes,6,1,3,No
1554,12,92,Low,Medium,No,6,71,Low,Yes,0,Medium,High,Private,Negative,4,No,High School,Near,Male,64,CLG0078,128,6.69,6.23,8,No,3,2,4,No
1555,19,70,Medium,Medium,Yes,7,95,High,No,0,Medium,High,Private,Positive,3,No,College,Near,Female,66,CLG0080,87,9.55,9.5,3,Yes,7,9,5,Yes
1556,10,74,Medium,Medium,Yes,10,99,High,Yes,2,Medium,High,Public,Neutral,3,No,College,Near,Male,66,CLG0026,119,9.3,9.61,4,No,9,9,4,Yes
1557,23,64,Medium,Low,Yes,6,95,High,Yes,1,Low,Medium,Public,Positive,2,Yes,College,Far,Female,63,CLG0042,124,7.05,7.31,8,Yes,6,3,3,No
1558,23,84,Medium,High,No,7,61,Medium,Yes,2,Medium,High,Public,Neutral,5,No,College,Moderate,Male,70,CLG0011,108,8.11,8.12,5,Yes,4,7,4,No
1559,22,74,Medium,High,Yes,9,64,High,Yes,3,Medium,Medium,Public,Neutral,3,No,High School,Near,Female,68,CLG0058,90,7.64,7.93,4,No,3,3,3,No
1560,24,68,Medium,Medium,Yes,4,98,High,Yes,2,Medium,High,Public,Negative,2,No,High School,Near,Male,68,CLG0073,98,6.08,6.48,4,No,2,4,0,No
1561,15,98,High,High,Yes,7,61,Medium,Yes,1,Low,High,Private,Positive,3,No,College,Moderate,Female,71,CLG0079,100,6.1,5.65,2,Yes,0,8,3,No
1562,23,95,Medium,Medium,Yes,6,94,High,Yes,2,Medium,Medium,Public,Neutral,3,No,High School,Near,Male,73,CLG0010,99,9.57,9.67,9,Yes,3,2,4,No
1563,10,76,Medium,Low,No,4,68,Medium,Yes,1,High,Low,Private,Neutral,6,No,College,Near,Male,63,CLG0021,107,7.13,6.71,6,No,8,1,3,No
1564,20,60,Medium,Medium,Yes,10,81,Medium,Yes,3,Low,Medium,Public,Positive,3,No,College,Near,Male,65,CLG0052,107,6.43,6.13,10,Yes,1,3,1,No
1565,20,60,Medium,Medium,Yes,4,80,Low,Yes,2,High,Medium,Private,Positive,3,Yes,College,Moderate,Male,63,CLG0011,91,5.53,5.85,6,No,4,10,3,No
1566,12,79,Medium,Medium,Yes,7,99,Low,Yes,2,Medium,Medium,Public,Negative,2,Yes,High School,Near,Female,64,CLG0041,104,7.3,6.91,9,No,8,3,1,No
1567,17,67,Low,Low,Yes,7,62,Medium,Yes,0,Low,Medium,Public,Positive,4,No,High School,Moderate,Female,60,CLG0079,101,6.99,6.89,8,No,4,1,3,No
1568,16,79,High,Medium,Yes,7,74,High,Yes,3,Medium,Medium,Private,Positive,2,No,Postgraduate,Far,Male,68,CLG0050,96,6.52,6.15,1,Yes,9,5,4,No
1569,24,98,Medium,Medium,Yes,5,55,High,Yes,0,Medium,Medium,Public,Positive,3,No,High School,Moderate,Male,71,CLG0048,120,7.73,7.94,1,Yes,9,8,3,Yes
1570,23,80,Low,Medium,No,7,72,Low,Yes,0,Low,High,Public,Negative,5,No,High School,Near,Male,65,CLG0083,64,9.33,9.13,7,No,5,5,0,No
1571,16,89,High,Medium,No,8,54,Medium,Yes,2,Low,High,Private,Positive,2,No,College,Moderate,Male,68,CLG0022,93,8.08,8.12,5,Yes,8,7,2,No
1572,15,67,Low,Medium,Yes,5,65,Medium,Yes,4,Medium,Medium,Private,Negative,2,No,College,Near,Male,63,CLG0065,119,8.95,9.04,6,Yes,0,5,2,Yes
1573,13,69,Medium,Low,No,5,70,Medium,Yes,0,Medium,High,Private,Negative,2,No,College,Near,Male,61,CLG0028,97,7.0,6.79,9,No,5,9,3,No
1574,22,85,Medium,Medium,Yes,4,79,Low,Yes,1,Low,Low,Public,Positive,3,No,High School,Near,Female,68,CLG0089,101,6.33,5.96,6,No,0,1,1,No
1575,20,79,Medium,Low,Yes,6,74,Low,Yes,2,Low,Medium,Public,Positive,2,No,High School,Far,Male,64,CLG0092,92,9.17,9.5,8,No,10,1,2,No
1576,23,91,Low,Medium,Yes,8,73,Medium,No,3,Medium,Medium,Public,Negative,5,No,High School,Far,Male,68,CLG0051,104,5.66,5.31,8,No,1,5,3,No
1577,8,100,High,High,Yes,6,71,Medium,Yes,0,Low,High,Public,Positive,2,No,Postgraduate,Near,Female,70,CLG0086,110,6.01,6.35,9,Yes,3,6,0,No
1578,23,93,High,Medium,No,6,57,Medium,Yes,1,High,Medium,Public,Positive,2,No,Postgraduate,Near,Female,72,CLG0081,96,9.42,9.04,6,Yes,10,7,1,No
1579,13,70,Medium,Medium,No,7,87,Medium,Yes,1,Low,Low,Public,Neutral,5,No,High School,Near,Male,62,CLG0098,133,6.97,7.4,9,Yes,1,4,3,No
1580,18,63,Medium,Medium,Yes,7,66,Low,Yes,2,Medium,Medium,Private,Negative,2,No,College,Near,Female,62,CLG0069,102,8.47,8.29,1,No,3,9,2,Yes
1581,27,99,Medium,Medium,Yes,5,69,Medium,Yes,2,Medium,Low,Public,Positive,2,No,Postgraduate,Moderate,Male,73,CLG0036,81,8.36,8.54,3,No,1,2,5,No
1582,19,67,Medium,Medium,Yes,6,55,Low,Yes,1,Medium,Medium,Public,Neutral,4,No,High School,Near,Male,63,CLG0077,104,7.8,7.6,7,Yes,1,10,1,No
1583,10,97,Medium,Medium,No,6,66,Medium,Yes,2,Low,Medium,Public,Neutral,2,No,Postgraduate,Near,Female,67,CLG0035,91,9.45,9.62,4,No,10,2,5,No
1584,12,71,Medium,Medium,No,8,54,Medium,Yes,0,Low,Low,Public,Positive,5,No,College,Near,Male,61,CLG0062,120,8.65,9.05,7,Yes,5,3,3,Yes
1585,4,91,Medium,Medium,No,4,86,Low,Yes,3,Low,Medium,Private,Neutral,4,Yes,College,Moderate,Male,64,CLG0034,83,5.44,5.15,8,Yes,7,8,0,No
1586,21,92,Medium,Medium,No,7,56,Medium,Yes,0,Low,Medium,Private,Neutral,4,No,High School,Moderate,Female,67,CLG0017,127,7.76,8.07,8,Yes,3,9,1,Yes
1587,22,97,High,Medium,Yes,5,68,Low,Yes,7,Medium,High,Private,Negative,5,No,College,Near,Female,75,CLG0051,77,8.23,8.27,9,No,2,7,3,No
1588,22,98,Medium,Medium,No,8,97,Low,Yes,1,High,Medium,Private,Positive,1,Yes,Postgraduate,Near,Female,72,CLG0020,83,5.07,5.53,10,Yes,8,7,5,No
1589,23,89,High,High,Yes,7,58,Medium,Yes,2,Medium,High,Private,Positive,3,No,Postgraduate,Moderate,Male,73,CLG0020,93,6.93,6.63,1,No,0,2,2,No
1590,25,85,High,High,No,9,68,Medium,Yes,1,High,Medium,Public,Negative,3,No,Postgraduate,Far,Female,71,CLG0067,85,6.28,6.32,2,No,7,6,0,No
1591,23,94,Medium,High,No,5,100,Low,Yes,2,Medium,High,Public,Neutral,2,No,Postgraduate,Near,Male,73,CLG0028,110,9.4,9.48,10,Yes,10,10,3,Yes
1592,29,84,High,Medium,Yes,10,56,High,Yes,3,Low,High,Public,Neutral,4,No,Postgraduate,Far,Female,72,CLG0058,110,9.78,9.86,10,Yes,5,3,4,No
1593,8,64,Medium,Medium,Yes,7,66,Medium,Yes,1,Low,Medium,Private,Positive,3,No,College,Near,Male,60,CLG0009,100,8.86,8.82,10,Yes,5,5,3,No
1594,20,79,High,Medium,Yes,5,74,Medium,Yes,1,Low,Medium,Public,Neutral,5,No,High School,Far,Male,67,CLG0050,93,5.74,5.53,5,No,8,8,4,No
1595,25,82,Medium,Medium,Yes,7,99,High,Yes,3,Low,High,Public,Neutral,2,No,High School,Near,Female,71,CLG0025,122,8.44,8.73,8,Yes,0,1,4,Yes
1596,17,88,High,High,Yes,7,94,Medium,No,2,Medium,High,Public,Positive,3,No,High School,Near,Male,71,CLG0096,104,6.88,6.93,4,No,8,10,0,No
1597,23,91,High,Medium,Yes,6,89,Medium,Yes,3,Medium,Medium,Private,Negative,3,No,Postgraduate,Near,Male,73,CLG0002,99,6.96,6.88,9,No,2,3,0,No
1598,20,75,Low,Medium,No,7,76,Medium,Yes,3,High,High,Private,Negative,3,No,College,Near,Female,66,CLG0043,108,9.49,9.38,7,No,8,10,4,Yes
1599,15,78,Medium,Medium,Yes,6,63,High,Yes,1,Medium,Medium,Private,Neutral,2,Yes,College,Moderate,Male,64,CLG0034,101,7.87,7.64,7,No,6,4,1,No
1600,25,80,Medium,Medium,Yes,9,57,Low,Yes,2,Low,High,Public,Positive,3,No,High School,Moderate,Female,68,CLG0065,103,5.31,4.89,6,No,3,8,1,No
1601,23,99,High,High,No,6,50,Medium,No,1,High,Medium,Private,Neutral,5,Yes,High School,Near,Male,71,CLG0078,97,6.56,6.57,2,Yes,0,9,2,No
1602,19,67,High,Medium,Yes,8,92,Low,Yes,2,High,Medium,Public,Neutral,5,No,Postgraduate,Moderate,Female,68,CLG0070,107,7.25,7.3,4,No,10,2,5,No
1603,25,72,Medium,High,Yes,8,62,Medium,Yes,2,Low,Medium,Public,Positive,2,No,High School,Near,Female,67,CLG0068,117,7.08,6.93,2,Yes,3,5,5,No
1604,26,94,Low,High,Yes,6,92,Low,Yes,1,Low,High,Public,Neutral,3,No,High School,Near,Female,72,CLG0026,89,8.34,8.68,1,No,4,9,0,No
1605,12,99,High,High,No,8,71,Medium,Yes,2,Medium,Low,Public,Neutral,2,No,College,Near,Female,70,CLG0084,86,6.71,6.34,4,Yes,8,2,5,No
1606,18,95,High,High,Yes,8,85,Low,Yes,2,Low,High,Public,Positive,3,No,College,Near,Female,73,CLG0096,111,9.05,9.37,4,No,5,6,0,No
1607,19,93,Medium,High,Yes,6,56,Medium,Yes,0,Low,High,Private,Negative,3,No,College,Near,Male,69,CLG0020,101,8.95,9.14,2,No,2,6,2,No
1608,20,85,High,Medium,No,9,61,High,Yes,2,High,Medium,Public,Positive,3,No,College,Near,Male,70,CLG0064,98,8.22,7.79,6,Yes,4,5,0,No
1609,21,62,Medium,Low,No,6,74,High,Yes,0,Low,High,Private,Positive,3,Yes,Postgraduate,Far,Male,62,CLG0013,102,8.58,8.76,4,No,9,7,3,No
1610,20,99,Medium,Low,No,9,68,Low,Yes,1,Low,High,Public,Positive,3,No,Postgraduate,Far,Male,69,CLG0097,96,7.15,7.3,9,No,10,9,4,No
1611,25,77,Medium,High,No,7,56,Medium,Yes,1,Low,Medium,Public,Positive,3,No,Postgraduate,Near,Male,69,CLG0008,87,5.69,5.19,1,Yes,1,7,0,No
1612,14,62,High,High,Yes,8,65,Low,Yes,3,Low,Medium,Public,Negative,2,No,High School,Far,Male,61,CLG0048,67,9.74,9.99,1,No,5,9,4,Yes
1613,19,89,Medium,Medium,No,6,55,Medium,Yes,1,Low,Medium,Private,Neutral,3,No,Postgraduate,Moderate,Female,67,CLG0029,139,7.37,7.04,10,No,6,8,5,Yes
1614,18,82,Medium,Medium,Yes,6,75,Medium,Yes,0,Low,Medium,Private,Negative,4,No,College,Near,Male,66,CLG0047,124,9.72,9.66,5,No,7,10,4,Yes
1615,27,63,Medium,Medium,Yes,8,55,Low,Yes,1,Medium,Medium,Private,Neutral,3,No,Postgraduate,Near,Female,65,CLG0086,105,5.17,5.58,3,Yes,6,7,4,No
1616,28,74,Medium,Low,Yes,4,62,Medium,Yes,1,Low,Medium,Private,Neutral,3,No,High School,Moderate,Male,65,CLG0066,93,9.64,9.85,10,No,2,8,2,Yes
1617,21,68,High,High,Yes,6,50,High,Yes,3,Medium,Low,Private,Neutral,4,No,High School,Near,Male,67,CLG0046,96,9.79,9.31,9,No,1,1,0,No
1618,24,68,Medium,Medium,Yes,6,74,Medium,Yes,1,Medium,Medium,Public,Neutral,3,No,High School,Near,Female,65,CLG0025,103,6.77,6.61,4,No,5,5,1,No
1619,20,60,Medium,Medium,No,9,73,High,Yes,4,Medium,Medium,Public,Negative,4,No,College,Near,Male,65,CLG0057,89,5.67,5.84,4,No,6,8,0,No
1620,15,94,High,Medium,Yes,8,52,Low,Yes,1,Medium,Medium,Private,Positive,2,No,College,Far,Female,67,CLG0081,94,9.33,9.1,9,No,10,8,3,Yes
1621,12,62,Medium,High,Yes,7,63,High,Yes,1,High,Medium,Public,Neutral,4,No,High School,Near,Female,62,CLG0032,95,9.04,9.17,8,No,1,1,2,No
1622,13,88,High,Medium,No,4,66,Low,Yes,1,Low,High,Public,Positive,4,No,High School,Near,Female,67,CLG0078,85,5.74,5.45,2,No,2,10,0,No
1623,23,67,Low,Low,No,9,98,Medium,Yes,2,Low,High,Public,Negative,0,No,College,Near,Female,64,CLG0008,104,6.61,6.69,5,Yes,6,6,1,No
1624,28,63,Medium,Medium,No,8,88,Medium,Yes,2,Low,High,Public,Positive,2,No,High School,Near,Male,67,CLG0038,58,7.27,7.63,7,No,10,10,2,No
1625,11,89,Medium,Low,Yes,9,76,Medium,Yes,1,Medium,High,Public,Neutral,3,No,Postgraduate,Far,Male,66,CLG0020,91,9.66,10.06,7,No,10,10,0,No
1626,20,62,Low,Medium,Yes,10,85,High,Yes,5,Low,Medium,Private,Neutral,4,No,High School,Near,Male,65,CLG0072,121,8.41,8.07,5,Yes,1,3,3,Yes
1627,17,61,Low,High,Yes,7,75,Medium,No,2,Medium,High,Public,Negative,4,No,College,Near,Female,62,CLG0023,91,7.09,7.49,9,Yes,8,10,2,No
1628,25,91,Medium,High,Yes,7,73,Medium,Yes,2,Low,Medium,Public,Positive,3,No,High School,Near,Female,72,CLG0014,80,9.64,9.34,3,No,4,9,4,Yes
1629,25,66,High,Medium,Yes,4,70,Medium,No,1,High,Medium,Public,Positive,3,No,High School,Moderate,Male,66,CLG0072,97,6.17,5.9,5,No,0,6,1,No
1630,25,93,Medium,Medium,Yes,5,53,Medium,Yes,0,High,Medium,Private,Neutral,5,No,College,Moderate,Female,70,CLG0097,88,7.62,7.46,9,No,6,4,1,No
1631,21,83,Medium,Medium,Yes,8,97,Low,Yes,2,Medium,Medium,Public,Positive,4,No,High School,Near,Male,70,CLG0061,100,9.34,9.34,10,Yes,2,4,3,No
1632,10,85,Medium,Medium,Yes,6,64,Low,Yes,1,Medium,Medium,Public,Negative,3,No,College,Near,Male,64,CLG0006,98,5.17,4.88,3,No,10,5,1,No
1633,7,72,Medium,Medium,Yes,4,94,Medium,Yes,4,Medium,Medium,Private,Positive,4,No,Postgraduate,Near,Male,66,CLG0021,97,8.89,8.42,4,Yes,1,5,3,No
1634,20,94,Medium,High,Yes,8,89,Low,Yes,0,Medium,Medium,Public,Positive,4,Yes,High School,Moderate,Female,70,CLG0062,92,5.93,6.09,7,Yes,1,8,4,No
1635,18,98,High,Low,No,8,82,Medium,Yes,3,Medium,High,Public,Negative,3,No,College,Near,Male,71,CLG0047,78,5.73,5.86,3,No,7,8,2,No
1636,17,73,High,Medium,Yes,7,85,Medium,Yes,2,Low,Medium,Public,Positive,2,No,High School,Moderate,Male,66,CLG0093,71,8.92,9.13,2,No,10,2,5,No
1637,15,85,Medium,Medium,Yes,4,61,Medium,Yes,0,Medium,Low,Public,Neutral,1,No,College,Near,Male,65,CLG0005,95,7.76,8.22,5,No,0,8,5,Yes
1638,13,67,Low,Medium,Yes,8,90,Medium,Yes,2,Low,Medium,Private,Negative,2,No,High School,Near,Male,61,CLG0027,74,6.77,6.54,9,Yes,9,5,0,No
1639,24,62,Medium,High,No,7,83,Low,Yes,1,Medium,Low,Public,Neutral,2,No,College,Moderate,Female,64,CLG0035,94,8.97,9.24,4,Yes,10,5,0,No
1640,23,90,High,High,No,7,87,High,Yes,1,Low,Medium,Public,Neutral,2,No,High School,Near,Female,72,CLG0009,91,9.16,9.25,5,No,2,5,0,No
1641,30,66,Medium,High,No,7,61,Low,Yes,0,High,High,Private,Positive,2,No,High School,Far,Male,66,CLG0094,111,5.85,5.71,6,No,4,10,1,No
1642,21,96,Medium,High,Yes,9,53,Medium,Yes,0,Low,High,Public,Neutral,3,No,College,Near,Male,70,CLG0024,136,6.31,6.73,8,No,8,10,0,No
1643,14,71,High,High,No,4,77,Medium,Yes,0,Medium,Medium,Public,Negative,3,No,High School,Near,Female,64,CLG0078,102,8.69,8.4,8,No,10,4,0,No
1644,23,87,Medium,Low,Yes,6,93,Medium,Yes,1,High,High,Private,Positive,4,No,Postgraduate,Near,Female,72,CLG0065,91,6.85,6.69,3,Yes,4,4,0,No
1645,5,73,High,Low,Yes,6,89,High,Yes,1,Medium,Medium,Public,Neutral,2,No,High School,Near,Male,62,CLG0069,114,8.07,8.36,3,No,5,8,2,Yes
1646,14,96,Medium,Low,No,9,76,Medium,Yes,0,Low,High,Public,Neutral,3,No,High School,Moderate,Male,66,CLG0051,74,7.47,7.78,3,No,4,6,2,No
1647,29,90,Low,Medium,Yes,7,95,Medium,Yes,0,High,High,Public,Neutral,2,Yes,High School,Near,Male,71,CLG0059,76,8.78,9.26,3,No,4,9,1,No
1648,13,97,Low,Medium,Yes,8,70,Medium,Yes,0,High,Medium,Private,Neutral,2,No,Postgraduate,Moderate,Female,67,CLG0058,128,5.62,5.58,5,Yes,10,10,1,No
1649,32,87,Medium,High,Yes,6,55,Medium,Yes,0,Low,High,Public,Neutral,3,No,High School,Near,Male,71,CLG0058,84,8.04,8.29,6,No,7,3,2,No
1650,13,68,Low,High,No,7,60,Medium,Yes,1,Medium,Low,Private,Positive,3,No,College,Moderate,Female,61,CLG0046,108,6.03,6.15,5,Yes,3,9,5,No
1651,15,79,High,Medium,No,8,62,Low,Yes,1,Low,Low,Public,Positive,3,No,College,Near,Male,65,CLG0064,102,5.23,5.22,1,No,1,2,0,No
1652,22,74,Medium,Low,Yes,6,56,Low,Yes,4,Medium,High,Public,Negative,3,No,Postgraduate,Moderate,Male,66,CLG0036,120,7.65,7.56,1,Yes,1,5,0,No
1653,18,65,Medium,Low,No,6,88,Medium,Yes,1,Medium,Medium,Private,Positive,1,Yes,College,Near,Male,62,CLG0005,83,5.48,5.27,10,Yes,2,5,1,No
1654,21,70,High,High,Yes,8,72,Low,Yes,3,Medium,Low,Public,Neutral,1,No,Postgraduate,Moderate,Female,67,CLG0093,88,8.41,8.24,4,No,1,9,0,No
1655,33,86,Medium,Medium,No,9,69,Medium,No,0,Medium,Medium,Public,Neutral,3,No,College,Near,Female,70,CLG0045,91,7.25,6.94,9,Yes,1,1,0,No
1656,22,73,Low,Medium,Yes,7,67,Medium,Yes,3,High,Medium,Private,Positive,2,No,High School,Far,Male,65,CLG0077,81,8.85,8.86,6,No,8,1,5,No
1657,22,72,Low,High,No,6,78,Low,No,1,Low,High,Public,Neutral,3,No,Postgraduate,Near,Male,65,CLG0066,96,5.88,5.85,5,Yes,8,10,3,No
1658,26,62,Medium,Medium,Yes,8,69,Medium,Yes,2,Medium,High,Public,Positive,3,No,College,Moderate,Female,66,CLG0080,99,6.9,6.5,6,No,5,1,5,No
1659,14,84,Medium,High,Yes,6,70,High,Yes,2,High,Medium,Public,Positive,3,No,College,Near,Female,69,CLG0017,85,9.22,9.42,5,Yes,1,1,5,No
1660,19,78,Medium,Medium,Yes,9,74,Low,Yes,2,Low,Medium,Public,Positive,5,No,High School,Moderate,Female,66,CLG0075,96,7.06,6.75,9,No,3,4,5,No
1661,30,98,Low,Low,Yes,5,50,High,Yes,0,Low,High,Public,Negative,2,No,College,Near,Male,70,CLG0076,64,5.62,5.66,2,Yes,4,2,0,No
1662,25,93,Medium,Medium,Yes,10,60,Low,Yes,1,Medium,Medium,Public,Positive,3,No,College,Moderate,Male,70,CLG0096,102,7.22,7.14,9,Yes,4,10,0,No
1663,18,62,High,Medium,Yes,7,76,Medium,Yes,2,Medium,Medium,Private,Negative,3,Yes,College,Near,Female,63,CLG0040,99,5.84,5.46,8,No,5,5,3,No
1664,19,65,Medium,High,Yes,7,68,Low,Yes,1,Low,Low,Public,Neutral,4,No,College,Near,Female,63,CLG0080,107,5.98,6.42,6,No,2,10,4,No
1665,23,76,High,Medium,No,8,81,Medium,Yes,3,Low,High,Public,Positive,2,No,High School,Near,Female,69,CLG0035,89,7.83,7.36,8,No,2,6,5,No
1666,30,94,Low,Medium,Yes,6,88,Low,Yes,2,Low,Medium,Private,Neutral,3,Yes,College,Near,Female,72,CLG0062,92,6.56,6.28,1,No,3,6,3,No
1667,27,63,High,Medium,Yes,6,98,Medium,Yes,1,Low,High,Public,Positive,2,No,High School,Moderate,Female,67,CLG0086,122,6.14,5.75,8,No,3,1,1,No
1668,25,72,High,Medium,Yes,8,58,Medium,Yes,0,Low,Medium,Public,Negative,4,No,College,Moderate,Female,66,CLG0070,110,7.64,7.75,3,Yes,7,8,0,No
1669,39,97,High,High,Yes,10,91,Medium,Yes,2,Low,Medium,Public,Positive,3,No,High School,Moderate,Female,79,CLG0068,100,5.82,5.81,7,No,6,1,3,No
1670,17,64,Low,High,No,7,69,Medium,Yes,1,Medium,Medium,Public,Negative,3,No,High School,Near,Female,62,CLG0053,93,6.7,7.07,3,No,7,9,5,No
1671,19,94,High,High,No,7,99,Medium,Yes,0,Low,Medium,Public,Neutral,1,Yes,High School,Near,Male,70,CLG0080,107,7.25,7.03,9,Yes,9,1,2,No
1672,28,94,Medium,High,No,7,60,Low,Yes,1,Low,Medium,Public,Positive,3,No,High School,Near,Male,71,CLG0042,76,9.57,9.95,9,Yes,0,6,1,No
1673,19,74,Medium,Low,Yes,5,65,High,No,1,Low,High,Public,Positive,3,No,High School,Near,Male,64,CLG0063,96,7.57,7.79,4,No,10,10,4,No
1674,27,74,Medium,High,No,7,71,Medium,Yes,1,Medium,Medium,Public,Positive,3,No,High School,Near,Female,69,CLG0057,121,6.56,6.47,10,No,3,4,1,No
1675,16,98,Medium,Medium,Yes,8,85,Low,Yes,0,Low,High,Public,Positive,2,No,College,Far,Male,69,CLG0039,109,7.9,8.22,2,No,7,8,2,Yes
1676,29,64,Medium,High,Yes,7,74,Medium,Yes,0,High,Medium,Public,Positive,2,No,Postgraduate,Near,Female,69,CLG0033,112,7.07,7.01,3,Yes,2,6,4,No
1677,21,88,High,Low,Yes,7,69,Medium,Yes,4,Medium,Medium,Private,Neutral,3,No,College,Near,Male,71,CLG0093,93,7.11,6.62,6,Yes,3,8,0,No
1678,18,69,Low,Medium,No,8,59,Low,No,1,Low,Medium,Public,Positive,4,No,High School,Near,Female,60,CLG0085,109,8.51,8.71,6,Yes,7,5,3,No
1679,15,68,High,Low,Yes,6,73,Medium,No,0,Medium,Medium,Public,Positive,3,No,College,Near,Male,62,CLG0074,92,5.8,5.8,4,No,9,8,1,No
1680,29,92,Medium,High,No,8,58,Low,Yes,2,Medium,Low,Private,Neutral,3,No,College,Near,Male,72,CLG0088,101,9.65,9.75,1,Yes,1,8,3,Yes
1681,23,79,Low,Medium,Yes,7,66,High,Yes,1,High,Medium,Private,Positive,3,No,Postgraduate,Near,Male,68,CLG0098,104,9.63,9.36,10,Yes,5,6,1,No
1682,17,71,Medium,Medium,Yes,8,90,Medium,Yes,5,Medium,Medium,Public,Positive,1,No,Postgraduate,Far,Male,67,CLG0041,90,5.27,5.65,6,Yes,6,9,0,No
1683,17,92,Low,Low,Yes,6,57,Medium,Yes,2,Medium,Medium,Private,Positive,2,Yes,High School,Moderate,Female,65,CLG0003,100,9.74,10.11,6,No,5,1,5,No
1684,20,64,High,Low,No,4,95,Medium,Yes,4,Medium,Medium,Public,Neutral,4,No,High School,Near,Male,66,CLG0001,114,9.14,8.73,2,Yes,7,6,2,Yes
1685,23,90,High,Medium,No,5,95,Low,Yes,2,Low,Medium,Public,Negative,2,No,High School,Moderate,Male,69,CLG0088,87,8.83,8.91,4,Yes,6,5,4,No
1686,15,96,Medium,Medium,No,7,54,High,No,3,Medium,High,Public,Negative,2,No,High School,Near,Male,67,CLG0065,107,5.07,4.81,9,No,2,5,4,No
1687,20,71,High,Medium,Yes,8,60,Low,Yes,0,Medium,Medium,Public,Neutral,2,No,High School,Near,Male,64,CLG0075,103,5.25,4.89,10,No,8,2,0,No
1688,27,69,Medium,Low,Yes,5,93,Medium,Yes,1,Medium,Medium,Public,Positive,4,No,College,Moderate,Male,67,CLG0027,94,9.56,9.27,7,No,1,6,1,No
1689,16,68,High,Medium,No,10,77,Medium,Yes,1,High,Medium,Public,Positive,3,No,Postgraduate,Near,Male,66,CLG0032,81,9.58,9.51,4,Yes,5,1,5,No
1690,23,86,Medium,Medium,No,8,91,Medium,Yes,0,Low,Medium,Public,Negative,0,No,High School,Near,Male,67,CLG0026,99,9.95,9.58,9,No,1,9,5,Yes
1691,19,96,Low,Medium,No,6,78,High,Yes,1,Low,Low,Public,Positive,2,No,High School,Far,Male,67,CLG0001,110,5.15,5.34,8,No,2,9,1,No
1692,22,91,Medium,Medium,No,7,74,Medium,Yes,1,Medium,Medium,Private,Negative,2,Yes,College,Moderate,Female,67,CLG0022,101,9.46,9.25,6,Yes,4,5,4,No
1693,23,75,Medium,Medium,Yes,8,87,Low,Yes,0,High,Low,Public,Positive,1,No,High School,Near,Female,66,CLG0021,103,6.15,5.74,6,Yes,2,2,3,No
1694,20,83,High,High,Yes,7,78,High,Yes,3,Low,Medium,Private,Neutral,2,No,College,Near,Female,71,CLG0004,93,9.57,9.41,6,No,0,7,2,No
1695,22,96,Medium,Medium,Yes,6,72,Low,Yes,1,High,Medium,Public,Positive,4,No,College,Near,Female,72,CLG0012,130,8.55,8.5,7,No,1,4,2,Yes
1696,20,81,Medium,Medium,No,8,87,Medium,Yes,1,High,Medium,Private,Neutral,3,No,High School,Near,Male,68,CLG0007,96,9.61,9.97,8,Yes,3,10,3,Yes
1697,11,76,Medium,Medium,Yes,8,91,Low,Yes,1,High,High,Private,Neutral,3,Yes,College,Near,Female,64,CLG0026,81,5.07,4.62,10,No,7,9,5,No
1698,18,79,Medium,High,Yes,8,86,Medium,Yes,3,Low,Low,Public,Neutral,4,No,College,Near,Female,68,CLG0014,109,5.79,6.13,8,Yes,8,10,5,No
1699,23,95,High,Medium,No,6,86,Low,Yes,0,Medium,High,Public,Neutral,3,No,High School,Moderate,Female,71,CLG0024,98,6.25,6.61,6,No,0,7,2,No
1700,29,93,Low,Medium,Yes,9,54,Medium,No,4,Low,High,Public,Positive,3,No,High School,Near,Male,71,CLG0032,91,9.44,9.42,7,No,5,1,5,No
1701,26,94,Medium,High,No,5,79,High,Yes,1,Low,High,Public,Positive,2,No,Postgraduate,Near,Male,74,CLG0015,70,8.57,8.69,4,Yes,3,4,0,No
1702,12,80,Medium,Low,No,7,90,Medium,Yes,3,Low,Medium,Public,Neutral,3,No,High School,Near,Female,64,CLG0040,101,7.79,8.03,8,Yes,2,2,3,No
1703,14,74,High,Medium,Yes,7,72,High,No,2,Medium,Medium,Private,Negative,3,No,College,Near,Male,65,CLG0090,120,9.9,9.46,2,No,8,1,3,Yes
1704,19,72,Medium,Medium,Yes,8,96,Low,Yes,1,Medium,High,Public,Positive,2,No,Postgraduate,Moderate,Female,67,CLG0055,115,5.62,5.64,6,No,7,9,0,No
1705,24,75,High,Low,Yes,8,77,High,Yes,1,Low,Medium,Private,Negative,1,No,College,Moderate,Male,66,CLG0060,93,5.54,5.19,1,No,2,9,5,No
1706,20,68,High,High,No,6,76,Low,Yes,2,Medium,Medium,Public,Neutral,3,No,High School,Near,Female,66,CLG0034,98,8.56,8.77,10,No,3,6,4,No
1707,4,100,High,High,Yes,8,60,High,Yes,0,Medium,High,Private,Positive,4,No,College,Moderate,Male,69,CLG0055,87,7.55,7.78,5,Yes,2,10,5,No
1708,19,69,High,Medium,Yes,5,98,Medium,Yes,0,High,Medium,Public,Neutral,4,No,High School,Moderate,Male,66,CLG0078,119,6.05,5.9,4,Yes,4,3,0,No
1709,34,61,Medium,Low,No,9,63,Low,Yes,2,Medium,Medium,Public,Neutral,5,No,High School,Moderate,Female,65,CLG0096,120,8.76,8.65,3,No,1,8,3,Yes
1710,21,97,Low,Low,No,7,78,Medium,Yes,0,High,Medium,Public,Neutral,3,No,Postgraduate,Near,Female,69,CLG0009,77,8.69,8.37,5,No,7,7,4,No
1711,9,84,High,High,Yes,7,60,High,Yes,1,Low,Medium,Private,Positive,3,No,College,Moderate,Male,66,CLG0073,106,9.42,9.1,2,Yes,1,6,4,No
1712,18,69,Medium,High,Yes,9,60,Medium,Yes,3,Low,Medium,Public,Negative,2,No,College,Far,Female,64,CLG0071,106,7.25,6.84,4,Yes,6,8,0,No
1713,30,100,Low,High,No,7,53,Medium,Yes,2,Low,High,Private,Neutral,3,No,High School,Moderate,Male,72,CLG0084,117,7.76,8.23,9,No,9,6,1,No
1714,13,88,Medium,Medium,Yes,4,68,High,Yes,1,High,Medium,Public,Positive,2,No,High School,Near,Female,67,CLG0050,99,9.32,9.57,1,Yes,4,6,4,No
1715,24,82,Low,Medium,No,7,56,Medium,Yes,1,Medium,Medium,Public,Positive,3,No,Postgraduate,Moderate,Male,67,CLG0029,99,8.4,8.83,7,Yes,5,1,3,No
1716,5,95,Medium,High,Yes,8,92,Low,Yes,1,Low,High,Private,Neutral,2,No,College,Near,Female,67,CLG0095,104,7.39,6.94,4,No,4,5,0,No
1717,15,84,Low,Low,Yes,7,89,High,Yes,1,Low,High,Public,Neutral,3,No,High School,Near,Female,65,CLG0040,93,8.31,8.68,6,Yes,4,3,2,No
1718,11,95,Medium,Medium,Yes,6,92,Medium,No,2,Medium,Low,Public,Neutral,3,No,Postgraduate,Moderate,Female,68,CLG0051,113,8.73,8.51,3,Yes,7,4,1,No
1719,7,74,Medium,Medium,Yes,6,66,Low,Yes,1,Low,High,Private,Positive,2,No,High School,Near,Female,61,CLG0066,91,5.69,5.62,1,No,10,10,5,No
1720,19,88,Medium,High,No,6,86,Medium,Yes,4,Medium,Medium,Public,Positive,3,Yes,College,Moderate,Male,70,CLG0025,112,6.05,6.5,1,No,2,10,0,No
1721,17,68,Low,High,Yes,6,87,High,Yes,0,Low,Medium,Private,Positive,4,Yes,College,Near,Male,64,CLG0080,103,9.55,9.51,2,No,9,2,4,No
1722,24,93,Medium,Medium,Yes,7,96,Medium,No,5,High,Medium,Public,Negative,4,No,Postgraduate,Near,Female,74,CLG0057,115,7.69,7.49,8,Yes,8,4,5,No
1723,9,65,Medium,High,Yes,9,67,Medium,Yes,1,High,Medium,Public,Neutral,3,No,High School,Near,Female,62,CLG0009,80,5.53,5.23,8,No,1,6,5,No
1724,27,70,Medium,Medium,No,6,99,High,Yes,2,Low,Medium,Private,Neutral,2,No,High School,Near,Female,68,CLG0052,114,6.49,6.43,3,No,2,10,3,Yes
1725,14,91,Medium,Medium,Yes,7,95,Medium,Yes,2,High,High,Public,Positive,2,No,High School,Moderate,Male,70,CLG0084,83,7.91,8.32,2,Yes,4,8,5,Yes
1726,25,70,Medium,Medium,Yes,9,56,High,Yes,0,Low,Medium,Public,Positive,1,No,High School,Far,Male,64,CLG0029,117,6.03,6.52,6,No,1,3,4,No
1727,17,68,Medium,High,Yes,8,71,Medium,Yes,1,Medium,High,Private,Neutral,2,No,High School,Near,Male,65,CLG0037,83,6.73,7.2,8,Yes,10,8,0,No
1728,14,77,High,High,Yes,5,89,Low,Yes,0,Medium,Medium,Private,Positive,2,No,College,Near,Male,67,CLG0038,110,5.89,6.12,2,No,8,8,1,No
1729,26,74,Low,Medium,No,8,57,Medium,Yes,0,Medium,Medium,Private,Positive,1,No,High School,Near,Male,65,CLG0034,103,9.75,9.29,4,No,4,2,3,No
1730,19,66,Medium,Medium,No,8,74,Medium,Yes,1,High,Medium,Public,Neutral,3,No,High School,Near,Female,64,CLG0076,134,6.6,6.35,7,No,0,4,5,No
1731,22,71,Medium,Medium,Yes,8,56,Low,Yes,0,Medium,High,Public,Neutral,2,No,Postgraduate,Near,Male,65,CLG0007,132,6.24,6.44,5,No,2,7,5,No
1732,13,71,Medium,High,Yes,6,51,Low,Yes,4,High,Medium,Public,Positive,4,No,College,Moderate,Female,65,CLG0076,107,7.04,6.6,3,No,9,7,5,No
1733,32,87,Medium,High,Yes,7,71,Medium,Yes,0,High,Low,Public,Neutral,4,Yes,College,Near,Male,72,CLG0097,107,7.81,8.12,2,No,3,5,5,No
1734,15,93,Medium,Medium,Yes,7,78,Low,Yes,0,Medium,Medium,Public,Negative,4,No,High School,Moderate,Male,66,CLG0081,111,9.98,10.03,9,Yes,5,8,1,Yes
1735,24,76,High,Low,No,7,73,Medium,Yes,4,Medium,Medium,Public,Neutral,2,No,High School,Near,Female,68,CLG0088,104,6.83,6.74,10,Yes,10,1,5,No
1736,30,72,Medium,Low,No,7,73,Medium,Yes,0,High,Medium,Public,Neutral,4,No,High School,Moderate,Male,66,CLG0065,112,8.59,8.79,4,No,3,5,2,Yes
1737,27,80,Medium,Medium,No,6,65,High,No,1,High,Medium,Private,Neutral,4,No,College,Moderate,Male,68,CLG0029,102,9.95,9.67,4,No,0,7,2,No
1738,20,98,Medium,Medium,Yes,8,89,High,Yes,3,High,Medium,Public,Negative,2,Yes,College,Near,Male,72,CLG0024,126,5.13,5.63,3,No,3,7,2,No
1739,23,91,Low,Medium,No,9,77,High,Yes,1,Low,Medium,Public,Positive,5,No,High School,Near,Male,70,CLG0047,104,6.59,6.9,8,Yes,7,10,5,No
1740,31,92,Medium,Medium,Yes,9,54,Medium,No,1,Low,Medium,Private,Positive,3,No,College,Near,Male,71,CLG0005,101,6.24,6.14,9,No,0,5,0,No
1741,18,71,Medium,High,Yes,6,81,Medium,Yes,1,Low,High,Public,Positive,3,No,High School,Near,Male,66,CLG0015,93,6.66,6.26,4,No,8,6,5,No
1742,19,82,Medium,Medium,No,10,67,Medium,Yes,0,Low,Low,Public,Positive,2,No,Postgraduate,Far,Male,65,CLG0023,51,7.66,7.43,8,No,4,9,2,No
1743,17,63,Medium,Medium,No,6,94,Low,Yes,0,Medium,Medium,Public,Negative,2,No,High School,Moderate,Male,61,CLG0054,81,9.14,9.35,4,No,10,6,5,No
1744,12,71,Medium,Low,No,8,100,Medium,Yes,2,High,Medium,Public,Neutral,3,Yes,College,Near,Male,63,CLG0098,100,6.29,6.53,9,No,3,2,2,No
1745,20,66,Medium,High,Yes,6,91,Low,Yes,0,Medium,High,Public,Negative,5,No,High School,Far,Male,65,CLG0033,85,8.01,7.81,8,No,7,7,4,No
1746,18,72,High,High,Yes,7,80,High,Yes,1,High,High,Public,Negative,2,Yes,High School,Moderate,Female,66,CLG0054,73,7.36,7.58,2,Yes,2,4,1,No
1747,19,85,Medium,High,Yes,9,74,Medium,Yes,1,High,Medium,Public,Neutral,3,No,College,Moderate,Female,69,CLG0045,64,6.95,6.78,7,No,10,5,0,No
1748,17,78,Medium,High,Yes,7,70,Medium,No,2,Low,High,Public,Positive,3,No,High School,Near,Male,66,CLG0071,110,8.23,8.25,5,Yes,7,9,1,No
1749,27,74,Medium,Low,Yes,9,64,High,No,1,Low,Medium,Public,Neutral,3,No,High School,Near,Male,65,CLG0024,98,6.02,6.27,6,No,3,4,5,No
1750,22,65,Low,Medium,No,7,82,Medium,Yes,2,Medium,High,Public,Positive,4,Yes,College,Near,Male,65,CLG0064,103,8.64,9.01,7,Yes,8,6,1,No
1751,14,80,High,Medium,Yes,5,81,Medium,Yes,1,Low,Medium,Public,Positive,4,No,Postgraduate,Far,Female,67,CLG0051,109,5.03,4.7,7,Yes,3,6,4,No
1752,28,66,Medium,High,No,5,67,Medium,Yes,1,High,Medium,Private,Positive,1,No,Postgraduate,Moderate,Female,68,CLG0056,122,6.32,5.98,9,No,8,1,4,No
1753,20,75,Low,High,No,8,67,Medium,Yes,1,High,Low,Public,Positive,4,No,College,Moderate,Male,66,CLG0001,107,9.07,9.04,9,No,5,6,0,No
1754,17,82,Low,Medium,Yes,9,63,Medium,Yes,2,Low,Medium,Private,Neutral,2,No,College,Moderate,Male,65,CLG0078,103,6.33,6.35,1,No,4,7,0,No
1755,16,65,High,Low,Yes,8,97,High,Yes,2,Low,Medium,Public,Negative,4,Yes,High School,Near,Female,63,CLG0015,118,7.55,7.18,3,Yes,9,5,5,No
1756,6,93,Medium,Medium,No,7,52,High,Yes,0,Medium,Medium,Public,Neutral,2,No,College,Near,Female,64,CLG0030,108,5.68,5.33,7,No,0,3,2,No
1757,32,83,High,Medium,Yes,10,68,Medium,No,3,Low,Medium,Private,Positive,4,No,High School,Moderate,Female,71,CLG0032,107,5.22,5.08,6,Yes,6,8,4,No
1758,15,73,Medium,Low,Yes,7,51,Medium,Yes,2,Low,High,Private,Negative,3,No,High School,Moderate,Male,61,CLG0004,100,5.58,5.69,8,Yes,8,8,3,No
1759,5,65,Medium,High,Yes,7,98,Low,Yes,1,Low,Low,Private,Positive,3,No,High School,Far,Male,59,CLG0023,105,7.05,7.15,2,No,5,7,4,No
1760,18,65,High,Medium,Yes,7,64,Medium,Yes,2,High,Medium,Public,Positive,1,No,High School,Near,Male,65,CLG0040,122,9.25,8.84,10,Yes,9,6,1,No
1761,16,82,Medium,Medium,Yes,6,99,Medium,Yes,3,High,Medium,Public,Positive,2,No,High School,Near,Male,69,CLG0003,120,6.44,5.98,6,Yes,0,9,3,Yes
1762,24,71,Medium,Medium,Yes,7,81,Medium,Yes,0,Low,Medium,Private,Positive,3,No,High School,Near,Male,66,CLG0075,104,8.72,8.67,9,No,5,10,1,No
1763,15,95,Medium,Medium,Yes,7,62,High,Yes,0,High,Medium,Public,Negative,3,No,College,Near,Female,68,CLG0021,64,8.58,8.74,8,Yes,6,6,5,No
1764,14,70,Medium,Medium,Yes,9,91,High,Yes,2,Medium,Medium,Public,Neutral,4,No,High School,Near,Female,65,CLG0014,70,9.39,9.27,8,No,4,3,4,No
1765,13,91,Low,Medium,No,6,90,Medium,Yes,1,High,Medium,Public,Negative,2,Yes,High School,Moderate,Female,65,CLG0031,128,7.26,7.18,10,Yes,3,7,0,No
1766,25,70,Low,Medium,Yes,6,57,Medium,Yes,4,Medium,Medium,Private,Neutral,3,No,High School,Near,Male,66,CLG0095,86,9.96,9.77,10,No,5,2,5,No
1767,22,63,Medium,Medium,Yes,8,97,Medium,Yes,1,High,High,Public,Neutral,3,No,High School,Moderate,Female,66,CLG0069,114,9.22,9.55,7,No,9,10,5,Yes
1768,24,85,High,High,No,8,89,Medium,Yes,1,Low,Medium,Public,Neutral,3,No,High School,Moderate,Female,70,CLG0045,107,8.77,8.92,3,No,7,5,1,No
1769,25,100,High,Low,No,6,85,Low,Yes,1,Medium,Medium,Public,Positive,3,No,High School,Near,Male,72,CLG0048,64,9.37,9.52,7,No,10,2,5,No
1770,19,85,Medium,Medium,Yes,7,86,Medium,Yes,0,Low,Medium,Public,Positive,2,No,College,Moderate,Female,67,CLG0053,80,6.14,6.36,5,Yes,7,10,0,No
1771,18,67,High,Medium,No,6,51,Medium,Yes,0,Medium,High,Public,Positive,2,No,College,Near,Female,64,CLG0100,105,6.47,6.11,3,No,8,8,4,No
1772,19,89,Medium,High,Yes,4,66,Low,Yes,1,Low,Medium,Public,Positive,1,No,Postgraduate,Near,Female,69,CLG0012,87,8.46,8.1,9,No,10,9,4,Yes
1773,21,67,Medium,Medium,No,7,96,Low,Yes,3,Low,Medium,Public,Neutral,2,No,High School,Far,Female,64,CLG0005,90,9.88,9.44,5,Yes,6,6,1,No
1774,22,82,Medium,High,Yes,7,58,Medium,Yes,0,Medium,Medium,Public,Negative,4,No,College,Near,Male,68,CLG0054,110,6.14,5.87,4,No,5,7,5,No
1775,15,86,Low,Medium,No,9,97,Medium,Yes,2,Medium,Medium,Public,Negative,4,No,High School,Near,Male,67,CLG0009,106,7.34,7.13,3,Yes,7,5,4,No
1776,20,71,Low,Medium,Yes,9,68,Medium,Yes,1,Low,Medium,Private,Positive,3,No,High School,Far,Male,63,CLG0030,81,7.4,7.17,3,Yes,8,6,4,No
1777,17,71,Medium,Low,No,8,57,Medium,Yes,3,Medium,High,Private,Positive,4,No,High School,Near,Female,64,CLG0028,80,9.53,9.12,2,No,7,2,4,No
1778,23,67,Medium,Medium,No,4,50,Low,Yes,4,Low,Medium,Private,Positive,3,No,College,Moderate,Male,65,CLG0066,124,8.25,8.41,9,Yes,3,8,2,Yes
1779,21,66,High,Medium,Yes,6,76,Low,Yes,3,Low,Medium,Private,Neutral,1,No,High School,Moderate,Female,65,CLG0034,115,8.14,7.86,8,No,8,4,0,No
1780,23,86,Medium,Medium,Yes,8,71,High,Yes,3,Medium,Medium,Public,Neutral,4,No,College,Near,Female,71,CLG0005,107,7.86,8.19,2,No,4,4,4,No
1781,24,80,Low,High,Yes,9,83,Medium,Yes,1,Low,Low,Public,Negative,1,No,High School,Near,Male,67,CLG0091,98,5.31,5.2,1,Yes,10,7,5,No
1782,19,80,Low,Low,No,8,99,High,Yes,1,Low,Medium,Public,Positive,4,No,Postgraduate,Near,Male,67,CLG0009,84,8.99,9.43,1,No,3,2,4,No
1783,25,74,Low,High,Yes,8,94,High,Yes,0,Low,Medium,Public,Positive,4,No,High School,Moderate,Female,68,CLG0042,110,9.78,9.49,1,No,0,8,0,No
1784,23,78,High,High,Yes,6,60,Medium,Yes,2,High,High,Public,Positive,4,No,High School,Far,Male,70,CLG0004,110,7.29,7.1,2,No,7,9,0,No
1785,24,88,Low,Medium,No,8,58,Medium,Yes,1,Low,High,Public,Negative,3,No,High School,Near,Male,67,CLG0010,100,6.81,7.09,8,Yes,5,2,0,No
1786,2,99,Medium,Low,Yes,9,52,Low,Yes,0,Medium,Medium,Public,Neutral,4,No,High School,Near,Male,62,CLG0023,103,6.42,6.58,6,Yes,10,4,2,No
1787,18,76,Medium,Medium,No,8,88,Low,Yes,1,Medium,Medium,Public,Neutral,4,No,College,Near,Female,66,CLG0005,103,5.06,4.86,4,No,10,6,2,No
1788,16,67,Medium,Medium,Yes,5,53,Low,Yes,2,Medium,Medium,Private,Positive,3,No,High School,Moderate,Male,62,CLG0001,81,7.86,7.63,10,No,8,9,1,No
1789,18,86,Low,Medium,Yes,9,62,Medium,Yes,4,Medium,Medium,Public,Negative,2,Yes,Postgraduate,Near,Female,67,CLG0053,99,9.44,9.41,8,Yes,5,5,0,No
1790,20,94,High,Medium,Yes,8,93,Low,Yes,1,Medium,Medium,Public,Neutral,3,No,College,Moderate,Female,71,CLG0050,84,7.89,7.71,2,No,0,3,0,No
1791,20,62,Low,Medium,Yes,5,94,High,Yes,3,Medium,Medium,Public,Neutral,3,No,Postgraduate,Near,Male,66,CLG0065,91,8.35,8.14,5,No,8,1,3,No
1792,18,97,Medium,High,No,9,88,Low,Yes,1,High,Medium,Public,Neutral,3,Yes,High School,Near,Female,70,CLG0083,111,7.76,7.72,10,No,10,9,4,Yes
1793,11,70,Medium,High,Yes,6,89,Low,Yes,2,Medium,Medium,Public,Positive,4,No,High School,Near,Female,64,CLG0021,82,9.14,9.31,9,No,2,9,2,Yes
1794,14,76,Medium,Medium,No,7,85,High,Yes,3,Low,Medium,Private,Neutral,3,No,College,Near,Male,66,CLG0027,107,7.62,7.56,3,No,3,7,1,No
1795,22,73,Medium,Low,Yes,5,58,Medium,Yes,4,Low,Medium,Public,Positive,3,Yes,College,Near,Female,65,CLG0001,138,8.71,8.3,6,Yes,1,6,2,Yes
1796,23,73,High,Medium,No,8,57,Medium,Yes,3,Medium,Medium,Public,Positive,2,No,College,Near,Male,67,CLG0075,88,5.03,5.27,6,Yes,9,5,4,No
1797,21,76,High,High,Yes,9,72,Low,Yes,1,Low,High,Public,Neutral,3,No,High School,Moderate,Female,67,CLG0005,130,6.88,6.79,3,No,0,10,1,No
1798,18,68,High,High,Yes,7,87,High,Yes,3,Medium,Medium,Public,Positive,4,No,High School,Near,Male,69,CLG0081,83,7.88,7.49,4,Yes,4,10,4,No
1799,22,87,High,High,Yes,8,64,Medium,No,2,Medium,High,Public,Negative,3,No,High School,Moderate,Female,70,CLG0022,94,9.98,9.99,10,No,0,2,1,No
1800,14,63,Medium,Medium,Yes,8,64,High,Yes,1,Low,Medium,Public,Neutral,3,No,High School,Moderate,Male,61,CLG0039,84,9.85,9.68,3,Yes,4,8,3,Yes
1801,18,74,Medium,High,Yes,8,91,Medium,Yes,0,Medium,High,Private,Positive,2,No,High School,Near,Female,67,CLG0085,90,10.0,9.86,5,No,0,4,5,No
1802,14,82,Medium,Medium,No,8,65,Medium,Yes,1,Low,Medium,Private,Positive,3,No,College,Near,Male,65,CLG0062,80,5.05,5.28,10,Yes,1,9,5,No
1803,17,75,Medium,High,Yes,6,80,Medium,No,1,Low,Medium,Private,Positive,5,No,High School,Moderate,Male,65,CLG0066,92,6.34,6.5,1,No,5,2,1,No
1804,21,88,Medium,Medium,Yes,6,63,Low,Yes,1,Medium,Medium,Public,Neutral,3,No,High School,Near,Female,68,CLG0032,95,6.91,7.16,5,No,4,7,2,No
1805,32,65,Medium,Low,Yes,8,57,Low,Yes,2,Low,Medium,Public,Positive,3,No,High School,Moderate,Female,65,CLG0012,124,7.53,7.16,1,Yes,7,5,5,No
1806,22,77,Medium,High,No,7,85,Low,Yes,2,Low,Medium,Public,Neutral,2,No,College,Near,Male,68,CLG0085,109,7.88,7.61,10,Yes,3,2,1,No
1807,20,78,High,Medium,No,7,80,High,Yes,2,High,Medium,Public,Positive,3,No,College,Near,Male,70,CLG0046,125,6.58,6.13,5,Yes,8,2,0,No
1808,27,83,High,Low,No,5,60,Medium,Yes,0,High,Low,Public,Neutral,2,No,College,Moderate,Female,68,CLG0052,114,7.83,7.71,1,Yes,1,3,2,No
1809,24,65,Low,High,No,6,79,Low,Yes,1,Medium,High,Public,Neutral,2,No,Postgraduate,Near,Male,66,CLG0048,125,8.06,8.54,3,No,0,1,0,No
1810,19,89,High,High,Yes,10,94,Medium,Yes,0,High,Medium,Private,Neutral,1,No,College,Near,Female,72,CLG0100,77,5.32,5.58,1,No,5,8,2,No
1811,19,95,High,High,Yes,9,68,Medium,Yes,3,High,Medium,Public,Positive,4,No,College,Far,Male,73,CLG0094,93,5.12,4.8,5,No,6,6,1,No
1812,17,70,High,Medium,No,8,82,Low,Yes,2,High,High,Public,Negative,2,Yes,High School,Moderate,Female,64,CLG0085,111,9.06,9.22,3,Yes,8,4,5,Yes
1813,19,70,High,Medium,Yes,8,68,High,No,1,Low,Medium,Public,Positive,3,No,College,Near,Female,65,CLG0057,95,5.66,5.48,8,No,2,9,1,No
1814,19,66,Medium,Low,No,7,58,Medium,Yes,5,Medium,Low,Public,Positive,4,No,College,Moderate,Female,64,CLG0016,117,7.01,6.77,10,No,3,9,5,Yes
1815,16,79,Medium,Medium,No,8,82,Low,Yes,2,Low,Medium,Private,Neutral,3,Yes,Postgraduate,Moderate,Female,64,CLG0070,119,5.51,5.38,6,No,3,7,4,No
1816,21,99,Medium,Low,No,7,57,High,Yes,2,Medium,Medium,Public,Neutral,2,No,Postgraduate,Near,Male,71,CLG0084,106,5.36,5.01,8,No,2,5,1,No
1817,20,61,Medium,High,No,9,81,Medium,Yes,0,High,High,Public,Neutral,2,Yes,High School,Near,Male,63,CLG0051,76,9.68,9.53,8,No,9,4,5,No
1818,15,99,Medium,Medium,Yes,5,71,Medium,Yes,0,Medium,Medium,Public,Neutral,2,No,College,Moderate,Male,68,CLG0093,109,7.2,6.89,2,No,7,1,2,No
1819,14,74,High,Medium,No,8,100,Medium,Yes,1,Low,Medium,Public,Neutral,3,No,College,Near,Male,66,CLG0002,94,6.66,6.98,10,No,8,1,5,No
1820,15,74,High,Low,No,6,72,Low,Yes,2,Low,Medium,Public,Positive,3,No,High School,Near,Male,64,CLG0008,110,8.63,8.73,8,Yes,0,6,0,No
1821,2,98,Low,High,Yes,7,80,High,Yes,2,Low,High,Public,Neutral,1,No,High School,Near,Male,66,CLG0009,103,7.51,8.01,6,No,4,7,1,No
1822,19,97,High,High,No,5,78,Low,Yes,0,Medium,Low,Private,Negative,3,No,College,Moderate,Male,70,CLG0083,97,5.75,5.64,5,Yes,8,2,5,No
1823,29,96,High,High,Yes,9,56,Low,Yes,0,Low,High,Private,Neutral,4,No,High School,Near,Male,73,CLG0094,119,9.72,10.1,10,No,7,4,5,Yes
1824,19,82,High,Low,No,9,71,Medium,Yes,1,Low,High,Private,Neutral,3,No,College,Near,Female,67,CLG0031,94,7.52,7.43,2,No,6,6,1,No
1825,19,62,High,Medium,No,7,82,Low,Yes,0,Low,Low,Private,Neutral,5,Yes,Postgraduate,Near,Male,62,CLG0028,102,8.99,9.43,2,Yes,0,8,3,Yes
1826,26,63,Medium,High,Yes,9,74,Medium,Yes,1,Low,Medium,Private,Positive,4,No,High School,Near,Female,67,CLG0079,99,8.61,8.88,2,No,9,1,4,No
1827,22,89,Medium,Medium,Yes,7,54,Medium,Yes,1,High,Medium,Public,Positive,3,No,High School,Near,Female,69,CLG0005,108,8.62,8.33,9,No,9,8,3,Yes
1828,12,95,Medium,High,Yes,5,85,Medium,Yes,2,High,Medium,Public,Negative,2,No,College,Near,Male,70,CLG0051,80,9.1,9.05,6,No,1,2,2,No
1829,24,75,Medium,Low,No,7,94,Medium,Yes,2,Medium,High,Public,Negative,4,No,High School,Near,Male,67,CLG0069,69,9.85,9.91,8,No,7,10,2,Yes
1830,13,88,Low,High,Yes,9,88,High,Yes,2,Low,High,Private,Negative,4,No,Postgraduate,Far,Male,68,CLG0069,90,5.29,4.88,6,No,8,5,2,No
1831,18,63,Medium,Low,No,7,52,Medium,Yes,2,High,High,Public,Positive,3,No,Postgraduate,Moderate,Female,63,CLG0068,86,5.1,5.29,3,No,7,2,0,No
1832,26,79,Medium,Low,No,7,97,Medium,Yes,1,High,Medium,Private,Positive,2,No,High School,Near,Male,69,CLG0036,118,5.48,5.95,7,Yes,3,8,2,Yes
1833,9,81,High,Medium,Yes,9,73,Medium,Yes,1,Medium,Medium,Public,Negative,1,No,Postgraduate,Near,Male,65,CLG0071,107,8.36,8.7,2,No,0,7,4,No
1834,23,90,High,Medium,Yes,5,51,Medium,Yes,0,Low,High,Public,Negative,1,No,High School,Near,Male,68,CLG0030,105,5.39,5.28,2,No,10,3,4,No
1835,21,79,High,Low,Yes,8,99,Medium,Yes,2,Low,High,Public,Positive,4,No,High School,Near,Male,69,CLG0005,105,6.28,6.63,8,No,1,1,2,No
1836,28,98,Medium,Medium,Yes,7,59,Medium,Yes,1,Low,Medium,Public,Positive,3,No,High School,Near,Male,72,CLG0034,76,9.84,9.72,9,No,4,1,1,No
1837,16,90,Low,High,Yes,8,51,Medium,Yes,1,High,Medium,Public,Neutral,5,No,High School,Moderate,Female,67,CLG0067,88,5.81,5.88,8,No,7,10,3,No
1838,29,83,Medium,Medium,No,7,55,High,Yes,2,Low,Low,Private,Negative,4,No,High School,Near,Female,68,CLG0035,61,6.33,6.71,3,No,8,10,2,No
1839,23,63,High,High,No,7,100,Low,Yes,2,Medium,High,Private,Positive,3,No,Postgraduate,Near,Female,69,CLG0018,71,7.09,6.99,5,No,0,7,3,No
1840,13,79,Medium,High,Yes,7,63,Low,No,3,High,Medium,Private,Neutral,2,No,High School,Near,Female,65,CLG0026,102,6.58,6.11,1,No,0,5,3,No
1841,28,78,High,Medium,Yes,7,86,Low,Yes,0,Low,High,Public,Neutral,2,No,College,Moderate,Male,69,CLG0080,101,5.8,5.91,7,No,8,1,0,No
1842,21,79,Medium,High,No,4,92,Low,Yes,0,Low,Medium,Public,Negative,2,No,Postgraduate,Near,Female,67,CLG0099,117,7.35,6.96,5,No,3,5,0,No
1843,30,86,High,Medium,No,8,78,Medium,Yes,4,Medium,Low,Public,Positive,2,No,College,Far,Male,73,CLG0004,101,8.85,9.02,6,No,0,6,4,No
1844,33,87,Medium,High,No,8,77,Low,Yes,0,Low,Medium,Private,Positive,3,Yes,High School,Near,Male,71,CLG0085,103,7.11,7.33,1,No,9,1,3,No
1845,15,94,Medium,High,Yes,8,64,Medium,Yes,2,Low,Medium,Public,Negative,1,No,College,Near,Male,68,CLG0022,94,9.11,9.31,3,No,6,6,4,No
1846,20,97,High,Low,Yes,6,93,Low,Yes,1,High,High,Public,Positive,1,No,College,Far,Male,71,CLG0065,106,6.64,6.31,2,No,9,10,2,No
1847,21,73,High,Medium,Yes,8,99,Medium,Yes,1,Medium,High,Public,Positive,4,No,College,Moderate,Male,69,CLG0012,105,6.83,6.5,5,No,5,4,2,No
1848,27,78,Medium,Medium,Yes,5,76,High,Yes,1,Medium,Medium,Private,Positive,4,No,Postgraduate,Near,Male,71,CLG0079,113,5.27,5.05,2,Yes,4,7,4,No
1849,26,91,High,Medium,Yes,7,57,Low,Yes,3,Medium,Medium,Public,Negative,3,No,College,Near,Male,72,CLG0024,126,8.66,8.54,10,No,4,5,4,Yes
1850,21,80,Medium,Medium,Yes,8,90,Medium,Yes,0,Medium,Medium,Public,Negative,4,No,College,Near,Male,68,CLG0053,123,6.15,6.58,7,Yes,1,10,3,Yes
1851,30,84,Low,Medium,No,6,95,Medium,Yes,2,High,High,Public,Negative,2,No,College,Near,Male,72,CLG0043,74,8.55,8.15,4,No,4,4,1,No
1852,16,100,High,High,Yes,7,82,Medium,Yes,2,High,Medium,Public,Positive,2,No,High School,Near,Male,73,CLG0056,88,8.28,8.71,6,No,4,8,2,Yes
1853,16,78,Low,High,No,7,62,Medium,Yes,0,High,High,Public,Negative,1,No,High School,Far,Female,63,CLG0070,99,5.11,4.7,5,No,8,1,4,No
1854,20,91,Medium,Medium,Yes,6,88,Medium,Yes,1,Low,Medium,Public,Positive,4,No,High School,Moderate,Male,69,CLG0080,109,6.88,6.55,6,Yes,0,6,0,No
1855,22,60,Medium,Medium,Yes,5,52,Medium,Yes,0,Low,Medium,Public,Negative,2,No,High School,Near,Female,61,CLG0063,86,7.62,7.7,9,Yes,8,4,3,No
1856,18,72,Medium,Low,No,9,84,Medium,Yes,2,Medium,Medium,Public,Neutral,4,No,High School,Near,Male,64,CLG0058,97,5.08,5.06,9,No,4,9,2,No
1857,19,79,Low,Medium,Yes,5,99,High,Yes,1,Low,Medium,Private,Negative,4,No,College,Moderate,Female,66,CLG0095,72,8.59,8.67,7,No,8,1,1,No
1858,7,64,High,High,No,6,81,Medium,Yes,2,Low,Low,Private,Positive,3,No,Postgraduate,Moderate,Female,62,CLG0022,122,8.2,8.01,3,Yes,0,5,3,Yes
1859,15,93,Medium,Medium,No,5,86,Medium,Yes,0,Low,Medium,Public,Neutral,2,No,College,Far,Male,66,CLG0059,103,8.89,9.09,3,Yes,6,3,4,No
1860,13,69,High,Low,No,4,94,Medium,Yes,3,Low,Low,Public,Positive,3,Yes,High School,Near,Male,62,CLG0090,107,7.36,6.87,5,No,7,3,4,No
1861,20,90,High,Medium,Yes,4,56,Medium,Yes,0,Low,High,Private,Positive,1,No,High School,Moderate,Male,68,CLG0066,115,8.98,8.79,9,Yes,10,7,5,Yes
1862,18,91,High,Medium,Yes,6,69,Medium,Yes,5,Low,High,Public,Positive,2,No,High School,Near,Male,71,CLG0047,117,6.11,6.19,1,No,3,8,5,Yes
1863,12,82,High,Medium,Yes,6,96,High,Yes,0,Low,Low,Private,Positive,4,Yes,College,Near,Male,66,CLG0080,121,8.21,7.73,1,No,8,3,3,No
1864,29,68,Medium,Medium,No,4,89,Medium,Yes,0,Medium,Medium,Private,Neutral,4,Yes,College,Near,Male,67,CLG0032,72,6.97,7.37,1,Yes,7,9,4,No
1865,27,83,Medium,Medium,No,10,95,Medium,Yes,0,High,Low,Private,Neutral,4,No,High School,Moderate,Female,69,CLG0094,99,5.74,6.01,3,No,7,10,5,No
1866,25,99,Low,Medium,No,8,69,Medium,No,1,Low,High,Public,Positive,3,No,Postgraduate,Moderate,Male,70,CLG0024,83,5.44,5.45,3,No,7,10,0,No
1867,16,68,Low,Medium,Yes,7,85,High,Yes,1,Low,High,Private,Positive,3,No,Postgraduate,Moderate,Female,64,CLG0062,96,7.87,8.35,6,No,10,1,5,No
1868,24,91,Medium,Medium,Yes,8,55,Low,Yes,0,Medium,Low,Private,Neutral,2,No,College,Moderate,Female,67,CLG0023,90,9.09,9.47,1,No,10,7,1,No
1869,22,98,Low,Medium,No,7,56,High,Yes,1,High,Medium,Private,Neutral,1,No,College,Near,Female,70,CLG0068,87,6.29,6.28,3,Yes,5,10,0,No
1870,15,73,Medium,Medium,No,7,76,High,Yes,2,Low,Medium,Public,Positive,4,No,High School,Far,Female,64,CLG0063,108,8.35,8.15,3,Yes,3,4,5,No
1871,22,69,Low,Medium,No,9,84,Medium,Yes,0,Medium,Medium,Public,Neutral,3,No,College,Moderate,Male,64,CLG0070,87,7.89,7.55,5,Yes,10,10,1,No
1872,28,74,Medium,Medium,No,9,96,Low,Yes,0,Medium,Medium,Private,Neutral,3,No,High School,Near,Female,68,CLG0065,86,7.87,7.9,3,No,4,6,3,No
1873,20,96,Medium,Medium,No,6,71,Medium,Yes,5,Low,High,Public,Neutral,3,No,College,Near,Male,72,CLG0015,122,9.01,8.77,2,Yes,1,2,2,Yes
1874,25,77,High,High,No,8,85,Medium,Yes,2,Medium,Medium,Public,Positive,1,No,College,Near,Male,71,CLG0062,98,5.71,5.24,7,No,0,10,2,No
1875,27,99,High,Medium,No,7,53,Low,Yes,2,Low,High,Public,Neutral,3,No,College,Near,Male,73,CLG0089,95,9.87,10.3,3,Yes,0,8,0,No
1876,13,73,Medium,High,Yes,7,60,High,Yes,0,High,High,Public,Neutral,3,No,College,Near,Female,65,CLG0071,87,6.79,6.32,10,No,7,2,0,No
1877,19,79,Medium,High,Yes,8,55,Medium,Yes,3,Medium,Medium,Private,Neutral,4,Yes,Postgraduate,Near,Male,68,CLG0096,93,8.65,8.46,1,No,6,2,1,No
1878,17,98,Medium,Medium,No,9,87,Low,Yes,0,High,Medium,Private,Positive,3,No,High School,Moderate,Female,69,CLG0097,107,9.26,9.21,5,No,7,3,0,No
1879,18,89,Medium,Medium,No,5,53,Medium,Yes,5,Low,High,Private,Neutral,4,No,College,Near,Male,69,CLG0051,80,8.58,8.21,9,Yes,2,6,2,No
1880,17,67,High,Medium,Yes,10,51,Medium,Yes,3,Low,Medium,Public,Positive,5,No,High School,Near,Male,65,CLG0037,109,7.04,7.32,5,Yes,3,9,2,No
1881,17,97,Medium,Medium,Yes,8,61,Low,Yes,2,Low,Medium,Public,Neutral,2,No,High School,Near,Male,68,CLG0076,76,8.15,8.11,2,No,7,7,4,No
1882,18,78,Medium,Low,No,6,73,Medium,Yes,1,High,High,Public,Positive,2,No,High School,Moderate,Female,65,CLG0070,80,6.24,6.49,5,No,3,3,0,No
1883,14,100,Medium,Medium,Yes,4,100,Medium,Yes,3,Low,Medium,Public,Neutral,3,No,Postgraduate,Moderate,Female,71,CLG0031,115,9.06,8.83,7,No,8,6,5,Yes
1884,9,96,Medium,Medium,Yes,4,82,High,No,0,Low,Medium,Public,Positive,4,No,College,Near,Male,67,CLG0072,76,9.89,9.87,4,No,2,7,4,No
1885,15,94,Low,Low,Yes,8,77,Medium,Yes,1,High,High,Private,Positive,1,No,College,Near,Male,68,CLG0095,104,5.34,4.92,1,No,5,4,5,No
1886,21,65,Medium,Medium,Yes,8,67,Medium,Yes,1,Low,Medium,Public,Positive,2,No,College,Moderate,Male,63,CLG0049,77,6.72,6.98,8,Yes,1,6,1,No
1887,34,98,Medium,High,No,7,79,Medium,Yes,1,Low,Medium,Private,Neutral,4,No,College,Near,Male,75,CLG0019,104,7.05,7.11,8,Yes,3,9,1,No
1888,25,70,Low,Medium,Yes,8,61,Low,No,3,Low,Medium,Public,Positive,4,No,College,Moderate,Female,64,CLG0044,106,5.75,6.24,9,Yes,6,5,5,No
1889,26,65,Medium,Medium,Yes,7,82,Low,Yes,1,Low,Medium,Public,Positive,1,No,Postgraduate,Far,Male,65,CLG0023,83,9.11,9.12,6,No,1,9,3,Yes
1890,31,80,Medium,Medium,Yes,6,71,High,Yes,2,Low,High,Public,Neutral,3,No,High School,Near,Female,71,CLG0023,117,7.94,7.56,9,No,1,3,4,No
1891,11,98,Medium,Medium,Yes,9,82,Low,Yes,1,Medium,Medium,Private,Positive,3,No,Postgraduate,Far,Male,68,CLG0056,84,9.32,9.5,9,Yes,2,1,3,No
1892,31,76,Medium,High,Yes,7,70,Low,Yes,3,Low,Medium,Public,Neutral,3,No,College,Moderate,Male,70,CLG0078,94,7.52,7.56,7,No,3,10,5,No
1893,6,71,Medium,High,Yes,5,85,Medium,Yes,1,Low,Medium,Public,Positive,2,No,High School,Moderate,Male,61,CLG0025,89,7.62,7.96,2,No,9,8,3,No
1894,23,74,High,Medium,No,8,95,Medium,Yes,2,Low,Medium,Public,Negative,2,No,College,Far,Female,67,CLG0084,128,8.01,8.31,4,Yes,10,2,0,No
1895,8,67,Medium,Medium,Yes,7,92,Medium,Yes,0,High,High,Private,Positive,2,No,College,Near,Male,63,CLG0033,111,9.15,8.84,2,No,8,7,0,No
1896,21,67,Medium,High,No,7,52,Medium,Yes,3,Low,Medium,Public,Negative,3,Yes,High School,Moderate,Female,62,CLG0040,102,9.63,9.3,2,No,0,9,3,Yes
1897,7,69,Low,Medium,Yes,6,88,Medium,Yes,0,Low,High,Private,Negative,4,No,Postgraduate,Near,Female,61,CLG0078,89,5.18,5.51,1,No,9,7,2,No
1898,20,99,Low,Medium,Yes,7,97,Medium,Yes,2,Low,Medium,Public,Neutral,0,No,High School,Near,Male,70,CLG0091,79,6.06,6.28,6,No,1,3,0,No
1899,14,72,Low,High,No,7,89,Medium,Yes,2,Medium,Medium,Public,Positive,3,No,High School,Near,Female,65,CLG0096,94,9.36,9.1,6,Yes,7,2,0,No
1900,27,94,Medium,High,No,9,63,High,Yes,0,Low,Medium,Public,Neutral,4,No,College,Near,Female,72,CLG0023,105,7.05,6.83,1,No,0,7,4,No
1901,11,61,Medium,Medium,Yes,5,61,Medium,Yes,3,Medium,High,Public,Neutral,0,Yes,Postgraduate,Near,Male,60,CLG0082,102,7.16,7.2,9,No,1,3,0,No
1902,29,62,Low,High,Yes,7,53,High,Yes,0,Low,Medium,Private,Positive,3,No,College,Moderate,Female,65,CLG0093,107,6.36,5.86,3,Yes,0,8,5,No
1903,20,79,Medium,Medium,Yes,8,71,Medium,Yes,1,Medium,High,Public,Neutral,3,No,College,Near,Female,68,CLG0054,91,6.26,5.97,9,No,6,3,0,No
1904,22,88,Medium,Medium,Yes,10,72,Medium,Yes,2,Low,High,Public,Neutral,2,No,High School,Moderate,Female,69,CLG0100,94,7.49,7.03,3,No,3,8,3,No
1905,23,99,Low,Medium,No,8,61,Low,Yes,2,High,High,Private,Positive,3,Yes,High School,Near,Female,70,CLG0032,130,8.47,8.74,8,Yes,6,1,3,Yes
1906,31,64,Medium,High,No,6,93,Medium,Yes,1,Low,High,Public,Neutral,3,No,High School,Near,Female,69,CLG0049,84,6.59,6.88,7,Yes,0,8,3,No
1907,18,62,Low,High,Yes,6,91,High,No,4,Low,Medium,Private,Neutral,1,No,High School,Moderate,Male,63,CLG0086,106,7.45,7.58,4,Yes,9,6,4,No
1908,15,65,Low,High,Yes,5,87,Medium,Yes,0,Low,High,Private,Neutral,4,No,High School,Near,Female,63,CLG0011,95,8.3,8.03,2,No,3,6,4,No
1909,26,66,High,High,No,8,71,High,Yes,2,Medium,Medium,Public,Neutral,3,No,High School,Near,Female,68,CLG0078,87,6.73,6.28,1,No,0,1,1,No
1910,22,79,Medium,Medium,Yes,7,98,High,Yes,0,High,Medium,Public,Neutral,3,No,High School,Near,Male,69,CLG0027,85,9.65,9.35,6,No,6,7,4,No
1911,21,86,Medium,Low,No,6,56,Medium,Yes,1,Low,High,Private,Negative,2,No,College,Near,Female,66,CLG0007,91,6.89,6.77,7,No,5,3,1,No
1912,28,69,Medium,Low,No,8,98,Medium,Yes,0,Medium,Medium,Public,Positive,5,No,High School,Near,Male,67,CLG0005,116,9.18,9.1,4,Yes,7,4,5,Yes
1913,13,82,Medium,High,No,5,73,Low,Yes,4,Low,Medium,Public,Negative,4,No,High School,Near,Male,66,CLG0093,99,7.45,7.32,1,No,0,5,1,No
1914,24,67,High,High,Yes,7,77,Low,Yes,0,High,Medium,Public,Positive,2,No,College,Near,Female,68,CLG0026,80,7.05,6.8,3,No,5,6,4,No
1915,25,62,Medium,Low,No,6,61,High,Yes,1,Medium,Medium,Public,Positive,4,No,Postgraduate,Moderate,Female,64,CLG0073,101,6.32,6.04,10,No,0,4,0,No
1916,24,73,Medium,Medium,Yes,7,99,Medium,Yes,3,Medium,High,Private,Neutral,3,No,High School,Near,Female,69,CLG0036,128,5.6,5.64,8,No,0,7,0,No
1917,25,77,Medium,Low,Yes,8,65,High,No,0,Medium,Medium,Public,Positive,5,No,College,Far,Female,66,CLG0067,117,9.77,9.84,10,No,9,2,5,Yes
1918,12,80,High,High,Yes,10,92,High,Yes,1,High,High,Public,Positive,3,No,Postgraduate,Moderate,Male,70,CLG0018,91,7.61,7.2,10,Yes,5,5,4,No
1919,23,80,Low,High,No,6,63,Low,Yes,0,High,Medium,Private,Positive,2,No,High School,Near,Male,66,CLG0006,125,6.81,7.04,1,No,8,6,1,No
1920,18,97,Medium,Low,No,9,88,Medium,Yes,0,Low,Medium,Public,Neutral,4,No,High School,Moderate,Female,67,CLG0041,86,8.71,8.24,1,No,8,9,1,No
1921,33,66,Medium,Medium,No,8,77,Medium,Yes,2,Medium,Low,Public,Neutral,3,No,High School,Near,Male,68,CLG0074,95,9.23,8.75,4,Yes,5,6,3,No
1922,31,95,High,Medium,Yes,5,87,Medium,Yes,2,Low,Medium,Public,Neutral,3,No,Postgraduate,Moderate,Male,75,CLG0033,110,6.45,6.84,9,Yes,10,6,1,No
1923,27,81,Medium,Low,Yes,9,77,Low,Yes,1,Medium,High,Public,Neutral,4,No,College,Moderate,Female,68,CLG0059,99,7.23,7.49,3,No,9,10,1,No
1924,9,70,High,Medium,No,8,82,Low,No,2,High,High,Public,Negative,2,No,High School,Near,Female,62,CLG0073,95,6.33,6.56,9,No,8,4,1,No
1925,17,87,Medium,Medium,Yes,9,53,Low,Yes,3,Low,Medium,Public,Positive,3,No,Postgraduate,Moderate,Female,67,CLG0073,85,5.9,5.68,4,No,9,7,4,No
1926,22,64,Low,Medium,No,7,98,Low,No,1,Medium,Medium,Public,Negative,3,No,High School,Near,Male,62,CLG0056,90,6.39,6.62,3,Yes,8,2,1,No
1927,21,67,Medium,Medium,Yes,6,88,Medium,Yes,1,Low,Medium,Private,Positive,5,No,Postgraduate,Near,Female,95,CLG0002,117,7.45,7.34,9,No,2,8,0,No
1928,23,89,Low,Medium,No,5,85,Low,Yes,0,Low,Medium,Public,Positive,3,No,Postgraduate,Moderate,Male,68,CLG0078,110,9.07,9.21,5,Yes,8,8,0,No
1929,15,65,Medium,Medium,No,8,53,Medium,Yes,2,Low,Medium,Public,Negative,3,No,College,Near,Male,61,CLG0094,93,6.54,6.16,9,No,8,2,5,No
1930,20,92,Medium,Medium,Yes,5,66,Medium,Yes,2,Medium,Medium,Public,Negative,2,Yes,College,Moderate,Male,68,CLG0011,115,8.62,9.09,4,No,0,7,5,Yes
1931,12,82,High,Low,No,5,62,Low,Yes,2,Medium,Medium,Public,Positive,4,No,High School,Near,Male,64,CLG0033,96,9.61,9.51,1,Yes,10,9,3,Yes
1932,18,85,Low,Medium,No,7,56,Low,Yes,0,Low,Medium,Private,Positive,4,No,High School,Moderate,Male,64,CLG0032,102,6.16,6.39,2,No,8,7,2,No
1933,24,77,Low,Medium,No,8,92,High,Yes,0,High,Medium,Public,Neutral,3,No,High School,Moderate,Male,67,CLG0047,105,9.23,9.06,6,No,2,1,3,No
1934,16,83,Medium,High,Yes,9,95,Medium,Yes,2,Low,High,Public,Neutral,2,No,College,Near,Male,69,CLG0037,75,6.4,6.84,10,No,2,7,4,No
1935,27,75,Medium,Medium,No,8,60,Medium,Yes,4,Medium,Medium,Public,Positive,2,No,Postgraduate,Moderate,Female,69,CLG0092,115,8.9,8.54,2,Yes,1,4,4,Yes
1936,30,87,Low,Medium,Yes,10,75,Low,Yes,3,Low,Low,Public,Neutral,4,No,College,Near,Male,71,CLG0013,88,9.26,9.58,8,No,5,10,4,Yes
1937,13,74,High,High,Yes,7,61,Medium,Yes,2,Low,Medium,Public,Positive,3,No,High School,Moderate,Male,65,CLG0029,113,7.32,7.01,1,No,6,5,2,No
1938,27,78,Medium,Medium,Yes,8,55,Low,Yes,3,High,Medium,Public,Neutral,2,No,Postgraduate,Moderate,Male,69,CLG0065,99,7.15,7.5,3,No,1,2,5,No
1939,25,89,Medium,Low,Yes,6,59,Medium,Yes,2,Low,Medium,Public,Neutral,2,No,College,Near,Female,69,CLG0061,119,9.34,9.63,4,No,2,6,0,No
1940,22,97,Medium,Medium,Yes,6,57,Medium,Yes,0,Medium,High,Private,Positive,2,No,High School,Near,Male,70,CLG0023,83,7.19,7.67,8,Yes,8,6,1,No
1941,8,80,Low,Medium,Yes,6,85,Medium,Yes,1,Low,High,Public,Negative,3,No,Postgraduate,Near,Male,63,CLG0084,128,7.32,7.57,2,No,6,6,0,No
1942,19,69,Low,Low,No,7,90,Medium,Yes,0,Low,Medium,Public,Neutral,1,No,College,Near,Male,62,CLG0015,104,6.06,6.25,2,Yes,3,2,2,No
1943,22,64,Low,Medium,Yes,9,60,Medium,Yes,1,High,High,Private,Neutral,2,No,High School,Near,Male,63,CLG0050,85,8.11,8.58,1,No,9,7,3,No
1944,25,88,Medium,Medium,Yes,7,70,Low,Yes,1,Medium,Medium,Private,Positive,3,No,Postgraduate,Moderate,Male,70,CLG0055,93,8.09,8.3,6,No,0,10,5,Yes
1945,16,83,High,High,Yes,7,56,Medium,Yes,3,Medium,Medium,Public,Negative,2,No,High School,Near,Male,68,CLG0013,110,7.92,8.37,4,Yes,8,10,2,Yes
1946,13,88,High,Medium,Yes,9,59,Medium,Yes,0,Low,Medium,Private,Negative,3,Yes,High School,Far,Female,63,CLG0013,103,9.72,9.31,3,Yes,10,1,4,No
1947,28,96,Low,High,No,6,63,High,No,1,High,Medium,Public,Positive,2,No,High School,Moderate,Female,71,CLG0080,120,6.13,6.12,10,No,8,6,4,No
1948,26,94,Medium,Medium,No,9,89,Medium,Yes,0,Low,Medium,Public,Neutral,3,Yes,High School,Near,Female,70,CLG0072,104,9.81,9.45,10,No,6,7,5,No
1949,19,77,Low,Medium,No,5,90,Low,Yes,1,Low,High,Private,Neutral,3,No,College,Near,Female,65,CLG0085,122,8.96,8.81,1,Yes,1,4,3,Yes
1950,17,71,High,Medium,Yes,9,83,Low,Yes,2,Medium,Medium,Public,Neutral,5,No,High School,Near,Male,66,CLG0051,90,9.27,9.6,4,Yes,7,5,5,No
1951,25,99,High,Medium,Yes,7,88,Medium,Yes,3,Low,Medium,Private,Positive,4,No,College,Moderate,Female,75,CLG0027,94,8.35,8.35,8,No,8,2,2,No
1952,18,69,High,High,No,7,62,Low,Yes,3,Medium,Medium,Public,Positive,3,No,High School,Moderate,Male,65,CLG0003,109,9.64,9.69,6,Yes,9,7,4,No
1953,16,91,Medium,Medium,No,8,63,High,Yes,2,Medium,High,Public,Neutral,3,No,College,Near,Female,69,CLG0040,64,6.27,6.3,5,Yes,3,10,4,No
1954,28,64,Low,Medium,Yes,6,89,Medium,Yes,0,Low,Low,Public,Neutral,4,No,College,Far,Male,64,CLG0044,115,7.47,7.7,6,No,4,5,4,No
1955,11,81,Low,Medium,Yes,6,68,High,Yes,2,High,Medium,Private,Negative,3,No,Postgraduate,Far,Female,64,CLG0049,110,7.96,7.83,7,No,9,8,1,No
1956,14,97,Low,Medium,Yes,7,73,Medium,Yes,2,Medium,Low,Public,Positive,3,No,College,Moderate,Male,68,CLG0023,86,7.69,8.12,7,No,7,9,3,Yes
1957,23,94,Low,Low,Yes,9,83,Medium,Yes,2,Low,Medium,Private,Positive,2,No,High School,Near,Female,69,CLG0092,95,6.44,6.45,5,Yes,5,1,2,No
1958,12,96,Medium,Medium,No,9,65,Medium,Yes,2,High,High,Private,Neutral,4,Yes,Postgraduate,Near,Female,69,CLG0091,77,5.47,5.55,3,No,6,4,1,No
1959,24,82,Low,Medium,Yes,7,72,Medium,Yes,0,Medium,High,Public,Positive,2,No,Postgraduate,Moderate,Female,68,CLG0078,94,8.96,9.4,3,No,8,2,2,No
1960,27,98,High,High,No,7,58,Medium,Yes,1,High,Medium,Public,Positive,3,No,Postgraduate,Far,Female,74,CLG0057,99,6.84,6.76,7,No,2,1,0,No
1961,16,83,Medium,High,Yes,7,56,Low,Yes,4,High,Medium,Public,Positive,3,No,High School,Near,Female,68,CLG0021,112,9.56,9.98,6,No,7,8,2,Yes
1962,1,88,Medium,High,Yes,4,72,High,Yes,3,Medium,Medium,Private,Negative,2,No,College,Near,Male,92,CLG0045,107,5.71,6.09,3,No,0,8,1,No
1963,23,87,High,High,Yes,8,91,High,Yes,0,High,Medium,Private,Positive,3,No,High School,Moderate,Male,72,CLG0028,95,8.42,8.7,1,No,10,10,3,Yes
1964,16,66,Medium,Medium,Yes,7,97,Medium,Yes,5,Low,High,Public,Positive,3,No,Postgraduate,Near,Male,68,CLG0091,102,7.25,7.51,3,Yes,2,4,5,No
1965,25,66,Medium,High,Yes,7,84,Low,Yes,2,High,Medium,Public,Positive,1,No,High School,Near,Male,67,CLG0055,84,7.58,7.53,9,Yes,4,10,3,No
1966,17,88,Medium,High,Yes,10,100,Medium,Yes,1,Low,High,Public,Positive,2,No,Postgraduate,Near,Female,71,CLG0096,94,8.07,7.63,4,Yes,8,2,5,No
1967,19,96,Medium,Low,Yes,5,95,Low,No,2,Medium,Low,Private,Neutral,3,No,High School,Moderate,Female,68,CLG0022,130,8.85,9.09,1,No,5,9,3,Yes
1968,20,96,High,High,No,8,57,Low,Yes,1,Low,Medium,Private,Neutral,4,No,High School,Near,Male,70,CLG0027,111,5.45,5.78,10,Yes,0,6,1,No
1969,18,93,Low,Low,Yes,8,93,Medium,Yes,3,Low,High,Public,Negative,3,No,Postgraduate,Moderate,Male,69,CLG0089,119,7.28,7.53,2,No,3,7,4,No
1970,20,68,Medium,High,Yes,4,91,High,Yes,4,High,Medium,Private,Positive,4,No,College,Near,Male,70,CLG0046,105,5.09,5.39,4,Yes,0,5,5,No
1971,22,79,High,Low,No,7,59,Medium,Yes,0,Medium,Medium,Public,Positive,3,No,College,Near,Male,66,CLG0067,91,8.7,8.46,4,No,2,8,4,Yes
1972,16,63,High,High,No,9,70,Low,Yes,2,Medium,High,Private,Negative,5,No,College,Moderate,Female,64,CLG0073,114,6.94,7.16,4,No,2,9,2,Yes
1973,20,88,Medium,Medium,Yes,7,68,Medium,Yes,0,Low,High,Public,Positive,4,No,College,Near,Female,69,CLG0098,108,9.05,9.48,8,Yes,0,2,2,No
1974,28,65,Medium,Medium,Yes,4,64,Medium,Yes,6,Medium,High,Public,Neutral,3,No,Postgraduate,Near,Male,70,CLG0060,101,9.2,8.7,6,No,4,6,0,No
1975,15,82,Medium,High,Yes,6,75,Medium,Yes,1,Medium,Low,Public,Positive,3,No,High School,Near,Male,67,CLG0021,98,9.03,8.94,8,No,4,6,1,No
1976,28,77,High,High,Yes,6,73,Low,Yes,3,Medium,High,Private,Negative,3,No,College,Near,Female,71,CLG0085,113,9.69,9.46,4,Yes,6,1,1,No
1977,20,77,Low,Medium,No,8,56,Medium,Yes,1,Medium,High,Public,Positive,4,No,College,Moderate,Male,65,CLG0092,89,7.03,7.47,1,No,6,2,0,No
1978,29,95,High,Medium,No,9,70,Medium,No,1,Low,Medium,Private,Positive,2,No,Postgraduate,Near,Female,73,CLG0098,101,8.64,8.67,4,Yes,0,7,0,No
1979,26,84,High,Medium,No,7,64,Medium,No,1,Medium,High,Public,Neutral,4,No,College,Near,Male,69,CLG0049,93,9.21,9.42,8,Yes,9,3,2,No
1980,20,84,Low,Low,No,7,74,Low,Yes,1,High,Medium,Public,Neutral,3,No,Postgraduate,Near,Female,66,CLG0072,93,9.65,9.81,6,No,6,8,2,Yes
1981,11,85,Medium,Medium,No,7,79,Low,Yes,2,High,Low,Public,Positive,3,No,High School,Near,Male,65,CLG0050,104,9.61,10.01,10,Yes,9,2,4,No
1982,29,96,High,Medium,No,8,85,Low,Yes,3,High,Medium,Public,Neutral,3,No,Postgraduate,Near,Male,76,CLG0009,100,8.28,7.83,7,Yes,3,6,1,No
1983,20,70,Medium,Medium,No,8,70,Medium,Yes,0,Low,Medium,Public,Neutral,5,No,Postgraduate,Near,Female,65,CLG0019,92,7.49,7.18,9,No,8,8,0,No
1984,12,96,High,High,Yes,5,84,Low,Yes,3,High,Medium,Public,Positive,4,No,Postgraduate,Near,Female,73,CLG0018,100,6.68,6.53,10,No,4,2,5,No
1985,23,64,Low,Medium,No,8,91,Medium,Yes,2,Low,Medium,Public,Negative,3,No,High School,Far,Female,63,CLG0056,98,6.13,6.3,10,No,1,6,0,No
1986,14,69,Medium,Medium,Yes,6,89,High,Yes,2,High,High,Private,Positive,5,No,High School,Moderate,Female,66,CLG0015,86,8.03,8.05,9,No,7,8,1,No
1987,12,74,Low,Medium,No,8,54,Medium,Yes,2,Medium,Medium,Private,Positive,5,No,Postgraduate,Moderate,Female,63,CLG0087,63,6.56,6.65,4,No,9,5,0,No
1988,21,97,Medium,High,Yes,7,99,High,Yes,1,Medium,High,Public,Neutral,1,No,Postgraduate,Moderate,Male,74,CLG0055,95,5.17,5.25,9,No,5,8,1,No
1989,16,94,Low,Low,Yes,8,56,Low,Yes,2,Low,High,Public,Positive,2,No,College,Near,Female,66,CLG0057,84,8.04,7.79,1,Yes,9,4,1,No
1990,24,70,Medium,High,No,8,55,Medium,Yes,4,Low,High,Public,Positive,4,No,Postgraduate,Moderate,Female,68,CLG0089,81,7.55,7.53,3,Yes,8,3,4,No
1991,22,82,Low,High,No,6,78,Medium,Yes,3,Medium,High,Public,Neutral,3,No,High School,Moderate,Male,69,CLG0011,84,7.79,7.3,10,Yes,0,8,3,No
1992,15,81,Low,Low,Yes,7,75,Low,Yes,1,Medium,High,Public,Negative,1,No,Postgraduate,Moderate,Male,63,CLG0091,102,6.71,6.88,1,No,5,2,1,No
1993,18,72,Medium,Medium,Yes,7,93,Medium,Yes,1,Medium,Medium,Public,Positive,3,No,College,Near,Female,66,CLG0012,87,6.69,6.88,6,No,4,5,0,No
1994,28,84,High,Medium,Yes,6,92,Medium,Yes,1,Medium,Medium,Public,Negative,3,Yes,High School,Near,Female,70,CLG0035,98,5.72,5.68,8,No,8,5,1,No
1995,24,99,High,Medium,No,8,53,High,Yes,1,Low,Medium,Private,Neutral,3,Yes,High School,Near,Male,70,CLG0023,87,5.02,5.12,9,Yes,6,2,4,No
1996,20,67,High,High,No,6,59,Low,Yes,1,Medium,Medium,Private,Negative,4,No,College,Near,Female,65,CLG0082,72,7.53,7.4,3,No,6,8,3,No
1997,19,90,Low,High,No,7,81,Medium,Yes,2,Medium,Medium,Private,Positive,2,No,High School,Near,Female,69,CLG0010,114,8.15,7.95,8,Yes,6,3,2,No
1998,28,69,High,High,No,7,88,Low,Yes,2,Low,Medium,Public,Neutral,2,No,High School,Moderate,Male,68,CLG0092,108,8.85,8.81,3,Yes,6,9,1,No
1999,10,77,Low,High,Yes,10,64,High,Yes,1,Low,Medium,Private,Negative,3,Yes,College,Near,Female,62,CLG0026,98,9.89,9.63,1,No,3,1,0,No
2000,4,76,Medium,Medium,Yes,8,90,Medium,Yes,2,High,Medium,Public,Positive,2,No,High School,Moderate,Female,63,CLG0011,83,7.15,6.79,10,Yes,4,8,0,No
2001,24,65,High,High,No,10,94,Medium,Yes,2,Medium,Medium,Public,Neutral,2,No,Postgraduate,Moderate,Male,68,CLG0047,103,7.3,6.96,10,No,6,6,1,No
2002,15,78,Medium,High,No,4,57,High,Yes,2,Medium,High,Public,Negative,2,No,High School,Near,Female,65,CLG0094,88,5.49,5.02,3,Yes,2,4,1,No
2003,24,80,Medium,High,No,7,100,Medium,Yes,1,High,High,Public,Neutral,3,No,Postgraduate,Moderate,Male,72,CLG0100,96,6.86,6.99,4,No,9,5,4,No
2004,28,97,Medium,Medium,No,9,93,Low,Yes,3,Medium,High,Public,Neutral,3,No,High School,Near,Female,74,CLG0039,76,6.09,6.22,2,Yes,6,7,1,No
2005,23,89,Low,High,No,7,81,Medium,Yes,2,Low,High,Public,Neutral,2,No,Postgraduate,Moderate,Male,70,CLG0055,110,8.19,8.06,2,Yes,1,1,2,No
2006,13,96,Medium,High,No,8,62,Medium,Yes,0,High,Medium,Private,Neutral,2,No,Postgraduate,Near,Male,69,CLG0021,65,7.73,7.37,6,No,1,2,0,No
2007,17,82,Medium,High,No,6,65,Low,Yes,4,Low,Medium,Private,Positive,3,No,High School,Moderate,Female,67,CLG0097,81,9.62,9.27,9,No,1,6,5,No
2008,19,66,Medium,Medium,No,8,83,Medium,Yes,2,Medium,High,Public,Neutral,3,No,High School,Near,Female,65,CLG0093,85,8.16,8.48,7,Yes,0,7,0,No
2009,22,80,Low,Low,No,4,57,Low,Yes,1,Low,Medium,Public,Neutral,3,No,Postgraduate,Moderate,Male,64,CLG0036,107,7.88,8.09,6,No,6,1,5,No
2010,33,93,High,Medium,No,7,96,Medium,Yes,1,Low,High,Public,Positive,1,No,Postgraduate,Moderate,Female,75,CLG0022,88,7.49,7.02,3,No,8,5,5,No
2011,14,83,Medium,Medium,Yes,7,90,Medium,Yes,0,Low,Low,Public,Negative,3,No,College,Near,Female,65,CLG0075,90,8.56,8.12,6,Yes,1,5,0,No
2012,25,74,High,Low,Yes,8,77,Low,Yes,1,Low,Medium,Public,Neutral,2,No,Postgraduate,Moderate,Female,67,CLG0065,96,9.59,9.13,5,Yes,5,3,0,No
2013,26,79,Medium,Low,Yes,5,63,Medium,Yes,0,Low,Medium,Public,Positive,2,No,High School,Near,Male,66,CLG0039,87,8.91,9.08,4,Yes,2,5,5,No
2014,18,91,High,Medium,No,8,86,High,Yes,1,Medium,Medium,Public,Neutral,4,Yes,High School,Moderate,Male,69,CLG0011,94,8.62,8.6,3,No,2,9,3,Yes
2015,24,79,Low,Low,Yes,8,68,High,Yes,2,Low,Medium,Private,Negative,2,No,High School,Near,Male,65,CLG0033,97,6.94,6.47,10,No,0,2,5,No
2016,16,99,Low,High,Yes,7,77,High,Yes,0,Low,Medium,Public,Neutral,3,Yes,High School,Moderate,Female,68,CLG0012,106,9.85,10.03,10,No,10,9,4,Yes
2017,22,74,Medium,Low,No,5,61,Medium,Yes,1,Low,Medium,Public,Positive,3,No,Postgraduate,Near,Female,65,CLG0023,114,5.34,5.28,4,No,8,5,0,No
2018,15,95,High,Low,No,8,70,Medium,Yes,2,High,High,Public,Neutral,3,Yes,High School,Near,Female,68,CLG0014,105,8.48,8.2,2,No,3,9,0,No
2019,9,62,High,High,Yes,9,90,High,Yes,4,High,Medium,Public,Neutral,4,No,College,Far,Male,65,CLG0033,106,9.09,9.29,1,No,4,5,0,No
2020,8,86,High,Low,Yes,8,98,Low,Yes,1,Low,Medium,Private,Neutral,1,No,College,Near,Male,65,CLG0040,93,5.55,5.99,6,No,7,3,4,No
2021,24,82,Medium,High,No,8,50,Medium,Yes,0,Medium,Medium,Public,Positive,2,No,Postgraduate,Moderate,Male,68,CLG0063,105,9.93,9.53,1,Yes,6,2,5,No
2022,13,99,Medium,Medium,Yes,10,77,Low,Yes,0,Medium,High,Private,Negative,3,No,College,Moderate,Female,68,CLG0050,79,5.52,5.92,6,No,5,5,3,No
2023,21,79,Medium,High,Yes,7,66,Low,Yes,2,Low,Medium,Public,Negative,4,No,College,Moderate,Male,67,CLG0052,98,8.39,8.03,5,Yes,5,4,3,No
2024,18,98,Low,Medium,Yes,7,65,Medium,Yes,1,High,Medium,Private,Neutral,4,No,Postgraduate,Near,Female,70,CLG0019,96,5.13,5.33,9,No,9,10,3,No
2025,21,88,High,High,Yes,7,92,High,Yes,2,Medium,Medium,Public,Positive,3,No,Postgraduate,Near,Female,74,CLG0099,85,9.86,9.39,5,No,5,3,2,No
2026,29,71,High,Medium,No,7,92,Low,Yes,1,Low,Medium,Public,Positive,3,No,High School,Near,Female,69,CLG0029,76,8.74,8.59,4,No,4,3,2,No
2027,29,97,High,Medium,Yes,7,74,Medium,Yes,1,Medium,Low,Public,Positive,4,Yes,High School,Near,Female,73,CLG0074,108,7.73,7.95,8,No,2,5,0,No
2028,19,73,Medium,Medium,Yes,9,94,Medium,Yes,1,High,Low,Public,Positive,1,No,College,Near,Female,67,CLG0063,88,7.04,7.27,2,No,9,6,4,No
2029,18,83,Medium,Low,Yes,9,62,High,Yes,2,Low,Medium,Public,Negative,2,No,High School,Near,Male,65,CLG0087,92,5.9,5.44,3,Yes,4,6,2,No
2030,23,79,Medium,High,Yes,6,97,Medium,Yes,1,High,Low,Public,Neutral,4,No,High School,Moderate,Male,69,CLG0081,94,8.04,7.66,2,Yes,4,9,3,No
2031,20,97,High,High,Yes,7,97,Low,Yes,2,Medium,High,Private,Neutral,4,No,High School,Moderate,Female,74,CLG0092,102,5.69,6.13,1,Yes,6,1,2,No
2032,26,67,Low,High,No,8,86,Medium,Yes,2,Low,Medium,Public,Negative,2,Yes,High School,Near,Female,64,CLG0083,103,5.32,4.84,7,Yes,8,2,1,No
2033,27,91,Medium,High,Yes,5,75,Low,Yes,1,High,High,Public,Neutral,4,No,College,Near,Male,74,CLG0078,104,9.82,9.54,8,Yes,3,3,0,No
2034,29,96,Medium,Low,Yes,7,72,Medium,Yes,1,Low,Medium,Public,Positive,3,No,High School,Moderate,Male,71,CLG0021,105,8.05,7.65,3,Yes,5,4,1,No
2035,25,71,Medium,Low,Yes,8,74,Low,Yes,4,Medium,Medium,Public,Positive,4,Yes,Postgraduate,Near,Male,67,CLG0021,57,7.51,7.96,2,No,0,9,0,No
2036,17,92,Medium,Medium,Yes,9,68,High,Yes,0,Medium,Low,Private,Positive,3,No,College,Near,Female,68,CLG0031,101,6.83,7.06,10,No,9,4,5,No
2037,15,70,High,High,No,6,85,High,Yes,0,Low,Medium,Private,Positive,2,No,College,Moderate,Male,65,CLG0004,118,6.69,6.63,2,No,10,6,2,No
2038,14,94,Medium,Medium,No,9,83,High,Yes,2,Low,High,Public,Positive,3,No,Postgraduate,Moderate,Male,70,CLG0097,84,6.79,7.11,1,Yes,9,9,0,No
2039,25,61,Medium,Medium,No,7,81,High,Yes,0,Medium,Medium,Public,Positive,4,No,High School,Moderate,Female,65,CLG0088,100,7.45,7.91,9,No,4,3,0,No
2040,16,73,Medium,Medium,Yes,4,61,Low,Yes,4,Low,High,Private,Neutral,5,No,High School,Moderate,Male,64,CLG0086,112,5.39,5.01,1,Yes,7,9,1,No
2041,32,88,Low,Medium,No,8,58,Low,Yes,3,Low,High,Private,Negative,3,No,High School,Moderate,Male,69,CLG0023,92,8.37,8.58,5,No,4,4,5,No
2042,29,70,Low,High,No,8,97,Low,Yes,3,Low,High,Public,Positive,3,No,Postgraduate,Moderate,Male,70,CLG0052,107,8.54,8.54,10,No,9,10,3,Yes
2043,20,73,Medium,Medium,No,6,82,Low,Yes,1,Medium,High,Private,Negative,3,No,College,Near,Male,65,CLG0023,110,5.11,4.94,8,No,10,7,2,No
2044,20,97,High,Medium,Yes,6,81,High,Yes,2,Low,Low,Public,Neutral,3,No,High School,Moderate,Male,71,CLG0068,110,6.3,6.05,6,Yes,4,7,0,No
2045,20,82,Medium,Low,Yes,4,68,Medium,Yes,2,Low,High,Public,Neutral,3,No,High School,Near,Male,67,CLG0031,108,9.82,9.38,5,No,5,6,4,No
2046,11,66,Medium,Medium,Yes,7,74,Medium,Yes,3,Medium,High,Private,Neutral,3,No,High School,Far,Female,62,CLG0030,85,9.16,8.81,4,Yes,7,9,3,Yes
2047,19,69,Medium,Medium,Yes,7,61,High,Yes,3,High,High,Public,Neutral,4,No,High School,Moderate,Male,66,CLG0091,105,7.03,7.41,7,Yes,6,3,0,No
2048,22,65,High,Low,No,8,91,Medium,Yes,2,High,Medium,Public,Negative,2,No,College,Moderate,Female,65,CLG0095,112,7.61,7.48,4,No,1,3,5,No
2049,18,97,High,Medium,Yes,4,75,Low,Yes,0,Low,Medium,Public,Positive,3,No,High School,Moderate,Male,69,CLG0086,85,5.11,5.61,9,No,10,5,4,No
2050,13,90,Medium,High,No,4,99,High,Yes,1,High,Medium,Public,Neutral,4,Yes,College,Moderate,Male,69,CLG0024,92,6.17,6.29,9,Yes,8,7,4,No
2051,14,84,Low,High,No,6,61,Low,Yes,1,High,Medium,Public,Positive,2,No,College,Far,Male,64,CLG0046,88,9.36,9.2,7,Yes,4,1,1,No
2052,20,93,High,Medium,No,6,78,Low,Yes,1,Low,Medium,Public,Positive,3,No,College,Moderate,Female,70,CLG0012,64,5.42,5.65,6,No,7,3,3,No
2053,15,96,High,High,No,9,82,Medium,Yes,2,Low,Low,Private,Neutral,3,No,High School,Near,Female,70,CLG0011,103,8.35,8.08,4,Yes,5,5,3,No
2054,20,95,Medium,Medium,Yes,6,74,Medium,Yes,1,High,Low,Public,Positive,4,No,High School,Far,Female,70,CLG0062,83,5.18,4.93,10,No,5,6,5,No
2055,18,81,Medium,Low,Yes,7,70,High,Yes,0,Low,Medium,Private,Neutral,2,No,College,Near,Male,65,CLG0005,74,8.23,7.84,2,Yes,10,4,2,No
2056,14,65,Low,High,No,7,82,Low,Yes,1,Low,Low,Public,Negative,3,No,High School,Near,Male,60,CLG0034,87,5.32,5.25,2,No,4,3,5,No
2057,17,68,Low,High,No,8,53,Medium,Yes,0,Low,Medium,Public,Neutral,2,No,College,Near,Male,61,CLG0035,90,5.51,5.19,7,Yes,1,5,4,No
2058,28,68,High,Medium,Yes,7,63,Medium,Yes,0,Low,High,Public,Negative,2,No,College,Near,Male,67,CLG0074,84,7.71,7.86,4,No,1,5,2,No
2059,27,88,Medium,Medium,Yes,7,90,Medium,Yes,3,Medium,Medium,Public,Positive,4,No,Postgraduate,Moderate,Female,74,CLG0042,90,5.34,5.24,5,No,3,2,5,No
2060,27,65,Medium,Medium,Yes,9,51,Medium,Yes,2,High,Medium,Private,Positive,2,No,Postgraduate,Moderate,Female,66,CLG0028,108,6.1,6.24,2,No,7,10,2,No
2061,23,72,Medium,Medium,Yes,6,69,Low,Yes,2,High,Medium,Public,Positive,4,No,High School,Near,Male,67,CLG0074,97,7.14,7.09,7,No,8,3,1,No
2062,18,77,High,Medium,Yes,4,80,Medium,Yes,1,Medium,Low,Private,Negative,2,No,College,Near,Male,66,CLG0081,104,6.64,6.44,3,No,10,7,2,No
2063,19,94,Low,Medium,No,8,51,Medium,Yes,3,Medium,Low,Private,Positive,5,No,Postgraduate,Near,Male,69,CLG0045,111,6.06,6.1,6,Yes,9,10,4,Yes
2064,21,94,Medium,High,No,9,95,Low,Yes,0,Medium,High,Private,Negative,3,No,High School,Near,Male,70,CLG0046,105,5.56,5.5,7,No,2,7,5,No
2065,11,76,Low,Medium,No,6,83,High,Yes,3,Medium,Medium,Public,Positive,1,No,High School,Near,Female,64,CLG0030,93,6.96,6.89,8,Yes,1,3,0,No
2066,21,76,Medium,Medium,Yes,6,65,Low,Yes,2,Low,High,Public,Negative,2,No,High School,Near,Female,65,CLG0058,93,7.83,7.53,3,No,8,4,0,No
2067,13,85,High,High,Yes,7,61,High,Yes,3,Medium,High,Public,Positive,2,No,High School,Moderate,Female,69,CLG0026,99,6.65,6.33,7,No,4,2,4,No
2068,23,81,Medium,High,No,9,59,Low,Yes,2,Medium,High,Public,Neutral,2,No,College,Near,Male,68,CLG0096,106,8.18,8.08,7,No,10,1,1,No
2069,20,71,High,Medium,No,5,52,High,Yes,1,Medium,High,Public,Neutral,3,No,High School,Moderate,Male,65,CLG0095,71,8.7,8.21,9,No,1,2,3,No
2070,32,69,High,High,Yes,5,64,Medium,Yes,0,Medium,Medium,Public,Negative,3,No,Postgraduate,Near,Female,70,CLG0031,109,5.93,5.91,10,No,7,6,2,No
2071,35,78,High,Low,Yes,10,99,Medium,Yes,1,Low,Medium,Private,Positive,2,No,High School,Near,Male,72,CLG0045,92,9.51,9.37,2,Yes,4,4,2,No
2072,19,91,High,Low,Yes,8,60,Medium,Yes,2,Low,Medium,Private,Neutral,4,No,High School,Moderate,Male,68,CLG0052,107,8.61,8.32,4,Yes,6,2,2,No
2073,19,82,High,Medium,Yes,6,58,Low,Yes,2,Medium,High,Private,Positive,3,No,College,Near,Female,68,CLG0094,87,6.57,6.23,4,No,8,9,4,No
2074,16,79,Low,Medium,Yes,9,87,Medium,Yes,1,Low,Medium,Public,Neutral,2,No,College,Moderate,Female,64,CLG0017,73,5.78,5.61,5,No,6,6,3,No
2075,24,80,Medium,High,No,6,66,High,Yes,1,Medium,Medium,Public,Neutral,3,No,College,Moderate,Male,69,CLG0068,105,5.61,5.7,2,No,6,9,1,No
2076,25,69,High,Medium,Yes,7,56,Medium,Yes,2,Low,Medium,Private,Neutral,4,No,High School,Near,Male,67,CLG0099,108,8.54,8.37,4,No,4,9,0,No
2077,17,67,Low,Medium,Yes,6,62,Medium,Yes,0,Medium,Medium,Public,Neutral,3,No,College,Moderate,Female,61,CLG0072,109,5.54,5.22,4,Yes,9,8,0,No
2078,21,98,Medium,High,Yes,9,70,Medium,Yes,0,Low,High,Public,Positive,1,No,College,Near,Male,72,CLG0073,108,6.34,6.26,5,No,7,1,5,No
2079,17,73,Medium,High,Yes,6,62,Low,Yes,2,Low,Medium,Private,Negative,3,No,College,Far,Male,64,CLG0039,98,7.46,7.28,4,Yes,1,5,4,No
2080,19,65,Low,Medium,No,8,93,Low,Yes,1,Medium,High,Private,Neutral,4,No,College,Near,Male,64,CLG0094,93,5.61,5.16,1,Yes,7,2,1,No
2081,23,76,Medium,High,Yes,6,52,Low,Yes,3,Medium,Medium,Public,Neutral,4,No,College,Moderate,Male,67,CLG0077,90,9.68,9.58,9,Yes,10,1,4,No
2082,21,74,Medium,Low,Yes,7,52,Low,Yes,1,High,Medium,Public,Negative,4,No,High School,Far,Male,62,CLG0096,93,7.79,7.61,6,No,3,5,3,No
2083,13,97,High,Medium,No,8,65,High,Yes,1,Low,Medium,Private,Positive,2,No,High School,Near,Female,69,CLG0048,107,8.5,8.07,2,Yes,8,9,3,Yes
2084,25,82,High,Low,No,8,68,Medium,Yes,1,Low,High,Public,Neutral,3,No,College,Near,Male,68,CLG0067,82,6.58,6.65,1,No,5,4,3,No
2085,15,66,Low,Medium,No,7,53,Medium,Yes,2,Medium,High,Public,Negative,3,No,College,Near,Female,61,CLG0026,99,6.2,6.35,4,No,4,4,3,No
2086,19,70,Medium,Low,Yes,9,86,Low,Yes,2,High,Medium,Public,Neutral,2,Yes,High School,Near,Male,63,CLG0027,100,5.93,6.41,9,No,4,2,5,No
2087,19,83,High,Medium,No,8,90,Low,Yes,3,Low,Medium,Public,Positive,3,No,College,Moderate,Female,69,CLG0080,110,5.86,5.88,1,Yes,0,4,3,No
2088,15,77,Low,Medium,Yes,7,95,Low,Yes,4,Low,Medium,Public,Positive,4,No,High School,Moderate,Male,65,CLG0043,107,7.81,7.72,8,No,0,5,1,No
2089,25,73,High,Medium,No,6,54,High,Yes,2,Medium,Medium,Public,Neutral,4,No,High School,Moderate,Female,67,CLG0029,116,6.35,6.21,8,Yes,9,5,1,No
2090,22,86,Low,Low,No,6,54,Medium,Yes,2,Medium,Medium,Public,Neutral,0,No,High School,Moderate,Male,64,CLG0026,102,7.62,7.33,1,Yes,6,1,2,No
2091,22,91,Medium,Medium,Yes,8,64,Medium,Yes,1,Low,High,Public,Positive,3,Yes,High School,Moderate,Male,68,CLG0044,73,7.37,7.47,7,No,7,2,3,No
2092,20,89,Low,Medium,Yes,7,95,Low,Yes,3,Low,Medium,Private,Neutral,2,No,High School,Near,Male,69,CLG0096,73,5.27,5.47,1,No,2,8,2,No
2093,6,85,High,Medium,Yes,9,70,High,Yes,0,Low,Medium,Public,Positive,3,Yes,Postgraduate,Near,Female,64,CLG0041,114,8.05,8.13,9,Yes,5,7,4,Yes
2094,18,91,High,Medium,No,7,73,Low,Yes,0,Low,Medium,Public,Negative,4,No,College,Near,Male,68,CLG0097,97,7.69,7.96,5,Yes,3,5,5,No
2095,25,75,Medium,Low,Yes,8,75,High,Yes,2,High,High,Private,Negative,4,Yes,Postgraduate,Near,Male,68,CLG0079,102,7.9,8.09,6,Yes,1,8,1,No
2096,15,61,Medium,High,Yes,6,54,Medium,Yes,0,High,High,Private,Neutral,2,No,Postgraduate,Near,Male,63,CLG0041,94,8.49,8.62,3,No,5,8,4,Yes
2097,14,97,Medium,Medium,Yes,5,54,Medium,Yes,3,Medium,Medium,Public,Negative,2,No,College,Near,Female,68,CLG0031,79,5.04,4.97,1,Yes,7,6,5,No
2098,18,75,Medium,Medium,Yes,6,88,Low,Yes,2,Medium,High,Public,Negative,1,Yes,Postgraduate,Near,Female,66,CLG0060,120,6.41,6.3,8,No,4,2,5,No
2099,21,93,Medium,Medium,Yes,6,67,Medium,No,1,High,Medium,Public,Positive,3,No,High School,Near,Female,69,CLG0048,110,5.93,6.41,6,No,0,3,5,No
2100,18,84,Medium,High,No,6,71,Medium,Yes,4,Medium,Low,Public,Positive,2,No,High School,Near,Female,69,CLG0052,98,6.48,6.39,4,No,0,2,4,No
2101,23,99,Low,Medium,No,9,73,Medium,Yes,0,Low,Medium,Public,Negative,4,No,College,Near,Male,69,CLG0003,99,7.38,7.4,3,Yes,9,2,4,No
2102,28,82,Low,Medium,Yes,5,95,Medium,Yes,0,High,Low,Public,Neutral,3,No,High School,Near,Male,69,CLG0086,89,6.1,6.49,3,Yes,10,7,1,No
2103,29,100,Medium,Medium,Yes,7,87,Medium,No,3,Low,Medium,Public,Negative,5,No,College,Near,Female,74,CLG0043,86,7.95,8.43,1,No,1,2,2,No
2104,15,62,Medium,High,No,8,70,Medium,Yes,1,Low,Medium,Private,Positive,3,No,College,Near,Male,62,CLG0016,84,9.37,9.15,2,No,10,8,0,No
2105,22,95,High,Low,No,5,55,Medium,Yes,2,High,High,Public,Neutral,0,Yes,College,Near,Female,69,CLG0060,86,8.13,8.4,2,No,3,4,3,No
2106,11,79,Medium,Medium,No,8,71,Low,Yes,1,Medium,Medium,Private,Positive,2,No,College,Moderate,Female,63,CLG0006,87,7.69,7.96,5,No,9,8,5,No
2107,24,92,High,Low,No,8,57,Medium,Yes,3,Medium,Medium,Private,Positive,3,No,College,Near,Female,71,CLG0003,93,9.32,9.61,6,No,5,6,0,No
2108,20,63,Medium,Low,No,8,83,Low,Yes,4,Medium,Medium,Public,Neutral,3,No,Postgraduate,Moderate,Female,64,CLG0077,91,7.68,8.08,1,Yes,4,2,1,No
2109,26,75,High,Medium,No,5,70,Low,Yes,0,High,Low,Private,Neutral,2,No,Postgraduate,Near,Male,68,CLG0006,91,9.09,8.99,4,No,6,2,4,No
2110,21,91,Medium,High,Yes,5,84,Medium,Yes,1,High,Low,Public,Neutral,2,No,High School,Near,Male,70,CLG0072,113,5.7,6.14,9,Yes,5,9,2,Yes
2111,29,74,Medium,High,Yes,6,69,Medium,Yes,1,Low,High,Private,Negative,1,No,College,Far,Female,67,CLG0064,104,8.61,8.24,7,Yes,0,6,5,No
2112,31,68,Low,High,Yes,7,66,Low,Yes,0,Low,Medium,Public,Positive,3,No,High School,Near,Male,66,CLG0009,95,7.71,7.63,7,No,2,4,0,No
2113,20,98,Medium,High,No,7,89,Medium,Yes,1,High,Medium,Public,Positive,3,No,College,Far,Female,72,CLG0091,99,7.41,7.62,1,No,6,7,0,No
2114,15,71,Low,Medium,No,8,60,High,No,5,Low,High,Public,Positive,4,No,High School,Far,Female,63,CLG0010,110,7.15,7.11,5,No,4,7,0,No
2115,23,62,Medium,Low,Yes,5,87,Medium,Yes,1,Medium,Medium,Public,Negative,4,No,High School,Near,Female,63,CLG0080,103,6.12,6.15,2,Yes,0,9,0,No
2116,21,72,High,High,No,5,73,Medium,Yes,1,Medium,Medium,Public,Neutral,3,No,High School,Near,Male,67,CLG0083,95,7.48,6.98,2,No,0,3,3,No
2117,38,82,Medium,Low,No,6,97,Low,Yes,2,Low,Medium,Private,Negative,3,No,College,Near,Male,72,CLG0062,103,8.31,8.11,10,No,4,1,2,No
2118,20,64,Low,Medium,Yes,9,86,Medium,Yes,0,Low,High,Private,Negative,4,No,High School,Near,Female,63,CLG0029,98,5.03,4.59,10,No,10,4,0,No
2119,21,98,Medium,High,No,5,63,Low,Yes,0,Low,High,Public,Neutral,2,No,Postgraduate,Near,Male,70,CLG0064,102,6.86,7.03,2,No,9,10,0,No
2120,21,70,Low,Low,No,8,73,Low,Yes,0,High,Medium,Public,Neutral,4,No,College,Near,Male,63,CLG0038,108,5.0,4.7,6,No,8,7,3,No
2121,27,87,Medium,Medium,Yes,8,56,Medium,Yes,3,Medium,High,Public,Neutral,3,No,Postgraduate,Near,Male,72,CLG0050,83,8.67,8.58,3,No,6,1,5,No
2122,24,60,Medium,Medium,No,6,85,Low,Yes,1,High,Medium,Public,Neutral,2,No,Postgraduate,Moderate,Male,64,CLG0088,91,6.66,6.92,6,Yes,2,3,3,No
2123,14,74,High,Medium,No,5,63,Low,No,2,Low,High,Private,Positive,3,No,College,Far,Female,63,CLG0037,102,5.58,5.9,5,No,5,3,1,No
2124,15,86,Medium,Medium,Yes,7,57,Medium,Yes,1,Medium,Medium,Public,Negative,3,No,College,Near,Male,65,CLG0063,87,9.8,9.93,7,Yes,7,5,0,No
2125,21,92,High,High,Yes,9,58,Medium,Yes,2,High,Medium,Public,Neutral,5,No,High School,Moderate,Female,89,CLG0026,98,7.4,7.7,10,No,9,3,5,No
2126,19,79,High,Medium,Yes,7,68,Medium,Yes,2,High,High,Public,Negative,1,No,College,Near,Female,68,CLG0065,109,5.77,5.8,3,Yes,8,4,2,No
2127,6,67,Medium,Low,Yes,6,99,Low,Yes,0,Medium,Medium,Private,Neutral,2,No,College,Near,Male,60,CLG0070,83,8.13,7.97,2,No,9,3,4,No
2128,19,68,Medium,Medium,Yes,6,98,Low,Yes,2,Low,Medium,Public,Positive,1,No,High School,Moderate,Female,64,CLG0045,81,9.02,9.39,7,Yes,10,5,4,No
2129,32,64,Low,High,Yes,9,53,Low,No,1,Low,Medium,Private,Positive,3,No,College,Near,Female,65,CLG0006,88,8.14,7.76,10,Yes,8,8,3,No
2130,15,78,High,High,No,9,75,Low,Yes,1,Low,Medium,Public,Negative,1,No,High School,Near,Male,65,CLG0082,107,7.32,7.46,9,Yes,4,5,3,No
2131,28,82,Medium,High,Yes,8,82,Low,Yes,1,Medium,Medium,Private,Negative,2,No,Postgraduate,Near,Male,71,CLG0069,107,7.55,7.86,7,No,7,8,5,No
2132,21,81,Medium,Low,Yes,7,65,High,Yes,1,Medium,Medium,Public,Positive,2,No,College,Moderate,Male,67,CLG0016,84,6.3,6.49,8,No,4,5,0,No
2133,22,64,Low,Medium,Yes,8,91,Low,Yes,0,Low,Medium,Public,Neutral,4,No,College,Moderate,Female,63,CLG0019,96,9.68,9.19,1,Yes,10,4,0,No
2134,13,78,Medium,High,Yes,9,96,High,Yes,2,Low,Medium,Public,Neutral,3,No,College,Moderate,Male,67,CLG0064,87,9.35,9.06,5,Yes,3,1,2,No
2135,18,95,Medium,Medium,Yes,9,96,Low,Yes,4,Medium,Medium,Public,Negative,4,No,College,Near,Female,72,CLG0033,111,8.37,8.03,6,No,4,9,0,Yes
2136,25,82,High,High,No,8,94,Low,Yes,2,Low,Medium,Public,Neutral,3,No,High School,Moderate,Male,70,CLG0060,96,7.3,7.2,8,Yes,2,3,0,No
2137,25,88,Low,Medium,Yes,8,98,Low,No,1,Low,Low,Private,Neutral,4,No,Postgraduate,Near,Male,69,CLG0027,79,10.0,10.46,1,Yes,1,9,5,Yes
2138,12,88,Medium,Medium,No,8,65,Medium,Yes,0,Low,Medium,Public,Positive,4,No,High School,Near,Male,65,CLG0095,116,5.25,5.18,6,No,3,9,3,Yes
2139,26,71,Low,High,No,8,99,Medium,No,1,Medium,Medium,Public,Positive,3,No,College,Near,Male,68,CLG0027,98,6.56,6.34,5,No,0,5,4,No
2140,31,76,Medium,Medium,Yes,9,83,Medium,Yes,2,High,Medium,Private,Negative,3,No,High School,Moderate,Female,70,CLG0029,117,7.44,7.68,7,Yes,5,9,2,Yes
2141,20,68,Low,Medium,No,6,98,High,Yes,0,Low,High,Public,Negative,4,No,High School,Near,Female,64,CLG0002,84,5.85,6.35,5,No,7,4,1,No
2142,15,84,Low,Medium,Yes,6,92,Medium,Yes,3,Medium,Medium,Public,Positive,3,No,College,Near,Female,68,CLG0002,77,6.75,6.36,10,Yes,2,10,5,No
2143,22,90,Medium,Low,Yes,6,72,Medium,Yes,0,Low,Medium,Public,Neutral,4,No,College,Near,Male,68,CLG0052,83,7.6,7.21,9,No,7,1,1,No
2144,24,71,Medium,Low,No,9,80,Medium,Yes,2,Medium,High,Private,Positive,3,No,High School,Near,Female,66,CLG0072,97,6.2,6.6,10,No,10,2,5,No
2145,18,83,High,Low,No,9,76,Medium,Yes,0,Medium,Low,Private,Neutral,4,No,High School,Near,Female,66,CLG0003,96,9.12,9.03,2,Yes,0,6,4,No
2146,7,62,High,Medium,Yes,7,74,Medium,Yes,3,Medium,Medium,Public,Neutral,3,No,Postgraduate,Near,Female,62,CLG0023,90,9.86,9.4,10,No,9,7,5,No
2147,11,81,Low,High,Yes,7,63,Medium,Yes,3,Medium,Medium,Public,Neutral,2,No,Postgraduate,Near,Male,66,CLG0010,112,5.74,5.73,4,Yes,7,7,3,No
2148,17,96,High,High,No,7,61,Low,Yes,1,Low,High,Public,Positive,1,No,College,Moderate,Female,69,CLG0095,110,8.75,8.54,3,No,7,6,1,No
2149,26,73,Medium,High,No,8,77,Medium,Yes,0,Medium,High,Private,Positive,2,No,College,Far,Male,68,CLG0062,101,9.48,9.3,5,No,6,7,5,No
2150,17,93,High,Medium,No,8,76,Low,Yes,0,Low,Medium,Private,Negative,3,No,High School,Moderate,Female,67,CLG0023,83,7.81,8.24,10,No,6,9,1,No
2151,23,80,Medium,Medium,Yes,7,91,Low,Yes,5,High,Medium,Public,Negative,1,No,High School,Near,Female,70,CLG0013,85,9.18,9.1,5,No,6,3,4,No
2152,24,62,Low,High,Yes,6,91,Medium,Yes,2,Medium,Medium,Public,Neutral,3,No,High School,Moderate,Female,65,CLG0059,116,6.89,7.19,9,Yes,0,1,5,No
2153,27,72,Medium,Low,No,4,68,Medium,No,0,Medium,High,Public,Negative,3,Yes,College,Near,Male,63,CLG0035,86,8.79,8.39,8,No,3,10,1,No
2154,32,75,Low,Low,No,7,55,Medium,Yes,1,Medium,Medium,Public,Neutral,4,No,High School,Moderate,Male,66,CLG0079,107,5.94,5.74,1,No,3,9,1,No
2155,31,63,Medium,High,No,9,86,Low,Yes,0,High,Medium,Public,Neutral,3,No,Postgraduate,Moderate,Male,68,CLG0008,93,7.17,7.59,3,No,3,10,4,No
2156,12,96,Medium,Low,Yes,9,76,Medium,Yes,2,Medium,High,Public,Positive,2,No,High School,Near,Male,68,CLG0019,115,6.25,5.92,6,No,9,8,5,Yes
2157,17,80,High,High,No,9,57,Medium,Yes,4,Low,Medium,Public,Positive,2,No,College,Near,Male,68,CLG0051,82,7.3,7.14,4,No,4,5,2,No
2158,20,79,High,Medium,No,7,66,Low,Yes,3,High,Medium,Public,Negative,3,No,College,Near,Female,68,CLG0046,67,9.73,9.91,5,No,3,5,4,No
2159,18,67,High,Low,No,4,73,Low,Yes,0,Medium,Medium,Private,Neutral,2,No,Postgraduate,Moderate,Male,62,CLG0087,97,7.6,8.06,10,No,10,8,4,Yes
2160,15,75,Medium,High,Yes,7,91,High,Yes,0,Medium,High,Public,Neutral,3,No,College,Moderate,Male,67,CLG0005,100,7.26,7.49,5,Yes,1,1,2,No
2161,20,70,Medium,Medium,Yes,7,84,Low,No,2,Medium,High,Private,Neutral,4,No,College,Far,Male,65,CLG0081,110,7.46,7.08,4,No,3,8,0,No
2162,18,70,High,Low,No,6,79,Medium,Yes,1,Medium,High,Public,Positive,2,No,College,Near,Female,65,CLG0096,80,9.64,9.17,4,No,5,7,5,No
2163,26,92,Medium,Low,Yes,6,72,Medium,Yes,1,Low,Medium,Private,Neutral,3,No,High School,Moderate,Female,69,CLG0034,102,6.34,6.06,6,Yes,2,8,3,No
2164,18,62,Medium,Medium,Yes,7,54,Medium,Yes,2,Medium,High,Private,Positive,3,No,Postgraduate,Moderate,Male,64,CLG0044,118,5.34,5.16,1,Yes,5,3,4,No
2165,24,67,High,Medium,Yes,4,78,Low,Yes,1,Low,High,Public,Positive,2,No,High School,Near,Female,67,CLG0097,112,9.56,9.9,7,No,9,9,4,Yes
2166,30,77,Medium,Low,Yes,9,70,Medium,Yes,0,Medium,High,Public,Neutral,1,No,High School,Moderate,Male,67,CLG0074,111,8.42,8.56,6,No,1,10,3,Yes
2167,24,68,Medium,Low,Yes,7,70,Low,Yes,1,Low,Low,Public,Neutral,3,No,College,Near,Male,64,CLG0098,86,9.31,9.68,4,Yes,7,7,1,No
2168,26,72,Low,High,No,8,85,Medium,Yes,2,Low,Medium,Public,Negative,3,No,High School,Near,Male,67,CLG0054,74,9.64,9.53,7,No,0,6,3,No
2169,17,94,Medium,Low,Yes,7,98,Low,Yes,1,Medium,High,Public,Negative,2,No,High School,Near,Male,68,CLG0063,112,8.24,8.61,9,Yes,9,8,5,Yes
2170,32,86,Medium,Medium,Yes,5,68,Low,Yes,1,Medium,Medium,Public,Negative,4,No,High School,Moderate,Male,70,CLG0001,78,8.23,8.28,8,Yes,8,5,0,No
2171,13,79,Medium,High,No,7,70,High,Yes,4,Low,Medium,Public,Positive,3,Yes,High School,Near,Female,66,CLG0011,92,8.39,8.88,5,Yes,6,2,0,No
2172,15,65,Medium,Medium,No,8,62,Medium,Yes,1,Medium,Medium,Public,Neutral,4,No,High School,Moderate,Female,61,CLG0052,95,6.81,6.81,6,No,8,3,3,No
2173,23,68,Medium,Medium,Yes,9,55,Medium,Yes,0,Low,Medium,Public,Positive,3,No,College,Moderate,Male,64,CLG0044,111,6.84,6.44,10,Yes,0,7,5,No
2174,21,66,High,Medium,No,7,61,Medium,Yes,2,High,High,Public,Neutral,2,No,College,Near,Male,66,CLG0057,97,8.93,8.92,9,No,8,5,1,No
2175,14,75,Medium,Medium,Yes,5,95,Medium,Yes,0,Medium,Medium,Public,Positive,3,No,College,Moderate,Male,82,CLG0077,103,6.73,7.19,6,No,1,4,5,No
2176,19,84,Medium,Medium,Yes,6,84,Medium,Yes,3,Medium,High,Public,Neutral,2,No,Postgraduate,Moderate,Male,69,CLG0029,87,7.7,7.36,4,No,5,8,4,No
2177,16,73,Medium,Medium,No,7,95,Medium,Yes,1,Low,Medium,Public,Negative,4,No,College,Near,Male,65,CLG0036,79,6.0,6.22,3,No,5,5,1,No
2178,19,91,Medium,Low,No,6,58,High,Yes,2,Low,High,Public,Positive,3,No,College,Moderate,Male,68,CLG0078,85,7.8,7.94,4,Yes,3,7,2,No
2179,10,72,Medium,Medium,Yes,6,83,Medium,Yes,0,Medium,Medium,Public,Positive,4,No,High School,Near,Male,63,CLG0065,109,5.42,5.33,6,Yes,4,3,3,No
2180,14,90,Low,Medium,Yes,7,66,Medium,Yes,1,Medium,Medium,Public,Neutral,5,No,College,Near,Male,67,CLG0092,92,7.9,7.6,7,Yes,8,1,2,No
2181,23,78,Medium,Medium,Yes,6,54,High,Yes,0,Low,Medium,Public,Neutral,3,No,Postgraduate,Near,Female,67,CLG0038,102,8.85,9.06,7,Yes,8,1,3,No
2182,8,73,Medium,High,Yes,4,80,Low,Yes,0,Low,High,Public,Neutral,4,No,College,Moderate,Male,62,CLG0014,127,5.96,5.97,8,Yes,8,6,4,No
2183,8,60,High,Medium,Yes,9,93,High,Yes,0,Low,High,Public,Neutral,3,No,Postgraduate,Near,Female,62,CLG0019,109,8.14,7.92,6,Yes,1,2,5,No
2184,5,75,Medium,Low,Yes,10,84,Medium,Yes,0,High,Medium,Private,Neutral,4,No,Postgraduate,Moderate,Female,62,CLG0092,94,6.14,6.39,5,No,10,1,0,No
2185,16,89,High,Medium,Yes,7,83,High,Yes,0,Low,High,Public,Positive,4,No,Postgraduate,Moderate,Male,70,CLG0084,107,9.4,9.02,6,Yes,6,6,0,No
2186,16,92,Medium,High,Yes,5,85,Low,Yes,1,Low,Medium,Public,Neutral,2,No,High School,Moderate,Male,68,CLG0056,107,7.22,7.02,7,Yes,3,3,1,No
2187,28,94,Low,Medium,Yes,9,64,Medium,Yes,0,Medium,Medium,Public,Neutral,3,No,High School,Moderate,Female,70,CLG0091,97,8.86,8.78,6,No,10,8,4,Yes
2188,13,77,Medium,Medium,Yes,8,68,Low,Yes,3,High,Medium,Private,Neutral,3,No,High School,Near,Female,65,CLG0023,97,9.49,9.15,5,Yes,6,9,4,Yes
2189,27,91,Medium,Medium,No,8,75,Low,Yes,2,Medium,High,Private,Neutral,3,No,High School,Near,Male,71,CLG0056,79,6.52,6.45,6,Yes,8,8,0,No
2190,18,79,Low,High,No,4,74,Low,Yes,2,Low,Medium,Public,Negative,1,No,High School,Near,Female,64,CLG0037,147,8.34,7.9,6,Yes,0,9,1,No
2191,16,66,Medium,Medium,Yes,7,53,High,Yes,2,Medium,Medium,Public,Negative,2,No,Postgraduate,Moderate,Male,62,CLG0015,118,8.74,8.88,7,Yes,5,5,0,No
2192,27,64,High,Low,Yes,8,58,Medium,Yes,2,High,High,Public,Neutral,1,No,Postgraduate,Far,Male,66,CLG0064,95,8.81,8.95,8,No,6,10,2,Yes
2193,21,74,Low,Medium,No,6,55,High,Yes,3,Low,Medium,Public,Positive,2,No,College,Near,Male,65,CLG0049,108,8.14,8.33,8,Yes,7,3,4,No
2194,13,96,Medium,High,Yes,7,100,Medium,No,4,Medium,High,Public,Negative,3,No,High School,Near,Male,71,CLG0041,65,5.99,5.79,4,No,10,2,2,No
2195,21,94,Medium,Medium,No,7,71,Low,No,1,Low,High,Private,Neutral,2,No,Postgraduate,Near,Male,69,CLG0067,88,6.56,6.14,9,No,7,10,1,No
2196,29,81,High,Medium,No,7,68,Medium,Yes,2,Medium,Medium,Public,Neutral,4,No,Postgraduate,Near,Male,72,CLG0013,116,5.4,5.79,8,Yes,6,6,0,No
2197,28,82,Medium,Medium,Yes,6,80,Medium,Yes,1,Low,Medium,Private,Neutral,5,No,High School,Far,Female,69,CLG0040,93,6.39,6.39,1,No,4,9,3,No
2198,28,61,Low,Low,Yes,6,82,Low,Yes,0,Medium,High,Public,Positive,3,No,College,Near,Female,64,CLG0029,113,8.91,9.32,4,No,8,6,4,Yes
2199,28,91,Low,Medium,Yes,5,73,Medium,No,2,Medium,Medium,Public,Neutral,2,No,High School,Near,Female,69,CLG0084,84,9.64,9.66,8,Yes,0,10,2,Yes
2200,22,69,High,Medium,No,7,86,Low,Yes,0,Medium,Medium,Public,Neutral,1,No,High School,Near,Female,65,CLG0053,71,9.71,9.8,3,Yes,0,8,0,No
2201,28,65,Medium,Medium,No,8,78,High,No,1,High,Medium,Private,Positive,3,No,College,Near,Female,67,CLG0027,111,8.81,8.88,3,Yes,5,10,2,Yes
2202,15,85,Low,Medium,Yes,7,89,High,Yes,0,Medium,Medium,Public,Negative,4,No,College,Moderate,Female,66,CLG0082,101,8.05,8.19,6,No,10,3,0,No
2203,21,89,Low,Medium,No,7,90,Low,Yes,4,High,Medium,Public,Neutral,5,No,Postgraduate,Far,Male,70,CLG0078,115,8.94,9.2,6,No,2,10,2,Yes
2204,16,85,Low,Medium,No,7,93,High,Yes,1,Medium,High,Public,Positive,3,No,High School,Near,Male,68,CLG0012,97,9.91,9.71,9,No,1,2,4,No
2205,30,84,High,Medium,No,8,51,Low,Yes,1,Low,Medium,Public,Positive,4,Yes,Postgraduate,Far,Male,69,CLG0014,96,7.27,7.28,10,No,4,6,4,No
2206,29,96,Medium,Medium,Yes,9,55,Low,No,0,Medium,Medium,Public,Neutral,2,No,Postgraduate,Far,Female,70,CLG0097,104,9.95,9.76,10,No,8,7,1,No
2207,22,69,High,Medium,No,6,74,High,Yes,1,Medium,Low,Public,Negative,3,Yes,College,Near,Female,65,CLG0091,112,9.12,8.87,5,No,8,7,2,Yes
2208,19,72,Low,High,Yes,5,96,Low,No,3,Low,Low,Public,Positive,2,No,High School,Moderate,Female,64,CLG0090,110,8.8,8.83,6,No,0,10,1,No
2209,8,73,Medium,High,No,8,78,High,Yes,0,Medium,High,Private,Negative,3,No,High School,Near,Male,63,CLG0026,79,6.77,6.75,6,No,5,8,4,No
2210,16,92,Medium,Medium,No,6,86,Low,No,2,Medium,Medium,Private,Neutral,3,Yes,College,Near,Female,66,CLG0037,87,6.15,5.68,1,Yes,3,5,3,No
2211,21,99,Medium,Low,Yes,9,59,Low,Yes,1,High,High,Public,Negative,2,No,College,Moderate,Female,69,CLG0067,113,8.95,8.56,10,Yes,9,8,0,Yes
2212,12,79,Low,Medium,Yes,9,69,Medium,Yes,2,Low,High,Public,Neutral,3,No,Postgraduate,Near,Male,65,CLG0025,111,8.03,7.67,10,No,3,2,5,No
2213,24,62,Medium,Medium,No,9,97,Medium,Yes,1,Medium,Medium,Private,Negative,2,No,Postgraduate,Near,Male,65,CLG0046,104,9.38,9.07,9,Yes,0,8,5,Yes
2214,20,81,Medium,Medium,Yes,5,60,Low,Yes,3,Medium,Medium,Public,Positive,4,Yes,High School,Near,Male,66,CLG0032,106,7.47,7.48,6,No,8,4,0,No
2215,9,95,Medium,Medium,Yes,7,97,Medium,Yes,1,Low,Low,Public,Neutral,2,No,College,Near,Male,67,CLG0013,114,7.12,6.65,1,No,2,5,0,No
2216,24,88,Low,Medium,Yes,6,86,Low,Yes,0,Low,Low,Public,Negative,3,No,College,Near,Male,67,CLG0031,125,5.09,4.7,7,Yes,4,10,3,Yes
2217,22,71,Medium,Low,Yes,8,57,Medium,Yes,1,Low,High,Public,Negative,4,No,High School,Moderate,Male,63,CLG0002,115,8.35,8.16,4,No,0,5,4,Yes
2218,17,97,High,Low,Yes,8,89,Medium,Yes,1,Low,Medium,Public,Neutral,4,No,College,Near,Male,70,CLG0077,98,5.39,5.1,4,Yes,3,6,5,No
2219,14,90,Medium,Medium,Yes,9,56,Medium,Yes,0,Low,Medium,Public,Neutral,4,No,High School,Near,Female,65,CLG0042,88,7.11,6.66,1,No,1,10,4,No
2220,26,75,Medium,Low,Yes,4,79,Medium,Yes,2,High,Medium,Public,Negative,1,No,College,Near,Male,67,CLG0069,99,8.45,8.42,8,Yes,1,3,4,No
2221,23,94,Medium,Low,Yes,10,91,High,Yes,1,Medium,Medium,Public,Neutral,3,No,High School,Near,Male,71,CLG0095,108,7.05,7.22,4,Yes,10,1,4,No
2222,31,78,High,High,Yes,6,97,Low,Yes,0,Medium,High,Public,Neutral,3,No,High School,Near,Male,72,CLG0025,75,9.47,9.48,8,No,8,2,3,No
2223,26,63,Medium,Medium,Yes,7,55,Medium,Yes,2,Medium,High,Public,Neutral,4,No,High School,Far,Male,65,CLG0007,105,6.51,6.08,3,No,6,4,4,No
2224,16,98,High,Low,Yes,8,52,Medium,Yes,3,Low,High,Public,Neutral,3,No,College,Moderate,Female,69,CLG0050,99,9.58,9.68,2,Yes,8,10,0,No
2225,20,83,Medium,Medium,No,6,51,Medium,Yes,2,Low,High,Public,Negative,4,No,Postgraduate,Near,Male,67,CLG0034,95,6.14,5.84,2,Yes,3,8,0,No
2226,34,72,Medium,High,Yes,9,88,Low,Yes,1,High,Medium,Private,Positive,3,No,Postgraduate,Near,Male,73,CLG0042,106,8.53,8.28,4,No,2,10,2,Yes
2227,22,75,Medium,Medium,Yes,10,77,High,Yes,2,Low,Low,Public,Neutral,2,No,High School,Near,Male,66,CLG0044,92,5.12,4.84,10,Yes,8,5,1,No
2228,18,97,Low,High,No,5,79,Low,Yes,2,Low,High,Public,Positive,3,No,College,Moderate,Male,70,CLG0005,120,6.82,6.71,7,No,1,2,5,No
2229,17,81,High,Medium,No,9,64,Medium,Yes,0,High,Medium,Public,Positive,3,Yes,High School,Far,Male,65,CLG0100,95,5.04,5.22,4,Yes,1,7,4,No
2230,12,92,Medium,Medium,No,4,92,High,Yes,2,Medium,High,Public,Neutral,3,Yes,High School,Moderate,Male,67,CLG0075,122,8.91,8.69,3,No,5,3,4,Yes
2231,27,87,High,Low,No,6,56,Medium,Yes,0,Low,High,Public,Neutral,2,No,High School,Moderate,Male,68,CLG0039,99,7.12,6.94,5,No,10,9,3,No
2232,24,91,Low,Low,Yes,7,66,High,Yes,2,Low,High,Public,Neutral,3,No,High School,Near,Male,69,CLG0092,88,6.97,7.38,6,Yes,1,10,1,No
2233,13,69,Medium,Low,Yes,7,53,High,No,2,Medium,Medium,Private,Negative,3,Yes,High School,Near,Female,59,CLG0006,97,5.45,5.84,10,Yes,0,8,2,No
2234,29,92,Medium,Medium,Yes,10,63,High,Yes,1,Low,High,Private,Negative,4,No,High School,Moderate,Male,71,CLG0050,94,7.64,7.21,8,Yes,8,3,5,No
2235,16,70,High,High,No,7,95,High,No,1,Medium,Medium,Public,Neutral,3,No,High School,Near,Female,66,CLG0014,118,6.09,5.94,2,No,8,9,1,No
2236,23,99,Medium,Medium,No,8,95,High,Yes,5,Medium,Medium,Public,Neutral,4,No,High School,Moderate,Female,74,CLG0024,91,6.75,7.12,3,Yes,7,9,2,No
2237,3,70,Medium,Medium,Yes,7,58,Medium,Yes,0,Medium,Medium,Private,Neutral,2,No,High School,Moderate,Male,58,CLG0015,89,7.75,8.16,6,Yes,1,5,1,No
2238,20,71,Medium,Medium,No,7,70,High,Yes,0,High,High,Public,Negative,4,No,High School,Near,Female,65,CLG0100,95,9.35,9.53,2,No,8,10,1,No
2239,29,62,High,Medium,Yes,8,74,Medium,Yes,1,Low,Medium,Private,Negative,3,Yes,College,Near,Male,66,CLG0065,90,5.39,5.74,9,Yes,9,8,0,No
2240,22,100,High,Medium,No,7,95,Medium,Yes,2,Low,Medium,Public,Positive,4,No,College,Near,Male,74,CLG0070,93,9.43,9.41,7,No,4,4,5,No
2241,11,79,Medium,Medium,Yes,7,81,Medium,Yes,1,High,Medium,Public,Neutral,2,No,High School,Moderate,Male,64,CLG0071,113,5.19,5.57,8,No,6,4,4,No
2242,13,84,Medium,Medium,No,8,98,Low,No,2,Medium,Medium,Public,Positive,2,No,College,Moderate,Female,66,CLG0054,87,5.3,5.05,5,No,8,7,3,No
2243,13,70,High,Medium,No,10,78,Medium,Yes,1,Low,Medium,Public,Negative,2,No,High School,Far,Female,61,CLG0061,85,9.02,8.81,3,Yes,3,2,2,No
2244,20,90,High,High,No,9,79,Medium,Yes,2,Low,Medium,Public,Negative,2,No,High School,Near,Female,70,CLG0021,121,6.82,6.66,9,Yes,2,1,5,No
2245,21,96,Medium,Medium,Yes,7,59,Low,Yes,2,High,Medium,Public,Negative,2,No,College,Near,Male,70,CLG0018,125,9.54,9.66,2,No,4,4,1,No
2246,14,73,Medium,Low,Yes,5,96,Low,Yes,1,Low,Medium,Public,Negative,3,No,High School,Moderate,Female,62,CLG0062,105,9.55,9.96,2,No,9,8,4,Yes
2247,34,77,Medium,Low,Yes,7,80,Low,Yes,0,Medium,Medium,Public,Positive,3,No,High School,Near,Male,69,CLG0004,119,5.26,5.28,1,No,3,4,5,No
2248,23,84,High,High,Yes,8,93,Medium,Yes,1,High,Medium,Public,Positive,3,No,Postgraduate,Far,Male,72,CLG0010,118,7.27,7.39,10,No,4,9,0,No
2249,21,91,Medium,Medium,Yes,7,55,High,Yes,2,High,Medium,Private,Neutral,3,No,High School,Near,Female,70,CLG0055,81,7.74,7.44,7,No,8,10,3,No
2250,34,68,Medium,Medium,No,7,67,High,Yes,0,Medium,Medium,Private,Neutral,2,No,High School,Moderate,Male,67,CLG0062,112,7.93,7.51,8,Yes,1,3,1,No
2251,21,70,High,High,No,9,66,Medium,Yes,1,Medium,Low,Public,Neutral,4,No,College,Moderate,Male,91,CLG0040,97,8.63,8.56,6,Yes,8,4,1,No
2252,30,88,Medium,Medium,Yes,7,68,Low,Yes,1,Medium,High,Public,Positive,3,No,College,Near,Female,72,CLG0001,110,9.04,9.01,1,No,3,9,2,Yes
2253,29,63,Low,Low,Yes,9,97,High,No,3,Medium,High,Public,Negative,3,No,High School,Near,Male,66,CLG0049,101,9.23,9.04,4,No,7,10,2,Yes
2254,26,78,High,High,Yes,8,73,Medium,No,2,Low,Medium,Private,Positive,4,No,College,Near,Female,71,CLG0007,104,6.39,6.02,1,No,9,8,3,No
2255,18,61,Low,Low,No,9,54,Medium,Yes,0,Medium,Medium,Public,Neutral,2,No,College,Near,Female,59,CLG0018,92,9.06,8.9,5,No,8,9,2,Yes
2256,24,66,Low,High,No,7,74,Medium,Yes,0,High,High,Public,Neutral,2,No,College,Moderate,Male,65,CLG0040,114,6.58,6.72,3,No,6,2,5,No
2257,28,87,Low,Low,Yes,7,57,Medium,Yes,2,Medium,High,Private,Negative,4,No,High School,Moderate,Male,68,CLG0026,90,9.21,9.4,7,No,6,5,5,No
2258,25,65,Low,Medium,No,6,64,Medium,Yes,1,Medium,Medium,Private,Negative,4,No,College,Near,Male,64,CLG0094,89,8.84,9.08,5,Yes,3,3,5,No
2259,26,81,High,Low,No,8,60,High,Yes,2,Low,High,Public,Positive,5,No,Postgraduate,Near,Female,71,CLG0061,89,7.55,7.79,7,No,8,1,3,No
2260,8,82,Medium,High,Yes,5,86,Medium,No,0,Low,Medium,Public,Negative,3,No,Postgraduate,Near,Female,64,CLG0042,83,8.85,8.74,10,No,9,5,0,No
2261,19,98,Medium,Low,Yes,6,96,Medium,No,2,Low,Medium,Private,Negative,2,No,High School,Moderate,Male,68,CLG0080,113,9.84,10.13,9,No,5,3,1,No
2262,17,79,Medium,Medium,No,8,79,Medium,Yes,3,Medium,High,Private,Neutral,5,Yes,Postgraduate,Near,Male,67,CLG0030,97,7.61,7.29,8,Yes,0,6,1,No
2263,23,97,Medium,High,Yes,6,80,Low,Yes,1,Low,Low,Public,Negative,2,No,College,Moderate,Male,70,CLG0070,95,9.07,9.18,8,Yes,6,8,5,Yes
2264,28,76,Low,Medium,Yes,8,66,Medium,Yes,5,High,Low,Public,Positive,4,No,College,Moderate,Male,70,CLG0066,111,5.08,4.77,3,Yes,0,4,0,No
2265,23,80,High,Medium,No,9,79,Medium,Yes,1,Medium,High,Public,Negative,2,No,Postgraduate,Near,Male,69,CLG0010,88,8.4,8.68,1,No,0,6,2,No
2266,19,65,Medium,High,Yes,9,60,Low,Yes,1,Low,Medium,Public,Neutral,3,No,Postgraduate,Moderate,Male,63,CLG0038,103,6.51,6.2,2,No,6,1,0,No
2267,10,62,Medium,Low,No,7,68,High,Yes,3,Medium,Medium,Public,Neutral,3,No,Postgraduate,Near,Male,61,CLG0041,109,6.97,7.24,1,No,7,8,4,No
2268,17,87,Medium,Medium,No,8,52,Low,Yes,1,Medium,Medium,Public,Positive,5,No,College,Near,Male,67,CLG0090,120,5.93,5.54,5,Yes,8,9,4,Yes
2269,26,95,Medium,High,No,9,74,Low,Yes,3,Low,Medium,Private,Neutral,3,Yes,High School,Near,Female,71,CLG0040,107,9.4,9.31,5,No,1,9,5,Yes
2270,19,61,Medium,Medium,No,7,51,Low,Yes,1,Low,High,Public,Neutral,1,No,High School,Near,Female,60,CLG0021,98,9.66,10.03,1,Yes,0,4,5,No
2271,12,71,High,High,Yes,7,78,High,Yes,3,Low,Medium,Public,Positive,4,No,College,Moderate,Female,67,CLG0049,116,7.55,7.27,9,No,4,1,3,No
2272,32,94,Medium,High,Yes,9,55,High,Yes,4,Medium,Medium,Private,Positive,2,Yes,High School,Near,Male,75,CLG0089,124,5.19,4.97,2,No,8,7,3,No
2273,18,79,Medium,Medium,No,8,70,High,Yes,3,Medium,Medium,Public,Positive,3,No,College,Near,Female,68,CLG0061,99,9.68,9.79,4,No,1,4,0,No
2274,34,63,Medium,High,Yes,10,60,Low,Yes,1,Medium,Medium,Public,Negative,4,No,High School,Near,Female,67,CLG0091,82,8.46,8.7,9,Yes,0,9,5,Yes
2275,21,69,High,High,Yes,7,86,Medium,Yes,2,Low,Medium,Private,Neutral,3,No,High School,Near,Male,68,CLG0033,102,9.65,10.03,7,No,3,4,2,No
2276,14,83,High,Medium,No,7,84,Medium,Yes,1,Low,Medium,Public,Neutral,3,No,High School,Near,Female,66,CLG0055,97,9.12,9.54,2,Yes,10,8,0,No
2277,10,60,Medium,Medium,No,9,85,Medium,Yes,0,Medium,High,Public,Positive,4,No,Postgraduate,Near,Male,62,CLG0035,106,7.88,8.15,6,No,2,8,3,Yes
2278,26,74,Medium,Medium,No,6,69,Medium,Yes,2,Low,High,Public,Positive,4,No,Postgraduate,Moderate,Male,68,CLG0080,130,7.87,8.12,4,Yes,5,5,3,Yes
2279,13,100,Low,Low,Yes,4,54,Low,Yes,3,Low,Low,Public,Positive,2,No,High School,Near,Female,65,CLG0001,101,5.42,5.44,4,No,0,10,1,No
2280,17,64,Medium,Low,No,7,73,High,Yes,1,Low,Medium,Public,Neutral,4,No,College,Near,Male,62,CLG0024,82,5.41,4.97,4,Yes,3,2,2,No
2281,17,90,Medium,High,No,8,84,Medium,Yes,1,Low,Low,Public,Negative,4,No,High School,Far,Female,67,CLG0042,83,9.72,9.83,2,Yes,2,2,3,No
2282,15,87,Medium,High,Yes,10,52,Medium,Yes,2,Low,High,Private,Positive,3,No,College,Near,Male,68,CLG0027,83,5.32,5.15,5,Yes,10,5,1,No
2283,23,92,Low,Medium,Yes,10,71,Medium,Yes,1,Low,Medium,Public,Neutral,3,No,College,Near,Male,69,CLG0090,117,5.57,5.72,1,No,2,4,3,No
2284,15,75,Medium,High,No,6,83,Low,Yes,1,High,Medium,Private,Negative,2,No,High School,Near,Female,65,CLG0093,101,7.46,7.13,4,Yes,4,2,3,No
2285,16,88,Low,High,No,7,75,Low,Yes,2,Medium,Medium,Public,Neutral,4,No,Postgraduate,Near,Female,68,CLG0065,104,8.44,8.2,4,No,3,10,5,Yes
2286,14,97,Low,High,No,5,62,Medium,No,1,Medium,Medium,Public,Neutral,4,Yes,Postgraduate,Far,Female,66,CLG0045,107,7.0,6.71,10,Yes,9,5,4,No
2287,30,90,High,Medium,No,10,67,High,Yes,2,Medium,Medium,Private,Neutral,6,No,High School,Near,Male,74,CLG0097,110,6.83,6.69,3,Yes,5,9,5,No
2288,26,80,Medium,Low,Yes,6,66,Medium,Yes,2,High,Medium,Public,Neutral,4,No,Postgraduate,Near,Male,70,CLG0007,78,8.57,8.8,8,Yes,2,4,2,No
2289,27,92,Medium,Low,Yes,9,100,High,Yes,2,Medium,High,Public,Positive,0,No,Postgraduate,Moderate,Female,73,CLG0005,110,8.11,8.3,5,No,10,2,4,No
2290,22,71,Low,Medium,Yes,7,65,Low,Yes,1,Medium,Low,Public,Positive,4,No,College,Moderate,Male,64,CLG0025,110,7.65,7.38,7,No,5,6,2,No
2291,19,94,Low,Medium,No,7,62,Medium,Yes,0,Medium,Medium,Public,Negative,3,Yes,High School,Moderate,Male,65,CLG0035,104,7.27,6.88,2,Yes,6,2,3,No
2292,14,74,High,High,Yes,6,73,High,Yes,2,Medium,Medium,Private,Neutral,3,No,High School,Near,Female,67,CLG0024,77,7.73,7.85,5,Yes,4,2,5,No
2293,20,84,Low,Low,No,8,72,Medium,Yes,3,High,Medium,Public,Neutral,3,No,High School,Near,Male,66,CLG0061,106,5.86,5.92,2,Yes,10,9,5,No
2294,21,95,Low,High,Yes,8,69,Medium,No,0,Low,High,Public,Negative,3,No,Postgraduate,Near,Male,69,CLG0087,83,5.75,6.05,4,No,9,6,1,No
2295,24,81,Medium,Low,No,9,61,Medium,Yes,1,Low,Low,Public,Positive,4,No,College,Near,Female,66,CLG0064,90,7.45,7.58,8,No,6,7,5,No
2296,26,64,Medium,High,No,6,91,Medium,Yes,1,Low,Medium,Private,Neutral,4,No,High School,Moderate,Male,66,CLG0016,65,7.0,7.11,7,No,6,6,5,No
2297,28,61,Medium,High,No,6,86,High,Yes,1,Low,Medium,Private,Negative,3,Yes,Postgraduate,Far,Male,65,CLG0061,98,5.09,5.49,5,No,8,5,1,No
2298,31,72,Low,High,Yes,5,94,High,Yes,2,Low,Low,Public,Positive,2,No,High School,Near,Male,70,CLG0091,90,7.5,7.6,5,Yes,10,1,4,No
2299,17,72,High,High,Yes,6,65,Low,Yes,3,Low,High,Public,Positive,2,No,Postgraduate,Far,Male,67,CLG0074,92,8.3,8.74,3,No,2,6,0,No
2300,14,81,Medium,High,No,9,90,Medium,Yes,3,High,High,Public,Neutral,3,No,Postgraduate,Near,Male,69,CLG0010,90,6.09,5.85,3,No,8,10,1,No
2301,22,83,Medium,Medium,Yes,8,83,High,Yes,1,High,Medium,Private,Negative,3,Yes,Postgraduate,Moderate,Male,69,CLG0075,95,9.69,9.46,5,Yes,4,1,1,No
2302,14,79,High,Medium,Yes,10,93,Medium,Yes,2,Medium,Medium,Public,Neutral,3,No,College,Near,Male,68,CLG0086,111,5.31,5.52,5,Yes,6,3,0,No
2303,18,71,High,Medium,No,9,71,Medium,Yes,1,Medium,High,Public,Positive,3,No,High School,Moderate,Female,65,CLG0098,82,5.89,5.97,8,Yes,6,7,1,No
2304,13,77,Medium,Medium,Yes,10,62,Medium,Yes,1,High,Medium,Private,Neutral,4,No,College,Moderate,Male,65,CLG0091,78,6.75,6.68,1,No,2,8,2,No
2305,21,88,High,Medium,Yes,6,90,High,Yes,2,High,Medium,Private,Neutral,4,No,High School,Moderate,Male,72,CLG0001,102,7.77,7.57,2,No,5,5,0,No
2306,24,77,Medium,Medium,Yes,6,64,Medium,Yes,2,High,Medium,Public,Positive,4,No,High School,Near,Male,69,CLG0097,82,8.17,8.59,2,Yes,10,4,3,No
2307,23,62,High,High,Yes,7,67,Low,Yes,1,Low,Medium,Public,Negative,4,No,Postgraduate,Moderate,Female,65,CLG0030,88,7.76,7.46,10,Yes,0,9,0,No
2308,18,80,Medium,Medium,No,8,55,Low,Yes,2,Low,Low,Public,Neutral,3,No,High School,Moderate,Male,63,CLG0044,98,8.84,9.02,10,Yes,9,5,1,No
2309,27,91,Low,High,Yes,8,70,Low,Yes,1,Medium,Low,Public,Neutral,6,No,High School,Moderate,Female,70,CLG0035,83,8.69,8.32,3,Yes,2,4,3,No
2310,22,98,High,Medium,Yes,6,64,Low,Yes,0,Medium,High,Public,Positive,3,No,High School,Moderate,Female,71,CLG0065,89,9.99,9.62,10,No,1,7,0,No
2311,19,79,Medium,High,No,7,100,Low,Yes,1,High,High,Public,Positive,2,No,College,Far,Female,69,CLG0004,96,6.52,6.97,3,No,9,7,5,No
2312,25,88,High,High,Yes,9,58,Low,Yes,0,Low,Medium,Public,Negative,4,No,Postgraduate,Near,Male,70,CLG0004,114,9.58,9.68,4,Yes,7,4,0,No
2313,27,82,Medium,High,Yes,5,62,Low,Yes,1,Low,High,Private,Neutral,4,No,High School,Moderate,Female,69,CLG0042,92,5.74,5.42,2,No,0,9,4,No
2314,26,69,High,Low,No,10,87,Low,Yes,2,Medium,Low,Public,Positive,2,No,Postgraduate,Near,Male,67,CLG0057,144,8.51,8.12,4,Yes,3,7,5,Yes
2315,21,85,Low,High,Yes,7,52,Medium,Yes,5,High,High,Public,Positive,3,No,Postgraduate,Moderate,Male,71,CLG0035,98,5.05,5.52,5,No,9,2,1,No
2316,31,99,Medium,Low,Yes,4,57,High,Yes,1,High,High,Public,Neutral,2,No,Postgraduate,Moderate,Female,74,CLG0032,96,6.31,6.46,5,Yes,0,2,4,No
2317,21,62,High,Medium,No,6,86,Medium,Yes,2,Medium,High,Private,Positive,4,No,High School,Near,Female,67,CLG0003,89,7.81,7.59,1,No,4,10,5,No
2318,26,93,Medium,Medium,No,8,88,Medium,Yes,1,Medium,High,Public,Neutral,4,Yes,College,Near,Male,72,CLG0046,123,9.58,9.08,6,Yes,5,3,5,Yes
2319,28,89,Medium,High,Yes,10,97,High,Yes,3,Medium,Low,Public,Negative,6,No,High School,Near,Female,75,CLG0090,115,5.09,4.87,7,Yes,1,8,5,Yes
2320,10,64,Medium,High,No,8,96,Medium,Yes,1,Medium,Medium,Public,Neutral,3,No,High School,Moderate,Male,62,CLG0026,89,8.73,9.15,7,No,9,5,5,No
2321,13,65,High,Medium,No,7,74,Low,Yes,0,High,Medium,Public,Neutral,2,Yes,High School,Moderate,Male,60,CLG0058,91,6.44,6.72,4,Yes,5,3,5,No
2322,12,98,Medium,Low,Yes,4,54,Medium,Yes,2,Medium,High,Private,Neutral,3,No,High School,Near,Female,67,CLG0037,105,5.93,5.89,7,Yes,7,9,1,No
2323,16,72,Medium,High,No,5,53,Medium,Yes,1,High,High,Public,Positive,3,No,College,Near,Male,65,CLG0097,102,7.66,7.86,7,Yes,9,7,5,No
2324,16,99,Medium,High,Yes,7,60,Medium,Yes,2,Low,High,Private,Neutral,3,No,Postgraduate,Moderate,Male,71,CLG0018,82,5.17,5.33,2,Yes,4,7,5,No
2325,21,69,Low,Medium,No,7,59,Medium,Yes,3,Low,Medium,Public,Neutral,3,No,Postgraduate,Near,Male,64,CLG0031,85,5.48,5.58,8,Yes,9,8,3,No
2326,23,92,Low,Medium,No,8,54,Medium,Yes,0,High,Low,Public,Positive,1,No,Postgraduate,Near,Female,68,CLG0014,99,6.68,7.02,7,No,0,7,2,No
2327,9,88,Low,Medium,Yes,5,93,Low,Yes,2,Medium,Medium,Public,Neutral,4,No,Postgraduate,Near,Male,66,CLG0067,100,6.13,5.87,8,No,9,10,1,No
2328,10,61,High,Medium,Yes,7,85,High,Yes,1,Medium,Medium,Public,Neutral,4,No,High School,Near,Female,62,CLG0078,77,8.81,8.64,7,No,2,4,1,No
2329,26,90,High,High,No,9,71,Low,Yes,0,High,Low,Private,Negative,2,No,College,Near,Female,71,CLG0004,94,10.0,9.75,2,No,10,5,3,No
2330,29,96,Medium,High,No,8,94,High,No,2,Low,High,Public,Negative,4,No,High School,Near,Male,74,CLG0010,71,5.54,5.55,7,No,10,3,3,No
2331,13,94,Low,Medium,Yes,7,56,High,Yes,2,Low,High,Public,Neutral,4,No,College,Near,Male,67,CLG0053,103,9.1,9.02,4,No,1,10,4,Yes
2332,26,75,High,High,No,8,97,Medium,Yes,1,Low,Medium,Public,Neutral,4,No,High School,Far,Male,69,CLG0068,126,5.34,5.02,3,Yes,3,1,4,No
2333,32,65,High,Medium,No,10,57,Medium,Yes,1,High,Medium,Private,Negative,2,No,High School,Near,Female,67,CLG0065,105,6.43,6.92,2,No,9,8,2,No
2334,24,63,Medium,Medium,No,8,99,Low,Yes,2,Low,High,Public,Neutral,1,No,Postgraduate,Near,Female,66,CLG0095,89,6.04,5.86,1,No,2,6,3,No
2335,33,67,Medium,Medium,Yes,6,93,High,Yes,0,Low,High,Public,Neutral,3,No,High School,Far,Female,68,CLG0068,116,5.04,5.39,9,No,0,10,2,Yes
2336,15,86,Medium,Medium,No,7,79,Medium,Yes,1,Low,Medium,Public,Neutral,3,Yes,High School,Moderate,Female,64,CLG0066,110,7.52,7.56,4,Yes,0,10,0,No
2337,21,74,Medium,High,Yes,6,61,Low,No,0,Low,Medium,Private,Positive,4,No,High School,Near,Male,65,CLG0083,78,5.42,4.98,8,Yes,9,5,1,No
2338,30,92,Low,Medium,Yes,7,52,Medium,Yes,3,High,Medium,Private,Positive,4,No,College,Near,Male,73,CLG0059,110,9.83,9.84,6,Yes,7,5,4,No
2339,27,94,High,High,Yes,7,70,Low,Yes,1,Medium,High,Public,Neutral,2,No,High School,Moderate,Female,73,CLG0036,107,5.2,4.74,5,No,7,3,0,No
2340,18,97,High,High,Yes,6,76,Medium,Yes,0,Medium,High,Public,Neutral,5,No,High School,Moderate,Male,72,CLG0054,113,9.26,8.8,3,No,3,5,0,No
2341,13,69,Medium,Low,Yes,9,96,Low,Yes,0,High,Medium,Private,Neutral,4,No,High School,Far,Female,61,CLG0099,120,5.66,5.88,8,Yes,4,7,1,No
2342,27,77,Low,High,No,7,86,High,Yes,1,High,High,Public,Negative,3,No,College,Near,Male,70,CLG0047,110,9.37,9.16,10,No,2,8,1,No
2343,23,76,Low,High,Yes,7,93,Medium,Yes,2,Low,Medium,Public,Negative,2,No,College,Near,Male,68,CLG0037,105,9.48,9.3,5,No,8,8,5,Yes
2344,20,97,Medium,Medium,Yes,7,76,Low,Yes,2,Low,Low,Private,Positive,3,No,Postgraduate,Near,Male,71,CLG0045,119,8.5,8.56,2,Yes,5,2,4,Yes
2345,17,71,Medium,Medium,No,8,80,Low,Yes,2,High,Low,Public,Neutral,3,No,High School,Near,Female,64,CLG0061,102,8.08,7.72,3,No,8,10,3,No
2346,33,74,Medium,Low,No,8,64,Medium,Yes,0,Medium,Medium,Public,Negative,3,Yes,High School,Near,Male,66,CLG0058,95,7.45,7.22,7,Yes,9,7,0,No
2347,24,63,Medium,Medium,No,8,60,Medium,Yes,3,High,Medium,Public,Neutral,3,No,High School,Near,Male,65,CLG0069,84,8.5,8.31,4,No,4,9,3,Yes
2348,17,75,Low,High,Yes,8,53,Medium,Yes,1,Low,High,Public,Positive,3,No,College,Near,Female,65,CLG0096,104,5.12,5.17,10,No,9,7,1,No
2349,23,69,High,Low,Yes,8,86,High,Yes,0,Medium,High,Public,Neutral,4,No,College,Far,Male,66,CLG0073,157,8.33,8.53,4,No,8,3,0,No
2350,21,71,Medium,Medium,Yes,6,79,Medium,Yes,1,Low,Medium,Private,Neutral,4,No,Postgraduate,Far,Male,65,CLG0074,83,8.06,7.6,4,No,6,8,0,No
2351,17,84,High,High,No,9,70,Medium,Yes,1,High,Medium,Public,Negative,4,No,High School,Near,Male,68,CLG0059,123,5.1,5.28,7,No,10,8,2,Yes
2352,30,86,Medium,High,No,4,85,High,Yes,2,Medium,Medium,Private,Neutral,5,Yes,Postgraduate,Far,Male,72,CLG0021,97,7.73,7.34,8,No,8,3,4,No
2353,5,88,Medium,Medium,No,7,59,Medium,Yes,3,Low,Medium,Public,Negative,3,No,College,Near,Female,63,CLG0093,126,7.76,7.31,4,No,0,8,4,Yes
2354,16,91,Medium,Medium,Yes,6,91,Medium,Yes,1,Medium,Medium,Public,Neutral,2,No,High School,Moderate,Female,68,CLG0038,119,6.93,6.56,5,No,9,3,0,No
2355,16,98,High,Medium,No,6,88,Medium,Yes,1,Low,Medium,Public,Neutral,3,No,Postgraduate,Moderate,Female,70,CLG0055,105,9.63,9.27,7,Yes,0,8,5,Yes
2356,15,69,Low,Medium,Yes,9,62,Low,Yes,2,Medium,High,Public,Neutral,3,No,High School,Moderate,Male,62,CLG0074,99,8.17,8.4,1,No,1,3,1,No
2357,24,73,Medium,Medium,Yes,5,50,Low,Yes,1,Low,Medium,Public,Negative,2,No,High School,Near,Male,63,CLG0017,95,8.45,8.04,5,Yes,9,1,4,No
2358,24,88,Medium,Low,Yes,7,71,Low,No,1,Low,High,Public,Neutral,3,No,College,Moderate,Male,67,CLG0028,108,7.84,7.78,7,No,5,8,2,No
2359,16,95,Medium,Low,Yes,6,88,Low,Yes,2,High,High,Public,Positive,4,No,High School,Near,Female,70,CLG0013,95,8.05,7.76,8,Yes,1,6,4,No
2360,19,91,High,Low,No,6,59,Medium,Yes,5,Medium,High,Public,Neutral,4,No,College,Moderate,Male,70,CLG0099,71,6.69,6.96,8,No,8,6,5,No
2361,22,88,High,High,Yes,10,78,Medium,Yes,0,Medium,High,Private,Positive,2,No,High School,Moderate,Male,71,CLG0031,86,7.06,7.51,9,No,7,3,4,No
2362,17,83,Medium,High,No,8,51,Low,Yes,0,Low,Medium,Public,Negative,4,No,High School,Moderate,Male,64,CLG0071,100,7.76,7.47,7,Yes,2,1,4,No
2363,25,60,Medium,High,Yes,8,67,Medium,Yes,1,Medium,High,Public,Neutral,2,No,College,Near,Female,66,CLG0047,94,6.32,6.17,7,No,9,5,4,No
2364,20,95,High,Low,Yes,7,62,Low,Yes,1,Low,Low,Private,Positive,3,No,College,Near,Male,69,CLG0097,99,6.21,6.13,10,Yes,10,6,1,No
2365,19,67,Medium,Medium,No,5,82,High,Yes,1,Low,Low,Private,Negative,3,No,High School,Near,Male,63,CLG0020,104,8.45,8.13,6,No,0,7,2,No
2366,15,91,Medium,High,Yes,4,72,Low,Yes,1,High,High,Private,Neutral,2,No,High School,Near,Male,69,CLG0026,90,5.8,5.86,8,Yes,1,8,2,No
2367,6,88,High,High,Yes,7,73,Medium,Yes,3,Low,Medium,Private,Neutral,3,No,College,Near,Male,67,CLG0009,97,9.29,9.33,7,Yes,4,5,0,No
2368,14,79,Medium,Medium,No,9,74,Medium,Yes,1,Medium,Medium,Public,Neutral,4,No,High School,Near,Male,64,CLG0073,96,6.6,6.32,7,Yes,10,5,1,No
2369,14,85,Medium,Medium,Yes,8,54,Low,Yes,1,High,Medium,Private,Negative,4,No,Postgraduate,Moderate,Male,65,CLG0022,109,6.98,7.16,1,Yes,4,4,1,No
2370,18,83,Medium,High,Yes,6,64,Low,No,1,Medium,High,Private,Negative,3,No,High School,Near,Female,66,CLG0030,120,6.01,5.93,3,No,6,9,0,No
2371,8,68,High,Medium,Yes,7,96,Medium,Yes,2,Low,High,Public,Positive,3,No,Postgraduate,Near,Female,65,CLG0094,92,5.9,5.68,10,Yes,6,9,4,No
2372,17,67,Medium,High,Yes,5,54,Medium,Yes,0,Low,Medium,Public,Negative,2,No,High School,Moderate,Male,61,CLG0027,108,6.54,6.77,10,No,8,7,2,No
2373,22,76,Medium,Medium,Yes,8,92,Medium,Yes,1,Low,High,Public,Neutral,4,No,High School,Near,Female,68,CLG0086,87,5.41,5.71,2,No,1,5,4,No
2374,23,87,Medium,Low,No,7,79,Medium,Yes,2,Medium,Medium,Public,Neutral,2,No,High School,Far,Male,67,CLG0058,92,5.59,6.02,3,Yes,9,3,4,No
2375,23,96,Medium,Low,No,9,99,Medium,Yes,0,High,Medium,Private,Neutral,2,No,College,Near,Female,71,CLG0043,116,9.68,9.68,5,Yes,8,1,5,Yes
2376,23,61,Medium,High,Yes,8,85,Medium,Yes,1,Medium,High,Private,Positive,0,No,High School,Near,Male,66,CLG0013,104,7.07,6.77,7,Yes,7,2,1,No
2377,7,86,High,Medium,No,7,68,Medium,Yes,5,Low,Medium,Public,Positive,4,No,Postgraduate,Moderate,Male,67,CLG0076,85,5.05,5.46,2,No,9,4,5,No
2378,26,94,Low,Medium,No,8,56,Low,Yes,1,High,Medium,Public,Negative,2,No,College,Near,Female,69,CLG0041,119,7.23,7.5,10,No,10,2,2,No
2379,13,84,High,Medium,No,7,98,Medium,No,0,Low,Low,Public,Neutral,4,Yes,High School,Near,Male,64,CLG0028,139,5.45,5.47,4,Yes,1,5,1,No
2380,16,68,Medium,High,Yes,8,71,Medium,Yes,1,High,High,Private,Neutral,3,No,High School,Moderate,Male,65,CLG0049,100,7.96,7.56,4,Yes,3,7,0,No
2381,24,93,Medium,High,No,4,56,Low,Yes,4,Low,High,Public,Negative,2,No,Postgraduate,Moderate,Female,71,CLG0094,99,5.04,5.42,2,Yes,4,8,1,No
2382,11,99,High,Medium,Yes,7,89,High,Yes,3,Low,Medium,Public,Positive,3,No,College,Near,Male,72,CLG0084,118,9.14,9.14,9,No,7,2,4,Yes
2383,23,76,Low,Medium,No,7,86,Low,No,1,Low,Medium,Private,Positive,4,No,College,Far,Male,64,CLG0056,84,5.49,5.57,7,No,8,3,4,No
2384,14,66,Medium,Medium,Yes,10,63,Low,Yes,0,Low,Medium,Public,Positive,3,No,High School,Moderate,Male,60,CLG0047,97,9.59,9.13,3,Yes,6,10,4,Yes
2385,27,62,High,Medium,No,6,53,Low,Yes,1,Medium,Medium,Public,Positive,2,No,High School,Moderate,Male,64,CLG0029,131,7.9,8.03,10,Yes,8,2,1,No
2386,25,69,Low,High,Yes,7,78,Medium,Yes,0,Low,High,Public,Negative,3,No,High School,Far,Female,64,CLG0030,82,8.23,8.57,10,Yes,5,9,5,Yes
2387,14,68,Medium,High,No,6,71,Low,Yes,1,Medium,Medium,Public,Positive,3,No,College,Moderate,Male,63,CLG0038,114,9.28,9.34,9,Yes,1,4,3,Yes
2388,21,60,Medium,Medium,Yes,6,71,Low,Yes,0,Medium,Low,Public,Negative,4,Yes,High School,Far,Male,59,CLG0066,72,7.69,7.76,9,No,10,5,1,No
2389,17,96,Medium,Medium,No,8,77,Medium,Yes,1,Medium,Medium,Public,Neutral,3,No,Postgraduate,Near,Female,70,CLG0032,105,6.41,6.63,3,Yes,0,4,4,No
2390,15,98,Low,High,Yes,8,69,Low,Yes,2,Low,Medium,Public,Neutral,4,No,High School,Moderate,Female,68,CLG0059,71,5.79,5.63,9,No,0,4,4,No
2391,23,74,Medium,High,Yes,8,88,Low,Yes,0,Medium,High,Public,Negative,3,Yes,High School,Near,Male,66,CLG0086,120,7.49,7.31,3,Yes,6,3,0,No
2392,35,83,Medium,Low,No,6,53,Medium,Yes,1,Low,Medium,Private,Neutral,2,No,High School,Near,Female,69,CLG0001,116,6.71,7.06,6,No,0,10,0,No
2393,28,64,Medium,Medium,Yes,9,56,Medium,Yes,1,Low,Low,Public,Negative,2,No,College,Near,Male,64,CLG0054,66,8.26,8.48,5,Yes,6,9,1,No
2394,20,82,Low,Low,Yes,8,60,Medium,Yes,3,Medium,High,Public,Positive,4,No,High School,Moderate,Male,66,CLG0065,121,7.19,7.33,4,No,2,4,3,No
2395,19,83,Medium,Medium,Yes,7,70,Medium,Yes,2,Low,Medium,Public,Negative,4,Yes,Postgraduate,Near,Female,67,CLG0040,123,5.11,5.29,5,Yes,0,6,4,No
2396,16,69,High,Medium,Yes,10,82,Medium,Yes,0,Low,High,Public,Negative,1,Yes,High School,Moderate,Male,62,CLG0059,89,7.43,7.05,1,No,3,7,5,No
2397,13,100,High,Medium,No,6,76,Medium,No,0,Low,Low,Public,Positive,5,No,Postgraduate,Near,Male,69,CLG0052,74,7.87,7.68,9,Yes,4,4,5,No
2398,25,89,Medium,High,No,5,51,Low,Yes,2,Medium,High,Private,Negative,2,No,Postgraduate,Moderate,Female,70,CLG0019,105,6.86,6.69,7,No,10,2,5,No
2399,28,71,Medium,High,No,8,66,Medium,Yes,2,Low,Medium,Private,Positive,3,No,College,Near,Male,69,CLG0026,107,7.97,7.88,7,Yes,10,9,1,No
2400,6,95,High,Medium,Yes,7,96,Medium,Yes,4,Low,Medium,Public,Neutral,2,No,High School,Moderate,Female,68,CLG0049,127,5.02,5.47,10,Yes,5,8,4,Yes
2401,31,62,High,Medium,No,8,83,Medium,Yes,0,Medium,High,Private,Neutral,2,Yes,College,Near,Female,67,CLG0091,97,8.45,8.56,1,No,1,6,2,No
2402,21,100,Medium,Medium,No,6,67,Medium,Yes,0,High,Medium,Public,Positive,3,No,High School,Far,Male,70,CLG0046,86,8.54,8.52,3,No,10,10,0,No
2403,14,68,High,Low,Yes,5,87,High,Yes,2,Medium,Medium,Public,Positive,3,No,High School,Far,Male,64,CLG0078,86,6.92,6.85,6,No,3,4,2,No
2404,24,93,High,Low,Yes,8,90,High,Yes,0,High,Medium,Private,Negative,2,No,College,Near,Male,72,CLG0061,88,9.1,9.09,5,No,1,8,3,Yes
2405,19,69,Medium,Medium,Yes,9,94,Medium,Yes,1,Low,High,Public,Positive,3,No,High School,Moderate,Male,65,CLG0061,91,8.08,8.41,8,Yes,5,8,3,Yes
2406,18,96,Medium,Low,Yes,8,57,Medium,Yes,1,Medium,Medium,Public,Negative,2,No,High School,Near,Female,67,CLG0088,111,9.65,10.1,8,Yes,4,9,5,Yes
2407,20,61,Low,Low,Yes,6,63,Medium,Yes,1,Medium,High,Public,Positive,4,No,College,Far,Male,61,CLG0070,117,6.67,6.97,6,No,1,6,4,No
2408,24,66,Medium,Low,No,9,82,Low,Yes,1,Medium,Medium,Public,Neutral,2,Yes,High School,Near,Female,62,CLG0092,138,5.24,4.86,1,No,9,4,3,No
2409,27,63,Low,Medium,Yes,8,87,Medium,Yes,3,Low,High,Private,Positive,3,No,High School,Near,Female,67,CLG0003,90,8.19,8.5,2,Yes,7,10,0,No
2410,10,85,Medium,Medium,Yes,6,81,Medium,Yes,3,Low,Medium,Public,Neutral,3,No,High School,Near,Female,66,CLG0019,119,8.85,9.26,1,Yes,3,1,1,No
2411,23,67,Medium,Medium,Yes,6,63,High,Yes,3,Low,High,Private,Neutral,3,No,High School,Near,Male,66,CLG0054,85,7.09,7.2,2,Yes,5,7,5,No
2412,30,98,High,High,Yes,8,83,High,No,1,Low,High,Public,Neutral,3,No,High School,Near,Female,76,CLG0081,102,8.72,9.21,10,Yes,8,2,3,No
2413,24,71,Medium,High,Yes,7,55,Low,Yes,2,High,Medium,Public,Positive,3,No,College,Far,Male,67,CLG0090,74,9.98,9.7,1,Yes,7,9,4,Yes
2414,21,84,High,Low,Yes,8,87,Low,Yes,2,High,Medium,Public,Positive,1,No,Postgraduate,Far,Female,69,CLG0081,98,5.35,5.56,7,Yes,3,2,5,No
2415,26,76,Low,Low,Yes,8,88,Low,Yes,2,Low,Low,Public,Positive,4,No,High School,Near,Male,66,CLG0067,79,8.2,8.34,6,Yes,6,1,1,No
2416,24,95,Medium,Low,Yes,6,73,Medium,No,3,Low,Medium,Public,Positive,2,No,High School,Moderate,Male,69,CLG0079,114,6.73,7.19,9,No,6,6,2,No
2417,14,71,Medium,Medium,Yes,8,85,Low,Yes,2,Medium,High,Public,Neutral,4,No,High School,Near,Male,64,CLG0069,99,8.2,8.59,6,No,1,2,5,No
2418,16,61,Medium,Low,No,4,86,Medium,Yes,3,Medium,High,Public,Positive,4,No,High School,Near,Female,63,CLG0006,78,9.8,10.26,4,No,7,4,2,No
2419,20,77,Low,High,Yes,7,58,High,Yes,0,High,Medium,Public,Neutral,3,No,High School,Near,Male,66,CLG0014,138,9.4,9.16,6,No,6,4,0,No
2420,9,97,High,Medium,No,6,68,Low,Yes,5,Medium,Medium,Private,Neutral,3,No,College,Near,Male,69,CLG0035,107,5.1,5.21,2,No,5,1,2,No
2421,30,80,Low,High,No,6,67,Medium,Yes,3,Medium,Medium,Public,Negative,4,No,College,Moderate,Female,69,CLG0081,107,6.13,5.78,3,No,0,5,3,No
2422,25,84,Medium,Low,Yes,6,84,Low,Yes,2,Medium,High,Public,Positive,3,No,High School,Near,Male,70,CLG0035,125,7.24,7.29,10,Yes,6,6,3,No
2423,24,67,Low,Medium,Yes,10,53,Medium,Yes,0,Medium,Medium,Public,Positive,3,Yes,College,Near,Female,63,CLG0039,94,8.82,9.11,10,No,4,1,1,No
2424,24,76,Low,High,No,9,75,Low,Yes,0,Low,Medium,Private,Positive,5,No,High School,Near,Male,66,CLG0039,72,8.95,8.54,6,No,3,7,2,No
2425,23,84,Medium,Low,Yes,7,80,Medium,Yes,1,Medium,High,Private,Positive,3,No,College,Moderate,Female,69,CLG0005,89,5.53,5.47,3,No,2,2,4,No
2426,20,82,High,Medium,Yes,5,80,Medium,Yes,3,Low,Medium,Public,Neutral,1,Yes,College,Near,Female,68,CLG0042,93,6.96,6.72,3,No,5,7,5,No
2427,13,82,Medium,High,No,8,56,Low,Yes,2,Low,High,Private,Neutral,3,No,Postgraduate,Near,Male,66,CLG0038,108,7.97,8.45,1,Yes,8,6,3,No
2428,25,72,Medium,Medium,Yes,4,92,High,Yes,1,Low,Medium,Private,Negative,2,Yes,High School,Near,Male,66,CLG0008,110,6.36,6.01,7,No,2,5,3,No
2429,13,75,Low,High,Yes,6,100,High,Yes,1,Medium,Medium,Public,Positive,3,No,Postgraduate,Near,Male,67,CLG0046,87,5.41,5.36,5,No,1,4,5,No
2430,20,80,High,Low,Yes,6,53,Medium,Yes,0,Low,Medium,Public,Neutral,2,No,College,Moderate,Male,65,CLG0051,111,7.12,6.65,8,Yes,4,2,5,No
2431,9,86,High,Medium,No,8,65,High,Yes,0,Medium,Medium,Public,Positive,3,No,College,Near,Female,66,CLG0005,123,9.05,9.42,10,Yes,10,9,3,Yes
2432,12,92,High,Low,Yes,7,89,Medium,Yes,1,Medium,High,Private,Neutral,2,No,Postgraduate,Moderate,Male,68,CLG0074,92,7.67,7.47,4,No,5,8,5,No
2433,20,98,Low,High,Yes,8,67,Medium,Yes,0,High,Medium,Public,Positive,3,No,High School,Near,Female,71,CLG0095,121,7.21,7.36,4,No,6,10,2,Yes
2434,18,93,Low,High,Yes,6,80,Medium,Yes,1,Medium,Medium,Private,Negative,3,No,High School,Near,Male,69,CLG0066,74,8.26,7.95,3,No,10,4,1,No
2435,20,71,Low,High,Yes,7,62,High,Yes,2,Medium,Medium,Public,Negative,5,No,College,Near,Male,66,CLG0012,125,5.46,5.96,9,No,8,7,2,No
2436,16,61,High,High,No,8,64,Medium,Yes,1,Low,High,Public,Positive,3,No,High School,Far,Male,62,CLG0016,111,7.55,8.0,3,No,6,4,0,No
2437,24,100,High,High,Yes,6,86,Low,Yes,2,Medium,Medium,Private,Positive,5,No,High School,Near,Male,75,CLG0085,98,9.27,9.74,5,No,8,5,3,No
2438,22,98,Medium,Low,No,10,73,Medium,Yes,1,Low,Low,Public,Negative,4,Yes,College,Near,Female,68,CLG0096,79,6.36,6.8,2,Yes,4,5,1,No
2439,15,95,Medium,Medium,No,7,93,Medium,Yes,2,Low,Medium,Public,Positive,4,No,College,Moderate,Male,70,CLG0059,97,8.86,9.07,5,Yes,0,4,2,No
2440,19,67,Medium,High,No,5,77,Medium,Yes,1,Medium,High,Private,Negative,4,No,Postgraduate,Near,Male,66,CLG0009,124,9.95,9.59,5,Yes,7,4,4,Yes
2441,25,77,Medium,Medium,No,10,90,Medium,Yes,1,Low,Medium,Public,Neutral,3,No,High School,Near,Male,68,CLG0050,91,8.81,8.44,8,No,0,7,0,No
2442,19,88,Medium,Low,No,7,59,Medium,Yes,2,Low,Medium,Public,Neutral,3,No,College,Near,Female,66,CLG0027,112,7.61,7.34,5,Yes,2,9,3,Yes
2443,30,91,High,Low,Yes,6,69,Medium,Yes,2,Medium,High,Public,Negative,4,No,High School,Moderate,Female,72,CLG0075,119,5.69,5.59,3,Yes,9,6,4,No
2444,18,73,Medium,Low,Yes,5,88,Medium,Yes,1,Medium,Medium,Public,Positive,5,No,College,Near,Female,66,CLG0089,85,5.78,5.6,4,No,8,4,3,No
2445,28,66,High,Medium,Yes,9,73,Medium,Yes,2,Low,Medium,Public,Positive,2,No,College,Near,Male,68,CLG0008,105,8.22,8.39,5,No,5,6,1,No
2446,20,71,High,High,Yes,6,80,Medium,Yes,2,High,Low,Public,Positive,3,No,High School,Near,Male,68,CLG0065,114,8.74,8.46,10,No,3,5,1,No
2447,18,85,Medium,Medium,Yes,6,57,Low,Yes,2,Medium,High,Public,Neutral,2,No,Postgraduate,Moderate,Male,67,CLG0066,101,8.05,7.61,2,No,10,10,0,No
2448,10,69,Low,Medium,No,8,97,Medium,Yes,1,Medium,Medium,Private,Negative,3,No,High School,Near,Female,61,CLG0055,96,7.4,7.06,1,No,4,2,1,No
2449,21,70,Medium,Low,Yes,7,90,Medium,No,1,Low,Medium,Public,Neutral,4,No,High School,Moderate,Male,63,CLG0069,118,8.51,8.11,7,No,2,2,5,Yes
2450,15,73,Medium,High,No,7,63,Medium,Yes,2,Medium,Medium,Public,Neutral,5,No,Postgraduate,Moderate,Male,65,CLG0060,107,9.01,9.29,10,Yes,1,5,3,No
2451,13,83,Low,Medium,Yes,7,81,Medium,Yes,4,Low,Medium,Public,Negative,5,No,College,Near,Female,66,CLG0011,84,7.29,7.76,3,Yes,6,10,5,No
2452,14,98,Medium,Medium,Yes,8,91,Low,Yes,0,Low,Medium,Public,Negative,4,No,High School,Moderate,Male,67,CLG0034,122,5.86,6.34,5,No,1,3,5,No
2453,28,80,Medium,High,Yes,8,61,Low,Yes,1,Low,Medium,Private,Negative,3,No,College,Far,Female,68,CLG0012,118,7.18,6.78,9,Yes,6,2,4,No
2454,32,76,Medium,Medium,No,7,63,Medium,Yes,0,Medium,Low,Public,Positive,3,No,High School,Near,Female,68,CLG0050,99,5.82,6.05,4,No,10,7,1,No
2455,24,76,Medium,Medium,Yes,7,82,Medium,Yes,2,Medium,Medium,Public,Positive,4,No,College,Far,Male,68,CLG0100,127,6.2,6.13,8,No,9,1,3,No
2456,18,91,High,High,Yes,7,71,High,Yes,0,Medium,Medium,Public,Neutral,3,No,High School,Near,Male,70,CLG0063,95,7.04,7.49,6,No,6,9,5,No
2457,26,76,Medium,Medium,No,5,64,Low,Yes,0,Medium,Medium,Public,Positive,5,No,College,Far,Female,66,CLG0021,62,8.53,8.22,10,No,4,1,4,No
2458,22,69,Low,High,Yes,8,51,Medium,Yes,1,Low,High,Public,Positive,3,No,High School,Near,Female,65,CLG0049,97,9.04,9.39,3,No,4,2,5,No
2459,23,96,Medium,Medium,No,7,81,Medium,Yes,1,Low,Medium,Private,Positive,2,No,Postgraduate,Moderate,Male,71,CLG0074,73,8.45,8.48,9,Yes,9,1,1,No
2460,17,74,Medium,Low,Yes,8,98,Low,Yes,1,High,High,Public,Neutral,3,No,High School,Near,Female,65,CLG0081,120,5.86,5.58,2,No,0,7,4,No
2461,17,64,High,Low,Yes,10,63,Medium,Yes,0,High,Medium,Public,Positive,3,No,High School,Moderate,Female,62,CLG0080,84,7.32,7.33,9,No,10,10,3,No
2462,24,71,Medium,Medium,Yes,5,74,Medium,Yes,1,Medium,Medium,Private,Positive,3,No,High School,Near,Male,67,CLG0020,120,6.04,6.23,3,No,3,8,1,No
2463,12,83,High,Low,Yes,5,64,Medium,Yes,1,High,Medium,Private,Negative,2,No,Postgraduate,Near,Female,65,CLG0048,103,9.22,8.72,4,Yes,3,10,0,No
2464,13,78,Medium,Low,Yes,5,54,Low,Yes,2,Low,High,Public,Positive,3,Yes,College,Near,Male,62,CLG0033,99,9.77,9.55,10,No,10,2,2,No
2465,22,96,Low,High,Yes,10,84,Low,Yes,1,High,High,Public,Negative,3,No,High School,Near,Male,71,CLG0024,118,7.92,7.83,2,No,2,10,2,Yes
2466,26,65,Medium,Medium,Yes,10,84,Medium,Yes,1,Low,High,Public,Positive,4,No,Postgraduate,Near,Male,68,CLG0098,112,8.34,7.9,8,No,7,3,5,No
2467,19,99,High,Medium,No,7,52,Medium,Yes,1,Medium,Medium,Public,Neutral,4,No,High School,Near,Male,70,CLG0031,118,9.32,9.81,2,Yes,2,6,3,Yes
2468,19,89,High,Medium,Yes,7,95,Medium,Yes,0,Medium,Medium,Public,Positive,3,No,High School,Near,Male,70,CLG0048,108,7.97,8.31,1,Yes,6,8,4,Yes
2469,12,79,Medium,Medium,No,8,73,Medium,Yes,2,Medium,Medium,Private,Neutral,4,No,High School,Near,Male,65,CLG0018,84,6.46,6.96,8,Yes,3,1,4,No
2470,18,68,Medium,High,Yes,8,83,Low,Yes,1,Low,Medium,Public,Positive,2,No,College,Near,Male,65,CLG0015,85,6.81,7.24,1,No,5,10,3,No
2471,14,91,High,Medium,Yes,7,60,Medium,Yes,0,High,Medium,Public,Neutral,2,No,High School,Near,Male,67,CLG0094,126,5.74,5.49,2,No,2,1,3,No
2472,28,85,Medium,Medium,Yes,6,64,Low,Yes,1,Low,Medium,Public,Neutral,1,No,High School,Moderate,Male,68,CLG0081,114,6.28,5.84,4,Yes,9,2,1,No
2473,20,99,High,Low,Yes,9,76,High,Yes,2,Low,Medium,Public,Neutral,5,No,College,Far,Male,71,CLG0033,96,7.41,7.24,5,No,0,10,2,No
2474,15,98,Medium,Medium,Yes,9,98,High,Yes,0,Medium,Medium,Private,Positive,3,No,High School,Near,Female,71,CLG0015,77,9.77,9.53,3,No,2,5,0,No
2475,24,83,High,Low,No,8,59,Medium,Yes,1,Low,Medium,Public,Positive,3,No,High School,Near,Male,68,CLG0088,99,7.98,7.97,6,Yes,7,1,0,No
2476,22,82,High,Low,No,9,66,Medium,Yes,1,Low,High,Private,Negative,3,No,High School,Moderate,Male,66,CLG0027,110,9.56,9.8,4,No,1,3,0,No
2477,29,61,Medium,High,No,9,61,Medium,Yes,0,Low,Medium,Private,Negative,3,No,High School,Near,Male,64,CLG0023,103,8.57,9.03,7,Yes,5,3,1,No
2478,11,97,Medium,Medium,No,8,76,High,Yes,2,Medium,High,Public,Positive,2,No,High School,Moderate,Female,69,CLG0047,109,9.32,9.17,3,Yes,6,5,3,No
2479,15,67,Medium,Low,Yes,9,94,Medium,Yes,0,Medium,Medium,Public,Positive,4,No,Postgraduate,Near,Male,64,CLG0093,109,6.87,6.6,9,Yes,1,5,0,No
2480,12,69,High,Low,No,7,70,Medium,Yes,1,Medium,Medium,Private,Positive,4,No,High School,Near,Male,62,CLG0036,81,9.01,9.19,6,No,9,1,1,No
2481,30,75,Medium,Medium,No,8,73,High,Yes,1,Medium,Medium,Public,Negative,3,No,College,Near,Male,69,CLG0010,130,8.68,8.48,2,No,3,5,1,No
2482,24,66,High,Medium,Yes,7,71,Low,Yes,1,Low,High,Public,Neutral,3,No,High School,Near,Male,66,CLG0026,106,6.57,6.99,9,No,0,6,4,No
2483,16,95,Low,Low,No,10,86,Medium,Yes,4,High,Medium,Public,Positive,2,No,College,Near,Female,70,CLG0093,104,9.37,8.92,6,Yes,10,8,5,Yes
2484,25,97,Medium,High,Yes,5,82,High,Yes,1,Low,High,Public,Negative,5,No,College,Moderate,Male,73,CLG0019,97,8.95,8.64,4,Yes,1,2,3,No
2485,20,95,Low,Medium,No,4,89,Medium,Yes,3,Low,Medium,Public,Negative,3,Yes,High School,Near,Male,68,CLG0007,110,5.7,5.58,4,Yes,9,4,4,No
2486,13,63,High,Medium,No,6,55,High,Yes,0,Medium,Low,Public,Positive,4,No,Postgraduate,Near,Male,62,CLG0015,121,8.89,8.51,2,No,9,6,4,Yes
2487,15,90,High,Medium,Yes,8,97,Medium,Yes,1,Low,High,Private,Negative,3,No,College,Near,Female,69,CLG0089,111,7.4,7.59,2,No,5,8,4,Yes
2488,11,75,Low,High,No,8,64,Medium,Yes,3,Low,Medium,Public,Neutral,3,Yes,College,Moderate,Female,62,CLG0081,81,5.96,5.95,4,Yes,1,1,4,No
2489,26,88,Medium,High,No,6,74,Medium,Yes,0,Low,Medium,Public,Negative,2,No,High School,Moderate,Female,68,CLG0064,95,5.86,5.54,7,Yes,1,7,0,No
2490,16,84,Medium,Medium,No,7,65,Low,Yes,1,High,High,Public,Negative,3,No,High School,Moderate,Male,65,CLG0027,92,8.27,7.99,1,No,2,8,4,No
2491,19,76,Low,High,Yes,10,70,Low,Yes,1,Low,Medium,Public,Negative,3,No,College,Far,Female,63,CLG0022,96,6.62,6.27,3,No,10,10,3,No
2492,24,62,High,Medium,Yes,5,90,Low,Yes,0,High,Medium,Private,Positive,3,No,College,Near,Male,67,CLG0047,96,9.62,9.78,8,Yes,0,10,3,Yes
2493,23,72,Medium,High,Yes,10,99,Medium,Yes,2,Medium,High,Private,Neutral,4,No,Postgraduate,Near,Female,71,CLG0079,124,7.65,7.73,3,No,8,9,4,Yes
2494,26,83,High,Low,No,6,52,Medium,Yes,0,Low,High,Public,Negative,3,No,High School,Near,Male,67,CLG0014,113,5.46,5.8,9,Yes,0,4,0,No
2495,14,94,High,High,Yes,8,83,Medium,Yes,4,Medium,Low,Public,Negative,5,Yes,Postgraduate,Near,Female,71,CLG0080,110,5.13,5.26,6,Yes,10,6,5,No
2496,19,62,Medium,Medium,No,5,90,Low,Yes,2,Low,High,Public,Positive,3,No,College,Moderate,Male,64,CLG0068,89,8.22,7.93,4,No,3,8,5,No
2497,21,78,Medium,Low,Yes,6,91,Medium,Yes,0,Medium,Low,Private,Neutral,1,Yes,High School,Near,Male,64,CLG0084,105,7.05,7.27,2,No,7,7,3,No
2498,21,90,Low,Medium,Yes,10,95,High,Yes,2,High,High,Private,Neutral,4,No,College,Near,Male,72,CLG0017,130,5.02,5.05,1,No,5,9,2,Yes
2499,17,77,High,Medium,Yes,4,77,Low,Yes,0,Medium,Medium,Private,Positive,4,No,High School,Near,Female,66,CLG0023,99,8.39,8.3,6,No,1,6,3,No
2500,20,96,High,Medium,No,4,90,Medium,Yes,3,Low,Medium,Private,Neutral,2,No,College,Near,Male,72,CLG0097,123,7.91,7.51,4,No,0,9,1,No
2501,30,83,Low,Medium,Yes,4,77,Medium,Yes,0,Low,Medium,Public,Neutral,4,No,High School,Near,Female,69,CLG0037,84,8.9,9.28,5,Yes,1,5,1,No
2502,18,75,High,Medium,Yes,9,83,Medium,Yes,2,Low,Medium,Public,Positive,4,Yes,Postgraduate,Moderate,Female,67,CLG0056,109,8.59,8.76,6,Yes,10,9,2,Yes
2503,26,79,Low,High,Yes,6,90,Low,No,0,High,Medium,Private,Negative,2,Yes,College,Moderate,Male,66,CLG0009,83,9.79,9.33,6,Yes,7,9,1,No
2504,28,63,Medium,Low,No,6,88,High,Yes,4,Medium,High,Public,Neutral,4,No,High School,Far,Male,67,CLG0044,80,8.02,7.76,1,Yes,5,7,2,No
2505,17,68,Medium,Low,Yes,7,99,High,Yes,2,Medium,Medium,Public,Positive,3,No,High School,Near,Female,65,CLG0064,56,5.95,5.79,2,No,0,10,1,No
2506,20,96,Medium,Medium,No,7,78,Medium,Yes,1,High,High,Public,Neutral,2,No,High School,Near,Male,70,CLG0081,115,5.32,5.67,4,No,10,9,3,Yes
2507,24,70,High,Medium,Yes,9,65,Medium,Yes,3,Medium,Low,Private,Positive,3,No,High School,Moderate,Male,67,CLG0094,94,9.49,9.0,1,No,9,7,0,No
2508,12,68,High,Medium,Yes,6,68,Low,Yes,2,Medium,Medium,Public,Positive,4,No,College,Near,Male,64,CLG0071,131,5.1,5.49,4,No,1,2,0,No
2509,25,63,Medium,High,Yes,7,72,Medium,Yes,3,Medium,High,Private,Negative,4,No,College,Far,Male,67,CLG0095,114,7.36,7.77,2,No,6,5,0,No
2510,15,98,Medium,Medium,Yes,9,72,Medium,Yes,1,Low,High,Public,Neutral,2,No,College,Near,Female,69,CLG0050,117,5.18,5.32,7,No,0,2,5,No
2511,18,91,Medium,Low,No,6,83,Medium,Yes,2,Low,Medium,Private,Neutral,4,No,High School,Near,Male,68,CLG0065,120,9.15,8.92,5,Yes,1,9,2,Yes
2512,19,99,High,High,Yes,8,53,Medium,Yes,1,Medium,Medium,Private,Neutral,4,No,College,Near,Male,72,CLG0090,83,7.51,7.35,7,Yes,7,5,0,No
2513,3,96,High,High,Yes,10,62,Medium,Yes,3,Low,Medium,Private,Neutral,4,No,High School,Far,Male,66,CLG0003,84,8.02,8.14,4,No,1,10,2,Yes
2514,21,99,High,Medium,Yes,7,91,Medium,No,3,Medium,Medium,Public,Positive,4,No,College,Near,Male,74,CLG0026,115,7.7,8.05,10,Yes,6,10,0,Yes
2515,20,63,Low,Low,Yes,8,73,Low,Yes,0,High,Medium,Public,Neutral,3,No,College,Near,Female,61,CLG0058,86,9.59,9.21,8,No,5,9,5,Yes
2516,31,93,High,Medium,No,6,80,Medium,Yes,3,Medium,Medium,Public,Neutral,2,No,High School,Near,Male,74,CLG0058,112,8.31,7.96,1,No,3,10,5,Yes
2517,25,86,High,Medium,No,6,65,Medium,Yes,2,Medium,High,Public,Positive,5,No,High School,Moderate,Male,71,CLG0020,83,5.51,5.46,10,Yes,9,9,5,No
2518,16,86,Medium,Medium,No,6,98,High,Yes,1,Low,Medium,Public,Neutral,3,No,Postgraduate,Near,Male,68,CLG0038,132,5.07,4.7,9,Yes,8,3,1,No
2519,24,92,Medium,High,No,8,78,High,Yes,0,Medium,Medium,Public,Neutral,3,No,High School,Near,Male,71,CLG0077,106,5.88,6.07,3,Yes,2,10,1,No
2520,20,68,Medium,Medium,Yes,7,80,Low,Yes,0,Low,Medium,Private,Neutral,4,No,High School,Near,Female,63,CLG0013,121,8.67,9.03,8,No,10,10,5,Yes
2521,9,66,Low,Medium,No,9,100,Low,Yes,3,Medium,Medium,Public,Neutral,3,No,College,Near,Male,62,CLG0025,104,7.85,8.0,6,No,4,7,0,No
2522,10,89,Medium,Medium,Yes,6,62,Medium,Yes,4,Low,Medium,Public,Positive,3,No,Postgraduate,Moderate,Male,67,CLG0098,102,6.43,6.21,9,Yes,8,1,3,No
2523,18,94,High,High,Yes,5,81,Medium,Yes,0,High,Low,Public,Negative,5,No,High School,Near,Female,71,CLG0082,107,7.62,7.59,6,No,1,1,3,No
2524,30,71,High,Low,No,10,70,Low,Yes,3,Medium,Medium,Public,Neutral,4,Yes,High School,Near,Female,67,CLG0008,83,8.33,8.65,1,Yes,0,9,2,Yes
2525,12,77,Medium,Medium,Yes,8,57,Medium,Yes,2,Low,High,Public,Negative,2,No,College,Moderate,Male,63,CLG0094,112,9.54,9.23,1,No,2,3,5,Yes
2526,25,77,High,Medium,Yes,7,98,Low,Yes,0,High,Medium,Public,Positive,2,No,High School,Near,Male,70,CLG0039,100,8.08,8.46,4,Yes,6,5,2,No
2527,14,80,High,Medium,No,10,56,Low,Yes,1,Low,Medium,Public,Positive,3,No,Postgraduate,Moderate,Female,65,CLG0006,93,8.55,8.05,4,No,2,6,2,No
2528,5,93,Medium,Medium,Yes,7,81,Medium,No,1,Low,High,Public,Neutral,2,No,College,Near,Female,65,CLG0041,96,6.61,6.16,4,No,1,3,0,No
2529,15,93,Medium,Low,Yes,7,80,Low,Yes,0,Low,Medium,Public,Positive,3,No,High School,Near,Female,66,CLG0038,121,6.39,6.15,10,Yes,4,10,1,No
2530,13,72,Medium,High,No,8,56,Low,Yes,1,Low,High,Public,Positive,4,No,Postgraduate,Moderate,Female,64,CLG0005,106,6.98,6.97,3,No,0,9,0,No
2531,22,91,High,Medium,No,6,85,Low,Yes,2,Medium,Medium,Private,Positive,2,No,High School,Moderate,Female,71,CLG0060,76,5.38,5.75,9,Yes,0,7,4,No
2532,13,73,Medium,Medium,Yes,7,51,Medium,Yes,1,Low,Medium,Public,Positive,4,No,Postgraduate,Near,Male,63,CLG0075,119,6.56,6.63,1,No,2,4,5,No
2533,10,96,High,High,Yes,7,92,Medium,Yes,1,Low,Low,Public,Neutral,1,No,High School,Near,Female,68,CLG0075,122,8.13,8.63,1,No,4,8,2,Yes
2534,21,64,Medium,Low,No,7,73,High,Yes,2,Low,Medium,Public,Negative,2,Yes,College,Far,Female,61,CLG0090,107,6.83,7.31,5,No,5,1,2,No
2535,20,71,Low,Medium,No,5,72,Medium,Yes,4,Medium,Medium,Public,Positive,4,No,Postgraduate,Moderate,Male,66,CLG0053,100,8.22,8.38,4,Yes,4,7,1,No
2536,28,83,Medium,High,No,6,98,Medium,Yes,1,Low,High,Private,Neutral,2,No,Postgraduate,Moderate,Male,72,CLG0068,119,5.29,4.91,6,No,2,8,0,No
2537,12,75,Medium,Medium,Yes,8,75,High,Yes,1,Low,Medium,Private,Negative,2,No,College,Near,Female,63,CLG0044,110,7.81,7.58,5,Yes,2,7,3,No
2538,19,92,High,Medium,Yes,6,52,Medium,Yes,3,High,Medium,Public,Positive,1,No,High School,Near,Male,70,CLG0066,104,9.19,9.39,10,Yes,3,10,4,Yes
2539,14,88,High,High,Yes,8,77,Medium,Yes,2,Medium,Medium,Public,Positive,3,No,College,Far,Male,69,CLG0083,90,5.28,5.74,3,Yes,3,10,5,No
2540,14,90,Medium,Medium,Yes,7,51,Medium,Yes,1,Medium,Medium,Public,Positive,4,Yes,High School,Near,Female,66,CLG0087,120,5.75,6.13,6,No,3,4,1,No
2541,19,70,Medium,Medium,No,7,63,Low,No,3,Low,Low,Public,Neutral,5,No,High School,Near,Male,63,CLG0065,100,9.31,9.2,7,No,3,2,2,No
2542,30,76,Medium,Medium,Yes,6,75,Low,Yes,3,High,Medium,Public,Positive,3,No,College,Near,Female,71,CLG0004,114,5.42,4.99,3,Yes,4,9,0,No
2543,17,73,Medium,Low,No,6,58,Medium,Yes,4,Medium,Medium,Public,Positive,1,No,College,Near,Male,64,CLG0004,69,7.62,7.9,3,No,8,4,0,No
2544,14,82,Low,Medium,Yes,8,95,Medium,Yes,1,Low,Medium,Private,Neutral,3,No,Postgraduate,Moderate,Male,66,CLG0030,82,6.93,7.18,2,No,6,9,3,No
2545,16,74,Low,High,No,8,76,Medium,Yes,5,Low,Medium,Public,Negative,3,No,College,Moderate,Male,65,CLG0097,110,8.81,8.85,10,No,1,3,4,No
2546,18,68,High,Low,Yes,8,89,Medium,Yes,0,Medium,Low,Public,Negative,3,No,College,Far,Male,63,CLG0070,91,5.96,5.98,2,No,0,9,4,No
2547,21,80,High,High,Yes,7,90,High,Yes,1,Low,Low,Public,Negative,2,No,College,Far,Male,68,CLG0045,123,6.78,7.18,10,Yes,4,1,1,No
2548,14,98,High,High,Yes,7,83,Medium,No,3,Low,Medium,Public,Positive,3,No,College,Near,Male,72,CLG0017,92,7.9,7.53,1,Yes,2,3,0,No
2549,22,67,High,High,No,10,58,Medium,Yes,2,High,Low,Public,Neutral,3,No,Postgraduate,Near,Male,67,CLG0004,101,5.43,5.42,10,No,3,2,2,No
2550,14,60,Low,Low,Yes,9,67,Low,Yes,3,High,High,Public,Positive,3,No,High School,Near,Female,61,CLG0059,100,9.6,9.7,8,No,9,3,2,No
2551,28,91,Medium,High,Yes,6,69,High,Yes,1,Medium,High,Private,Neutral,4,No,High School,Far,Male,73,CLG0088,116,7.71,7.93,7,Yes,2,5,0,No
2552,19,84,High,Low,Yes,7,85,Medium,Yes,1,High,Medium,Private,Neutral,3,No,High School,Near,Male,68,CLG0084,98,9.33,9.46,4,No,0,7,0,No
2553,22,66,Medium,Low,Yes,10,95,Medium,Yes,1,Medium,Medium,Private,Negative,3,No,High School,Near,Male,64,CLG0016,85,5.6,5.26,2,No,0,8,4,No
2554,22,60,Low,Low,No,7,83,Medium,No,3,Medium,Medium,Public,Positive,1,No,College,Near,Female,62,CLG0025,107,9.99,10.04,10,Yes,5,9,4,Yes
2555,25,82,High,Medium,No,9,72,High,Yes,0,High,Medium,Public,Positive,0,No,College,Near,Female,70,CLG0090,102,5.39,5.44,3,Yes,2,10,4,No
2556,13,92,Medium,High,Yes,7,70,Low,Yes,4,Low,Medium,Public,Neutral,3,No,High School,Near,Male,68,CLG0031,117,9.7,10.09,7,No,10,2,2,Yes
2557,19,67,Medium,Low,No,10,50,Medium,Yes,0,High,Medium,Public,Positive,3,No,High School,Near,Male,62,CLG0069,82,8.94,8.66,3,No,7,8,2,Yes
2558,23,67,High,High,Yes,8,69,Low,Yes,1,High,Medium,Public,Neutral,2,No,High School,Near,Female,67,CLG0063,111,5.9,6.22,4,No,7,10,4,Yes
2559,12,89,Low,Medium,Yes,7,63,Medium,Yes,4,Low,High,Public,Neutral,2,No,College,Near,Male,67,CLG0007,88,9.41,9.63,4,No,4,10,3,Yes
2560,28,73,High,Medium,Yes,7,70,Low,No,0,Low,Medium,Private,Negative,6,No,College,Moderate,Female,66,CLG0091,57,6.06,5.97,2,No,1,7,0,No
2561,20,83,Medium,Medium,Yes,7,75,Medium,Yes,0,Medium,Medium,Public,Neutral,4,No,High School,Near,Female,67,CLG0020,101,8.53,8.54,9,Yes,7,2,2,No
2562,20,100,Low,Medium,Yes,6,61,High,No,3,Medium,Medium,Public,Positive,4,No,College,Far,Male,70,CLG0014,90,6.91,6.91,5,Yes,8,3,1,No
2563,15,68,Medium,Medium,Yes,5,67,Medium,Yes,3,Medium,High,Private,Negative,4,No,Postgraduate,Moderate,Male,64,CLG0045,116,5.38,5.58,8,Yes,8,8,3,Yes
2564,20,63,Medium,Medium,No,7,55,High,Yes,2,Low,High,Public,Negative,3,No,High School,Near,Male,63,CLG0070,80,9.03,8.93,8,Yes,8,1,1,No
2565,22,82,Low,Medium,No,5,67,Low,Yes,1,Low,High,Private,Neutral,1,Yes,Postgraduate,Near,Female,65,CLG0023,87,8.87,8.89,6,No,5,8,2,Yes
2566,14,85,Medium,Medium,No,4,75,High,Yes,2,High,Medium,Public,Negative,1,Yes,High School,Far,Female,64,CLG0019,106,8.45,8.25,4,Yes,7,1,0,No
2567,15,61,Medium,Medium,No,5,59,High,Yes,0,Low,High,Public,Neutral,4,No,High School,Near,Female,61,CLG0090,98,7.95,8.44,9,No,7,8,4,Yes
2568,17,84,Low,Low,Yes,6,71,Low,Yes,0,Medium,Medium,Private,Negative,4,Yes,High School,Near,Male,62,CLG0051,91,9.16,9.63,6,Yes,7,10,1,No
2569,19,63,Medium,Medium,Yes,6,78,Low,Yes,3,Medium,Medium,Public,Neutral,2,Yes,College,Near,Male,63,CLG0008,125,7.92,8.07,10,No,1,1,0,No
2570,21,73,Medium,Medium,Yes,9,99,Medium,Yes,2,Medium,High,Public,Neutral,3,No,Postgraduate,Near,Male,69,CLG0030,120,8.26,8.58,8,Yes,3,3,4,Yes
2571,7,96,High,Low,No,6,50,Medium,Yes,1,High,Medium,Private,Negative,3,No,College,Near,Male,65,CLG0051,114,7.7,7.56,2,No,5,9,3,Yes
2572,13,79,High,Medium,No,9,53,Medium,No,1,Medium,Medium,Private,Positive,2,No,College,Moderate,Male,63,CLG0082,100,6.77,6.35,4,No,0,1,5,No
2573,20,95,Low,Low,No,8,83,High,Yes,1,Medium,Medium,Private,Positive,3,No,High School,Near,Female,69,CLG0018,86,7.36,7.59,2,Yes,3,1,4,No
2574,12,77,Low,Medium,No,7,64,Low,Yes,2,High,High,Public,Positive,4,No,College,Moderate,Female,64,CLG0013,117,5.59,5.76,1,No,7,5,0,No
2575,13,92,High,Medium,No,9,93,High,Yes,2,High,Medium,Public,Negative,2,No,College,Moderate,Male,69,CLG0048,94,8.59,8.54,2,No,6,2,5,No
2576,17,73,Medium,Medium,Yes,6,97,High,Yes,1,Medium,High,Public,Positive,3,No,High School,Near,Male,67,CLG0030,106,7.04,7.22,2,No,4,7,4,No
2577,25,79,Medium,Low,Yes,9,54,Medium,Yes,1,Low,Medium,Private,Positive,2,No,Postgraduate,Far,Male,66,CLG0069,94,6.25,6.43,2,No,4,6,5,No
2578,10,95,High,Medium,No,7,64,High,Yes,4,Low,Medium,Private,Positive,3,No,Postgraduate,Near,Male,70,CLG0019,91,8.92,8.52,7,Yes,10,4,1,No
2579,22,61,High,Low,Yes,6,74,Medium,Yes,1,Low,Medium,Public,Negative,3,No,High School,Near,Male,63,CLG0033,130,6.02,5.7,10,No,2,10,3,Yes
2580,12,64,High,High,Yes,9,81,Medium,No,1,High,High,Public,Neutral,3,No,High School,Moderate,Male,63,CLG0073,109,7.84,7.8,3,No,8,4,3,No
2581,13,85,High,Low,Yes,6,72,Medium,Yes,2,Low,Medium,Public,Positive,1,No,College,Moderate,Female,66,CLG0078,104,6.64,7.08,1,No,7,9,2,No
2582,21,79,Low,High,Yes,7,82,Medium,Yes,1,High,Medium,Public,Negative,3,No,High School,Near,Female,67,CLG0020,100,5.11,4.74,8,Yes,7,8,2,No
2583,13,75,Medium,High,No,10,54,Medium,Yes,1,Low,Medium,Private,Negative,3,Yes,College,Near,Male,62,CLG0022,83,9.88,9.58,1,No,0,4,5,No
2584,24,97,Medium,Medium,Yes,6,68,Low,Yes,1,Medium,High,Public,Neutral,4,No,College,Near,Male,72,CLG0025,102,5.89,5.89,2,Yes,10,2,5,No
2585,23,81,High,Low,No,6,59,Medium,Yes,2,High,High,Private,Neutral,1,No,Postgraduate,Near,Female,69,CLG0063,118,6.95,6.52,4,No,1,6,0,No
2586,21,69,Medium,Medium,Yes,5,62,High,Yes,2,Low,Medium,Public,Positive,3,No,High School,Near,Male,65,CLG0082,118,5.89,6.26,10,No,3,9,0,No
2587,22,85,Medium,High,No,9,97,High,Yes,0,Medium,High,Public,Negative,3,No,College,Moderate,Male,70,CLG0008,112,6.41,5.92,1,Yes,1,6,4,No
2588,21,83,High,Medium,No,6,78,Medium,Yes,2,High,High,Public,Positive,3,Yes,High School,Near,Female,69,CLG0027,141,5.24,5.51,4,No,7,6,0,No
2589,23,76,High,Medium,No,7,82,High,Yes,0,Medium,High,Private,Neutral,1,No,College,Near,Male,68,CLG0053,80,5.29,5.55,7,No,1,10,5,No
2590,16,60,Low,Medium,Yes,8,66,Low,Yes,1,High,High,Private,Neutral,2,Yes,High School,Moderate,Female,59,CLG0094,109,7.67,7.88,7,No,4,2,0,No
2591,32,87,Medium,High,Yes,9,100,Medium,Yes,2,Medium,Low,Private,Neutral,2,No,Postgraduate,Moderate,Male,74,CLG0076,99,9.43,9.52,1,No,4,1,0,No
2592,24,89,High,Medium,Yes,7,99,Medium,Yes,2,Low,High,Private,Neutral,4,No,High School,Near,Female,73,CLG0035,89,8.9,8.63,6,No,9,2,0,No
2593,13,96,Medium,Medium,No,5,69,Medium,Yes,2,Medium,Low,Public,Positive,3,No,High School,Near,Male,68,CLG0014,77,6.66,6.42,4,No,0,4,2,No
2594,25,72,Medium,High,Yes,7,89,Medium,Yes,2,Low,High,Public,Positive,3,No,Postgraduate,Near,Female,71,CLG0009,123,9.97,9.68,9,Yes,9,8,3,Yes
2595,19,74,Medium,High,No,8,54,High,Yes,0,Medium,Medium,Public,Positive,3,No,College,Near,Male,66,CLG0100,89,7.86,7.96,4,Yes,7,6,5,No
2596,14,60,Medium,Medium,Yes,7,91,Medium,Yes,1,Low,High,Private,Negative,3,No,Postgraduate,Near,Male,63,CLG0069,109,6.76,6.38,4,No,9,7,1,No
2597,15,98,Medium,Medium,No,6,70,Low,Yes,1,Medium,High,Private,Positive,3,No,High School,Moderate,Male,68,CLG0020,100,9.42,9.24,4,Yes,1,3,2,No
2598,19,97,Medium,Low,No,6,94,Medium,Yes,2,High,Medium,Public,Neutral,4,No,Postgraduate,Near,Male,72,CLG0081,66,9.71,9.93,7,Yes,5,10,0,No
2599,21,62,High,Low,Yes,6,54,High,Yes,0,High,High,Public,Positive,3,No,Postgraduate,Far,Male,64,CLG0062,93,9.56,9.3,7,Yes,3,5,3,No
2600,25,88,Low,High,Yes,6,53,Medium,Yes,2,Medium,High,Public,Negative,4,No,College,Near,Female,70,CLG0058,103,9.98,9.83,10,No,1,5,5,No
2601,18,98,High,Low,No,7,64,Medium,Yes,0,Medium,Medium,Public,Positive,4,No,Postgraduate,Moderate,Male,70,CLG0054,138,9.07,9.5,8,Yes,3,4,4,Yes
2602,12,98,Low,High,Yes,6,87,Medium,Yes,2,Low,Medium,Private,Neutral,3,No,Postgraduate,Near,Female,70,CLG0085,109,7.88,7.79,7,No,6,4,1,No
2603,25,67,Medium,High,Yes,6,64,Medium,No,0,Low,Medium,Public,Neutral,2,No,High School,Moderate,Male,64,CLG0053,90,5.95,5.53,9,Yes,1,3,5,No
2604,25,71,High,Medium,Yes,7,96,Low,Yes,2,Low,Medium,Public,Positive,3,No,High School,Near,Female,69,CLG0099,94,8.62,8.29,6,No,8,7,3,No
2605,28,81,Medium,Medium,Yes,10,55,Medium,Yes,2,Medium,Low,Private,Neutral,3,No,High School,Near,Male,68,CLG0062,67,5.46,5.01,1,No,8,1,4,No
2606,15,89,Medium,Medium,No,6,56,Low,Yes,2,Medium,Medium,Public,Positive,4,No,College,Near,Male,67,CLG0009,97,9.13,8.78,2,No,9,7,0,No
2607,12,98,High,Medium,Yes,8,51,Medium,Yes,0,Medium,Low,Public,Positive,5,No,Postgraduate,Moderate,Male,68,CLG0089,99,8.32,8.8,3,Yes,4,5,1,No
2608,17,92,Medium,Medium,No,7,99,Medium,Yes,1,Medium,Medium,Public,Neutral,2,No,College,Far,Female,68,CLG0088,97,5.76,5.4,7,No,6,1,5,No
2609,19,100,Medium,Low,Yes,9,66,High,Yes,1,High,Medium,Public,Negative,4,Yes,Postgraduate,Moderate,Male,69,CLG0033,57,8.98,9.39,1,No,10,8,4,Yes
2610,24,81,Low,Medium,Yes,6,67,High,Yes,0,Medium,High,Public,Negative,2,No,High School,Far,Male,66,CLG0069,116,9.79,10.1,5,Yes,6,9,0,Yes
2611,27,63,High,Medium,No,5,64,Medium,No,1,High,High,Public,Positive,4,No,Postgraduate,Near,Male,67,CLG0073,117,9.21,9.29,8,No,9,7,5,Yes
2612,16,73,High,Medium,Yes,8,62,Medium,Yes,0,High,High,Private,Neutral,2,No,High School,Near,Female,65,CLG0071,105,5.98,6.25,5,No,8,4,2,No
2613,21,76,Medium,Medium,Yes,5,67,Medium,Yes,1,High,Low,Private,Positive,3,No,High School,Moderate,Male,66,CLG0043,54,9.34,9.84,2,No,5,4,4,No
2614,24,94,Low,Medium,No,9,86,High,Yes,2,Low,Medium,Public,Neutral,3,No,College,Near,Female,71,CLG0072,108,8.21,8.5,1,No,6,8,2,Yes
2615,16,93,High,Medium,Yes,7,52,Low,Yes,2,Medium,High,Public,Neutral,3,No,High School,Near,Male,69,CLG0065,98,6.39,6.05,9,No,1,8,1,No
2616,28,83,Medium,Medium,Yes,7,76,Medium,Yes,1,Medium,Medium,Public,Positive,3,No,College,Near,Male,71,CLG0054,92,7.94,7.59,6,No,5,8,2,No
2617,17,62,Medium,Medium,Yes,7,78,Medium,Yes,0,Medium,High,Public,Negative,3,No,High School,Near,Male,62,CLG0038,135,9.1,9.48,9,No,7,6,3,Yes
2618,11,91,Medium,Low,No,8,61,Medium,Yes,1,High,Medium,Private,Positive,3,No,Postgraduate,Far,Male,65,CLG0098,98,8.63,8.97,1,No,2,2,1,No
2619,30,74,Medium,Low,No,10,99,Medium,Yes,1,High,Medium,Private,Positive,2,No,High School,Moderate,Male,69,CLG0008,87,7.31,7.44,4,No,5,2,5,No
2620,17,79,High,High,Yes,8,78,Medium,Yes,2,High,Medium,Public,Positive,5,No,High School,Near,Female,70,CLG0033,105,6.82,6.42,4,No,10,9,4,No
2621,14,62,Low,Medium,No,8,87,Medium,Yes,1,Medium,Medium,Public,Positive,1,No,High School,Moderate,Male,60,CLG0059,79,8.78,8.37,3,No,8,1,5,No
2622,20,100,Medium,Medium,Yes,8,64,Medium,Yes,0,Low,Medium,Public,Neutral,2,No,High School,Moderate,Male,69,CLG0071,100,7.94,7.45,5,No,7,1,4,No
2623,15,95,Low,Low,Yes,6,88,Low,Yes,1,Low,Medium,Public,Negative,5,No,High School,Near,Male,66,CLG0088,83,8.31,8.75,4,Yes,3,3,1,No
2624,25,83,Medium,Medium,Yes,8,83,Medium,Yes,2,Low,Medium,Public,Neutral,1,Yes,High School,Moderate,Female,67,CLG0029,102,6.11,5.62,7,No,3,10,0,No
2625,16,83,Medium,Medium,No,6,72,Medium,Yes,1,Low,High,Public,Positive,2,No,College,Near,Male,66,CLG0029,116,7.06,7.0,6,Yes,0,1,4,No
2626,20,68,Medium,Low,No,9,65,Low,Yes,1,High,Medium,Public,Negative,5,No,College,Near,Male,63,CLG0067,82,7.72,7.29,9,No,8,6,3,No
2627,17,82,High,Medium,Yes,7,65,Medium,Yes,1,Medium,Medium,Public,Positive,5,No,High School,Near,Male,68,CLG0005,98,5.32,5.56,3,No,1,4,4,No
2628,8,89,High,High,No,8,62,Medium,Yes,2,Medium,Medium,Public,Positive,4,Yes,High School,Moderate,Male,66,CLG0066,89,6.79,6.72,5,Yes,6,7,3,No
2629,19,89,High,Medium,Yes,7,52,Medium,Yes,2,Medium,Medium,Public,Negative,4,No,High School,Moderate,Male,68,CLG0082,116,5.64,5.88,8,No,10,2,0,No
2630,17,65,Medium,Medium,No,7,65,Medium,Yes,0,High,Medium,Private,Neutral,4,No,High School,Moderate,Male,62,CLG0077,77,6.48,6.68,8,No,8,2,0,No
2631,27,60,Medium,High,No,8,68,High,Yes,1,Medium,Medium,Private,Negative,4,Yes,High School,Far,Female,63,CLG0039,91,9.19,9.16,4,Yes,0,9,1,No
2632,19,99,Medium,High,Yes,5,54,Low,Yes,0,Medium,Medium,Public,Neutral,2,No,Postgraduate,Near,Male,70,CLG0098,68,7.31,7.2,3,Yes,9,9,0,No
2633,20,87,Medium,High,No,10,75,Low,Yes,3,Medium,Medium,Private,Neutral,2,No,College,Near,Female,70,CLG0015,121,8.05,7.71,1,No,10,8,3,Yes
2634,19,88,High,Medium,No,5,95,Medium,Yes,2,Low,Medium,Private,Negative,4,No,College,Moderate,Male,69,CLG0016,90,5.56,5.9,6,No,3,8,1,No
2635,27,69,High,High,Yes,10,80,Medium,No,1,Medium,High,Public,Positive,4,Yes,High School,Near,Female,68,CLG0084,108,7.17,6.94,1,No,9,8,1,No
2636,19,85,High,High,No,6,84,Low,Yes,3,Medium,Medium,Private,Negative,3,No,Postgraduate,Near,Male,70,CLG0018,87,5.65,6.01,1,Yes,9,5,3,No
2637,15,73,Low,High,Yes,8,93,Medium,Yes,1,Low,High,Public,Positive,4,No,College,Far,Male,65,CLG0019,104,5.44,5.66,6,No,4,9,2,No
2638,24,85,Medium,Medium,Yes,10,83,Low,Yes,1,Medium,High,Public,Positive,4,No,College,Moderate,Female,70,CLG0012,77,8.86,8.94,3,Yes,4,10,5,Yes
2639,24,77,Medium,High,No,8,80,High,Yes,1,Low,High,Public,Positive,2,Yes,High School,Moderate,Female,68,CLG0046,110,8.99,8.85,2,No,5,10,3,Yes
2640,25,75,Medium,Medium,Yes,6,63,Low,Yes,3,High,Medium,Private,Neutral,4,No,High School,Near,Male,68,CLG0030,68,6.45,6.54,9,No,5,10,0,No
2641,20,69,High,Medium,Yes,7,76,High,Yes,1,Medium,Medium,Public,Positive,3,No,High School,Near,Female,67,CLG0034,97,8.9,9.02,4,No,9,8,0,No
2642,20,69,Medium,Medium,Yes,8,96,Medium,Yes,2,Medium,High,Public,Positive,3,No,High School,Near,Male,67,CLG0085,113,9.97,10.21,8,No,0,6,1,No
2643,24,89,Medium,High,Yes,5,68,Medium,Yes,0,Low,High,Public,Positive,2,No,Postgraduate,Near,Female,71,CLG0016,121,7.14,7.61,9,No,0,7,1,No
2644,26,82,High,Low,No,7,79,Medium,Yes,1,Medium,Medium,Public,Positive,2,Yes,Postgraduate,Near,Female,69,CLG0041,83,7.57,8.06,6,No,7,10,4,Yes
2645,7,63,Low,Medium,No,5,97,Medium,Yes,1,Low,Medium,Public,Neutral,2,No,High School,Near,Female,59,CLG0003,98,7.92,7.75,5,No,9,2,2,No
2646,17,63,High,Medium,No,9,53,High,Yes,1,Low,High,Public,Neutral,4,No,College,Moderate,Male,63,CLG0100,100,5.85,5.63,5,No,7,6,4,No
2647,17,91,Low,Medium,Yes,4,54,High,Yes,3,Low,Medium,Public,Neutral,4,No,College,Moderate,Female,67,CLG0006,100,9.53,9.89,7,Yes,10,7,5,No
2648,9,96,Medium,High,Yes,9,63,Medium,Yes,1,High,Medium,Private,Neutral,1,No,High School,Near,Male,67,CLG0095,96,5.75,6.0,9,No,4,7,0,No
2649,23,92,Low,High,Yes,6,71,High,Yes,2,Low,Medium,Public,Positive,2,No,High School,Moderate,Male,70,CLG0078,76,5.2,5.32,7,No,10,1,3,No
2650,20,82,Medium,High,Yes,9,69,Low,Yes,1,Medium,Medium,Public,Positive,3,No,College,Near,Male,69,CLG0035,99,6.74,6.37,8,Yes,9,2,3,No
2651,21,67,Medium,Low,No,6,61,Medium,Yes,0,Low,Medium,Private,Positive,3,No,High School,Moderate,Female,61,CLG0083,102,7.52,7.39,4,Yes,7,8,0,No
2652,27,92,Low,Medium,Yes,7,83,Low,Yes,2,Low,Medium,Public,Positive,4,Yes,College,Moderate,Female,70,CLG0065,103,6.46,6.8,4,Yes,5,3,5,No
2653,18,64,Medium,Medium,Yes,8,90,Medium,Yes,1,Low,Medium,Public,Neutral,3,No,High School,Near,Male,63,CLG0094,109,9.38,9.74,9,Yes,4,9,0,No
2654,22,99,Medium,Medium,Yes,5,67,High,Yes,1,Medium,High,Private,Negative,3,No,College,Near,Male,72,CLG0024,96,6.1,5.72,10,Yes,9,7,5,No
2655,9,78,High,Medium,Yes,7,100,Low,Yes,2,Medium,Medium,Public,Positive,2,No,High School,Near,Male,66,CLG0082,121,7.69,8.04,7,No,3,7,2,Yes
2656,25,94,High,High,No,5,71,Low,Yes,4,Medium,High,Public,Negative,4,No,College,Near,Female,74,CLG0015,74,7.13,6.95,9,No,5,5,3,No
2657,27,99,High,Medium,No,10,59,High,Yes,2,Low,Medium,Public,Positive,3,No,High School,Near,Male,74,CLG0055,97,6.8,6.95,10,Yes,1,2,1,No
2658,35,77,High,High,Yes,8,89,Medium,Yes,5,High,Medium,Public,Positive,4,No,College,Near,Female,77,CLG0011,107,5.19,5.6,3,No,8,8,1,No
2659,20,86,High,Low,No,8,60,Medium,Yes,1,Medium,Medium,Public,Neutral,4,Yes,College,Far,Female,66,CLG0090,146,5.08,5.12,4,No,9,7,5,No
2660,22,72,Low,Medium,Yes,10,71,Medium,Yes,1,Medium,Medium,Private,Negative,1,No,College,Near,Male,64,CLG0003,98,9.62,9.74,6,No,9,4,3,No
2661,7,91,High,Medium,No,7,94,High,No,3,High,Medium,Public,Neutral,3,No,Postgraduate,Moderate,Female,68,CLG0062,102,8.55,8.94,5,Yes,5,3,4,No
2662,27,78,Medium,Medium,No,6,98,Low,Yes,1,Medium,Medium,Public,Positive,3,No,High School,Far,Male,68,CLG0025,105,8.7,9.2,5,No,3,2,4,No
2663,27,85,High,Medium,Yes,8,66,Medium,Yes,2,Low,High,Private,Neutral,4,Yes,High School,Moderate,Male,70,CLG0049,82,6.9,6.46,10,No,8,3,1,No
2664,26,98,Low,High,Yes,6,68,Medium,Yes,1,Low,Medium,Private,Neutral,1,No,Postgraduate,Moderate,Male,71,CLG0084,129,6.46,6.4,7,No,6,5,5,No
2665,24,99,Medium,Low,Yes,8,52,Low,Yes,1,Low,High,Public,Negative,2,No,High School,Near,Male,69,CLG0087,107,8.41,8.66,6,Yes,5,10,0,No
2666,26,69,Medium,Medium,Yes,7,61,Medium,Yes,1,High,High,Public,Positive,2,No,College,Near,Male,67,CLG0070,83,6.13,6.07,4,Yes,4,4,5,No
2667,17,79,Low,High,No,8,62,Low,Yes,1,Low,Medium,Public,Neutral,3,No,High School,Near,Female,64,CLG0066,85,6.83,6.37,8,No,5,8,0,No
2668,15,100,Medium,Low,No,10,74,Medium,Yes,2,Medium,Medium,Public,Negative,5,No,High School,Far,Male,67,CLG0046,116,7.33,7.72,1,No,2,8,1,No
2669,13,99,Medium,Medium,Yes,7,58,Medium,Yes,1,Low,Medium,Public,Neutral,2,No,High School,Near,Male,67,CLG0059,90,9.22,8.87,2,No,2,2,0,No
2670,12,63,Medium,Medium,No,8,56,Low,Yes,4,Medium,Medium,Public,Positive,4,No,College,Moderate,Male,61,CLG0054,72,7.27,7.01,1,No,6,4,3,No
2671,33,88,Medium,Low,No,9,84,Medium,Yes,1,Low,Medium,Public,Negative,3,No,High School,Near,Male,70,CLG0081,92,8.62,8.53,5,No,0,10,4,Yes
2672,22,80,Medium,High,Yes,9,72,Low,Yes,2,Medium,Medium,Public,Neutral,4,No,College,Near,Female,69,CLG0007,72,7.83,8.14,9,Yes,9,4,4,No
2673,19,74,Medium,High,Yes,6,57,High,Yes,1,Medium,Medium,Private,Positive,2,No,High School,Near,Female,66,CLG0072,109,6.91,6.43,3,Yes,2,9,4,No
2674,26,77,Medium,Medium,Yes,8,61,Medium,Yes,1,Low,Medium,Public,Neutral,4,No,College,Moderate,Male,67,CLG0072,86,7.61,7.58,8,No,0,3,0,No
2675,10,94,High,Medium,Yes,7,74,High,Yes,3,High,Medium,Public,Positive,3,No,College,Moderate,Male,70,CLG0007,78,5.94,6.38,3,No,1,5,3,No
2676,27,68,Low,Low,Yes,8,80,High,Yes,3,Medium,Medium,Public,Positive,4,Yes,High School,Near,Male,66,CLG0072,85,7.25,7.64,10,Yes,4,10,3,No
2677,20,63,High,High,Yes,5,95,Medium,Yes,2,High,High,Public,Positive,3,No,College,Near,Male,69,CLG0060,97,8.5,8.48,2,No,6,3,4,No
2678,22,76,Medium,Medium,No,9,82,High,Yes,0,Medium,High,Private,Neutral,4,No,High School,Near,Male,67,CLG0035,70,8.75,8.5,2,No,5,5,0,No
2679,23,79,High,Medium,Yes,7,54,Medium,Yes,2,Low,Medium,Private,Neutral,4,No,College,Moderate,Female,68,CLG0075,102,6.87,7.32,10,Yes,8,7,5,No
2680,16,69,Medium,High,Yes,4,54,Medium,Yes,4,Low,Low,Public,Positive,4,No,College,Near,Female,65,CLG0039,84,8.7,8.7,2,No,6,4,4,No
2681,29,68,Medium,High,Yes,4,53,Medium,Yes,1,Medium,Medium,Private,Negative,4,No,High School,Far,Male,66,CLG0014,75,8.93,8.6,6,Yes,1,3,5,No
2682,9,90,High,Medium,Yes,9,65,Low,Yes,3,Medium,Medium,Public,Positive,3,No,High School,Near,Female,67,CLG0011,110,6.89,7.03,9,Yes,1,8,3,No
2683,23,96,Medium,Medium,Yes,8,62,Medium,Yes,0,Low,High,Public,Neutral,4,No,High School,Moderate,Female,69,CLG0057,108,8.24,7.77,1,No,10,2,2,No
2684,20,68,High,Medium,Yes,7,55,High,Yes,0,Low,Low,Public,Positive,3,Yes,High School,Near,Female,63,CLG0100,89,6.69,7.0,5,No,0,2,3,No
2685,28,87,High,Medium,Yes,4,62,High,Yes,2,Low,High,Public,Positive,4,No,High School,Near,Female,73,CLG0026,106,6.64,6.65,9,No,7,9,2,No
2686,13,60,High,Low,No,10,64,Low,Yes,1,Medium,Medium,Public,Neutral,4,No,College,Far,Male,59,CLG0041,113,8.6,8.83,1,No,3,9,0,Yes
2687,20,71,Medium,Low,Yes,6,92,High,Yes,1,Low,Medium,Private,Negative,4,No,College,Near,Male,65,CLG0001,102,6.27,5.83,10,No,6,6,4,No
2688,23,98,Medium,High,No,6,66,Medium,Yes,1,Low,Medium,Public,Neutral,1,No,High School,Moderate,Male,70,CLG0099,97,6.39,6.49,1,Yes,10,4,3,No
2689,20,85,Medium,High,No,8,59,Medium,Yes,1,Medium,Medium,Public,Positive,3,No,Postgraduate,Far,Female,68,CLG0054,92,8.87,9.09,4,Yes,1,4,3,No
2690,28,74,Medium,High,No,8,90,High,Yes,2,Medium,Medium,Public,Positive,3,No,Postgraduate,Near,Male,72,CLG0089,110,7.18,7.54,6,Yes,1,6,5,No
2691,18,76,Medium,Low,No,5,95,High,Yes,2,High,High,Public,Positive,6,No,Postgraduate,Near,Female,69,CLG0028,107,5.54,5.28,3,Yes,7,9,2,No
2692,18,90,Low,Medium,Yes,5,62,High,Yes,3,Medium,Medium,Private,Neutral,2,No,High School,Moderate,Female,67,CLG0099,112,9.94,9.65,7,No,2,9,3,Yes
2693,19,61,Low,High,Yes,8,83,Low,Yes,1,Medium,Medium,Private,Negative,3,No,High School,Near,Male,62,CLG0070,93,6.0,5.6,10,Yes,3,1,5,No
2694,29,73,High,Medium,No,7,68,Low,Yes,1,Low,High,Private,Positive,4,Yes,High School,Moderate,Male,67,CLG0086,94,8.81,8.69,2,No,8,5,0,No
2695,19,70,Medium,Medium,Yes,6,67,Medium,Yes,5,Medium,Low,Public,Positive,4,No,Postgraduate,Moderate,Female,67,CLG0084,99,7.63,8.09,1,No,6,10,2,Yes
2696,14,87,Medium,Medium,Yes,7,55,Medium,Yes,2,Low,High,Private,Positive,4,No,Postgraduate,Near,Male,68,CLG0074,107,8.9,8.98,7,No,1,1,3,No
2697,20,77,Medium,Low,No,9,61,Medium,Yes,2,Medium,Medium,Public,Neutral,3,No,High School,Near,Male,65,CLG0057,106,6.24,6.42,6,No,1,5,4,No
2698,15,84,Medium,Medium,No,10,82,Medium,Yes,1,High,Low,Private,Negative,2,Yes,High School,Near,Male,64,CLG0055,105,6.17,6.22,4,No,9,10,4,No
2699,17,79,Medium,Medium,No,7,67,Low,Yes,1,Low,Medium,Private,Positive,3,No,High School,Near,Female,64,CLG0051,108,9.81,9.62,9,No,0,6,1,No
2700,27,74,Medium,Medium,Yes,6,74,Medium,Yes,2,Medium,High,Public,Neutral,2,No,College,Far,Male,68,CLG0016,105,5.36,5.11,10,No,2,8,0,No
2701,21,86,Medium,Low,Yes,9,59,High,Yes,2,Medium,High,Private,Positive,3,No,College,Near,Male,69,CLG0008,103,8.74,8.42,5,No,9,10,1,No
2702,31,64,High,Low,Yes,7,81,Low,Yes,1,Medium,Medium,Public,Positive,4,No,High School,Near,Female,67,CLG0017,112,7.41,6.94,10,Yes,1,9,1,No
2703,16,76,Low,High,Yes,8,56,Medium,No,1,Low,Medium,Public,Positive,1,No,High School,Near,Male,62,CLG0038,137,9.3,9.78,4,Yes,8,10,3,Yes
2704,27,68,Medium,Medium,No,9,66,Medium,Yes,3,High,Medium,Private,Positive,3,No,High School,Far,Male,67,CLG0031,122,7.93,7.94,5,Yes,0,10,0,No
2705,27,65,Medium,Medium,Yes,8,57,Medium,Yes,2,Low,Low,Public,Negative,4,No,Postgraduate,Near,Female,65,CLG0044,80,5.21,5.51,4,No,4,9,4,No
2706,25,83,Medium,High,Yes,6,97,Low,Yes,0,Low,Low,Public,Neutral,4,No,High School,Near,Male,69,CLG0048,75,7.1,7.18,2,No,2,8,0,No
2707,25,99,Low,Medium,No,8,57,Medium,Yes,1,Medium,Low,Private,Positive,3,No,Postgraduate,Moderate,Male,70,CLG0066,106,6.15,5.95,9,No,10,6,1,No
2708,20,91,High,High,Yes,5,61,Low,Yes,4,Low,Medium,Public,Positive,2,No,Postgraduate,Near,Male,72,CLG0088,105,6.54,6.31,7,Yes,4,2,2,No
2709,17,83,High,Medium,No,6,75,Medium,Yes,2,Medium,Medium,Public,Positive,3,Yes,High School,Near,Male,67,CLG0041,90,7.61,7.17,10,No,6,2,2,No
2710,20,88,Medium,High,Yes,5,50,Medium,No,2,Low,Medium,Public,Neutral,5,No,High School,Moderate,Male,67,CLG0020,135,8.87,8.54,6,No,9,1,2,Yes
2711,27,75,Low,Medium,No,10,86,Medium,No,3,Medium,Medium,Private,Positive,6,No,Postgraduate,Near,Female,69,CLG0026,120,5.74,5.25,9,No,10,8,0,No
2712,16,96,Medium,Medium,No,7,81,Medium,Yes,0,Low,Low,Public,Negative,3,No,High School,Moderate,Male,66,CLG0098,95,8.77,8.48,9,No,6,7,2,No
2713,23,92,Medium,Low,Yes,6,54,High,Yes,3,Medium,Medium,Public,Positive,2,Yes,Postgraduate,Near,Male,70,CLG0056,89,9.44,8.95,7,Yes,9,8,1,No
2714,31,82,High,Medium,Yes,7,63,Medium,No,2,High,Medium,Private,Positive,2,No,Postgraduate,Moderate,Male,72,CLG0048,100,5.6,5.44,7,No,2,2,3,No
2715,18,64,Low,Medium,Yes,7,57,Medium,Yes,1,High,Medium,Public,Neutral,3,No,High School,Moderate,Male,61,CLG0036,102,6.64,6.39,10,No,0,6,5,No
2716,20,83,Medium,Low,No,6,51,Low,Yes,2,Medium,Medium,Public,Neutral,4,No,High School,Moderate,Female,65,CLG0044,96,9.44,9.52,5,Yes,3,2,0,No
2717,16,90,Medium,Medium,No,7,54,High,No,2,Medium,Medium,Public,Positive,3,No,High School,Near,Female,67,CLG0021,103,5.08,5.03,8,No,0,9,4,No
2718,25,87,High,High,Yes,6,96,Low,No,3,Medium,Medium,Public,Positive,2,No,High School,Moderate,Female,72,CLG0020,120,5.21,4.87,1,No,3,6,2,No
2719,18,82,Medium,Medium,Yes,5,67,High,No,1,Medium,High,Public,Neutral,4,No,College,Near,Male,67,CLG0031,127,5.16,5.1,1,Yes,9,9,0,No
2720,12,75,Medium,High,Yes,6,98,Medium,Yes,2,Low,Medium,Public,Neutral,2,No,College,Far,Male,65,CLG0092,78,5.24,5.5,8,Yes,5,1,2,No
2721,22,96,High,Low,No,10,90,High,Yes,2,Low,Medium,Public,Neutral,3,Yes,College,Moderate,Male,71,CLG0036,117,5.85,5.83,2,Yes,1,6,1,No
2722,21,79,Medium,Low,Yes,7,81,Low,Yes,2,Medium,Medium,Public,Neutral,4,No,High School,Near,Male,67,CLG0021,127,6.02,6.5,8,Yes,6,5,5,No
2723,29,67,High,Low,Yes,8,83,Medium,Yes,2,Low,Medium,Private,Positive,4,Yes,High School,Near,Female,67,CLG0055,91,7.7,7.37,3,Yes,9,8,3,No
2724,15,91,Low,High,Yes,4,50,High,Yes,1,Medium,Medium,Public,Neutral,3,No,High School,Moderate,Female,66,CLG0072,115,8.2,7.96,7,No,7,5,1,No
2725,16,99,Low,High,No,6,88,High,Yes,2,Low,Low,Public,Neutral,3,No,Postgraduate,Near,Male,71,CLG0087,89,9.11,9.44,2,No,5,6,2,No
2726,10,75,Medium,High,Yes,8,90,Medium,Yes,2,Low,Medium,Public,Positive,2,No,Postgraduate,Moderate,Male,65,CLG0050,138,5.08,4.92,9,Yes,8,4,1,No
2727,14,80,Low,Medium,Yes,8,93,Medium,Yes,3,Low,High,Private,Positive,4,No,High School,Near,Female,67,CLG0043,106,7.62,7.31,1,Yes,0,10,2,No
2728,25,73,High,Medium,Yes,6,80,Medium,Yes,3,High,Medium,Public,Positive,2,No,High School,Far,Female,69,CLG0012,109,5.21,4.82,5,Yes,8,7,1,No
2729,28,77,Low,High,Yes,7,89,Medium,Yes,3,Low,Medium,Public,Positive,3,Yes,High School,Far,Male,68,CLG0093,97,6.53,6.17,7,No,0,4,3,No
2730,11,96,Medium,High,No,5,66,High,Yes,2,Low,Medium,Public,Neutral,4,No,High School,Moderate,Male,68,CLG0037,105,9.48,9.03,4,No,3,7,1,No
2731,24,84,Medium,Medium,Yes,7,61,Medium,Yes,2,Medium,Medium,Public,Positive,2,No,High School,Far,Male,68,CLG0098,95,8.72,8.47,3,No,5,9,3,Yes
2732,21,73,Medium,Medium,No,5,56,Medium,Yes,5,High,Medium,Private,Neutral,3,No,High School,Moderate,Male,66,CLG0064,106,5.85,6.06,3,Yes,5,5,0,No
2733,20,76,Medium,Low,No,7,52,Medium,Yes,2,Low,High,Private,Neutral,3,No,High School,Near,Female,64,CLG0066,100,7.02,7.19,9,No,3,5,2,No
2734,28,62,High,Medium,Yes,10,88,Medium,Yes,0,Low,High,Public,Positive,2,Yes,Postgraduate,Moderate,Male,67,CLG0085,101,9.87,9.89,1,Yes,6,1,1,No
2735,16,86,High,Medium,Yes,5,94,High,Yes,0,Medium,Medium,Public,Negative,2,No,High School,Near,Male,68,CLG0097,91,7.63,7.51,5,No,2,7,5,No
2736,18,84,High,High,Yes,8,92,Low,Yes,0,Low,High,Public,Negative,3,No,College,Near,Female,69,CLG0070,111,8.84,8.84,5,Yes,5,6,1,No
2737,15,86,High,Medium,Yes,8,66,Low,Yes,0,Medium,High,Private,Positive,5,No,College,Near,Male,68,CLG0043,114,6.87,6.75,10,Yes,6,3,3,No
2738,20,63,Medium,Medium,Yes,8,61,Medium,Yes,2,High,Medium,Public,Neutral,3,No,High School,Near,Male,64,CLG0012,88,9.57,9.46,10,No,8,1,0,No
2739,17,72,Medium,Medium,No,8,61,Medium,Yes,1,Medium,Medium,Public,Neutral,4,No,Postgraduate,Moderate,Male,64,CLG0022,68,9.22,8.98,4,No,4,6,2,No
2740,14,63,Medium,Medium,No,8,81,Low,Yes,0,Medium,Low,Private,Positive,5,No,High School,Near,Female,61,CLG0100,98,5.28,5.53,1,No,2,3,0,No
2741,23,64,High,Medium,Yes,6,60,Low,Yes,2,Medium,Medium,Public,Negative,3,No,College,Near,Female,65,CLG0002,87,6.71,6.58,8,No,6,3,4,No
2742,17,76,Medium,Medium,No,6,73,Medium,Yes,3,Low,High,Private,Neutral,3,No,Postgraduate,Near,Male,67,CLG0042,83,9.86,10.21,2,Yes,8,7,3,No
2743,21,91,Low,High,Yes,9,79,Medium,Yes,2,Low,Medium,Private,Neutral,3,No,College,Far,Female,69,CLG0056,100,7.01,7.45,3,Yes,2,4,4,No
2744,11,68,Low,High,Yes,8,50,Low,Yes,2,Low,High,Private,Positive,4,No,High School,Near,Female,61,CLG0052,102,8.26,7.82,1,No,3,5,1,No
2745,24,84,Low,High,Yes,6,93,High,Yes,2,Low,Medium,Public,Neutral,1,No,High School,Near,Female,70,CLG0077,98,7.74,8.22,9,No,5,3,2,No
2746,34,92,High,Medium,No,7,68,Low,Yes,0,Medium,High,Public,Positive,5,No,College,Near,Female,75,CLG0046,117,6.86,6.42,5,No,8,5,3,No
2747,9,64,Medium,High,Yes,6,99,Medium,Yes,6,Low,High,Public,Positive,6,Yes,High School,Moderate,Male,65,CLG0049,87,6.95,7.27,3,Yes,1,2,4,No
2748,21,87,Medium,Medium,No,6,90,High,Yes,3,High,Medium,Public,Negative,4,No,High School,Near,Male,71,CLG0035,115,6.1,5.67,4,No,1,10,2,Yes
2749,25,64,Medium,Medium,Yes,4,53,Low,Yes,1,Medium,Medium,Public,Neutral,2,No,College,Near,Male,64,CLG0011,123,6.6,6.13,9,Yes,4,2,0,No
2750,19,75,Medium,High,No,8,64,Medium,Yes,2,High,Low,Public,Negative,5,No,Postgraduate,Moderate,Female,67,CLG0089,80,7.29,6.95,8,No,3,9,4,No
2751,25,72,Medium,Medium,Yes,8,52,Low,Yes,0,Medium,Medium,Private,Positive,2,No,Postgraduate,Near,Male,66,CLG0020,91,5.02,4.68,8,Yes,9,4,0,No
2752,22,98,High,Medium,Yes,7,60,Medium,Yes,1,High,Medium,Public,Positive,1,No,High School,Near,Male,72,CLG0062,98,7.25,7.1,9,No,5,6,3,No
2753,22,68,Medium,High,No,4,92,High,Yes,2,High,Medium,Public,Neutral,3,No,High School,Near,Male,68,CLG0032,99,9.26,8.94,7,No,9,6,1,No
2754,16,74,High,Low,No,9,79,High,Yes,0,High,Medium,Public,Neutral,4,No,Postgraduate,Moderate,Female,65,CLG0048,77,9.7,9.23,1,No,3,8,2,Yes
2755,15,89,Medium,Low,No,6,55,Medium,Yes,1,Medium,Medium,Public,Positive,4,No,Postgraduate,Moderate,Male,66,CLG0013,84,9.25,8.84,5,No,1,2,0,No
2756,17,88,Medium,Medium,No,10,50,Medium,Yes,3,Low,High,Public,Neutral,5,No,College,Moderate,Female,67,CLG0023,77,6.75,6.86,6,No,7,1,4,No
2757,23,89,High,High,Yes,6,66,Low,Yes,0,Low,High,Private,Positive,3,No,High School,Moderate,Male,70,CLG0021,112,8.35,7.97,7,No,5,8,3,Yes
2758,25,76,Medium,High,No,6,61,Medium,Yes,1,Medium,Medium,Public,Neutral,3,No,Postgraduate,Far,Male,67,CLG0057,90,5.25,5.42,2,No,3,4,5,No
2759,22,81,High,Medium,Yes,9,71,Medium,Yes,2,High,Low,Public,Negative,4,No,High School,Near,Male,69,CLG0097,103,8.47,8.95,4,No,1,4,5,No
2760,24,70,Medium,High,No,8,59,Low,Yes,2,Low,High,Public,Positive,5,No,High School,Near,Male,67,CLG0019,99,7.66,7.7,7,No,10,8,4,No
2761,22,79,High,High,Yes,8,93,Medium,Yes,0,Medium,Medium,Private,Negative,2,Yes,High School,Near,Female,68,CLG0083,97,5.27,5.54,5,No,3,3,5,No
2762,25,87,Medium,Low,No,9,52,High,Yes,1,Low,High,Private,Positive,2,No,High School,Near,Male,68,CLG0004,117,7.34,6.86,7,No,2,10,3,Yes
2763,22,80,Medium,High,Yes,9,51,Medium,Yes,2,Medium,Medium,Public,Negative,3,No,Postgraduate,Near,Male,68,CLG0039,102,6.85,6.88,4,Yes,3,1,4,No
2764,13,99,High,Low,No,7,83,Medium,Yes,1,Medium,Medium,Public,Neutral,4,No,Postgraduate,Far,Female,69,CLG0002,100,9.98,10.14,1,No,9,2,5,No
2765,30,72,High,High,Yes,6,63,Medium,Yes,1,Low,Medium,Public,Neutral,3,No,Postgraduate,Near,Female,70,CLG0078,110,8.55,8.72,9,No,2,7,5,No
2766,14,71,High,High,Yes,8,89,Medium,Yes,0,Medium,Medium,Public,Neutral,3,No,Postgraduate,Near,Female,66,CLG0032,82,8.25,8.34,6,No,6,3,0,No
2767,19,98,Medium,Medium,Yes,8,87,Medium,Yes,0,Medium,Medium,Private,Negative,6,No,High School,Near,Male,70,CLG0055,112,9.99,9.72,1,Yes,5,8,2,Yes
2768,15,64,High,Medium,Yes,7,67,Medium,Yes,2,Low,High,Public,Positive,3,No,High School,Near,Male,64,CLG0053,90,7.98,8.01,7,Yes,3,1,3,No
2769,21,88,High,Medium,No,6,91,Medium,Yes,2,High,Medium,Public,Neutral,1,No,High School,Moderate,Female,70,CLG0070,86,6.96,7.15,5,No,5,4,0,No
2770,12,97,Medium,High,Yes,7,57,Low,Yes,0,Low,Medium,Private,Positive,4,No,College,Moderate,Female,67,CLG0061,103,5.28,5.56,10,Yes,5,7,1,No
2771,23,63,High,Medium,No,7,76,Medium,Yes,2,Medium,High,Public,Positive,1,No,High School,Far,Male,65,CLG0022,87,6.39,6.32,4,No,1,4,2,No
2772,21,85,Medium,Medium,No,8,80,Medium,Yes,3,Low,High,Public,Positive,3,Yes,College,Moderate,Female,68,CLG0028,106,8.89,8.72,6,Yes,5,6,5,No
2773,15,90,Medium,Medium,Yes,8,55,Medium,Yes,1,Low,Medium,Public,Neutral,1,No,College,Near,Female,66,CLG0066,95,6.02,6.19,7,No,3,7,5,No
2774,16,80,High,Medium,No,6,76,Medium,Yes,1,Medium,High,Public,Positive,4,No,College,Near,Male,68,CLG0100,107,9.61,9.65,5,No,7,10,1,No
2775,34,61,Low,Medium,No,9,75,Medium,Yes,1,Low,Medium,Public,Neutral,2,No,College,Far,Male,65,CLG0073,77,6.4,5.96,8,No,4,9,3,No
2776,19,62,Medium,Medium,Yes,8,86,Low,Yes,1,High,Medium,Public,Positive,3,No,College,Near,Male,65,CLG0017,108,8.01,8.26,7,No,2,4,0,No
2777,23,83,High,High,Yes,4,89,Low,Yes,1,Medium,Medium,Public,Negative,3,No,High School,Far,Male,99,CLG0018,92,6.94,7.43,3,No,0,10,5,No
2778,27,89,Medium,Medium,No,5,62,Medium,Yes,0,Low,Medium,Public,Neutral,3,No,High School,Near,Male,69,CLG0019,87,7.5,7.35,7,No,10,9,4,No
2779,19,97,High,Medium,No,5,78,Low,Yes,2,Low,Medium,Public,Positive,3,No,High School,Near,Male,71,CLG0055,104,6.49,6.71,2,Yes,10,3,4,No
2780,20,74,Medium,Medium,Yes,7,59,Low,Yes,5,High,Medium,Public,Positive,4,No,High School,Near,Female,68,CLG0067,113,7.73,7.59,6,No,0,7,3,No
2781,18,97,Low,Medium,No,7,70,Low,Yes,0,High,Medium,Public,Neutral,2,Yes,High School,Near,Female,66,CLG0033,109,8.62,8.63,2,No,8,6,4,No
2782,19,83,High,Low,No,6,69,Medium,Yes,5,Medium,Medium,Private,Positive,2,No,Postgraduate,Far,Male,69,CLG0090,125,7.14,7.49,7,No,10,5,5,No
2783,22,89,Low,Medium,No,8,78,Low,Yes,4,High,Medium,Private,Positive,3,No,High School,Near,Female,70,CLG0075,110,5.5,5.16,7,No,1,7,5,No
2784,19,94,Medium,High,Yes,6,91,Medium,Yes,1,Low,Medium,Public,Negative,3,No,High School,Moderate,Male,70,CLG0067,117,6.63,6.51,5,Yes,2,1,3,No
2785,22,65,Low,High,Yes,6,85,Medium,Yes,2,High,Medium,Public,Positive,3,Yes,Postgraduate,Near,Female,66,CLG0035,92,9.01,8.93,8,Yes,10,10,1,No
2786,20,65,High,Medium,Yes,8,71,Low,Yes,2,Low,Medium,Private,Neutral,3,Yes,College,Near,Female,63,CLG0064,98,5.22,5.57,5,Yes,0,2,2,No
2787,11,94,Low,Low,Yes,8,94,Medium,Yes,2,Low,Medium,Public,Positive,2,No,College,Near,Male,67,CLG0058,110,6.51,6.26,2,Yes,9,6,1,No
2788,3,99,Medium,Low,Yes,7,68,Medium,Yes,2,High,Medium,Private,Neutral,3,No,High School,Near,Female,65,CLG0032,113,7.18,7.09,8,No,1,3,2,No
2789,25,95,Low,Medium,No,7,78,Medium,Yes,7,Low,Medium,Public,Positive,4,No,High School,Near,Male,73,CLG0003,73,9.26,9.12,7,No,0,9,2,Yes
2790,18,79,Medium,Medium,No,7,81,Medium,No,1,Medium,High,Private,Positive,4,No,College,Moderate,Female,66,CLG0089,100,7.47,7.77,1,No,0,2,1,No
2791,22,69,Medium,High,Yes,6,83,Medium,Yes,1,Low,Medium,Public,Positive,2,No,College,Moderate,Female,66,CLG0070,97,5.89,6.31,4,No,9,9,4,No
2792,19,99,Medium,Medium,Yes,5,72,Low,Yes,3,Medium,High,Private,Neutral,4,No,Postgraduate,Near,Male,73,CLG0052,106,8.22,8.68,6,No,5,4,3,No
2793,13,98,High,Low,Yes,7,81,Medium,Yes,1,Medium,Low,Private,Negative,3,No,Postgraduate,Near,Male,69,CLG0033,102,9.93,10.22,1,No,1,2,5,No
2794,29,76,Medium,High,Yes,8,93,Low,No,0,Medium,High,Public,Positive,4,No,College,Moderate,Male,70,CLG0040,97,9.44,9.09,6,No,7,2,5,No
2795,23,67,Medium,Low,Yes,9,97,Medium,Yes,1,Medium,Medium,Private,Positive,3,No,College,Moderate,Male,66,CLG0002,96,8.17,7.93,4,Yes,0,4,2,No
2796,18,79,Medium,High,No,9,92,Low,Yes,1,Low,Medium,Private,Neutral,3,No,College,Near,Male,67,CLG0069,110,5.99,6.44,5,Yes,3,4,0,No
2797,24,77,High,Low,No,8,96,Medium,Yes,0,Medium,Medium,Public,Neutral,3,No,High School,Near,Female,67,CLG0016,107,7.39,7.03,7,No,8,3,4,No
2798,28,61,High,Medium,No,7,76,High,Yes,1,Medium,High,Public,Positive,4,No,High School,Moderate,Male,67,CLG0035,105,8.71,8.27,8,Yes,8,5,1,No
2799,24,77,High,High,Yes,7,88,Low,Yes,1,High,Medium,Public,Negative,5,No,College,Near,Male,71,CLG0090,80,8.01,7.76,2,No,3,10,2,No
2800,25,64,Medium,High,No,5,89,Low,Yes,2,Medium,Medium,Public,Neutral,4,No,College,Far,Male,66,CLG0018,95,7.76,7.77,3,Yes,7,10,2,No
2801,26,67,Low,Medium,Yes,8,71,Medium,Yes,2,High,Medium,Private,Negative,3,No,High School,Near,Male,65,CLG0093,75,8.45,8.85,9,Yes,6,8,3,Yes
2802,26,72,High,Medium,No,9,81,High,Yes,0,Medium,High,Public,Neutral,3,No,High School,Near,Male,68,CLG0043,86,8.27,7.83,6,Yes,8,1,3,No
2803,36,64,Medium,Medium,Yes,5,82,Medium,Yes,2,Medium,High,Private,Positive,2,No,High School,Near,Female,70,CLG0071,94,6.95,7.04,3,No,1,10,0,No
2804,13,93,Medium,Medium,Yes,5,52,Low,Yes,2,Medium,Medium,Public,Positive,3,No,College,Near,Female,67,CLG0088,135,9.59,9.28,9,Yes,3,1,1,No
2805,17,61,Medium,High,Yes,7,58,Low,Yes,2,Low,Medium,Public,Positive,3,Yes,High School,Near,Female,61,CLG0055,107,6.41,6.66,5,Yes,9,7,3,No
2806,18,70,Medium,Medium,No,8,86,Medium,Yes,5,High,Medium,Public,Positive,2,No,High School,Near,Female,67,CLG0065,127,9.38,9.55,2,No,8,2,4,Yes
2807,21,65,Medium,Medium,No,6,100,Medium,Yes,3,Medium,Medium,Public,Neutral,4,No,Postgraduate,Near,Male,67,CLG0014,78,8.26,8.6,8,No,9,5,5,No
2808,23,92,Medium,Medium,Yes,6,61,Low,Yes,4,Low,Medium,Public,Positive,4,No,College,Near,Male,71,CLG0026,87,7.58,7.64,10,No,3,2,2,No
2809,20,90,Low,Medium,No,6,85,High,No,3,Low,High,Private,Neutral,2,No,College,Near,Male,69,CLG0073,96,6.43,6.35,7,Yes,1,5,3,No
2810,17,87,Medium,Medium,No,9,99,Medium,Yes,1,Medium,Low,Private,Neutral,3,No,High School,Moderate,Male,67,CLG0063,123,8.37,7.98,2,No,3,1,0,No
2811,13,77,Medium,High,No,4,83,Medium,Yes,1,Medium,High,Public,Negative,2,No,Postgraduate,Moderate,Male,65,CLG0002,104,6.08,5.63,10,No,9,7,1,No
2812,29,77,Medium,Low,Yes,7,68,High,Yes,1,Medium,Medium,Public,Positive,3,No,High School,Far,Female,67,CLG0007,82,5.16,5.47,2,Yes,0,8,4,No
2813,20,80,Medium,Low,No,9,65,High,Yes,1,Medium,Medium,Private,Positive,3,No,College,Far,Male,66,CLG0065,111,7.58,7.29,8,Yes,2,6,0,No
2814,14,83,Low,Low,Yes,9,79,Medium,Yes,1,Medium,Low,Public,Positive,3,No,High School,Near,Male,64,CLG0065,91,8.86,8.89,9,No,5,10,1,No
2815,21,62,Medium,Low,Yes,7,51,Low,Yes,0,Low,Medium,Private,Positive,4,No,High School,Near,Female,61,CLG0022,98,8.89,8.63,10,No,1,8,5,Yes
2816,37,69,Medium,High,Yes,9,87,Medium,No,1,Low,Medium,Public,Negative,2,No,College,Far,Female,68,CLG0075,89,8.68,8.79,8,No,1,4,5,No
2817,27,83,Medium,Medium,Yes,8,66,Medium,Yes,3,Medium,Medium,Public,Positive,4,No,College,Far,Female,70,CLG0068,85,5.97,6.12,9,Yes,5,1,2,No
2818,22,97,Medium,High,Yes,8,59,Medium,Yes,1,Low,Medium,Public,Negative,3,No,High School,Near,Male,70,CLG0025,113,8.27,8.62,5,No,5,1,3,Yes
2819,27,87,High,Medium,Yes,9,88,Medium,Yes,1,Low,High,Public,Positive,4,Yes,College,Near,Male,72,CLG0069,105,9.62,9.12,1,Yes,1,2,1,No
2820,23,97,Low,High,Yes,7,81,Low,Yes,2,Medium,High,Public,Neutral,3,No,High School,Near,Male,72,CLG0066,62,5.95,6.04,7,No,7,7,3,No
2821,14,91,Medium,Medium,Yes,7,62,Medium,Yes,2,Low,High,Public,Neutral,2,No,College,Near,Male,68,CLG0067,100,8.22,8.51,3,Yes,3,9,3,Yes
2822,28,87,Medium,Medium,Yes,7,70,Medium,Yes,2,Low,Medium,Public,Neutral,2,No,Postgraduate,Near,Male,71,CLG0034,103,8.2,7.8,1,No,8,6,5,No
2823,13,80,Low,High,Yes,4,66,High,Yes,2,Low,Medium,Public,Negative,2,No,High School,Moderate,Female,64,CLG0027,111,5.06,5.51,8,No,1,9,0,No
2824,23,96,Low,Medium,Yes,7,89,Medium,Yes,1,Low,Medium,Private,Positive,3,No,College,Far,Female,70,CLG0005,67,8.54,9.03,7,Yes,10,9,4,Yes
2825,22,67,Low,High,Yes,8,53,Medium,Yes,0,Medium,High,Public,Negative,3,No,High School,Far,Male,62,CLG0038,94,6.41,6.66,6,No,3,6,0,No
2826,13,83,High,Medium,No,7,89,Medium,Yes,1,Low,Medium,Public,Neutral,4,No,Postgraduate,Near,Female,68,CLG0078,114,9.91,9.65,2,No,9,2,1,No
2827,31,63,High,High,No,5,73,Medium,Yes,1,High,Low,Public,Positive,2,No,High School,Near,Female,68,CLG0013,98,6.57,6.51,8,No,2,4,5,No
2828,15,99,High,Medium,No,7,73,Low,Yes,1,Low,Medium,Public,Positive,3,No,High School,Near,Male,69,CLG0023,88,8.22,8.28,6,No,7,9,5,Yes
2829,18,67,Medium,High,Yes,7,78,Low,Yes,2,Medium,Medium,Public,Negative,3,Yes,High School,Near,Female,63,CLG0075,90,7.12,6.66,1,No,7,1,5,No
2830,22,62,Medium,High,Yes,7,95,Medium,Yes,2,Medium,Medium,Public,Negative,2,No,High School,Near,Male,66,CLG0068,95,8.76,9.07,8,Yes,8,7,2,No
2831,25,73,High,Medium,Yes,6,71,Low,Yes,0,Low,Medium,Private,Positive,3,No,College,Far,Female,67,CLG0022,103,8.39,8.32,8,Yes,2,2,5,No
2832,16,61,Medium,Low,No,8,91,High,Yes,2,Medium,High,Public,Neutral,3,No,College,Moderate,Male,63,CLG0049,101,9.92,9.44,4,No,1,2,1,No
2833,16,72,Medium,Low,No,6,87,Medium,No,2,Medium,Low,Private,Positive,4,No,High School,Near,Female,63,CLG0058,86,7.61,7.22,4,No,5,10,4,No
2834,9,91,Medium,Medium,No,10,59,High,Yes,0,Low,Medium,Private,Positive,2,No,College,Moderate,Male,64,CLG0061,98,9.75,10.22,3,No,8,6,1,No
2835,12,72,Medium,Medium,Yes,8,79,High,Yes,1,High,Medium,Public,Positive,3,No,College,Far,Male,64,CLG0077,100,5.14,5.42,1,No,9,7,4,No
2836,21,76,Low,Low,Yes,4,99,High,Yes,0,Low,Low,Public,Positive,3,No,College,Far,Male,65,CLG0077,110,9.29,9.37,9,Yes,8,8,1,No
2837,20,91,High,Medium,Yes,6,64,High,Yes,0,High,Medium,Private,Positive,3,Yes,High School,Moderate,Female,69,CLG0046,78,5.09,4.98,10,No,8,4,2,No
2838,11,73,Medium,High,Yes,9,79,Medium,Yes,1,Low,High,Public,Neutral,2,No,High School,Near,Male,64,CLG0002,93,6.29,6.05,3,No,6,8,1,No
2839,17,67,Medium,Medium,No,9,97,Medium,Yes,1,Medium,Low,Public,Neutral,3,No,Postgraduate,Moderate,Female,64,CLG0092,85,7.2,6.88,3,Yes,10,5,3,No
2840,22,65,Medium,Medium,Yes,9,66,High,Yes,2,Medium,Medium,Public,Negative,4,No,High School,Near,Male,65,CLG0085,109,6.65,6.23,2,No,9,7,0,No
2841,23,90,High,Medium,Yes,7,66,Low,Yes,2,High,High,Public,Neutral,3,No,High School,Near,Female,71,CLG0059,114,7.61,7.38,7,No,4,10,1,No
2842,12,94,Medium,Medium,Yes,10,78,Medium,Yes,1,Medium,High,Public,Neutral,2,No,High School,Near,Female,68,CLG0055,76,9.14,9.56,6,No,6,10,0,No
2843,27,69,Medium,Medium,No,8,51,Medium,Yes,1,High,Medium,Public,Negative,2,No,High School,Near,Male,65,CLG0046,94,6.94,7.3,5,No,1,10,0,No
2844,19,62,Medium,Medium,No,7,91,Low,Yes,1,Low,Medium,Public,Positive,3,No,College,Near,Male,63,CLG0032,87,6.36,6.33,10,No,2,3,3,No
2845,15,65,Medium,Low,Yes,8,51,Medium,Yes,1,High,Medium,Public,Positive,3,No,High School,Moderate,Female,61,CLG0078,71,7.65,8.11,6,No,2,3,0,No
2846,26,90,High,High,Yes,8,91,Medium,Yes,1,High,High,Private,Neutral,4,Yes,High School,Near,Male,74,CLG0012,91,6.16,6.31,4,No,4,6,4,No
2847,26,88,Low,High,Yes,7,62,High,No,1,High,High,Private,Positive,2,No,High School,Near,Female,70,CLG0091,82,9.83,9.49,1,Yes,0,6,2,No
2848,22,92,Low,High,Yes,7,55,Low,Yes,1,Low,Medium,Public,Positive,4,No,High School,Moderate,Female,68,CLG0080,83,5.43,5.07,9,Yes,1,2,2,No
2849,19,63,High,Medium,Yes,8,55,Low,Yes,0,Medium,Medium,Private,Positive,4,No,College,Moderate,Female,63,CLG0071,103,6.98,6.68,5,No,2,4,1,No
2850,24,86,High,High,No,6,59,Medium,Yes,1,Low,Medium,Public,Positive,3,No,High School,Moderate,Female,70,CLG0079,84,5.1,4.72,10,No,6,3,0,No
2851,5,92,Medium,Medium,Yes,9,52,Medium,Yes,2,High,Medium,Private,Neutral,4,Yes,College,Moderate,Female,64,CLG0010,112,8.12,8.1,4,Yes,3,7,5,Yes
2852,14,81,High,Medium,No,6,61,Low,Yes,0,Low,Medium,Public,Positive,4,No,High School,Moderate,Male,64,CLG0025,124,8.13,7.91,10,No,5,6,1,No
2853,16,81,Medium,High,No,9,54,Medium,Yes,3,Medium,High,Public,Negative,3,No,Postgraduate,Moderate,Male,67,CLG0026,95,5.06,5.24,10,No,8,4,5,No
2854,21,97,Medium,Medium,No,8,71,High,Yes,2,High,High,Public,Neutral,1,No,College,Moderate,Male,72,CLG0049,89,8.91,9.25,2,No,0,4,3,No
2855,9,73,Medium,Medium,Yes,6,96,Low,Yes,0,Low,High,Public,Positive,2,No,High School,Near,Male,62,CLG0100,108,7.83,7.46,5,No,5,6,1,No
2856,25,69,Medium,Medium,Yes,7,70,Low,No,1,High,High,Public,Positive,4,No,High School,Far,Female,65,CLG0058,95,9.11,8.76,4,No,3,10,5,Yes
2857,22,77,Low,Low,No,10,66,Medium,Yes,2,Low,Medium,Public,Positive,3,No,College,Moderate,Male,64,CLG0078,94,9.83,9.92,7,Yes,5,7,4,No
2858,24,64,Medium,Medium,Yes,8,65,Medium,Yes,0,Medium,Medium,Public,Positive,3,No,College,Near,Female,65,CLG0062,92,6.7,6.81,8,No,3,9,1,No
2859,4,69,Medium,Low,No,9,93,Low,No,2,Medium,High,Private,Negative,3,No,High School,Moderate,Female,58,CLG0054,78,8.18,8.5,2,Yes,8,9,3,Yes
2860,16,61,Medium,High,Yes,6,85,Medium,Yes,2,Medium,Medium,Private,Positive,3,No,High School,Near,Male,64,CLG0013,57,9.66,9.37,9,Yes,0,5,2,No
2861,20,60,Medium,Low,Yes,4,73,Medium,Yes,0,Low,Low,Public,Neutral,1,No,Postgraduate,Moderate,Female,60,CLG0010,79,8.28,8.69,7,No,2,4,3,No
2862,23,77,Medium,High,No,6,71,Low,Yes,3,Medium,Low,Private,Positive,4,No,High School,Moderate,Male,68,CLG0041,95,7.68,7.19,7,No,0,8,4,No
2863,19,64,High,Low,Yes,8,86,Low,Yes,3,High,Medium,Private,Neutral,3,No,Postgraduate,Near,Female,66,CLG0018,90,7.67,7.67,7,Yes,4,5,5,No
2864,19,90,Medium,High,Yes,5,90,Low,Yes,0,Low,Medium,Public,Neutral,2,No,College,Far,Female,94,CLG0088,90,7.9,7.52,3,Yes,9,5,2,No
2865,17,65,Low,High,Yes,5,75,Medium,Yes,2,Low,Medium,Public,Positive,3,No,High School,Near,Female,63,CLG0070,130,8.47,8.81,10,No,4,8,2,Yes
2866,23,87,Low,High,No,8,76,Medium,Yes,2,High,Medium,Public,Positive,5,Yes,Postgraduate,Near,Female,71,CLG0006,105,8.34,8.39,5,No,9,6,4,No
2867,16,76,Medium,High,Yes,6,63,High,Yes,0,Low,Medium,Public,Positive,1,No,High School,Near,Female,86,CLG0041,103,7.9,8.08,4,Yes,1,9,0,No
2868,21,61,Medium,Low,Yes,7,93,Low,Yes,1,Low,High,Private,Negative,5,No,High School,Near,Male,63,CLG0068,91,5.39,5.54,6,Yes,8,1,0,No
2869,12,76,Medium,Low,Yes,5,71,Low,Yes,0,Medium,Medium,Public,Negative,4,No,High School,Near,Male,61,CLG0060,102,7.99,8.35,4,No,3,2,2,No
2870,35,99,High,High,Yes,7,85,Low,Yes,2,Medium,High,Private,Neutral,2,No,Postgraduate,Near,Female,79,CLG0026,106,6.41,6.21,3,Yes,0,4,1,No
2871,19,89,Medium,Low,No,10,74,Medium,Yes,1,Low,Medium,Public,Positive,2,No,High School,Moderate,Female,66,CLG0002,82,8.81,8.39,10,No,6,6,5,No
2872,19,89,Medium,Medium,Yes,6,88,Low,Yes,1,Medium,High,Public,Positive,2,No,High School,Near,Female,69,CLG0058,120,6.98,6.77,3,No,2,3,3,No
2873,29,69,Medium,Medium,Yes,7,58,Medium,Yes,1,Low,Low,Public,Positive,2,No,College,Near,Male,66,CLG0061,77,7.13,6.7,8,Yes,3,7,3,No
2874,18,94,Medium,Medium,Yes,6,87,High,Yes,1,Medium,Medium,Public,Positive,4,No,High School,Near,Male,71,CLG0096,88,8.51,8.39,1,Yes,4,1,4,No
2875,20,74,High,High,No,7,69,Low,Yes,2,High,High,Private,Neutral,2,No,College,Near,Male,68,CLG0069,94,6.48,6.16,1,No,4,10,1,No
2876,22,98,Medium,Low,Yes,8,69,Medium,Yes,4,High,Medium,Private,Positive,2,No,High School,Near,Female,72,CLG0099,96,8.2,8.3,7,No,1,9,4,Yes
2877,14,61,Medium,Medium,Yes,7,93,Low,Yes,3,Medium,High,Public,Negative,2,No,High School,Moderate,Male,62,CLG0082,79,6.81,6.62,4,No,6,10,2,No
2878,34,62,High,Low,No,8,89,Low,Yes,3,Low,Medium,Private,Neutral,4,No,College,Moderate,Female,68,CLG0067,110,8.87,8.9,3,Yes,6,6,4,No
2879,27,81,Medium,Medium,Yes,7,97,Low,Yes,1,Medium,Medium,Public,Neutral,2,No,College,Near,Female,70,CLG0009,104,7.94,7.5,2,No,10,3,2,No
2880,21,98,Medium,Low,No,4,57,Medium,Yes,2,High,Low,Public,Neutral,2,No,High School,Near,Female,68,CLG0079,138,7.86,7.51,3,No,0,5,2,No
2881,26,67,Medium,Medium,No,9,75,Medium,Yes,2,Medium,Medium,Public,Positive,3,No,High School,Near,Male,67,CLG0068,93,7.3,7.06,6,Yes,1,8,2,No
2882,12,89,Medium,High,No,8,91,Medium,No,1,Low,High,Public,Neutral,2,No,High School,Near,Male,66,CLG0054,86,7.35,7.83,6,Yes,8,7,0,No
2883,18,60,Medium,Medium,Yes,5,69,Medium,Yes,0,Medium,Medium,Public,Neutral,2,No,Postgraduate,Near,Female,62,CLG0005,100,7.8,7.93,3,No,2,6,4,No
2884,31,63,Low,High,Yes,7,74,Low,Yes,3,Medium,Medium,Public,Negative,2,No,College,Moderate,Male,66,CLG0053,107,9.72,9.32,4,No,8,4,0,No
2885,19,81,Medium,Medium,Yes,9,85,Medium,Yes,1,Low,Medium,Public,Neutral,1,No,High School,Moderate,Male,66,CLG0099,119,7.17,6.69,2,No,6,10,2,Yes
2886,22,89,Medium,High,No,8,93,Medium,Yes,2,High,Low,Private,Neutral,5,No,High School,Near,Male,72,CLG0051,87,5.36,5.85,1,Yes,5,2,5,No
2887,12,95,Medium,Medium,No,7,70,Medium,Yes,4,Medium,High,Public,Positive,3,No,High School,Far,Male,68,CLG0098,74,5.29,5.59,9,No,1,9,5,No
2888,11,62,Low,High,Yes,7,87,High,No,3,Low,High,Public,Positive,3,No,High School,Far,Female,61,CLG0045,71,9.17,8.7,4,No,0,8,4,Yes
2889,24,96,Medium,Medium,No,10,70,Medium,Yes,0,High,Medium,Public,Negative,4,No,High School,Near,Female,70,CLG0085,109,8.46,8.81,2,No,0,4,0,No
2890,26,67,Low,Medium,Yes,7,77,Low,Yes,2,Low,High,Private,Neutral,3,Yes,High School,Moderate,Male,64,CLG0024,98,9.38,9.35,8,Yes,0,7,3,No
2891,16,87,High,Medium,No,9,53,High,Yes,3,Medium,High,Private,Neutral,5,No,College,Near,Male,70,CLG0054,112,7.01,7.36,1,No,0,2,1,No
2892,27,88,High,High,Yes,7,60,Medium,Yes,2,Low,Medium,Public,Positive,2,No,High School,Near,Female,72,CLG0019,104,6.12,6.08,6,No,1,8,0,No
2893,22,99,High,High,Yes,7,51,Medium,Yes,2,High,High,Public,Negative,4,Yes,High School,Moderate,Male,72,CLG0017,98,5.63,5.17,8,No,9,4,2,No
2894,23,94,Medium,High,No,8,86,Medium,Yes,1,Low,High,Public,Neutral,0,No,College,Far,Female,70,CLG0050,92,7.52,7.22,2,Yes,4,1,0,No
2895,12,90,High,High,No,8,67,Low,Yes,2,Low,Low,Public,Neutral,3,No,High School,Near,Female,67,CLG0058,102,9.1,8.85,5,No,9,3,3,No
2896,14,70,Medium,Medium,Yes,9,88,Low,Yes,0,High,Medium,Private,Positive,4,No,College,Moderate,Female,64,CLG0007,109,8.71,8.97,9,No,1,5,2,No
2897,18,64,Low,Medium,Yes,9,64,Medium,Yes,4,Low,Medium,Public,Negative,4,Yes,High School,Near,Male,61,CLG0062,83,7.15,6.99,1,No,5,3,5,No
2898,23,67,Low,Medium,No,6,88,Medium,Yes,2,Medium,Medium,Private,Neutral,4,No,High School,Near,Male,65,CLG0070,92,6.16,5.97,6,Yes,3,1,3,No
2899,16,83,Low,Low,Yes,6,61,Medium,Yes,0,Medium,High,Public,Neutral,4,No,College,Near,Male,64,CLG0038,97,9.49,9.9,1,No,7,7,4,No
2900,22,76,High,Low,Yes,7,66,Low,Yes,1,Low,High,Private,Positive,4,No,Postgraduate,Near,Male,67,CLG0073,117,8.82,8.84,4,No,6,9,5,Yes
2901,19,84,High,Medium,No,9,97,Low,Yes,1,High,Medium,Public,Negative,3,Yes,High School,Near,Male,68,CLG0100,102,8.27,8.51,8,Yes,9,2,2,No
2902,20,60,Low,High,No,7,82,High,Yes,2,Low,High,Public,Positive,4,Yes,High School,Near,Male,63,CLG0030,83,7.86,8.31,9,No,6,7,0,No
2903,25,73,Medium,Medium,Yes,7,56,Medium,Yes,2,High,Medium,Public,Neutral,4,No,High School,Near,Female,93,CLG0012,79,7.3,7.67,4,Yes,1,3,3,No
2904,19,80,High,High,Yes,6,100,Medium,Yes,1,Medium,Medium,Public,Positive,3,No,High School,Near,Male,70,CLG0091,102,5.78,5.99,1,Yes,6,4,3,No
2905,14,82,Medium,Medium,Yes,6,77,Medium,Yes,3,Medium,Medium,Public,Positive,3,No,College,Near,Female,68,CLG0005,107,5.45,5.11,10,Yes,3,7,5,No
2906,25,72,Medium,Medium,No,6,89,Low,Yes,3,Low,High,Public,Neutral,5,No,High School,Near,Male,68,CLG0066,95,8.49,8.34,8,Yes,3,5,1,No
2907,18,71,Medium,Medium,No,6,84,Medium,Yes,2,Medium,Low,Public,Neutral,2,No,Postgraduate,Near,Male,65,CLG0090,85,9.69,9.94,8,Yes,9,8,4,Yes
2908,16,64,High,Medium,Yes,8,70,Low,Yes,3,High,High,Private,Negative,3,No,High School,Far,Female,63,CLG0090,112,9.88,9.88,6,Yes,5,4,2,Yes
2909,15,93,Medium,Medium,Yes,7,52,Medium,Yes,3,Low,Medium,Public,Negative,5,No,College,Near,Female,68,CLG0016,110,9.99,10.38,4,No,3,10,0,No
2910,15,98,Medium,High,No,8,61,Medium,Yes,4,Low,Medium,Public,Positive,2,No,High School,Moderate,Female,70,CLG0059,92,6.66,6.82,4,No,8,6,3,No
2911,18,98,High,Medium,No,7,57,Low,Yes,0,High,Medium,Private,Neutral,1,No,Postgraduate,Moderate,Male,69,CLG0003,101,7.09,7.55,2,Yes,4,10,2,No
2912,19,84,Medium,Low,No,9,72,High,Yes,1,Low,Medium,Public,Positive,3,No,High School,Far,Female,65,CLG0046,124,6.48,6.73,5,No,5,4,2,No
2913,29,78,High,High,Yes,4,93,Low,Yes,5,Medium,High,Public,Neutral,3,No,College,Near,Male,74,CLG0081,87,8.75,8.81,10,No,9,7,3,No
2914,17,86,Medium,Medium,Yes,5,51,Medium,Yes,2,Low,Medium,Private,Neutral,2,No,Postgraduate,Moderate,Male,66,CLG0092,90,5.79,6.0,4,No,4,9,1,No
2915,16,78,Medium,Low,Yes,7,68,High,Yes,3,Low,High,Private,Positive,3,No,Postgraduate,Far,Female,66,CLG0100,87,8.49,8.7,2,No,10,5,3,No
2916,22,95,Medium,Medium,No,5,97,Medium,Yes,0,Low,Low,Public,Neutral,3,No,High School,Moderate,Male,69,CLG0016,119,5.89,5.56,4,No,8,10,5,Yes
2917,25,72,High,Low,Yes,6,73,High,Yes,4,Medium,High,Public,Neutral,4,No,College,Moderate,Male,69,CLG0029,79,8.87,9.35,7,Yes,9,3,2,No
2918,23,80,High,High,Yes,6,97,Medium,Yes,0,Medium,Medium,Private,Neutral,3,No,High School,Near,Male,70,CLG0022,77,6.27,5.78,5,Yes,6,9,1,No
2919,18,71,High,Low,Yes,4,92,Medium,Yes,1,Low,Medium,Public,Negative,4,Yes,College,Near,Female,64,CLG0040,102,5.52,5.33,10,Yes,3,8,0,No
2920,18,71,High,High,Yes,9,93,Medium,Yes,1,Low,High,Private,Neutral,4,No,College,Moderate,Male,68,CLG0030,77,6.04,5.67,7,Yes,0,2,0,No
2921,11,96,High,High,No,7,60,Medium,Yes,2,Low,Medium,Public,Neutral,1,No,High School,Near,Male,68,CLG0078,118,6.95,7.08,9,No,10,5,4,No
2922,16,62,Low,Medium,Yes,8,90,Low,Yes,2,High,Medium,Public,Neutral,2,No,Postgraduate,Far,Male,62,CLG0038,104,9.61,9.53,5,No,2,9,2,Yes
2923,17,75,High,Low,Yes,7,69,Medium,Yes,1,High,Medium,Public,Positive,4,No,High School,Near,Male,66,CLG0003,66,5.11,5.37,3,No,4,10,2,No
2924,18,62,Medium,Low,Yes,8,87,Medium,Yes,4,Low,Medium,Public,Positive,4,No,College,Near,Female,64,CLG0074,117,9.0,8.8,9,No,9,6,2,Yes
2925,21,99,High,Low,Yes,4,67,Medium,Yes,1,Medium,Medium,Private,Negative,4,No,College,Near,Female,71,CLG0100,110,8.18,7.78,6,Yes,7,2,3,No
2926,8,96,Medium,Medium,Yes,8,100,High,Yes,1,High,Medium,Public,Negative,4,No,High School,Moderate,Male,68,CLG0049,89,8.36,8.29,5,Yes,0,10,5,Yes
2927,26,91,Low,Medium,No,10,72,Low,Yes,4,High,Medium,Public,Neutral,3,No,College,Moderate,Male,71,CLG0039,94,5.31,4.84,4,No,1,3,5,No
2928,26,74,Medium,Low,Yes,8,96,Medium,Yes,2,Medium,High,Private,Neutral,3,No,High School,Near,Female,68,CLG0047,72,6.71,6.64,6,No,4,5,3,No
2929,30,97,Medium,High,Yes,6,66,High,Yes,1,Medium,Medium,Private,Neutral,2,No,College,Near,Male,74,CLG0050,72,5.92,5.74,9,No,6,7,3,No
2930,22,69,Medium,Medium,Yes,5,79,Medium,Yes,1,Low,Low,Public,Positive,3,No,College,Near,Male,66,CLG0041,86,7.74,8.08,2,No,9,3,0,No
2931,35,94,High,Medium,Yes,7,63,Medium,Yes,1,Low,High,Public,Positive,2,No,College,Near,Female,75,CLG0019,128,6.09,6.21,3,Yes,1,6,0,No
2932,23,68,Low,Low,No,8,91,Medium,Yes,5,Low,Medium,Public,Negative,5,No,Postgraduate,Near,Female,66,CLG0049,88,5.36,5.13,3,No,3,1,0,No
2933,20,78,Medium,Medium,No,6,77,Medium,Yes,3,Medium,Medium,Private,Positive,3,No,High School,Moderate,Male,67,CLG0090,131,7.3,6.98,10,No,7,6,4,No
2934,19,97,Medium,Low,Yes,8,54,Medium,Yes,0,High,Medium,Public,Neutral,2,No,High School,Near,Male,68,CLG0059,66,6.28,5.9,8,No,10,9,1,No
2935,18,80,Medium,Low,Yes,8,92,High,Yes,0,Medium,High,Private,Positive,1,No,College,Near,Male,67,CLG0077,114,7.74,7.4,5,Yes,8,8,3,Yes
2936,18,73,Medium,High,No,8,53,Medium,No,1,Low,High,Public,Neutral,3,No,Postgraduate,Moderate,Male,64,CLG0079,89,9.48,9.04,5,Yes,6,4,0,No
2937,22,78,Medium,High,Yes,5,70,Medium,Yes,2,Low,Medium,Public,Positive,1,No,College,Near,Male,68,CLG0034,95,5.22,5.08,1,No,10,4,5,No
2938,16,97,Medium,Medium,No,7,96,Low,No,4,Low,High,Private,Neutral,2,No,High School,Near,Female,69,CLG0099,101,8.87,8.52,7,No,7,10,0,No
2939,12,93,High,High,Yes,6,50,Low,Yes,4,High,High,Public,Positive,3,No,Postgraduate,Moderate,Male,71,CLG0078,87,9.42,9.71,2,No,0,2,3,No
2940,13,87,Low,Medium,Yes,6,98,Low,Yes,0,High,High,Public,Positive,3,Yes,Postgraduate,Moderate,Male,66,CLG0010,108,5.31,5.62,8,Yes,4,7,5,No
2941,34,77,Medium,High,No,9,52,Medium,Yes,0,Medium,Medium,Private,Neutral,4,No,High School,Moderate,Female,69,CLG0012,95,9.47,9.16,2,Yes,1,9,5,Yes
2942,15,64,High,Medium,No,9,65,Medium,Yes,2,Medium,Medium,Public,Neutral,2,No,High School,Near,Male,63,CLG0063,106,6.96,7.12,5,No,1,7,1,No
2943,17,69,Medium,Medium,Yes,7,70,Low,Yes,0,Low,High,Public,Neutral,3,Yes,College,Moderate,Male,61,CLG0031,95,8.94,8.79,8,Yes,0,1,2,No
2944,22,98,Medium,Medium,Yes,6,93,Medium,Yes,4,Low,Medium,Public,Neutral,4,No,High School,Near,Female,73,CLG0062,123,6.75,6.49,9,No,4,5,4,No
2945,21,90,Medium,Low,No,7,55,Medium,Yes,2,Medium,Medium,Public,Neutral,2,No,College,Near,Female,68,CLG0038,91,8.37,8.01,2,No,6,4,3,No
2946,23,63,Medium,Medium,No,7,73,Low,Yes,1,Low,Medium,Public,Neutral,3,No,College,Moderate,Male,63,CLG0088,82,5.49,5.86,5,No,2,6,0,No
2947,10,77,Low,High,Yes,5,93,Medium,Yes,3,Low,Medium,Public,Positive,3,No,College,Near,Female,66,CLG0023,92,5.51,5.46,8,Yes,2,8,4,No
2948,21,95,Low,Low,No,10,84,Low,Yes,0,High,Medium,Public,Neutral,4,Yes,High School,Near,Male,67,CLG0018,95,5.79,5.77,5,No,5,4,5,No
2949,34,96,Medium,Medium,Yes,5,94,High,Yes,1,Medium,High,Public,Negative,5,Yes,High School,Moderate,Female,75,CLG0068,87,7.13,7.25,3,No,9,5,1,No
2950,18,92,Medium,Medium,Yes,6,73,Low,Yes,1,Medium,High,Public,Neutral,5,Yes,High School,Moderate,Female,67,CLG0043,129,5.13,5.24,10,Yes,4,7,3,No
2951,11,99,Medium,High,Yes,7,88,High,No,4,Medium,Low,Private,Neutral,3,No,College,Near,Male,71,CLG0071,130,6.22,6.27,3,No,9,1,4,No
2952,15,67,High,Medium,Yes,5,80,High,Yes,3,Medium,High,Public,Neutral,4,No,College,Near,Male,67,CLG0039,97,5.43,5.34,8,No,3,3,0,No
2953,22,84,Medium,Medium,Yes,9,88,Medium,Yes,2,Low,High,Private,Neutral,4,No,Postgraduate,Near,Male,71,CLG0098,108,5.28,5.2,5,No,8,5,3,No
2954,22,83,Low,High,Yes,6,80,Medium,Yes,2,Medium,Medium,Public,Positive,5,No,High School,Moderate,Female,69,CLG0044,99,9.16,9.06,4,No,3,8,0,No
2955,14,70,Medium,Medium,Yes,9,51,Low,Yes,1,Low,High,Public,Negative,4,No,College,Near,Male,62,CLG0089,104,9.87,9.58,3,No,9,5,0,No
2956,26,61,Low,Medium,Yes,5,51,High,Yes,0,Low,Medium,Private,Neutral,5,No,High School,Moderate,Female,62,CLG0003,100,8.71,8.67,10,No,6,4,4,No
2957,22,92,Medium,Low,No,5,72,Low,Yes,0,Medium,Medium,Private,Negative,4,No,College,Moderate,Male,67,CLG0037,100,8.81,9.12,3,No,10,2,5,No
2958,12,80,Medium,Low,No,6,75,Medium,Yes,1,Low,High,Public,Negative,4,No,High School,Moderate,Male,62,CLG0053,121,9.16,8.9,7,Yes,6,1,5,Yes
2959,22,90,Low,Medium,Yes,9,81,Medium,Yes,0,Medium,Medium,Public,Neutral,4,No,High School,Near,Male,69,CLG0070,72,9.25,9.33,10,Yes,1,9,2,Yes
2960,21,77,Medium,High,Yes,6,70,Low,No,2,High,Medium,Private,Positive,2,No,College,Near,Male,68,CLG0027,108,5.56,5.93,9,Yes,0,10,2,No
2961,10,91,High,High,Yes,10,51,Medium,Yes,0,Low,Medium,Public,Positive,3,No,Postgraduate,Moderate,Male,67,CLG0058,75,9.9,9.47,2,No,1,3,1,No
2962,16,78,High,Low,Yes,8,57,High,Yes,1,Medium,Medium,Public,Negative,3,No,College,Near,Male,65,CLG0088,95,7.2,6.73,7,No,8,8,5,No
2963,28,69,High,Low,No,6,61,Low,Yes,2,Medium,High,Public,Positive,1,Yes,High School,Near,Male,65,CLG0089,94,8.56,8.69,3,Yes,10,2,5,No
2964,31,69,Medium,Low,Yes,9,81,Medium,Yes,2,Medium,Medium,Private,Negative,2,No,College,Near,Male,67,CLG0049,95,9.98,9.85,9,Yes,2,10,5,Yes
2965,23,63,Medium,Medium,No,8,69,High,Yes,2,Medium,Low,Public,Negative,4,Yes,High School,Near,Male,63,CLG0064,106,8.2,8.67,3,Yes,2,8,4,Yes
2966,19,86,Medium,Medium,No,6,81,Medium,Yes,3,Medium,High,Public,Neutral,3,No,College,Near,Male,70,CLG0005,114,6.72,6.45,2,No,3,6,0,No
2967,30,75,Medium,Low,Yes,9,95,Low,Yes,1,High,Medium,Public,Negative,5,No,Postgraduate,Near,Male,70,CLG0024,122,6.38,6.38,3,No,10,4,4,No
2968,13,77,High,High,No,7,58,Medium,Yes,2,Low,Medium,Public,Positive,3,No,High School,Near,Male,66,CLG0069,89,8.72,9.0,3,Yes,5,8,4,Yes
2969,27,86,Medium,High,No,7,88,Medium,Yes,1,Medium,Medium,Private,Neutral,3,No,Postgraduate,Moderate,Male,72,CLG0079,117,5.79,5.59,5,No,5,6,0,No
2970,4,61,Low,High,Yes,6,63,Medium,Yes,4,Medium,Medium,Public,Neutral,3,No,High School,Moderate,Male,59,CLG0076,117,9.23,9.25,3,Yes,6,10,2,Yes
2971,27,97,High,High,No,8,72,Medium,Yes,6,Low,Medium,Public,Neutral,2,No,College,Near,Female,76,CLG0011,111,7.95,7.99,5,No,0,2,2,No
2972,3,83,High,Low,Yes,7,59,Low,Yes,2,Medium,High,Public,Positive,5,No,High School,Moderate,Male,63,CLG0022,107,8.8,9.11,6,No,0,4,4,No
2973,23,68,Medium,High,No,7,53,High,Yes,3,High,Medium,Public,Neutral,3,No,High School,Moderate,Female,66,CLG0014,126,7.22,7.06,5,Yes,9,3,5,No
2974,19,89,Low,Medium,No,8,71,Medium,Yes,2,Low,High,Public,Positive,4,No,High School,Near,Male,68,CLG0063,76,5.56,5.12,3,Yes,9,9,4,No
2975,26,98,High,Low,No,8,90,Low,Yes,1,High,Low,Public,Positive,2,Yes,Postgraduate,Moderate,Female,72,CLG0013,98,6.16,6.26,3,Yes,3,9,1,No
2976,17,71,Low,High,Yes,6,78,Low,Yes,0,Medium,Medium,Public,Positive,4,No,College,Near,Female,64,CLG0093,97,7.92,7.45,2,Yes,1,10,4,No
2977,23,74,Medium,High,Yes,6,93,Medium,Yes,4,High,Medium,Private,Neutral,3,No,High School,Near,Female,70,CLG0013,89,8.11,7.97,3,No,8,5,2,No
2978,22,62,High,Medium,No,6,54,Medium,Yes,3,Low,Medium,Private,Neutral,3,No,Postgraduate,Near,Male,65,CLG0007,96,6.81,7.11,5,No,1,2,1,No
2979,27,99,High,Medium,Yes,6,57,Medium,Yes,3,Low,Medium,Public,Neutral,3,No,College,Moderate,Male,73,CLG0026,116,7.68,8.13,10,No,3,1,5,Yes
2980,22,70,Medium,High,Yes,8,72,Medium,Yes,2,High,Medium,Public,Neutral,3,No,High School,Near,Male,67,CLG0036,101,8.09,8.5,5,No,9,2,0,No
2981,24,98,High,Medium,Yes,6,97,Medium,Yes,1,Medium,Medium,Public,Positive,4,No,College,Far,Male,74,CLG0002,123,8.57,8.67,2,Yes,3,10,2,Yes
2982,21,96,Medium,Medium,No,8,64,High,Yes,2,Medium,High,Public,Neutral,0,No,College,Near,Male,71,CLG0075,109,6.48,6.03,5,Yes,7,2,1,No
2983,24,60,Low,Medium,No,6,62,High,Yes,4,Low,High,Public,Negative,3,No,High School,Near,Female,63,CLG0018,84,8.07,8.23,8,Yes,7,4,3,No
2984,22,61,Medium,Medium,Yes,6,97,High,Yes,0,Low,High,Public,Negative,2,Yes,High School,Near,Male,63,CLG0028,106,5.58,5.27,5,Yes,4,2,1,No
2985,20,72,High,Low,No,8,60,Low,Yes,0,Low,Medium,Public,Neutral,5,No,High School,Near,Male,63,CLG0056,114,6.17,6.55,5,No,8,10,3,Yes
2986,17,74,Medium,Medium,Yes,8,87,Medium,Yes,4,Low,Low,Public,Positive,3,No,College,Near,Male,67,CLG0072,86,5.97,6.26,9,No,2,10,0,No
2987,19,77,Low,Medium,Yes,4,55,Medium,Yes,0,Medium,Low,Public,Positive,4,No,College,Moderate,Male,64,CLG0011,107,9.73,9.76,5,Yes,5,9,1,No
2988,21,76,Medium,High,Yes,8,83,Medium,Yes,0,Low,Medium,Public,Positive,5,No,High School,Near,Male,68,CLG0035,88,9.66,9.22,3,Yes,2,5,1,No
2989,27,84,High,High,No,8,68,Low,Yes,3,Low,High,Private,Positive,2,Yes,Postgraduate,Near,Female,72,CLG0038,90,5.08,4.95,4,Yes,9,9,3,No
2990,18,76,Medium,Medium,No,9,66,High,Yes,1,High,High,Public,Positive,3,No,High School,Near,Female,66,CLG0051,90,7.94,7.61,2,No,10,7,2,No
2991,23,64,Medium,High,No,4,71,Low,Yes,2,Medium,Medium,Public,Negative,1,No,Postgraduate,Near,Male,65,CLG0100,91,6.57,6.83,6,No,9,8,4,No
2992,21,67,Medium,Medium,Yes,9,77,Medium,Yes,3,High,Low,Public,Neutral,3,No,College,Moderate,Female,66,CLG0035,109,5.34,4.9,10,No,5,10,4,No
2993,22,69,Medium,Medium,No,8,89,Low,No,0,Low,High,Public,Positive,5,No,High School,Moderate,Female,64,CLG0078,113,9.73,9.92,7,Yes,10,4,2,Yes
2994,26,99,Medium,High,Yes,10,74,Medium,Yes,1,Medium,Medium,Private,Neutral,2,No,College,Near,Male,74,CLG0013,102,9.09,9.41,7,Yes,9,9,0,No
2995,22,75,High,High,Yes,9,66,Low,Yes,0,Low,Medium,Private,Neutral,2,No,Postgraduate,Near,Male,67,CLG0080,81,8.44,8.65,8,No,9,8,4,Yes
2996,22,62,High,Medium,No,9,51,Medium,Yes,2,Low,Medium,Public,Neutral,2,No,High School,Near,Male,63,CLG0093,94,7.39,7.85,4,No,10,3,4,No
2997,16,61,Medium,High,Yes,8,54,High,Yes,0,Low,High,Private,Positive,3,No,College,Moderate,Male,62,CLG0078,114,8.28,8.08,8,Yes,3,3,3,Yes
2998,22,69,High,High,No,7,86,Low,Yes,1,High,Medium,Public,Positive,4,Yes,High School,Moderate,Female,67,CLG0018,92,8.92,9.05,2,No,6,10,3,Yes
2999,15,86,Medium,Low,No,6,90,Medium,Yes,0,Medium,High,Public,Neutral,3,No,Postgraduate,Far,Male,66,CLG0094,78,6.33,6.33,8,No,10,8,5,No
3000,22,62,High,Medium,Yes,7,70,Low,Yes,4,Low,Medium,Public,Negative,2,No,College,Near,Female,65,CLG0014,98,8.41,8.31,6,No,2,8,2,Yes
3001,28,86,Medium,Medium,Yes,7,52,Medium,Yes,0,Medium,Medium,Public,Positive,5,No,College,Near,Male,70,CLG0097,110,8.29,8.25,3,No,2,2,4,No
3002,17,79,High,High,No,5,69,Medium,Yes,4,Low,Medium,Public,Negative,3,No,Postgraduate,Near,Female,68,CLG0053,82,8.04,7.98,1,No,1,3,5,No
3003,16,93,Low,High,Yes,5,65,Low,Yes,0,Medium,Medium,Public,Negative,3,No,High School,Near,Female,66,CLG0034,103,9.59,9.3,2,Yes,5,6,3,No
3004,19,73,Medium,Medium,Yes,7,85,Medium,Yes,1,Medium,Medium,Public,Neutral,3,No,High School,Far,Male,65,CLG0071,87,8.77,9.03,1,Yes,2,4,4,No
3005,26,90,Medium,Medium,Yes,8,98,Medium,Yes,0,Low,Low,Private,Negative,3,Yes,Postgraduate,Moderate,Female,69,CLG0034,97,5.83,5.61,8,Yes,5,6,3,No
3006,23,63,Low,Medium,Yes,9,84,High,Yes,0,High,Medium,Public,Neutral,3,No,High School,Near,Female,64,CLG0027,79,5.43,5.29,8,No,9,4,4,No
3007,28,92,Medium,Medium,Yes,7,87,Low,Yes,1,Low,Low,Public,Positive,1,No,High School,Near,Female,71,CLG0076,83,5.66,5.52,7,No,8,3,1,No
3008,26,91,Medium,Low,Yes,8,71,Medium,Yes,0,Low,Medium,Private,Neutral,3,No,High School,Moderate,Male,68,CLG0067,107,8.27,8.36,7,Yes,2,8,5,Yes
3009,18,81,High,Low,Yes,8,71,Medium,Yes,0,Medium,Medium,Public,Neutral,3,No,High School,Moderate,Female,65,CLG0046,91,6.08,5.67,3,No,0,7,3,No
3010,17,96,Medium,Medium,Yes,6,54,Medium,Yes,1,Medium,Medium,Private,Positive,4,No,High School,Near,Male,69,CLG0001,80,6.48,6.07,1,No,3,6,5,No
3011,16,74,Medium,High,Yes,7,74,Low,Yes,4,Low,Low,Private,Positive,3,No,High School,Near,Male,66,CLG0011,98,8.21,8.55,7,No,2,2,5,No
3012,30,95,Medium,Medium,Yes,7,90,Medium,Yes,3,Medium,Medium,Public,Neutral,1,No,High School,Moderate,Male,74,CLG0046,107,6.93,7.31,8,No,5,10,2,No
3013,25,60,Medium,Low,No,6,71,Low,Yes,2,High,Medium,Public,Positive,2,No,High School,Near,Male,63,CLG0085,81,9.69,10.17,1,Yes,9,8,3,Yes
3014,22,80,Medium,Medium,Yes,8,71,High,Yes,2,Low,Medium,Private,Positive,3,No,High School,Near,Female,68,CLG0058,115,9.6,9.47,3,Yes,8,3,4,Yes
3015,23,77,High,Medium,No,5,68,Low,Yes,0,High,High,Private,Positive,3,Yes,High School,Near,Male,67,CLG0041,104,8.63,8.7,9,No,6,10,1,No
3016,16,73,High,High,Yes,7,65,Low,Yes,1,Medium,Medium,Private,Positive,4,No,College,Moderate,Male,66,CLG0075,108,7.49,7.37,8,Yes,3,5,5,No
3017,13,99,Low,Medium,No,7,54,High,Yes,3,High,Medium,Public,Negative,3,No,High School,Far,Male,67,CLG0013,114,7.88,7.61,8,Yes,7,4,2,No
3018,23,78,Medium,Medium,Yes,8,66,Medium,Yes,1,Medium,High,Public,Neutral,1,No,College,Moderate,Female,67,CLG0067,103,7.16,7.02,5,No,7,5,5,No
3019,21,91,Medium,Medium,Yes,6,66,High,Yes,0,Medium,Medium,Public,Positive,2,Yes,College,Far,Female,68,CLG0092,99,7.0,7.3,5,Yes,2,1,3,No
3020,20,61,Low,Medium,No,6,52,Medium,Yes,2,Low,Low,Private,Negative,2,No,Postgraduate,Near,Male,60,CLG0037,82,9.42,9.25,4,No,1,2,4,No
3021,26,86,Medium,Low,No,7,95,Medium,Yes,0,Low,High,Public,Negative,5,No,High School,Moderate,Male,68,CLG0040,79,8.77,8.83,5,No,0,4,0,No
3022,26,62,High,Medium,Yes,8,52,Medium,Yes,4,Low,Medium,Public,Neutral,5,No,College,Near,Male,67,CLG0036,104,5.64,5.56,7,Yes,8,9,0,No
3023,18,70,High,Low,Yes,7,60,Medium,Yes,1,Medium,High,Public,Positive,3,No,College,Near,Male,65,CLG0086,111,8.95,9.05,1,Yes,9,8,3,Yes
3024,14,73,High,Medium,No,5,87,High,Yes,2,Medium,Medium,Public,Positive,4,No,College,Near,Female,67,CLG0026,104,9.32,9.16,7,No,10,1,4,No
3025,14,68,Medium,Medium,Yes,6,52,Medium,Yes,2,Low,Medium,Public,Positive,2,No,College,Near,Male,62,CLG0025,75,6.3,6.76,2,No,4,4,5,No
3026,29,96,Low,Low,No,4,89,Medium,Yes,2,Low,High,Public,Neutral,2,No,High School,Far,Female,70,CLG0036,100,8.75,9.09,4,Yes,2,8,4,Yes
3027,17,70,High,Medium,No,7,75,Medium,Yes,1,Low,Medium,Private,Neutral,4,Yes,College,Far,Male,63,CLG0010,100,8.22,8.28,8,Yes,7,3,3,No
3028,11,97,Medium,High,Yes,8,60,Medium,Yes,0,Medium,Low,Private,Positive,3,No,High School,Near,Male,67,CLG0045,91,8.75,8.77,9,Yes,7,1,1,No
3029,22,78,Medium,High,Yes,5,61,Low,Yes,2,Low,Medium,Public,Neutral,4,No,College,Near,Male,68,CLG0098,70,9.25,9.34,7,No,0,7,2,No
3030,20,90,High,High,Yes,6,69,Medium,Yes,2,High,High,Public,Neutral,3,No,High School,Near,Female,72,CLG0096,87,6.15,6.3,8,No,3,2,1,No
3031,12,98,High,Low,Yes,8,64,Medium,No,5,Low,Medium,Public,Neutral,5,No,College,Near,Female,69,CLG0061,92,9.69,9.37,6,Yes,10,5,3,No
3032,14,70,Medium,High,Yes,7,53,Low,Yes,0,Medium,Medium,Public,Negative,3,No,High School,Moderate,Male,61,CLG0014,107,9.37,9.12,6,No,1,8,0,No
3033,24,76,Low,Medium,No,5,78,High,Yes,1,Medium,Medium,Private,Neutral,4,Yes,High School,Moderate,Male,65,CLG0036,118,5.0,5.41,2,No,9,5,1,No
3034,19,94,Medium,Low,Yes,10,65,High,Yes,1,Low,High,Public,Negative,3,No,Postgraduate,Moderate,Male,69,CLG0008,110,7.44,7.83,3,No,1,7,4,No
3035,22,83,Medium,Low,Yes,7,66,Medium,Yes,2,Medium,Medium,Private,Neutral,3,No,High School,Near,Female,67,CLG0078,94,6.35,6.8,3,No,3,5,1,No
3036,21,74,Medium,High,Yes,6,77,High,No,0,Medium,Medium,Public,Neutral,3,No,College,Near,Male,66,CLG0080,95,8.43,8.59,10,Yes,10,4,5,No
3037,17,61,Medium,Medium,Yes,7,87,High,Yes,5,Medium,Medium,Public,Neutral,3,No,High School,Near,Male,65,CLG0059,106,5.84,6.31,10,Yes,7,1,0,No
3038,23,65,Medium,Medium,Yes,6,96,Medium,Yes,0,Low,Low,Public,Positive,3,No,High School,Near,Male,65,CLG0005,99,5.39,5.54,3,No,8,9,2,No
3039,27,91,Medium,Low,No,8,57,Medium,Yes,0,Low,Low,Private,Neutral,4,No,Postgraduate,Moderate,Male,68,CLG0082,113,7.19,7.38,9,No,3,5,3,No
3040,11,90,Low,Low,Yes,8,59,Low,Yes,1,Low,High,Public,Positive,4,No,High School,Near,Male,64,CLG0031,92,7.33,7.46,10,No,7,4,2,No
3041,9,86,High,High,No,8,80,Medium,Yes,1,Low,Medium,Public,Positive,5,No,College,Far,Female,67,CLG0068,118,5.42,5.58,7,No,4,7,0,No
3042,25,76,Medium,High,No,6,89,High,Yes,3,Low,Medium,Public,Neutral,3,No,College,Near,Male,70,CLG0077,98,6.4,6.05,2,Yes,1,4,4,No
3043,19,81,Medium,Low,Yes,8,96,High,Yes,1,Low,Medium,Private,Negative,4,No,Postgraduate,Near,Male,67,CLG0071,130,6.91,6.48,2,No,7,1,0,No
3044,25,64,Medium,Low,Yes,6,82,Low,Yes,2,Low,Medium,Public,Negative,3,No,High School,Moderate,Female,63,CLG0060,114,8.74,9.07,5,No,2,3,5,Yes
3045,18,94,High,Low,No,7,79,High,Yes,2,High,Medium,Private,Neutral,4,No,High School,Near,Female,70,CLG0017,82,7.91,7.85,7,No,7,8,2,No
3046,20,91,High,Low,Yes,7,82,Medium,Yes,0,Medium,Medium,Public,Neutral,4,No,College,Near,Male,70,CLG0036,111,6.28,6.03,9,Yes,7,8,3,Yes
3047,27,80,High,Medium,No,8,90,Low,Yes,1,Medium,High,Public,Neutral,3,No,Postgraduate,Near,Female,71,CLG0037,103,8.79,8.31,5,No,2,7,3,No
3048,27,94,Medium,Medium,Yes,7,57,Medium,Yes,1,Medium,Medium,Private,Neutral,1,No,High School,Near,Male,71,CLG0020,125,7.56,7.71,5,No,8,5,1,No
3049,21,96,Medium,Medium,Yes,4,50,Medium,Yes,1,Low,Low,Private,Positive,2,No,Postgraduate,Moderate,Male,69,CLG0026,107,5.79,5.46,9,Yes,7,8,4,No
3050,24,86,Medium,High,Yes,9,69,High,Yes,1,Medium,High,Public,Neutral,3,No,Postgraduate,Near,Male,72,CLG0017,73,7.16,6.9,10,Yes,10,3,4,No
3051,5,84,Medium,Medium,Yes,7,53,Low,No,1,Low,High,Public,Positive,3,No,Postgraduate,Moderate,Male,62,CLG0091,99,8.24,8.68,6,No,5,3,3,No
3052,21,69,Medium,Low,Yes,7,85,Medium,Yes,2,Medium,Medium,Private,Positive,0,No,Postgraduate,Near,Male,66,CLG0063,92,6.1,5.82,4,Yes,5,10,5,No
3053,14,94,Medium,Medium,Yes,7,62,High,Yes,2,Medium,High,Private,Negative,1,No,Postgraduate,Near,Male,69,CLG0065,90,7.03,7.23,3,No,3,5,2,No
3054,24,66,Medium,Medium,No,6,64,Medium,No,0,Medium,High,Public,Neutral,4,No,High School,Near,Male,64,CLG0034,131,7.69,8.04,8,Yes,3,7,0,No
3055,29,98,Medium,Medium,Yes,9,60,Low,Yes,0,Low,Medium,Private,Negative,4,No,High School,Near,Female,70,CLG0008,129,6.94,6.91,7,No,3,1,4,No
3056,16,87,Medium,Medium,No,5,76,High,Yes,1,Low,High,Private,Neutral,2,No,Postgraduate,Far,Female,67,CLG0036,108,5.1,4.91,1,Yes,4,8,4,No
3057,15,74,Low,Low,No,10,71,Medium,Yes,0,Low,High,Public,Negative,2,No,Postgraduate,Near,Male,61,CLG0083,89,5.78,6.1,6,No,1,6,5,No
3058,11,72,Medium,Medium,Yes,6,94,Low,Yes,2,Medium,Medium,Public,Positive,3,No,High School,Moderate,Male,63,CLG0046,102,5.46,5.09,1,No,2,8,1,No
3059,15,65,High,High,Yes,8,72,Low,Yes,2,Low,Medium,Private,Neutral,2,Yes,Postgraduate,Far,Male,63,CLG0095,111,8.57,8.43,5,Yes,3,2,3,Yes
3060,6,65,High,High,No,6,62,Medium,No,3,Low,Low,Public,Neutral,1,No,High School,Near,Male,59,CLG0100,107,8.22,8.57,3,No,7,7,3,No
3061,18,79,High,Low,No,9,51,High,Yes,2,Medium,Medium,Private,Positive,3,No,High School,Near,Male,66,CLG0018,114,5.37,5.42,5,No,0,9,3,Yes
3062,14,61,Low,Medium,No,7,85,High,Yes,1,Low,Medium,Public,Neutral,1,No,High School,Near,Female,60,CLG0033,95,9.43,9.08,7,No,10,3,5,No
3063,15,65,Medium,High,Yes,9,93,Low,Yes,2,Low,Low,Private,Neutral,3,No,College,Near,Male,64,CLG0009,102,9.23,9.49,5,No,10,10,4,Yes
3064,11,92,Medium,Medium,No,5,75,Medium,Yes,2,Medium,Medium,Public,Negative,3,No,High School,Near,Female,66,CLG0095,106,5.93,6.11,4,No,4,1,5,No
3065,16,62,Low,Low,No,7,89,High,Yes,0,Medium,Medium,Public,Neutral,3,No,High School,Far,Female,59,CLG0095,106,7.73,8.17,7,No,10,2,2,No
3066,30,72,High,Medium,Yes,8,82,High,Yes,1,Low,Medium,Public,Positive,1,No,College,Moderate,Female,70,CLG0058,93,6.07,5.85,9,Yes,2,7,2,No
3067,29,84,Medium,Low,Yes,7,68,Low,Yes,1,Low,Medium,Private,Neutral,2,No,High School,Moderate,Male,67,CLG0054,96,7.89,8.01,1,Yes,2,2,0,No
3068,22,67,Low,Medium,No,8,52,Medium,Yes,1,Medium,Low,Public,Negative,2,Yes,College,Moderate,Female,60,CLG0014,129,5.11,5.38,2,No,0,3,5,No
3069,22,86,High,Medium,No,6,55,Medium,Yes,5,High,Low,Private,Negative,3,No,Postgraduate,Near,Female,71,CLG0100,87,8.51,8.71,3,No,7,7,4,No
3070,16,80,High,Medium,No,8,55,High,No,0,Low,Medium,Public,Positive,6,No,College,Moderate,Male,65,CLG0088,98,6.72,7.08,9,No,7,10,3,No
3071,14,68,Medium,Medium,Yes,8,53,High,Yes,1,Medium,High,Private,Positive,2,No,College,Near,Female,63,CLG0087,88,6.86,7.0,4,No,4,1,3,No
3072,14,81,Medium,Medium,No,6,88,Medium,Yes,1,High,Medium,Public,Positive,3,No,Postgraduate,Moderate,Female,67,CLG0049,125,7.04,6.97,5,Yes,8,10,5,Yes
3073,28,88,Low,High,Yes,8,93,Medium,Yes,3,Low,Medium,Public,Negative,1,No,Postgraduate,Moderate,Female,72,CLG0040,101,8.17,8.05,9,No,7,6,1,No
3074,18,69,Medium,High,Yes,10,85,Medium,Yes,2,High,Medium,Private,Positive,0,No,College,Moderate,Female,66,CLG0100,113,7.82,7.35,10,No,2,4,3,No
3075,13,69,Medium,Medium,Yes,7,72,Low,Yes,2,High,Medium,Public,Positive,2,No,High School,Moderate,Female,63,CLG0062,113,6.09,5.99,6,Yes,10,10,5,Yes
3076,21,64,Low,High,Yes,6,51,Low,Yes,0,High,Low,Public,Negative,3,No,College,Moderate,Female,61,CLG0031,118,7.62,7.74,8,No,9,1,3,No
3077,24,78,High,Low,Yes,9,94,Low,Yes,0,Low,High,Public,Neutral,4,No,High School,Moderate,Female,67,CLG0074,93,8.34,8.53,3,Yes,6,4,4,No
3078,27,68,Medium,Low,Yes,9,95,Medium,Yes,1,Low,Medium,Public,Positive,3,No,College,Moderate,Male,67,CLG0064,102,9.78,9.51,5,No,9,6,5,No
3079,21,75,Low,Medium,Yes,5,91,Medium,Yes,2,Low,Low,Public,Neutral,3,No,High School,Near,Male,66,CLG0016,77,9.63,9.46,9,No,3,7,4,No
3080,16,98,Medium,Low,Yes,6,60,Medium,Yes,1,Medium,Medium,Private,Positive,3,No,High School,Far,Male,67,CLG0022,88,5.72,5.68,8,No,10,7,4,No
3081,22,100,Medium,Medium,Yes,7,64,Medium,Yes,2,Low,Medium,Private,Positive,3,No,College,Near,Female,72,CLG0096,101,5.64,6.04,10,Yes,5,7,1,No
3082,19,87,High,Medium,No,4,89,Medium,Yes,0,Low,Low,Public,Positive,5,Yes,Postgraduate,Moderate,Female,68,CLG0007,105,8.43,8.15,6,Yes,4,4,2,No
3083,25,71,Medium,High,Yes,6,73,Medium,Yes,1,Low,Medium,Private,Neutral,4,No,High School,Near,Female,67,CLG0002,99,8.06,8.02,4,No,8,2,3,No
3084,19,85,High,Medium,Yes,9,71,Low,Yes,1,Medium,High,Public,Positive,2,No,Postgraduate,Moderate,Female,69,CLG0066,71,9.6,9.99,6,No,7,5,4,No
3085,23,86,Low,High,No,7,67,Low,Yes,2,Medium,High,Private,Neutral,3,Yes,College,Near,Female,68,CLG0076,121,5.78,5.38,7,Yes,2,4,5,No
3086,26,81,Medium,High,Yes,8,87,Medium,Yes,2,High,High,Public,Neutral,1,No,Postgraduate,Near,Male,73,CLG0026,106,8.42,8.34,7,Yes,10,9,4,Yes
3087,11,100,Medium,Medium,Yes,9,54,Low,Yes,1,Low,Medium,Public,Negative,3,No,Postgraduate,Near,Male,66,CLG0068,117,9.46,9.87,2,Yes,1,10,0,Yes
3088,13,70,High,High,Yes,8,75,High,Yes,1,High,Medium,Public,Positive,2,Yes,Postgraduate,Moderate,Male,66,CLG0077,71,8.14,7.87,5,No,3,2,2,No
3089,22,81,Medium,Low,Yes,7,80,Low,Yes,1,Medium,Medium,Public,Positive,3,No,College,Moderate,Female,67,CLG0057,107,7.83,7.74,9,Yes,2,3,5,No
3090,14,86,High,High,Yes,6,62,Medium,Yes,1,Medium,Medium,Private,Positive,2,No,High School,Near,Male,68,CLG0040,106,5.05,4.9,3,Yes,1,1,3,No
3091,29,98,Medium,High,No,5,86,Low,Yes,2,Medium,Medium,Private,Negative,4,No,High School,Far,Male,73,CLG0086,97,7.73,7.26,9,Yes,7,1,4,No
3092,23,87,Medium,High,No,5,59,Medium,Yes,1,High,Low,Public,Neutral,4,No,College,Near,Male,70,CLG0095,93,9.5,9.82,2,Yes,8,5,4,No
3093,27,67,Low,Medium,No,6,54,Medium,Yes,0,Medium,Low,Private,Negative,2,No,High School,Far,Male,61,CLG0001,102,5.58,5.4,7,No,5,8,2,No
3094,10,85,High,Medium,Yes,8,64,Low,Yes,2,High,Medium,Public,Neutral,3,No,Postgraduate,Near,Female,67,CLG0025,119,6.63,6.88,9,No,2,2,2,No
3095,27,73,Medium,Medium,No,8,80,Low,Yes,3,Medium,Medium,Private,Negative,3,No,High School,Near,Female,68,CLG0002,103,9.44,9.6,7,No,8,2,2,No
3096,22,82,High,High,No,8,79,Medium,No,2,Medium,Medium,Public,Negative,1,No,College,Near,Female,69,CLG0053,95,8.72,8.25,5,No,9,2,2,No
3097,26,98,Medium,Low,Yes,7,97,Medium,Yes,2,Low,Medium,Public,Neutral,2,Yes,Postgraduate,Moderate,Male,72,CLG0093,110,9.01,8.72,7,No,4,9,3,Yes
3098,25,69,High,Medium,No,7,76,Medium,Yes,1,High,Medium,Public,Positive,2,No,High School,Near,Female,68,CLG0024,113,5.92,5.42,2,No,8,7,5,No
3099,21,88,Medium,Medium,No,8,94,Medium,Yes,0,Medium,High,Public,Neutral,3,No,College,Near,Male,70,CLG0060,78,9.81,9.4,10,No,5,3,0,No
3100,21,85,Medium,Medium,No,4,51,Low,Yes,2,Low,Medium,Public,Neutral,3,No,College,Near,Female,66,CLG0020,77,5.47,5.9,10,Yes,6,6,5,No
3101,17,69,High,Medium,Yes,9,83,Medium,Yes,2,Medium,High,Private,Positive,4,Yes,College,Moderate,Female,66,CLG0094,125,8.07,8.52,1,No,1,2,2,Yes
3102,15,81,Medium,Medium,No,4,89,High,Yes,0,Low,Medium,Private,Negative,3,No,Postgraduate,Near,Female,66,CLG0095,110,8.76,8.3,3,Yes,0,3,1,No
3103,9,77,Medium,Medium,No,5,57,Medium,Yes,2,Medium,High,Public,Neutral,3,No,High School,Near,Male,63,CLG0027,105,5.35,5.76,1,No,3,10,5,No
3104,25,86,Medium,Medium,Yes,7,81,Low,Yes,1,High,Low,Public,Positive,1,No,High School,Near,Male,69,CLG0079,100,8.65,9.01,8,No,5,9,5,Yes
3105,9,98,Medium,Medium,No,6,92,Medium,Yes,0,Medium,Medium,Public,Neutral,5,No,High School,Moderate,Male,67,CLG0088,88,6.7,6.9,10,No,0,6,0,No
3106,16,62,Medium,Medium,No,7,88,Medium,Yes,1,Low,High,Public,Neutral,1,No,High School,Near,Female,62,CLG0074,72,5.59,5.46,2,Yes,8,6,3,No
3107,18,88,High,Low,Yes,6,84,Medium,Yes,1,Medium,High,Public,Positive,3,No,Postgraduate,Moderate,Female,70,CLG0050,92,8.49,8.41,3,No,10,10,4,Yes
3108,25,91,Medium,Low,No,7,86,Medium,Yes,0,Medium,Medium,Public,Neutral,5,No,High School,Near,Female,70,CLG0097,111,8.64,8.17,1,No,5,2,0,No
3109,9,91,Medium,Low,No,4,88,Low,Yes,2,Medium,Medium,Public,Neutral,4,Yes,Postgraduate,Near,Female,65,CLG0060,81,8.21,7.74,4,Yes,2,7,4,No
3110,27,86,Medium,Medium,Yes,8,79,Medium,Yes,2,Low,High,Private,Positive,4,No,College,Near,Male,72,CLG0076,80,5.55,5.3,2,No,0,10,3,No
3111,22,71,Medium,High,Yes,7,94,Medium,Yes,1,Medium,Medium,Public,Neutral,4,No,High School,Near,Male,68,CLG0015,121,6.46,6.74,7,No,10,5,5,No
3112,29,77,High,High,Yes,7,52,Medium,Yes,2,High,Medium,Public,Negative,3,Yes,High School,Near,Female,69,CLG0080,140,9.42,9.11,2,No,4,3,5,Yes
3113,14,67,Medium,High,No,7,82,Low,Yes,1,Medium,Medium,Public,Neutral,3,No,High School,Far,Female,62,CLG0053,87,8.75,8.35,6,No,9,7,3,No
3114,14,90,Medium,High,Yes,7,60,Medium,Yes,2,Medium,Medium,Public,Neutral,4,No,Postgraduate,Near,Male,69,CLG0021,139,8.76,8.29,9,No,2,2,1,No
3115,19,97,Low,Medium,No,8,73,Medium,Yes,2,Medium,Medium,Private,Negative,1,No,College,Near,Male,68,CLG0010,93,8.04,8.05,9,No,9,1,3,No
3116,21,90,Low,Medium,No,8,60,Medium,Yes,1,Low,Medium,Public,Negative,2,No,College,Near,Female,66,CLG0082,92,6.23,6.71,7,No,4,3,4,No
3117,31,86,High,High,Yes,6,66,Medium,Yes,3,Medium,Medium,Public,Positive,3,No,College,Moderate,Male,75,CLG0058,98,7.45,7.24,9,Yes,3,3,2,No
3118,33,69,Medium,High,Yes,7,83,Medium,Yes,2,Medium,Low,Public,Neutral,2,No,Postgraduate,Near,Male,71,CLG0037,133,6.21,6.54,8,Yes,4,2,1,No
3119,18,99,Medium,Medium,No,6,99,Medium,Yes,0,Low,Medium,Public,Neutral,3,No,High School,Moderate,Male,69,CLG0072,70,8.02,8.38,8,No,2,3,0,No
3120,23,85,High,Medium,Yes,8,51,Low,Yes,0,High,Low,Public,Negative,4,No,College,Near,Female,68,CLG0050,104,7.34,7.63,5,Yes,4,5,2,No
3121,19,69,Medium,Low,Yes,9,75,Medium,Yes,2,Medium,Low,Public,Negative,5,No,High School,Moderate,Female,63,CLG0030,97,5.79,5.41,6,Yes,4,5,2,No
3122,24,60,Low,Medium,Yes,6,92,Low,Yes,3,Medium,Medium,Public,Positive,2,No,College,Near,Male,65,CLG0015,108,9.93,9.81,2,Yes,4,6,3,No
3123,24,95,Medium,Low,Yes,6,96,High,Yes,3,Low,Medium,Private,Neutral,3,No,Postgraduate,Near,Female,73,CLG0069,127,5.91,6.07,2,Yes,0,6,0,No
3124,16,73,Medium,Low,Yes,6,71,Medium,Yes,2,High,High,Public,Positive,5,No,College,Near,Male,66,CLG0017,76,9.06,9.3,9,No,2,6,0,No
3125,16,79,High,Medium,Yes,7,79,High,Yes,2,High,High,Public,Positive,2,No,High School,Moderate,Male,68,CLG0022,96,9.51,9.96,8,Yes,6,8,2,Yes
3126,31,84,Medium,Medium,No,5,50,Medium,No,2,Low,High,Private,Positive,3,No,High School,Near,Male,69,CLG0095,109,5.56,5.47,6,No,8,3,5,No
3127,27,89,Medium,High,Yes,6,89,Medium,Yes,3,Medium,Medium,Private,Positive,3,No,High School,Near,Male,74,CLG0010,97,8.76,8.91,10,No,9,2,4,No
3128,31,75,Medium,Medium,No,7,90,Low,Yes,2,Medium,High,Public,Neutral,2,Yes,High School,Moderate,Male,68,CLG0098,122,7.9,7.62,3,No,10,4,5,No
3129,21,66,Medium,Medium,No,9,62,Low,No,3,Medium,Medium,Private,Positive,2,No,High School,Near,Male,63,CLG0059,97,6.1,6.18,8,Yes,4,9,5,No
3130,13,71,Low,Low,No,9,73,Low,Yes,1,High,High,Private,Neutral,3,No,High School,Moderate,Male,61,CLG0003,90,8.48,8.75,4,No,3,5,3,No
3131,36,68,Medium,Medium,Yes,8,74,High,Yes,2,Medium,Medium,Public,Negative,3,No,High School,Near,Male,70,CLG0005,102,8.93,8.78,5,Yes,9,6,2,No
3132,30,96,Medium,High,Yes,9,53,Medium,No,0,Medium,Medium,Private,Neutral,3,No,High School,Near,Male,72,CLG0035,118,6.24,6.44,7,Yes,7,3,1,No
3133,15,78,High,High,Yes,10,89,Low,Yes,0,Medium,Medium,Public,Neutral,3,No,High School,Near,Male,67,CLG0061,109,8.44,8.75,8,Yes,10,7,0,No
3134,11,86,Medium,Medium,Yes,4,84,Medium,Yes,5,Low,High,Public,Neutral,4,Yes,High School,Near,Male,67,CLG0086,91,9.27,8.89,1,No,9,7,3,No
3135,22,99,Medium,Low,Yes,6,92,Low,Yes,3,Medium,Medium,Public,Negative,4,No,Postgraduate,Moderate,Male,72,CLG0039,100,5.25,4.84,4,No,8,4,0,No
3136,14,81,Medium,Medium,Yes,5,58,High,Yes,3,Low,High,Public,Negative,4,No,Postgraduate,Moderate,Male,66,CLG0064,94,9.7,10.03,10,Yes,5,5,0,No
3137,19,88,Low,Medium,Yes,8,59,Medium,Yes,2,Medium,Medium,Private,Neutral,4,No,High School,Near,Male,67,CLG0031,110,5.7,5.33,9,Yes,1,5,2,No
3138,23,83,Medium,Medium,Yes,7,51,Low,Yes,3,Medium,High,Public,Neutral,2,No,College,Moderate,Male,68,CLG0074,86,9.09,8.77,5,No,9,6,4,No
3139,18,71,Low,Medium,Yes,8,62,Medium,Yes,3,High,High,Public,Positive,2,No,College,Near,Male,66,CLG0067,97,7.0,6.85,2,No,5,4,3,No
3140,15,76,Medium,Medium,Yes,6,84,Low,Yes,0,Medium,High,Public,Neutral,3,No,College,Near,Female,65,CLG0076,93,9.88,9.73,2,Yes,6,3,2,No
3141,23,93,High,High,No,9,53,High,Yes,1,Low,Medium,Private,Neutral,4,No,College,Near,Female,72,CLG0042,100,6.39,6.02,6,Yes,0,1,5,No
3142,21,62,Medium,Low,No,6,58,Medium,Yes,2,Low,High,Private,Neutral,3,No,College,Moderate,Female,62,CLG0002,110,9.62,9.42,2,Yes,8,2,1,No
3143,29,83,Medium,Low,Yes,6,77,High,Yes,1,Medium,Medium,Public,Neutral,4,No,High School,Near,Male,70,CLG0059,100,8.58,8.47,5,Yes,5,8,2,Yes
3144,17,68,Medium,Low,Yes,5,78,Medium,Yes,4,Low,Low,Public,Positive,2,No,College,Near,Male,64,CLG0086,118,7.3,7.56,9,No,5,8,2,Yes
3145,9,73,Medium,Low,Yes,7,95,Medium,No,3,Low,Medium,Private,Negative,3,No,Postgraduate,Near,Male,62,CLG0046,98,6.91,7.1,5,No,7,8,2,No
3146,15,90,High,High,Yes,8,51,High,Yes,2,High,Medium,Public,Negative,2,No,High School,Moderate,Female,68,CLG0003,82,9.99,10.23,3,No,6,10,0,No
3147,22,68,High,Medium,No,8,96,Medium,Yes,1,Medium,Medium,Public,Positive,3,No,Postgraduate,Moderate,Female,68,CLG0042,91,6.51,6.74,6,Yes,10,1,0,No
3148,14,87,Medium,Low,Yes,8,74,Medium,Yes,0,Medium,High,Public,Neutral,3,Yes,College,Moderate,Male,64,CLG0028,99,9.23,8.76,6,No,4,2,1,No
3149,15,88,Low,Medium,Yes,4,67,Medium,Yes,1,Medium,High,Private,Positive,4,No,High School,Far,Female,66,CLG0014,79,5.18,4.92,6,Yes,10,8,4,No
3150,25,73,High,Medium,Yes,5,82,Low,No,1,Medium,Medium,Private,Positive,3,Yes,High School,Near,Male,66,CLG0051,86,9.45,9.01,1,No,0,8,3,Yes
3151,7,88,High,High,Yes,6,71,Medium,Yes,0,Low,Medium,Public,Positive,3,No,High School,Moderate,Female,65,CLG0081,93,9.49,9.21,10,No,0,2,1,No
3152,12,81,Medium,Medium,Yes,6,85,High,Yes,0,Low,Medium,Private,Positive,2,Yes,High School,Near,Male,64,CLG0080,99,5.82,5.89,5,No,10,10,2,No
3153,15,67,Medium,Medium,No,8,75,Medium,Yes,0,High,High,Public,Negative,4,No,Postgraduate,Near,Female,63,CLG0028,75,5.68,5.25,2,Yes,5,6,4,No
3154,28,62,Medium,Medium,No,9,64,High,Yes,1,Low,Medium,Private,Negative,2,No,Postgraduate,Near,Male,65,CLG0073,106,7.4,7.29,6,No,10,5,3,No
3155,12,65,Medium,Medium,No,8,57,Medium,Yes,1,High,High,Private,Positive,5,Yes,High School,Near,Female,61,CLG0008,86,5.53,5.48,3,No,6,9,3,No
3156,18,73,Medium,Medium,Yes,8,75,Medium,Yes,0,High,Medium,Public,Neutral,1,Yes,College,Near,Female,64,CLG0083,95,9.69,10.17,6,Yes,9,1,2,No
3157,19,94,Low,High,No,5,53,Medium,Yes,1,Medium,Medium,Public,Neutral,3,No,High School,Near,Female,68,CLG0059,121,8.85,8.47,8,Yes,2,1,2,Yes
3158,14,98,Medium,Medium,Yes,8,99,Low,Yes,0,High,Medium,Public,Neutral,3,No,High School,Near,Male,69,CLG0036,88,9.27,9.06,3,No,0,10,3,Yes
3159,23,65,Medium,Medium,No,7,94,Medium,Yes,1,High,Medium,Public,Negative,3,No,College,Near,Female,66,CLG0019,112,7.14,6.95,4,No,5,10,3,Yes
3160,25,82,Medium,Medium,No,6,86,Medium,No,3,Low,High,Public,Positive,3,No,High School,Near,Female,69,CLG0017,108,6.12,6.56,10,No,4,6,5,No
3161,26,89,Medium,Low,Yes,10,61,Low,Yes,0,Medium,High,Public,Neutral,3,No,High School,Moderate,Female,68,CLG0054,110,6.61,6.28,3,Yes,5,7,0,No
3162,13,94,High,High,Yes,7,70,Medium,Yes,1,Medium,Medium,Private,Negative,3,No,High School,Moderate,Male,68,CLG0040,100,9.74,10.23,9,No,5,5,0,No
3163,23,97,Medium,High,No,7,73,Medium,No,3,Low,Medium,Private,Negative,1,No,High School,Moderate,Male,69,CLG0009,110,6.96,6.83,1,No,9,8,1,No
3164,21,62,High,Medium,Yes,5,84,Medium,Yes,5,Low,Medium,Public,Positive,4,No,High School,Near,Female,67,CLG0076,87,8.12,7.81,10,No,0,6,4,No
3165,22,74,High,High,Yes,5,99,Medium,Yes,0,Low,Medium,Public,Neutral,2,No,College,Near,Female,68,CLG0007,99,5.08,5.43,4,No,4,3,1,No
3166,28,69,Medium,High,No,8,99,Low,Yes,0,High,Medium,Private,Negative,3,No,High School,Moderate,Female,67,CLG0066,113,5.86,5.69,4,Yes,1,3,5,No
3167,19,74,Medium,Medium,No,7,86,High,Yes,1,High,Medium,Private,Positive,3,No,Postgraduate,Near,Male,68,CLG0001,100,5.85,6.33,7,Yes,7,4,0,No
3168,23,86,High,Medium,No,7,54,Low,Yes,2,Medium,Medium,Public,Negative,2,Yes,High School,Near,Female,67,CLG0043,112,5.39,4.89,10,Yes,7,9,1,No
3169,18,72,High,High,Yes,8,73,Medium,Yes,0,Medium,Medium,Private,Positive,4,Yes,High School,Near,Female,66,CLG0065,90,7.25,7.06,3,No,2,5,4,No
3170,20,69,Medium,Low,No,10,59,Medium,Yes,2,High,High,Public,Positive,4,No,High School,Near,Female,65,CLG0026,117,8.99,8.71,5,No,6,2,0,No
3171,20,91,High,Medium,No,7,74,Medium,Yes,1,Medium,Medium,Public,Neutral,4,No,High School,Moderate,Male,69,CLG0023,125,6.8,7.25,5,No,3,9,0,No
3172,20,61,High,Medium,No,8,99,Medium,Yes,0,Medium,High,Public,Neutral,4,No,College,Near,Male,65,CLG0012,98,5.57,5.76,8,No,10,9,5,No
3173,15,80,Medium,Medium,Yes,9,91,Low,Yes,3,Low,Medium,Public,Positive,2,No,College,Moderate,Female,67,CLG0028,102,5.08,4.69,4,Yes,3,4,0,No
3174,23,84,Low,High,No,7,73,Low,Yes,0,Low,Medium,Public,Positive,3,No,High School,Near,Male,67,CLG0008,86,8.62,8.18,7,Yes,0,1,3,No
3175,20,98,High,High,Yes,9,52,Medium,Yes,0,Medium,Medium,Private,Positive,3,No,College,Far,Male,71,CLG0023,117,8.22,8.51,9,No,3,10,5,Yes
3176,28,91,High,Medium,No,7,98,Low,Yes,2,Low,Medium,Private,Positive,5,No,Postgraduate,Near,Male,75,CLG0036,92,8.14,7.84,5,No,2,3,5,No
3177,17,81,High,Low,Yes,8,53,High,Yes,0,Medium,Medium,Public,Neutral,2,No,High School,Far,Male,64,CLG0020,90,6.21,6.41,8,No,5,1,2,No
3178,28,87,Medium,Medium,No,6,52,Medium,Yes,4,Low,Low,Private,Neutral,3,No,Postgraduate,Near,Female,70,CLG0087,110,7.13,7.41,3,No,8,1,5,No
3179,29,74,Medium,Medium,No,6,56,Low,Yes,2,Low,High,Public,Neutral,3,No,Postgraduate,Near,Female,68,CLG0067,93,5.27,4.78,2,Yes,4,2,1,No
3180,21,81,High,Medium,Yes,7,86,Medium,Yes,1,Low,Medium,Public,Neutral,4,No,College,Near,Male,69,CLG0043,98,8.26,8.38,8,No,8,1,1,No
3181,24,76,Low,High,No,6,72,High,Yes,3,Medium,High,Public,Neutral,3,Yes,High School,Moderate,Female,67,CLG0062,84,8.44,8.56,1,No,10,8,4,Yes
3182,12,72,Medium,Medium,Yes,6,54,Low,Yes,3,Low,Medium,Public,Positive,2,No,Postgraduate,Near,Male,63,CLG0033,115,8.93,9.06,10,Yes,7,1,5,Yes
3183,24,75,Low,High,Yes,9,70,High,Yes,5,High,High,Public,Negative,5,No,College,Near,Female,71,CLG0029,90,5.88,5.76,6,Yes,7,6,0,No
3184,20,100,Medium,Medium,Yes,7,73,Medium,Yes,1,Low,Medium,Public,Neutral,4,No,College,Near,Female,71,CLG0072,86,5.74,5.48,9,Yes,5,9,3,No
3185,21,67,Low,High,No,7,70,Low,Yes,2,Low,Medium,Private,Negative,2,No,Postgraduate,Moderate,Female,63,CLG0054,82,7.63,7.91,6,No,1,2,5,No
3186,15,78,High,High,No,7,85,Medium,No,1,High,Medium,Public,Negative,1,No,High School,Far,Male,65,CLG0012,97,5.64,6.0,5,Yes,10,4,1,No
3187,16,63,Medium,Low,No,9,92,Medium,Yes,0,Low,Medium,Private,Positive,3,No,College,Moderate,Female,61,CLG0064,99,7.53,7.36,9,No,8,5,2,No
3188,20,82,Low,Medium,No,8,66,Low,Yes,0,High,Medium,Public,Positive,2,No,Postgraduate,Near,Male,66,CLG0078,94,5.45,5.92,8,No,1,2,4,No
3189,35,64,Medium,Medium,Yes,8,51,Medium,Yes,2,Medium,Medium,Public,Negative,5,Yes,High School,Near,Male,66,CLG0099,99,8.27,8.74,10,Yes,2,2,0,No
3190,16,96,Medium,Medium,No,6,50,High,Yes,1,Medium,High,Public,Positive,3,No,College,Near,Male,69,CLG0036,119,9.88,9.82,8,No,1,4,5,Yes
3191,11,82,High,High,No,8,81,High,Yes,2,Low,High,Public,Positive,2,No,High School,Moderate,Female,67,CLG0088,108,5.2,5.32,2,Yes,7,3,2,No
3192,27,80,Medium,Low,Yes,9,80,Medium,Yes,0,High,Medium,Public,Neutral,2,Yes,High School,Moderate,Male,66,CLG0027,111,5.77,6.17,6,No,2,2,2,No
3193,12,84,High,Medium,Yes,7,98,High,Yes,1,Low,Medium,Public,Positive,3,No,High School,Near,Female,68,CLG0034,90,8.62,8.91,5,Yes,7,3,3,No
3194,21,79,Low,Medium,Yes,7,84,Low,Yes,2,Medium,Medium,Private,Neutral,3,No,High School,Near,Male,66,CLG0051,99,9.92,10.28,6,No,10,9,5,Yes
3195,19,79,Medium,Medium,Yes,8,57,Low,Yes,2,Low,Low,Public,Positive,3,No,High School,Moderate,Male,65,CLG0008,101,9.32,9.33,5,Yes,1,7,1,No
3196,14,99,Medium,Medium,Yes,8,80,High,Yes,3,Medium,Low,Private,Neutral,4,No,College,Near,Female,71,CLG0087,101,8.48,8.57,3,Yes,6,8,1,No
3197,21,94,Medium,Low,Yes,8,90,Low,Yes,1,Medium,Medium,Public,Positive,4,No,Postgraduate,Near,Female,71,CLG0086,88,9.32,9.4,1,No,6,9,4,Yes
3198,24,91,Low,Medium,Yes,8,52,Medium,Yes,1,Low,Medium,Public,Neutral,5,No,High School,Near,Male,68,CLG0033,102,7.51,7.56,10,No,4,7,2,No
3199,17,65,High,High,Yes,8,72,Low,Yes,1,Low,Medium,Public,Positive,4,No,College,Moderate,Male,65,CLG0046,96,6.53,6.09,5,Yes,7,9,5,No
3200,16,69,Medium,Medium,No,8,56,Low,Yes,2,Medium,Medium,Private,Neutral,3,No,Postgraduate,Near,Male,63,CLG0015,99,7.93,8.32,3,Yes,1,6,3,No
3201,16,90,High,Medium,No,7,66,Medium,Yes,0,High,High,Public,Negative,3,No,High School,Moderate,Male,67,CLG0049,100,7.25,7.64,8,Yes,5,8,1,No
3202,21,66,Medium,Medium,Yes,7,52,High,Yes,1,Medium,Medium,Public,Neutral,3,No,High School,Far,Female,63,CLG0083,60,8.28,8.27,3,No,4,5,2,No
3203,18,81,Low,High,Yes,6,86,Medium,Yes,3,Low,Medium,Public,Positive,4,No,College,Near,Male,69,CLG0096,103,7.37,7.33,3,Yes,7,1,3,No
3204,20,77,Low,Low,No,6,59,Low,Yes,1,High,Medium,Public,Negative,2,No,High School,Moderate,Female,62,CLG0065,80,7.36,6.87,8,No,10,8,4,No
3205,27,96,Medium,Medium,No,7,93,Medium,Yes,2,Medium,Medium,Public,Neutral,2,No,College,Near,Male,74,CLG0098,112,7.1,7.33,4,Yes,2,1,1,No
3206,9,84,High,Low,No,7,92,High,Yes,1,Low,High,Public,Negative,4,No,Postgraduate,Near,Male,66,CLG0039,99,9.58,9.89,8,No,3,2,1,No
3207,16,80,High,High,Yes,9,62,Low,Yes,0,High,Medium,Public,Neutral,4,No,Postgraduate,Near,Female,68,CLG0074,94,9.85,10.3,3,Yes,2,3,5,No
3208,23,70,Medium,High,Yes,9,93,Medium,Yes,0,Low,High,Public,Neutral,2,Yes,Postgraduate,Moderate,Female,67,CLG0036,96,5.2,5.59,2,Yes,8,2,5,No
3209,35,63,High,High,Yes,6,90,Low,Yes,0,Medium,Medium,Public,Positive,3,No,College,Near,Male,71,CLG0013,103,6.63,6.36,2,No,1,6,3,No
3210,26,90,Medium,Low,Yes,7,84,Low,Yes,1,Medium,Medium,Public,Positive,3,No,High School,Moderate,Male,70,CLG0081,89,6.63,7.11,5,No,2,9,3,No
3211,19,75,Medium,High,No,8,77,Medium,Yes,1,Low,Low,Public,Positive,4,No,High School,Moderate,Female,66,CLG0024,87,7.43,7.89,10,Yes,8,7,0,No
3212,12,66,Medium,High,Yes,7,99,Low,Yes,2,Medium,Low,Public,Neutral,3,No,High School,Moderate,Male,63,CLG0001,70,9.15,9.08,9,No,1,4,1,No
3213,20,84,Medium,Medium,Yes,10,99,Low,Yes,2,Medium,Medium,Private,Positive,3,No,High School,Moderate,Male,69,CLG0006,114,6.63,6.76,7,No,10,6,5,No
3214,23,64,Medium,Medium,Yes,8,94,Low,Yes,2,Medium,Medium,Private,Positive,5,No,High School,Moderate,Female,66,CLG0051,85,9.7,9.36,5,Yes,6,1,1,No
3215,22,68,Medium,High,No,7,76,Medium,Yes,1,Medium,Medium,Public,Positive,4,No,High School,Near,Male,66,CLG0040,116,9.86,9.84,10,Yes,4,2,2,Yes
3216,17,89,High,Medium,Yes,4,52,High,Yes,0,Low,Medium,Public,Positive,3,No,College,Far,Female,67,CLG0064,127,6.12,5.71,6,Yes,2,5,2,No
3217,20,74,Medium,Medium,Yes,9,91,Medium,Yes,1,Low,Medium,Public,Neutral,5,No,High School,Near,Male,66,CLG0001,85,9.68,9.96,1,No,8,8,1,No
3218,44,68,High,Low,No,9,75,Low,Yes,3,Medium,High,Private,Negative,2,No,High School,Moderate,Female,71,CLG0026,55,8.19,8.56,10,Yes,3,1,5,No
3219,16,66,Low,Medium,Yes,9,52,Medium,Yes,1,Medium,Low,Public,Negative,3,Yes,High School,Near,Male,59,CLG0062,111,5.98,5.81,10,No,4,6,5,No
3220,16,66,Medium,Low,No,9,56,Medium,Yes,0,Low,High,Private,Positive,4,Yes,College,Near,Female,60,CLG0065,109,6.73,6.84,8,No,9,10,3,No
3221,23,88,High,High,No,7,94,Low,No,3,Low,Medium,Private,Positive,1,No,High School,Near,Male,71,CLG0053,104,6.7,6.45,3,No,7,1,3,No
3222,15,83,Medium,Low,Yes,7,83,Low,Yes,1,High,Medium,Public,Neutral,2,No,Postgraduate,Near,Female,66,CLG0008,126,7.36,7.48,2,No,1,4,5,No
3223,22,80,Medium,High,Yes,10,92,Medium,Yes,0,Medium,High,Public,Positive,2,No,High School,Near,Female,70,CLG0013,109,5.35,5.52,9,No,0,5,4,No
3224,23,88,Medium,Medium,No,8,70,Medium,Yes,2,Medium,High,Public,Neutral,4,No,High School,Near,Female,70,CLG0090,128,8.52,8.06,4,Yes,10,10,2,Yes
3225,19,75,High,Medium,No,8,98,Low,Yes,1,Low,Medium,Public,Neutral,3,No,Postgraduate,Moderate,Male,67,CLG0037,97,9.28,8.87,5,Yes,7,5,2,No
3226,20,95,High,Medium,Yes,8,87,Low,Yes,0,Low,Medium,Private,Positive,3,No,Postgraduate,Moderate,Female,71,CLG0035,103,6.3,6.37,2,No,8,6,0,No
3227,23,68,Low,Medium,Yes,5,81,Low,Yes,1,Low,Low,Public,Neutral,2,No,Postgraduate,Near,Male,64,CLG0045,81,6.54,6.58,8,No,1,2,4,No
3228,24,82,Medium,Medium,No,9,77,Medium,Yes,3,Medium,Medium,Public,Positive,2,No,High School,Near,Female,69,CLG0073,96,7.4,7.44,7,Yes,3,10,2,No
3229,27,90,High,Medium,Yes,9,53,Medium,Yes,1,Medium,High,Public,Positive,2,No,Postgraduate,Near,Female,73,CLG0066,83,8.6,8.86,1,No,10,9,2,Yes
3230,25,82,High,Medium,Yes,9,61,Low,Yes,1,High,Medium,Public,Negative,2,No,High School,Near,Male,68,CLG0018,80,7.17,7.05,6,Yes,10,9,3,No
3231,21,76,Medium,Medium,No,7,81,Medium,Yes,0,Medium,High,Private,Positive,2,No,College,Moderate,Female,67,CLG0032,107,6.8,6.57,8,No,6,10,2,No
3232,11,82,High,High,No,7,97,Low,Yes,2,High,Medium,Public,Positive,3,No,College,Near,Male,69,CLG0094,109,9.52,9.53,1,No,3,4,4,No
3233,28,76,Medium,High,Yes,6,75,High,Yes,3,High,Medium,Public,Positive,3,No,High School,Near,Male,72,CLG0062,107,8.09,8.11,10,Yes,9,5,5,No
3234,29,95,Medium,Low,Yes,9,88,Medium,Yes,0,Medium,High,Public,Neutral,2,No,High School,Near,Female,72,CLG0069,104,6.92,6.6,1,No,7,2,4,No
3235,20,80,Low,Low,No,6,77,Low,Yes,0,Medium,High,Private,Negative,3,No,High School,Near,Male,64,CLG0068,102,6.29,6.02,7,Yes,0,9,4,No
3236,21,75,Medium,Low,Yes,8,75,High,Yes,1,Medium,Medium,Private,Negative,2,No,High School,Moderate,Male,65,CLG0087,108,8.98,9.3,1,No,0,1,3,No
3237,16,66,Medium,Low,No,6,63,Low,Yes,2,Medium,High,Public,Neutral,3,No,College,Moderate,Male,61,CLG0076,105,6.52,6.27,6,No,2,9,0,No
3238,6,84,Medium,Medium,Yes,6,88,Medium,Yes,1,Low,Medium,Private,Positive,5,No,Postgraduate,Moderate,Male,65,CLG0047,58,6.38,6.36,10,No,6,4,4,No
3239,26,88,High,Medium,Yes,6,79,Medium,Yes,1,Low,High,Public,Neutral,4,No,High School,Far,Male,71,CLG0036,112,5.63,6.02,9,No,1,7,5,No
3240,26,91,High,Medium,Yes,8,65,Low,Yes,0,Medium,High,Public,Neutral,2,No,High School,Moderate,Male,70,CLG0013,108,5.5,5.72,2,No,1,3,4,No
3241,24,75,Medium,Low,Yes,5,68,High,Yes,2,Medium,Medium,Public,Neutral,2,No,Postgraduate,Near,Male,67,CLG0060,77,8.06,8.35,2,Yes,5,3,3,No
3242,19,76,Medium,High,Yes,6,59,Medium,Yes,1,Medium,Medium,Public,Neutral,3,No,High School,Near,Female,66,CLG0051,111,9.27,9.69,10,No,7,10,1,Yes
3243,17,81,Medium,High,No,8,86,Medium,Yes,1,Medium,Medium,Private,Neutral,3,No,Postgraduate,Near,Male,68,CLG0049,70,7.27,7.48,2,No,5,5,2,No
3244,22,79,High,Medium,No,5,100,Medium,Yes,4,High,High,Public,Negative,3,No,College,Near,Male,72,CLG0001,62,9.38,9.32,7,No,3,5,1,No
3245,23,80,Medium,High,Yes,9,74,Medium,Yes,4,Medium,Medium,Public,Negative,3,No,High School,Moderate,Male,69,CLG0095,105,7.56,7.97,9,No,10,7,5,No
3246,13,84,Low,Medium,No,10,71,Low,Yes,1,Medium,High,Public,Neutral,3,No,College,Moderate,Male,64,CLG0090,92,6.18,5.83,3,No,3,1,4,No
3247,18,75,High,Medium,Yes,5,80,Medium,Yes,2,Low,High,Public,Neutral,3,No,High School,Near,Female,67,CLG0073,108,6.78,6.51,9,Yes,3,10,0,No
3248,23,66,Medium,High,No,6,90,Medium,Yes,2,Low,Medium,Public,Neutral,3,No,High School,Near,Male,66,CLG0043,70,8.9,8.64,6,No,8,3,3,No
3249,26,64,High,Medium,No,8,91,High,Yes,1,Medium,Medium,Public,Positive,4,No,High School,Near,Male,68,CLG0086,88,5.84,5.94,2,No,9,7,1,No
3250,17,61,Low,Low,Yes,6,58,Medium,Yes,1,Medium,High,Public,Neutral,4,No,High School,Near,Male,60,CLG0079,114,5.2,5.7,5,Yes,5,3,0,No
3251,17,96,High,Medium,Yes,7,60,Low,Yes,0,Low,Medium,Private,Neutral,2,Yes,College,Near,Male,67,CLG0075,87,5.28,5.27,8,No,10,5,1,No
3252,30,85,Low,Medium,No,6,83,Medium,Yes,2,Medium,Medium,Public,Positive,3,No,College,Near,Female,71,CLG0054,128,8.28,8.52,3,Yes,0,9,0,Yes
3253,14,77,Medium,Medium,No,8,55,High,Yes,2,High,High,Private,Neutral,4,No,High School,Near,Male,65,CLG0096,81,9.11,9.41,5,No,5,9,0,No
3254,9,70,High,Medium,No,5,81,Medium,Yes,1,High,High,Private,Neutral,4,No,Postgraduate,Near,Female,65,CLG0048,86,7.23,7.28,3,Yes,0,4,2,No
3255,23,77,Medium,Medium,Yes,7,79,Medium,Yes,0,Low,High,Public,Neutral,2,No,High School,Moderate,Male,66,CLG0034,95,5.47,5.07,9,Yes,3,6,5,No
3256,24,76,Low,High,No,8,69,Low,Yes,2,Medium,Medium,Public,Neutral,1,No,High School,Moderate,Male,65,CLG0023,100,8.53,8.7,3,No,10,3,3,No
3257,19,96,Medium,Medium,Yes,7,54,High,Yes,1,Low,Medium,Public,Neutral,3,No,College,Near,Male,69,CLG0096,109,6.02,5.8,5,No,4,5,1,No
3258,10,72,Medium,Low,No,7,89,Medium,Yes,3,Medium,Medium,Public,Negative,4,No,College,Near,Female,63,CLG0085,106,6.53,6.14,7,No,6,10,3,No
3259,8,61,Medium,Low,Yes,7,78,Medium,Yes,0,Medium,Medium,Private,Positive,3,No,High School,Near,Female,59,CLG0015,90,7.48,7.74,7,No,8,8,4,No
3260,23,64,Medium,High,Yes,7,55,Medium,Yes,0,Medium,Medium,Public,Positive,4,No,High School,Moderate,Male,65,CLG0089,102,8.05,7.55,4,Yes,7,10,3,No
3261,27,68,High,Medium,No,8,70,High,Yes,0,Medium,Medium,Private,Positive,3,No,Postgraduate,Near,Male,68,CLG0081,95,9.74,9.89,4,No,10,9,5,Yes
3262,16,92,Medium,Medium,Yes,7,66,High,Yes,2,Medium,Medium,Public,Positive,4,No,Postgraduate,Moderate,Female,70,CLG0098,115,9.36,9.66,1,Yes,6,5,3,Yes
3263,18,66,Low,Medium,Yes,6,93,Medium,Yes,1,Low,Medium,Public,Neutral,3,Yes,College,Near,Female,63,CLG0002,94,6.33,6.16,9,No,4,10,2,No
3264,16,71,High,High,Yes,7,72,Low,Yes,1,Medium,Low,Private,Neutral,4,No,College,Moderate,Female,65,CLG0065,117,6.83,7.1,6,No,3,8,4,Yes
3265,15,64,High,High,Yes,9,55,High,Yes,1,Medium,Low,Public,Neutral,3,No,College,Near,Female,64,CLG0039,104,9.81,9.93,6,Yes,5,5,2,No
3266,24,95,High,Low,Yes,8,59,Medium,Yes,2,Low,High,Public,Negative,1,No,College,Moderate,Male,70,CLG0020,110,5.69,5.55,2,Yes,5,10,2,No
3267,21,63,Medium,Low,No,8,74,Medium,Yes,0,Low,Medium,Public,Negative,3,No,High School,Near,Female,61,CLG0040,108,9.73,9.97,9,Yes,9,4,1,No
3268,21,69,High,Low,Yes,7,63,Medium,Yes,0,Medium,Medium,Public,Positive,3,No,High School,Moderate,Male,64,CLG0067,68,9.73,9.56,4,Yes,5,5,1,No
3269,12,82,Low,Medium,No,5,98,Medium,Yes,0,Low,High,Public,Neutral,1,No,High School,Moderate,Male,63,CLG0091,124,9.4,9.04,5,No,7,7,0,No
3270,26,89,Medium,Low,No,7,100,Low,Yes,0,Medium,Low,Public,Neutral,3,No,High School,Near,Female,69,CLG0001,77,6.23,6.36,10,No,9,3,3,No
3271,14,91,Medium,High,Yes,8,70,Medium,Yes,2,Low,Medium,Private,Neutral,0,No,Postgraduate,Moderate,Male,68,CLG0096,80,8.48,8.57,3,Yes,7,3,4,No
3272,25,71,Medium,Medium,Yes,5,98,Low,Yes,0,Low,Medium,Public,Positive,1,No,Postgraduate,Far,Male,66,CLG0038,122,8.51,8.09,6,No,1,5,1,No
3273,19,89,High,Low,Yes,7,64,Medium,Yes,2,Low,Medium,Public,Positive,4,Yes,Postgraduate,Moderate,Female,68,CLG0003,115,5.82,5.75,7,Yes,6,4,3,No
3274,12,63,Medium,High,Yes,5,69,Low,Yes,0,Medium,High,Public,Negative,2,No,College,Moderate,Female,60,CLG0099,124,7.64,7.24,7,No,2,4,4,No
3275,9,80,High,Low,No,5,60,Medium,Yes,2,Low,Medium,Private,Neutral,3,No,High School,Near,Male,62,CLG0004,120,9.63,9.6,7,No,9,3,0,No
3276,11,67,Medium,High,No,8,52,High,Yes,3,High,High,Public,Negative,3,No,College,Moderate,Female,63,CLG0008,108,7.95,7.47,9,No,2,8,2,No
3277,23,87,Medium,Medium,Yes,6,98,Medium,Yes,3,Medium,Medium,Public,Neutral,3,No,College,Near,Male,72,CLG0044,85,9.53,9.25,8,Yes,5,3,1,No
3278,36,76,Medium,Medium,No,6,96,Medium,Yes,1,Low,Medium,Private,Neutral,2,No,College,Near,Male,71,CLG0098,97,7.34,7.49,10,No,7,1,4,No
3279,18,73,Medium,Medium,No,5,65,Medium,Yes,1,Low,High,Public,Negative,3,No,College,Moderate,Female,63,CLG0051,78,6.5,6.54,8,Yes,2,9,0,No
3280,16,72,Medium,Medium,Yes,6,66,Low,Yes,0,Low,Medium,Private,Positive,4,No,College,Near,Male,63,CLG0088,95,9.09,8.99,1,Yes,4,5,2,No
3281,19,65,Low,High,No,9,58,Low,Yes,3,Medium,Medium,Public,Negative,4,No,High School,Moderate,Female,62,CLG0043,105,9.28,9.78,2,No,7,2,3,No
3282,29,74,High,Medium,No,8,68,Medium,Yes,0,Medium,High,Public,Positive,4,No,High School,Near,Female,69,CLG0019,113,8.08,7.98,10,No,3,1,2,No
3283,19,95,Medium,Medium,Yes,9,85,Medium,No,2,Low,Medium,Public,Negative,3,No,College,Near,Male,69,CLG0072,92,9.51,9.55,10,No,5,9,4,Yes
3284,28,96,High,Low,Yes,4,98,High,Yes,1,High,High,Public,Positive,3,No,High School,Near,Male,98,CLG0068,79,6.46,6.52,8,Yes,8,4,2,No
3285,27,81,Medium,High,Yes,8,93,Medium,Yes,0,High,High,Public,Neutral,3,No,College,Near,Female,72,CLG0061,78,8.57,9.01,3,No,5,3,1,No
3286,4,60,Medium,Medium,Yes,7,55,Medium,Yes,2,Low,Medium,Private,Neutral,2,No,Postgraduate,Near,Male,58,CLG0094,95,6.41,6.19,8,Yes,0,9,1,No
3287,17,81,Low,Medium,Yes,8,78,Low,Yes,1,Low,High,Private,Positive,4,No,College,Moderate,Male,66,CLG0054,95,5.76,5.58,10,No,6,2,5,No
3288,13,60,Medium,Medium,Yes,7,66,Medium,Yes,2,Low,Medium,Public,Positive,3,No,Postgraduate,Near,Male,62,CLG0062,96,7.83,7.45,7,Yes,9,2,0,No
3289,21,80,Low,High,Yes,7,60,Medium,Yes,1,Medium,High,Public,Positive,2,No,College,Moderate,Male,67,CLG0014,82,5.35,5.05,7,Yes,8,1,0,No
3290,20,96,Medium,High,No,9,70,Medium,Yes,2,Low,Low,Public,Positive,2,Yes,High School,Near,Male,69,CLG0021,116,9.45,9.24,7,Yes,5,10,2,Yes
3291,17,77,Medium,Medium,Yes,6,54,Low,Yes,3,Low,Medium,Public,Neutral,4,No,High School,Moderate,Male,64,CLG0013,80,7.23,7.66,5,No,9,1,3,No
3292,18,91,Medium,Medium,No,7,94,Medium,Yes,3,Low,Medium,Private,Neutral,2,No,High School,Near,Female,69,CLG0049,90,7.2,7.11,4,No,2,8,4,No
3293,8,90,Medium,Medium,No,7,73,High,Yes,3,High,Low,Private,Negative,4,No,Postgraduate,Near,Male,67,CLG0066,108,7.34,7.57,1,No,1,5,3,No
3294,28,71,Medium,Medium,Yes,9,57,High,Yes,1,Low,High,Public,Neutral,4,No,Postgraduate,Near,Female,69,CLG0005,88,5.31,5.73,1,Yes,3,8,2,No
3295,15,83,Low,Low,Yes,5,75,Medium,Yes,1,Medium,Medium,Public,Neutral,3,No,High School,Far,Female,63,CLG0080,81,5.38,4.96,2,Yes,1,8,2,No
3296,20,73,Medium,High,No,6,70,Low,Yes,3,High,High,Public,Neutral,4,No,High School,Near,Female,68,CLG0023,86,8.05,8.36,3,No,8,8,5,Yes
3297,15,89,High,Low,No,9,73,High,Yes,2,Low,Low,Private,Neutral,2,No,High School,Near,Male,66,CLG0070,93,8.22,8.07,4,Yes,6,2,2,No
3298,13,81,Low,Medium,Yes,6,85,Low,Yes,1,Low,Medium,Private,Neutral,3,No,High School,Moderate,Male,63,CLG0001,101,7.15,7.55,4,Yes,4,1,0,No
3299,14,84,High,Medium,No,6,51,Low,Yes,4,High,Medium,Public,Neutral,3,No,High School,Near,Male,67,CLG0013,114,6.88,6.58,1,No,9,4,0,No
3300,23,99,Low,Medium,Yes,7,68,Medium,Yes,0,High,High,Private,Positive,2,No,High School,Far,Male,70,CLG0064,94,5.81,5.97,9,No,5,4,0,No
3301,32,90,Medium,Medium,Yes,5,98,High,Yes,0,Medium,High,Public,Neutral,3,No,College,Moderate,Male,74,CLG0029,86,6.21,6.34,10,No,3,10,5,No
3302,22,73,High,Low,No,5,91,Medium,Yes,1,Medium,Medium,Public,Positive,3,No,Postgraduate,Moderate,Male,67,CLG0062,93,8.0,7.62,5,Yes,9,10,5,No
3303,31,88,Medium,High,No,7,83,Medium,Yes,0,Low,Medium,Private,Neutral,2,No,High School,Near,Male,72,CLG0057,117,9.3,9.37,2,Yes,7,6,5,Yes
3304,8,95,Medium,Medium,No,7,73,Low,Yes,2,Medium,Medium,Private,Neutral,2,No,College,Near,Male,66,CLG0008,93,6.16,6.19,1,No,0,9,0,No
3305,20,89,Low,Medium,Yes,9,95,Medium,Yes,3,Low,Medium,Public,Positive,3,No,High School,Moderate,Male,69,CLG0057,129,8.95,9.12,1,No,3,2,2,Yes
3306,13,67,Medium,Medium,Yes,6,80,High,Yes,1,Low,High,Public,Negative,2,No,High School,Moderate,Male,62,CLG0013,109,6.65,7.07,10,No,5,8,4,No
3307,14,74,Medium,Medium,Yes,8,54,High,Yes,2,Low,Low,Public,Neutral,2,No,High School,Moderate,Male,62,CLG0058,104,7.08,7.3,2,No,5,9,2,No
3308,28,64,High,Medium,No,7,83,Low,Yes,2,High,Medium,Private,Neutral,4,No,High School,Moderate,Male,67,CLG0092,111,9.63,9.29,1,Yes,4,5,1,No
3309,15,85,High,High,Yes,7,61,Medium,Yes,1,Medium,High,Public,Negative,3,No,High School,Near,Male,68,CLG0026,84,6.39,6.26,9,Yes,7,9,4,No
3310,23,97,Low,High,Yes,5,55,Medium,Yes,0,Medium,Low,Public,Neutral,3,No,High School,Moderate,Female,69,CLG0023,100,7.49,7.16,9,No,2,1,4,No
3311,18,98,High,Medium,Yes,7,92,Medium,Yes,2,Low,High,Private,Neutral,4,No,High School,Near,Male,73,CLG0034,106,5.11,5.54,8,No,3,6,1,No
3312,28,78,Medium,High,Yes,4,84,Medium,Yes,2,Low,Low,Public,Negative,3,No,College,Far,Female,69,CLG0035,79,9.63,9.45,2,No,4,6,2,No
3313,22,98,Medium,High,No,5,69,Low,No,1,Low,High,Public,Negative,4,No,High School,Moderate,Female,69,CLG0040,109,6.48,6.6,6,No,10,6,4,No
3314,26,67,Medium,High,Yes,5,94,Medium,Yes,0,Medium,Medium,Public,Positive,2,No,College,Near,Male,68,CLG0096,102,6.12,6.29,7,No,5,7,1,No
3315,20,94,Low,Medium,Yes,6,96,Medium,Yes,2,Medium,Medium,Private,Negative,3,No,College,Near,Male,70,CLG0076,115,6.69,6.72,4,No,0,3,0,No
3316,24,69,Medium,High,Yes,7,81,Low,Yes,3,Medium,Medium,Private,Neutral,4,No,High School,Near,Female,68,CLG0084,98,6.36,6.64,8,Yes,8,7,5,No
3317,17,95,High,Medium,No,5,54,Low,Yes,2,High,High,Public,Neutral,2,No,College,Moderate,Female,69,CLG0021,104,7.27,7.22,4,No,6,2,2,No
3318,29,83,High,High,Yes,8,64,Medium,Yes,2,Medium,High,Public,Neutral,1,No,High School,Far,Male,71,CLG0088,105,7.77,7.71,2,Yes,6,7,0,No
3319,30,87,Medium,Medium,No,8,53,Low,Yes,1,Low,High,Private,Neutral,1,No,Postgraduate,Near,Male,70,CLG0017,79,6.97,7.07,6,No,9,9,1,No
3320,17,88,Medium,Medium,Yes,10,75,Medium,Yes,2,Medium,Medium,Public,Neutral,3,No,High School,Near,Male,68,CLG0006,103,6.45,6.35,1,No,6,10,5,No
3321,21,90,High,Low,Yes,9,89,Low,Yes,1,Low,Low,Public,Neutral,2,No,High School,Far,Female,67,CLG0036,113,9.86,9.43,10,Yes,3,10,4,Yes
3322,26,84,Medium,High,Yes,10,89,Medium,Yes,0,Low,High,Private,Positive,1,No,High School,Far,Female,70,CLG0059,100,6.75,6.91,2,Yes,9,4,2,No
3323,22,94,Low,High,Yes,7,81,Medium,Yes,2,Medium,High,Public,Neutral,4,No,High School,Far,Male,71,CLG0026,108,6.55,6.9,3,Yes,7,2,3,No
3324,9,91,Medium,Medium,No,8,65,High,Yes,0,Medium,Medium,Public,Positive,4,No,High School,Moderate,Male,65,CLG0096,109,8.48,8.8,1,Yes,7,8,5,Yes
3325,22,96,Medium,High,No,7,70,Medium,No,2,Medium,Medium,Private,Negative,4,No,College,Moderate,Male,70,CLG0079,86,9.43,9.73,7,No,5,6,5,No
3326,15,79,High,Medium,Yes,4,80,Medium,Yes,1,High,Medium,Private,Negative,4,No,High School,Far,Male,66,CLG0003,119,5.89,5.42,6,Yes,8,1,4,No
3327,27,84,Medium,Medium,No,8,98,Medium,Yes,0,Low,Medium,Public,Neutral,4,No,High School,Moderate,Male,69,CLG0069,62,7.42,7.11,2,Yes,3,10,2,No
3328,16,67,Medium,High,Yes,9,94,High,Yes,1,Medium,Medium,Private,Neutral,2,No,Postgraduate,Near,Female,66,CLG0034,105,6.26,5.78,7,No,1,2,3,No
3329,13,79,High,High,No,5,92,Medium,Yes,3,Medium,Medium,Public,Neutral,3,No,High School,Near,Male,68,CLG0010,96,5.34,5.56,7,Yes,0,6,3,No
3330,17,69,Medium,Medium,No,10,56,Medium,Yes,1,Medium,Medium,Public,Neutral,4,No,High School,Near,Female,63,CLG0015,72,6.08,6.58,4,Yes,4,10,4,No
3331,8,75,Medium,Medium,No,5,92,Medium,Yes,5,High,High,Public,Positive,4,No,High School,Moderate,Male,66,CLG0087,88,6.09,5.91,5,Yes,5,6,0,No
3332,22,62,Low,Medium,No,8,60,Low,No,0,Medium,High,Public,Positive,2,No,College,Near,Male,61,CLG0079,99,6.3,6.29,4,No,3,8,5,No
3333,31,64,Medium,Medium,Yes,6,83,Medium,Yes,1,Medium,Medium,Public,Positive,2,No,High School,Moderate,Female,67,CLG0002,103,9.22,8.98,3,No,6,7,5,No
3334,16,74,Medium,Low,Yes,7,87,Medium,Yes,0,Low,Low,Public,Positive,3,No,College,Near,Female,63,CLG0041,88,6.83,6.98,10,No,4,9,2,No
3335,21,71,Medium,Medium,Yes,7,51,Medium,Yes,3,Medium,High,Private,Neutral,3,No,Postgraduate,Moderate,Female,66,CLG0041,99,7.75,7.42,3,No,9,6,5,No
3336,14,65,High,Medium,No,5,59,Low,Yes,1,High,Medium,Public,Positive,4,No,Postgraduate,Far,Male,63,CLG0097,124,9.18,9.39,3,No,9,7,5,Yes
3337,15,74,Medium,Medium,Yes,4,92,Low,Yes,1,Medium,Medium,Private,Positive,3,No,Postgraduate,Near,Male,66,CLG0053,101,8.41,8.49,10,No,7,2,4,No
3338,23,92,High,High,No,9,58,Medium,Yes,2,Low,Medium,Private,Neutral,1,No,Postgraduate,Near,Female,71,CLG0081,106,9.68,9.38,7,No,5,4,4,No
3339,25,87,Medium,High,No,4,76,Low,Yes,1,Low,High,Public,Positive,4,No,College,Far,Male,70,CLG0011,85,9.65,9.25,9,Yes,8,5,2,No
3340,19,61,Medium,Medium,No,6,66,Medium,Yes,0,High,Medium,Public,Neutral,1,No,High School,Near,Male,61,CLG0029,121,6.63,6.34,9,No,4,6,2,No
3341,12,92,High,Medium,No,4,58,Low,Yes,2,Medium,Medium,Public,Positive,2,Yes,College,Moderate,Male,66,CLG0014,86,6.6,6.28,9,No,8,4,4,No
3342,36,88,Medium,High,No,8,99,High,Yes,0,Low,Medium,Private,Negative,3,No,College,Near,Female,74,CLG0046,121,6.61,6.88,7,No,2,2,0,No
3343,23,71,High,Low,Yes,8,81,Medium,Yes,3,Medium,High,Private,Positive,2,No,High School,Near,Male,68,CLG0025,101,9.47,9.06,3,Yes,7,5,5,No
3344,21,99,Medium,High,No,7,51,High,Yes,2,Medium,Low,Private,Neutral,2,No,Postgraduate,Near,Female,72,CLG0027,95,6.67,6.69,8,No,9,10,1,No
3345,6,73,Medium,Medium,No,8,93,Low,Yes,0,Low,Medium,Private,Neutral,1,Yes,High School,Far,Female,58,CLG0078,89,5.31,5.76,6,Yes,5,4,2,No
3346,19,73,High,Medium,No,6,52,Medium,Yes,1,Medium,Medium,Public,Positive,3,No,High School,Near,Male,65,CLG0092,76,6.05,6.29,4,No,6,6,1,No
3347,11,70,Medium,Low,Yes,7,66,Low,Yes,1,Medium,High,Public,Negative,3,No,High School,Near,Female,60,CLG0030,116,5.52,5.81,7,Yes,6,5,2,No
3348,17,81,Low,Medium,Yes,9,77,Medium,Yes,3,Low,Medium,Public,Neutral,4,No,College,Far,Male,66,CLG0078,101,9.21,8.75,1,Yes,9,2,5,No
3349,22,64,Medium,High,No,6,66,Low,Yes,1,Medium,Medium,Public,Neutral,4,No,College,Near,Male,64,CLG0058,93,5.81,6.08,10,Yes,4,4,2,No
3350,19,86,Medium,Low,No,6,54,Low,Yes,1,High,High,Private,Positive,5,No,Postgraduate,Near,Male,68,CLG0044,97,8.59,8.12,6,Yes,5,6,1,No
3351,12,84,Medium,High,Yes,6,74,High,Yes,1,Medium,High,Public,Negative,3,No,College,Moderate,Female,67,CLG0066,109,6.62,6.72,4,No,8,8,2,No
3352,23,93,Low,High,Yes,7,93,High,Yes,1,Medium,High,Public,Negative,3,No,High School,Near,Female,72,CLG0078,91,9.24,9.71,4,No,1,2,2,No
3353,13,76,Low,Medium,Yes,10,97,High,Yes,4,Low,Low,Public,Neutral,3,No,College,Moderate,Male,65,CLG0078,116,6.85,7.05,6,Yes,6,4,0,No
3354,17,67,Medium,Medium,Yes,5,52,High,Yes,2,Medium,Medium,Private,Negative,3,No,High School,Far,Female,62,CLG0065,105,6.73,6.46,6,Yes,3,9,2,No
3355,22,90,Low,Medium,No,7,62,Low,Yes,0,Medium,Medium,Public,Positive,3,No,College,Near,Male,67,CLG0057,99,7.73,7.62,9,Yes,9,5,5,No
3356,21,100,Low,Medium,Yes,6,79,Medium,Yes,2,Low,Medium,Public,Neutral,1,No,High School,Near,Female,70,CLG0026,96,7.31,7.18,9,Yes,2,10,5,No
3357,16,75,High,Low,Yes,10,53,High,Yes,0,Low,Low,Public,Positive,4,No,College,Near,Female,64,CLG0062,93,5.89,6.25,8,No,6,10,1,No
3358,14,88,High,Medium,Yes,6,97,Medium,Yes,0,Low,Medium,Public,Positive,3,No,College,Near,Male,69,CLG0089,107,5.67,5.89,5,No,4,6,0,No
3359,8,91,High,Low,No,6,98,Medium,Yes,1,Medium,Medium,Private,Positive,3,No,High School,Near,Female,67,CLG0049,78,5.4,5.34,8,Yes,3,3,1,No
3360,18,79,High,High,Yes,6,74,Medium,Yes,3,Low,Medium,Public,Positive,4,No,High School,Near,Male,69,CLG0008,82,8.61,8.86,8,No,7,1,0,No
3361,11,88,Medium,Low,Yes,7,73,Low,Yes,1,Medium,Low,Private,Neutral,3,Yes,College,Near,Female,63,CLG0065,111,5.16,5.31,5,No,1,2,1,No
3362,29,95,Medium,Low,No,9,64,Medium,Yes,1,Medium,High,Public,Positive,3,No,High School,Near,Female,72,CLG0027,107,9.09,9.39,4,No,5,2,5,No
3363,14,93,Medium,Low,Yes,5,75,Low,Yes,0,Medium,High,Public,Negative,3,No,High School,Moderate,Male,65,CLG0091,79,6.63,7.12,10,No,4,9,0,No
3364,20,60,Medium,Medium,Yes,8,67,Low,Yes,1,Medium,Medium,Public,Neutral,4,No,Postgraduate,Moderate,Female,63,CLG0087,91,8.68,8.8,10,Yes,5,7,3,No
3365,14,95,High,Medium,No,7,57,Medium,Yes,2,Low,Low,Public,Neutral,2,No,College,Near,Female,68,CLG0014,99,5.17,5.45,5,No,9,9,5,No
3366,21,85,High,Medium,No,10,61,High,Yes,2,Medium,Medium,Public,Neutral,2,Yes,High School,Near,Male,68,CLG0053,97,6.02,6.51,9,Yes,6,7,1,No
3367,16,71,Low,Low,Yes,6,59,High,Yes,1,Low,High,Public,Positive,3,No,Postgraduate,Near,Male,82,CLG0037,103,6.98,6.54,8,No,3,9,0,No
3368,26,61,Medium,Low,Yes,5,87,Medium,Yes,3,High,High,Public,Positive,2,Yes,High School,Near,Male,66,CLG0077,121,9.86,9.46,2,No,10,1,4,Yes
3369,10,71,Medium,High,Yes,6,86,Medium,Yes,1,Medium,Low,Public,Negative,2,Yes,Postgraduate,Near,Male,62,CLG0063,109,6.32,5.85,4,No,8,3,3,No
3370,13,80,Medium,Medium,Yes,5,94,High,Yes,1,Medium,Medium,Private,Positive,3,No,High School,Near,Female,67,CLG0029,96,5.5,5.62,10,Yes,7,8,3,No
3371,15,80,High,Medium,No,7,80,Medium,Yes,0,Low,Low,Public,Neutral,5,No,High School,Near,Female,65,CLG0015,104,8.41,8.29,10,Yes,10,7,0,No
3372,17,84,Medium,Low,Yes,7,98,High,Yes,1,Low,High,Public,Neutral,2,No,College,Far,Female,67,CLG0087,104,6.44,5.99,7,No,2,2,4,No
3373,24,67,High,Low,No,6,86,Medium,Yes,6,Low,Medium,Private,Positive,3,Yes,Postgraduate,Moderate,Female,67,CLG0051,115,9.3,9.45,9,No,0,10,1,Yes
3374,21,91,High,Medium,No,6,100,Medium,Yes,0,High,Medium,Private,Neutral,2,No,Postgraduate,Near,Female,72,CLG0070,86,9.39,9.38,8,No,1,6,1,No
3375,21,93,Medium,Medium,Yes,8,78,Medium,No,0,Low,Medium,Private,Neutral,3,No,High School,Near,Male,68,CLG0043,79,8.17,8.33,1,No,9,4,3,No
3376,26,96,High,Medium,No,5,83,Medium,Yes,0,Medium,High,Public,Positive,2,No,High School,Far,Male,72,CLG0080,91,7.94,8.41,9,No,2,9,2,Yes
3377,19,61,Medium,High,Yes,6,62,High,Yes,1,High,Medium,Public,Neutral,2,No,Postgraduate,Moderate,Female,64,CLG0012,107,5.42,5.78,10,No,9,1,3,No
3378,25,90,Medium,Medium,Yes,7,64,Medium,Yes,2,Medium,High,Public,Positive,2,No,High School,Moderate,Male,71,CLG0048,87,5.43,5.12,10,Yes,8,1,0,No
3379,27,73,Low,Low,No,9,97,Medium,Yes,2,Medium,High,Public,Neutral,1,No,High School,Near,Female,67,CLG0062,99,7.56,7.14,6,No,7,4,4,No
3380,9,89,Medium,Medium,Yes,6,96,Medium,Yes,0,High,Low,Public,Negative,4,No,High School,Near,Male,66,CLG0009,92,8.91,8.56,1,No,2,6,5,No
3381,27,68,High,Medium,No,6,52,Medium,Yes,1,Medium,Low,Private,Neutral,5,No,Postgraduate,Far,Female,66,CLG0059,119,7.26,7.06,10,No,2,4,2,No
3382,21,91,High,Medium,Yes,6,53,High,Yes,1,Medium,Medium,Public,Positive,3,No,Postgraduate,Near,Female,71,CLG0027,103,5.1,5.21,2,No,8,1,0,No
3383,34,81,Medium,Medium,Yes,9,82,Low,Yes,1,Medium,High,Public,Negative,2,No,High School,Near,Male,71,CLG0029,98,8.9,9.06,10,No,8,1,5,No
3384,14,75,Medium,Low,Yes,8,62,Low,Yes,0,High,Medium,Public,Negative,2,No,High School,Moderate,Female,61,CLG0085,112,7.24,6.94,8,No,9,9,0,No
3385,23,75,High,Medium,Yes,8,80,High,Yes,0,Low,High,Private,Neutral,4,No,High School,Moderate,Female,68,CLG0050,125,5.57,5.11,4,Yes,1,8,2,Yes
3386,12,79,High,Medium,No,5,56,High,Yes,1,Low,Low,Public,Positive,5,No,High School,Near,Female,64,CLG0037,90,6.83,6.93,1,No,1,8,5,No
3387,17,72,Low,Medium,Yes,5,96,High,Yes,3,High,Medium,Public,Negative,3,No,High School,Moderate,Male,65,CLG0013,102,8.21,8.3,9,No,9,1,3,No
3388,26,71,Low,Medium,Yes,5,77,Low,Yes,0,Medium,Medium,Public,Neutral,5,No,Postgraduate,Near,Male,66,CLG0047,102,5.2,4.76,5,No,9,4,0,No
3389,26,76,Medium,Medium,No,7,59,Low,Yes,0,Medium,Medium,Public,Neutral,1,Yes,Postgraduate,Near,Male,65,CLG0094,95,6.35,6.83,9,No,9,5,0,No
3390,27,74,High,Medium,No,8,99,High,No,3,Medium,Medium,Public,Positive,4,No,High School,Near,Male,71,CLG0099,117,6.92,6.77,4,Yes,2,2,5,No
3391,28,85,Medium,High,Yes,7,98,Medium,Yes,2,Low,High,Private,Positive,1,Yes,High School,Near,Male,72,CLG0092,115,6.23,6.7,1,No,10,7,4,No
3392,22,88,Medium,Medium,No,9,68,Medium,No,2,Medium,Medium,Public,Neutral,2,Yes,High School,Near,Male,66,CLG0077,114,5.38,5.04,6,No,4,10,4,Yes
3393,20,73,Medium,Low,Yes,6,65,Medium,Yes,2,High,High,Private,Positive,2,No,College,Near,Male,66,CLG0019,97,6.41,6.63,3,No,10,3,3,No
3394,20,63,Low,Low,Yes,8,76,Medium,Yes,3,Medium,Medium,Public,Neutral,4,No,Postgraduate,Near,Female,64,CLG0096,105,5.98,5.71,4,Yes,7,3,2,No
3395,19,88,High,High,No,6,66,Medium,Yes,3,Medium,Medium,Public,Positive,2,No,High School,Near,Female,70,CLG0044,110,5.45,5.64,10,No,0,6,1,No
3396,21,74,Medium,Low,Yes,8,70,Medium,Yes,1,Medium,Medium,Public,Neutral,3,No,Postgraduate,Far,Male,65,CLG0067,107,7.57,7.7,3,No,0,7,5,No
3397,23,64,Medium,Medium,Yes,7,59,High,Yes,3,Medium,Medium,Public,Positive,2,No,High School,Moderate,Female,65,CLG0074,128,6.16,6.01,8,No,1,2,2,No
3398,33,60,High,High,No,8,85,Low,Yes,4,Low,Low,Public,Negative,3,No,High School,Near,Male,68,CLG0031,83,9.34,9.01,4,Yes,2,9,4,Yes
3399,24,75,Low,Medium,Yes,10,89,Low,Yes,0,Medium,High,Private,Positive,3,No,College,Near,Female,67,CLG0084,76,6.0,6.15,10,Yes,5,10,3,No
3400,30,64,Medium,Medium,No,7,86,Low,Yes,1,Medium,Medium,Private,Positive,3,No,Postgraduate,Far,Female,66,CLG0039,83,7.37,7.22,6,Yes,5,9,4,No
3401,19,95,Medium,Medium,Yes,7,95,High,Yes,0,Medium,High,Private,Negative,2,No,College,Near,Male,71,CLG0043,78,7.33,7.12,6,Yes,7,3,0,No
3402,18,61,Low,Medium,Yes,7,67,Medium,Yes,5,High,High,Public,Positive,2,No,Postgraduate,Near,Male,66,CLG0001,90,7.78,8.21,9,No,2,7,4,No
3403,25,85,Low,Medium,Yes,10,95,Medium,Yes,0,Medium,Low,Public,Positive,1,No,College,Near,Male,69,CLG0060,90,8.55,8.73,10,Yes,10,1,5,No
3404,28,62,Low,High,No,8,85,Medium,Yes,2,Low,High,Public,Positive,3,No,High School,Moderate,Female,66,CLG0026,120,8.88,8.56,8,Yes,4,10,1,Yes
3405,7,96,Medium,High,No,9,91,Medium,Yes,0,Low,Medium,Public,Neutral,4,No,College,Near,Male,67,CLG0097,111,6.93,7.06,8,No,5,3,5,No
3406,16,82,Medium,High,Yes,10,69,Medium,Yes,2,Low,Medium,Public,Positive,4,No,College,Near,Male,68,CLG0012,103,6.47,6.42,9,No,2,2,1,No
3407,17,93,Medium,Medium,Yes,9,64,Medium,Yes,1,Medium,Medium,Public,Neutral,3,No,High School,Moderate,Female,67,CLG0032,109,5.45,5.11,6,No,7,1,3,No
3408,27,61,High,Low,No,5,51,High,Yes,1,Low,Medium,Private,Positive,1,No,College,Far,Male,63,CLG0099,106,5.14,5.17,10,Yes,8,8,3,No
3409,24,75,Low,Medium,No,5,98,High,Yes,1,Low,Medium,Public,Positive,3,No,High School,Near,Male,67,CLG0029,101,8.74,8.68,1,Yes,6,9,5,Yes
3410,17,83,Medium,Medium,No,8,96,Medium,Yes,1,Low,Medium,Public,Positive,3,No,College,Moderate,Male,67,CLG0013,94,9.5,9.78,5,No,9,2,5,No
3411,24,73,Medium,High,Yes,8,64,Medium,Yes,4,High,Medium,Private,Neutral,3,Yes,College,Moderate,Male,68,CLG0069,116,8.53,8.41,5,No,0,5,5,Yes
3412,26,65,High,Low,No,7,74,Medium,Yes,2,Low,Medium,Public,Negative,4,No,High School,Near,Female,65,CLG0077,77,8.31,8.22,6,No,7,6,5,No
3413,18,68,Medium,High,Yes,10,85,High,Yes,3,Low,Medium,Public,Neutral,3,No,High School,Near,Male,66,CLG0014,71,5.07,4.78,8,Yes,5,1,0,No
3414,26,69,High,High,No,7,95,Low,No,0,Medium,Medium,Public,Negative,3,No,Postgraduate,Near,Female,93,CLG0053,122,5.7,5.38,7,No,4,3,2,No
3415,23,78,High,Low,No,9,65,High,Yes,1,Low,High,Public,Neutral,2,Yes,College,Far,Female,65,CLG0039,77,8.62,8.48,4,Yes,6,5,4,No
3416,19,80,Low,Medium,Yes,10,63,High,No,1,Medium,Medium,Public,Neutral,2,No,College,Near,Female,65,CLG0019,74,6.49,6.72,2,Yes,4,3,1,No
3417,23,75,Low,High,No,6,71,Low,Yes,0,Medium,Medium,Public,Neutral,2,No,College,Near,Male,65,CLG0057,128,8.31,8.39,9,No,4,3,1,No
3418,18,84,Medium,Medium,Yes,7,65,Medium,Yes,2,Medium,Medium,Public,Negative,3,No,High School,Near,Female,66,CLG0053,73,5.36,5.13,9,No,9,8,2,No
3419,16,69,Medium,Medium,Yes,5,68,Medium,Yes,0,Medium,High,Public,Neutral,4,No,College,Moderate,Male,63,CLG0088,95,9.6,9.32,9,No,8,7,2,No
3420,25,95,Medium,Low,Yes,5,68,Medium,Yes,1,Medium,High,Public,Positive,3,No,High School,Far,Male,70,CLG0044,132,5.92,5.51,4,No,4,8,4,Yes
3421,19,63,Low,High,Yes,7,58,Medium,Yes,2,Low,High,Private,Neutral,3,No,Postgraduate,Near,Female,64,CLG0079,72,6.66,6.5,8,Yes,7,4,1,No
3422,27,92,Low,Medium,No,10,96,Medium,Yes,0,Low,Medium,Public,Neutral,2,No,Postgraduate,Far,Male,70,CLG0073,92,9.08,8.8,6,Yes,0,2,5,No
3423,18,65,High,Medium,Yes,5,96,Medium,Yes,1,High,Medium,Private,Neutral,2,No,High School,Near,Female,66,CLG0001,81,6.82,6.34,2,No,1,4,1,No
3424,24,93,Low,Medium,Yes,5,62,High,Yes,1,High,Medium,Private,Negative,3,No,College,Moderate,Female,69,CLG0078,99,5.77,5.64,3,No,2,10,4,No
3425,16,99,Low,High,Yes,6,100,High,Yes,1,High,High,Public,Positive,3,No,High School,Far,Female,72,CLG0003,115,9.12,8.63,3,No,6,8,4,Yes
3426,16,67,High,Medium,No,8,98,Medium,Yes,0,Low,Low,Public,Neutral,3,No,High School,Near,Female,63,CLG0003,104,6.35,6.33,3,Yes,3,3,2,No
3427,16,93,Low,Medium,No,7,71,Medium,Yes,0,Medium,High,Public,Positive,2,No,High School,Near,Male,67,CLG0034,88,8.9,8.64,4,Yes,6,10,0,No
3428,12,77,Medium,Low,Yes,6,90,Medium,Yes,2,Medium,Low,Public,Neutral,2,No,High School,Near,Female,63,CLG0045,119,9.52,9.79,3,No,10,5,0,No
3429,27,71,Medium,High,Yes,10,68,Medium,Yes,1,Low,Medium,Public,Negative,2,No,High School,Moderate,Male,66,CLG0062,94,9.03,8.54,3,Yes,3,9,0,No
3430,20,67,Low,Low,Yes,7,98,Medium,Yes,1,Medium,Medium,Public,Neutral,4,No,College,Near,Male,64,CLG0060,123,5.64,5.67,3,No,5,2,4,No
3431,13,69,High,High,No,7,73,Low,Yes,1,Medium,Low,Private,Positive,2,No,High School,Far,Male,62,CLG0020,127,8.67,9.06,7,No,7,1,0,No
3432,13,71,Medium,High,Yes,8,65,High,Yes,2,Medium,Medium,Public,Neutral,4,No,Postgraduate,Near,Female,66,CLG0084,102,5.2,5.26,8,No,5,7,1,No
3433,14,80,High,Medium,No,6,62,Medium,Yes,0,High,Medium,Private,Negative,2,No,Postgraduate,Near,Male,65,CLG0055,85,9.23,9.35,10,No,1,3,3,No
3434,32,80,High,Medium,No,6,77,Low,Yes,0,Medium,Medium,Public,Neutral,5,No,College,Near,Male,71,CLG0043,98,8.03,7.95,8,Yes,3,7,4,No
3435,17,93,Medium,Low,Yes,5,50,Low,Yes,3,High,Medium,Public,Positive,2,No,High School,Moderate,Male,67,CLG0025,100,9.0,9.44,3,Yes,7,9,4,Yes
3436,22,82,Medium,Low,No,5,54,Medium,Yes,2,Medium,Medium,Public,Neutral,2,No,College,Moderate,Male,66,CLG0047,96,7.12,7.3,10,No,2,6,3,No
3437,20,99,Medium,Low,Yes,5,97,Low,Yes,4,High,Medium,Public,Neutral,3,No,College,Near,Female,73,CLG0042,120,8.01,7.66,2,Yes,3,10,5,Yes
3438,23,86,Medium,High,Yes,8,91,Medium,Yes,2,Low,Medium,Public,Negative,1,No,College,Near,Female,71,CLG0044,95,6.9,6.76,10,No,7,7,2,No
3439,25,66,Medium,Medium,Yes,6,99,Medium,Yes,2,Medium,Medium,Public,Positive,3,No,College,Near,Female,68,CLG0034,83,7.63,7.93,1,Yes,5,3,5,No
3440,10,92,Low,High,Yes,6,51,Low,Yes,1,Medium,Medium,Private,Neutral,3,No,High School,Near,Female,65,CLG0044,86,6.8,7.23,1,Yes,9,8,2,No
3441,17,94,Low,Low,No,7,76,High,Yes,3,Low,High,Public,Neutral,3,Yes,College,Far,Male,67,CLG0079,89,9.47,9.28,3,No,7,3,3,No
3442,12,80,Medium,Medium,Yes,7,59,High,Yes,1,Low,High,Public,Positive,2,No,High School,Near,Female,64,CLG0036,90,5.55,5.18,1,No,5,7,5,No
3443,12,73,Low,Medium,No,7,82,Medium,No,1,Low,Medium,Public,Positive,3,No,High School,Far,Male,60,CLG0005,116,6.83,6.47,6,No,7,10,5,Yes
3444,18,70,Medium,Medium,No,7,86,Medium,Yes,1,High,Medium,Public,Positive,2,No,High School,Near,Female,65,CLG0071,101,9.64,9.53,5,Yes,1,10,4,Yes
3445,20,71,High,Medium,No,6,93,High,Yes,2,Medium,High,Public,Negative,2,No,Postgraduate,Near,Male,68,CLG0100,114,6.86,6.53,2,Yes,7,1,4,No
3446,18,97,Medium,High,No,8,67,Medium,Yes,1,Medium,High,Public,Neutral,3,No,High School,Near,Male,70,CLG0080,102,8.39,7.92,10,No,7,4,0,No
3447,24,62,Medium,Low,Yes,7,50,Medium,Yes,1,High,High,Private,Negative,2,No,Postgraduate,Near,Male,64,CLG0072,105,7.49,7.8,5,No,9,1,3,No
3448,18,65,Medium,High,Yes,8,63,Medium,Yes,1,Medium,Medium,Public,Positive,3,No,High School,Far,Male,63,CLG0004,106,7.91,7.73,10,Yes,1,7,0,No
3449,18,75,Medium,Medium,Yes,9,87,Low,Yes,3,Low,Medium,Public,Negative,3,No,Postgraduate,Near,Female,67,CLG0028,114,5.81,6.0,9,No,8,1,0,No
3450,4,80,Low,Medium,Yes,8,51,Medium,Yes,4,Medium,High,Public,Negative,5,No,High School,Near,Male,62,CLG0021,102,6.8,6.54,7,No,8,4,3,No
3451,19,80,High,Medium,Yes,6,69,Low,Yes,1,Low,Low,Private,Neutral,4,Yes,College,Near,Male,66,CLG0006,113,5.58,5.66,6,No,3,3,1,No
3452,30,79,Low,Medium,No,8,84,Medium,Yes,3,Low,Medium,Private,Negative,3,No,College,Moderate,Female,69,CLG0052,111,5.68,5.46,7,No,10,9,5,Yes
3453,20,77,Medium,Low,Yes,7,68,Medium,No,0,Medium,High,Private,Positive,3,No,College,Near,Female,65,CLG0010,96,5.64,5.81,6,No,4,9,5,No
3454,15,74,Medium,High,No,6,80,Medium,Yes,2,High,Medium,Public,Negative,3,No,Postgraduate,Moderate,Male,66,CLG0026,94,8.73,8.29,7,Yes,6,4,4,No
3455,8,84,Medium,Low,Yes,9,56,Low,Yes,1,Low,Medium,Public,Positive,2,No,High School,Moderate,Male,61,CLG0077,96,5.5,5.41,4,Yes,7,3,3,No
3456,13,90,High,Medium,No,8,81,Medium,Yes,0,Medium,Medium,Public,Positive,3,No,High School,Moderate,Female,67,CLG0073,94,8.53,8.25,9,Yes,3,10,4,Yes
3457,23,66,Medium,High,No,6,83,Medium,Yes,0,High,Medium,Public,Positive,2,No,High School,Near,Female,66,CLG0089,123,7.76,8.19,2,No,5,8,3,Yes
3458,21,94,Medium,High,No,6,99,Medium,Yes,1,Medium,High,Private,Neutral,2,No,High School,Near,Male,72,CLG0012,106,8.41,8.2,10,No,4,10,5,Yes
3459,22,73,High,High,Yes,4,76,High,Yes,3,Medium,Medium,Public,Negative,4,No,College,Far,Male,69,CLG0052,77,6.92,6.81,6,Yes,0,9,2,No
3460,13,60,Low,Medium,No,5,67,High,Yes,1,Low,Medium,Public,Positive,4,Yes,High School,Far,Male,58,CLG0018,122,8.16,7.74,4,No,4,2,2,No
3461,23,100,Medium,Low,Yes,10,73,Medium,Yes,3,Medium,Medium,Private,Neutral,2,No,College,Near,Male,72,CLG0019,100,9.12,8.91,9,No,2,6,0,No
3462,20,85,High,Low,Yes,9,80,Medium,Yes,3,Low,Medium,Private,Neutral,3,No,Postgraduate,Moderate,Male,69,CLG0084,115,9.25,9.4,2,No,0,6,1,No
3463,24,89,High,Medium,No,8,69,Low,No,3,High,Medium,Public,Neutral,2,No,College,Near,Male,70,CLG0081,106,6.46,6.55,3,No,3,9,1,No
3464,22,84,Medium,Medium,Yes,5,59,Medium,Yes,0,High,High,Private,Positive,3,No,College,Near,Female,69,CLG0066,95,9.78,9.82,5,No,0,6,0,No
3465,20,72,High,Medium,Yes,7,80,Medium,Yes,1,Low,High,Private,Negative,3,No,College,Near,Male,66,CLG0027,102,6.5,6.81,2,No,1,6,4,No
3466,27,87,High,Medium,No,6,54,Medium,Yes,0,Medium,Medium,Private,Positive,2,No,High School,Near,Female,70,CLG0015,97,6.45,6.0,10,No,3,9,1,No
3467,17,72,High,Medium,Yes,7,94,High,Yes,1,Low,Medium,Public,Neutral,5,No,High School,Moderate,Male,66,CLG0031,90,5.02,5.34,7,No,5,7,0,No
3468,24,61,Medium,Medium,No,6,83,High,Yes,0,Medium,Medium,Public,Positive,3,Yes,High School,Near,Male,64,CLG0087,126,6.3,6.34,9,Yes,5,9,3,Yes
3469,29,94,Low,Medium,Yes,7,95,Medium,No,2,Low,Medium,Public,Neutral,3,Yes,College,Moderate,Male,70,CLG0063,96,9.3,9.04,5,No,3,1,5,No
3470,20,92,Low,High,Yes,8,89,Medium,Yes,1,Low,Medium,Public,Neutral,3,No,High School,Moderate,Female,69,CLG0044,109,5.86,5.98,4,No,2,4,0,No
3471,11,68,Medium,Medium,No,6,80,Medium,Yes,2,Medium,Medium,Public,Positive,3,No,College,Moderate,Female,63,CLG0052,96,8.71,8.91,9,Yes,4,6,4,No
3472,21,67,High,Medium,Yes,7,76,Medium,Yes,1,Medium,High,Private,Neutral,2,Yes,High School,Near,Male,65,CLG0010,85,7.96,7.99,10,No,8,2,2,No
3473,15,87,High,Medium,Yes,10,91,Medium,Yes,1,Low,Low,Public,Neutral,4,No,High School,Moderate,Male,67,CLG0029,116,5.76,5.51,4,Yes,5,9,1,No
3474,12,99,Medium,High,Yes,10,60,Medium,Yes,0,Low,Low,Public,Negative,1,No,High School,Moderate,Male,66,CLG0039,108,8.23,8.35,9,No,6,5,5,No
3475,16,73,High,Medium,Yes,7,81,Medium,Yes,1,High,High,Public,Negative,4,No,Postgraduate,Near,Male,67,CLG0062,95,6.86,6.92,9,Yes,1,9,0,No
3476,16,82,Low,Medium,No,6,83,Medium,Yes,0,Medium,Medium,Public,Negative,2,No,High School,Near,Female,64,CLG0049,89,7.96,8.23,9,No,10,4,2,No
3477,29,92,Low,Low,Yes,4,84,Medium,Yes,2,Low,Medium,Public,Negative,3,No,Postgraduate,Near,Male,71,CLG0016,74,6.46,6.65,3,Yes,8,3,4,No
3478,25,87,High,High,Yes,8,84,Low,Yes,2,High,Medium,Public,Positive,4,No,College,Moderate,Male,73,CLG0002,144,7.76,7.83,6,No,1,7,5,No
3479,9,61,Low,High,Yes,7,53,Medium,Yes,0,Medium,Medium,Public,Positive,2,Yes,Postgraduate,Far,Male,58,CLG0037,107,9.56,9.71,6,No,8,4,5,No
3480,18,78,Low,Medium,No,8,96,Medium,Yes,4,High,Medium,Public,Positive,4,Yes,College,Near,Male,68,CLG0061,98,6.05,5.81,4,Yes,9,1,2,No
3481,17,94,Medium,Medium,Yes,7,75,Medium,Yes,1,Low,High,Public,Positive,3,No,Postgraduate,Moderate,Male,70,CLG0012,61,7.38,7.37,6,Yes,3,7,5,No
3482,21,65,Low,High,No,6,83,Medium,Yes,3,Low,High,Public,Neutral,5,No,High School,Near,Male,65,CLG0086,114,9.21,9.55,2,No,3,8,5,Yes
3483,22,84,Medium,Medium,Yes,6,92,Low,Yes,0,Medium,Medium,Public,Neutral,5,No,High School,Near,Female,69,CLG0047,94,5.29,5.18,7,Yes,3,10,5,No
3484,22,91,High,High,Yes,6,73,Low,Yes,3,High,Medium,Public,Positive,4,No,Postgraduate,Near,Male,74,CLG0080,103,7.04,6.85,4,No,3,2,4,No
3485,23,91,High,Low,No,6,57,Medium,Yes,2,Low,Medium,Private,Positive,3,No,High School,Near,Male,69,CLG0034,106,6.89,7.0,8,No,7,6,5,No
3486,19,99,Low,Medium,No,7,79,Medium,Yes,2,Low,Medium,Private,Neutral,2,No,Postgraduate,Near,Male,70,CLG0083,99,7.52,8.02,4,Yes,8,7,4,No
3487,18,61,Medium,Low,No,7,67,Low,Yes,2,High,Medium,Public,Positive,4,No,High School,Near,Male,62,CLG0046,91,5.02,5.36,9,Yes,7,8,2,No
3488,23,86,Medium,High,Yes,8,96,Low,Yes,3,Medium,Medium,Private,Positive,2,No,High School,Moderate,Female,71,CLG0089,92,6.09,5.8,3,Yes,0,7,1,No
3489,20,89,Low,Medium,Yes,6,91,High,Yes,0,Medium,Medium,Private,Positive,4,No,College,Near,Male,70,CLG0012,95,6.36,6.76,10,No,8,6,5,No
3490,17,89,Low,Medium,Yes,5,62,High,Yes,2,Medium,Medium,Private,Positive,2,No,College,Near,Female,68,CLG0077,94,5.37,5.14,1,Yes,1,6,3,No
3491,11,76,Low,Medium,Yes,5,92,Medium,Yes,4,Medium,Low,Public,Negative,2,No,Postgraduate,Near,Male,65,CLG0050,113,5.24,5.31,6,No,7,5,1,No
3492,24,90,Medium,Medium,No,8,65,Medium,Yes,4,Low,Medium,Public,Neutral,4,No,High School,Moderate,Male,70,CLG0070,82,8.49,8.59,1,Yes,7,8,5,Yes
3493,22,72,Low,Low,Yes,9,96,High,Yes,1,Low,Medium,Private,Positive,3,No,College,Near,Male,66,CLG0069,111,8.11,8.46,8,No,9,6,2,Yes
3494,14,75,Low,Low,No,10,88,Medium,Yes,2,Low,Medium,Private,Negative,3,No,College,Moderate,Female,62,CLG0027,104,7.0,6.71,6,No,2,6,3,No
3495,20,94,Low,High,Yes,7,66,High,Yes,1,Low,High,Private,Positive,1,No,High School,Near,Female,70,CLG0013,77,5.33,5.75,3,No,5,8,3,No
3496,25,99,Medium,High,No,6,58,High,Yes,0,Medium,Medium,Private,Positive,4,No,High School,Near,Male,72,CLG0085,94,6.51,6.93,2,No,4,5,5,No
3497,28,92,Low,Medium,No,10,69,Medium,Yes,4,Low,Medium,Public,Neutral,4,No,High School,Moderate,Female,71,CLG0025,70,5.59,5.4,5,No,9,8,5,No
3498,22,74,Low,High,Yes,6,68,Medium,Yes,0,Medium,Low,Public,Positive,4,No,High School,Far,Male,65,CLG0041,80,9.73,9.96,4,No,1,2,0,No
3499,20,90,Medium,Low,Yes,6,65,Low,Yes,3,Low,Medium,Public,Negative,2,No,Postgraduate,Near,Female,68,CLG0065,104,8.21,8.57,6,No,3,10,3,Yes
3500,37,96,Medium,Medium,No,7,77,Medium,Yes,2,Medium,Medium,Public,Positive,3,No,High School,Moderate,Female,75,CLG0004,89,5.68,5.67,9,Yes,4,5,3,No
3501,12,98,Low,Medium,No,9,59,Low,Yes,1,High,Medium,Public,Neutral,2,No,Postgraduate,Near,Female,67,CLG0089,98,5.73,5.55,9,No,4,4,3,No
3502,18,92,Medium,Medium,Yes,8,68,Low,Yes,2,High,High,Private,Positive,3,No,High School,Near,Male,70,CLG0100,97,5.99,6.23,9,No,9,10,1,No
3503,18,75,Medium,Medium,Yes,7,86,Low,Yes,1,Low,Medium,Private,Negative,3,No,High School,Near,Male,64,CLG0015,91,7.47,7.03,10,Yes,2,8,3,No
3504,21,97,High,High,No,8,61,Low,Yes,0,Low,High,Public,Neutral,3,Yes,Postgraduate,Near,Female,70,CLG0083,118,6.63,6.98,7,No,5,6,1,No
3505,26,93,High,Low,No,6,94,Medium,Yes,6,High,Medium,Private,Negative,4,No,High School,Near,Female,74,CLG0038,120,5.53,5.93,6,Yes,5,8,5,Yes
3506,22,63,High,Low,No,6,63,Low,Yes,1,Medium,Low,Public,Negative,2,No,Postgraduate,Moderate,Male,62,CLG0084,87,9.0,9.15,1,No,7,6,4,No
3507,30,73,High,Medium,Yes,9,70,Low,Yes,0,Medium,Medium,Public,Negative,4,No,College,Near,Male,69,CLG0062,105,9.79,9.67,8,Yes,0,3,2,No
3508,25,66,Medium,High,Yes,7,91,Medium,Yes,2,Low,High,Public,Neutral,3,No,College,Near,Male,68,CLG0031,110,9.01,8.6,9,No,10,1,0,No
3509,26,68,Medium,High,No,6,98,Low,Yes,2,Medium,Medium,Private,Neutral,3,No,College,Far,Female,67,CLG0016,89,7.47,7.65,5,Yes,0,10,0,No
3510,19,78,Medium,Medium,Yes,6,58,Medium,Yes,1,Low,Medium,Public,Neutral,3,No,Postgraduate,Near,Male,66,CLG0076,134,7.68,7.76,2,Yes,5,9,0,No
3511,17,73,High,High,Yes,7,92,Medium,Yes,2,High,Medium,Private,Negative,2,No,High School,Moderate,Male,67,CLG0077,45,7.84,7.63,2,No,6,6,3,No
3512,23,80,Medium,Low,Yes,7,66,High,Yes,1,High,High,Private,Positive,4,No,College,Near,Female,69,CLG0070,106,6.55,6.7,10,No,7,10,0,No
3513,29,93,Medium,Medium,No,5,93,Medium,Yes,2,Low,Medium,Public,Positive,3,No,Postgraduate,Near,Female,74,CLG0067,93,8.98,8.7,2,Yes,10,9,4,Yes
3514,17,72,Medium,High,Yes,7,74,Low,Yes,2,High,Medium,Public,Positive,4,No,Postgraduate,Far,Male,67,CLG0064,101,9.55,9.79,7,No,4,9,1,No
3515,17,80,High,Low,Yes,8,59,Medium,Yes,0,High,High,Public,Negative,4,No,College,Near,Female,66,CLG0015,99,5.74,5.56,7,Yes,9,9,5,No
3516,21,71,Medium,Medium,No,7,58,Low,Yes,3,Low,Medium,Public,Negative,5,No,College,Near,Female,65,CLG0023,108,5.72,5.78,2,Yes,8,10,1,No
3517,22,85,High,Medium,No,6,66,Low,Yes,0,Low,Medium,Private,Positive,4,No,College,Near,Male,68,CLG0077,106,7.41,7.29,3,No,10,2,2,No
3518,17,91,High,Low,Yes,10,84,Medium,Yes,7,Low,High,Public,Neutral,4,Yes,College,Moderate,Male,71,CLG0032,65,5.33,5.73,3,Yes,4,6,1,No
3519,21,74,Medium,High,Yes,10,83,Low,Yes,1,High,Medium,Public,Neutral,3,No,High School,Moderate,Female,67,CLG0030,111,5.16,5.07,6,No,1,7,3,No
3520,22,95,Medium,Low,Yes,8,95,Medium,No,2,Low,High,Private,Neutral,4,No,High School,Near,Female,70,CLG0072,106,9.26,9.2,5,No,2,9,1,No
3521,24,68,High,Medium,No,8,56,Low,Yes,3,High,High,Public,Neutral,1,No,College,Near,Male,67,CLG0065,95,9.55,9.42,9,No,9,6,3,No
3522,19,75,Medium,Low,No,6,64,High,Yes,2,Low,Medium,Public,Neutral,3,No,High School,Near,Female,64,CLG0065,92,7.21,6.96,7,No,2,8,0,No
3523,27,99,Medium,High,No,5,63,Medium,Yes,0,Medium,High,Public,Neutral,4,No,High School,Near,Female,73,CLG0093,73,9.16,8.99,7,Yes,0,4,3,No
3524,19,69,Medium,Medium,Yes,9,96,Medium,Yes,0,High,High,Private,Positive,3,No,High School,Moderate,Female,66,CLG0082,120,7.68,8.01,1,No,8,7,2,Yes
3525,20,77,Medium,Medium,No,5,98,Low,Yes,2,Low,High,Private,Neutral,2,No,Postgraduate,Far,Female,67,CLG0012,83,5.53,5.27,5,Yes,7,8,2,No
3526,17,90,Medium,Medium,Yes,8,56,Low,Yes,0,Medium,Medium,Private,Neutral,4,No,College,Near,Female,67,CLG0100,102,5.51,5.17,2,No,10,10,5,No
3527,38,86,High,Medium,No,6,88,High,Yes,1,Low,High,Public,Negative,4,No,High School,Moderate,Female,74,CLG0061,99,9.82,9.65,1,Yes,6,2,0,No
3528,35,72,High,High,Yes,5,75,Medium,Yes,1,Low,Medium,Public,Positive,5,No,College,Moderate,Male,72,CLG0068,82,6.67,6.61,1,No,3,2,2,No
3529,21,98,High,Medium,Yes,7,68,High,Yes,0,Medium,Medium,Public,Positive,3,Yes,College,Near,Female,71,CLG0061,81,8.89,8.88,6,Yes,2,8,4,Yes
3530,21,79,Medium,Medium,Yes,8,95,High,Yes,0,Medium,Medium,Public,Neutral,2,No,Postgraduate,Near,Female,69,CLG0057,95,5.11,5.59,2,No,1,3,5,No
3531,13,99,Low,High,Yes,6,95,Medium,No,0,Low,Medium,Public,Positive,4,No,Postgraduate,Near,Male,69,CLG0084,113,7.69,7.28,8,No,9,7,0,No
3532,22,85,Low,High,Yes,8,73,High,Yes,1,Medium,Medium,Private,Positive,3,No,College,Near,Male,70,CLG0055,91,7.24,7.15,7,Yes,10,7,1,No
3533,29,68,Low,High,Yes,5,74,Low,Yes,3,High,High,Public,Neutral,2,Yes,Postgraduate,Near,Male,69,CLG0020,121,7.47,7.72,7,No,8,9,0,No
3534,22,86,Low,Medium,Yes,5,67,Medium,Yes,0,High,Medium,Public,Positive,2,No,College,Near,Male,68,CLG0078,103,9.9,9.54,3,Yes,4,5,5,No
3535,23,70,Medium,Medium,Yes,8,75,Medium,Yes,0,High,Medium,Public,Positive,2,No,High School,Moderate,Male,65,CLG0014,94,9.34,9.33,6,No,4,7,5,No
3536,26,66,Low,Medium,Yes,9,98,Medium,Yes,2,Low,Medium,Public,Neutral,2,No,College,Near,Male,66,CLG0007,103,9.14,9.19,1,Yes,3,3,1,No
3537,20,81,Medium,High,Yes,8,68,Medium,Yes,0,Medium,Medium,Public,Neutral,3,No,College,Near,Male,68,CLG0097,66,5.75,5.6,2,No,8,8,3,No
3538,10,70,High,High,Yes,9,99,Medium,Yes,1,Medium,Medium,Public,Neutral,4,No,High School,Moderate,Female,65,CLG0034,94,5.94,5.81,3,No,2,7,1,No
3539,17,94,Low,Medium,No,8,85,Medium,Yes,1,Medium,Low,Public,Positive,4,No,High School,Near,Male,68,CLG0014,75,6.66,7.0,10,No,1,9,3,No
3540,19,60,Medium,High,No,10,51,Medium,Yes,0,Medium,Medium,Public,Positive,3,Yes,College,Near,Female,62,CLG0048,108,8.25,8.58,7,Yes,3,10,3,Yes
3541,21,74,Medium,High,No,6,66,Low,Yes,1,Medium,High,Private,Negative,4,No,High School,Near,Male,66,CLG0011,96,7.51,7.38,7,No,3,8,2,No
3542,26,73,High,High,No,7,75,Low,Yes,3,Low,Medium,Public,Positive,5,No,College,Near,Male,70,CLG0089,101,7.06,6.89,10,No,6,2,2,No
3543,22,71,Medium,Medium,No,7,65,Low,Yes,1,Low,Medium,Public,Neutral,3,No,College,Near,Male,64,CLG0065,101,9.9,9.64,10,Yes,9,4,5,No
3544,15,72,High,High,No,8,50,Medium,Yes,2,Medium,Medium,Public,Neutral,4,No,High School,Near,Female,65,CLG0078,116,5.79,5.82,4,Yes,4,8,0,No
3545,30,79,High,High,Yes,6,77,Medium,Yes,1,Low,Medium,Public,Positive,2,No,High School,Near,Male,72,CLG0026,114,5.95,5.69,10,No,3,7,5,No
3546,12,99,Low,Medium,No,6,94,Medium,Yes,2,Medium,Medium,Public,Neutral,3,No,Postgraduate,Moderate,Male,69,CLG0057,90,5.78,6.25,5,No,7,1,5,No
3547,8,71,High,Medium,Yes,5,77,Medium,No,0,High,Medium,Public,Neutral,4,No,High School,Moderate,Female,61,CLG0088,108,6.2,6.67,3,Yes,9,7,2,No
3548,18,84,Medium,Low,Yes,6,50,Medium,Yes,4,High,High,Private,Negative,3,No,Postgraduate,Near,Male,68,CLG0014,109,7.16,6.89,10,Yes,10,7,0,No
3549,25,78,Low,High,Yes,6,50,Medium,Yes,1,High,High,Public,Negative,2,No,High School,Far,Male,66,CLG0050,108,5.56,6.03,6,Yes,3,4,4,No
3550,21,89,Low,Low,Yes,8,65,Medium,Yes,2,Low,Low,Public,Neutral,3,No,College,Near,Female,67,CLG0030,127,9.67,9.32,5,Yes,9,5,1,No
3551,22,96,Low,Low,Yes,5,59,Medium,Yes,0,Medium,High,Private,Positive,2,No,High School,Far,Female,67,CLG0051,90,5.48,5.51,2,Yes,3,5,1,No
3552,24,80,Medium,Medium,No,9,85,Low,Yes,3,Low,Medium,Public,Positive,4,No,High School,Near,Male,69,CLG0087,93,8.54,8.43,9,No,7,2,3,No
3553,26,61,High,Medium,Yes,8,70,Low,Yes,1,Medium,Medium,Private,Neutral,4,Yes,Postgraduate,Moderate,Male,65,CLG0097,97,8.96,9.37,9,No,0,10,1,No
3554,26,64,Low,High,Yes,9,53,Medium,No,2,Low,High,Public,Negative,4,No,College,Near,Male,64,CLG0094,97,6.22,6.64,8,No,7,5,3,No
3555,26,87,Medium,Medium,Yes,8,82,High,Yes,1,Low,Medium,Public,Negative,2,No,Postgraduate,Near,Male,71,CLG0086,87,6.24,5.76,10,Yes,8,8,1,No
3556,21,78,Medium,Medium,No,4,72,Medium,Yes,1,Medium,High,Public,Neutral,4,No,Postgraduate,Near,Male,68,CLG0078,110,6.48,6.2,3,No,0,1,4,No
3557,18,86,High,Medium,No,8,60,Medium,Yes,2,Low,High,Private,Neutral,1,No,College,Near,Male,88,CLG0089,99,5.17,5.31,9,Yes,7,1,4,No
3558,23,72,Medium,Medium,Yes,7,78,Medium,Yes,1,Low,Medium,Private,Neutral,3,No,High School,Near,Male,66,CLG0082,101,8.4,8.01,9,Yes,5,2,0,No
3559,30,77,Medium,Low,Yes,8,83,Medium,Yes,1,Low,Low,Public,Positive,3,No,College,Near,Male,69,CLG0055,120,7.69,7.41,8,No,6,5,5,No
3560,9,90,Medium,Medium,Yes,8,65,Medium,Yes,0,Medium,Medium,Private,Neutral,5,No,High School,Far,Male,64,CLG0057,88,9.51,9.29,3,No,6,10,1,No
3561,20,86,Medium,Medium,Yes,8,80,High,Yes,2,Medium,Medium,Public,Neutral,2,No,College,Near,Male,70,CLG0069,94,9.52,9.63,4,Yes,4,7,1,No
3562,17,92,Medium,High,No,8,89,Medium,Yes,0,Low,Low,Public,Positive,3,Yes,High School,Near,Male,68,CLG0081,99,9.52,9.33,9,Yes,7,2,5,No
3563,22,83,High,High,No,8,96,Medium,No,2,Medium,High,Public,Positive,0,No,College,Near,Female,71,CLG0058,79,8.82,8.65,7,No,0,1,2,No
3564,22,75,Low,Low,Yes,6,62,Medium,Yes,0,High,High,Public,Negative,3,No,Postgraduate,Near,Female,65,CLG0030,105,9.39,9.1,4,No,8,7,4,No
3565,18,70,Medium,High,No,7,93,Medium,Yes,0,Medium,High,Public,Positive,3,No,College,Near,Male,67,CLG0002,97,8.09,7.89,3,Yes,5,3,4,No
3566,20,66,Medium,High,Yes,8,59,Low,Yes,4,Medium,Medium,Public,Positive,3,No,College,Near,Male,66,CLG0039,86,8.9,8.78,7,No,9,6,2,No
3567,25,69,Medium,Medium,Yes,8,64,Medium,Yes,1,High,Low,Public,Negative,3,No,Postgraduate,Moderate,Female,66,CLG0009,112,7.47,7.08,1,No,5,2,4,No
3568,19,96,Medium,Medium,No,5,64,Medium,Yes,1,Medium,Medium,Public,Neutral,3,No,High School,Near,Male,69,CLG0092,106,7.75,7.5,8,No,10,9,0,No
3569,19,71,High,High,No,5,96,High,Yes,2,Low,Medium,Private,Neutral,0,Yes,College,Near,Female,67,CLG0055,102,7.67,8.13,4,No,8,2,5,No
3570,16,82,Low,High,No,7,75,Medium,Yes,0,Low,Medium,Public,Negative,2,No,Postgraduate,Moderate,Female,64,CLG0100,121,7.53,7.41,1,No,3,3,3,No
3571,20,71,Low,High,Yes,6,56,High,Yes,5,Medium,Medium,Private,Positive,5,No,College,Near,Male,68,CLG0088,123,9.6,9.44,10,Yes,2,2,1,No
3572,13,62,Low,High,No,7,99,Medium,Yes,4,Medium,Low,Public,Positive,1,No,Postgraduate,Moderate,Female,63,CLG0033,128,7.21,7.51,8,No,8,2,4,No
3573,19,90,High,Medium,Yes,5,85,High,Yes,0,Medium,High,Private,Positive,5,No,Postgraduate,Near,Female,73,CLG0059,124,6.01,5.78,8,No,2,7,2,No
3574,12,83,High,Medium,Yes,5,85,Medium,Yes,2,Low,High,Private,Negative,2,No,College,Near,Male,67,CLG0005,102,7.21,7.42,5,Yes,10,6,2,No
3575,6,80,Medium,Medium,Yes,9,92,Low,Yes,5,Low,Medium,Public,Neutral,2,No,Postgraduate,Moderate,Male,65,CLG0041,97,9.95,10.13,9,No,0,3,3,No
3576,12,62,Medium,Medium,Yes,9,66,Medium,Yes,1,Low,Medium,Private,Neutral,2,No,College,Moderate,Female,60,CLG0063,94,6.61,6.12,7,Yes,5,4,1,No
3577,14,78,High,High,Yes,5,90,Medium,Yes,1,Medium,Medium,Public,Neutral,3,No,Postgraduate,Near,Female,68,CLG0001,92,6.82,6.82,9,Yes,7,10,3,No
3578,23,94,Medium,High,Yes,8,94,Low,Yes,2,Medium,High,Public,Positive,2,No,High School,Near,Male,73,CLG0067,106,6.19,6.19,6,No,10,9,0,No
3579,29,84,High,Medium,Yes,6,90,Medium,Yes,0,Medium,High,Public,Positive,3,No,Postgraduate,Far,Male,73,CLG0074,76,6.2,6.02,8,No,10,6,3,No
3580,5,83,Medium,Medium,Yes,7,61,Medium,Yes,2,Low,Medium,Public,Negative,4,No,High School,Moderate,Male,61,CLG0021,99,7.5,7.24,2,No,5,6,2,No
3581,17,76,High,Medium,Yes,8,94,Medium,Yes,3,Medium,Medium,Public,Neutral,4,No,High School,Moderate,Female,68,CLG0048,136,7.75,7.76,10,No,10,7,3,No
3582,7,92,High,Medium,No,8,64,High,Yes,1,Low,Low,Public,Neutral,4,No,Postgraduate,Near,Male,66,CLG0039,85,6.96,6.6,4,No,3,7,0,No
3583,24,76,High,High,Yes,9,85,Medium,Yes,2,Low,Medium,Private,Positive,2,No,Postgraduate,Near,Female,71,CLG0016,103,6.89,7.34,4,No,8,9,0,No
3584,16,85,Medium,Low,No,10,79,Low,Yes,1,High,Medium,Private,Neutral,3,No,College,Near,Male,66,CLG0027,103,5.27,5.03,8,No,9,1,4,No
3585,21,70,High,Medium,Yes,5,93,High,Yes,1,Low,Medium,Public,Neutral,3,No,College,Near,Male,68,CLG0079,96,8.9,8.85,8,Yes,4,10,1,No
3586,23,81,Medium,Low,Yes,7,74,Medium,Yes,0,Low,Medium,Public,Neutral,0,No,Postgraduate,Near,Female,66,CLG0030,75,5.8,5.84,6,Yes,8,8,3,No
3587,25,88,High,Medium,Yes,8,52,Low,Yes,1,Medium,Medium,Public,Positive,2,No,High School,Near,Male,70,CLG0072,93,6.04,6.41,3,Yes,5,7,5,No
3588,14,74,High,High,Yes,6,96,Low,Yes,2,Low,High,Public,Neutral,4,No,College,Near,Male,68,CLG0063,91,8.58,8.44,7,Yes,3,2,0,No
3589,21,89,Medium,Medium,No,4,57,Medium,Yes,1,High,Medium,Private,Positive,2,No,High School,Near,Female,68,CLG0040,99,6.87,6.5,2,No,1,1,1,No
3590,19,92,Medium,Medium,Yes,6,88,Low,Yes,1,High,Medium,Public,Positive,2,No,Postgraduate,Near,Male,71,CLG0083,100,7.52,7.47,5,Yes,1,8,5,No
3591,27,96,Medium,High,Yes,9,87,Low,No,0,Medium,High,Public,Positive,2,No,College,Moderate,Male,72,CLG0086,107,9.35,9.65,3,Yes,0,1,3,No
3592,24,60,Medium,Medium,Yes,8,99,Medium,Yes,2,Low,Low,Public,Neutral,1,No,High School,Moderate,Male,64,CLG0035,116,7.68,7.55,7,No,4,5,5,No
3593,17,80,Medium,Medium,Yes,7,52,High,Yes,2,Medium,Medium,Private,Neutral,3,No,Postgraduate,Near,Female,67,CLG0055,83,5.81,6.02,5,Yes,6,10,3,No
3594,15,86,Medium,High,Yes,8,97,Medium,Yes,4,High,Medium,Public,Positive,3,No,High School,Near,Male,71,CLG0067,95,7.96,8.36,3,Yes,6,4,0,No
3595,22,67,Medium,High,Yes,6,67,High,Yes,1,Low,Medium,Private,Neutral,1,No,College,Near,Male,66,CLG0045,103,6.16,6.3,5,Yes,3,1,2,No
3596,23,64,Medium,High,Yes,8,68,Low,Yes,3,Low,High,Public,Neutral,3,No,High School,Near,Female,66,CLG0020,73,5.64,5.28,3,No,0,9,0,No
3597,20,95,Medium,Medium,No,7,58,Low,Yes,1,Low,High,Public,Neutral,4,No,College,Near,Male,69,CLG0091,117,8.92,8.79,7,Yes,7,1,1,No
3598,22,78,High,High,No,6,92,Low,Yes,1,High,High,Public,Positive,3,No,High School,Moderate,Male,70,CLG0073,100,8.12,8.41,9,No,10,6,0,No
3599,28,86,Low,Medium,No,10,85,Medium,Yes,6,Low,High,Public,Neutral,2,No,High School,Near,Male,72,CLG0094,77,7.25,7.48,8,No,0,4,5,No
3600,11,99,Medium,Medium,No,10,60,Medium,Yes,1,High,Medium,Public,Positive,1,No,College,Near,Female,68,CLG0018,104,6.61,6.83,2,No,10,1,3,No
3601,17,76,High,Medium,Yes,4,58,Medium,Yes,4,Medium,Medium,Private,Neutral,2,No,Postgraduate,Moderate,Female,67,CLG0100,112,9.93,9.83,10,No,4,5,5,Yes
3602,24,75,Medium,Low,No,9,95,High,Yes,0,Medium,High,Public,Positive,2,No,College,Near,Male,68,CLG0012,80,7.86,7.41,9,No,5,4,1,No
3603,29,95,Low,Medium,Yes,4,97,Medium,Yes,0,Medium,Medium,Private,Positive,4,Yes,College,Moderate,Female,72,CLG0040,114,7.71,7.98,9,Yes,3,7,0,No
3604,21,82,Low,Low,Yes,6,54,High,Yes,3,Low,Medium,Public,Negative,2,No,College,Moderate,Male,65,CLG0069,97,9.66,9.34,6,No,0,9,0,No
3605,25,88,Medium,Low,Yes,8,62,Low,Yes,2,Low,Medium,Public,Neutral,2,No,High School,Near,Female,68,CLG0084,90,8.33,8.32,2,No,8,9,0,No
3606,15,83,High,High,Yes,8,100,Medium,Yes,0,Medium,Medium,Public,Positive,3,No,College,Near,Female,70,CLG0002,104,7.64,7.3,6,Yes,5,1,4,No
3607,16,64,Low,Medium,Yes,9,58,Low,Yes,1,Medium,Medium,Public,Positive,3,No,College,Moderate,Female,61,CLG0017,126,8.03,7.76,5,No,0,10,3,Yes
3608,31,81,Medium,Medium,No,9,70,Low,Yes,1,Low,Medium,Public,Neutral,4,No,Postgraduate,Near,Female,70,CLG0082,117,6.5,6.14,2,Yes,3,8,4,Yes
3609,16,82,Medium,High,Yes,6,81,Medium,Yes,1,Medium,Medium,Private,Neutral,4,No,College,Near,Male,68,CLG0030,101,8.83,9.11,6,No,7,4,2,No
3610,20,83,High,Medium,No,7,89,Medium,Yes,3,Low,High,Private,Negative,4,No,High School,Near,Female,69,CLG0054,131,5.49,5.75,9,Yes,3,3,5,No
3611,24,62,Medium,Medium,No,6,72,High,Yes,2,Low,Low,Public,Neutral,4,No,High School,Near,Male,64,CLG0035,92,6.39,6.72,8,No,4,2,0,No
3612,21,95,Medium,Low,No,5,87,Low,Yes,2,Medium,Medium,Private,Neutral,4,No,High School,Near,Male,70,CLG0090,93,7.48,7.43,7,No,0,6,3,No
3613,11,95,Medium,Medium,Yes,9,64,High,Yes,4,Low,Medium,Public,Positive,4,No,High School,Moderate,Male,68,CLG0032,102,7.47,7.53,1,No,10,5,2,No
3614,20,69,High,High,Yes,6,73,Medium,Yes,2,Low,Medium,Private,Positive,3,No,High School,Far,Male,66,CLG0097,113,7.4,7.31,8,No,2,8,0,No
3615,29,64,Low,Medium,No,9,77,Medium,Yes,0,Low,High,Public,Negative,2,No,High School,Moderate,Female,63,CLG0009,94,8.97,9.08,4,Yes,8,2,3,No
3616,16,86,Low,Low,Yes,5,82,Low,Yes,0,Low,Medium,Public,Neutral,4,No,High School,Moderate,Female,63,CLG0012,99,5.18,4.92,9,Yes,8,3,1,No
3617,18,93,Low,Medium,Yes,6,55,Medium,Yes,3,Low,Medium,Public,Negative,5,No,High School,Moderate,Male,67,CLG0094,82,5.84,6.17,9,Yes,2,5,5,No
3618,16,67,High,Medium,No,9,80,Medium,Yes,1,Low,High,Public,Neutral,3,No,High School,Near,Female,64,CLG0100,89,9.69,9.42,5,Yes,5,10,2,Yes
3619,21,62,Medium,Medium,No,7,94,Low,Yes,1,Low,High,Private,Positive,3,No,College,Moderate,Female,64,CLG0084,81,7.68,7.33,7,Yes,10,2,4,No
3620,32,72,High,Medium,Yes,8,93,Low,Yes,1,Low,Medium,Private,Neutral,4,No,Postgraduate,Near,Female,71,CLG0018,125,8.82,8.86,4,No,8,1,0,No
3621,7,92,Low,Medium,Yes,4,51,Medium,Yes,0,High,Medium,Public,Positive,1,No,High School,Near,Female,63,CLG0059,96,8.2,8.08,4,No,6,1,0,No
3622,22,92,Medium,Low,Yes,7,74,High,Yes,2,Medium,Low,Public,Positive,4,No,College,Moderate,Male,70,CLG0090,85,9.67,9.59,6,No,8,5,5,No
3623,19,85,Medium,Medium,No,8,70,Low,Yes,4,High,Medium,Public,Neutral,3,No,High School,Moderate,Male,68,CLG0052,91,6.73,6.96,3,No,8,9,5,No
3624,26,86,Low,Low,No,8,65,Low,Yes,0,Low,High,Public,Neutral,4,No,High School,Near,Female,66,CLG0052,78,7.65,8.13,4,No,7,8,3,Yes
3625,20,68,Medium,High,Yes,6,95,Medium,Yes,0,Low,Medium,Public,Positive,4,No,High School,Near,Female,66,CLG0092,83,8.45,8.17,9,No,6,6,4,No
3626,10,89,High,High,Yes,7,88,Medium,Yes,2,High,Medium,Private,Positive,2,No,Postgraduate,Near,Female,71,CLG0073,118,7.46,7.39,8,No,0,6,4,No
3627,26,100,High,High,No,7,74,Low,Yes,1,Medium,Medium,Public,Neutral,2,No,High School,Far,Female,72,CLG0065,116,5.62,5.33,6,No,10,2,2,No
3628,26,81,High,Medium,Yes,8,98,Low,Yes,1,Medium,Low,Private,Neutral,2,Yes,High School,Near,Female,69,CLG0034,122,9.89,10.04,4,No,0,8,2,Yes
3629,23,67,Medium,Medium,Yes,9,89,Medium,Yes,2,Low,High,Public,Neutral,2,No,High School,Near,Female,66,CLG0062,97,6.29,6.31,7,No,3,2,3,No
3630,18,78,Medium,Medium,No,9,91,High,Yes,2,High,Low,Public,Neutral,4,No,College,Far,Female,67,CLG0052,84,8.02,7.87,2,No,9,8,0,No
3631,14,67,Medium,Medium,Yes,9,68,Low,Yes,1,Low,Medium,Public,Neutral,3,Yes,High School,Near,Male,60,CLG0087,115,9.12,8.63,1,Yes,0,10,5,Yes
3632,17,87,Medium,Medium,Yes,7,61,Medium,Yes,4,High,Medium,Public,Negative,3,Yes,High School,Near,Female,67,CLG0099,67,7.82,7.72,8,No,3,3,2,No
3633,14,80,Medium,Medium,Yes,7,88,Medium,Yes,1,Medium,Medium,Private,Neutral,3,No,High School,Near,Male,66,CLG0082,90,5.54,6.01,1,Yes,6,7,4,No
3634,12,62,High,High,Yes,6,63,High,Yes,0,Low,Medium,Private,Negative,2,No,High School,Near,Male,61,CLG0049,115,7.38,7.49,9,Yes,10,9,2,Yes
3635,15,79,High,Medium,Yes,6,88,Medium,Yes,3,High,Medium,Public,Neutral,3,No,Postgraduate,Moderate,Male,69,CLG0097,115,6.3,6.3,3,Yes,0,10,0,No
3636,13,64,High,High,Yes,7,62,Medium,Yes,1,Low,Medium,Public,Neutral,1,No,College,Moderate,Female,62,CLG0072,100,6.96,7.27,10,Yes,0,4,4,No
3637,15,89,Low,Medium,Yes,9,82,Low,Yes,1,Medium,Medium,Public,Neutral,3,No,College,Near,Male,66,CLG0001,93,8.83,9.33,1,No,10,10,2,Yes
3638,2,98,High,Medium,No,4,64,Medium,Yes,1,Low,High,Private,Neutral,2,No,High School,Near,Female,65,CLG0005,131,6.35,5.93,4,Yes,8,3,5,No
3639,24,97,High,Low,No,7,75,Low,Yes,1,Medium,Medium,Public,Negative,2,No,High School,Moderate,Female,69,CLG0025,91,8.97,9.2,5,Yes,6,7,3,No
3640,19,89,High,Medium,Yes,6,65,Low,Yes,2,Low,Medium,Public,Neutral,3,Yes,Postgraduate,Near,Male,68,CLG0002,98,8.16,7.75,2,No,3,4,5,No
3641,19,65,Medium,Low,Yes,6,96,Medium,Yes,2,Medium,High,Private,Neutral,2,No,Postgraduate,Near,Male,65,CLG0091,120,7.53,7.54,4,No,5,9,3,Yes
3642,21,85,Medium,Low,Yes,7,52,Medium,Yes,3,Low,Medium,Private,Neutral,3,No,High School,Near,Male,66,CLG0027,112,5.32,5.58,7,No,3,4,0,No
3643,23,62,Medium,Low,Yes,4,70,High,Yes,3,Medium,High,Public,Positive,2,No,College,Moderate,Female,65,CLG0083,113,5.75,5.87,2,No,10,10,2,Yes
3644,14,77,High,Medium,Yes,8,96,Medium,Yes,3,Medium,Medium,Public,Neutral,2,No,Postgraduate,Near,Male,68,CLG0031,88,6.18,6.56,6,No,8,1,0,No
3645,16,83,Low,Medium,No,5,63,Low,Yes,2,High,Medium,Private,Positive,3,Yes,High School,Moderate,Female,64,CLG0031,99,8.12,7.7,3,No,8,5,1,No
3646,16,61,High,Medium,Yes,7,82,Medium,Yes,2,Low,Medium,Public,Negative,3,No,High School,Near,Female,63,CLG0085,93,8.95,8.92,7,No,7,9,4,Yes
3647,22,65,Medium,Medium,Yes,4,81,High,Yes,5,Medium,Medium,Public,Positive,4,No,College,Far,Female,68,CLG0052,69,9.35,9.45,9,No,9,4,2,No
3648,23,95,High,Low,No,7,92,High,Yes,1,Low,Medium,Public,Positive,1,No,High School,Near,Female,71,CLG0065,119,6.65,6.8,8,No,4,7,4,No
3649,18,85,Medium,Low,Yes,10,55,High,Yes,3,Medium,High,Public,Neutral,3,No,High School,Near,Male,67,CLG0073,97,9.53,9.07,9,No,3,5,1,No
3650,15,97,Low,Medium,No,7,60,Low,Yes,4,Medium,Medium,Public,Negative,3,No,High School,Near,Female,67,CLG0048,76,6.06,6.53,8,Yes,9,1,4,No
3651,27,87,High,Low,Yes,6,91,Low,Yes,4,High,Medium,Public,Neutral,4,No,High School,Moderate,Male,72,CLG0056,94,8.43,8.51,2,No,6,9,3,Yes
3652,25,96,Low,High,Yes,6,69,Low,Yes,3,High,Medium,Public,Positive,2,No,Postgraduate,Near,Male,74,CLG0023,76,9.57,9.79,9,No,6,9,3,Yes
3653,15,66,Low,High,No,6,80,Medium,No,1,Low,Medium,Private,Neutral,1,No,College,Near,Male,61,CLG0023,94,9.01,8.91,10,No,0,6,4,No
3654,31,73,High,Medium,Yes,8,57,Medium,Yes,2,Low,High,Public,Neutral,4,No,High School,Far,Male,69,CLG0086,104,7.42,7.87,8,No,4,1,4,No
3655,20,94,Low,Medium,Yes,6,99,Medium,Yes,0,Medium,Medium,Public,Negative,4,No,College,Near,Female,70,CLG0093,102,7.5,7.32,4,No,5,2,5,No
3656,25,92,Medium,Medium,No,4,77,Medium,Yes,0,Low,Medium,Public,Positive,3,No,High School,Near,Male,70,CLG0009,99,7.93,7.57,5,No,1,7,0,No
3657,16,81,Medium,Medium,Yes,8,57,High,Yes,1,Medium,Medium,Private,Positive,2,No,High School,Near,Male,66,CLG0047,110,8.53,8.63,4,Yes,3,9,1,No
3658,24,91,Low,Medium,No,8,73,Medium,Yes,2,Low,High,Private,Positive,2,No,Postgraduate,Moderate,Male,70,CLG0086,95,7.71,7.22,9,No,6,5,4,No
3659,30,84,High,Low,Yes,5,66,Low,Yes,0,Medium,Low,Public,Positive,2,No,Postgraduate,Near,Female,70,CLG0038,112,7.74,7.88,5,No,8,8,3,Yes
3660,11,85,High,Medium,Yes,7,96,Medium,No,1,Low,Medium,Public,Neutral,3,No,High School,Near,Male,66,CLG0042,87,8.73,8.64,4,No,8,2,1,No
3661,24,78,High,Medium,Yes,5,95,Low,Yes,1,Low,Medium,Private,Positive,2,No,College,Near,Male,69,CLG0011,125,5.37,5.86,1,No,3,3,5,No
3662,18,95,Medium,Medium,No,6,81,Medium,Yes,0,Low,Medium,Public,Positive,3,Yes,High School,Near,Female,68,CLG0076,106,5.3,5.39,1,No,6,7,5,No
3663,7,74,Low,High,No,9,98,High,Yes,3,High,Low,Public,Neutral,2,No,High School,Moderate,Male,63,CLG0058,116,6.52,6.04,2,No,9,10,0,No
3664,21,98,Medium,Medium,Yes,9,59,High,No,3,Medium,Medium,Public,Neutral,3,Yes,College,Near,Female,70,CLG0034,94,5.17,5.19,10,No,8,4,4,No
3665,22,99,Medium,Medium,Yes,4,57,High,Yes,2,Medium,High,Public,Positive,3,No,College,Near,Female,73,CLG0058,104,7.66,7.65,3,No,3,5,4,No
3666,25,91,Medium,High,No,7,92,Medium,Yes,3,Low,Medium,Public,Negative,5,No,High School,Near,Male,72,CLG0093,92,8.8,8.37,10,Yes,10,7,4,No
3667,20,76,Low,Medium,Yes,5,95,Medium,Yes,4,Low,High,Public,Positive,3,No,High School,Near,Male,68,CLG0086,100,9.28,9.74,10,No,7,1,1,No
3668,17,78,Medium,Low,Yes,9,51,High,Yes,1,Low,Medium,Private,Neutral,3,No,High School,Moderate,Male,63,CLG0060,106,5.94,6.29,10,No,5,3,4,No
3669,28,73,Low,Medium,Yes,8,54,Medium,Yes,4,Medium,Medium,Private,Neutral,1,No,High School,Near,Female,67,CLG0061,88,6.57,6.49,9,Yes,2,5,2,No
3670,15,78,Medium,High,Yes,9,63,Medium,No,2,Medium,Medium,Private,Positive,3,No,Postgraduate,Far,Female,65,CLG0094,99,8.04,8.25,3,Yes,0,2,1,No
3671,7,90,Low,Medium,Yes,7,93,Low,Yes,4,Medium,Medium,Public,Neutral,3,No,College,Near,Male,66,CLG0059,106,9.26,9.33,3,No,0,7,0,No
3672,24,62,Low,High,No,9,70,Low,Yes,2,Low,Medium,Public,Positive,2,No,College,Moderate,Female,63,CLG0051,111,5.04,5.36,3,No,7,4,0,No
3673,23,100,High,Low,Yes,4,69,Low,Yes,0,Low,High,Public,Positive,4,No,Postgraduate,Near,Female,72,CLG0044,54,9.04,8.82,4,Yes,5,9,0,No
3674,20,98,Low,Medium,Yes,6,80,Low,Yes,4,Medium,Medium,Public,Positive,4,No,College,Near,Male,72,CLG0062,113,9.09,9.3,2,No,0,4,5,Yes
3675,15,68,Low,Medium,Yes,6,94,Low,Yes,0,Medium,High,Public,Neutral,5,No,Postgraduate,Near,Female,64,CLG0046,114,9.38,9.81,3,Yes,9,7,5,Yes
3676,20,89,High,Medium,Yes,8,71,Medium,Yes,1,Medium,Medium,Public,Negative,1,No,Postgraduate,Far,Male,68,CLG0059,101,6.74,6.28,7,Yes,4,4,2,No
3677,28,65,Low,Medium,Yes,7,77,High,Yes,1,Low,High,Public,Positive,3,No,College,Near,Male,67,CLG0077,123,5.38,5.31,3,No,4,8,5,Yes
3678,21,96,High,Low,No,10,86,Low,Yes,1,Low,High,Public,Neutral,3,No,College,Near,Male,71,CLG0091,108,5.16,5.53,7,No,9,10,0,No
3679,15,96,High,Medium,No,7,74,Medium,Yes,2,Low,Low,Private,Positive,2,No,High School,Far,Male,68,CLG0080,107,5.51,5.32,4,Yes,4,8,1,No
3680,25,94,High,Medium,No,7,86,Low,No,2,Low,Medium,Private,Negative,4,No,College,Moderate,Male,70,CLG0025,83,7.47,7.01,2,Yes,7,3,3,No
3681,15,86,High,Low,No,8,79,Medium,Yes,3,Low,Medium,Public,Positive,3,No,College,Near,Female,68,CLG0007,83,7.95,7.64,7,No,6,1,3,No
3682,19,94,High,Low,Yes,7,75,Medium,Yes,2,High,Medium,Public,Negative,5,No,College,Near,Female,71,CLG0019,128,9.07,9.25,10,No,4,7,3,Yes
3683,19,71,Medium,Medium,Yes,7,91,Medium,Yes,3,High,Medium,Public,Negative,1,No,High School,Moderate,Female,66,CLG0011,131,5.39,4.93,4,No,7,9,0,No
3684,26,95,Medium,Medium,No,4,51,Medium,Yes,1,Low,Medium,Public,Positive,2,No,High School,Near,Male,70,CLG0064,105,8.88,8.52,8,Yes,10,1,4,No
3685,17,95,High,Medium,No,7,70,High,Yes,1,Low,Medium,Public,Neutral,3,No,High School,Near,Male,69,CLG0014,89,8.79,8.93,2,Yes,3,1,2,No
3686,6,90,Medium,Medium,Yes,9,66,Medium,Yes,2,Medium,High,Public,Positive,2,No,High School,Far,Male,65,CLG0081,91,5.57,5.6,2,No,9,7,4,No
3687,14,84,Medium,Medium,Yes,8,70,Medium,Yes,1,Low,High,Public,Neutral,5,No,College,Near,Male,67,CLG0018,103,5.91,5.66,9,Yes,8,6,0,No
3688,24,98,Medium,Low,No,9,53,Medium,Yes,3,High,Low,Private,Negative,2,No,Postgraduate,Far,Male,69,CLG0031,107,8.36,8.59,7,Yes,2,7,0,No
3689,18,79,High,Medium,Yes,4,95,Low,Yes,1,Low,High,Public,Negative,2,No,High School,Moderate,Female,66,CLG0019,118,6.08,6.41,4,No,3,4,2,No
3690,17,89,Low,High,No,8,62,Medium,Yes,1,Low,High,Public,Positive,1,No,High School,Moderate,Male,66,CLG0002,120,6.58,6.99,3,No,0,7,3,No
3691,28,91,High,Medium,Yes,4,78,Low,Yes,1,Medium,Low,Public,Positive,3,No,High School,Moderate,Male,72,CLG0018,105,7.5,7.62,8,No,8,1,5,No
3692,23,95,High,Medium,No,7,57,Medium,Yes,1,Low,Medium,Private,Neutral,2,No,High School,Near,Female,70,CLG0071,116,9.25,9.31,3,No,0,1,1,No
3693,26,78,High,High,Yes,5,67,Low,Yes,1,High,High,Private,Negative,3,No,High School,Moderate,Male,69,CLG0016,85,8.26,8.38,7,Yes,5,8,5,Yes
3694,24,92,High,Medium,Yes,5,94,Low,Yes,1,Medium,Medium,Public,Neutral,2,No,Postgraduate,Near,Female,73,CLG0023,113,8.76,8.6,4,Yes,7,5,1,No
3695,12,87,Medium,Medium,Yes,7,53,Low,Yes,2,Medium,Medium,Private,Neutral,1,No,College,Near,Male,65,CLG0001,132,5.89,5.87,5,No,7,1,4,No
3696,19,77,High,Medium,Yes,8,88,Medium,No,3,Low,Medium,Public,Positive,3,No,College,Moderate,Male,67,CLG0025,80,9.9,10.28,8,No,6,6,1,No
3697,22,84,High,Medium,No,7,81,Medium,Yes,1,Medium,Low,Private,Positive,3,No,High School,Moderate,Male,69,CLG0092,103,7.51,7.34,10,Yes,2,4,3,No
3698,23,81,Low,Medium,Yes,4,54,Medium,Yes,1,Low,Medium,Public,Neutral,3,No,College,Near,Male,66,CLG0034,94,7.43,7.85,5,No,6,8,2,No
3699,24,75,Medium,High,Yes,9,75,High,Yes,0,Medium,High,Public,Positive,3,No,College,Far,Male,69,CLG0062,106,9.2,9.13,4,No,6,1,4,No
3700,17,72,High,High,Yes,7,61,Low,Yes,1,Medium,Medium,Public,Negative,4,No,High School,Near,Female,65,CLG0062,97,7.4,7.55,2,No,9,3,3,No
3701,13,64,Medium,Low,Yes,7,50,High,Yes,0,Medium,Low,Public,Positive,4,No,High School,Near,Male,60,CLG0035,109,9.71,9.77,5,No,9,3,3,No
3702,28,80,Medium,High,No,6,96,High,Yes,2,Low,Medium,Public,Positive,6,No,High School,Near,Male,73,CLG0088,73,5.0,4.86,8,No,7,4,2,No
3703,12,88,Medium,Medium,Yes,7,86,High,Yes,3,Medium,High,Public,Positive,3,Yes,High School,Moderate,Male,68,CLG0001,107,7.14,7.47,2,No,9,3,3,No
3704,18,99,Medium,High,Yes,4,54,Low,Yes,0,Medium,Medium,Public,Positive,3,No,Postgraduate,Moderate,Male,70,CLG0015,82,9.83,9.59,5,Yes,1,9,2,Yes
3705,21,99,High,Low,No,7,95,Low,Yes,2,Low,Medium,Public,Negative,1,No,High School,Near,Female,70,CLG0013,95,5.39,5.73,2,Yes,2,1,1,No
3706,17,79,Low,Low,Yes,10,88,Low,Yes,3,Medium,High,Private,Neutral,3,No,High School,Moderate,Female,65,CLG0092,90,5.16,4.68,9,Yes,1,6,1,No
3707,15,96,Medium,High,Yes,7,84,High,Yes,3,Medium,Low,Public,Positive,1,No,Postgraduate,Near,Male,72,CLG0081,102,6.06,5.96,1,No,9,6,5,No
3708,26,76,Medium,High,Yes,6,52,Medium,Yes,4,High,Low,Public,Neutral,3,No,High School,Near,Male,69,CLG0086,97,9.78,9.59,4,Yes,9,2,5,No
3709,17,81,High,Low,Yes,9,68,High,Yes,1,Low,Low,Private,Positive,3,No,College,Near,Female,66,CLG0094,72,5.75,5.44,4,No,9,8,0,No
3710,13,89,High,High,No,8,59,Low,Yes,0,Low,High,Public,Neutral,2,No,Postgraduate,Moderate,Male,66,CLG0087,86,6.59,6.65,5,Yes,5,6,5,No
3711,20,78,Medium,Low,No,8,61,Medium,Yes,0,Medium,Medium,Public,Neutral,2,Yes,High School,Moderate,Female,62,CLG0034,92,6.3,6.62,5,Yes,3,6,5,No
3712,22,62,Low,Medium,Yes,7,87,Medium,Yes,2,High,Low,Public,Neutral,3,No,High School,Near,Female,64,CLG0062,98,7.34,7.15,4,No,2,1,4,No
3713,12,100,Medium,Medium,Yes,4,68,Medium,Yes,2,Low,Medium,Public,Neutral,3,No,College,Far,Male,68,CLG0045,99,5.8,5.94,6,No,2,7,5,No
3714,33,64,High,Medium,No,8,55,Medium,Yes,1,Medium,High,Public,Neutral,3,No,College,Moderate,Female,68,CLG0002,93,5.12,4.99,10,Yes,7,8,4,No
3715,11,89,Medium,Medium,Yes,5,63,Medium,Yes,0,Medium,Medium,Public,Neutral,2,No,College,Near,Female,65,CLG0073,85,5.91,6.3,5,Yes,2,5,3,No
3716,21,68,Medium,Medium,No,9,79,Low,Yes,1,High,High,Private,Negative,4,No,Postgraduate,Moderate,Female,66,CLG0013,96,8.81,9.06,4,No,10,3,5,No
3717,25,61,Medium,High,No,9,65,Medium,Yes,2,Medium,Medium,Private,Neutral,4,Yes,High School,Moderate,Female,64,CLG0088,112,8.66,9.09,9,No,6,6,3,Yes
3718,32,93,Medium,Medium,Yes,8,93,High,Yes,1,Medium,High,Public,Negative,3,No,Postgraduate,Far,Female,75,CLG0022,92,7.42,7.03,10,No,3,9,2,No
3719,4,69,Medium,High,Yes,6,99,Medium,Yes,0,Medium,High,Public,Neutral,2,No,High School,Moderate,Male,61,CLG0045,107,6.73,6.8,5,Yes,8,4,2,No
3720,22,83,High,Medium,No,8,99,Low,Yes,4,High,High,Public,Negative,4,Yes,High School,Near,Female,71,CLG0033,89,7.43,7.55,6,Yes,2,7,2,No
3721,19,64,High,Medium,No,9,57,Low,Yes,0,Medium,High,Private,Neutral,3,No,High School,Near,Female,62,CLG0007,85,9.38,9.85,5,Yes,9,7,4,No
3722,12,79,Medium,Low,No,9,80,Low,Yes,1,High,Medium,Public,Positive,2,No,College,Moderate,Male,63,CLG0097,90,9.52,9.11,3,Yes,10,4,2,No
3723,8,82,High,Low,No,4,59,Medium,Yes,1,Medium,Medium,Public,Neutral,2,No,College,Near,Male,62,CLG0044,118,6.13,6.6,1,No,5,1,3,No
3724,11,82,High,Medium,No,8,63,High,Yes,1,Medium,Medium,Public,Neutral,5,No,High School,Near,Male,65,CLG0025,110,6.59,6.26,3,No,8,5,4,No
3725,12,89,High,Low,Yes,4,59,Low,Yes,2,Low,High,Public,Negative,4,No,High School,Near,Male,65,CLG0080,98,6.89,7.35,5,No,3,8,2,No
3726,17,72,Low,Medium,Yes,5,66,Medium,Yes,2,High,High,Public,Negative,3,No,College,Near,Male,65,CLG0035,124,7.46,7.17,9,Yes,5,2,0,No
3727,26,90,Medium,Medium,No,8,65,High,Yes,3,Medium,High,Private,Positive,2,No,High School,Near,Female,72,CLG0063,107,5.69,6.1,5,No,5,8,1,No
3728,16,93,Medium,Low,Yes,7,81,Medium,Yes,2,Low,Medium,Private,Negative,3,Yes,Postgraduate,Moderate,Male,67,CLG0024,56,6.18,6.24,8,Yes,6,3,5,No
3729,13,95,Medium,Medium,Yes,4,83,Low,No,1,Low,High,Public,Neutral,4,No,College,Moderate,Male,67,CLG0069,93,7.66,8.11,10,No,4,2,2,No
3730,32,68,High,High,No,10,84,Medium,Yes,0,Medium,High,Private,Positive,2,No,Postgraduate,Far,Male,70,CLG0090,84,6.51,6.4,2,No,9,1,3,No
3731,17,69,Low,High,Yes,7,95,Medium,Yes,1,Low,High,Private,Positive,2,No,High School,Moderate,Male,65,CLG0068,93,6.8,6.34,5,Yes,0,7,1,No
3732,22,63,Medium,Medium,Yes,7,99,Low,Yes,3,Medium,Medium,Private,Neutral,4,No,High School,Moderate,Male,65,CLG0081,123,5.11,5.09,8,No,9,5,5,No
3733,25,93,Low,Medium,No,8,93,Medium,Yes,2,Medium,Medium,Public,Positive,3,No,College,Near,Male,72,CLG0078,90,6.43,6.89,9,Yes,10,4,2,No
3734,17,82,Medium,Low,No,6,88,Low,Yes,2,Low,Low,Private,Neutral,3,No,Postgraduate,Near,Male,65,CLG0037,88,9.25,9.07,6,No,5,4,5,No
3735,26,67,Low,Medium,No,8,57,Medium,Yes,0,Medium,Medium,Public,Negative,4,No,College,Far,Female,62,CLG0033,123,8.42,8.0,9,Yes,10,9,4,Yes
3736,16,67,Low,High,Yes,8,98,Medium,Yes,0,High,Low,Private,Negative,3,No,High School,Moderate,Male,63,CLG0050,122,8.87,8.73,10,Yes,0,9,2,Yes
3737,14,85,High,High,Yes,5,77,Medium,Yes,2,Low,High,Public,Positive,3,No,High School,Near,Male,69,CLG0094,77,7.5,7.09,8,Yes,1,8,1,No
3738,18,69,Low,Low,Yes,10,89,Low,Yes,2,Low,High,Public,Neutral,1,Yes,High School,Moderate,Male,61,CLG0019,93,6.61,6.53,7,Yes,3,1,5,No
3739,21,98,High,Medium,No,5,66,Low,Yes,3,High,High,Public,Positive,5,No,High School,Near,Male,73,CLG0013,118,5.64,5.7,8,Yes,1,5,1,No
3740,12,84,Low,Medium,No,7,50,Medium,Yes,3,High,High,Public,Neutral,3,No,High School,Near,Male,65,CLG0054,71,7.42,7.62,3,No,10,3,4,No
3741,21,71,Low,Medium,Yes,8,59,Medium,Yes,3,Low,Medium,Public,Neutral,3,No,College,Moderate,Male,64,CLG0057,89,7.25,7.48,9,No,6,4,5,No
3742,14,62,Medium,High,Yes,7,79,Low,Yes,2,Medium,Medium,Private,Positive,2,No,High School,Moderate,Female,62,CLG0015,66,7.33,7.41,4,No,5,1,5,No
3743,12,82,High,Low,No,6,65,Low,Yes,3,Medium,Medium,Private,Negative,3,No,High School,Near,Female,64,CLG0061,102,8.27,8.03,3,No,8,8,4,Yes
3744,14,80,High,Low,Yes,7,90,High,Yes,2,Low,High,Public,Negative,2,No,College,Far,Female,66,CLG0003,77,8.93,9.3,4,No,1,3,0,No
3745,28,78,Medium,High,No,7,92,Low,Yes,1,Medium,High,Public,Positive,3,No,Postgraduate,Moderate,Female,71,CLG0083,104,5.95,5.72,3,Yes,0,5,3,No
3746,15,74,High,Medium,Yes,8,79,Medium,Yes,0,High,Medium,Public,Negative,3,No,College,Near,Male,65,CLG0063,96,6.13,6.52,9,Yes,7,9,4,No
3747,25,96,Low,Low,No,7,98,Medium,Yes,1,Medium,Medium,Private,Neutral,3,No,College,Near,Male,71,CLG0081,86,5.27,4.96,3,Yes,5,1,0,No
3748,20,98,High,Medium,Yes,7,69,High,No,2,High,High,Public,Negative,2,No,College,Near,Female,72,CLG0067,104,8.88,8.76,1,No,3,4,1,No
3749,30,86,High,High,Yes,6,87,Medium,Yes,0,Low,Low,Private,Positive,4,No,College,Near,Female,73,CLG0030,90,8.9,9.02,8,No,0,1,0,No
3750,31,88,Medium,Low,No,6,62,Medium,Yes,2,Low,Medium,Private,Positive,4,No,High School,Near,Male,70,CLG0067,113,9.3,9.71,4,Yes,7,10,3,Yes
3751,32,84,Low,Medium,Yes,8,96,Medium,Yes,1,Low,Medium,Public,Positive,3,No,High School,Near,Female,72,CLG0065,97,7.86,7.92,6,No,3,4,1,No
3752,19,61,High,Medium,Yes,6,52,Low,No,1,Low,Medium,Public,Neutral,3,No,High School,Far,Female,59,CLG0089,109,9.25,9.04,1,No,3,4,3,No
3753,22,90,High,High,No,8,75,High,Yes,1,Low,Low,Private,Neutral,3,No,College,Moderate,Male,70,CLG0040,84,9.57,9.18,6,No,3,5,4,No
3754,26,89,Medium,Medium,Yes,8,59,Low,Yes,1,Low,High,Public,Neutral,4,No,High School,Near,Male,70,CLG0044,120,5.5,5.79,1,No,2,7,2,No
3755,22,71,Low,High,Yes,9,56,High,Yes,1,Low,High,Public,Neutral,3,Yes,College,Near,Female,84,CLG0007,112,8.36,8.54,3,No,0,3,2,Yes
3756,24,89,Low,High,Yes,6,60,Medium,Yes,1,Low,Medium,Private,Neutral,2,No,High School,Near,Male,68,CLG0012,107,7.75,7.43,10,Yes,7,9,3,No
3757,11,62,High,Medium,Yes,7,76,High,Yes,3,High,Medium,Private,Neutral,3,Yes,High School,Moderate,Male,88,CLG0066,103,5.05,5.18,2,Yes,8,5,2,No
3758,27,92,Medium,Medium,No,8,94,Medium,No,1,Low,Medium,Private,Negative,4,No,College,Near,Female,70,CLG0083,82,8.08,7.95,7,Yes,2,1,0,No
3759,27,85,Low,High,No,6,63,Low,Yes,1,Low,Medium,Public,Negative,2,No,College,Near,Male,68,CLG0038,71,8.81,9.07,8,Yes,2,2,5,No
3760,21,77,High,Low,Yes,7,100,Low,Yes,2,High,High,Public,Positive,4,No,College,Near,Female,70,CLG0013,95,5.91,5.84,8,Yes,7,9,1,No
3761,22,70,High,Low,No,7,85,Medium,Yes,0,High,Medium,Private,Negative,3,No,High School,Far,Male,64,CLG0059,121,8.89,8.62,10,Yes,7,5,0,No
3762,20,70,Low,Medium,No,8,64,Low,Yes,0,Low,Low,Private,Positive,3,No,High School,Far,Male,61,CLG0038,98,8.87,9.16,1,Yes,9,2,2,No
3763,20,68,High,Low,Yes,7,99,High,Yes,0,Low,Medium,Public,Positive,2,Yes,College,Moderate,Female,64,CLG0005,131,8.63,8.35,8,Yes,7,8,1,Yes
3764,16,96,High,Medium,Yes,9,97,Medium,Yes,0,Medium,High,Private,Neutral,5,No,College,Near,Male,72,CLG0070,105,9.7,9.28,4,No,10,5,5,No
3765,18,66,Medium,Medium,Yes,7,90,Medium,Yes,0,Medium,Medium,Public,Negative,4,No,Postgraduate,Near,Male,64,CLG0031,115,8.9,8.84,4,No,7,8,3,Yes
3766,27,94,Medium,Low,No,6,86,Medium,Yes,2,Medium,Medium,Private,Neutral,2,No,High School,Near,Female,71,CLG0007,110,6.44,6.84,4,Yes,4,5,3,No
3767,17,61,Low,Medium,Yes,6,82,High,Yes,0,Medium,High,Public,Neutral,4,No,Postgraduate,Near,Male,63,CLG0010,98,7.14,7.5,2,No,3,6,0,No
3768,19,66,Medium,High,Yes,5,81,Medium,Yes,1,High,Medium,Private,Positive,3,No,College,Moderate,Male,66,CLG0071,101,6.51,6.33,2,Yes,9,8,4,No
3769,18,64,High,High,No,8,69,Medium,Yes,3,High,Medium,Public,Positive,3,No,College,Moderate,Male,66,CLG0034,90,7.26,7.59,7,No,8,4,4,No
3770,21,99,High,Medium,Yes,6,65,Low,Yes,1,Medium,Medium,Private,Positive,2,No,College,Far,Female,71,CLG0069,92,9.71,9.66,10,Yes,7,4,0,No
3771,34,97,Medium,Medium,No,8,60,Medium,Yes,2,Medium,Medium,Private,Neutral,4,No,High School,Near,Male,74,CLG0060,77,8.04,8.51,10,No,0,10,5,Yes
3772,24,86,High,Low,Yes,7,54,Medium,Yes,0,Low,High,Public,Neutral,2,No,College,Near,Male,68,CLG0004,114,7.35,7.49,5,No,6,5,1,No
3773,28,72,Low,Medium,Yes,7,60,Medium,Yes,4,High,Medium,Public,Neutral,3,No,Postgraduate,Near,Male,69,CLG0087,98,6.74,6.32,4,Yes,10,1,5,No
3774,24,91,High,Medium,No,7,93,Low,Yes,0,Medium,Medium,Public,Positive,2,No,High School,Moderate,Male,71,CLG0021,88,5.57,6.07,4,No,3,1,5,No
3775,14,71,High,Low,Yes,6,61,Low,Yes,0,Low,Medium,Public,Positive,3,No,Postgraduate,Near,Female,63,CLG0019,107,7.84,7.87,8,No,7,8,4,No
3776,23,75,Low,High,Yes,6,73,Low,Yes,1,Low,Medium,Public,Positive,2,No,High School,Moderate,Female,65,CLG0056,100,5.23,4.91,2,No,5,1,2,No
3777,14,83,Medium,Medium,Yes,10,80,Medium,Yes,1,Medium,High,Private,Neutral,3,Yes,College,Near,Female,66,CLG0041,101,5.36,5.63,2,Yes,4,10,4,No
3778,15,65,Medium,Medium,Yes,7,69,Medium,Yes,1,High,Medium,Public,Neutral,3,No,Postgraduate,Near,Female,64,CLG0050,83,7.51,7.77,8,No,10,3,1,No
3779,23,75,Medium,High,Yes,5,98,Medium,Yes,3,Medium,High,Public,Positive,1,No,College,Near,Female,71,CLG0092,92,8.64,9.0,7,Yes,3,6,0,No
3780,11,68,High,Medium,Yes,5,87,Medium,Yes,1,Low,Medium,Public,Positive,4,Yes,High School,Far,Male,62,CLG0076,90,9.85,10.34,9,No,3,7,3,No
3781,20,95,Medium,Medium,Yes,8,99,Low,No,1,Low,Medium,Private,Neutral,3,No,College,Near,Female,70,CLG0001,73,7.29,6.82,3,Yes,5,1,0,No
3782,25,76,Medium,Low,Yes,7,96,Medium,Yes,3,Medium,Medium,Public,Positive,4,Yes,High School,Near,Female,68,CLG0012,99,8.42,8.88,10,No,6,3,4,No
3783,25,61,Medium,High,Yes,8,65,Low,Yes,3,Low,Low,Public,Neutral,3,No,College,Near,Female,65,CLG0012,117,6.78,7.13,3,Yes,5,9,5,Yes
3784,11,92,High,High,Yes,6,84,Medium,Yes,2,Low,Low,Public,Negative,1,No,High School,Near,Female,68,CLG0078,91,9.3,9.74,9,No,5,6,4,No
3785,21,75,Medium,Medium,Yes,7,70,Low,Yes,3,Medium,Medium,Public,Positive,4,Yes,Postgraduate,Near,Male,67,CLG0017,128,8.43,7.96,5,No,4,3,1,No
3786,17,94,High,Medium,Yes,7,78,Medium,Yes,1,Low,High,Public,Neutral,3,No,College,Near,Female,70,CLG0010,90,9.78,10.12,10,No,3,7,2,No
3787,19,65,High,Low,No,9,69,Medium,Yes,4,Low,High,Public,Neutral,2,No,College,Far,Male,64,CLG0042,113,6.49,6.41,10,Yes,6,8,1,No
3788,21,66,Medium,Medium,Yes,6,74,Medium,Yes,2,Medium,High,Private,Neutral,4,No,High School,Near,Female,66,CLG0035,130,7.04,7.17,5,No,1,1,3,No
3789,16,87,Low,Medium,Yes,10,96,Medium,No,1,Low,High,Public,Positive,1,No,College,Moderate,Male,66,CLG0014,84,5.37,4.87,7,Yes,6,6,3,No
3790,17,91,Medium,High,No,8,85,High,Yes,3,Medium,High,Public,Neutral,4,No,College,Moderate,Female,71,CLG0053,118,5.52,5.89,1,Yes,8,7,2,No
3791,26,87,Medium,Medium,Yes,7,81,Medium,Yes,1,High,Medium,Public,Negative,2,No,High School,Near,Male,70,CLG0038,104,6.61,6.55,4,No,7,10,4,No
3792,19,79,Low,Medium,No,9,82,Medium,Yes,1,Low,Medium,Private,Neutral,4,No,High School,Near,Male,65,CLG0016,114,9.83,9.94,8,No,5,4,3,Yes
3793,12,90,Medium,Medium,Yes,8,93,Low,Yes,3,High,Medium,Public,Neutral,3,No,High School,Near,Female,68,CLG0068,102,5.99,5.83,10,No,1,7,4,No
3794,3,85,Low,High,No,8,73,Low,Yes,2,Low,Medium,Private,Neutral,3,No,High School,Near,Male,62,CLG0071,106,9.15,8.79,4,No,1,7,2,No
3795,24,78,Low,High,Yes,10,61,High,Yes,2,Medium,Medium,Public,Positive,4,No,College,Moderate,Female,69,CLG0090,101,8.22,8.63,9,Yes,8,2,3,No
3796,16,99,High,Medium,Yes,5,73,High,Yes,1,Medium,Medium,Private,Positive,5,Yes,College,Far,Male,71,CLG0093,90,6.67,7.16,6,Yes,2,7,5,No
3797,21,92,High,Low,No,6,76,Low,Yes,2,Low,Medium,Public,Positive,5,No,College,Near,Male,70,CLG0055,127,6.24,6.28,7,Yes,2,5,0,No
3798,25,69,Medium,Medium,Yes,7,88,High,Yes,0,Low,Medium,Public,Negative,4,No,College,Near,Female,66,CLG0025,106,6.99,7.3,2,Yes,6,3,2,No
3799,17,77,High,Medium,Yes,7,96,Medium,Yes,1,Low,Low,Private,Positive,3,No,College,Near,Male,67,CLG0031,88,7.44,7.76,6,No,10,9,0,No
3800,17,86,Low,Medium,No,6,84,High,Yes,0,Medium,Medium,Private,Neutral,3,No,High School,Near,Female,66,CLG0030,104,7.91,7.85,2,Yes,0,1,2,No
3801,7,99,High,Medium,Yes,9,94,Medium,Yes,3,High,High,Public,Positive,2,No,Postgraduate,Moderate,Male,72,CLG0019,103,7.88,8.03,8,No,8,9,3,Yes
3802,12,80,Medium,High,Yes,6,61,Medium,Yes,0,High,High,Private,Neutral,2,No,High School,Near,Male,65,CLG0010,101,6.04,5.65,2,Yes,10,9,3,No
3803,22,66,Medium,Low,Yes,9,74,Medium,Yes,3,Low,High,Public,Negative,3,No,Postgraduate,Near,Female,65,CLG0039,125,6.62,6.15,4,No,5,9,3,Yes
3804,29,74,High,Medium,Yes,7,57,Medium,No,3,Medium,Medium,Private,Positive,2,No,High School,Moderate,Male,68,CLG0080,112,5.6,5.76,10,No,8,10,4,Yes
3805,27,75,Medium,Medium,Yes,7,51,High,Yes,1,Medium,Low,Public,Negative,2,No,Postgraduate,Near,Male,67,CLG0027,81,9.89,9.54,6,No,9,3,1,No
3806,18,84,Low,Low,No,5,85,Medium,Yes,0,Medium,Medium,Public,Neutral,4,No,High School,Moderate,Male,64,CLG0040,107,7.16,7.35,10,No,8,4,5,No
3807,19,94,Low,Medium,Yes,5,95,Medium,Yes,3,Low,Low,Public,Positive,2,No,High School,Moderate,Male,69,CLG0027,121,8.97,8.65,6,No,8,1,1,No
3808,13,78,Medium,Medium,Yes,9,73,Medium,Yes,0,Medium,High,Private,Negative,4,No,High School,Near,Male,64,CLG0067,107,8.12,7.71,5,No,8,9,4,No
3809,31,84,Medium,High,No,7,71,Low,Yes,4,Low,Medium,Public,Negative,4,No,High School,Far,Male,70,CLG0047,105,6.19,5.92,2,No,9,5,5,No
3810,14,81,High,High,No,9,78,Medium,Yes,0,Medium,Medium,Private,Positive,4,No,College,Near,Female,68,CLG0038,87,6.47,6.39,1,Yes,0,6,3,No
3811,26,84,Medium,High,Yes,7,71,Medium,Yes,0,Medium,Medium,Public,Neutral,2,No,High School,Near,Female,70,CLG0058,84,9.86,9.86,5,No,6,2,1,No
3812,21,70,Low,Low,No,7,63,Medium,Yes,0,Medium,Medium,Public,Positive,2,No,High School,Far,Male,61,CLG0051,80,5.3,5.48,10,Yes,10,4,4,No
3813,25,81,High,Medium,Yes,7,85,High,Yes,3,Medium,Medium,Public,Negative,1,No,Postgraduate,Moderate,Female,71,CLG0003,100,7.65,7.88,4,Yes,10,4,0,No
3814,18,82,Low,Medium,Yes,6,67,Low,Yes,1,High,Low,Private,Positive,3,No,Postgraduate,Moderate,Male,66,CLG0065,94,7.24,6.92,4,Yes,8,7,2,No
3815,19,94,Medium,Medium,No,7,97,Medium,Yes,0,Medium,Medium,Public,Neutral,3,No,High School,Near,Female,69,CLG0063,115,6.83,6.86,9,Yes,10,7,2,No
3816,14,89,Low,High,No,6,59,Low,Yes,2,Low,High,Public,Neutral,5,No,Postgraduate,Moderate,Male,66,CLG0032,124,8.7,8.33,3,No,1,3,3,Yes
3817,11,94,Low,High,Yes,8,92,High,Yes,0,Medium,Medium,Public,Neutral,4,No,High School,Near,Female,68,CLG0056,96,9.72,10.07,7,No,9,5,2,No
3818,15,85,Medium,Medium,No,8,58,High,Yes,1,Low,Medium,Private,Negative,3,No,College,Near,Male,65,CLG0049,96,5.65,5.3,7,Yes,3,8,3,No
3819,18,95,Medium,Medium,Yes,7,91,Low,Yes,0,Low,Medium,Public,Positive,4,Yes,Postgraduate,Moderate,Male,69,CLG0053,120,8.48,8.18,4,No,1,7,5,Yes
3820,19,77,High,Low,No,6,97,Low,Yes,4,Low,Medium,Public,Negative,2,No,High School,Near,Male,66,CLG0049,88,6.4,6.74,1,No,7,6,1,No
3821,14,80,High,Low,Yes,7,98,High,Yes,2,Low,High,Private,Negative,2,No,High School,Near,Male,66,CLG0006,87,9.12,9.13,3,No,2,1,3,No
3822,21,90,Medium,Medium,No,8,61,Medium,Yes,1,High,Medium,Public,Positive,4,No,Postgraduate,Moderate,Female,69,CLG0006,86,8.59,8.33,8,Yes,9,1,1,No
3823,22,61,High,Medium,No,8,88,Low,Yes,1,Medium,High,Public,Neutral,4,No,High School,Near,Female,65,CLG0074,103,7.26,7.45,9,Yes,0,1,1,No
3824,20,78,Low,Medium,Yes,5,92,Low,Yes,1,Medium,Medium,Public,Positive,3,No,High School,Far,Male,65,CLG0084,133,6.55,6.88,4,No,1,8,3,Yes
3825,20,68,Low,Low,No,8,88,Medium,Yes,5,Low,Low,Private,Neutral,3,No,High School,Moderate,Male,63,CLG0035,95,7.75,7.6,10,Yes,2,4,4,No
3826,30,87,High,High,Yes,6,66,Low,Yes,1,Medium,Medium,Public,Neutral,4,No,High School,Near,Male,73,CLG0086,98,7.87,7.8,4,No,5,8,0,No
3827,31,77,High,Low,Yes,5,53,High,Yes,1,Medium,Medium,Public,Neutral,2,No,High School,Near,Female,68,CLG0063,115,8.49,8.94,2,Yes,6,2,2,Yes
3828,17,87,Medium,Medium,No,7,96,Medium,Yes,1,High,Medium,Public,Negative,5,No,Postgraduate,Near,Female,70,CLG0058,92,6.55,6.43,1,No,2,6,5,No
3829,14,62,Medium,Medium,No,9,73,Medium,Yes,1,Low,Medium,Public,Neutral,6,No,High School,Near,Male,61,CLG0072,100,6.7,6.96,1,Yes,3,3,1,No
3830,23,91,High,High,No,10,67,High,Yes,2,Low,Medium,Public,Positive,2,No,College,Near,Male,72,CLG0015,104,7.02,7.1,1,Yes,9,2,4,No
3831,24,80,Medium,High,Yes,7,97,Medium,Yes,0,Low,High,Private,Neutral,4,No,High School,Moderate,Female,69,CLG0059,112,9.45,9.8,2,Yes,9,4,1,No
3832,26,92,Low,Medium,Yes,8,98,Medium,Yes,2,Medium,Medium,Public,Neutral,3,No,Postgraduate,Moderate,Male,72,CLG0098,102,8.05,7.99,2,Yes,0,8,3,No
3833,18,76,High,High,No,6,83,Medium,Yes,1,High,Medium,Public,Neutral,4,No,High School,Near,Male,68,CLG0001,70,7.45,7.64,5,Yes,1,7,2,No
3834,20,82,Medium,Medium,No,6,94,Medium,Yes,3,Low,Medium,Private,Positive,2,No,High School,Near,Male,68,CLG0057,105,6.57,6.71,5,No,7,7,5,No
3835,12,72,Low,Low,Yes,6,99,High,Yes,0,Low,Medium,Public,Positive,4,No,College,Far,Female,62,CLG0005,87,7.81,8.27,9,Yes,5,3,5,No
3836,25,65,Medium,Low,No,7,94,Low,Yes,1,Low,High,Public,Positive,3,No,High School,Far,Male,64,CLG0039,111,5.53,5.05,6,No,10,3,5,No
3837,22,99,High,High,No,4,75,Low,Yes,2,Medium,Medium,Private,Negative,4,No,High School,Near,Female,72,CLG0026,121,6.34,5.87,9,Yes,0,1,4,No
3838,15,87,Medium,Medium,No,10,83,Medium,Yes,1,High,High,Private,Positive,3,No,High School,Near,Male,68,CLG0070,89,8.59,9.08,4,No,7,2,4,No
3839,13,88,High,Low,Yes,9,61,Low,Yes,4,Medium,Medium,Private,Negative,3,No,High School,Near,Female,66,CLG0037,101,9.05,8.64,6,No,10,4,2,No
3840,11,73,High,Low,Yes,7,68,High,Yes,3,Low,High,Private,Neutral,3,No,College,Moderate,Female,64,CLG0076,120,6.91,6.51,9,Yes,5,8,1,No
3841,18,66,Medium,High,Yes,9,59,Medium,No,0,Low,Medium,Private,Positive,3,No,High School,Near,Male,62,CLG0029,108,8.18,8.17,6,No,7,5,3,No
3842,17,92,Low,Medium,Yes,6,65,High,Yes,3,Medium,High,Public,Positive,2,No,College,Near,Male,70,CLG0033,103,8.81,8.57,10,No,3,5,5,No
3843,25,66,High,Medium,Yes,7,55,Medium,Yes,4,Medium,Medium,Public,Neutral,2,Yes,High School,Moderate,Female,84,CLG0055,109,9.95,10.11,2,Yes,8,2,4,No
3844,12,70,Low,Medium,Yes,8,55,Medium,Yes,2,Medium,High,Public,Negative,4,No,High School,Near,Female,61,CLG0077,105,9.82,10.08,7,Yes,7,2,4,No
3845,17,98,Medium,High,Yes,7,68,Medium,Yes,1,Low,Medium,Public,Positive,4,No,College,Moderate,Male,70,CLG0080,87,7.22,7.7,3,No,0,5,1,No
3846,17,84,Low,High,Yes,7,89,Medium,Yes,2,High,Medium,Public,Positive,2,No,High School,Moderate,Male,68,CLG0093,76,8.16,8.62,9,No,8,1,2,No
3847,12,97,Medium,Low,Yes,7,69,Low,Yes,0,Low,High,Public,Positive,5,No,High School,Near,Female,67,CLG0062,112,8.61,8.8,1,Yes,2,7,5,Yes
3848,14,61,Low,High,No,10,62,Medium,Yes,0,High,Medium,Public,Negative,4,No,College,Moderate,Female,60,CLG0016,80,6.64,6.27,2,No,6,7,1,No
3849,16,67,High,High,No,9,99,Medium,Yes,2,Medium,Medium,Public,Neutral,2,Yes,High School,Moderate,Male,64,CLG0049,104,7.46,7.79,5,Yes,7,10,1,No
3850,13,91,High,Medium,Yes,10,66,Medium,Yes,2,Medium,Medium,Public,Positive,4,No,High School,Near,Female,69,CLG0036,92,5.4,4.97,2,No,6,3,5,No
3851,19,77,High,Medium,Yes,5,86,High,Yes,0,Medium,Low,Public,Negative,4,Yes,High School,Near,Male,66,CLG0028,98,6.29,6.53,10,Yes,10,1,1,No
3852,17,81,Medium,Low,Yes,5,53,Low,Yes,0,Medium,Medium,Public,Neutral,1,No,College,Near,Male,63,CLG0079,112,7.12,7.58,10,No,8,2,5,No
3853,13,68,Low,Medium,Yes,6,79,Medium,Yes,1,High,Medium,Private,Negative,3,No,College,Near,Male,62,CLG0082,101,7.79,8.19,7,No,4,2,0,No
3854,11,62,Medium,High,Yes,5,82,Medium,Yes,3,High,Medium,Private,Neutral,4,No,College,Moderate,Male,64,CLG0014,103,8.55,8.71,7,No,9,4,2,No
3855,25,62,High,Medium,No,5,71,Medium,Yes,0,Low,High,Private,Positive,4,No,High School,Moderate,Male,65,CLG0088,96,6.65,6.7,3,No,2,9,5,No
3856,8,65,Medium,Medium,No,7,83,Low,Yes,3,Medium,Medium,Public,Negative,4,No,High School,Near,Female,60,CLG0025,108,5.32,5.71,4,Yes,2,4,1,No
3857,23,66,High,Low,Yes,8,63,Medium,Yes,0,Low,Medium,Public,Negative,4,No,College,Near,Female,64,CLG0037,118,6.81,6.74,2,No,4,9,5,Yes
3858,24,60,Medium,Medium,Yes,5,68,Medium,Yes,0,Medium,Low,Public,Neutral,3,No,Postgraduate,Near,Female,64,CLG0097,110,5.74,5.74,6,No,6,2,3,No
3859,16,95,Medium,Low,No,8,68,Low,No,2,Medium,High,Public,Neutral,4,No,High School,Near,Female,66,CLG0061,99,5.22,4.73,2,Yes,9,8,2,No
3860,26,100,Medium,High,Yes,7,74,High,Yes,1,Medium,Medium,Public,Neutral,2,No,High School,Near,Female,74,CLG0077,95,9.97,10.18,3,No,8,7,4,No
3861,20,94,Medium,Medium,Yes,10,50,Low,Yes,1,Low,High,Private,Negative,4,Yes,Postgraduate,Near,Female,68,CLG0050,93,9.34,9.71,10,Yes,4,10,3,Yes
3862,18,72,High,Medium,Yes,6,64,Medium,Yes,4,Low,Medium,Public,Positive,3,No,Postgraduate,Near,Female,68,CLG0058,92,9.49,9.09,4,Yes,10,10,5,Yes
3863,19,62,Medium,Low,No,6,89,High,Yes,3,Medium,Medium,Public,Positive,1,No,High School,Moderate,Male,63,CLG0083,128,7.66,8.02,6,No,6,7,0,No
3864,23,68,Medium,High,No,5,91,Low,Yes,5,Low,Medium,Public,Neutral,1,No,College,Near,Female,68,CLG0080,99,6.82,6.9,4,Yes,10,9,5,No
3865,18,90,Medium,Low,No,8,84,High,Yes,2,Low,High,Private,Positive,3,No,High School,Moderate,Male,68,CLG0099,82,6.05,6.26,3,Yes,0,9,0,No
3866,28,81,Medium,Medium,Yes,6,96,High,Yes,2,Low,Medium,Private,Positive,5,No,High School,Moderate,Male,71,CLG0096,106,9.16,8.99,2,No,4,9,0,No
3867,16,61,Medium,Medium,No,9,86,Low,Yes,2,Low,High,Public,Positive,2,No,High School,Near,Male,62,CLG0005,123,5.02,4.58,3,Yes,2,9,5,Yes
3868,16,62,High,Medium,No,4,89,High,Yes,3,Low,Medium,Public,Neutral,3,No,College,Near,Female,65,CLG0064,96,5.44,5.77,5,No,0,4,1,No
3869,14,61,Medium,High,No,7,54,Medium,Yes,3,Low,Medium,Public,Positive,2,Yes,High School,Near,Female,60,CLG0086,110,5.07,4.81,3,No,8,3,2,No
3870,16,96,High,Medium,Yes,5,58,Medium,Yes,2,High,Low,Public,Positive,5,No,Postgraduate,Moderate,Male,71,CLG0055,120,9.93,9.6,3,Yes,2,7,1,No
3871,17,94,High,High,Yes,4,57,Medium,Yes,4,Medium,High,Public,Neutral,4,No,High School,Moderate,Male,72,CLG0009,99,8.51,8.26,2,Yes,2,3,4,No
3872,9,67,Medium,High,Yes,8,54,Medium,Yes,3,Medium,High,Private,Positive,5,No,College,Moderate,Male,63,CLG0009,102,7.1,6.9,7,No,9,5,1,No
3873,24,80,High,Low,Yes,6,82,Medium,Yes,1,Low,High,Public,Neutral,3,No,College,Moderate,Female,68,CLG0025,107,8.02,7.8,6,No,9,10,5,No
3874,27,91,Medium,Medium,No,4,53,Medium,Yes,1,Low,Medium,Private,Positive,3,No,Postgraduate,Near,Female,70,CLG0095,87,7.46,7.01,5,No,10,10,0,No
3875,4,100,High,Low,No,8,71,Low,Yes,2,Low,Medium,Private,Negative,4,No,High School,Moderate,Female,64,CLG0010,108,9.59,9.86,7,Yes,4,3,1,No
3876,12,82,Low,Medium,No,9,79,High,Yes,0,Low,Medium,Private,Positive,2,No,College,Moderate,Female,63,CLG0065,97,7.1,7.59,7,No,2,3,3,No
3877,25,93,High,Medium,No,8,58,Medium,Yes,0,High,Medium,Private,Positive,4,No,High School,Moderate,Female,71,CLG0010,62,5.17,5.43,3,Yes,7,8,5,No
3878,23,60,Low,Medium,No,7,72,Low,Yes,3,High,Medium,Public,Neutral,2,No,College,Near,Female,64,CLG0003,115,6.06,5.71,6,No,5,3,1,No
3879,24,100,Medium,Low,Yes,7,82,Low,Yes,1,Medium,High,Private,Positive,3,No,High School,Moderate,Male,71,CLG0091,134,7.2,7.47,8,No,4,2,0,No
3880,15,84,Medium,High,Yes,7,79,Medium,Yes,1,Medium,High,Public,Neutral,4,No,High School,Near,Female,68,CLG0050,132,7.91,8.24,2,No,7,10,0,Yes
3881,15,68,Low,Medium,No,6,72,Low,Yes,3,High,Low,Public,Neutral,3,No,High School,Near,Female,62,CLG0066,95,6.67,7.04,3,No,9,7,0,No
3882,14,83,High,Medium,Yes,7,95,Low,Yes,1,Low,Medium,Private,Neutral,2,Yes,High School,Near,Female,65,CLG0009,109,7.46,7.42,2,Yes,8,2,0,No
3883,26,97,High,Low,Yes,6,66,Medium,Yes,2,Medium,Medium,Public,Positive,1,No,College,Near,Female,73,CLG0086,88,7.64,7.65,5,Yes,3,7,0,No
3884,18,91,Low,Medium,Yes,5,60,Low,Yes,0,High,High,Private,Positive,4,No,High School,Moderate,Male,67,CLG0047,146,9.72,9.44,8,Yes,9,7,4,Yes
3885,21,79,Low,Medium,Yes,8,80,High,Yes,1,Low,High,Private,Negative,3,No,College,Near,Male,67,CLG0071,108,9.1,8.98,8,Yes,6,1,0,No
3886,19,62,High,Low,Yes,8,60,Medium,Yes,1,Low,Medium,Public,Positive,2,No,College,Far,Female,61,CLG0018,93,9.52,9.98,10,No,5,6,1,No
3887,24,81,Medium,Medium,Yes,8,78,Medium,Yes,1,Low,Medium,Public,Positive,2,No,High School,Near,Male,68,CLG0033,98,9.71,9.72,10,No,8,10,4,Yes
3888,21,80,Medium,High,Yes,4,78,Medium,Yes,1,Medium,High,Private,Neutral,4,No,High School,Near,Female,69,CLG0033,78,9.19,8.88,7,No,7,1,3,No
3889,18,79,Medium,Medium,Yes,5,77,Low,Yes,1,Low,High,Public,Neutral,3,No,High School,Near,Male,65,CLG0043,88,6.06,5.85,10,No,7,5,3,No
3890,12,97,Low,Medium,Yes,6,79,Medium,No,1,Medium,Medium,Public,Negative,2,No,High School,Near,Male,65,CLG0036,133,9.4,9.58,6,Yes,1,6,0,No
3891,23,76,Medium,Medium,Yes,7,61,Medium,Yes,3,Medium,Low,Public,Positive,4,No,High School,Near,Male,68,CLG0058,97,9.13,8.74,1,No,8,1,2,No
3892,22,65,Low,Medium,No,6,63,Medium,No,2,Medium,Medium,Public,Neutral,3,No,High School,Far,Male,61,CLG0051,83,6.46,6.51,9,No,0,3,5,No
3893,20,75,Medium,Medium,No,8,63,Medium,Yes,4,Medium,Low,Public,Neutral,3,No,Postgraduate,Near,Male,67,CLG0074,99,5.9,6.2,8,Yes,8,1,1,No
3894,22,63,Medium,High,Yes,7,85,Medium,Yes,4,High,High,Public,Negative,3,No,College,Near,Female,68,CLG0019,109,8.56,8.36,6,Yes,4,3,4,No
3895,20,73,Medium,Low,Yes,8,93,High,Yes,1,Low,High,Public,Negative,4,No,High School,Far,Male,65,CLG0012,88,6.34,6.0,5,No,3,10,4,No
3896,11,82,Low,Low,No,6,61,Low,Yes,2,Medium,Medium,Public,Neutral,2,No,High School,Near,Female,61,CLG0080,111,6.4,6.32,2,No,0,6,4,No
3897,11,77,Low,Low,Yes,6,92,Low,Yes,0,Low,Medium,Public,Neutral,5,No,High School,Near,Male,61,CLG0009,118,5.91,5.98,10,Yes,5,4,0,No
3898,28,67,High,High,No,8,82,Low,Yes,1,High,Low,Public,Neutral,4,No,High School,Near,Female,68,CLG0009,96,6.53,6.5,3,No,6,1,3,No
3899,14,93,Medium,Medium,No,8,80,Low,Yes,2,Low,Medium,Private,Positive,4,No,Postgraduate,Near,Male,69,CLG0068,110,7.58,7.4,8,No,7,7,3,No
3900,16,81,Medium,High,Yes,6,79,Medium,Yes,2,Low,High,Public,Positive,3,No,College,Moderate,Female,68,CLG0022,98,5.82,5.87,1,No,2,2,0,No
3901,25,74,Low,Medium,Yes,6,92,Low,Yes,4,Medium,Medium,Private,Positive,3,No,Postgraduate,Near,Male,70,CLG0046,103,7.33,7.22,10,No,4,10,4,No
3902,18,68,Medium,High,No,7,69,Medium,Yes,1,Low,High,Public,Neutral,4,Yes,High School,Moderate,Female,63,CLG0016,93,5.39,4.99,1,Yes,8,6,3,No
3903,21,93,Low,Low,Yes,6,91,Low,Yes,1,High,Medium,Public,Negative,3,No,Postgraduate,Near,Male,69,CLG0091,75,5.07,5.37,9,Yes,3,3,1,No
3904,16,85,High,Low,Yes,6,86,Low,Yes,3,High,High,Private,Neutral,2,No,High School,Far,Male,67,CLG0014,105,5.34,5.83,7,No,4,10,5,No
3905,20,86,Medium,Medium,No,6,97,Low,Yes,1,Low,Medium,Private,Neutral,2,No,High School,Moderate,Male,67,CLG0098,134,6.03,5.81,9,Yes,0,9,2,Yes
3906,20,73,High,High,Yes,8,74,Low,Yes,1,Low,Low,Private,Negative,4,No,High School,Moderate,Male,65,CLG0065,116,7.29,7.35,8,Yes,9,7,1,No
3907,25,97,Medium,Medium,Yes,6,77,Low,Yes,1,Low,High,Private,Positive,4,No,Postgraduate,Near,Male,73,CLG0063,82,5.9,5.89,8,Yes,9,10,3,No
3908,12,74,Medium,Medium,No,6,98,High,Yes,2,Low,Medium,Public,Neutral,3,No,College,Near,Male,65,CLG0039,95,8.23,8.63,1,Yes,3,8,4,Yes
3909,21,84,Medium,Low,No,9,53,Low,Yes,2,Medium,High,Public,Negative,3,No,High School,Moderate,Female,65,CLG0021,70,9.84,9.79,4,No,2,8,2,Yes
3910,18,76,Medium,High,Yes,7,82,High,Yes,2,Medium,High,Public,Neutral,4,No,Postgraduate,Near,Female,70,CLG0051,94,5.81,6.02,1,Yes,3,4,1,No
3911,13,66,Low,Medium,Yes,6,69,Low,Yes,2,Low,Medium,Private,Positive,4,No,High School,Near,Male,61,CLG0089,119,6.98,6.8,9,No,0,4,4,No
3912,23,78,High,High,No,7,80,Medium,Yes,0,Low,Medium,Private,Neutral,2,No,High School,Near,Female,68,CLG0073,82,7.55,7.46,9,No,5,4,0,No
3913,24,92,Low,High,Yes,6,71,Low,Yes,2,Low,High,Public,Positive,2,No,High School,Near,Male,71,CLG0081,96,6.64,6.9,4,Yes,3,1,0,No
3914,30,67,Medium,Medium,Yes,8,86,Medium,Yes,0,Low,Medium,Public,Neutral,4,No,High School,Moderate,Female,67,CLG0078,106,7.16,6.79,8,No,3,10,2,No
3915,17,68,Medium,High,Yes,8,75,Medium,Yes,2,Low,High,Private,Positive,3,No,College,Near,Female,66,CLG0044,98,8.58,9.06,1,Yes,0,3,0,No
3916,18,74,Medium,Low,No,8,65,High,Yes,0,Medium,High,Public,Positive,4,No,College,Moderate,Female,64,CLG0036,110,9.25,9.37,7,No,7,7,5,No
3917,26,67,High,Low,Yes,8,97,Medium,Yes,2,Medium,Medium,Public,Neutral,0,No,High School,Moderate,Female,66,CLG0075,67,7.17,7.27,5,No,1,8,1,No
3918,24,94,High,Low,No,7,70,Medium,Yes,1,High,Medium,Public,Neutral,1,No,High School,Near,Male,70,CLG0074,94,9.59,9.54,8,Yes,2,4,1,No
3919,20,79,High,Low,Yes,7,87,Low,No,2,Medium,High,Private,Neutral,4,Yes,High School,Near,Female,66,CLG0008,92,9.11,9.19,3,No,3,4,0,No
3920,18,82,High,Low,No,7,52,Low,Yes,1,Low,Medium,Public,Negative,4,No,High School,Near,Female,64,CLG0034,110,6.87,6.38,4,No,6,7,2,No
3921,17,90,Medium,Medium,No,7,83,Low,Yes,5,Medium,High,Public,Negative,3,Yes,High School,Near,Male,68,CLG0027,100,9.25,8.97,3,No,6,5,0,No
3922,28,66,Medium,Low,Yes,4,98,Medium,Yes,0,Medium,High,Public,Positive,3,No,High School,Near,Female,67,CLG0086,124,5.84,5.45,3,No,6,2,4,No
3923,22,63,Medium,High,Yes,8,97,High,Yes,5,Medium,Medium,Private,Neutral,3,No,High School,Near,Male,69,CLG0098,79,5.32,5.59,8,No,5,9,4,No
3924,23,87,Medium,High,No,6,72,Medium,Yes,1,Low,High,Private,Negative,3,No,College,Moderate,Male,69,CLG0062,79,6.21,6.47,7,No,8,1,3,No
3925,16,68,Medium,High,No,7,83,High,Yes,2,Low,High,Public,Positive,2,No,High School,Near,Female,65,CLG0035,100,8.77,8.7,4,Yes,3,2,3,No
3926,14,85,Medium,High,No,9,87,High,Yes,0,Medium,Medium,Public,Negative,3,No,College,Near,Female,67,CLG0096,134,9.77,10.0,1,Yes,1,5,3,Yes
3927,20,73,Medium,Medium,Yes,7,84,Medium,Yes,0,Medium,Medium,Public,Neutral,4,No,Postgraduate,Moderate,Female,66,CLG0094,98,5.7,5.61,7,No,8,8,3,No
3928,27,94,Low,Medium,Yes,7,89,Medium,Yes,3,Low,Medium,Private,Positive,2,No,College,Near,Female,73,CLG0067,77,6.36,6.74,10,No,9,4,0,No
3929,21,76,Medium,Medium,Yes,6,74,Medium,Yes,2,Medium,Medium,Private,Neutral,3,No,High School,Near,Male,67,CLG0031,92,8.7,8.49,8,No,2,10,0,No
3930,27,88,Medium,High,Yes,7,93,Medium,Yes,0,Low,Medium,Public,Neutral,4,No,High School,Moderate,Male,71,CLG0009,102,8.86,8.74,9,No,10,1,1,No
3931,18,66,High,High,No,9,62,Medium,Yes,2,High,Medium,Public,Neutral,4,No,High School,Moderate,Female,65,CLG0075,109,7.3,7.08,5,Yes,5,5,2,No
3932,11,82,Medium,Medium,Yes,8,88,Medium,No,1,Low,Medium,Private,Negative,2,No,Postgraduate,Moderate,Female,64,CLG0077,108,7.28,6.85,3,Yes,9,7,1,No
3933,7,62,Low,High,No,7,90,Medium,Yes,1,Medium,Low,Public,Neutral,5,No,College,Moderate,Female,60,CLG0015,123,9.28,9.71,7,Yes,1,7,3,Yes
3934,13,98,High,High,Yes,8,67,Medium,Yes,1,Medium,Medium,Private,Positive,4,No,Postgraduate,Moderate,Female,71,CLG0052,106,6.12,6.09,7,Yes,1,10,5,No
3935,23,85,Low,High,Yes,8,60,High,Yes,2,Medium,Medium,Public,Positive,1,Yes,College,Moderate,Female,68,CLG0071,118,5.73,6.12,1,Yes,8,8,3,Yes
3936,8,67,High,Medium,Yes,8,58,Low,Yes,2,Medium,Medium,Public,Positive,1,No,Postgraduate,Moderate,Female,61,CLG0043,93,9.89,10.38,7,Yes,5,7,2,No
3937,26,61,Low,High,Yes,9,91,Medium,No,0,High,High,Private,Positive,4,No,College,Near,Female,67,CLG0064,95,6.77,6.62,3,No,10,3,0,No
3938,20,74,Medium,High,No,8,89,Low,Yes,1,Medium,Medium,Public,Negative,2,No,College,Moderate,Female,66,CLG0096,87,9.88,10.28,5,No,6,6,2,No
3939,21,90,Medium,Medium,No,6,99,Medium,Yes,2,Low,Medium,Private,Negative,3,No,College,Near,Female,70,CLG0007,124,6.68,6.58,6,Yes,3,5,0,No
3940,17,88,Low,Low,No,5,67,Medium,No,0,Medium,High,Public,Neutral,3,No,Postgraduate,Near,Male,65,CLG0057,115,9.61,9.2,2,No,4,6,5,Yes
3941,17,98,Low,High,No,5,75,Low,Yes,1,Low,Low,Private,Positive,3,Yes,College,Near,Male,67,CLG0041,86,7.19,6.8,7,Yes,4,9,1,No
3942,19,75,Medium,High,Yes,10,79,Medium,Yes,1,Medium,Medium,Public,Neutral,2,No,High School,Near,Female,66,CLG0098,94,6.53,6.29,1,No,10,8,5,No
3943,19,78,Low,High,Yes,8,59,Medium,Yes,2,High,Medium,Public,Positive,1,No,High School,Near,Male,66,CLG0096,125,7.68,7.66,10,Yes,1,9,2,Yes
3944,22,85,High,Medium,No,8,79,High,Yes,5,Medium,High,Public,Neutral,2,No,High School,Near,Female,72,CLG0074,83,5.76,6.1,5,No,3,3,2,No
3945,20,63,Low,Medium,Yes,7,75,Low,Yes,2,Medium,High,Public,Neutral,2,No,High School,Near,Female,63,CLG0010,112,7.71,7.39,3,No,4,4,5,No
3946,22,69,Medium,Medium,Yes,6,91,Low,Yes,0,High,High,Private,Neutral,1,Yes,High School,Moderate,Male,64,CLG0061,100,7.48,7.53,9,Yes,6,10,0,No
3947,23,76,Low,Medium,Yes,6,78,Low,Yes,2,High,Medium,Public,Positive,2,No,High School,Moderate,Female,66,CLG0002,96,7.21,7.01,10,Yes,9,4,1,No
3948,13,64,Medium,High,Yes,9,83,Low,Yes,1,High,Medium,Public,Positive,4,No,High School,Near,Male,64,CLG0091,60,9.66,9.26,1,No,5,6,1,No
3949,30,61,Low,High,Yes,8,90,Medium,Yes,2,Low,High,Public,Negative,2,No,High School,Moderate,Female,66,CLG0090,102,6.78,7.19,8,Yes,8,4,3,No
3950,21,89,Low,Medium,Yes,10,87,Low,Yes,3,Medium,Medium,Public,Positive,3,No,College,Near,Male,70,CLG0073,74,7.49,7.49,6,No,10,1,1,No
3951,17,86,Medium,High,No,5,97,High,Yes,3,High,Medium,Public,Neutral,3,No,College,Near,Male,71,CLG0039,101,5.3,5.71,9,No,2,9,1,No
3952,11,62,Medium,High,Yes,4,68,Medium,Yes,2,High,Medium,Public,Negative,3,No,High School,Moderate,Male,61,CLG0075,74,8.43,8.59,2,No,2,5,2,No
3953,23,64,High,Medium,Yes,5,80,Low,Yes,3,Medium,High,Public,Negative,2,Yes,College,Moderate,Female,65,CLG0060,101,6.41,6.73,4,Yes,6,6,4,No
3954,25,87,Low,Medium,Yes,10,97,Medium,Yes,4,Low,Low,Private,Neutral,3,Yes,High School,Near,Female,69,CLG0084,68,9.04,9.09,9,No,6,8,3,Yes
3955,19,61,High,Low,Yes,10,67,Low,No,1,Medium,Medium,Public,Positive,6,No,Postgraduate,Near,Female,63,CLG0080,122,5.22,5.18,6,No,2,2,5,No
3956,19,66,Medium,High,No,7,59,Medium,Yes,1,High,Medium,Public,Negative,3,No,High School,Far,Male,62,CLG0056,92,8.67,8.19,3,Yes,2,8,0,No
3957,36,96,Medium,Low,No,7,96,Medium,Yes,1,Low,High,Public,Positive,3,No,College,Moderate,Female,75,CLG0040,108,5.95,5.83,10,Yes,2,2,5,No
3958,23,77,High,High,Yes,7,51,Medium,Yes,1,Low,Low,Private,Positive,3,No,College,Moderate,Male,67,CLG0065,94,9.25,9.05,8,Yes,9,1,0,No
3959,18,78,High,Medium,Yes,5,77,Medium,No,2,Medium,Medium,Public,Neutral,4,No,High School,Far,Male,66,CLG0045,98,9.31,9.48,5,Yes,8,1,1,No
3960,18,81,Medium,Medium,Yes,4,84,Low,Yes,1,Medium,Medium,Private,Positive,4,No,College,Near,Female,68,CLG0039,103,6.29,6.44,8,No,6,1,1,No
3961,16,83,Medium,Medium,Yes,7,62,Medium,Yes,0,Low,Medium,Private,Neutral,1,Yes,Postgraduate,Moderate,Male,64,CLG0072,106,6.92,6.81,10,Yes,8,6,0,No
3962,22,86,Medium,Low,No,9,85,Medium,Yes,1,Medium,Medium,Public,Negative,3,No,Postgraduate,Near,Female,68,CLG0041,100,7.19,7.34,10,Yes,3,2,0,No
3963,23,63,Low,Medium,Yes,9,93,Medium,Yes,2,Medium,High,Private,Positive,2,No,High School,Far,Male,65,CLG0084,94,5.22,5.48,6,No,5,6,3,No
3964,14,75,High,Medium,No,8,52,Medium,Yes,3,Medium,Medium,Public,Neutral,1,No,Postgraduate,Near,Male,65,CLG0049,113,5.3,4.85,7,No,1,10,2,Yes
3965,28,78,High,Medium,No,8,87,Low,Yes,2,Low,Medium,Public,Positive,2,No,Postgraduate,Near,Male,71,CLG0015,117,9.52,9.52,1,No,10,8,3,Yes
3966,22,94,Medium,High,No,6,80,Low,Yes,0,High,Medium,Private,Positive,2,No,Postgraduate,Near,Male,72,CLG0046,95,9.63,9.96,5,No,1,5,3,No
3967,18,70,Medium,Medium,Yes,8,51,Medium,Yes,1,Low,Medium,Private,Negative,3,No,College,Moderate,Male,62,CLG0018,87,7.65,7.43,9,No,2,4,3,No
3968,8,71,High,Low,No,8,75,Medium,Yes,0,Medium,High,Public,Positive,3,No,High School,Near,Male,61,CLG0004,93,5.16,4.73,5,Yes,4,2,1,No
3969,25,98,Medium,Medium,Yes,7,90,High,Yes,1,High,Low,Public,Neutral,4,No,Postgraduate,Near,Male,94,CLG0040,75,8.87,8.46,1,No,8,8,5,Yes
3970,21,72,High,Medium,No,7,60,Low,Yes,0,Low,Medium,Private,Neutral,4,No,Postgraduate,Near,Male,65,CLG0057,105,8.08,8.48,2,No,3,1,4,No
3971,27,95,Medium,Medium,Yes,8,57,High,Yes,1,Medium,Low,Private,Positive,3,No,High School,Moderate,Female,71,CLG0073,94,6.18,6.07,2,No,5,3,5,No
3972,25,70,High,High,Yes,7,63,Medium,Yes,1,Medium,High,Private,Positive,3,No,College,Moderate,Male,69,CLG0015,79,9.46,9.17,1,No,7,7,1,No
3973,15,87,High,High,Yes,8,63,Medium,Yes,0,High,Medium,Public,Neutral,3,No,College,Near,Female,69,CLG0032,105,8.6,8.36,2,No,2,1,2,No
3974,16,66,High,High,No,8,99,Medium,Yes,1,Low,High,Private,Positive,3,No,High School,Moderate,Male,66,CLG0092,128,9.05,8.67,3,No,5,5,2,Yes
3975,19,91,Medium,Low,No,9,67,Medium,Yes,0,Medium,Medium,Private,Negative,3,No,College,Near,Female,66,CLG0017,104,8.77,8.74,7,No,7,3,4,No
3976,12,100,Low,Medium,Yes,7,65,Medium,Yes,1,Low,Medium,Private,Positive,2,No,High School,Near,Male,67,CLG0014,82,7.05,7.35,9,No,1,7,4,No
3977,17,67,Low,Medium,No,9,63,High,Yes,1,Low,High,Public,Negative,4,No,College,Far,Male,61,CLG0062,75,6.9,7.12,5,No,5,10,4,No
3978,20,93,Medium,High,No,10,97,Medium,Yes,1,Low,Medium,Public,Neutral,2,No,Postgraduate,Moderate,Male,71,CLG0017,103,6.31,6.4,8,Yes,7,5,2,No
3979,10,94,Medium,High,No,9,65,Medium,Yes,3,Low,Low,Private,Negative,2,No,High School,Moderate,Female,65,CLG0084,110,9.8,9.89,2,No,2,9,3,Yes
3980,23,67,High,High,Yes,6,90,Medium,Yes,2,High,Medium,Private,Positive,3,No,High School,Near,Female,69,CLG0068,99,5.78,5.3,6,No,5,1,0,No
3981,20,91,High,Medium,No,6,91,Medium,Yes,3,High,High,Public,Neutral,2,No,High School,Near,Male,72,CLG0021,109,8.26,8.09,1,No,9,9,3,Yes
3982,28,73,Medium,High,Yes,6,96,Medium,Yes,1,Medium,Medium,Public,Negative,0,No,Postgraduate,Near,Female,70,CLG0095,89,6.0,6.29,6,No,2,7,0,No
3983,33,62,Medium,Medium,No,7,74,Low,Yes,2,Medium,Medium,Public,Neutral,2,No,College,Moderate,Male,66,CLG0083,106,5.36,5.14,1,Yes,2,5,4,No
3984,11,64,Medium,Low,Yes,8,67,High,No,1,Medium,Medium,Public,Neutral,2,Yes,College,Near,Male,58,CLG0003,105,9.0,8.73,5,Yes,4,5,0,No
3985,23,91,High,Medium,No,5,53,Low,Yes,3,Medium,High,Private,Negative,3,No,High School,Near,Male,70,CLG0070,79,8.07,7.8,5,No,9,6,1,No
3986,23,79,High,Low,Yes,7,98,Low,Yes,0,Medium,High,Public,Neutral,4,No,College,Near,Female,69,CLG0073,78,9.81,10.01,1,No,9,4,5,No
3987,28,76,Medium,Medium,Yes,10,99,High,Yes,1,Medium,Medium,Public,Neutral,3,No,High School,Near,Male,70,CLG0046,98,8.08,8.07,8,Yes,0,10,2,Yes
3988,16,97,Medium,Low,Yes,8,81,High,Yes,0,High,High,Private,Positive,2,No,High School,Near,Male,70,CLG0019,78,8.88,8.79,2,No,2,10,4,Yes
3989,19,98,Medium,High,No,9,90,Low,No,1,High,Medium,Private,Positive,2,No,College,Far,Female,70,CLG0028,96,5.99,6.17,5,No,2,7,2,No
3990,26,83,Medium,High,Yes,7,89,Medium,Yes,3,Low,Medium,Private,Positive,3,No,High School,Moderate,Male,72,CLG0021,97,7.62,7.61,2,No,10,8,1,No
3991,21,77,Medium,Low,Yes,8,59,Medium,Yes,3,Low,Medium,Private,Positive,2,No,High School,Near,Male,66,CLG0058,108,7.01,7.27,3,No,6,4,1,No
3992,24,68,Medium,Medium,Yes,7,96,Medium,Yes,1,Low,High,Public,Positive,3,No,High School,Near,Male,67,CLG0054,114,9.86,9.47,5,No,7,4,0,No
3993,13,62,Low,Medium,Yes,9,87,Medium,Yes,1,Low,Medium,Public,Negative,1,No,College,Moderate,Male,60,CLG0019,119,9.45,9.34,10,No,0,6,1,No
3994,24,82,Medium,Medium,No,4,85,Low,No,1,Low,Medium,Public,Negative,2,No,High School,Near,Male,66,CLG0062,105,9.27,9.24,8,No,8,8,5,Yes
3995,18,100,High,Medium,Yes,10,86,Medium,Yes,1,Medium,Medium,Public,Neutral,3,No,High School,Near,Male,72,CLG0075,88,9.15,9.63,7,No,2,3,5,No
3996,15,79,High,High,Yes,6,100,Medium,Yes,4,Low,Medium,Public,Neutral,3,No,College,Near,Female,70,CLG0060,83,7.16,7.26,2,No,4,5,0,No
3997,20,97,Medium,Medium,No,7,81,Medium,Yes,3,Medium,High,Public,Neutral,3,Yes,College,Near,Male,71,CLG0073,83,7.51,7.59,2,Yes,9,8,1,No
3998,22,78,Medium,Medium,Yes,8,61,Medium,Yes,2,High,Medium,Public,Positive,5,No,High School,Moderate,Male,68,CLG0026,122,6.0,6.25,10,Yes,0,6,2,No
3999,21,83,Medium,Medium,Yes,8,75,High,Yes,1,Low,High,Public,Neutral,2,No,High School,Far,Male,67,CLG0046,115,6.23,5.82,4,No,5,8,2,Yes
4000,29,74,Medium,Low,No,5,64,Medium,Yes,2,Medium,Medium,Public,Neutral,1,No,College,Moderate,Male,66,CLG0041,99,9.61,9.35,8,Yes,3,2,2,No
4001,23,65,High,High,No,7,57,Low,No,1,High,Medium,Public,Neutral,4,No,High School,Near,Male,65,CLG0016,87,6.53,6.32,1,No,4,8,4,No
4002,10,94,High,Low,No,5,71,Medium,Yes,1,High,Medium,Public,Positive,3,No,High School,Moderate,Male,67,CLG0001,104,7.8,8.05,6,Yes,6,3,3,No
4003,15,68,Medium,Medium,Yes,5,95,Medium,Yes,0,High,Medium,Public,Negative,5,No,College,Near,Female,64,CLG0073,118,8.03,7.63,6,No,7,7,3,No
4004,18,75,Medium,Low,No,7,50,Medium,Yes,4,Low,Medium,Public,Positive,2,No,Postgraduate,Near,Female,65,CLG0032,101,6.26,6.64,10,No,7,4,3,No
4005,19,91,Medium,Medium,Yes,6,99,High,Yes,0,Medium,Medium,Public,Neutral,2,No,High School,Near,Female,70,CLG0003,121,8.47,8.0,8,Yes,0,7,5,No
4006,18,61,Medium,Medium,No,6,66,Medium,Yes,1,Medium,High,Public,Positive,2,No,High School,Moderate,Female,62,CLG0039,81,6.54,6.05,1,No,3,4,3,No
4007,27,64,Low,Medium,Yes,5,70,Medium,Yes,0,Low,High,Public,Positive,4,No,High School,Near,Female,65,CLG0033,71,6.05,6.37,6,Yes,7,3,4,No
4008,23,82,High,Low,No,7,65,High,Yes,1,Medium,High,Public,Negative,3,No,High School,Near,Female,68,CLG0060,100,5.09,5.5,6,Yes,8,4,2,No
4009,19,83,Low,Low,No,8,76,Low,Yes,3,Low,Low,Public,Neutral,3,No,Postgraduate,Near,Female,65,CLG0036,101,8.9,8.57,8,Yes,4,8,0,No
4010,16,63,Low,Medium,Yes,6,57,Medium,Yes,2,Low,Low,Public,Neutral,3,No,Postgraduate,Near,Male,61,CLG0018,104,7.57,7.59,8,No,8,7,2,No
4011,19,96,Low,Low,Yes,5,70,High,Yes,0,Low,Medium,Public,Positive,2,No,High School,Far,Male,66,CLG0003,125,8.34,7.9,6,Yes,6,4,2,No
4012,31,93,High,Low,Yes,5,96,Medium,Yes,2,Low,Medium,Public,Positive,2,No,High School,Near,Male,74,CLG0044,131,6.13,6.38,4,No,9,9,4,Yes
4013,24,79,Low,High,Yes,5,88,Medium,Yes,0,Medium,Medium,Public,Neutral,3,No,High School,Moderate,Female,67,CLG0099,117,7.29,6.99,2,No,1,8,5,Yes
4014,25,75,Low,High,No,7,57,High,Yes,4,Low,High,Public,Positive,5,No,College,Near,Male,70,CLG0005,65,9.87,9.88,6,Yes,9,5,1,No
4015,22,91,Medium,Medium,Yes,7,66,Medium,No,0,High,High,Public,Negative,3,No,College,Near,Female,69,CLG0021,106,9.62,9.7,6,Yes,1,10,1,No
4016,8,97,Medium,High,Yes,8,58,High,Yes,2,High,Medium,Public,Neutral,2,No,College,Near,Female,69,CLG0094,113,9.47,9.04,10,Yes,10,1,5,Yes
4017,30,67,Medium,Medium,Yes,8,94,Medium,Yes,1,Medium,Medium,Public,Neutral,2,No,College,Near,Female,69,CLG0026,120,5.73,5.56,9,Yes,9,9,5,Yes
4018,21,79,High,Medium,No,4,64,Low,Yes,0,Low,High,Public,Negative,4,No,College,Moderate,Male,66,CLG0059,96,5.37,5.4,7,No,5,10,2,No
4019,20,84,Medium,High,Yes,6,57,High,Yes,2,Medium,Medium,Public,Positive,4,No,High School,Far,Female,69,CLG0064,77,9.92,9.86,2,No,10,3,2,No
4020,15,84,Medium,High,No,6,55,Low,Yes,1,Medium,Medium,Private,Negative,2,No,High School,Near,Male,64,CLG0061,108,7.86,7.44,2,No,0,3,2,No
4021,27,69,Medium,High,Yes,7,89,Low,Yes,2,High,High,Private,Neutral,1,No,High School,Moderate,Male,69,CLG0072,135,7.47,7.33,6,No,0,5,0,No
4022,21,79,Medium,Low,Yes,6,88,Low,Yes,2,High,Medium,Public,Neutral,1,No,High School,Near,Male,67,CLG0021,83,7.1,7.16,6,No,9,6,1,No
4023,22,81,Low,Low,No,5,90,Medium,Yes,0,High,Medium,Public,Positive,2,No,College,Moderate,Female,66,CLG0077,82,6.64,6.3,3,No,2,6,5,No
4024,23,78,Medium,Medium,Yes,10,50,Medium,Yes,1,Medium,Medium,Private,Positive,3,Yes,Postgraduate,Near,Female,67,CLG0100,85,6.62,7.04,9,No,10,2,4,No
4025,18,85,Medium,Medium,No,8,96,Medium,Yes,0,High,High,Public,Negative,3,No,College,Moderate,Male,68,CLG0073,83,9.8,10.24,10,No,9,8,0,No
4026,17,96,Medium,Medium,Yes,7,50,Low,Yes,1,Medium,Medium,Private,Negative,4,No,High School,Near,Female,67,CLG0087,108,9.94,9.88,7,No,1,4,5,No
4027,25,95,Medium,Low,No,8,57,Low,Yes,4,Low,Medium,Public,Neutral,3,No,High School,Moderate,Female,69,CLG0083,100,9.48,9.61,5,No,2,3,1,No
4028,23,80,High,Medium,No,7,57,Low,Yes,2,Medium,High,Public,Negative,2,No,Postgraduate,Moderate,Female,68,CLG0026,117,7.18,7.38,8,Yes,5,10,0,No
4029,17,78,Medium,High,No,7,64,Medium,Yes,0,Low,Medium,Private,Neutral,3,No,High School,Near,Female,65,CLG0022,104,7.58,7.67,9,No,8,6,4,No
4030,34,79,High,Low,Yes,7,79,Low,Yes,3,Medium,High,Private,Negative,2,Yes,High School,Moderate,Male,70,CLG0016,82,9.26,9.01,3,Yes,6,3,5,No
4031,21,76,Low,Medium,Yes,9,96,Medium,Yes,1,Low,Low,Public,Negative,5,No,High School,Near,Male,65,CLG0009,94,6.25,6.74,3,No,6,10,5,No
4032,25,84,High,Medium,Yes,5,91,Low,Yes,1,Medium,Medium,Public,Positive,4,Yes,Postgraduate,Moderate,Female,70,CLG0044,114,6.47,6.59,8,No,1,2,5,No
4033,28,83,High,Low,No,9,81,Medium,Yes,0,Low,Medium,Public,Neutral,4,No,High School,Moderate,Male,68,CLG0093,87,5.87,6.22,1,No,0,3,3,No
4034,18,76,High,High,No,6,79,Medium,Yes,1,Medium,Medium,Private,Positive,2,No,Postgraduate,Far,Female,67,CLG0052,98,5.29,4.87,4,Yes,7,7,2,No
4035,26,69,Low,Low,Yes,7,84,Medium,Yes,0,Medium,Medium,Private,Neutral,3,Yes,High School,Moderate,Male,63,CLG0049,96,5.14,4.99,6,Yes,9,1,5,No
4036,13,66,High,Medium,Yes,6,90,Medium,Yes,2,Low,Medium,Public,Positive,3,Yes,High School,Moderate,Male,63,CLG0049,85,5.75,6.2,7,Yes,3,2,0,No
4037,13,95,Medium,Medium,Yes,7,69,Medium,Yes,1,Low,Low,Public,Positive,2,Yes,Postgraduate,Moderate,Female,66,CLG0002,120,9.02,9.32,4,No,1,8,1,Yes
4038,15,92,Medium,Low,Yes,7,72,Low,Yes,1,Medium,Medium,Public,Negative,5,No,High School,Near,Female,66,CLG0015,102,8.67,8.28,1,No,5,6,2,No
4039,14,85,Low,Medium,No,7,89,Medium,Yes,2,Medium,High,Public,Positive,2,No,College,Moderate,Male,67,CLG0058,81,9.34,9.28,5,Yes,2,9,2,Yes
4040,24,89,Medium,Low,No,4,99,High,Yes,1,High,High,Private,Positive,3,No,Postgraduate,Near,Male,73,CLG0060,105,8.49,8.66,1,No,0,8,1,No
4041,25,72,High,High,Yes,8,94,Low,Yes,2,Low,Medium,Private,Positive,4,No,College,Moderate,Female,70,CLG0008,117,6.71,6.57,2,Yes,3,9,2,Yes
4042,15,98,Low,Medium,Yes,8,71,Low,Yes,1,Medium,Medium,Public,Positive,3,No,High School,Near,Male,68,CLG0035,109,5.52,5.38,1,No,8,9,4,No
4043,17,86,High,Low,No,5,55,Low,No,2,High,Medium,Private,Neutral,4,No,College,Near,Male,66,CLG0002,83,5.81,5.5,4,Yes,0,5,4,No
4044,23,72,Low,High,Yes,8,51,Medium,Yes,2,Low,Medium,Private,Positive,3,No,College,Far,Male,65,CLG0065,123,8.6,8.97,1,No,4,2,4,Yes
4045,12,67,Medium,Medium,Yes,8,65,Low,Yes,1,High,Medium,Public,Neutral,3,No,High School,Moderate,Male,61,CLG0042,102,9.41,9.33,5,No,0,4,3,No
4046,30,66,Medium,High,No,6,53,Low,No,2,Low,Medium,Public,Positive,2,No,High School,Near,Male,65,CLG0075,85,6.16,5.76,7,Yes,8,4,0,No
4047,19,90,High,Medium,Yes,6,77,Medium,Yes,0,High,Medium,Public,Neutral,4,No,Postgraduate,Near,Male,71,CLG0038,99,7.87,7.42,7,Yes,3,8,0,No
4048,20,89,Medium,High,No,7,84,Low,Yes,5,High,Medium,Public,Neutral,3,No,Postgraduate,Moderate,Male,72,CLG0086,97,9.93,10.0,8,No,8,3,1,No
4049,25,66,Low,Medium,Yes,8,65,Medium,Yes,0,Medium,Medium,Public,Positive,3,Yes,High School,Near,Male,63,CLG0060,98,6.87,7.24,6,No,9,4,4,No
4050,20,70,High,Medium,No,9,75,Low,Yes,3,Medium,Medium,Public,Neutral,4,No,College,Moderate,Male,66,CLG0068,112,5.14,5.6,7,Yes,4,4,0,No
4051,17,78,Low,Medium,Yes,9,76,Low,Yes,4,Medium,Medium,Public,Positive,2,No,College,Near,Male,66,CLG0022,105,9.66,10.03,4,No,3,2,1,No
4052,10,62,High,High,No,7,51,Medium,Yes,1,Medium,High,Private,Positive,2,No,High School,Near,Male,61,CLG0012,115,6.16,5.88,9,No,6,10,4,Yes
4053,24,85,Low,Medium,Yes,7,54,Medium,No,2,Medium,Low,Public,Neutral,3,No,College,Moderate,Female,66,CLG0004,110,9.66,9.8,10,No,3,10,1,No
4054,27,81,Low,High,No,7,94,Low,Yes,0,Low,Medium,Public,Neutral,4,No,College,Moderate,Male,68,CLG0065,120,8.76,9.25,10,No,5,7,5,Yes
4055,22,88,Medium,Low,Yes,6,63,Low,Yes,3,Low,Medium,Public,Positive,3,No,Postgraduate,Near,Male,69,CLG0058,94,7.87,7.43,7,No,6,1,1,No
4056,21,86,High,Medium,No,8,72,Medium,Yes,0,High,High,Public,Positive,3,No,High School,Moderate,Male,69,CLG0009,94,5.42,5.79,7,Yes,10,3,0,No
4057,18,94,Medium,High,Yes,9,77,Low,Yes,1,Medium,High,Public,Positive,2,No,College,Moderate,Male,70,CLG0020,103,6.37,6.75,8,Yes,7,4,5,No
4058,21,62,Medium,Medium,No,9,92,Medium,Yes,1,Medium,Medium,Private,Positive,4,Yes,High School,Near,Male,63,CLG0060,113,7.28,7.48,10,Yes,2,8,1,No
4059,23,87,Medium,Low,No,6,57,Medium,Yes,2,High,Medium,Public,Positive,3,Yes,High School,Near,Male,67,CLG0033,99,8.67,8.76,3,Yes,0,2,3,No
4060,26,71,High,Low,No,7,65,Medium,Yes,1,Low,Medium,Public,Positive,3,No,College,Near,Female,66,CLG0052,102,7.58,7.49,7,Yes,1,5,3,No
4061,31,69,Medium,Low,Yes,6,80,Low,Yes,4,Medium,Medium,Public,Negative,2,No,College,Near,Male,68,CLG0049,115,7.06,6.94,5,No,6,4,5,No
4062,31,89,Medium,Medium,Yes,7,57,Medium,Yes,1,High,Low,Public,Positive,2,No,College,Moderate,Female,71,CLG0051,95,7.62,7.73,5,Yes,9,3,5,No
4063,18,93,Medium,High,Yes,8,96,Medium,Yes,2,Medium,Low,Public,Positive,2,No,High School,Moderate,Female,71,CLG0015,75,8.92,9.34,3,No,4,3,3,No
4064,17,98,Medium,Medium,No,5,73,Low,Yes,0,Low,High,Public,Negative,2,No,College,Moderate,Male,67,CLG0085,113,8.52,8.42,8,Yes,0,9,3,Yes
4065,27,78,Medium,Medium,No,10,53,Medium,Yes,3,Medium,Medium,Private,Neutral,4,Yes,Postgraduate,Moderate,Male,68,CLG0063,97,7.52,7.21,5,No,9,5,0,No
4066,37,79,Medium,High,No,6,95,High,Yes,1,High,Medium,Public,Negative,1,No,High School,Near,Male,73,CLG0060,101,9.84,9.71,10,No,6,3,3,No
4067,24,75,High,High,Yes,6,51,High,No,1,Medium,High,Public,Negative,3,No,High School,Near,Male,67,CLG0067,96,6.17,6.07,10,No,0,6,4,No
4068,23,93,Medium,Low,Yes,9,94,High,Yes,2,Medium,Low,Private,Negative,3,No,High School,Moderate,Female,70,CLG0085,106,8.07,7.67,10,No,10,6,4,No
4069,21,76,Low,High,No,6,64,Medium,Yes,1,Medium,Medium,Public,Neutral,4,No,High School,Near,Female,66,CLG0073,91,5.63,5.9,6,No,0,5,1,No
4070,24,92,Medium,Medium,No,5,69,Medium,Yes,2,Medium,Medium,Private,Negative,4,No,High School,Near,Female,70,CLG0087,102,7.84,7.98,7,No,4,10,0,No
4071,17,61,High,Medium,No,7,63,Low,Yes,1,Medium,Medium,Public,Positive,4,No,College,Moderate,Female,62,CLG0075,74,6.94,7.27,2,No,7,4,5,No
4072,26,74,High,Medium,No,6,62,Medium,Yes,0,Low,Medium,Private,Neutral,3,No,High School,Near,Female,66,CLG0095,56,5.45,5.42,4,Yes,2,10,5,No
4073,21,97,Medium,Medium,Yes,7,53,Medium,Yes,0,High,Medium,Public,Neutral,2,No,High School,Moderate,Male,69,CLG0031,99,5.52,5.79,6,Yes,0,3,1,No
4074,18,99,Medium,Medium,No,6,67,Medium,Yes,5,Low,Medium,Public,Positive,3,No,Postgraduate,Near,Female,72,CLG0050,111,9.06,9.42,5,Yes,3,7,5,Yes
4075,20,95,Medium,High,Yes,7,69,Low,Yes,0,Medium,High,Public,Neutral,3,No,High School,Near,Male,70,CLG0010,102,8.02,8.13,4,No,5,10,1,No
4076,22,82,Medium,Medium,Yes,9,93,Low,Yes,2,Low,Medium,Public,Neutral,2,No,High School,Near,Male,68,CLG0038,122,6.73,6.26,5,No,2,3,5,No
4077,28,68,Low,Low,Yes,9,85,Medium,Yes,0,Medium,Medium,Public,Negative,3,No,Postgraduate,Near,Male,65,CLG0029,87,5.45,5.75,4,No,8,3,1,No
4078,21,80,Medium,Medium,Yes,6,55,High,Yes,1,High,High,Public,Negative,3,No,Postgraduate,Moderate,Male,68,CLG0095,86,6.51,6.56,9,No,10,1,0,No
4079,18,85,Medium,High,Yes,6,86,High,No,1,Medium,Medium,Private,Neutral,3,No,High School,Near,Female,68,CLG0092,95,6.71,6.78,2,Yes,1,7,0,No
4080,23,66,Low,Low,No,8,94,Low,Yes,1,Medium,High,Private,Neutral,3,No,Postgraduate,Moderate,Male,64,CLG0049,98,8.65,8.82,10,Yes,8,8,2,Yes
4081,15,76,Medium,High,Yes,8,81,Medium,Yes,2,Low,Medium,Private,Neutral,4,No,Postgraduate,Moderate,Female,67,CLG0081,95,8.23,7.81,6,Yes,10,9,3,No
4082,19,80,Medium,Medium,No,7,94,Medium,Yes,0,Medium,Low,Public,Neutral,3,No,College,Moderate,Female,66,CLG0011,76,5.09,4.77,6,Yes,3,5,1,No
4083,22,80,High,Medium,Yes,7,65,Medium,Yes,2,High,Medium,Private,Neutral,2,No,High School,Moderate,Female,68,CLG0095,74,7.26,6.94,10,No,0,2,5,No
4084,10,93,Low,Medium,No,7,52,Medium,Yes,2,Medium,Medium,Public,Positive,3,No,Postgraduate,Near,Male,66,CLG0099,76,5.47,5.93,6,No,5,8,0,No
4085,12,61,Medium,Low,Yes,7,52,Low,Yes,2,Low,Medium,Public,Positive,2,No,High School,Moderate,Female,58,CLG0090,98,5.06,4.59,8,No,3,3,0,No
4086,23,87,High,High,No,8,56,Medium,Yes,1,Medium,High,Public,Positive,3,No,Postgraduate,Moderate,Male,71,CLG0046,88,6.64,6.37,4,Yes,9,5,2,No
4087,7,94,Medium,Low,Yes,9,57,High,Yes,2,Medium,Medium,Public,Negative,3,No,Postgraduate,Near,Female,66,CLG0065,114,8.21,7.91,9,No,5,1,5,No
4088,21,74,High,Low,Yes,8,64,Medium,Yes,3,Low,Low,Public,Neutral,1,No,College,Far,Male,80,CLG0007,120,7.34,6.84,9,Yes,8,8,3,Yes
4089,16,94,High,High,Yes,9,76,Medium,Yes,0,Low,High,Public,Neutral,2,No,High School,Near,Male,70,CLG0075,77,5.3,5.38,7,No,2,1,0,No
4090,20,90,Medium,Low,Yes,7,97,Medium,Yes,2,High,High,Public,Positive,3,No,College,Moderate,Male,71,CLG0062,90,8.79,8.98,4,No,1,8,0,No
4091,22,95,Medium,High,Yes,6,69,Medium,Yes,1,Low,Medium,Public,Positive,3,No,College,Near,Female,72,CLG0084,96,5.37,5.56,3,No,10,7,2,No
4092,21,70,Medium,Medium,Yes,7,83,Medium,Yes,1,Medium,Medium,Public,Neutral,3,No,High School,Far,Male,65,CLG0056,92,9.09,9.25,3,Yes,8,1,4,No
4093,9,87,Low,Low,No,8,71,Low,No,0,Low,High,Public,Neutral,1,No,College,Moderate,Male,60,CLG0009,115,8.8,8.64,3,No,4,5,3,Yes
4094,9,72,Medium,High,Yes,10,91,Medium,No,1,High,Medium,Public,Neutral,2,No,High School,Far,Female,62,CLG0012,130,7.07,7.45,6,No,3,3,3,No
4095,19,73,Low,High,Yes,9,69,High,Yes,1,Low,Low,Public,Positive,4,No,Postgraduate,Near,Female,66,CLG0098,111,8.85,8.44,10,No,7,4,5,Yes
4096,27,62,Medium,High,Yes,5,63,Low,Yes,4,High,Medium,Public,Negative,4,No,High School,Near,Female,67,CLG0014,96,7.15,7.06,4,No,5,6,1,No
4097,24,83,High,Medium,No,4,66,High,Yes,2,Medium,High,Private,Positive,4,Yes,Postgraduate,Moderate,Male,70,CLG0053,101,7.37,7.03,2,No,0,10,5,No
4098,33,64,Medium,Medium,No,8,52,Low,No,3,High,Medium,Public,Positive,4,No,High School,Near,Male,67,CLG0011,83,5.88,5.63,7,No,5,6,4,No
4099,29,70,Medium,Low,Yes,7,72,Low,Yes,1,Medium,Medium,Public,Positive,4,No,College,Near,Male,67,CLG0055,122,7.72,8.02,2,Yes,4,2,4,Yes
4100,21,87,Medium,Medium,Yes,8,84,High,Yes,1,Low,Low,Private,Positive,2,No,College,Near,Male,69,CLG0027,91,5.56,5.15,9,No,9,7,0,No
4101,26,93,Medium,High,Yes,9,89,Medium,Yes,0,Low,Medium,Public,Neutral,3,No,College,Moderate,Male,72,CLG0068,92,7.64,7.26,3,Yes,6,6,2,No
4102,12,89,Medium,Low,Yes,6,55,Low,Yes,1,Low,High,Public,Negative,3,No,High School,Near,Female,63,CLG0011,77,7.47,7.8,8,No,8,3,0,No
4103,24,61,Medium,Medium,No,7,80,High,Yes,0,Low,Medium,Public,Positive,3,No,Postgraduate,Moderate,Male,64,CLG0073,111,7.41,7.58,7,No,3,10,3,Yes
4104,22,93,Medium,High,No,9,59,Low,Yes,3,Low,High,Public,Positive,4,No,Postgraduate,Near,Female,72,CLG0074,93,5.79,5.79,8,No,2,7,3,No
4105,8,61,Medium,Medium,Yes,7,54,Medium,Yes,1,High,Medium,Public,Positive,3,No,College,Near,Male,60,CLG0064,125,6.17,6.17,6,No,4,6,2,No
4106,13,71,Medium,Medium,No,7,98,Medium,Yes,0,Medium,Medium,Public,Positive,3,No,College,Near,Male,64,CLG0048,103,5.21,4.79,9,No,1,5,4,No
4107,20,74,Low,Medium,Yes,6,67,High,Yes,0,Medium,Medium,Private,Negative,4,Yes,College,Moderate,Female,63,CLG0006,92,9.64,9.38,9,Yes,9,6,1,No
4108,19,92,Low,Medium,Yes,7,70,Low,Yes,2,High,Medium,Private,Positive,2,No,College,Near,Male,69,CLG0062,126,8.26,8.24,4,No,4,10,5,Yes
4109,34,99,Medium,Medium,Yes,8,53,Medium,Yes,0,Medium,High,Public,Neutral,5,No,College,Near,Male,75,CLG0064,111,9.77,9.69,6,No,5,1,2,Yes
4110,16,62,Medium,High,No,6,92,Medium,No,0,Medium,Medium,Private,Positive,4,No,High School,Near,Female,63,CLG0060,79,7.37,7.22,2,No,0,9,0,No
4111,26,83,High,Low,Yes,8,83,Medium,Yes,2,Low,High,Public,Neutral,2,No,College,Near,Female,71,CLG0050,115,8.73,8.45,10,Yes,7,2,2,Yes
4112,14,77,High,High,No,4,51,Low,Yes,5,Low,Medium,Public,Positive,3,No,College,Moderate,Male,66,CLG0062,100,8.27,7.96,4,Yes,9,5,2,No
4113,13,70,Medium,High,Yes,8,78,Medium,Yes,0,Low,Medium,Private,Negative,3,Yes,High School,Near,Male,61,CLG0067,126,5.12,5.16,2,Yes,2,1,2,No
4114,3,79,Low,Medium,Yes,7,64,Low,Yes,0,Medium,Medium,Public,Negative,3,No,Postgraduate,Far,Female,58,CLG0019,111,9.19,9.32,10,No,3,10,3,Yes
4115,33,63,High,High,Yes,9,59,Medium,Yes,1,Medium,Medium,Public,Positive,4,No,High School,Near,Male,69,CLG0099,104,5.55,5.95,8,Yes,2,2,0,No
4116,20,70,Medium,Medium,Yes,7,91,Medium,Yes,1,Low,Medium,Public,Negative,2,No,High School,Far,Male,63,CLG0065,87,9.54,9.17,7,No,8,1,1,No
4117,22,65,Medium,Low,Yes,7,88,Low,No,2,Medium,Medium,Public,Positive,4,No,College,Near,Male,64,CLG0082,85,8.22,7.86,9,Yes,9,10,2,No
4118,16,83,Medium,Medium,Yes,4,73,High,Yes,3,Low,Low,Public,Negative,3,No,College,Near,Female,67,CLG0037,102,5.04,5.13,5,No,3,9,2,No
4119,20,72,High,Low,Yes,7,90,Low,Yes,0,Low,High,Private,Negative,3,No,Postgraduate,Near,Female,66,CLG0088,97,9.07,8.94,7,Yes,8,5,4,No
4120,10,96,High,High,No,6,80,Medium,No,0,Medium,Medium,Public,Neutral,4,No,High School,Moderate,Female,67,CLG0076,84,7.15,7.06,8,No,8,4,5,No
4121,15,64,High,Medium,No,5,78,Medium,Yes,2,Low,Medium,Public,Positive,2,No,High School,Moderate,Male,63,CLG0045,112,8.39,8.78,8,No,1,2,0,No
4122,11,70,Medium,Medium,No,6,98,Medium,Yes,3,High,Medium,Private,Neutral,4,No,Postgraduate,Near,Female,66,CLG0009,121,5.38,5.01,4,No,5,5,0,No
4123,20,98,High,Low,Yes,9,95,Low,Yes,1,Low,Medium,Public,Positive,2,No,High School,Moderate,Female,70,CLG0037,97,5.81,5.84,7,No,4,5,5,No
4124,10,98,Medium,High,No,7,80,Low,Yes,3,Medium,Medium,Private,Neutral,3,No,College,Near,Male,69,CLG0034,118,6.45,6.76,7,Yes,4,5,5,No
4125,27,91,Low,Medium,Yes,9,73,Low,Yes,0,Low,Medium,Private,Neutral,3,No,College,Near,Male,69,CLG0023,115,7.44,7.53,8,Yes,2,5,5,No
4126,27,78,Medium,High,No,8,89,Low,Yes,0,Low,Medium,Public,Neutral,3,No,Postgraduate,Near,Female,69,CLG0100,111,9.07,9.15,6,Yes,8,10,2,Yes
4127,14,67,Medium,Medium,No,10,53,Medium,Yes,2,High,Medium,Public,Neutral,3,No,College,Near,Male,62,CLG0016,119,8.26,8.25,5,No,6,7,2,Yes
4128,23,87,High,High,Yes,9,96,High,Yes,1,Medium,Medium,Private,Positive,1,No,College,Near,Female,73,CLG0087,115,8.44,8.4,8,Yes,8,8,1,Yes
4129,10,67,High,Medium,Yes,8,92,Medium,Yes,1,Medium,High,Public,Negative,4,No,Postgraduate,Near,Male,65,CLG0015,100,6.84,7.33,1,No,4,6,5,No
4130,28,79,Medium,High,Yes,9,94,Low,Yes,2,Low,Medium,Private,Positive,5,No,College,Near,Male,72,CLG0044,85,6.97,7.22,8,Yes,2,3,0,No
4131,26,94,Low,Low,Yes,9,55,Low,Yes,2,High,Medium,Public,Neutral,3,No,High School,Near,Male,69,CLG0088,104,9.93,10.38,1,No,7,2,3,No
4132,26,92,High,High,No,5,84,High,Yes,0,Medium,High,Public,Neutral,2,No,Postgraduate,Near,Male,74,CLG0008,99,8.75,8.29,7,Yes,1,10,1,No
4133,10,81,Low,Medium,Yes,9,98,Medium,Yes,2,Low,Medium,Public,Neutral,2,No,College,Near,Male,65,CLG0091,105,8.92,8.52,2,Yes,4,3,0,No
4134,23,89,High,High,No,6,87,Medium,Yes,4,Medium,High,Private,Neutral,3,No,College,Near,Female,74,CLG0066,118,8.14,8.6,3,Yes,5,2,3,Yes
4135,21,63,High,Low,Yes,9,60,Medium,Yes,2,Medium,Medium,Public,Negative,2,No,Postgraduate,Near,Male,64,CLG0034,93,9.47,9.7,7,Yes,2,7,3,No
4136,38,86,Low,High,Yes,7,79,Low,Yes,3,Low,Medium,Public,Negative,3,No,High School,Near,Male,73,CLG0033,113,5.33,5.18,8,Yes,9,8,2,Yes
4137,22,87,High,Low,Yes,7,68,Medium,No,0,Low,Medium,Public,Neutral,2,No,High School,Near,Male,67,CLG0007,69,8.92,9.16,8,No,2,10,1,No
4138,24,82,High,Medium,Yes,5,66,Medium,Yes,0,Medium,Medium,Private,Neutral,3,No,Postgraduate,Near,Male,69,CLG0048,86,8.15,8.53,6,No,2,7,5,No
4139,17,97,Medium,Medium,Yes,8,84,Medium,No,3,Low,Low,Private,Neutral,3,No,Postgraduate,Near,Female,70,CLG0068,95,7.57,7.97,10,No,2,4,1,No
4140,11,91,High,Low,Yes,6,100,Low,Yes,4,Low,Medium,Public,Negative,2,No,Postgraduate,Near,Male,68,CLG0093,92,9.38,9.23,1,Yes,0,9,5,Yes
4141,24,94,Low,Medium,Yes,6,75,Low,Yes,1,Low,High,Public,Negative,4,No,High School,Near,Female,69,CLG0022,121,8.68,8.99,4,No,0,9,0,Yes
4142,24,70,High,High,No,6,63,Low,No,0,Low,Medium,Public,Neutral,3,No,High School,Near,Male,65,CLG0008,84,5.85,6.07,4,Yes,0,9,4,No
4143,23,67,High,Medium,No,6,94,Low,Yes,1,Medium,Medium,Public,Positive,2,No,College,Far,Male,66,CLG0067,97,5.16,5.14,5,No,5,10,3,No
4144,26,63,High,High,Yes,7,79,Medium,Yes,1,Low,High,Public,Negative,2,No,High School,Near,Male,67,CLG0052,100,6.42,6.22,9,Yes,10,10,0,No
4145,27,92,Medium,Medium,Yes,10,86,High,Yes,0,Low,Low,Private,Positive,3,No,High School,Moderate,Male,71,CLG0033,79,5.61,6.1,9,Yes,6,10,1,No
4146,17,96,High,Medium,No,7,57,Low,Yes,2,Medium,Medium,Private,Negative,3,No,College,Moderate,Female,68,CLG0100,98,9.38,9.33,1,No,3,10,2,Yes
4147,18,72,High,High,No,6,85,High,Yes,1,High,High,Private,Positive,1,No,High School,Moderate,Male,68,CLG0093,107,6.72,6.51,4,No,1,10,4,No
4148,21,89,Medium,Low,Yes,9,80,Medium,Yes,0,Medium,Low,Public,Neutral,3,No,Postgraduate,Moderate,Male,68,CLG0086,125,5.16,5.27,3,No,3,2,1,No
4149,18,69,High,High,Yes,7,97,Medium,Yes,2,Medium,Medium,Public,Positive,2,No,College,Near,Female,69,CLG0066,91,8.93,9.24,10,Yes,6,7,3,No
4150,23,90,Low,Low,No,9,50,Low,Yes,4,Medium,Medium,Private,Neutral,3,No,High School,Moderate,Male,67,CLG0002,91,9.89,9.86,3,No,1,9,3,Yes
4151,25,84,Medium,Medium,Yes,7,83,High,Yes,1,Low,Medium,Public,Positive,3,No,High School,Moderate,Male,70,CLG0100,78,5.43,5.8,5,No,8,3,2,No
4152,5,89,Medium,Medium,Yes,4,76,High,Yes,2,Medium,Medium,Public,Neutral,3,No,College,Near,Male,65,CLG0049,81,6.89,7.34,4,No,6,4,0,No
4153,24,60,Medium,High,Yes,9,83,High,Yes,2,Medium,Low,Public,Positive,3,Yes,High School,Near,Male,66,CLG0054,114,7.76,8.23,7,Yes,6,3,5,Yes
4154,23,90,Medium,Medium,Yes,6,73,Low,No,1,High,Medium,Private,Positive,2,No,High School,Near,Female,69,CLG0005,104,8.88,9.18,6,No,10,7,5,No
4155,12,72,Medium,Medium,No,7,67,Low,Yes,0,Low,Medium,Public,Positive,2,No,High School,Near,Female,61,CLG0082,125,6.42,6.72,4,No,5,3,2,No
4156,23,72,High,Low,Yes,6,92,Low,Yes,2,High,Medium,Public,Negative,3,No,College,Near,Male,67,CLG0084,105,6.08,6.43,7,Yes,0,3,0,No
4157,23,92,Medium,High,No,9,100,Medium,Yes,1,High,High,Public,Neutral,2,Yes,College,Near,Male,72,CLG0092,79,5.62,5.8,10,No,2,9,0,No
4158,18,75,Medium,Medium,Yes,7,66,High,Yes,1,High,High,Public,Positive,4,No,High School,Near,Male,67,CLG0088,116,7.78,8.14,2,No,7,2,1,No
4159,16,73,Low,High,Yes,7,96,Medium,Yes,1,Medium,Medium,Private,Positive,3,No,High School,Moderate,Female,66,CLG0069,86,5.0,4.72,7,Yes,10,6,0,No
4160,28,84,Medium,Medium,Yes,8,51,Medium,No,3,Medium,Medium,Public,Positive,4,No,Postgraduate,Near,Female,71,CLG0085,118,9.18,8.74,5,Yes,2,6,1,No
4161,19,79,Medium,High,Yes,5,59,Medium,Yes,2,Low,Medium,Private,Neutral,2,No,Postgraduate,Far,Male,66,CLG0030,102,9.37,9.77,3,No,0,3,2,No
4162,16,95,Low,Medium,Yes,5,65,High,Yes,0,Medium,Medium,Private,Neutral,3,No,College,Near,Female,68,CLG0036,91,6.49,6.46,5,No,7,1,2,No
4163,21,69,Medium,Medium,Yes,6,85,Medium,Yes,3,Low,Low,Public,Neutral,1,No,College,Far,Female,64,CLG0059,91,9.83,10.26,8,No,8,8,2,Yes
4164,13,95,High,High,Yes,5,92,Low,Yes,1,Medium,Medium,Private,Positive,2,No,College,Near,Female,71,CLG0091,120,6.8,6.67,5,No,4,10,3,Yes
4165,23,79,Medium,Medium,No,5,81,Medium,Yes,1,Medium,Medium,Private,Neutral,3,No,High School,Near,Female,67,CLG0018,100,9.61,9.65,10,No,8,9,1,No
4166,24,70,Medium,High,No,5,62,Medium,Yes,2,Low,Medium,Private,Negative,4,Yes,College,Near,Male,65,CLG0027,95,8.5,8.04,7,No,5,1,3,No
4167,23,83,Low,Low,No,8,85,Medium,Yes,2,Low,Medium,Private,Neutral,2,Yes,High School,Near,Male,65,CLG0078,92,5.72,5.39,8,Yes,10,3,2,No
4168,20,88,Low,Low,No,7,96,Low,Yes,0,High,High,Public,Positive,3,No,Postgraduate,Moderate,Male,68,CLG0026,108,7.81,7.36,4,No,2,7,5,No
4169,26,87,Medium,High,No,6,70,Low,Yes,3,Medium,Medium,Public,Neutral,3,No,College,Moderate,Male,71,CLG0022,112,5.47,5.22,1,Yes,1,9,0,No
4170,22,84,High,Medium,Yes,6,89,Medium,Yes,2,Medium,Medium,Public,Neutral,3,No,High School,Near,Male,71,CLG0048,129,7.09,6.68,4,No,4,6,0,No
4171,17,85,Medium,Low,No,7,94,High,Yes,4,Low,Medium,Public,Positive,3,No,College,Near,Female,69,CLG0002,89,7.35,7.46,4,No,10,7,1,No
4172,20,92,Medium,High,No,8,80,High,Yes,0,Medium,Medium,Private,Neutral,3,No,College,Near,Male,71,CLG0002,94,5.44,5.16,3,No,10,9,2,No
4173,20,65,High,High,Yes,6,97,Medium,Yes,0,Low,Low,Private,Negative,3,No,High School,Moderate,Female,65,CLG0073,112,8.77,9.01,3,Yes,1,9,4,Yes
4174,25,95,Low,High,No,6,76,Medium,Yes,1,Low,Medium,Public,Positive,5,No,High School,Near,Male,71,CLG0070,90,5.75,5.33,6,Yes,5,10,1,No
4175,12,72,Medium,Low,Yes,7,90,Medium,Yes,0,High,Medium,Public,Positive,3,No,Postgraduate,Far,Male,63,CLG0078,100,8.75,8.65,3,Yes,0,2,5,No
4176,20,93,Medium,Medium,Yes,6,95,Low,Yes,1,Medium,High,Public,Negative,4,No,College,Moderate,Male,70,CLG0075,105,5.67,5.41,6,Yes,7,10,0,No
4177,19,68,Low,High,No,10,97,Low,No,0,Low,Medium,Public,Positive,3,No,College,Far,Female,62,CLG0080,114,5.87,5.94,2,No,8,3,2,No
4178,23,83,High,Medium,No,5,74,Medium,Yes,3,Low,Medium,Public,Negative,2,No,Postgraduate,Near,Male,69,CLG0017,86,8.8,9.05,8,Yes,8,4,2,No
4179,16,88,Medium,High,Yes,7,51,Medium,Yes,0,Medium,Medium,Public,Positive,3,No,College,Near,Female,68,CLG0020,95,9.14,9.46,6,No,4,9,1,No
4180,20,90,Medium,Medium,No,7,78,High,Yes,0,Medium,High,Public,Positive,4,Yes,Postgraduate,Far,Male,69,CLG0026,116,8.79,8.52,10,No,2,1,4,Yes
4181,16,78,Low,Medium,Yes,5,50,Medium,Yes,2,Low,Medium,Private,Positive,2,No,College,Moderate,Male,63,CLG0016,119,5.99,6.42,4,No,2,5,5,No
4182,19,96,Medium,Medium,Yes,7,95,High,Yes,3,Medium,High,Private,Negative,3,No,College,Near,Female,73,CLG0097,76,8.04,8.38,9,No,6,1,4,No
4183,13,92,High,High,Yes,7,77,Medium,Yes,2,High,Medium,Public,Positive,4,No,Postgraduate,Near,Male,72,CLG0037,109,8.59,8.15,10,No,6,8,1,No
4184,21,71,Medium,Low,No,8,86,Medium,Yes,2,Medium,High,Public,Neutral,2,No,College,Near,Male,66,CLG0064,106,7.25,7.49,7,Yes,3,6,2,No
4185,17,91,Medium,Medium,No,6,66,High,Yes,1,High,Medium,Private,Positive,3,No,High School,Near,Male,69,CLG0012,120,7.65,7.41,5,No,7,9,1,No
4186,19,65,High,Medium,No,6,55,Medium,Yes,1,Low,High,Public,Positive,3,No,Postgraduate,Moderate,Male,64,CLG0094,91,9.72,10.08,3,No,10,10,5,Yes
4187,14,73,Medium,High,No,8,58,Medium,Yes,2,Low,High,Public,Negative,2,No,College,Moderate,Male,63,CLG0060,101,8.55,8.96,8,No,0,1,5,No
4188,12,70,Medium,High,No,7,81,High,Yes,0,Low,Medium,Public,Positive,3,No,High School,Near,Male,63,CLG0081,102,8.98,8.92,2,No,4,4,2,No
4189,21,83,Medium,High,Yes,6,61,High,Yes,2,Low,High,Public,Positive,3,No,Postgraduate,Near,Male,71,CLG0004,103,5.44,5.37,2,No,4,6,2,No
4190,21,96,High,Medium,Yes,6,71,High,No,3,Medium,Medium,Public,Negative,3,No,High School,Near,Female,71,CLG0001,118,8.18,7.89,9,Yes,8,4,3,No
4191,24,81,Medium,Medium,No,7,77,Medium,Yes,0,High,Medium,Private,Positive,3,No,High School,Near,Male,68,CLG0092,105,8.14,7.79,3,No,2,5,1,No
4192,24,85,Medium,Medium,Yes,8,95,Medium,Yes,2,Medium,Medium,Public,Negative,4,No,High School,Near,Female,70,CLG0002,110,8.92,8.87,3,No,5,2,2,No
4193,25,67,Medium,High,No,9,82,Medium,Yes,1,Medium,Medium,Public,Positive,3,No,Postgraduate,Far,Female,67,CLG0093,75,7.59,7.21,6,No,1,2,3,No
4194,25,87,High,Medium,Yes,8,90,Medium,Yes,1,Low,Medium,Public,Negative,4,No,High School,Near,Female,71,CLG0057,103,5.95,6.2,4,Yes,1,9,1,No
4195,17,76,Medium,Medium,Yes,8,79,Low,No,1,Low,Medium,Public,Neutral,4,Yes,Postgraduate,Far,Female,63,CLG0033,59,5.29,5.06,7,Yes,0,7,4,No
4196,25,87,Medium,Low,Yes,7,74,Low,Yes,0,Medium,High,Public,Neutral,4,Yes,High School,Near,Male,67,CLG0052,83,5.76,6.21,5,Yes,9,8,3,No
4197,13,93,Medium,High,Yes,8,75,Medium,Yes,1,Medium,Medium,Private,Positive,2,No,High School,Near,Male,69,CLG0025,129,6.68,6.77,6,Yes,7,2,0,No
4198,16,88,Medium,Medium,Yes,6,52,Medium,Yes,2,High,High,Public,Positive,3,No,High School,Near,Female,68,CLG0096,86,5.07,5.2,3,Yes,5,3,4,No
4199,25,73,Medium,Low,Yes,7,73,Medium,Yes,1,Medium,Medium,Public,Positive,2,No,High School,Near,Male,66,CLG0007,95,8.39,8.49,1,Yes,10,3,4,No
4200,27,72,Medium,Medium,No,6,63,Medium,Yes,1,High,Medium,Private,Negative,5,No,College,Moderate,Female,67,CLG0061,100,7.19,7.33,10,No,1,7,4,No
4201,13,77,Low,Medium,Yes,6,76,Low,No,1,Medium,Low,Private,Neutral,4,No,College,Moderate,Male,62,CLG0067,94,7.0,6.78,3,No,2,6,5,No
4202,17,84,Medium,High,Yes,8,60,Medium,Yes,0,Low,Low,Private,Positive,5,No,College,Near,Female,67,CLG0066,125,9.88,10.17,4,No,10,10,2,Yes
4203,21,60,High,Low,No,8,78,Medium,Yes,2,Medium,High,Public,Positive,2,No,High School,Near,Female,64,CLG0017,102,6.84,7.13,6,Yes,7,8,3,No
4204,21,79,Medium,Low,No,8,73,Medium,Yes,1,Low,Low,Public,Neutral,2,No,High School,Near,Female,64,CLG0027,114,7.82,8.0,4,No,4,3,3,No
4205,28,77,High,Medium,No,6,85,High,Yes,0,Low,Medium,Public,Negative,1,No,Postgraduate,Near,Female,69,CLG0011,97,6.96,6.97,5,Yes,1,6,5,No
4206,9,76,Medium,Medium,Yes,9,71,Medium,Yes,1,Medium,High,Public,Neutral,3,No,College,Near,Male,63,CLG0022,126,6.73,6.96,9,No,9,7,1,No
4207,20,86,Medium,Medium,Yes,8,60,Low,Yes,1,High,Medium,Public,Neutral,3,Yes,Postgraduate,Near,Male,67,CLG0091,126,7.01,7.02,8,Yes,10,6,1,No
4208,30,88,Medium,Medium,Yes,6,62,High,Yes,4,Low,Medium,Private,Positive,5,No,College,Far,Female,73,CLG0032,88,9.67,10.17,5,Yes,1,6,3,No
4209,19,64,Medium,Medium,Yes,8,81,High,Yes,1,Medium,Medium,Public,Negative,3,Yes,High School,Moderate,Male,62,CLG0035,110,9.62,10.05,3,No,2,5,4,No
4210,22,89,Medium,High,Yes,5,97,Medium,Yes,2,Medium,Medium,Private,Neutral,5,No,High School,Near,Male,72,CLG0017,114,7.45,7.72,8,No,6,9,4,Yes
4211,25,88,Medium,Medium,Yes,8,95,Low,Yes,1,High,High,Public,Neutral,4,No,High School,Near,Female,72,CLG0013,109,5.21,5.6,3,Yes,3,9,1,No
4212,20,73,Medium,High,Yes,4,60,Medium,Yes,1,Low,Medium,Private,Positive,3,Yes,High School,Moderate,Male,64,CLG0017,100,8.37,8.46,9,No,7,9,3,Yes
4213,7,86,Medium,Low,No,9,88,Medium,Yes,2,Low,Medium,Public,Negative,2,No,College,Near,Female,63,CLG0025,87,6.35,5.95,1,No,4,6,2,No
4214,13,64,Medium,High,Yes,5,72,Medium,Yes,2,Medium,Medium,Private,Neutral,2,No,Postgraduate,Moderate,Male,63,CLG0030,98,7.42,7.32,6,No,5,1,4,No
4215,17,92,Low,Low,Yes,8,75,Medium,Yes,2,Medium,High,Public,Neutral,3,No,Postgraduate,Near,Female,68,CLG0092,114,6.7,6.31,3,Yes,2,6,4,No
4216,20,62,High,Medium,Yes,6,85,Medium,Yes,2,Medium,Medium,Public,Neutral,3,No,College,Near,Female,66,CLG0034,113,9.25,9.28,7,Yes,7,3,0,No
4217,16,94,Medium,Medium,No,9,93,Low,Yes,1,Low,Medium,Public,Negative,4,No,Postgraduate,Near,Female,68,CLG0091,104,7.63,7.84,9,Yes,2,5,5,No
4218,24,72,High,Medium,Yes,7,95,Medium,Yes,3,Low,Medium,Public,Negative,2,No,Postgraduate,Near,Male,69,CLG0087,121,6.8,6.71,4,No,8,3,2,No
4219,18,75,Low,High,Yes,8,95,Medium,Yes,1,Low,Low,Public,Neutral,2,No,College,Near,Female,66,CLG0030,111,7.8,7.65,1,No,6,8,3,Yes
4220,23,77,Medium,Low,No,8,73,Medium,Yes,1,Low,Low,Public,Positive,2,No,College,Near,Male,65,CLG0049,111,6.02,5.69,3,No,2,1,4,No
4221,9,76,Medium,Medium,Yes,7,79,Medium,Yes,1,Low,Medium,Public,Neutral,3,No,High School,Near,Female,62,CLG0075,77,9.43,9.73,6,No,6,3,2,No
4222,9,87,Medium,Medium,No,8,56,Medium,Yes,1,Medium,High,Public,Positive,3,No,College,Moderate,Female,65,CLG0088,105,9.73,9.6,3,No,5,3,4,No
4223,19,89,Medium,Medium,Yes,6,55,Medium,Yes,0,Medium,High,Public,Positive,2,No,Postgraduate,Moderate,Male,68,CLG0068,97,5.19,5.31,2,No,9,10,1,No
4224,5,62,High,High,No,7,71,Low,Yes,1,Low,Medium,Private,Positive,4,No,College,Far,Male,59,CLG0037,127,9.04,9.2,9,No,9,1,5,Yes
4225,21,99,Medium,Medium,No,8,85,High,Yes,4,Medium,Medium,Public,Positive,4,No,High School,Moderate,Male,73,CLG0068,102,9.67,10.15,1,No,3,1,0,No
4226,23,94,Medium,High,No,8,76,Low,Yes,3,Medium,Medium,Public,Positive,3,No,High School,Moderate,Male,72,CLG0077,98,6.57,6.44,8,No,2,7,1,No
4227,19,78,Medium,Medium,No,7,55,Low,Yes,0,Medium,Medium,Public,Positive,3,No,College,Near,Male,65,CLG0031,113,8.33,8.07,2,No,3,7,5,Yes
4228,12,61,Low,Medium,Yes,8,92,Medium,Yes,2,High,Medium,Public,Neutral,4,Yes,High School,Moderate,Male,60,CLG0090,89,9.83,9.81,5,Yes,6,3,4,No
4229,17,65,Medium,Medium,No,6,61,Medium,Yes,5,Low,Medium,Public,Positive,4,No,High School,Near,Female,64,CLG0086,104,5.6,5.67,10,Yes,8,8,4,No
4230,23,65,High,Medium,Yes,9,74,Medium,Yes,2,Medium,High,Private,Neutral,3,No,College,Moderate,Male,67,CLG0021,100,5.53,5.67,1,No,7,5,2,No
4231,14,98,Medium,Medium,Yes,10,82,High,Yes,1,Low,Medium,Private,Positive,3,No,High School,Moderate,Male,69,CLG0040,96,6.95,7.19,1,No,10,9,1,No
4232,14,82,High,Low,Yes,8,91,High,Yes,1,Low,Medium,Public,Negative,2,No,High School,Near,Male,66,CLG0018,68,9.71,10.1,5,No,1,4,1,No
4233,17,96,Medium,High,Yes,8,87,Medium,Yes,0,Medium,Medium,Private,Positive,5,No,High School,Moderate,Male,71,CLG0091,111,5.34,4.87,8,No,2,4,5,No
4234,26,90,Low,High,Yes,6,81,Medium,Yes,1,Low,Medium,Private,Neutral,3,No,Postgraduate,Near,Male,71,CLG0043,78,6.17,5.96,5,Yes,9,8,2,No
4235,22,70,Medium,High,Yes,6,53,Medium,Yes,3,Medium,High,Public,Positive,2,No,High School,Near,Female,67,CLG0046,88,5.27,4.8,9,No,5,1,0,No
4236,22,62,High,Medium,Yes,9,69,Low,Yes,1,High,Low,Private,Negative,3,No,College,Near,Male,64,CLG0097,97,7.41,7.07,3,Yes,1,10,0,No
4237,34,78,Medium,High,Yes,8,68,Medium,Yes,1,Medium,Medium,Public,Negative,2,No,College,Near,Male,71,CLG0044,109,5.07,5.15,7,No,3,3,0,No
4238,10,98,Medium,Medium,No,7,98,Low,No,0,Medium,Medium,Public,Neutral,3,No,College,Moderate,Female,66,CLG0098,94,9.93,9.89,4,No,7,6,4,No
4239,16,76,Low,Medium,No,6,87,Medium,Yes,3,Low,Medium,Private,Neutral,4,No,College,Near,Female,65,CLG0072,94,5.86,5.94,6,Yes,0,10,2,No
4240,15,80,Low,High,No,5,90,Medium,Yes,4,Low,Medium,Public,Positive,3,No,College,Far,Female,67,CLG0085,119,5.85,5.68,5,Yes,1,1,5,No
4241,23,96,Medium,High,No,6,70,Medium,Yes,1,Medium,Medium,Public,Neutral,2,No,High School,Near,Male,71,CLG0046,93,6.62,6.4,5,Yes,8,9,0,No
4242,15,61,Medium,Medium,No,10,93,High,Yes,0,Medium,High,Public,Neutral,4,No,High School,Near,Male,63,CLG0044,114,7.0,6.89,10,No,3,1,3,No
4243,25,93,Medium,Medium,No,5,62,Medium,Yes,0,Low,Medium,Public,Neutral,3,No,High School,Far,Male,68,CLG0051,93,6.97,7.02,2,No,7,3,2,No
4244,22,70,Medium,Medium,No,7,91,Medium,Yes,2,Medium,Medium,Public,Positive,1,No,High School,Near,Male,66,CLG0005,111,6.92,6.56,10,Yes,3,5,4,No
4245,26,88,Low,High,No,6,81,Medium,Yes,1,High,Medium,Public,Positive,2,No,High School,Near,Male,71,CLG0054,77,6.94,7.0,9,Yes,7,4,3,No
4246,26,61,High,Low,Yes,7,95,Low,No,0,Medium,High,Public,Neutral,3,No,Postgraduate,Moderate,Male,65,CLG0043,90,6.39,6.19,9,Yes,9,7,0,No
4247,20,89,Medium,Medium,Yes,8,51,Medium,Yes,3,Medium,High,Public,Positive,3,No,Postgraduate,Near,Female,70,CLG0062,121,7.95,8.11,9,Yes,10,7,5,Yes
4248,18,64,Low,High,Yes,9,97,Medium,Yes,2,Medium,Medium,Public,Negative,3,No,High School,Moderate,Female,64,CLG0034,97,7.58,7.41,5,No,6,2,3,No
4249,21,70,Medium,Low,No,7,82,High,Yes,0,High,High,Public,Positive,3,No,High School,Near,Female,65,CLG0093,106,9.07,9.09,2,No,2,3,2,No
4250,21,77,Medium,Low,Yes,7,58,Medium,Yes,0,Low,High,Public,Negative,3,No,College,Near,Male,64,CLG0004,89,8.04,8.07,9,Yes,2,8,3,Yes
4251,13,70,Medium,Medium,No,8,56,Medium,Yes,2,Medium,High,Public,Neutral,0,No,High School,Near,Male,62,CLG0090,124,6.86,6.56,5,No,2,8,4,Yes
4252,27,90,High,Medium,No,8,96,High,Yes,0,Medium,Medium,Public,Negative,4,No,High School,Moderate,Male,72,CLG0098,105,7.06,6.99,2,Yes,5,2,4,No
4253,13,94,Low,High,Yes,6,65,High,Yes,2,Medium,Medium,Public,Neutral,2,No,Postgraduate,Moderate,Male,68,CLG0048,101,5.61,6.03,10,No,5,5,2,No
4254,24,90,Medium,High,No,7,93,Low,Yes,1,Low,High,Public,Neutral,2,Yes,Postgraduate,Near,Male,71,CLG0036,123,5.56,5.12,1,Yes,5,2,2,No
4255,17,82,Medium,High,Yes,10,82,High,Yes,1,Medium,Medium,Private,Positive,2,No,High School,Moderate,Male,68,CLG0016,96,8.91,8.78,1,No,2,9,2,Yes
4256,17,83,Low,Medium,No,6,64,Medium,Yes,1,Medium,Medium,Private,Positive,4,No,High School,Near,Female,65,CLG0079,87,8.67,8.48,5,No,4,8,2,Yes
4257,22,91,Medium,Low,Yes,7,76,Medium,Yes,1,Low,High,Public,Neutral,3,No,College,Moderate,Female,69,CLG0022,93,6.2,6.33,9,No,0,4,4,No
4258,25,76,High,High,Yes,8,59,Medium,Yes,4,Medium,Medium,Private,Neutral,4,No,College,Near,Female,71,CLG0025,139,8.45,8.74,1,No,6,2,0,No
4259,19,74,Medium,High,Yes,7,68,Medium,Yes,2,Low,High,Public,Negative,2,No,High School,Near,Female,66,CLG0050,82,6.2,6.6,2,No,2,9,1,No
4260,24,69,Medium,High,Yes,7,55,Low,Yes,3,Medium,High,Public,Neutral,4,No,High School,Near,Male,67,CLG0089,88,6.49,6.41,5,No,10,7,5,No
4261,21,79,Low,Medium,Yes,7,88,Low,Yes,0,Low,Medium,Private,Negative,4,No,High School,Moderate,Male,65,CLG0027,92,9.56,10.04,5,Yes,0,1,5,No
4262,24,70,Medium,High,Yes,9,52,High,Yes,1,Low,Medium,Public,Positive,2,No,Postgraduate,Moderate,Male,85,CLG0003,118,6.2,6.54,8,Yes,5,4,0,No
4263,15,86,High,Medium,Yes,8,77,Medium,Yes,0,Medium,Medium,Public,Positive,3,No,Postgraduate,Near,Male,69,CLG0019,61,8.7,8.65,7,No,4,10,3,Yes
4264,20,82,Low,Low,Yes,7,52,Low,Yes,0,Medium,Medium,Private,Neutral,3,No,College,Near,Female,64,CLG0014,88,9.77,9.65,2,Yes,6,4,4,No
4265,17,81,Medium,Medium,Yes,4,100,Low,Yes,2,Medium,High,Private,Neutral,2,No,College,Near,Male,68,CLG0016,124,7.93,8.4,4,Yes,1,4,5,Yes
4266,24,76,Medium,Medium,No,7,77,Medium,Yes,3,Medium,Medium,Private,Negative,4,No,Postgraduate,Moderate,Female,68,CLG0011,128,8.46,8.59,2,No,5,9,1,Yes
4267,20,61,High,Medium,Yes,8,80,Medium,Yes,1,Low,High,Public,Positive,3,No,High School,Near,Male,65,CLG0051,95,7.47,7.32,1,Yes,6,10,2,No
4268,21,88,High,Low,No,7,86,Medium,Yes,1,Low,Medium,Private,Positive,2,No,High School,Moderate,Male,68,CLG0031,102,5.41,5.45,6,No,4,8,3,No
4269,22,92,Medium,Medium,Yes,6,94,Medium,Yes,1,Medium,Medium,Public,Positive,3,No,High School,Near,Male,71,CLG0030,56,9.32,9.38,7,Yes,6,8,2,Yes
4270,12,72,Low,Medium,Yes,6,60,High,Yes,0,Low,Medium,Public,Neutral,4,No,Postgraduate,Near,Male,62,CLG0099,99,9.08,9.55,9,Yes,5,5,5,No
4271,14,86,High,Medium,No,6,57,Medium,Yes,3,High,High,Private,Neutral,2,No,College,Near,Female,68,CLG0072,89,9.76,9.88,3,No,6,10,3,Yes
4272,18,60,Medium,High,No,5,91,Low,Yes,2,Low,Medium,Public,Negative,4,Yes,High School,Near,Male,62,CLG0066,110,8.35,8.57,5,Yes,3,10,0,No
4273,21,93,Medium,High,Yes,6,67,High,Yes,1,Medium,High,Public,Positive,3,No,Postgraduate,Near,Female,73,CLG0010,94,9.16,8.71,6,No,4,1,0,No
4274,21,74,High,Medium,Yes,8,95,Low,Yes,1,Medium,Medium,Private,Positive,5,Yes,High School,Far,Female,66,CLG0046,85,8.2,8.33,4,No,10,5,4,No
4275,29,97,Medium,High,Yes,9,92,Medium,Yes,2,Low,Medium,Public,Positive,4,No,High School,Moderate,Female,75,CLG0074,82,8.64,9.08,10,Yes,9,3,1,No
4276,16,61,High,Medium,Yes,6,53,Low,Yes,0,High,Medium,Public,Positive,4,Yes,High School,Moderate,Female,60,CLG0096,91,7.17,6.77,3,No,0,2,4,No
4277,22,91,Medium,High,No,5,61,Medium,Yes,3,Low,High,Public,Neutral,2,No,Postgraduate,Far,Male,70,CLG0062,90,6.55,6.07,9,No,1,3,0,No
4278,32,95,Medium,Medium,Yes,7,66,High,Yes,5,High,Medium,Private,Negative,3,No,College,Near,Male,76,CLG0050,81,8.46,8.39,7,No,0,10,2,Yes
4279,19,75,Medium,Medium,Yes,7,88,Low,Yes,1,Medium,Medium,Private,Positive,3,No,Postgraduate,Moderate,Male,67,CLG0017,95,6.65,6.51,4,No,0,4,5,No
4280,14,76,High,Medium,Yes,5,71,Medium,Yes,1,Low,Medium,Public,Negative,3,No,High School,Near,Male,64,CLG0020,116,5.1,5.16,8,No,0,2,1,No
4281,25,89,Medium,High,No,7,59,Medium,Yes,1,Low,Medium,Public,Neutral,4,Yes,High School,Near,Male,68,CLG0017,87,9.98,9.58,5,Yes,7,1,1,No
4282,24,68,Low,Medium,Yes,8,80,Medium,No,1,Low,Low,Public,Positive,4,No,Postgraduate,Moderate,Male,64,CLG0020,92,9.21,9.49,10,Yes,8,5,3,No
4283,16,60,Medium,Low,No,8,87,Low,Yes,0,Low,Low,Public,Positive,5,No,High School,Near,Male,60,CLG0013,96,7.51,7.18,3,No,7,10,3,No
4284,10,96,Medium,Medium,No,4,99,Medium,Yes,1,Medium,Medium,Private,Negative,5,No,College,Near,Female,68,CLG0072,91,6.1,6.43,4,No,3,7,5,No
4285,3,92,High,Low,Yes,5,95,High,Yes,3,Medium,Medium,Public,Neutral,1,No,Postgraduate,Near,Female,67,CLG0063,111,6.59,6.58,8,Yes,2,10,2,Yes
4286,23,91,Medium,Medium,No,6,57,Low,Yes,2,Low,High,Private,Positive,2,No,High School,Near,Male,69,CLG0005,97,6.71,6.95,6,No,0,8,1,No
4287,12,85,High,High,No,8,58,Low,Yes,1,Low,High,Public,Positive,3,No,Postgraduate,Near,Male,67,CLG0039,109,5.11,5.32,2,No,5,10,4,No
4288,29,92,Low,Medium,No,4,91,Medium,Yes,2,Medium,Medium,Public,Negative,1,No,Postgraduate,Near,Female,72,CLG0084,105,9.08,9.42,5,No,7,10,3,Yes
4289,19,86,Medium,Medium,Yes,9,93,Low,Yes,1,Low,High,Public,Positive,3,No,College,Near,Male,69,CLG0013,102,7.12,6.65,1,Yes,9,10,2,No
4290,17,95,Low,High,No,5,77,Medium,Yes,2,Medium,Medium,Public,Positive,4,No,High School,Moderate,Female,69,CLG0003,100,7.07,7.43,7,No,8,4,5,No
4291,20,75,High,Medium,Yes,7,67,Low,Yes,1,Low,Medium,Private,Positive,4,No,High School,Near,Female,66,CLG0079,92,7.3,7.5,1,No,0,9,2,No
4292,22,63,High,Medium,No,7,93,High,Yes,0,Medium,Medium,Private,Neutral,2,No,High School,Far,Male,64,CLG0056,110,7.91,7.48,2,No,2,9,2,No
4293,35,61,Medium,High,Yes,7,61,Low,Yes,2,Medium,Medium,Private,Positive,4,Yes,High School,Near,Male,68,CLG0027,103,9.16,8.97,2,Yes,10,3,0,No
4294,3,60,Medium,Low,Yes,6,78,Low,Yes,1,Low,Medium,Public,Positive,1,No,Postgraduate,Near,Female,57,CLG0020,118,8.56,8.73,9,No,7,6,2,Yes
4295,15,88,High,Medium,No,8,55,Medium,Yes,1,High,High,Private,Neutral,2,No,High School,Near,Male,67,CLG0006,94,5.13,4.91,8,No,9,4,0,No
4296,20,92,Medium,Low,No,7,53,Medium,Yes,2,Medium,High,Private,Positive,2,No,College,Far,Male,68,CLG0094,83,6.96,7.28,1,No,10,8,1,No
4297,22,86,Low,Medium,No,4,82,Low,Yes,1,Low,Low,Private,Positive,5,No,College,Moderate,Male,67,CLG0032,96,9.86,9.91,4,No,6,4,0,No
4298,23,96,Low,Medium,Yes,10,80,Low,Yes,3,Low,High,Public,Positive,3,No,High School,Near,Male,71,CLG0076,112,5.92,6.15,2,Yes,4,2,1,No
4299,10,95,High,Low,Yes,7,74,High,Yes,2,Low,Medium,Public,Negative,3,No,High School,Far,Male,66,CLG0056,102,9.59,9.67,9,No,0,5,5,No
4300,17,87,Medium,High,Yes,6,74,Low,Yes,1,Low,High,Private,Neutral,3,No,College,Moderate,Female,68,CLG0063,113,9.66,10.05,5,Yes,6,1,4,Yes
4301,12,64,Medium,Medium,No,9,51,Low,No,2,Low,Medium,Public,Neutral,4,No,College,Near,Male,59,CLG0042,106,9.95,9.7,2,No,4,5,2,No
4302,21,82,Medium,High,No,7,95,High,Yes,1,High,Medium,Public,Negative,3,No,High School,Near,Male,70,CLG0086,96,8.49,7.99,5,No,3,6,2,No
4303,14,70,High,Medium,Yes,9,54,Medium,No,3,Medium,Medium,Public,Positive,1,No,College,Near,Male,64,CLG0099,105,6.74,6.58,2,No,6,9,0,No
4304,20,78,Medium,Medium,No,5,73,Low,Yes,1,Low,Medium,Public,Negative,3,No,College,Near,Female,65,CLG0006,100,7.19,6.82,10,No,4,6,3,No
4305,17,78,High,Medium,Yes,6,66,Medium,Yes,2,Low,Medium,Public,Positive,4,No,College,Moderate,Male,67,CLG0036,81,9.42,9.7,4,No,0,8,4,Yes
4306,23,99,Low,Low,Yes,6,68,High,Yes,1,Medium,Medium,Public,Neutral,3,Yes,College,Far,Male,68,CLG0063,107,8.27,8.56,1,Yes,3,2,5,No
4307,8,94,High,Low,No,8,89,High,Yes,0,Medium,Medium,Public,Neutral,2,No,High School,Near,Female,66,CLG0089,117,7.6,7.64,3,No,10,5,4,No
4308,21,96,Medium,High,No,8,100,Medium,Yes,1,High,Medium,Private,Positive,2,No,College,Near,Female,73,CLG0020,84,9.98,10.37,8,No,10,8,4,Yes
4309,21,81,High,Medium,Yes,7,94,Medium,Yes,3,Medium,Medium,Public,Neutral,1,No,Postgraduate,Moderate,Male,70,CLG0086,104,9.01,9.32,7,Yes,10,9,1,No
4310,16,91,Medium,Medium,Yes,5,71,Medium,Yes,2,High,Medium,Public,Negative,3,No,College,Near,Male,69,CLG0071,87,9.91,9.81,3,Yes,7,9,3,Yes
4311,30,98,Low,Medium,No,7,51,High,Yes,0,Low,Medium,Public,Positive,2,No,High School,Near,Male,71,CLG0035,90,5.25,5.24,2,Yes,5,1,5,No
4312,11,67,Medium,Medium,Yes,6,54,Low,Yes,0,Low,Medium,Public,Positive,3,No,High School,Near,Female,60,CLG0001,99,6.37,6.49,2,No,5,1,0,No
4313,14,63,High,High,No,8,74,Medium,Yes,1,Low,Medium,Private,Neutral,4,No,Postgraduate,Moderate,Female,63,CLG0036,109,7.41,7.41,8,No,4,8,1,No
4314,27,73,Medium,Medium,No,7,99,Low,Yes,1,Low,Medium,Public,Positive,4,No,College,Near,Male,68,CLG0013,105,8.69,8.39,1,No,1,9,5,Yes
4315,22,93,High,Medium,No,7,74,Low,Yes,2,Medium,High,Public,Negative,3,No,College,Far,Male,70,CLG0004,88,5.0,4.69,3,No,0,2,0,No
4316,30,64,Medium,Medium,No,7,69,Medium,Yes,3,High,Low,Public,Negative,4,No,High School,Near,Female,67,CLG0004,124,5.35,5.47,10,No,1,10,3,Yes
4317,14,89,High,High,Yes,4,73,Medium,Yes,2,Medium,High,Public,Negative,3,No,College,Near,Male,70,CLG0045,102,5.74,5.79,2,No,6,3,5,No
4318,14,86,Low,Low,Yes,6,77,Medium,Yes,3,High,Medium,Private,Neutral,3,No,High School,Far,Male,65,CLG0093,144,9.71,9.27,3,Yes,7,6,0,No
4319,23,96,Medium,Medium,Yes,8,99,High,Yes,3,Low,Low,Public,Positive,4,No,High School,Near,Female,74,CLG0042,98,5.31,5.68,4,Yes,1,3,3,No
4320,16,96,Medium,Medium,Yes,4,77,High,Yes,1,High,High,Public,Positive,2,No,High School,Near,Male,71,CLG0005,109,8.39,8.42,2,No,9,5,2,No
4321,20,61,Medium,High,No,5,89,Medium,Yes,1,Medium,Medium,Public,Neutral,2,No,Postgraduate,Far,Female,64,CLG0020,79,6.41,6.86,9,No,9,7,0,No
4322,20,89,High,High,Yes,8,52,Low,Yes,2,Medium,Medium,Public,Negative,3,No,College,Moderate,Female,69,CLG0075,116,6.63,6.72,2,Yes,5,4,5,No
4323,12,63,High,Medium,No,9,70,Low,Yes,1,High,Low,Public,Positive,3,No,College,Near,Female,62,CLG0065,73,9.98,10.45,6,No,2,8,1,No
4324,21,91,Medium,High,Yes,8,74,Low,Yes,0,Medium,Medium,Public,Negative,2,No,Postgraduate,Near,Female,70,CLG0071,88,9.2,9.54,6,No,6,6,2,No
4325,27,77,Medium,High,Yes,6,96,Low,Yes,0,Medium,High,Public,Positive,3,No,Postgraduate,Moderate,Male,71,CLG0032,97,8.01,7.81,3,Yes,5,4,1,No
4326,19,68,Low,High,Yes,8,72,High,Yes,2,Low,High,Private,Neutral,3,No,College,Far,Male,64,CLG0094,96,7.87,7.57,6,Yes,4,10,3,No
4327,34,64,Medium,Medium,No,6,71,High,Yes,0,Low,High,Private,Negative,4,No,High School,Near,Female,67,CLG0048,107,7.99,7.75,9,No,8,2,0,No
4328,29,77,Medium,Medium,No,9,84,Medium,Yes,0,Low,High,Public,Neutral,3,No,College,Near,Female,69,CLG0098,128,9.62,9.87,5,No,8,3,1,No
4329,18,61,High,Low,Yes,5,71,Low,Yes,3,High,High,Private,Neutral,3,No,College,Near,Male,64,CLG0085,105,5.94,6.34,8,No,5,5,4,No
4330,23,92,High,Medium,Yes,4,93,High,Yes,0,High,Medium,Public,Negative,4,No,High School,Near,Female,72,CLG0059,121,9.31,9.03,3,No,2,1,2,Yes
4331,25,96,Medium,High,No,8,88,Medium,Yes,0,Low,Medium,Private,Neutral,1,No,High School,Near,Male,71,CLG0011,90,6.62,6.7,5,No,2,10,1,No
4332,14,95,Medium,Medium,Yes,8,51,Medium,Yes,5,Medium,Medium,Private,Positive,4,No,College,Near,Female,70,CLG0042,90,7.84,7.96,6,No,4,7,0,No
4333,11,86,Medium,High,Yes,6,84,Medium,Yes,0,High,High,Private,Neutral,3,No,High School,Near,Male,67,CLG0096,95,6.04,6.22,7,No,7,10,2,No
4334,20,87,Low,Low,No,8,56,Medium,No,1,High,Medium,Public,Negative,1,No,College,Near,Female,64,CLG0009,104,5.34,5.45,8,Yes,4,4,4,No
4335,20,97,Low,Medium,Yes,9,83,High,Yes,3,Medium,High,Public,Positive,3,No,Postgraduate,Near,Female,73,CLG0045,103,9.95,9.69,5,Yes,9,7,5,No
4336,14,99,Medium,Medium,No,7,89,High,No,0,Medium,Medium,Private,Positive,2,No,Postgraduate,Far,Female,68,CLG0096,122,7.45,6.97,2,No,8,9,0,No
4337,20,96,High,Medium,Yes,8,65,High,Yes,0,Medium,Low,Public,Neutral,2,No,High School,Near,Female,70,CLG0069,123,8.69,9.02,10,Yes,5,2,5,Yes
4338,15,83,Medium,Medium,Yes,7,57,Low,Yes,0,Medium,Medium,Private,Positive,3,No,Postgraduate,Near,Male,65,CLG0036,101,7.23,6.95,8,No,2,7,4,No
4339,23,100,High,Low,Yes,4,59,Medium,Yes,2,Medium,Medium,Public,Positive,4,No,High School,Near,Female,72,CLG0056,85,7.89,7.97,10,No,9,1,2,No
4340,10,60,Medium,Medium,No,7,72,Low,No,3,Medium,Low,Public,Positive,3,No,High School,Near,Male,59,CLG0099,73,6.11,5.92,7,No,0,3,5,No
4341,27,90,Medium,Medium,No,7,82,Medium,Yes,0,Medium,Medium,Public,Positive,3,No,College,Moderate,Female,71,CLG0061,90,5.83,5.98,10,Yes,1,9,4,No
4342,17,81,High,Medium,No,7,54,Medium,Yes,4,Low,Medium,Public,Positive,3,No,High School,Near,Female,67,CLG0041,106,8.57,8.37,1,No,0,9,3,Yes
4343,21,65,Medium,Low,Yes,7,91,Low,Yes,2,Medium,High,Public,Positive,3,No,High School,Far,Female,64,CLG0007,77,6.09,5.72,4,No,9,6,2,No
4344,19,97,High,Low,Yes,8,64,Medium,Yes,2,Low,High,Public,Positive,3,No,High School,Near,Male,71,CLG0010,110,6.86,6.96,7,Yes,8,6,0,No
4345,24,70,Medium,High,Yes,8,74,Low,Yes,2,Medium,High,Public,Negative,3,No,High School,Near,Male,67,CLG0080,74,6.08,6.47,10,Yes,4,2,1,No
4346,13,100,Medium,Low,Yes,8,73,Low,Yes,1,Low,Medium,Public,Neutral,3,No,Postgraduate,Near,Male,68,CLG0067,120,8.94,8.66,3,No,7,5,1,No
4347,28,80,Low,Medium,No,8,65,Low,Yes,2,Low,Medium,Private,Neutral,2,No,College,Near,Male,67,CLG0019,96,7.82,8.15,4,Yes,2,2,1,No
4348,18,68,Low,Medium,No,8,91,High,Yes,1,Low,High,Private,Neutral,3,No,Postgraduate,Near,Female,65,CLG0003,100,6.6,7.09,6,No,6,9,4,No
4349,23,90,High,Medium,Yes,7,62,Medium,Yes,3,Medium,Low,Private,Positive,2,No,Postgraduate,Moderate,Male,71,CLG0011,93,7.1,6.87,2,No,8,7,0,No
4350,19,70,Medium,Medium,Yes,6,90,Low,Yes,2,Low,Medium,Private,Positive,3,No,High School,Moderate,Male,65,CLG0033,141,7.87,8.12,6,No,4,10,4,Yes
4351,17,76,Medium,High,Yes,6,70,Low,Yes,2,High,Medium,Public,Neutral,4,No,Postgraduate,Moderate,Male,67,CLG0069,89,9.87,9.69,7,Yes,10,8,3,Yes
4352,16,90,Medium,Medium,No,5,100,Medium,Yes,1,Low,Medium,Public,Positive,3,No,High School,Moderate,Female,68,CLG0015,86,5.97,5.83,2,No,1,10,3,No
4353,19,64,Medium,High,Yes,4,71,Medium,Yes,1,High,Medium,Public,Neutral,3,No,High School,Near,Male,65,CLG0078,67,7.43,6.96,3,Yes,9,10,1,No
4354,27,74,Medium,High,No,6,51,High,Yes,2,Medium,Medium,Private,Positive,4,No,High School,Far,Male,68,CLG0043,109,7.66,7.21,2,Yes,4,7,1,No
4355,27,78,High,Low,Yes,5,77,Medium,Yes,0,Medium,Low,Private,Neutral,3,No,Postgraduate,Near,Male,69,CLG0041,109,7.05,7.46,10,Yes,0,7,0,No
4356,10,75,Medium,Medium,No,8,87,Low,Yes,2,Medium,Medium,Public,Positive,4,Yes,High School,Near,Female,63,CLG0056,112,9.91,10.1,10,No,5,4,0,No
4357,19,91,High,Low,No,6,52,Medium,Yes,2,Low,Medium,Public,Negative,4,Yes,High School,Moderate,Male,66,CLG0092,108,9.35,9.64,2,Yes,10,7,5,No
4358,23,66,Medium,High,Yes,7,82,High,Yes,1,Medium,Medium,Public,Positive,2,No,High School,Near,Male,67,CLG0037,92,7.8,7.48,7,Yes,8,7,2,No
4359,14,81,Medium,Medium,Yes,7,64,Medium,Yes,2,Medium,Medium,Public,Positive,4,Yes,College,Near,Male,66,CLG0033,95,8.41,8.53,2,No,5,9,3,Yes
4360,15,66,Medium,Medium,No,6,90,Low,Yes,2,Medium,Medium,Public,Negative,3,No,College,Far,Female,62,CLG0036,86,5.96,6.12,8,Yes,2,6,1,No
4361,33,76,Medium,Medium,Yes,10,92,Low,Yes,1,High,Medium,Private,Positive,3,No,Postgraduate,Near,Female,72,CLG0100,96,7.37,7.11,9,No,10,10,4,No
4362,20,83,Low,High,Yes,10,58,Medium,Yes,0,Low,High,Public,Neutral,1,No,High School,Near,Female,66,CLG0019,107,7.76,7.67,1,No,8,3,5,No
4363,10,82,Medium,Low,No,8,70,Medium,Yes,3,Low,High,Public,Positive,1,Yes,Postgraduate,Near,Female,64,CLG0096,101,8.31,8.38,4,Yes,0,8,5,Yes
4364,24,91,Medium,High,Yes,9,62,Low,Yes,3,Low,Medium,Public,Negative,4,No,College,Moderate,Male,70,CLG0067,128,6.22,5.91,8,No,9,6,4,No
4365,25,79,High,Medium,No,6,77,Low,No,2,Low,High,Public,Neutral,3,No,High School,Near,Male,68,CLG0004,102,9.68,10.11,5,No,5,2,5,No
4366,9,70,Medium,Medium,No,9,78,Low,Yes,1,Medium,Low,Public,Neutral,2,No,High School,Near,Female,60,CLG0098,102,9.4,9.03,2,No,10,7,4,No
4367,14,83,Medium,High,Yes,8,88,Low,Yes,0,High,Medium,Public,Negative,2,Yes,High School,Moderate,Male,65,CLG0099,79,6.24,6.3,9,Yes,3,5,3,No
4368,20,62,Medium,Medium,No,4,98,High,Yes,1,High,Low,Public,Negative,4,No,High School,Near,Male,64,CLG0012,109,5.57,5.76,5,No,0,9,1,No
4369,28,60,Low,Medium,Yes,5,70,Low,Yes,0,Low,Medium,Private,Neutral,5,No,High School,Near,Male,63,CLG0029,113,9.47,9.64,8,Yes,4,9,3,Yes
4370,29,77,High,Low,Yes,8,88,Low,Yes,0,Medium,High,Public,Positive,4,No,College,Moderate,Male,70,CLG0086,94,6.82,6.55,3,No,6,4,4,No
4371,29,78,Medium,Medium,No,5,99,High,Yes,0,High,Medium,Public,Negative,1,No,High School,Moderate,Female,69,CLG0012,100,6.48,6.05,3,No,6,7,5,No
4372,19,72,High,Medium,Yes,7,76,Medium,Yes,1,Medium,High,Public,Positive,2,No,High School,Moderate,Female,66,CLG0021,121,6.75,6.51,9,No,0,2,3,No
4373,18,71,Medium,Low,Yes,7,85,Low,Yes,1,Low,Low,Public,Neutral,2,No,High School,Moderate,Male,62,CLG0052,84,7.77,7.89,7,No,10,9,1,No
4374,21,66,Low,High,Yes,7,68,High,Yes,2,Low,Medium,Public,Positive,1,No,High School,Near,Female,65,CLG0096,96,5.29,5.07,3,Yes,7,4,2,No
4375,24,99,High,Medium,Yes,7,69,Medium,Yes,0,Medium,Medium,Private,Positive,3,No,High School,Near,Male,73,CLG0048,91,9.79,9.72,8,Yes,8,7,1,No
4376,18,89,Medium,Medium,No,7,66,Medium,Yes,2,Medium,Medium,Public,Positive,3,No,College,Moderate,Male,68,CLG0039,67,7.13,7.45,4,Yes,8,10,2,No
4377,18,94,Medium,High,Yes,7,82,Medium,Yes,3,Medium,Medium,Private,Negative,2,Yes,College,Near,Male,70,CLG0064,104,8.18,8.47,3,No,4,7,2,No
4378,15,69,Low,Medium,Yes,9,52,Medium,Yes,0,High,Medium,Public,Neutral,3,No,College,Near,Female,61,CLG0041,91,7.73,7.98,4,Yes,5,2,4,No
4379,17,60,Medium,Low,No,6,66,Medium,Yes,0,Low,Medium,Public,Positive,2,No,High School,Far,Female,58,CLG0052,109,8.17,8.19,4,No,0,1,4,No
4380,20,88,Medium,Medium,No,4,54,Low,Yes,0,High,Low,Public,Negative,4,No,High School,Near,Male,66,CLG0001,82,6.86,7.24,4,No,2,1,1,No
4381,29,92,High,Medium,Yes,4,91,Low,Yes,1,High,High,Public,Neutral,4,No,High School,Near,Female,75,CLG0023,97,7.28,7.71,7,No,0,6,5,No
4382,17,97,Medium,High,Yes,6,87,Low,Yes,2,Low,High,Private,Neutral,2,No,High School,Near,Male,71,CLG0017,94,9.21,9.16,1,Yes,9,1,4,No
4383,19,99,High,Medium,No,7,69,Medium,Yes,1,High,Medium,Public,Positive,3,No,High School,Near,Male,72,CLG0038,94,9.66,9.64,6,Yes,8,1,3,No
4384,8,84,High,High,No,7,80,Medium,Yes,1,High,High,Public,Positive,4,No,High School,Moderate,Male,67,CLG0075,116,7.15,6.93,10,No,2,1,3,No
4385,20,95,Medium,Medium,No,6,76,Medium,Yes,0,Low,High,Private,Positive,4,No,High School,Moderate,Female,69,CLG0039,99,7.34,7.66,3,Yes,9,10,5,No
4386,22,64,Medium,Medium,Yes,10,77,High,Yes,5,Medium,Medium,Public,Neutral,3,Yes,High School,Near,Male,66,CLG0055,110,9.68,9.68,5,Yes,9,5,4,No
4387,22,70,Medium,High,No,7,84,Low,Yes,3,Low,High,Public,Positive,5,No,High School,Near,Male,68,CLG0029,88,9.81,9.69,5,No,3,7,4,No
4388,22,74,Medium,High,Yes,10,51,Medium,No,1,Medium,Medium,Private,Negative,4,No,High School,Near,Male,65,CLG0057,95,6.77,6.59,6,No,5,1,5,No
4389,39,75,Medium,High,Yes,6,82,High,Yes,1,High,Low,Public,Negative,3,No,College,Near,Male,73,CLG0072,93,8.83,9.31,10,No,7,8,0,No
4390,15,67,Medium,Medium,Yes,7,94,Low,Yes,0,High,Low,Private,Positive,2,No,Postgraduate,Moderate,Male,63,CLG0016,81,5.55,5.16,3,Yes,8,4,5,No
4391,24,71,Low,High,Yes,6,91,Medium,Yes,3,High,Medium,Public,Neutral,2,No,High School,Far,Female,67,CLG0010,100,6.29,6.01,7,Yes,0,9,1,No
4392,19,88,Medium,High,No,8,94,High,Yes,1,Medium,Medium,Public,Neutral,3,No,High School,Moderate,Male,70,CLG0096,120,5.7,5.48,9,Yes,6,8,5,Yes
4393,16,84,Medium,High,Yes,8,51,Low,Yes,0,Medium,Medium,Public,Negative,3,No,Postgraduate,Near,Female,66,CLG0088,88,5.98,5.83,4,Yes,6,2,1,No
4394,20,73,High,High,No,5,70,High,Yes,1,Low,High,Public,Negative,2,No,High School,Moderate,Male,66,CLG0070,84,8.1,7.77,1,No,2,6,0,No
4395,20,94,Low,Low,Yes,6,97,Low,Yes,2,Medium,Medium,Public,Positive,5,No,College,Near,Male,70,CLG0066,85,9.04,9.31,7,Yes,1,8,0,No
4396,19,80,Low,Low,No,8,82,Medium,Yes,5,Low,Low,Public,Positive,3,No,College,Near,Male,67,CLG0080,70,8.55,8.67,4,No,7,5,3,No
4397,27,92,High,Medium,No,6,62,High,Yes,0,Medium,High,Public,Positive,4,No,College,Near,Male,73,CLG0078,86,9.5,9.85,2,No,9,5,2,No
4398,23,74,Low,Low,No,9,61,Low,Yes,0,Medium,Low,Public,Positive,4,No,Postgraduate,Near,Male,64,CLG0079,95,6.15,6.17,2,No,2,4,1,No
4399,22,92,High,Low,Yes,5,95,Low,Yes,0,Low,Low,Public,Positive,3,No,Postgraduate,Near,Male,70,CLG0042,90,6.97,6.7,3,Yes,10,4,0,No
4400,22,82,High,High,No,10,83,Medium,Yes,1,Low,High,Private,Neutral,2,Yes,College,Moderate,Male,69,CLG0065,128,6.73,6.85,5,Yes,6,10,0,No
4401,12,97,Medium,Low,Yes,7,83,Medium,Yes,0,Low,Medium,Public,Neutral,2,No,College,Moderate,Male,66,CLG0077,96,6.38,6.72,7,Yes,5,7,0,No
4402,20,85,Medium,Low,No,6,81,Low,Yes,1,High,High,Private,Positive,3,No,College,Near,Male,68,CLG0052,76,7.99,7.54,5,Yes,4,8,3,No
4403,24,63,Medium,Medium,No,6,90,Medium,No,2,Low,Medium,Private,Neutral,5,No,Postgraduate,Near,Female,66,CLG0011,107,9.14,9.53,2,No,0,6,3,No
4404,25,66,Medium,High,No,4,71,High,Yes,0,Medium,Medium,Public,Negative,3,Yes,High School,Near,Female,64,CLG0031,86,7.06,6.91,5,No,4,3,0,No
4405,16,71,Medium,High,Yes,6,52,Low,Yes,0,High,High,Public,Neutral,1,No,High School,Far,Male,62,CLG0057,106,8.51,8.44,2,No,0,2,1,No
4406,27,71,Medium,Low,No,8,69,Medium,Yes,1,High,Medium,Public,Positive,4,No,College,Near,Male,67,CLG0022,90,9.78,9.28,7,No,0,3,5,No
4407,38,80,High,Medium,No,5,78,Medium,Yes,1,Low,Medium,Public,Positive,4,No,College,Far,Female,72,CLG0068,116,8.79,8.7,6,No,10,5,4,Yes
4408,16,88,Low,Medium,No,7,55,Medium,Yes,3,Low,Low,Public,Neutral,3,No,Postgraduate,Near,Male,66,CLG0066,105,5.86,5.8,9,Yes,8,3,5,No
4409,26,93,High,Medium,No,5,85,Low,Yes,1,High,High,Public,Positive,3,No,College,Moderate,Female,73,CLG0069,128,8.75,8.46,9,No,10,5,3,Yes
4410,12,68,Medium,High,No,8,88,High,Yes,3,Low,Medium,Public,Negative,3,No,Postgraduate,Moderate,Female,64,CLG0013,90,5.21,5.34,1,No,3,10,4,No
4411,15,89,Medium,Medium,Yes,6,55,High,Yes,1,Low,Medium,Private,Positive,3,No,High School,Near,Male,66,CLG0074,122,7.51,7.74,3,No,8,2,3,No
4412,26,75,Low,Medium,Yes,9,56,Medium,Yes,1,Low,Medium,Public,Positive,5,No,High School,Moderate,Male,66,CLG0091,103,8.36,8.38,8,Yes,1,7,4,No
4413,30,93,High,High,Yes,7,53,Medium,Yes,3,Low,Medium,Private,Negative,2,No,Postgraduate,Moderate,Female,74,CLG0086,99,6.03,5.91,7,No,10,8,5,No
4414,10,75,Medium,Medium,Yes,4,90,Medium,Yes,3,Medium,High,Public,Positive,3,Yes,Postgraduate,Moderate,Male,65,CLG0072,112,8.27,8.54,9,Yes,10,8,2,Yes
4415,26,76,Medium,Medium,Yes,8,67,High,Yes,1,Low,Medium,Public,Negative,3,No,High School,Moderate,Male,67,CLG0021,99,9.39,9.8,4,Yes,7,2,0,No
4416,23,90,Medium,High,Yes,8,76,High,Yes,2,Medium,Low,Public,Positive,3,No,High School,Near,Female,72,CLG0023,109,8.21,8.48,5,Yes,3,1,4,No
4417,22,64,Medium,High,No,6,52,Low,Yes,2,High,Medium,Private,Negative,4,No,College,Moderate,Female,64,CLG0059,85,7.14,6.77,4,No,0,10,4,No
4418,18,72,Low,Low,Yes,5,61,Low,Yes,1,Medium,Medium,Private,Negative,4,No,College,Moderate,Male,61,CLG0091,109,8.26,8.29,3,No,1,9,5,Yes
4419,23,79,Medium,High,No,9,77,Medium,Yes,1,Low,High,Public,Neutral,3,No,High School,Near,Male,68,CLG0071,87,6.96,6.92,10,Yes,0,1,2,No
4420,23,81,Medium,Medium,No,7,88,Low,Yes,1,Low,Medium,Public,Positive,4,No,Postgraduate,Near,Male,69,CLG0073,114,6.56,6.53,1,Yes,7,3,3,No
4421,21,70,Low,Medium,No,6,61,Medium,Yes,1,Low,Medium,Public,Neutral,3,No,High School,Near,Male,62,CLG0033,116,8.05,7.95,8,Yes,0,2,3,No
4422,18,85,Low,Medium,Yes,10,89,Medium,Yes,1,High,Medium,Private,Positive,3,No,High School,Near,Female,68,CLG0029,99,5.91,5.81,10,No,10,5,4,No
4423,30,85,Medium,Medium,No,4,83,Low,Yes,2,High,High,Public,Positive,3,No,Postgraduate,Near,Female,74,CLG0017,93,9.25,9.29,3,No,6,9,5,Yes
4424,17,68,Medium,Medium,Yes,7,63,Medium,No,0,Low,Medium,Public,Neutral,3,No,High School,Moderate,Male,61,CLG0071,98,5.41,5.79,10,No,7,9,2,No
4425,24,89,Medium,Medium,Yes,5,87,Medium,No,3,High,Medium,Public,Neutral,0,No,High School,Near,Female,70,CLG0084,117,9.91,10.36,5,Yes,2,9,2,Yes
4426,25,69,Medium,Medium,No,7,66,Medium,No,0,Low,Low,Public,Neutral,3,Yes,College,Near,Male,62,CLG0082,83,6.98,7.47,6,Yes,3,6,4,No
4427,15,94,Low,Medium,No,8,94,Low,Yes,1,High,Medium,Public,Positive,4,No,High School,Moderate,Male,68,CLG0005,115,5.42,5.37,2,No,2,8,2,Yes
4428,13,85,Medium,High,Yes,6,88,Medium,Yes,2,Medium,High,Public,Positive,3,No,High School,Moderate,Female,68,CLG0079,96,7.29,7.76,7,Yes,9,9,4,No
4429,16,67,High,High,Yes,6,72,Medium,Yes,1,Low,High,Public,Positive,3,No,Postgraduate,Near,Female,66,CLG0045,115,9.41,8.97,9,No,5,2,2,Yes
4430,21,84,High,Low,No,6,66,High,Yes,2,High,Medium,Private,Positive,4,Yes,College,Far,Male,68,CLG0064,95,8.56,8.89,1,No,10,2,1,No
4431,12,81,High,Medium,No,8,53,Low,Yes,1,Medium,High,Private,Positive,3,No,College,Near,Male,65,CLG0047,103,9.93,9.96,10,Yes,6,10,2,Yes
4432,31,67,Low,High,Yes,5,76,Medium,Yes,2,Medium,High,Public,Positive,4,No,College,Near,Male,70,CLG0016,110,7.9,8.19,4,No,0,5,0,No
4433,17,81,Medium,Medium,No,5,87,High,Yes,0,Low,High,Private,Neutral,2,No,College,Near,Female,67,CLG0099,87,9.67,9.69,2,Yes,4,3,0,No
4434,19,96,Medium,Medium,Yes,8,97,Medium,Yes,3,Medium,Medium,Public,Negative,2,No,High School,Near,Male,71,CLG0058,78,5.96,6.12,4,No,10,10,5,No
4435,21,70,Medium,Medium,No,8,74,Low,Yes,2,Medium,Medium,Public,Positive,3,No,Postgraduate,Far,Male,65,CLG0008,124,6.63,6.86,8,Yes,7,9,1,No
4436,23,63,Medium,Low,Yes,6,87,Low,Yes,1,Medium,Medium,Public,Neutral,2,No,Postgraduate,Near,Male,64,CLG0073,84,5.61,5.25,4,No,9,3,5,No
4437,30,88,Low,Medium,Yes,6,90,High,Yes,4,High,Medium,Private,Negative,2,No,College,Moderate,Male,73,CLG0024,103,6.1,5.67,7,No,6,6,0,No
4438,10,76,Medium,Low,Yes,7,79,Low,Yes,3,Medium,Medium,Private,Neutral,4,No,High School,Far,Female,62,CLG0090,109,6.34,6.55,6,No,1,9,0,No
4439,16,64,Medium,Medium,No,7,65,Medium,Yes,2,Medium,High,Public,Neutral,4,No,High School,Near,Male,63,CLG0040,121,9.88,9.65,8,Yes,1,6,0,No
4440,20,64,Medium,High,No,6,53,High,No,4,High,Medium,Private,Neutral,4,No,College,Moderate,Female,65,CLG0076,130,5.24,5.12,10,Yes,6,1,3,No
4441,20,86,High,High,No,7,73,Medium,Yes,3,Low,Low,Public,Neutral,3,Yes,High School,Near,Male,69,CLG0078,94,6.08,5.8,2,Yes,5,7,4,No
4442,18,94,Low,Medium,Yes,7,51,Medium,Yes,1,Low,Medium,Public,Neutral,3,Yes,College,Moderate,Male,65,CLG0013,125,6.75,6.66,1,No,3,10,2,Yes
4443,16,66,High,Medium,Yes,5,84,Medium,Yes,2,Medium,Medium,Private,Neutral,3,No,High School,Near,Female,65,CLG0035,86,8.75,8.53,9,No,4,2,3,No
4444,13,68,Low,Low,Yes,8,66,Medium,Yes,0,Medium,Low,Public,Neutral,4,Yes,College,Near,Male,59,CLG0056,130,9.18,9.19,3,No,4,1,5,Yes
4445,15,65,Medium,Medium,No,9,65,Medium,Yes,1,Low,Medium,Public,Neutral,2,No,College,Near,Female,61,CLG0030,101,8.3,8.63,5,Yes,8,2,1,No
4446,27,64,High,High,Yes,9,68,High,Yes,1,Low,High,Private,Neutral,4,No,High School,Near,Male,68,CLG0046,96,9.65,9.87,9,Yes,10,5,0,No
4447,26,84,Medium,Medium,No,7,64,Low,Yes,2,High,High,Public,Neutral,3,No,High School,Near,Male,69,CLG0052,120,8.49,8.09,8,No,2,4,2,Yes
4448,20,99,Medium,Medium,No,8,75,Medium,Yes,2,Low,High,Private,Negative,2,No,Postgraduate,Far,Female,70,CLG0085,103,7.84,7.4,6,No,2,4,2,No
4449,11,78,Medium,High,Yes,8,51,Medium,Yes,2,Low,Medium,Public,Neutral,3,No,Postgraduate,Near,Male,64,CLG0034,88,9.2,8.84,1,No,4,5,4,No
4450,29,99,High,Medium,Yes,8,98,High,No,5,Low,Low,Public,Neutral,2,No,Postgraduate,Near,Male,77,CLG0058,113,9.85,9.95,4,Yes,3,1,3,Yes
4451,20,71,Low,Medium,No,8,70,Medium,Yes,0,Medium,High,Private,Neutral,3,No,High School,Far,Female,62,CLG0080,114,7.07,6.81,6,No,3,1,1,No
4452,11,64,High,Medium,Yes,5,78,Low,Yes,2,Low,High,Private,Neutral,4,No,College,Moderate,Male,62,CLG0092,123,6.98,7.33,10,Yes,9,4,0,No
4453,25,99,High,High,No,7,86,Low,No,3,Medium,Medium,Public,Positive,3,No,College,Near,Female,75,CLG0047,94,7.54,7.12,1,Yes,1,9,0,No
4454,18,61,Medium,Medium,Yes,6,96,Medium,Yes,0,Medium,Medium,Public,Negative,3,No,High School,Near,Male,63,CLG0072,84,9.14,8.97,6,Yes,1,4,2,No
4455,25,87,Low,High,Yes,7,89,Medium,Yes,1,Low,Medium,Public,Neutral,4,Yes,High School,Near,Female,69,CLG0029,67,6.95,6.57,8,No,4,7,4,No
4456,14,67,High,Medium,Yes,5,86,Medium,No,0,High,Medium,Public,Positive,4,No,College,Moderate,Female,64,CLG0050,117,5.38,5.22,8,Yes,0,8,5,Yes
4457,19,85,High,High,No,7,92,Medium,Yes,3,Medium,Medium,Public,Neutral,2,No,College,Near,Female,71,CLG0042,99,9.66,9.27,7,Yes,10,3,0,No
4458,21,94,Medium,Medium,No,8,88,Medium,Yes,1,Medium,Medium,Public,Positive,3,No,College,Near,Male,71,CLG0056,89,9.99,10.39,10,No,4,10,5,Yes
4459,30,91,Medium,Medium,Yes,7,78,High,Yes,3,Medium,Medium,Private,Positive,2,No,Postgraduate,Near,Male,75,CLG0003,107,6.46,6.02,2,Yes,6,5,3,No
4460,20,87,Medium,High,Yes,7,60,Medium,Yes,0,Low,Medium,Public,Positive,2,Yes,High School,Far,Female,66,CLG0056,96,9.38,9.17,10,Yes,6,6,4,No
4461,13,70,Medium,Medium,Yes,6,53,Medium,Yes,2,Low,Medium,Public,Negative,0,Yes,College,Moderate,Female,60,CLG0004,107,9.93,10.11,3,Yes,7,9,2,Yes
4462,16,61,Medium,High,Yes,10,78,Medium,Yes,2,Low,High,Public,Positive,2,No,College,Moderate,Female,64,CLG0034,107,7.73,8.15,2,Yes,7,5,0,No
4463,18,63,High,High,No,8,82,Medium,Yes,1,High,Medium,Private,Negative,1,No,High School,Near,Male,64,CLG0039,115,5.96,6.34,8,Yes,8,2,2,No
4464,7,73,High,Medium,Yes,6,75,Medium,Yes,3,Low,Medium,Public,Neutral,3,No,College,Near,Female,64,CLG0007,103,9.91,9.75,2,No,5,6,3,No
4465,19,62,High,Medium,Yes,9,94,Medium,Yes,0,High,Low,Public,Neutral,4,No,Postgraduate,Near,Female,66,CLG0028,85,9.4,9.63,3,Yes,5,8,0,No
4466,31,88,Low,Medium,Yes,6,99,Low,Yes,2,High,Low,Public,Negative,3,No,Postgraduate,Near,Male,73,CLG0049,111,8.36,8.37,2,Yes,3,9,3,Yes
4467,18,92,High,Medium,Yes,7,70,Medium,Yes,1,Low,Medium,Public,Neutral,3,No,High School,Moderate,Male,69,CLG0080,96,5.22,5.62,6,Yes,7,10,4,No
4468,29,80,Medium,Low,No,5,85,High,Yes,0,High,High,Public,Neutral,2,No,High School,Moderate,Male,69,CLG0023,100,8.25,8.52,9,Yes,1,10,1,No
4469,21,88,Medium,Medium,Yes,8,59,Low,No,2,Medium,Medium,Private,Negative,1,No,Postgraduate,Near,Male,67,CLG0018,104,6.19,5.8,3,Yes,9,9,4,No
4470,28,89,High,Low,Yes,4,90,High,Yes,3,Low,High,Public,Positive,2,Yes,Postgraduate,Moderate,Female,73,CLG0059,98,7.63,7.35,7,No,0,5,5,No
4471,31,94,Low,Medium,No,5,92,Low,Yes,1,High,Low,Private,Neutral,4,No,High School,Near,Male,72,CLG0067,100,9.81,10.14,2,No,7,3,5,No
4472,28,70,High,Low,Yes,8,87,High,Yes,3,Low,Medium,Public,Neutral,3,No,Postgraduate,Moderate,Male,70,CLG0095,118,7.17,7.28,10,No,6,6,4,No
4473,23,64,Medium,Low,Yes,6,83,Medium,Yes,0,Medium,Medium,Public,Neutral,3,No,High School,Moderate,Male,63,CLG0053,102,7.42,7.75,2,No,5,4,1,No
4474,33,74,Medium,Medium,No,9,64,Medium,Yes,2,Medium,Medium,Private,Neutral,4,No,Postgraduate,Near,Female,70,CLG0086,115,5.8,5.86,9,Yes,7,7,0,No
4475,17,73,Medium,Low,No,4,59,High,Yes,2,Low,High,Private,Negative,4,No,High School,Moderate,Female,63,CLG0077,122,6.46,6.39,1,No,5,4,0,No
4476,8,73,Medium,Medium,No,7,60,Medium,No,0,High,Medium,Private,Neutral,3,No,High School,Near,Female,60,CLG0068,113,7.01,6.52,1,No,7,3,1,No
4477,21,95,Medium,Low,Yes,7,67,Medium,Yes,3,Medium,Medium,Public,Positive,2,No,College,Far,Female,70,CLG0069,99,6.83,6.59,2,Yes,6,9,4,No
4478,17,68,Medium,High,Yes,5,66,Medium,Yes,1,High,Medium,Public,Negative,4,No,High School,Near,Male,64,CLG0085,88,8.29,8.01,8,Yes,4,10,2,Yes
4479,22,60,Medium,Medium,No,6,92,Low,Yes,2,Low,High,Public,Negative,2,No,High School,Near,Male,63,CLG0044,113,6.92,7.04,8,No,3,2,4,No
4480,15,88,Medium,Medium,No,8,57,Medium,Yes,1,High,Medium,Private,Positive,2,No,High School,Far,Male,66,CLG0012,102,7.74,8.06,6,No,2,7,4,No
4481,22,60,Low,Medium,No,7,99,Medium,Yes,1,Low,High,Public,Neutral,3,No,College,Moderate,Male,63,CLG0044,106,8.93,8.83,3,No,9,2,5,No
4482,26,80,High,Low,No,8,73,High,Yes,1,Medium,Medium,Public,Neutral,3,No,High School,Near,Male,69,CLG0058,104,9.04,8.92,7,No,1,8,5,Yes
4483,10,88,Low,Medium,No,9,60,Medium,Yes,1,Low,Medium,Public,Positive,3,No,High School,Moderate,Female,63,CLG0032,106,9.04,9.17,8,Yes,0,1,2,No
4484,20,79,High,Medium,Yes,7,83,High,Yes,2,Medium,Medium,Public,Positive,2,No,High School,Moderate,Female,69,CLG0072,109,7.27,7.35,9,Yes,1,5,0,No
4485,18,74,Medium,Medium,No,6,56,Medium,Yes,1,Medium,Medium,Private,Positive,3,No,College,Moderate,Male,64,CLG0007,101,7.32,7.22,2,No,2,8,2,No
4486,20,76,Medium,High,Yes,7,86,Medium,Yes,2,Medium,Medium,Public,Negative,5,No,High School,Near,Female,68,CLG0041,125,5.67,6.13,2,No,4,3,4,No
4487,25,69,High,Low,Yes,5,68,Medium,Yes,2,High,High,Public,Positive,4,No,College,Far,Male,68,CLG0076,75,8.71,8.83,7,No,8,3,3,No
4488,22,65,Low,Medium,Yes,6,74,High,Yes,2,Medium,Medium,Public,Positive,1,No,College,Near,Male,65,CLG0095,100,9.18,8.86,6,No,2,6,4,No
4489,13,61,Medium,Low,Yes,8,85,Medium,Yes,4,Low,Medium,Private,Neutral,3,No,College,Moderate,Male,61,CLG0029,101,6.35,6.67,8,No,0,6,0,No
4490,14,87,Medium,Medium,No,6,76,Medium,Yes,1,Low,Medium,Private,Positive,4,No,College,Far,Female,66,CLG0048,111,8.9,9.31,8,No,1,1,5,Yes
4491,22,70,High,Medium,Yes,7,81,Low,Yes,3,Medium,Medium,Public,Neutral,2,No,Postgraduate,Moderate,Female,68,CLG0042,85,9.31,9.45,1,No,4,1,3,No
4492,26,68,Medium,Medium,No,8,63,Medium,Yes,2,Low,High,Public,Positive,3,No,High School,Near,Male,66,CLG0074,107,5.25,5.51,5,Yes,7,10,5,No
4493,19,61,Medium,High,Yes,8,95,High,Yes,4,Medium,Medium,Private,Positive,3,No,College,Near,Male,68,CLG0062,96,5.36,5.69,3,Yes,1,7,1,No
4494,26,98,Low,Medium,Yes,6,73,Medium,Yes,2,Low,Low,Public,Negative,3,No,High School,Near,Female,70,CLG0044,105,7.2,7.09,4,No,2,10,2,No
4495,20,84,High,Medium,Yes,6,79,Medium,Yes,3,Medium,Medium,Public,Negative,3,No,College,Moderate,Male,69,CLG0039,83,8.49,8.95,1,No,2,3,4,No
4496,5,69,Medium,Medium,Yes,8,77,Medium,No,2,Low,High,Public,Negative,2,No,College,Near,Female,60,CLG0081,101,9.27,9.03,9,Yes,10,10,3,Yes
4497,26,73,High,High,Yes,8,83,Low,Yes,2,Medium,Medium,Public,Positive,4,No,College,Near,Male,71,CLG0090,97,5.09,5.39,5,No,3,5,3,No
4498,11,61,Low,Medium,Yes,7,90,High,Yes,0,Medium,High,Public,Neutral,3,No,High School,Near,Female,61,CLG0059,90,6.23,6.27,9,Yes,10,5,1,No
4499,17,86,High,Medium,Yes,7,59,Low,Yes,3,Low,Medium,Public,Positive,3,No,Postgraduate,Moderate,Male,68,CLG0091,91,7.28,7.29,7,Yes,3,10,2,No
4500,17,80,Medium,Medium,Yes,5,92,Medium,Yes,0,Low,Medium,Private,Negative,4,No,Postgraduate,Near,Female,67,CLG0007,110,9.8,9.44,2,No,6,1,1,No
4501,27,78,High,Medium,No,7,61,Medium,No,1,Low,Medium,Public,Negative,3,No,High School,Moderate,Female,66,CLG0040,91,6.05,5.8,3,No,4,2,3,No
4502,28,73,Medium,Low,No,7,62,Medium,Yes,3,High,Medium,Public,Neutral,3,No,Postgraduate,Moderate,Female,68,CLG0044,102,7.96,7.62,2,Yes,9,8,0,No
4503,19,66,Low,Medium,No,6,72,Medium,Yes,2,Low,Medium,Public,Negative,5,No,High School,Near,Male,62,CLG0003,116,9.74,9.94,10,No,0,9,4,Yes
4504,17,78,Medium,Medium,Yes,9,65,Low,Yes,1,Medium,High,Public,Neutral,4,No,High School,Moderate,Female,65,CLG0077,92,7.41,6.92,10,No,5,8,4,No
4505,30,68,Medium,High,No,7,59,Medium,Yes,3,Low,Medium,Public,Positive,3,No,College,Moderate,Male,68,CLG0037,134,7.34,7.82,10,No,9,6,3,No
4506,27,61,Medium,Medium,No,6,79,Medium,Yes,1,Low,Medium,Public,Positive,3,No,High School,Moderate,Male,65,CLG0020,128,9.88,9.63,7,No,3,4,2,Yes
4507,31,66,Low,High,Yes,8,80,Low,Yes,0,Low,Low,Private,Negative,4,No,High School,Near,Female,65,CLG0010,78,9.45,9.93,2,No,1,6,5,No
4508,12,61,Medium,Medium,Yes,7,81,Medium,Yes,2,High,Medium,Public,Neutral,3,No,College,Far,Male,62,CLG0081,97,9.53,9.98,6,No,4,8,5,Yes
4509,25,87,High,Medium,Yes,8,83,Medium,Yes,0,Medium,High,Private,Positive,4,No,College,Moderate,Male,72,CLG0057,99,5.52,5.36,2,No,9,8,0,No
4510,24,60,Medium,Medium,Yes,10,60,Low,Yes,3,Low,High,Private,Neutral,2,No,Postgraduate,Near,Female,65,CLG0007,94,9.92,9.63,10,No,7,8,2,Yes
4511,19,80,High,Low,No,6,63,Low,Yes,1,Low,Medium,Public,Neutral,3,No,High School,Near,Male,64,CLG0032,91,7.08,6.87,4,No,3,1,1,No
4512,16,74,High,High,Yes,8,56,Low,Yes,1,Low,Medium,Private,Positive,2,No,High School,Near,Female,65,CLG0067,100,6.24,6.47,2,No,10,10,4,No
4513,18,72,Medium,Medium,No,8,71,Low,Yes,2,High,Medium,Public,Positive,4,No,Postgraduate,Near,Male,66,CLG0025,103,8.11,7.83,2,No,2,9,5,No
4514,34,65,Medium,Medium,Yes,6,62,High,Yes,0,Medium,High,Public,Negative,3,No,High School,Near,Male,67,CLG0077,121,9.84,10.29,4,No,4,10,5,Yes
4515,22,99,Medium,Medium,No,10,98,Low,Yes,1,Medium,Medium,Private,Neutral,1,No,College,Near,Male,72,CLG0072,113,5.7,5.79,7,Yes,5,10,4,Yes
4516,14,82,Medium,Medium,Yes,4,67,Medium,Yes,1,High,Medium,Public,Neutral,4,No,High School,Moderate,Female,65,CLG0036,82,7.11,7.36,2,No,4,9,5,No
4517,24,93,High,Medium,Yes,8,96,Medium,Yes,0,Medium,Medium,Public,Positive,1,No,Postgraduate,Moderate,Male,73,CLG0025,100,5.69,5.4,6,Yes,7,2,3,No
4518,22,83,High,High,Yes,6,94,Medium,Yes,0,High,Medium,Public,Neutral,2,No,College,Moderate,Male,71,CLG0008,111,7.32,7.64,10,Yes,8,2,4,No
4519,14,73,Medium,High,Yes,9,82,Medium,Yes,1,Medium,Medium,Public,Negative,3,No,High School,Near,Female,64,CLG0044,97,9.18,9.59,8,No,9,6,1,No
4520,16,66,Medium,Low,No,9,84,High,Yes,3,Low,Low,Public,Positive,4,No,High School,Near,Female,63,CLG0028,82,6.95,6.84,2,No,7,5,2,No
4521,15,65,Medium,High,Yes,6,55,Low,Yes,2,Medium,Medium,Private,Positive,3,No,High School,Near,Female,63,CLG0097,96,7.66,7.72,3,Yes,9,10,5,No
4522,30,80,High,High,No,6,54,High,Yes,1,High,Medium,Public,Positive,3,No,High School,Moderate,Female,71,CLG0006,103,6.8,6.34,6,No,2,4,0,No
4523,23,80,Medium,Medium,No,7,67,Low,Yes,2,Low,High,Public,Neutral,4,No,High School,Near,Male,67,CLG0055,92,9.42,9.35,4,No,9,9,3,Yes
4524,20,77,Medium,Medium,No,6,87,Low,Yes,0,Low,High,Public,Positive,4,No,High School,Near,Female,66,CLG0004,92,5.38,5.57,2,No,8,3,4,No
4525,26,67,Low,High,Yes,6,81,High,Yes,4,Low,High,Public,Neutral,3,Yes,College,Near,Male,68,CLG0065,104,5.36,5.1,9,Yes,0,4,5,No
4526,15,75,High,Medium,No,8,85,Medium,Yes,1,Low,High,Public,Neutral,3,No,High School,Near,Male,65,CLG0059,80,9.5,9.82,10,No,4,7,5,No
4527,9,82,Medium,Medium,Yes,8,72,Medium,Yes,2,Medium,Medium,Private,Positive,3,No,Postgraduate,Near,Male,66,CLG0026,98,7.34,7.79,2,Yes,2,5,2,No
4528,27,63,Medium,High,No,6,98,Low,Yes,0,Medium,Medium,Private,Negative,3,No,High School,Near,Female,66,CLG0089,97,9.07,8.58,7,Yes,8,8,5,Yes
4529,16,82,Low,High,Yes,8,73,Low,Yes,3,Low,High,Public,Positive,1,No,College,Near,Male,67,CLG0034,112,8.37,8.44,10,No,1,9,4,Yes
4530,23,78,High,Low,Yes,6,93,Medium,Yes,0,Medium,High,Private,Positive,5,No,Postgraduate,Near,Male,70,CLG0049,90,9.8,9.51,2,Yes,1,3,3,No
4531,16,79,High,Low,Yes,6,95,Medium,Yes,0,High,Medium,Public,Neutral,5,No,College,Near,Male,68,CLG0082,128,7.93,7.79,6,No,4,8,5,Yes
4532,28,82,Medium,High,No,7,71,Low,Yes,1,Medium,High,Public,Neutral,3,No,High School,Near,Male,70,CLG0089,100,8.38,8.86,10,Yes,9,1,3,No
4533,22,73,Low,Medium,No,5,79,Medium,Yes,4,Medium,Low,Public,Negative,1,No,Postgraduate,Moderate,Female,65,CLG0071,105,9.73,10.09,5,Yes,8,5,3,No
4534,11,88,High,High,Yes,7,61,Low,Yes,2,Medium,Medium,Public,Neutral,3,No,Postgraduate,Near,Male,68,CLG0058,105,6.45,6.03,10,No,3,8,3,No
4535,16,71,Medium,Medium,No,8,51,Medium,Yes,0,Low,Medium,Public,Negative,2,No,Postgraduate,Far,Female,61,CLG0070,91,6.94,6.55,5,No,9,2,1,No
4536,12,94,Medium,Low,Yes,9,89,Medium,Yes,1,Low,Low,Private,Negative,3,No,High School,Near,Male,66,CLG0085,128,9.7,9.55,4,No,6,2,5,Yes
4537,17,69,Medium,Medium,Yes,7,54,High,Yes,1,High,Low,Public,Neutral,2,No,High School,Near,Male,63,CLG0010,98,7.89,7.78,7,No,6,10,0,No
4538,9,80,Medium,High,No,7,91,Low,Yes,1,Medium,Medium,Public,Neutral,3,No,College,Near,Female,65,CLG0055,117,6.49,6.99,9,No,1,2,2,No
4539,34,82,Medium,High,Yes,9,87,High,Yes,3,Low,Medium,Public,Positive,4,No,High School,Near,Female,75,CLG0021,110,9.21,9.3,6,No,0,4,5,No
4540,29,97,High,Medium,No,7,86,Medium,Yes,0,Medium,Medium,Public,Positive,3,No,College,Near,Female,74,CLG0005,98,5.07,4.82,7,Yes,7,8,2,No
4541,39,90,High,High,No,8,92,High,Yes,2,Medium,High,Private,Neutral,1,No,High School,Near,Female,78,CLG0037,95,5.47,5.5,6,No,1,6,2,No
4542,30,97,High,Medium,Yes,6,72,High,Yes,1,Low,High,Public,Positive,2,No,High School,Far,Female,74,CLG0012,97,7.38,7.81,6,No,1,6,3,No
4543,25,63,Medium,Low,No,6,89,High,Yes,1,Medium,High,Private,Neutral,4,No,High School,Moderate,Male,65,CLG0054,109,9.96,10.42,10,No,3,4,0,No
4544,11,94,High,Low,Yes,10,61,Medium,Yes,1,Medium,Low,Public,Neutral,3,No,College,Moderate,Male,66,CLG0007,73,8.27,8.11,6,No,0,6,3,No
4545,29,87,Medium,High,Yes,10,93,High,Yes,1,Low,Medium,Public,Neutral,4,No,High School,Moderate,Male,72,CLG0018,77,8.31,8.72,1,Yes,5,5,1,No
4546,25,99,Low,Medium,No,10,70,Medium,Yes,1,Medium,Medium,Public,Positive,5,No,College,Far,Female,71,CLG0019,88,9.99,9.63,8,Yes,5,2,0,No
4547,19,82,Medium,High,Yes,7,57,Medium,Yes,1,Medium,Medium,Public,Neutral,3,No,High School,Near,Male,67,CLG0026,88,8.91,8.63,4,No,1,6,1,No
4548,15,98,Medium,Medium,Yes,7,89,Low,No,2,Low,Low,Public,Neutral,3,No,College,Moderate,Male,68,CLG0098,102,5.68,6.11,9,No,9,3,4,No
4549,27,89,Medium,Low,No,4,67,Medium,Yes,2,Low,Low,Private,Neutral,4,No,College,Near,Female,69,CLG0058,94,6.41,5.94,7,Yes,8,2,0,No
4550,19,89,Medium,High,No,9,92,High,Yes,5,Medium,Medium,Private,Positive,3,No,Postgraduate,Near,Male,74,CLG0088,96,8.39,8.31,8,No,7,1,4,No
4551,18,81,Medium,Medium,No,8,65,Low,Yes,2,Low,Medium,Public,Neutral,4,No,Postgraduate,Near,Male,66,CLG0075,119,5.38,4.89,5,Yes,4,9,2,Yes
4552,28,97,Medium,Medium,Yes,7,88,High,Yes,2,Medium,Medium,Public,Neutral,2,No,High School,Moderate,Male,74,CLG0054,96,9.35,9.8,5,No,5,3,4,No
4553,19,88,Low,Medium,Yes,5,68,High,Yes,1,Low,Low,Public,Positive,5,No,High School,Moderate,Male,67,CLG0072,131,8.08,8.23,9,No,5,5,4,Yes
4554,26,67,Low,Medium,Yes,5,62,High,Yes,0,Medium,Medium,Public,Negative,2,No,High School,Moderate,Male,63,CLG0040,95,7.44,7.14,1,No,9,7,3,No
4555,24,67,Medium,Medium,No,10,64,Low,Yes,1,Low,Medium,Public,Positive,2,Yes,College,Far,Female,62,CLG0074,101,5.16,4.78,9,No,0,7,1,No
4556,18,65,High,Medium,Yes,6,63,High,Yes,1,Low,Medium,Public,Negative,2,No,High School,Far,Male,62,CLG0021,98,5.54,5.86,7,Yes,10,5,1,No
4557,18,74,High,Medium,Yes,6,69,Medium,Yes,0,Low,Medium,Public,Positive,4,No,High School,Moderate,Male,65,CLG0022,84,9.86,9.4,10,No,2,3,4,No
4558,23,69,Medium,Medium,Yes,6,58,High,Yes,0,Medium,Medium,Public,Neutral,1,No,Postgraduate,Near,Female,65,CLG0095,97,7.13,6.71,1,No,9,6,1,No
4559,20,74,Medium,Medium,Yes,8,51,High,Yes,2,Medium,Medium,Public,Negative,3,No,College,Near,Male,65,CLG0087,83,7.36,6.89,2,No,6,1,5,No
4560,8,72,Low,Medium,Yes,5,72,Medium,Yes,3,High,Low,Private,Positive,4,No,High School,Near,Female,62,CLG0079,92,5.89,6.34,4,No,10,2,2,No
4561,21,89,Low,Medium,No,7,76,Medium,Yes,3,High,Medium,Public,Positive,2,No,High School,Far,Female,68,CLG0058,110,7.68,7.87,2,No,3,9,0,No
4562,26,66,High,High,Yes,5,82,Medium,Yes,1,Low,Medium,Public,Neutral,3,No,High School,Near,Female,68,CLG0004,89,9.33,9.36,9,Yes,7,1,5,No
4563,28,80,High,High,No,5,64,Medium,Yes,1,Low,Medium,Private,Neutral,2,No,Postgraduate,Moderate,Female,70,CLG0004,97,9.91,9.93,5,Yes,1,5,3,No
4564,28,100,High,Low,Yes,6,72,Medium,Yes,1,Low,Medium,Public,Negative,2,No,Postgraduate,Near,Female,73,CLG0063,71,6.28,5.9,5,No,6,8,0,No
4565,29,77,Medium,Medium,No,7,52,Medium,Yes,5,Low,Medium,Public,Positive,4,No,College,Near,Female,70,CLG0030,102,5.1,5.04,3,No,8,7,5,No
4566,18,94,Medium,Medium,Yes,8,51,Medium,Yes,0,High,Medium,Public,Positive,3,Yes,College,Moderate,Female,67,CLG0072,78,7.25,7.29,5,No,8,2,3,No
4567,18,78,High,High,Yes,6,61,Low,Yes,1,Low,Medium,Private,Positive,5,No,High School,Near,Male,67,CLG0071,111,7.15,7.15,10,Yes,5,3,1,No
4568,14,97,Medium,Medium,Yes,6,66,Medium,Yes,2,Medium,Medium,Public,Negative,3,Yes,College,Near,Female,67,CLG0041,77,9.4,8.96,10,Yes,1,2,3,No
4569,16,66,Medium,Medium,Yes,6,100,Medium,Yes,1,Medium,Medium,Public,Neutral,3,No,High School,Moderate,Female,64,CLG0062,118,6.01,6.46,8,Yes,9,10,2,Yes
4570,14,90,High,Medium,Yes,8,57,Medium,Yes,0,Medium,Medium,Public,Positive,3,Yes,College,Moderate,Male,66,CLG0069,114,9.21,9.41,4,Yes,10,8,5,Yes
4571,18,64,Medium,Medium,Yes,6,83,High,Yes,2,Low,Medium,Public,Positive,2,No,College,Near,Male,65,CLG0067,113,9.56,9.62,4,Yes,3,2,4,Yes
4572,23,88,Medium,Low,Yes,7,52,Medium,Yes,0,Medium,Low,Public,Neutral,4,No,High School,Near,Male,67,CLG0009,112,8.05,8.35,8,No,3,9,2,Yes
4573,17,84,Low,High,No,6,85,Medium,Yes,1,Medium,Low,Public,Positive,2,No,College,Near,Female,67,CLG0061,103,6.78,6.99,5,No,8,3,2,No
4574,22,61,Low,Low,Yes,6,82,Low,Yes,4,Medium,Medium,Public,Positive,4,No,High School,Moderate,Female,64,CLG0017,62,8.94,8.75,7,No,9,5,2,No
4575,25,65,High,Low,Yes,8,85,Medium,Yes,2,Low,Medium,Public,Negative,3,No,Postgraduate,Near,Female,66,CLG0005,101,8.31,8.49,7,No,3,5,2,No
4576,12,91,Medium,Low,Yes,8,81,Low,Yes,0,Low,Low,Public,Positive,4,No,High School,Moderate,Male,64,CLG0025,108,6.0,5.67,3,Yes,5,2,1,No
4577,9,77,Low,High,Yes,7,83,Medium,Yes,1,Low,High,Private,Neutral,4,Yes,High School,Far,Male,62,CLG0071,119,8.6,8.48,5,No,2,2,1,No
4578,20,80,Low,High,No,8,81,Medium,Yes,3,Medium,Medium,Private,Negative,4,No,Postgraduate,Near,Male,69,CLG0069,88,5.27,4.79,6,Yes,5,3,2,No
4579,24,90,Medium,Medium,Yes,6,97,Low,Yes,1,High,High,Public,Positive,4,No,High School,Near,Male,72,CLG0055,85,6.6,6.8,3,Yes,0,1,3,No
4580,19,98,Low,High,Yes,7,68,Medium,Yes,1,Low,Medium,Private,Neutral,4,No,High School,Moderate,Female,69,CLG0064,82,5.81,6.03,8,No,7,7,2,No
4581,18,89,Medium,Medium,Yes,6,52,Medium,Yes,3,High,High,Public,Positive,3,No,High School,Moderate,Female,69,CLG0082,87,6.29,6.35,8,No,9,8,0,No
4582,19,97,High,Medium,Yes,6,66,High,Yes,2,Medium,Medium,Private,Positive,2,No,College,Moderate,Female,72,CLG0069,120,5.57,5.47,3,No,9,6,0,No
4583,12,84,High,High,Yes,6,71,Medium,No,2,Medium,Medium,Public,Positive,3,No,College,Moderate,Male,67,CLG0010,132,5.75,5.95,9,Yes,2,8,2,Yes
4584,30,69,Medium,Medium,No,8,92,Medium,Yes,2,Medium,Low,Public,Neutral,3,No,High School,Near,Female,68,CLG0045,102,7.6,7.95,6,No,8,1,5,No
4585,11,79,High,High,Yes,5,99,Medium,Yes,1,High,Low,Public,Positive,3,No,High School,Near,Female,68,CLG0069,102,8.13,8.2,9,Yes,4,8,0,No
4586,12,65,Medium,High,No,7,71,Medium,Yes,1,Low,High,Public,Neutral,4,No,High School,Moderate,Male,62,CLG0085,117,5.92,5.49,9,No,1,7,2,No
4587,15,99,Low,Medium,Yes,8,94,Medium,Yes,2,Medium,Medium,Private,Neutral,3,No,Postgraduate,Near,Male,71,CLG0039,94,6.79,6.36,2,Yes,8,1,2,No
4588,17,64,High,High,Yes,6,92,Medium,Yes,0,Medium,Medium,Private,Positive,1,No,Postgraduate,Near,Male,66,CLG0086,80,5.35,5.7,4,Yes,6,7,2,No
4589,19,67,Low,Medium,Yes,8,98,Medium,Yes,2,Low,Medium,Private,Negative,2,No,Postgraduate,Near,Female,64,CLG0027,112,5.93,6.04,5,No,3,9,3,Yes
4590,20,72,Medium,Medium,No,9,90,Low,Yes,1,Medium,Medium,Private,Neutral,2,No,Postgraduate,Moderate,Male,65,CLG0070,116,7.34,6.91,2,No,10,10,5,Yes
4591,18,89,Medium,Low,No,8,76,High,Yes,0,Low,Medium,Public,Positive,2,No,High School,Near,Male,67,CLG0048,64,7.16,6.94,9,No,3,5,3,No
4592,14,60,Medium,Low,Yes,7,89,Low,Yes,2,Medium,Medium,Public,Neutral,3,No,High School,Moderate,Male,60,CLG0080,82,6.65,6.6,3,No,6,7,2,No
4593,24,84,High,High,No,9,93,Medium,Yes,3,High,Medium,Public,Neutral,4,No,High School,Far,Male,72,CLG0002,115,7.83,7.49,3,No,5,7,3,No
4594,20,66,Medium,Medium,Yes,6,55,Low,Yes,1,High,High,Public,Negative,3,No,Postgraduate,Moderate,Female,64,CLG0038,102,9.11,8.85,5,No,9,1,4,No
4595,26,64,High,Low,Yes,8,74,Low,Yes,3,Medium,High,Public,Neutral,2,No,High School,Near,Male,66,CLG0007,100,9.23,9.34,3,Yes,9,7,0,No
4596,24,68,Low,Low,No,6,67,High,No,0,Low,High,Private,Positive,3,Yes,High School,Far,Female,60,CLG0008,102,8.09,8.08,9,Yes,2,6,4,No
4597,26,76,Low,Medium,Yes,6,77,Medium,Yes,1,Medium,Medium,Private,Neutral,5,No,High School,Near,Male,68,CLG0070,84,5.23,4.83,7,Yes,4,3,2,No
4598,22,78,Medium,Medium,Yes,5,91,Low,Yes,0,Medium,High,Private,Negative,3,No,Postgraduate,Near,Male,68,CLG0009,87,9.93,10.37,8,Yes,1,9,3,Yes
4599,11,63,Medium,Medium,Yes,10,100,High,Yes,0,Medium,Medium,Public,Neutral,3,No,High School,Far,Female,61,CLG0006,88,8.93,9.22,9,Yes,1,4,3,No
4600,32,68,Medium,Low,No,8,97,High,Yes,1,Low,Medium,Public,Positive,2,No,High School,Near,Male,68,CLG0050,109,7.98,8.43,2,Yes,1,4,2,No
4601,28,69,Low,Medium,No,8,77,Medium,Yes,3,Medium,Medium,Public,Neutral,4,No,College,Moderate,Female,67,CLG0034,126,7.53,7.29,2,No,0,6,1,No
4602,16,77,Medium,Low,Yes,8,54,Medium,No,0,Medium,Medium,Public,Negative,3,No,Postgraduate,Near,Male,62,CLG0039,63,8.06,8.23,10,No,3,8,1,No
4603,20,89,Medium,High,No,8,67,Medium,Yes,2,Low,High,Public,Neutral,2,Yes,College,Near,Male,69,CLG0037,93,7.76,8.01,2,No,8,8,2,Yes
4604,31,96,High,Medium,Yes,4,59,Medium,Yes,3,Low,Medium,Private,Neutral,5,No,High School,Near,Female,75,CLG0004,66,8.37,7.88,6,No,3,3,5,No
4605,43,86,High,Medium,Yes,7,97,Medium,Yes,2,Medium,High,Public,Positive,1,No,High School,Near,Female,78,CLG0022,82,5.81,5.64,4,No,5,4,2,No
4606,11,94,Medium,Low,Yes,8,66,High,No,1,High,Low,Public,Neutral,4,No,High School,Near,Female,65,CLG0012,101,8.89,8.74,1,No,5,7,1,No
4607,24,90,Medium,Medium,No,7,58,Medium,Yes,2,Low,Medium,Private,Neutral,2,No,Postgraduate,Near,Male,70,CLG0070,75,7.95,8.33,9,Yes,0,4,2,No
4608,7,77,Low,Medium,Yes,7,53,High,Yes,4,Low,Medium,Private,Positive,2,No,College,Moderate,Female,62,CLG0089,99,6.07,6.26,10,No,4,8,5,No
4609,26,71,High,Medium,Yes,6,51,Low,No,1,High,Medium,Private,Positive,3,No,Postgraduate,Moderate,Male,67,CLG0082,98,7.03,6.94,9,No,7,4,4,No
4610,26,61,Medium,Medium,Yes,8,69,High,Yes,2,Medium,High,Public,Positive,3,No,High School,Near,Male,66,CLG0041,125,8.31,8.43,1,No,7,3,3,Yes
4611,12,79,Low,High,No,6,55,Medium,Yes,1,Low,High,Private,Neutral,4,No,College,Far,Female,62,CLG0017,99,9.6,9.72,6,Yes,0,5,0,No
4612,24,71,High,Medium,Yes,9,90,Low,Yes,3,Medium,High,Private,Neutral,3,No,College,Near,Male,69,CLG0096,105,6.74,6.77,4,No,1,4,2,No
4613,17,80,Medium,Medium,No,6,81,Medium,Yes,1,Medium,High,Public,Neutral,1,No,College,Far,Male,65,CLG0073,114,7.53,7.11,1,Yes,3,4,1,No
4614,37,73,Medium,High,Yes,6,71,Medium,Yes,0,High,High,Public,Positive,5,No,High School,Moderate,Male,72,CLG0015,120,6.26,5.8,8,No,5,8,2,Yes
4615,12,90,Medium,High,No,6,61,Low,Yes,2,Medium,High,Public,Neutral,3,No,College,Near,Male,67,CLG0096,124,7.54,7.59,6,Yes,1,1,1,No
4616,8,86,Medium,High,No,6,50,High,Yes,1,Medium,Medium,Public,Positive,2,No,College,Near,Male,65,CLG0029,102,5.54,5.19,7,No,6,6,1,No
4617,32,96,Medium,Low,Yes,7,97,Low,Yes,1,Low,Medium,Public,Neutral,5,No,College,Moderate,Male,73,CLG0021,87,8.05,8.04,6,No,7,10,2,Yes
4618,18,68,Medium,Medium,Yes,8,76,High,Yes,2,High,Medium,Public,Neutral,3,No,Postgraduate,Near,Male,66,CLG0003,111,9.02,8.82,5,No,6,8,4,Yes
4619,21,64,High,Low,Yes,7,83,High,Yes,2,Low,Low,Public,Neutral,3,No,High School,Moderate,Female,64,CLG0019,101,5.36,5.8,3,Yes,2,3,3,No
4620,11,68,Medium,High,Yes,8,85,High,No,2,Medium,Medium,Public,Negative,2,No,College,Near,Male,63,CLG0026,96,7.45,7.11,10,No,5,3,4,No
4621,26,68,Medium,High,No,8,96,High,Yes,1,Medium,High,Public,Neutral,2,No,High School,Near,Male,69,CLG0030,115,5.68,6.01,8,No,7,1,1,No
4622,20,61,Medium,Low,Yes,7,70,Low,Yes,1,Medium,Medium,Private,Positive,4,No,High School,Moderate,Female,62,CLG0058,104,9.39,9.12,1,Yes,9,7,4,No
4623,24,72,High,High,No,6,78,High,Yes,0,Low,High,Public,Negative,6,No,High School,Near,Female,68,CLG0038,104,5.6,5.85,10,No,5,6,5,No
4624,19,74,Medium,High,No,9,82,High,Yes,2,Low,Medium,Private,Neutral,3,No,High School,Moderate,Male,66,CLG0032,69,5.84,5.65,6,Yes,9,5,3,No
4625,10,76,Low,Medium,Yes,8,76,Medium,Yes,2,High,High,Private,Positive,3,Yes,Postgraduate,Moderate,Male,64,CLG0045,97,8.62,8.62,4,No,7,5,4,No
4626,23,89,Medium,Low,No,7,82,Medium,Yes,2,High,High,Public,Positive,1,No,College,Near,Male,70,CLG0066,83,8.53,8.61,6,Yes,7,8,3,Yes
4627,31,100,Medium,Medium,No,7,59,Medium,Yes,2,High,High,Public,Positive,5,No,Postgraduate,Moderate,Male,76,CLG0062,134,7.81,7.43,10,No,1,1,5,No
4628,16,80,High,Medium,Yes,8,98,High,Yes,2,Medium,High,Private,Positive,4,No,Postgraduate,Near,Male,71,CLG0028,106,9.18,9.67,3,Yes,7,9,3,Yes
4629,21,75,Low,High,Yes,7,79,Medium,Yes,0,Low,Medium,Public,Neutral,2,No,High School,Near,Male,65,CLG0024,108,8.96,8.87,9,No,3,7,0,No
4630,19,90,High,Low,No,7,81,Medium,Yes,4,High,High,Public,Neutral,4,Yes,College,Near,Female,71,CLG0011,107,6.11,6.54,10,No,7,7,2,No
4631,16,97,Medium,Medium,No,7,87,Medium,Yes,1,High,Medium,Public,Neutral,3,No,High School,Near,Female,70,CLG0077,88,7.7,8.11,5,Yes,1,7,5,No
4632,21,60,High,Medium,No,7,80,Medium,Yes,0,Medium,High,Public,Neutral,4,Yes,College,Near,Male,64,CLG0010,82,5.25,4.79,7,No,3,2,1,No
4633,23,82,Medium,Medium,No,9,69,Medium,Yes,0,High,Medium,Public,Positive,3,No,High School,Near,Female,68,CLG0081,108,6.61,6.61,2,Yes,10,4,1,No
4634,19,85,Medium,Medium,Yes,7,98,High,Yes,2,Medium,Medium,Public,Negative,3,Yes,High School,Moderate,Female,68,CLG0091,96,6.9,6.46,3,Yes,9,5,0,No
4635,12,85,Medium,High,Yes,6,82,Medium,Yes,1,High,Medium,Public,Neutral,2,No,High School,Far,Male,66,CLG0090,93,5.11,4.85,4,No,6,10,3,No
4636,13,66,High,Medium,Yes,6,71,Medium,Yes,3,Medium,Medium,Public,Neutral,3,No,High School,Near,Male,64,CLG0047,96,6.82,6.53,8,No,7,8,2,No
4637,17,84,Low,High,No,7,85,High,Yes,0,Medium,Medium,Private,Positive,2,No,College,Moderate,Male,67,CLG0078,100,6.14,5.89,7,Yes,9,7,3,No
4638,25,67,High,Medium,Yes,6,65,Medium,Yes,1,Low,Medium,Public,Negative,3,No,High School,Near,Male,65,CLG0051,113,8.01,8.19,7,Yes,4,2,2,Yes
4639,19,64,Low,Medium,No,8,59,Low,Yes,2,Medium,Medium,Public,Negative,4,No,College,Moderate,Female,61,CLG0060,82,9.12,8.76,2,Yes,0,10,3,Yes
4640,20,98,Medium,Medium,No,9,71,Medium,Yes,0,Low,Medium,Public,Negative,4,No,College,Moderate,Male,69,CLG0010,104,9.5,9.6,8,Yes,8,9,2,Yes
4641,16,93,Medium,Low,Yes,8,51,Medium,Yes,3,Low,Medium,Public,Neutral,2,No,College,Near,Male,67,CLG0078,100,5.21,5.0,3,Yes,3,7,4,No
4642,7,74,High,Medium,No,10,69,High,Yes,1,High,Medium,Public,Positive,4,No,High School,Near,Male,64,CLG0068,102,7.21,7.37,8,No,2,2,5,No
4643,23,91,High,Low,Yes,8,58,Medium,Yes,0,Medium,Medium,Public,Positive,2,No,High School,Far,Male,68,CLG0090,105,9.91,9.7,7,No,7,1,3,No
4644,29,97,Medium,Medium,No,8,58,Medium,Yes,1,High,Medium,Private,Negative,4,No,College,Moderate,Female,72,CLG0034,73,7.3,7.41,6,No,8,4,2,No
4645,20,80,High,Low,Yes,5,74,Medium,Yes,2,Low,Low,Public,Negative,4,No,College,Moderate,Female,66,CLG0098,88,8.33,8.43,10,Yes,6,3,3,No
4646,24,68,Low,High,No,7,51,Medium,Yes,0,Low,Low,Private,Neutral,4,No,High School,Near,Female,63,CLG0072,97,9.44,9.78,8,Yes,5,4,4,No
4647,26,93,Low,High,No,6,87,Medium,Yes,1,Medium,High,Public,Positive,3,No,College,Near,Female,73,CLG0080,93,5.62,5.36,8,Yes,5,10,0,No
4648,14,96,Low,High,Yes,9,64,High,Yes,2,Low,High,Public,Neutral,3,No,Postgraduate,Moderate,Male,69,CLG0090,76,8.6,8.86,5,Yes,10,7,1,No
4649,15,80,Medium,Medium,Yes,7,57,Low,Yes,1,Low,Medium,Private,Negative,4,No,High School,Near,Male,63,CLG0094,118,5.46,5.27,4,No,7,2,5,No
4650,25,76,Medium,Medium,Yes,5,89,High,Yes,3,Medium,High,Public,Neutral,3,No,High School,Far,Female,69,CLG0049,94,7.73,7.83,7,Yes,2,10,3,No
4651,15,83,High,Medium,Yes,10,84,Medium,Yes,1,High,High,Public,Negative,2,No,College,Near,Male,68,CLG0046,109,7.35,7.08,9,Yes,8,1,1,No
4652,22,73,Medium,Low,No,8,77,Medium,Yes,1,High,Medium,Public,Neutral,3,No,High School,Far,Male,64,CLG0066,106,8.21,8.06,1,Yes,5,5,4,No
4653,15,64,Low,Low,Yes,9,84,Low,Yes,0,Medium,Medium,Public,Neutral,3,No,College,Far,Male,59,CLG0011,100,8.87,8.89,4,Yes,0,9,2,Yes
4654,14,81,Low,Medium,No,8,71,Low,Yes,1,Low,High,Public,Neutral,3,Yes,Postgraduate,Near,Female,63,CLG0071,104,8.32,8.04,3,Yes,4,6,4,No
4655,23,91,Medium,High,Yes,7,75,Low,Yes,2,Low,High,Public,Negative,2,No,High School,Far,Male,69,CLG0072,100,5.73,5.52,10,Yes,8,1,1,No
4656,28,70,High,High,Yes,8,97,Medium,Yes,5,Low,Low,Public,Negative,5,Yes,High School,Near,Male,70,CLG0066,119,5.18,5.53,6,Yes,10,3,2,No
4657,31,84,Medium,Medium,Yes,9,87,Medium,Yes,2,Low,Medium,Private,Neutral,3,No,College,Far,Male,71,CLG0069,113,5.54,5.49,5,No,8,4,1,No
4658,25,85,Medium,Medium,No,8,58,Medium,Yes,2,Medium,High,Public,Neutral,4,No,College,Near,Male,70,CLG0098,124,9.19,8.75,8,Yes,2,6,2,Yes
4659,22,73,Low,Medium,No,6,58,High,Yes,1,Medium,Medium,Private,Positive,3,No,Postgraduate,Moderate,Male,65,CLG0079,98,9.66,9.47,5,Yes,7,4,4,No
4660,21,82,Medium,Medium,No,5,95,Medium,Yes,3,Low,Low,Public,Positive,4,No,High School,Near,Female,68,CLG0025,101,7.02,6.91,7,No,4,2,3,No
4661,13,77,Medium,High,Yes,7,63,Low,Yes,0,High,Low,Public,Positive,1,No,High School,Moderate,Male,63,CLG0057,93,9.66,9.73,9,Yes,0,3,0,No
4662,16,67,Medium,High,No,7,89,High,Yes,3,Low,Medium,Public,Positive,3,No,College,Near,Male,66,CLG0051,123,7.66,7.46,6,Yes,3,2,3,No
4663,8,78,High,Medium,Yes,7,84,Medium,Yes,0,Medium,Medium,Public,Positive,2,No,College,Near,Male,65,CLG0014,114,9.36,9.16,2,No,6,9,4,Yes
4664,20,80,Low,Medium,Yes,5,89,Medium,Yes,0,High,High,Public,Neutral,3,No,Postgraduate,Far,Male,67,CLG0006,80,8.98,8.84,3,No,1,3,0,No
4665,23,82,Low,Medium,Yes,8,54,Medium,Yes,0,Medium,High,Public,Negative,1,No,High School,Near,Female,65,CLG0027,92,6.02,6.18,1,Yes,0,8,5,No
4666,31,85,Medium,Medium,Yes,9,71,Low,Yes,0,Medium,High,Public,Negative,2,Yes,College,Moderate,Female,69,CLG0065,108,8.53,8.51,5,Yes,1,3,3,No
4667,20,89,Medium,Medium,Yes,4,58,Medium,Yes,1,Medium,Medium,Public,Positive,3,No,High School,Far,Female,67,CLG0094,76,6.44,6.76,6,Yes,4,4,3,No
4668,14,68,Low,Medium,Yes,6,85,Medium,Yes,2,Medium,Medium,Public,Neutral,3,No,High School,Near,Female,63,CLG0059,105,7.04,7.08,3,No,3,9,1,No
4669,18,68,Low,High,No,8,96,Medium,Yes,1,High,Medium,Public,Neutral,3,No,High School,Moderate,Male,65,CLG0052,82,7.26,7.69,5,Yes,8,5,1,No
4670,14,79,High,Medium,No,5,81,High,Yes,3,High,Medium,Public,Negative,3,No,High School,Near,Female,67,CLG0012,91,9.96,9.68,2,No,8,8,5,Yes
4671,27,60,High,High,No,6,53,Low,Yes,3,Low,Low,Private,Positive,2,No,High School,Moderate,Female,65,CLG0073,98,6.4,6.43,1,No,8,1,4,No
4672,16,66,Low,Medium,Yes,8,87,High,Yes,3,Medium,Medium,Public,Positive,2,No,High School,Moderate,Female,64,CLG0082,119,9.43,9.82,9,No,1,6,0,No
4673,24,87,Low,Medium,No,6,78,High,Yes,0,Low,Low,Public,Neutral,2,Yes,Postgraduate,Near,Male,67,CLG0078,94,8.09,8.18,1,No,2,4,0,No
4674,18,88,High,Medium,No,6,68,Low,Yes,0,Medium,High,Public,Neutral,4,No,High School,Far,Female,67,CLG0039,84,8.46,8.24,10,Yes,5,4,5,No
4675,28,73,High,Medium,Yes,6,71,Medium,Yes,0,Medium,High,Private,Positive,2,No,College,Moderate,Female,69,CLG0022,85,8.27,8.54,4,Yes,0,2,2,No
4676,21,83,High,Low,Yes,7,89,Low,No,0,Low,Low,Public,Neutral,2,No,College,Moderate,Female,65,CLG0021,93,9.9,9.47,4,No,3,1,4,No
4677,11,80,Medium,Medium,Yes,6,96,Low,Yes,1,Low,High,Public,Neutral,3,No,High School,Near,Male,65,CLG0070,107,8.97,9.43,6,No,10,1,1,No
4678,24,88,Low,Medium,Yes,5,70,Medium,No,1,Low,Medium,Private,Positive,2,No,Postgraduate,Near,Male,68,CLG0037,94,5.62,5.17,2,Yes,1,3,2,No
4679,25,76,Medium,High,No,8,53,High,Yes,1,High,High,Public,Positive,3,Yes,High School,Far,Female,67,CLG0019,96,5.96,6.19,4,No,5,10,1,No
4680,12,72,Medium,Medium,No,6,50,High,Yes,1,Low,Medium,Public,Positive,3,No,College,Near,Male,62,CLG0078,95,5.82,6.11,6,No,10,8,1,No
4681,22,98,Medium,High,Yes,5,79,Medium,No,2,High,Medium,Public,Neutral,5,No,High School,Moderate,Male,72,CLG0025,99,5.25,4.94,7,Yes,6,3,2,No
4682,26,93,High,High,Yes,6,94,Low,Yes,1,Medium,High,Public,Negative,2,No,High School,Near,Female,74,CLG0071,85,8.59,9.04,4,No,3,2,5,No
4683,21,92,High,Medium,Yes,4,85,Low,Yes,1,High,Medium,Public,Negative,3,No,High School,Far,Male,69,CLG0076,86,9.49,9.43,4,No,5,5,0,No
4684,16,73,Medium,Medium,Yes,6,75,High,Yes,3,Medium,Medium,Public,Positive,3,No,High School,Moderate,Female,66,CLG0094,83,8.62,8.82,4,No,2,7,1,No
4685,7,97,Low,High,No,6,97,Medium,Yes,3,Medium,High,Private,Positive,2,No,College,Moderate,Female,69,CLG0075,133,6.67,7.0,9,No,5,5,1,No
4686,22,77,Low,Medium,Yes,8,68,Medium,Yes,3,High,High,Public,Positive,4,No,High School,Moderate,Male,68,CLG0069,131,6.36,6.82,9,No,7,9,4,Yes
4687,24,96,Medium,Medium,Yes,7,77,Low,No,0,Low,Medium,Public,Negative,2,Yes,High School,Near,Female,67,CLG0013,113,9.31,9.46,7,No,7,9,5,Yes
4688,9,64,Medium,Medium,No,5,73,Medium,Yes,1,Medium,Medium,Public,Positive,4,No,College,Near,Male,61,CLG0071,54,9.07,9.27,7,Yes,5,7,4,No
4689,13,93,Low,Low,Yes,4,53,High,Yes,1,Medium,Low,Public,Positive,1,No,Postgraduate,Near,Male,65,CLG0088,105,9.04,9.4,6,No,10,8,3,Yes
4690,20,65,High,Medium,No,6,88,Medium,Yes,0,Medium,High,Public,Negative,4,Yes,High School,Near,Male,64,CLG0039,91,5.39,5.18,8,No,6,2,5,No
4691,20,92,Medium,Low,No,7,67,Low,Yes,1,Medium,Medium,Public,Positive,5,No,High School,Near,Male,68,CLG0004,114,6.04,5.89,4,Yes,6,8,4,Yes
4692,16,70,Medium,High,Yes,8,50,High,Yes,3,High,Medium,Private,Neutral,3,No,Postgraduate,Far,Male,65,CLG0040,93,7.73,7.97,2,No,1,6,0,No
4693,25,81,Low,Medium,Yes,8,59,Low,Yes,3,Low,Medium,Public,Positive,4,No,College,Near,Male,68,CLG0024,119,9.99,10.12,1,No,7,5,2,Yes
4694,19,97,Medium,Low,Yes,10,51,High,Yes,3,Low,High,Public,Neutral,4,No,College,Far,Female,69,CLG0045,103,7.13,6.99,10,Yes,10,10,5,No
4695,18,98,Medium,Low,No,9,51,Medium,Yes,1,High,Medium,Public,Neutral,4,No,College,Near,Male,68,CLG0072,107,7.84,7.4,3,No,1,6,3,No
4696,17,79,Medium,Medium,Yes,7,80,Low,Yes,1,High,High,Public,Positive,3,No,College,Near,Female,67,CLG0012,122,8.87,8.43,6,No,1,5,4,Yes
4697,34,63,Medium,High,Yes,9,83,Medium,Yes,2,Medium,High,Public,Negative,2,No,College,Moderate,Male,69,CLG0047,81,9.33,9.3,9,No,5,9,0,No
4698,18,76,Medium,High,No,5,56,Medium,Yes,1,Low,Low,Public,Negative,2,No,College,Moderate,Male,63,CLG0036,108,7.08,6.97,2,Yes,8,2,5,No
4699,24,67,Medium,High,Yes,6,87,Low,Yes,0,Medium,Medium,Public,Positive,4,No,College,Near,Male,67,CLG0070,120,9.31,9.04,1,No,5,2,1,No
4700,21,62,High,High,No,8,73,Medium,Yes,2,High,Medium,Private,Negative,2,No,College,Near,Female,66,CLG0081,102,8.98,9.37,4,No,9,3,4,No
4701,15,90,Medium,Medium,No,5,70,Medium,Yes,0,Medium,Medium,Private,Neutral,2,No,High School,Moderate,Male,65,CLG0008,93,8.92,8.62,5,Yes,7,2,0,No
4702,19,72,Medium,Medium,Yes,5,85,High,Yes,1,Low,Medium,Private,Neutral,4,No,College,Near,Female,66,CLG0015,59,9.3,9.16,4,No,3,5,1,No
4703,9,93,High,Low,Yes,6,72,Low,Yes,1,Medium,Medium,Public,Positive,2,No,College,Near,Female,66,CLG0042,104,9.88,9.91,3,No,5,7,3,No
4704,11,87,Low,Medium,No,8,57,High,Yes,0,Low,Medium,Public,Negative,2,No,High School,Moderate,Male,62,CLG0024,109,6.25,6.52,7,No,9,6,5,No
4705,11,92,High,Medium,Yes,8,82,High,Yes,4,Medium,Medium,Private,Negative,2,No,Postgraduate,Near,Female,70,CLG0100,92,5.13,5.5,7,No,6,9,1,No
4706,20,98,Low,High,Yes,7,83,Medium,No,0,Low,Medium,Public,Neutral,3,No,High School,Far,Female,68,CLG0060,117,8.15,8.24,9,Yes,7,8,1,Yes
4707,29,76,Medium,High,Yes,8,59,Medium,Yes,4,Low,High,Public,Neutral,2,No,Postgraduate,Near,Male,71,CLG0010,81,7.87,8.19,5,Yes,5,4,1,No
4708,27,86,High,Medium,Yes,8,67,High,Yes,5,High,High,Public,Positive,2,Yes,Postgraduate,Near,Female,75,CLG0057,67,7.32,6.97,4,No,10,9,2,No
4709,25,81,Medium,Medium,No,4,60,Medium,Yes,2,Medium,Medium,Private,Neutral,3,No,High School,Near,Male,68,CLG0069,103,5.04,5.17,10,Yes,3,5,5,No
4710,29,68,Medium,Low,No,6,70,Low,Yes,0,Medium,Medium,Public,Negative,2,No,Postgraduate,Near,Male,64,CLG0064,85,8.08,7.9,7,No,2,4,3,No
4711,21,71,Medium,Medium,Yes,10,55,Low,Yes,1,Medium,Medium,Public,Negative,4,No,High School,Moderate,Female,63,CLG0013,99,7.68,7.83,1,No,2,3,2,No
4712,29,78,High,Medium,Yes,9,66,Medium,Yes,2,Low,Medium,Public,Neutral,4,No,High School,Moderate,Male,69,CLG0099,100,9.93,9.99,8,No,8,6,5,No
4713,16,64,High,Low,No,9,88,Medium,Yes,1,Medium,High,Public,Positive,3,No,High School,Near,Male,64,CLG0049,91,9.67,9.41,3,Yes,6,6,3,No
4714,21,82,Medium,Medium,Yes,10,60,High,Yes,3,High,High,Public,Positive,4,No,High School,Near,Female,70,CLG0012,80,5.4,5.18,4,No,4,10,2,No
4715,12,98,Low,Medium,No,7,63,Medium,Yes,0,High,Medium,Private,Neutral,3,Yes,High School,Near,Female,65,CLG0088,116,5.82,5.67,3,No,7,7,3,No
4716,21,66,High,Medium,Yes,7,56,Medium,Yes,1,Low,Medium,Private,Neutral,4,No,Postgraduate,Moderate,Male,65,CLG0030,72,9.49,9.85,8,Yes,2,9,5,Yes
4717,21,79,Medium,Low,Yes,8,78,Low,Yes,1,Low,High,Public,Positive,4,No,College,Moderate,Female,66,CLG0040,108,8.52,8.51,7,No,0,10,3,Yes
4718,18,100,Medium,Medium,No,6,88,Medium,Yes,2,Medium,Medium,Public,Neutral,2,No,College,Moderate,Male,71,CLG0011,104,5.13,5.54,4,No,5,5,3,No
4719,20,98,Medium,High,Yes,4,73,Medium,Yes,2,Medium,Low,Private,Positive,1,No,High School,Far,Male,70,CLG0050,111,7.02,6.91,8,No,1,10,2,Yes
4720,21,77,Medium,Low,Yes,5,96,High,Yes,2,Low,High,Private,Neutral,5,No,High School,Near,Female,68,CLG0066,112,8.52,8.73,10,Yes,0,9,0,Yes
4721,21,94,Medium,Low,Yes,7,64,Low,Yes,2,Medium,Medium,Private,Neutral,2,No,High School,Near,Male,68,CLG0075,120,8.05,7.72,8,No,4,4,4,No
4722,32,91,High,Medium,Yes,4,66,Medium,Yes,3,Low,High,Public,Neutral,2,No,Postgraduate,Near,Female,75,CLG0021,104,7.16,7.08,4,No,9,4,3,No
4723,21,73,Low,Medium,Yes,9,60,High,Yes,2,Medium,Medium,Public,Positive,3,No,College,Near,Male,66,CLG0072,82,8.53,8.79,2,No,4,8,0,No
4724,26,71,High,Low,Yes,4,83,Low,Yes,1,Medium,Medium,Public,Negative,3,No,College,Moderate,Male,66,CLG0048,85,5.05,4.84,10,No,1,4,3,No
4725,30,78,Medium,High,Yes,8,84,Medium,Yes,1,High,Low,Private,Negative,1,No,College,Near,Male,71,CLG0066,113,6.79,6.78,6,No,6,6,5,No
4726,20,64,Medium,Low,Yes,6,73,High,Yes,3,Medium,High,Public,Negative,5,No,Postgraduate,Far,Female,65,CLG0016,90,5.13,5.41,4,No,10,9,0,No
4727,15,83,Medium,Medium,No,7,97,Medium,Yes,2,Low,High,Private,Neutral,2,No,High School,Near,Female,97,CLG0028,92,8.87,8.4,4,No,6,10,3,Yes
4728,19,76,High,Low,Yes,9,78,Low,Yes,1,Low,Medium,Public,Negative,1,No,Postgraduate,Near,Female,65,CLG0036,97,6.81,6.34,10,Yes,4,5,0,No
4729,13,61,Low,Medium,Yes,8,84,High,No,1,Medium,High,Public,Neutral,3,Yes,Postgraduate,Far,Male,60,CLG0085,92,5.44,5.29,6,No,8,4,2,No
4730,27,95,Medium,Medium,No,5,66,Low,Yes,3,Medium,Medium,Public,Neutral,4,No,High School,Near,Male,72,CLG0068,109,7.01,7.3,9,No,6,8,5,No
4731,25,73,Low,Medium,Yes,5,79,Medium,Yes,1,Low,Medium,Private,Neutral,5,No,High School,Moderate,Female,65,CLG0060,102,5.74,5.62,4,Yes,0,4,5,No
4732,15,68,Medium,High,No,5,95,High,Yes,1,Medium,Medium,Private,Positive,2,Yes,College,Near,Female,64,CLG0053,113,5.85,5.94,2,No,7,6,3,No
4733,21,62,High,Low,Yes,7,58,Medium,Yes,2,Low,High,Public,Positive,1,No,College,Near,Female,64,CLG0007,90,6.37,6.85,5,Yes,8,9,4,No
4734,23,79,High,High,Yes,6,54,Low,Yes,1,Low,Medium,Public,Neutral,1,No,High School,Moderate,Male,67,CLG0046,108,7.81,7.47,4,No,6,5,4,No
4735,22,60,High,Medium,Yes,8,89,Medium,Yes,2,Medium,High,Private,Neutral,4,No,College,Moderate,Male,66,CLG0033,73,8.04,7.64,7,Yes,3,3,2,No
4736,36,90,Medium,High,Yes,5,68,Low,Yes,1,Low,High,Public,Positive,2,No,High School,Moderate,Male,74,CLG0088,125,9.85,10.12,10,No,4,9,1,Yes
4737,25,91,Medium,Medium,No,8,74,High,Yes,1,Medium,High,Private,Positive,3,No,College,Moderate,Male,71,CLG0011,102,9.08,9.42,3,No,8,9,3,Yes
4738,16,90,Medium,Medium,No,4,58,Medium,Yes,1,Low,Medium,Public,Neutral,3,No,High School,Moderate,Female,66,CLG0055,78,7.76,8.24,5,No,6,3,3,No
4739,27,95,Medium,High,No,8,88,High,Yes,3,Medium,Medium,Private,Positive,2,No,High School,Far,Female,74,CLG0051,94,5.31,4.82,3,No,1,8,0,No
4740,22,76,Medium,Medium,Yes,6,71,Medium,Yes,0,Low,High,Private,Neutral,2,No,High School,Moderate,Male,65,CLG0002,111,7.36,7.47,1,Yes,7,7,0,No
4741,22,65,Low,Medium,No,7,97,Low,Yes,2,Medium,High,Private,Neutral,4,No,High School,Moderate,Female,64,CLG0020,112,5.71,5.44,10,No,6,3,2,No
4742,11,84,Medium,Low,Yes,6,59,Low,Yes,2,Medium,Medium,Public,Positive,3,No,High School,Near,Female,64,CLG0002,88,7.82,7.98,4,No,8,7,4,No
4743,22,81,Low,High,Yes,8,50,High,Yes,4,Medium,Medium,Private,Positive,5,No,High School,Far,Female,68,CLG0095,97,7.15,7.46,8,No,4,4,3,No
4744,19,92,Medium,Medium,Yes,5,85,Medium,Yes,1,Medium,High,Private,Neutral,4,No,High School,Near,Male,70,CLG0012,84,5.75,5.45,3,Yes,3,1,4,No
4745,25,97,Low,High,Yes,7,85,High,Yes,3,High,Medium,Public,Neutral,1,No,Postgraduate,Near,Male,75,CLG0010,104,7.64,7.39,4,No,6,4,1,No
4746,19,98,Medium,High,Yes,8,87,High,Yes,1,Medium,Medium,Private,Positive,4,No,Postgraduate,Moderate,Male,74,CLG0028,88,8.4,8.47,4,No,5,6,4,No
4747,11,84,Medium,Medium,Yes,7,85,High,Yes,3,Medium,Medium,Public,Neutral,4,No,College,Moderate,Female,67,CLG0056,107,6.33,6.31,3,Yes,9,3,0,No
4748,19,99,Medium,High,No,6,84,Medium,Yes,1,Medium,High,Public,Neutral,3,No,High School,Near,Male,72,CLG0001,70,7.05,7.03,9,Yes,5,4,4,No
4749,16,78,Medium,Low,No,7,85,Medium,Yes,4,Medium,Medium,Public,Neutral,2,Yes,High School,Near,Male,65,CLG0085,93,7.79,7.42,6,No,7,10,2,No
4750,21,74,High,Medium,No,6,94,Medium,Yes,1,Low,High,Public,Positive,1,No,High School,Near,Male,97,CLG0033,131,8.45,7.96,6,No,6,7,1,No
4751,12,94,Medium,High,Yes,7,91,Low,Yes,3,Medium,Medium,Private,Positive,3,No,Postgraduate,Near,Female,71,CLG0098,100,9.45,9.7,6,No,9,5,1,No
4752,32,68,Low,Medium,Yes,7,54,Medium,Yes,1,Low,Medium,Private,Neutral,1,No,Postgraduate,Near,Male,66,CLG0079,55,7.07,6.79,3,Yes,1,1,0,No
4753,12,67,High,High,No,6,76,High,Yes,1,Low,Medium,Public,Negative,2,No,High School,Moderate,Male,62,CLG0053,143,8.57,8.88,4,Yes,10,3,1,No
4754,23,82,Low,Medium,Yes,6,86,Medium,Yes,0,High,Medium,Public,Neutral,4,No,High School,Near,Male,68,CLG0059,100,8.84,9.13,5,No,8,2,5,No
4755,16,99,Low,Medium,Yes,9,55,Medium,Yes,1,High,Medium,Public,Neutral,3,Yes,College,Far,Female,67,CLG0090,112,8.44,8.63,3,No,2,9,3,Yes
4756,24,65,Medium,Low,No,7,64,Low,Yes,1,High,Medium,Public,Neutral,1,No,Postgraduate,Near,Male,64,CLG0026,94,7.88,7.56,5,No,0,5,2,No
4757,28,72,High,Medium,Yes,5,78,Low,No,5,Medium,Low,Private,Negative,2,No,College,Far,Male,67,CLG0074,87,6.73,6.25,9,Yes,3,4,1,No
4758,19,78,Medium,Medium,No,7,76,High,Yes,2,Medium,Low,Public,Neutral,3,No,College,Moderate,Female,66,CLG0074,112,7.43,7.35,7,No,3,1,5,No
4759,20,65,Medium,High,Yes,8,50,Medium,Yes,0,Low,Medium,Public,Positive,5,No,High School,Near,Male,64,CLG0069,87,7.8,8.15,3,No,0,3,2,No
4760,17,73,High,Medium,No,5,90,High,Yes,1,Low,Medium,Private,Positive,4,No,High School,Near,Male,67,CLG0076,90,6.43,6.45,1,No,4,1,1,No
4761,17,75,High,Medium,Yes,8,81,Low,Yes,3,High,Medium,Public,Neutral,3,Yes,Postgraduate,Near,Male,67,CLG0014,122,6.22,5.99,8,Yes,1,3,2,No
4762,20,71,Medium,Medium,Yes,5,75,Low,Yes,0,Medium,Medium,Private,Positive,4,No,High School,Near,Male,65,CLG0044,94,9.19,9.65,3,No,8,1,2,No
4763,18,72,High,High,Yes,8,95,Medium,Yes,1,Medium,Medium,Public,Negative,4,No,High School,Moderate,Male,67,CLG0058,89,6.64,7.04,9,No,6,9,3,No
4764,28,64,Medium,Medium,Yes,7,77,Medium,Yes,1,High,Medium,Public,Positive,2,No,High School,Near,Male,67,CLG0006,121,7.61,7.77,9,No,0,9,5,Yes
4765,23,74,Medium,Medium,No,4,67,Medium,Yes,3,High,Medium,Private,Negative,5,No,High School,Far,Male,66,CLG0065,103,5.66,5.83,1,No,3,7,0,No
4766,19,74,High,High,No,8,93,High,Yes,1,Medium,Medium,Public,Negative,3,No,High School,Near,Male,68,CLG0034,99,9.86,10.14,6,No,7,5,5,No
4767,11,69,Medium,Medium,No,5,93,Medium,Yes,0,Medium,High,Public,Negative,4,No,College,Near,Male,63,CLG0086,126,7.18,6.84,4,No,0,6,5,No
4768,23,74,Medium,High,Yes,6,76,Medium,Yes,0,Medium,High,Private,Negative,4,No,High School,Near,Male,67,CLG0002,78,8.75,8.51,6,No,3,4,2,No
4769,15,88,Medium,Medium,Yes,7,85,Medium,Yes,4,Medium,Medium,Private,Negative,2,No,Postgraduate,Near,Female,69,CLG0046,98,6.27,6.46,2,No,1,1,1,No
4770,13,96,Medium,Medium,No,10,51,Medium,Yes,1,Low,Low,Public,Positive,3,No,Postgraduate,Near,Female,67,CLG0085,101,7.7,7.67,5,No,4,9,1,No
4771,17,77,Medium,High,Yes,10,93,Low,Yes,3,High,High,Private,Positive,1,No,College,Far,Female,68,CLG0056,95,9.63,9.2,3,Yes,3,9,5,Yes
4772,23,85,Low,High,No,7,98,High,No,2,Low,Medium,Public,Negative,3,No,Postgraduate,Moderate,Female,69,CLG0067,110,6.91,7.23,6,Yes,10,10,1,No
4773,19,83,Low,Medium,No,7,78,High,No,2,Low,High,Public,Positive,4,No,Postgraduate,Moderate,Male,67,CLG0064,125,9.36,9.29,1,No,3,1,1,No
4774,17,76,Medium,Low,No,7,81,Low,Yes,4,High,Medium,Private,Neutral,2,No,High School,Near,Male,65,CLG0064,99,7.33,7.0,8,Yes,2,3,0,No
4775,25,69,High,Medium,Yes,9,98,Medium,Yes,1,Low,Medium,Public,Negative,3,Yes,College,Moderate,Female,66,CLG0051,98,5.7,5.61,4,No,3,5,3,No
4776,30,98,Medium,Low,Yes,9,93,Medium,Yes,1,Low,Low,Private,Positive,3,No,High School,Near,Male,88,CLG0059,94,9.67,10.06,10,No,9,5,3,No
4777,17,89,High,Low,Yes,9,79,Medium,No,0,Medium,Medium,Public,Positive,2,No,College,Near,Female,67,CLG0083,120,7.62,7.9,8,Yes,8,2,3,No
4778,15,67,Medium,High,Yes,6,74,High,Yes,0,High,Medium,Public,Positive,2,No,Postgraduate,Near,Female,66,CLG0069,85,9.7,10.02,9,No,2,4,2,No
4779,18,67,Low,High,Yes,7,87,Medium,Yes,5,Low,Low,Public,Positive,2,No,College,Near,Male,66,CLG0083,97,7.02,6.86,7,Yes,6,5,0,No
4780,8,97,High,Medium,Yes,10,70,High,Yes,0,Low,Low,Public,Neutral,1,No,High School,Near,Male,66,CLG0029,76,7.84,7.71,1,No,3,7,1,No
4781,29,82,High,High,No,5,95,Medium,Yes,2,Medium,High,Public,Neutral,3,No,College,Near,Male,74,CLG0015,72,8.41,8.75,7,No,5,10,0,No
4782,20,61,Low,High,Yes,8,78,Medium,Yes,0,Low,Medium,Private,Positive,5,No,High School,Near,Female,63,CLG0023,102,8.05,7.85,9,Yes,7,4,0,No
4783,19,64,Medium,High,No,8,94,Medium,Yes,3,Medium,High,Private,Neutral,3,Yes,Postgraduate,Near,Female,66,CLG0034,90,6.42,6.74,3,No,7,6,2,No
4784,13,91,Medium,Medium,Yes,8,74,Medium,Yes,1,Low,Medium,Private,Positive,1,No,Postgraduate,Near,Male,68,CLG0062,100,9.08,9.33,5,No,3,7,3,No
4785,24,99,Medium,Medium,Yes,5,99,Medium,Yes,0,Low,Medium,Public,Positive,3,No,High School,Moderate,Female,72,CLG0064,94,8.76,8.54,5,Yes,6,4,5,No
4786,25,97,Low,Medium,Yes,8,78,Medium,Yes,0,Medium,Medium,Public,Neutral,3,No,High School,Near,Male,70,CLG0073,106,9.06,8.91,5,No,4,10,2,Yes
4787,25,74,High,Medium,Yes,9,80,Medium,Yes,4,Medium,Medium,Public,Positive,3,No,College,Moderate,Female,71,CLG0071,78,6.09,6.32,4,Yes,10,7,0,No
4788,13,96,Medium,Medium,No,6,70,Medium,Yes,1,Low,High,Public,Neutral,3,No,College,Near,Female,68,CLG0009,128,6.36,5.87,5,Yes,3,1,4,No
4789,20,62,High,Medium,Yes,7,91,Low,Yes,1,Medium,Low,Public,Negative,3,No,College,Near,Male,64,CLG0040,70,7.25,7.54,5,No,10,8,1,No
4790,30,81,Medium,High,No,8,72,Low,Yes,0,Low,Medium,Public,Neutral,2,No,High School,Moderate,Male,68,CLG0031,112,5.45,5.35,10,No,0,10,3,Yes
4791,26,100,Low,Medium,No,9,60,Medium,Yes,2,Medium,Medium,Public,Positive,4,No,High School,Near,Male,72,CLG0050,87,7.65,7.42,2,No,7,3,2,No
4792,26,93,High,Medium,No,4,80,Medium,Yes,4,Low,Medium,Private,Positive,3,Yes,College,Near,Male,73,CLG0049,103,6.92,6.83,10,No,4,5,3,No
4793,21,66,Medium,Medium,Yes,5,70,Medium,Yes,1,Low,High,Private,Positive,5,No,High School,Near,Female,65,CLG0030,96,9.59,10.03,8,No,0,3,1,No
4794,16,67,Medium,High,Yes,4,87,High,Yes,5,High,High,Public,Positive,4,No,College,Near,Male,69,CLG0069,94,7.98,7.7,9,No,2,9,4,No
4795,20,66,Low,Medium,Yes,8,54,Medium,Yes,2,Medium,Low,Public,Positive,2,No,Postgraduate,Near,Male,63,CLG0050,103,6.02,5.78,2,No,3,4,1,No
4796,29,76,Medium,High,Yes,8,70,Low,No,1,Low,Low,Public,Neutral,4,No,College,Moderate,Female,67,CLG0035,82,9.2,8.95,2,Yes,3,9,5,Yes
4797,16,65,Medium,Medium,No,5,77,Medium,Yes,1,High,High,Public,Positive,3,No,High School,Moderate,Male,63,CLG0013,104,8.15,8.21,7,Yes,3,5,1,No
4798,23,93,Medium,Low,No,6,87,Medium,Yes,2,Medium,Medium,Private,Neutral,3,No,High School,Moderate,Male,70,CLG0012,102,6.69,7.09,5,No,7,6,5,No
4799,17,86,High,High,Yes,8,74,Medium,Yes,1,Low,High,Private,Neutral,4,No,College,Near,Male,70,CLG0098,103,6.85,6.6,8,No,3,4,3,No
4800,20,60,Medium,Medium,Yes,6,70,Medium,Yes,2,Low,Medium,Public,Neutral,3,Yes,Postgraduate,Near,Female,63,CLG0019,113,7.01,7.45,3,Yes,9,9,5,Yes
4801,24,93,Medium,High,No,5,62,Medium,Yes,1,Low,Medium,Public,Neutral,1,No,College,Near,Female,70,CLG0045,108,9.16,8.76,5,Yes,3,10,5,Yes
4802,12,95,Medium,Medium,No,4,87,Medium,Yes,0,Low,Medium,Public,Positive,3,No,High School,Moderate,Male,67,CLG0036,123,5.45,5.08,1,Yes,9,2,0,No
4803,16,93,Medium,Medium,Yes,8,58,Medium,Yes,1,High,High,Public,Positive,4,No,College,Near,Female,70,CLG0012,96,5.84,6.05,8,No,10,9,3,No
4804,26,86,Medium,Low,No,5,67,Medium,Yes,2,Low,High,Private,Positive,1,No,High School,Moderate,Female,68,CLG0070,116,7.72,7.74,1,No,1,7,3,No
4805,12,88,High,Medium,No,6,52,Low,No,1,Medium,High,Public,Negative,1,No,High School,Near,Male,63,CLG0063,89,9.65,9.42,1,No,9,9,4,Yes
4806,22,79,Low,Medium,No,10,57,Low,Yes,1,Medium,High,Public,Positive,2,No,High School,Near,Male,65,CLG0062,94,9.44,9.66,9,Yes,9,5,4,No
4807,7,79,Low,High,Yes,9,85,Medium,Yes,0,Medium,Medium,Public,Negative,2,No,High School,Near,Male,62,CLG0093,110,9.41,9.73,9,No,5,9,4,Yes
4808,22,66,Medium,High,No,4,95,Medium,Yes,1,Low,Low,Public,Neutral,5,No,College,Moderate,Male,65,CLG0066,87,5.04,5.26,7,Yes,0,2,0,No
4809,16,64,Medium,High,Yes,7,70,Medium,Yes,5,Low,Low,Public,Positive,4,No,High School,Moderate,Male,65,CLG0088,85,7.67,8.1,10,No,4,2,3,No
4810,24,90,Medium,Low,Yes,9,52,Low,Yes,0,Low,Medium,Public,Negative,3,Yes,College,Near,Female,65,CLG0100,82,5.79,5.48,10,Yes,6,4,4,No
4811,32,83,Medium,Medium,Yes,6,92,Low,Yes,1,High,Medium,Public,Neutral,3,No,High School,Near,Male,72,CLG0026,115,6.87,6.66,4,No,9,8,5,Yes
4812,15,87,High,Low,Yes,4,80,High,Yes,0,Low,Medium,Private,Positive,3,No,College,Near,Male,67,CLG0053,132,7.62,7.75,1,Yes,3,6,4,No
4813,24,68,Medium,Medium,Yes,5,91,High,Yes,1,High,Medium,Public,Negative,4,No,College,Near,Female,68,CLG0067,123,5.98,6.03,9,No,7,9,0,No
4814,16,61,Medium,High,No,6,92,High,Yes,4,High,High,Public,Neutral,3,No,High School,Near,Male,66,CLG0089,100,5.98,5.78,5,Yes,6,6,2,No
4815,24,63,Medium,Low,No,6,99,Low,No,0,Low,Medium,Public,Positive,3,No,High School,Moderate,Female,62,CLG0076,88,7.32,7.48,8,No,7,5,1,No
4816,20,89,Medium,High,Yes,7,84,Low,Yes,1,High,High,Public,Neutral,4,No,High School,Moderate,Male,70,CLG0058,108,6.36,6.85,4,Yes,4,5,1,No
4817,29,81,Low,Medium,Yes,9,51,Low,Yes,2,Medium,Medium,Public,Positive,5,No,Postgraduate,Near,Male,70,CLG0036,75,6.97,7.19,1,No,10,3,5,No
4818,9,75,Medium,Medium,No,7,54,Low,Yes,2,Low,Medium,Public,Positive,4,No,High School,Near,Female,61,CLG0089,78,7.19,6.71,9,No,4,5,2,No
4819,16,77,Low,High,Yes,6,76,Low,Yes,1,Low,Medium,Public,Neutral,1,No,Postgraduate,Moderate,Female,64,CLG0002,88,9.84,10.01,1,Yes,6,5,3,No
4820,17,65,Medium,Medium,Yes,5,96,Low,Yes,2,Medium,High,Public,Positive,3,No,College,Moderate,Male,65,CLG0071,77,6.86,6.91,7,No,6,10,0,No
4821,8,99,Medium,Medium,No,9,54,Low,Yes,2,Low,Medium,Public,Neutral,5,No,Postgraduate,Near,Female,67,CLG0025,103,8.34,8.72,1,No,0,9,4,Yes
4822,24,67,Low,High,No,8,84,High,Yes,0,Low,Medium,Public,Neutral,1,No,College,Near,Female,65,CLG0045,101,6.07,5.58,3,Yes,7,2,4,No
4823,20,72,Medium,High,Yes,7,56,Low,Yes,0,Low,Medium,Public,Negative,6,Yes,College,Moderate,Male,63,CLG0063,106,7.44,7.78,8,No,7,6,1,No
4824,21,94,High,Low,No,8,85,Medium,Yes,1,Medium,Medium,Public,Negative,4,No,College,Near,Male,70,CLG0091,107,5.53,5.93,5,Yes,2,2,5,No
4825,8,78,High,High,No,7,94,Low,Yes,1,High,High,Public,Neutral,3,Yes,High School,Near,Female,65,CLG0067,124,9.74,9.85,8,Yes,4,9,4,Yes
4826,21,72,Medium,Low,Yes,8,56,Medium,Yes,0,Low,Medium,Public,Neutral,4,No,High School,Near,Male,63,CLG0027,107,5.31,5.55,10,No,1,4,3,No
4827,20,90,High,Medium,No,8,70,Medium,Yes,0,Medium,Medium,Private,Neutral,3,No,High School,Moderate,Female,68,CLG0079,85,8.87,8.81,2,No,5,4,3,No
4828,28,84,High,High,Yes,9,76,High,Yes,0,High,Medium,Private,Negative,3,No,High School,Near,Male,72,CLG0057,96,6.05,6.32,1,No,8,1,0,No
4829,20,92,Medium,High,Yes,4,61,Medium,Yes,2,High,Medium,Public,Neutral,4,No,College,Near,Male,71,CLG0012,128,7.74,8.03,3,No,6,2,2,Yes
4830,21,95,High,Medium,Yes,6,66,High,Yes,1,Medium,High,Public,Positive,4,No,College,Near,Male,73,CLG0008,99,6.21,5.89,3,No,3,7,0,No
4831,16,93,Medium,Medium,Yes,8,55,Low,Yes,0,High,Medium,Public,Neutral,4,No,High School,Moderate,Male,67,CLG0063,129,9.54,9.48,6,No,10,9,2,Yes
4832,10,81,Medium,High,Yes,8,95,Medium,Yes,5,Low,High,Public,Positive,3,No,High School,Near,Female,69,CLG0052,94,9.27,9.37,6,No,10,2,0,No
4833,20,62,Medium,Medium,Yes,6,59,Low,Yes,3,Medium,Medium,Public,Positive,4,No,High School,Near,Male,64,CLG0060,103,8.3,8.33,6,Yes,2,6,5,No
4834,18,97,Medium,High,No,8,66,Low,Yes,2,Medium,Medium,Public,Neutral,2,No,College,Moderate,Male,70,CLG0041,110,7.52,7.78,5,No,9,6,0,No
4835,28,95,High,Medium,No,9,67,Low,Yes,2,Medium,Medium,Public,Neutral,3,No,High School,Near,Male,73,CLG0036,111,6.57,6.73,8,Yes,8,4,5,No
4836,20,84,Medium,Medium,No,6,85,Medium,Yes,0,Medium,Medium,Private,Positive,3,No,High School,Moderate,Male,67,CLG0088,93,7.32,6.85,8,No,8,2,4,No
4837,18,62,Medium,High,No,6,98,Low,Yes,3,Medium,Medium,Private,Neutral,1,No,College,Near,Male,65,CLG0068,97,7.61,8.05,6,Yes,4,2,0,No
4838,23,66,Medium,Low,Yes,8,73,High,Yes,2,High,Medium,Public,Positive,2,No,College,Near,Female,66,CLG0023,65,6.96,6.97,1,Yes,7,9,5,No
4839,20,90,Low,Medium,No,5,56,Medium,No,3,Medium,Medium,Public,Positive,2,No,High School,Moderate,Male,66,CLG0032,77,7.5,7.88,1,Yes,3,9,0,No
4840,15,65,High,Low,Yes,7,56,Medium,No,3,High,Medium,Private,Positive,3,Yes,High School,Near,Female,61,CLG0069,98,6.1,6.09,8,No,5,5,1,No
4841,19,80,Medium,Medium,Yes,5,100,Medium,Yes,0,Medium,Medium,Public,Neutral,3,No,High School,Near,Female,67,CLG0062,95,6.84,7.33,6,Yes,5,6,5,No
4842,18,82,Medium,Medium,No,7,88,Medium,Yes,3,Low,Medium,Public,Negative,3,No,College,Moderate,Female,67,CLG0028,89,8.62,8.22,1,No,1,7,1,No
4843,24,91,High,High,Yes,7,76,Medium,Yes,0,Medium,Medium,Private,Positive,2,No,High School,Moderate,Female,72,CLG0010,103,5.17,5.35,10,Yes,3,6,5,No
4844,28,94,Medium,High,Yes,6,65,High,Yes,1,Low,High,Public,Positive,1,No,High School,Near,Female,73,CLG0016,93,7.79,8.19,5,Yes,7,6,1,No
4845,25,85,High,Medium,No,6,78,Low,Yes,2,Medium,High,Public,Neutral,1,No,High School,Far,Female,69,CLG0008,101,5.81,5.4,1,Yes,8,9,2,No
4846,15,69,Medium,Medium,Yes,8,53,Low,No,0,High,Medium,Private,Negative,3,No,High School,Near,Male,60,CLG0021,118,8.82,8.73,10,Yes,0,2,3,Yes
4847,17,92,Medium,Low,Yes,8,90,High,Yes,1,High,Low,Public,Negative,3,No,High School,Near,Male,68,CLG0017,101,9.12,9.07,2,No,5,10,4,Yes
4848,13,82,Medium,Medium,Yes,7,88,Medium,Yes,0,Low,Medium,Public,Neutral,2,No,High School,Near,Female,65,CLG0022,107,7.36,7.61,9,Yes,6,6,1,No
4849,23,72,Medium,Medium,Yes,8,64,Low,Yes,1,Low,Medium,Public,Neutral,4,No,Postgraduate,Near,Female,66,CLG0022,98,5.18,5.37,4,No,3,2,5,No
4850,24,98,Medium,Medium,Yes,7,91,Medium,Yes,2,Medium,Medium,Public,Neutral,4,No,Postgraduate,Near,Male,74,CLG0025,78,6.23,6.5,7,No,3,3,1,No
4851,7,96,High,Medium,Yes,6,68,Medium,Yes,2,Low,High,Public,Neutral,1,No,High School,Near,Female,67,CLG0079,82,6.78,6.71,1,No,4,4,4,No
4852,17,87,High,Low,Yes,6,84,Medium,Yes,0,Medium,Medium,Public,Positive,3,No,College,Far,Male,67,CLG0056,108,9.71,9.38,2,Yes,9,1,5,No
4853,18,97,Low,Low,Yes,7,77,Medium,Yes,4,Low,Low,Private,Neutral,4,No,Postgraduate,Near,Male,69,CLG0064,103,5.15,5.04,6,Yes,10,7,5,No
4854,15,74,High,Medium,Yes,8,76,Medium,Yes,1,Medium,Low,Public,Neutral,4,No,High School,Far,Male,64,CLG0081,110,5.69,5.58,4,No,7,9,0,No
4855,26,100,High,Medium,Yes,6,79,High,Yes,1,Medium,High,Public,Positive,3,No,College,Moderate,Male,75,CLG0006,115,6.44,6.42,8,Yes,6,8,2,Yes
4856,21,69,Medium,Medium,No,7,66,High,Yes,1,Medium,Medium,Private,Neutral,4,No,High School,Far,Female,64,CLG0005,93,9.58,10.07,5,No,7,8,3,Yes
4857,25,79,Medium,Medium,Yes,7,64,Medium,Yes,0,Low,Medium,Public,Neutral,3,No,College,Far,Female,66,CLG0009,85,6.43,6.09,10,No,2,5,4,No
4858,17,64,Medium,Medium,Yes,6,60,Medium,Yes,1,Medium,Medium,Private,Positive,2,Yes,High School,Near,Male,61,CLG0073,116,8.61,8.51,4,No,1,1,5,Yes
4859,29,91,Medium,Medium,No,9,80,Low,Yes,0,Low,High,Public,Negative,4,No,High School,Near,Female,70,CLG0029,85,9.11,8.66,8,No,1,2,3,No
4860,14,89,Medium,Low,Yes,5,67,Low,No,3,Low,Low,Private,Neutral,3,No,High School,Far,Female,63,CLG0086,107,8.09,8.01,4,Yes,5,2,4,No
4861,26,67,Medium,High,Yes,7,51,Low,Yes,2,High,High,Private,Neutral,4,Yes,Postgraduate,Far,Female,66,CLG0003,114,6.67,7.01,5,No,2,7,2,No
4862,10,76,Medium,Low,No,6,76,Medium,Yes,1,High,High,Public,Negative,2,No,Postgraduate,Near,Male,80,CLG0070,94,8.73,9.22,8,Yes,0,4,5,No
4863,14,94,Medium,High,Yes,7,71,Medium,Yes,0,Medium,Medium,Private,Negative,3,Yes,College,Moderate,Female,67,CLG0086,132,7.44,7.73,5,Yes,3,6,1,No
4864,13,92,Medium,High,No,6,74,High,Yes,2,Low,Medium,Private,Neutral,2,No,College,Near,Male,68,CLG0068,105,9.91,9.87,2,No,4,6,5,No
4865,22,88,Medium,Medium,Yes,9,58,Low,Yes,3,Low,Medium,Private,Negative,2,No,College,Moderate,Male,68,CLG0086,104,8.83,8.77,7,No,3,2,2,No
4866,25,77,Low,Medium,Yes,7,71,Medium,Yes,0,Medium,Medium,Public,Negative,3,No,High School,Near,Female,66,CLG0019,86,9.48,9.64,4,No,10,3,5,No
4867,20,79,Medium,Medium,No,8,83,Medium,Yes,3,Low,Medium,Private,Neutral,4,No,College,Moderate,Male,67,CLG0014,120,8.04,7.82,1,No,4,5,1,No
4868,17,97,Medium,High,No,7,77,Medium,Yes,0,Low,Medium,Private,Negative,4,No,College,Far,Male,68,CLG0020,117,8.79,8.71,8,Yes,5,10,4,Yes
4869,21,79,Medium,Medium,Yes,7,99,Medium,Yes,2,Low,Medium,Public,Positive,2,No,Postgraduate,Near,Male,69,CLG0028,129,8.46,8.57,4,No,8,10,3,Yes
4870,30,97,High,High,No,5,70,Medium,Yes,0,High,Medium,Public,Positive,2,No,Postgraduate,Near,Male,76,CLG0077,95,6.39,6.86,10,No,9,7,0,No
4871,12,100,Medium,Medium,No,7,64,Medium,Yes,1,Medium,High,Public,Positive,6,No,High School,Near,Male,69,CLG0091,106,6.05,6.32,8,Yes,0,7,5,No
4872,19,91,Medium,High,No,7,57,Low,Yes,3,High,High,Public,Negative,3,No,High School,Moderate,Female,69,CLG0077,108,9.14,9.4,3,Yes,0,1,5,No
4873,17,67,Low,High,Yes,9,62,High,Yes,3,Medium,Medium,Public,Positive,3,No,High School,Near,Male,65,CLG0037,118,9.82,9.46,5,Yes,1,7,5,Yes
4874,33,74,Medium,Medium,Yes,6,88,Medium,Yes,2,Medium,Medium,Private,Neutral,3,No,College,Near,Male,71,CLG0094,106,8.51,8.27,7,No,2,2,0,No
4875,22,77,Low,Medium,Yes,5,84,Medium,No,3,High,Medium,Public,Positive,2,No,High School,Moderate,Male,66,CLG0014,107,7.05,6.58,10,No,6,2,4,No
4876,17,80,Low,High,No,8,88,Medium,No,4,Medium,High,Private,Neutral,4,No,College,Moderate,Male,68,CLG0016,87,7.56,7.86,3,No,6,4,5,No
4877,20,79,High,High,Yes,7,85,Low,Yes,2,Medium,Medium,Public,Neutral,2,No,College,Moderate,Male,69,CLG0054,107,5.53,5.26,4,Yes,1,7,0,No
4878,19,64,Low,Medium,No,8,62,Medium,Yes,0,High,Medium,Public,Positive,4,Yes,College,Near,Male,61,CLG0017,99,5.01,4.56,5,Yes,0,9,4,No
4879,14,96,Medium,High,Yes,4,97,Low,Yes,2,Medium,Medium,Public,Negative,3,No,High School,Near,Female,70,CLG0020,102,5.58,5.32,10,Yes,6,6,4,No
4880,7,84,Medium,High,No,7,67,Medium,Yes,1,Medium,Medium,Private,Neutral,3,No,College,Near,Male,64,CLG0086,86,9.74,9.76,7,Yes,8,2,1,No
4881,20,94,High,Medium,No,8,59,High,Yes,3,Medium,Medium,Public,Positive,4,No,High School,Near,Female,72,CLG0096,131,8.42,7.99,4,Yes,0,9,3,Yes
4882,15,82,Medium,Medium,Yes,10,75,Medium,Yes,1,High,Medium,Public,Negative,1,No,College,Near,Female,66,CLG0028,81,8.32,8.21,5,Yes,1,10,3,Yes
4883,28,74,Medium,Medium,Yes,9,96,Low,Yes,0,High,High,Private,Neutral,3,No,High School,Near,Female,69,CLG0027,115,7.86,8.01,10,No,1,8,2,Yes
4884,24,76,Low,High,No,8,83,Medium,Yes,1,High,Medium,Private,Positive,4,No,High School,Near,Female,69,CLG0010,83,6.14,6.21,3,Yes,1,4,2,No
4885,18,98,High,Medium,Yes,6,62,Low,Yes,3,Medium,High,Public,Positive,3,No,High School,Far,Female,71,CLG0044,96,9.5,9.78,10,No,3,6,1,No
4886,23,99,Medium,Medium,Yes,7,80,Low,Yes,3,Low,Low,Private,Neutral,2,No,High School,Near,Male,71,CLG0006,95,8.71,8.68,5,Yes,7,10,5,Yes
4887,23,82,Medium,High,No,6,83,Medium,Yes,2,Medium,Medium,Private,Positive,3,No,Postgraduate,Moderate,Male,71,CLG0047,104,5.6,5.11,1,Yes,2,6,0,No
4888,20,78,Medium,High,Yes,8,64,Medium,Yes,2,High,Medium,Private,Positive,2,No,High School,Moderate,Female,68,CLG0084,98,5.02,4.81,9,Yes,6,4,1,No
4889,32,83,Medium,Medium,Yes,9,74,Medium,Yes,3,Low,Medium,Public,Neutral,3,No,College,Moderate,Male,71,CLG0040,69,9.89,9.8,7,No,10,1,0,No
4890,21,96,Medium,High,No,7,63,Medium,Yes,1,Medium,Medium,Private,Negative,2,No,Postgraduate,Far,Female,70,CLG0067,109,7.76,7.27,1,Yes,4,10,2,No
4891,8,89,Medium,High,Yes,7,81,Low,Yes,4,Low,Medium,Public,Neutral,3,No,College,Near,Male,67,CLG0084,112,7.23,7.44,9,Yes,8,7,3,No
4892,16,74,Medium,High,No,9,80,Low,Yes,0,Medium,Medium,Public,Negative,5,No,High School,Near,Male,64,CLG0013,77,5.23,5.24,7,Yes,10,4,4,No
4893,12,96,Low,High,Yes,8,62,Medium,Yes,2,Medium,High,Public,Negative,3,No,College,Near,Female,68,CLG0033,119,5.35,5.55,1,No,9,10,0,No
4894,30,67,Medium,High,No,6,52,Medium,Yes,1,Low,Medium,Public,Neutral,1,No,High School,Near,Female,66,CLG0013,96,8.87,8.52,7,No,1,2,2,No
4895,18,94,Low,Medium,Yes,8,52,Medium,Yes,1,Medium,Medium,Private,Positive,4,No,College,Near,Female,68,CLG0086,87,9.34,9.47,4,No,0,1,5,No
4896,16,67,Medium,High,No,8,90,High,Yes,1,High,Low,Public,Neutral,4,No,High School,Near,Male,65,CLG0066,84,9.93,10.12,6,No,2,7,4,No
4897,14,85,Medium,Low,Yes,5,53,Medium,Yes,4,Medium,Medium,Public,Neutral,3,No,High School,Near,Male,65,CLG0056,95,7.42,7.43,3,No,8,8,2,No
4898,20,86,Medium,Low,Yes,7,53,Medium,Yes,1,Low,High,Public,Negative,2,No,High School,Near,Male,65,CLG0020,66,6.38,6.62,2,No,6,8,2,No
4899,23,100,Medium,Medium,No,6,65,Low,Yes,1,Medium,High,Public,Neutral,2,Yes,High School,Near,Female,70,CLG0051,147,9.16,9.36,10,No,7,10,4,Yes
4900,24,92,Medium,Medium,Yes,5,55,Medium,No,1,Medium,Medium,Public,Neutral,4,No,College,Near,Male,69,CLG0063,44,5.14,4.72,8,Yes,9,9,1,No
4901,23,62,High,Low,No,5,87,Medium,Yes,1,High,Low,Private,Positive,3,No,High School,Near,Male,65,CLG0092,101,9.71,9.8,3,No,9,4,3,No
4902,19,99,High,Medium,Yes,6,100,Medium,Yes,1,Low,Medium,Private,Positive,1,No,High School,Moderate,Male,72,CLG0033,127,7.48,7.8,7,No,8,6,5,No
4903,17,86,Medium,High,No,7,98,Medium,Yes,2,Low,High,Public,Positive,5,No,Postgraduate,Moderate,Male,71,CLG0094,105,5.42,5.02,1,No,1,2,0,No
4904,19,66,High,Low,No,9,99,Medium,Yes,1,Medium,Medium,Public,Positive,3,No,College,Near,Male,66,CLG0058,115,7.73,7.85,7,Yes,7,3,4,No
4905,24,95,Medium,High,Yes,8,77,Low,Yes,1,Low,Medium,Public,Positive,3,Yes,High School,Near,Male,71,CLG0024,137,7.75,7.56,4,Yes,9,1,2,No
4906,23,84,Medium,High,Yes,7,73,Medium,Yes,1,High,Medium,Public,Positive,4,No,High School,Near,Male,71,CLG0001,97,6.84,6.94,6,Yes,9,5,2,No
4907,28,89,High,High,No,8,82,Medium,Yes,0,Medium,Medium,Public,Negative,3,No,Postgraduate,Far,Male,72,CLG0041,117,6.41,6.23,7,No,6,6,2,No
4908,20,68,High,Medium,Yes,7,85,Medium,Yes,1,Medium,Medium,Public,Neutral,3,No,College,Far,Male,65,CLG0079,92,7.04,6.99,10,No,6,8,5,No
4909,18,90,Medium,High,Yes,9,69,Medium,Yes,1,High,High,Private,Positive,3,No,College,Moderate,Female,71,CLG0003,105,9.98,10.13,1,No,5,7,3,No
4910,14,82,Medium,High,Yes,8,94,Low,Yes,2,Low,High,Public,Negative,5,No,College,Far,Female,67,CLG0068,123,9.2,9.09,5,No,1,9,5,Yes
4911,26,68,High,Low,Yes,10,70,Medium,Yes,1,Low,Medium,Public,Positive,3,No,College,Near,Male,67,CLG0037,135,9.76,9.63,8,No,9,6,2,Yes
4912,21,75,Medium,Low,Yes,7,82,Medium,Yes,1,Medium,Medium,Public,Negative,4,No,High School,Near,Male,65,CLG0090,112,5.24,5.26,3,No,6,4,5,No
4913,16,78,Medium,High,No,6,83,Medium,Yes,0,Low,Low,Public,Neutral,3,Yes,College,Near,Male,64,CLG0074,115,5.96,5.53,4,No,4,8,0,No
4914,8,77,Medium,Low,Yes,7,90,Low,Yes,1,Medium,Medium,Public,Neutral,0,No,High School,Moderate,Male,61,CLG0044,63,7.89,7.62,7,No,8,10,0,No
4915,21,73,High,Medium,No,7,98,High,Yes,0,High,High,Public,Positive,4,Yes,Postgraduate,Near,Male,69,CLG0052,93,8.68,9.11,8,No,8,8,3,Yes
4916,13,84,Medium,Medium,Yes,9,51,High,Yes,0,Low,Medium,Public,Negative,4,No,High School,Near,Female,64,CLG0065,107,9.86,9.47,9,No,10,3,0,No
4917,11,78,Medium,Low,Yes,7,98,Low,Yes,2,Medium,Medium,Public,Neutral,3,No,High School,Near,Female,64,CLG0034,90,6.0,5.59,1,No,8,10,4,No
4918,21,89,Low,Medium,Yes,9,85,Low,Yes,1,Medium,Medium,Public,Negative,5,No,College,Far,Female,68,CLG0053,118,5.35,5.51,5,No,4,7,1,No
4919,6,98,Medium,Low,No,8,75,Medium,Yes,1,High,Medium,Public,Neutral,3,Yes,Postgraduate,Far,Female,64,CLG0071,72,8.73,8.58,7,Yes,8,5,0,No
4920,10,100,Low,Medium,No,5,93,Low,Yes,2,Medium,Low,Public,Neutral,1,No,High School,Far,Female,65,CLG0057,104,6.04,5.67,1,No,7,1,4,No
4921,19,87,High,High,No,8,77,Low,Yes,3,Low,Medium,Private,Neutral,4,No,High School,Moderate,Male,69,CLG0053,66,7.57,7.45,8,No,9,6,5,No
4922,23,64,High,Medium,Yes,9,72,Medium,Yes,0,Low,High,Public,Positive,3,No,College,Near,Male,66,CLG0057,81,5.33,5.61,1,No,5,1,5,No
4923,17,80,Low,Medium,Yes,9,64,Medium,Yes,1,Low,Medium,Private,Positive,4,No,Postgraduate,Far,Female,65,CLG0070,91,6.42,6.65,8,No,1,10,2,No
4924,33,61,High,Medium,No,6,92,Medium,Yes,1,Medium,Medium,Public,Positive,4,No,High School,Near,Female,69,CLG0069,113,8.15,8.04,6,No,8,6,4,Yes
4925,17,83,High,Medium,No,7,70,Low,Yes,3,Low,Medium,Private,Neutral,5,No,Postgraduate,Near,Female,68,CLG0089,99,7.4,7.29,1,Yes,2,10,3,No
4926,14,65,High,Medium,No,7,63,Medium,Yes,2,Low,Medium,Public,Neutral,3,No,High School,Moderate,Male,61,CLG0029,82,9.36,9.76,7,No,4,8,1,No
4927,20,97,Medium,High,No,9,69,Low,Yes,0,Low,Low,Public,Negative,3,Yes,High School,Near,Male,67,CLG0001,91,7.41,7.29,6,No,1,3,3,No
4928,28,71,Medium,Medium,No,8,69,High,Yes,1,Medium,High,Private,Neutral,1,No,College,Moderate,Female,67,CLG0085,110,7.2,6.98,5,No,6,9,4,No
4929,22,70,High,Low,No,7,99,Medium,Yes,1,Low,High,Private,Positive,2,No,High School,Moderate,Male,66,CLG0098,117,8.93,8.68,9,Yes,4,3,5,Yes
4930,19,96,Medium,Medium,No,7,57,High,Yes,0,Low,Medium,Public,Positive,3,No,High School,Near,Female,69,CLG0034,91,6.53,6.17,2,No,5,9,2,No
4931,26,63,Medium,High,No,8,63,Low,Yes,1,High,High,Public,Neutral,3,No,Postgraduate,Near,Male,67,CLG0061,96,8.27,8.51,8,Yes,9,8,4,Yes
4932,21,91,Medium,Medium,No,5,66,Low,Yes,1,High,Medium,Public,Positive,3,No,College,Near,Female,69,CLG0036,102,8.67,8.68,10,Yes,8,7,3,No
4933,15,61,High,Low,Yes,9,82,Medium,Yes,2,Medium,High,Public,Positive,2,No,Postgraduate,Near,Male,64,CLG0099,106,9.94,9.89,3,Yes,10,4,0,No
4934,27,100,Low,Low,Yes,7,78,Low,Yes,2,Medium,Medium,Public,Negative,2,No,High School,Near,Male,70,CLG0001,105,9.69,10.14,4,Yes,1,10,4,Yes
4935,22,99,Medium,High,Yes,9,95,Medium,Yes,2,Low,Low,Public,Negative,4,Yes,High School,Near,Male,71,CLG0072,84,8.43,7.94,8,No,8,10,2,No
4936,24,76,High,Low,Yes,7,72,Low,Yes,1,High,Medium,Public,Positive,2,No,College,Moderate,Male,67,CLG0074,86,9.82,9.59,7,No,2,4,0,No
4937,21,65,Low,Medium,Yes,6,98,Low,Yes,1,Medium,High,Public,Negative,4,No,High School,Near,Male,64,CLG0039,108,5.29,4.83,6,No,3,2,4,No
4938,15,62,Low,High,No,8,64,High,Yes,2,Low,Medium,Public,Neutral,4,No,College,Near,Female,62,CLG0094,92,8.95,9.27,3,Yes,6,10,4,Yes
4939,15,60,Medium,Medium,No,7,66,High,Yes,2,High,Medium,Public,Neutral,4,No,High School,Near,Male,62,CLG0015,84,9.9,10.35,10,Yes,10,7,2,No
4940,8,73,Medium,High,Yes,10,54,Medium,Yes,2,Medium,Medium,Public,Positive,3,No,High School,Near,Male,63,CLG0020,81,8.41,8.16,5,Yes,0,3,1,No
4941,18,68,High,High,Yes,8,52,High,Yes,0,High,High,Public,Positive,3,No,College,Near,Male,67,CLG0055,84,5.03,5.35,4,Yes,2,7,5,No
4942,24,61,Medium,Medium,Yes,8,88,Low,Yes,1,Low,Medium,Private,Positive,4,No,High School,Moderate,Female,64,CLG0031,114,6.27,5.79,9,No,4,5,5,No
4943,31,64,High,Medium,No,10,97,Low,Yes,2,Medium,Medium,Private,Negative,4,No,High School,Far,Female,67,CLG0007,108,9.38,9.47,8,No,5,10,2,Yes
4944,33,68,Medium,Low,Yes,5,88,Medium,Yes,2,Low,Medium,Public,Negative,1,No,College,Moderate,Male,67,CLG0004,104,5.05,4.64,10,Yes,2,5,1,No
4945,10,75,High,Medium,No,9,81,Medium,Yes,3,Low,High,Public,Negative,5,No,High School,Near,Female,65,CLG0020,94,6.92,7.21,10,No,0,5,3,No
4946,18,90,High,Medium,Yes,5,52,Low,Yes,5,Medium,Medium,Private,Positive,3,Yes,High School,Moderate,Male,68,CLG0025,126,7.34,7.36,3,No,7,6,1,No
4947,27,98,Low,Medium,Yes,6,93,Low,No,5,High,High,Public,Positive,3,No,High School,Moderate,Female,100,CLG0061,97,8.36,8.25,6,Yes,7,4,3,No
4948,19,77,Medium,Low,Yes,7,54,Low,Yes,2,Low,Medium,Private,Positive,4,No,High School,Near,Female,64,CLG0100,104,6.95,7.35,8,Yes,6,7,0,No
4949,19,84,Medium,Medium,No,8,97,High,Yes,2,Medium,Medium,Public,Neutral,1,Yes,College,Near,Male,68,CLG0058,91,8.08,8.49,3,Yes,4,10,3,Yes
4950,21,81,High,Medium,No,8,73,Medium,Yes,3,Low,Medium,Public,Positive,2,Yes,High School,Near,Male,67,CLG0097,123,8.51,8.62,2,No,8,4,5,Yes
4951,38,63,Medium,High,No,8,52,High,Yes,1,Medium,Medium,Private,Positive,3,No,College,Moderate,Male,69,CLG0054,93,8.37,8.47,10,Yes,0,10,2,Yes
4952,11,78,High,High,No,8,63,Low,Yes,1,Low,Medium,Public,Neutral,3,No,High School,Near,Female,64,CLG0066,115,9.61,9.47,8,No,7,8,3,Yes
4953,17,92,Medium,High,Yes,8,66,Medium,Yes,2,Low,Medium,Public,Positive,3,No,High School,Near,Female,69,CLG0026,92,6.52,6.04,8,No,8,1,5,No
4954,21,85,High,Medium,Yes,5,75,Low,Yes,1,High,High,Public,Positive,2,No,High School,Moderate,Female,70,CLG0082,86,7.3,7.62,3,No,3,6,0,No
4955,23,78,Medium,Medium,Yes,10,74,Low,Yes,3,Medium,Medium,Public,Negative,4,No,High School,Moderate,Male,67,CLG0083,91,6.57,6.39,3,Yes,6,10,5,No
4956,21,63,Medium,Medium,No,10,70,Low,Yes,1,High,High,Private,Positive,2,No,College,Near,Female,64,CLG0088,120,8.77,9.22,6,No,7,1,5,Yes
4957,20,93,Medium,Medium,Yes,6,82,Low,No,1,Medium,High,Public,Positive,3,Yes,High School,Moderate,Female,68,CLG0100,114,7.47,7.45,1,No,4,5,1,No
4958,32,97,High,Medium,Yes,8,73,Medium,Yes,0,High,Medium,Public,Negative,3,No,College,Near,Female,75,CLG0001,91,9.88,10.38,3,No,5,8,2,Yes
4959,24,68,Medium,Medium,Yes,10,73,Low,Yes,1,Medium,Medium,Public,Neutral,4,Yes,High School,Moderate,Female,64,CLG0020,84,5.13,5.49,2,Yes,10,10,2,No
4960,25,70,Low,High,Yes,5,73,Medium,Yes,2,Medium,Medium,Private,Neutral,1,No,Postgraduate,Near,Male,67,CLG0058,122,8.93,8.59,3,No,6,2,5,Yes
4961,17,89,Medium,Medium,No,7,74,Medium,Yes,1,Low,Medium,Private,Positive,2,No,Postgraduate,Moderate,Female,67,CLG0007,106,6.29,6.44,5,No,0,5,4,No
4962,19,64,Low,Medium,No,6,99,Medium,Yes,1,Medium,Medium,Public,Positive,3,No,College,Near,Male,64,CLG0038,117,8.36,8.31,6,Yes,7,6,1,No
4963,16,82,Medium,Medium,No,5,59,Medium,Yes,1,Medium,Medium,Public,Positive,3,No,High School,Near,Male,65,CLG0053,75,6.44,6.39,10,No,1,10,5,No
4964,18,88,High,High,No,8,78,Medium,Yes,0,Medium,Medium,Public,Neutral,2,No,College,Moderate,Male,69,CLG0042,114,7.79,8.23,8,No,1,9,1,Yes
4965,16,77,Medium,Low,Yes,7,69,Low,Yes,1,Low,High,Public,Neutral,4,No,High School,Near,Female,63,CLG0065,86,5.74,5.26,6,No,10,8,3,No
4966,24,91,Medium,Medium,No,7,52,Low,Yes,0,High,High,Public,Neutral,4,No,College,Near,Male,69,CLG0095,117,7.86,7.88,1,No,7,2,3,No
4967,14,74,Medium,Medium,No,7,76,High,Yes,1,Low,High,Public,Neutral,2,No,High School,Far,Female,63,CLG0032,130,5.38,4.91,9,No,2,3,2,No
4968,21,91,Medium,Medium,Yes,10,78,High,Yes,2,Low,High,Public,Negative,2,No,High School,Near,Male,70,CLG0047,99,6.11,6.58,9,Yes,7,3,1,No
4969,18,99,Medium,High,Yes,7,81,Low,Yes,1,Medium,Medium,Public,Neutral,3,No,Postgraduate,Near,Male,72,CLG0063,97,6.9,7.01,1,Yes,0,2,1,No
4970,26,61,Medium,Low,Yes,6,70,Medium,Yes,2,Low,Medium,Public,Positive,3,No,High School,Moderate,Female,64,CLG0097,97,5.26,5.7,3,Yes,10,5,1,No
4971,28,85,Medium,Medium,Yes,7,74,Medium,Yes,1,Medium,High,Public,Positive,3,No,Postgraduate,Near,Female,72,CLG0011,122,8.13,8.27,2,Yes,1,10,4,Yes
4972,23,66,Medium,High,Yes,7,93,High,Yes,1,High,High,Public,Positive,1,No,High School,Near,Female,69,CLG0044,97,9.17,8.67,10,Yes,8,10,2,Yes
4973,17,66,High,Medium,No,6,54,Medium,Yes,2,High,Low,Public,Positive,3,Yes,High School,Near,Female,63,CLG0062,68,7.53,7.17,1,Yes,5,8,0,No
4974,24,64,Medium,Medium,Yes,4,67,Low,Yes,0,Low,Medium,Public,Neutral,1,No,High School,Near,Male,62,CLG0072,103,5.77,5.37,2,No,2,8,5,No
4975,23,68,Medium,Medium,Yes,8,80,Medium,Yes,1,Medium,Low,Public,Neutral,1,No,High School,Near,Female,65,CLG0014,74,5.87,5.61,9,No,10,7,0,No
4976,12,65,High,High,Yes,4,66,Medium,Yes,0,Medium,High,Public,Neutral,2,No,High School,Near,Female,63,CLG0096,73,5.35,5.17,9,No,3,6,0,No
4977,16,67,Medium,Medium,No,7,95,Low,Yes,2,Medium,Medium,Public,Neutral,5,Yes,High School,Near,Male,63,CLG0029,127,8.56,8.73,5,No,3,2,4,Yes
4978,25,68,Low,Medium,No,6,62,Low,Yes,1,Low,High,Private,Negative,4,No,College,Moderate,Female,63,CLG0066,108,9.01,8.72,7,No,7,1,1,No
4979,23,85,Medium,Low,No,8,67,Low,Yes,1,Medium,Medium,Private,Neutral,3,No,Postgraduate,Far,Female,66,CLG0092,118,9.25,9.25,8,Yes,7,3,4,Yes
4980,14,76,High,Medium,No,6,74,Low,Yes,0,High,Medium,Private,Positive,2,Yes,College,Far,Male,63,CLG0023,96,6.79,7.25,4,No,9,2,1,No
4981,17,78,Medium,High,No,8,88,Medium,Yes,0,Low,Medium,Public,Negative,3,No,High School,Near,Female,65,CLG0032,64,8.19,7.92,9,No,1,4,3,No
4982,19,70,Medium,Low,No,7,54,High,Yes,0,Medium,Medium,Public,Positive,2,Yes,High School,Moderate,Male,89,CLG0096,118,6.48,6.82,6,Yes,4,6,1,No
4983,19,77,High,Low,Yes,9,92,Medium,Yes,2,Low,Medium,Public,Positive,4,No,High School,Near,Female,67,CLG0089,102,7.03,6.83,7,Yes,2,2,2,No
4984,18,82,High,Low,Yes,8,50,Medium,Yes,1,High,Medium,Public,Positive,3,No,High School,Moderate,Male,66,CLG0080,103,8.46,8.56,5,No,8,2,4,No
4985,16,68,Low,Medium,Yes,4,92,Medium,No,1,Medium,Medium,Public,Negative,4,No,College,Near,Male,62,CLG0077,117,8.87,8.47,8,No,5,2,5,Yes
4986,25,99,Medium,Medium,No,8,83,Medium,Yes,1,Medium,Medium,Public,Neutral,2,No,College,Near,Female,72,CLG0016,80,6.21,6.35,7,No,5,6,3,No
4987,28,63,Medium,High,Yes,6,87,Low,Yes,0,Low,Medium,Public,Positive,2,No,High School,Moderate,Female,66,CLG0019,119,5.47,5.87,5,Yes,1,5,5,No
4988,26,95,Low,High,No,7,77,Medium,Yes,0,Medium,Medium,Public,Neutral,3,No,High School,Moderate,Female,70,CLG0049,100,9.53,9.11,3,Yes,5,6,0,No
4989,9,100,Low,Low,No,7,79,Medium,Yes,1,Low,Medium,Public,Positive,2,No,Postgraduate,Near,Male,66,CLG0016,111,9.7,9.28,7,No,6,3,0,No
4990,26,92,Medium,Medium,No,8,64,Medium,Yes,1,Medium,Medium,Private,Positive,5,No,High School,Near,Male,71,CLG0092,57,6.82,6.34,3,No,3,3,0,No
4991,28,68,Low,High,Yes,8,99,Medium,Yes,1,High,Medium,Public,Neutral,3,No,High School,Near,Female,69,CLG0017,101,5.08,5.17,7,No,7,8,4,No
4992,11,95,Medium,Medium,Yes,7,78,Low,Yes,4,Medium,Medium,Private,Negative,4,No,High School,Near,Female,68,CLG0021,93,9.4,9.21,10,No,6,6,2,No
4993,12,76,Medium,Low,Yes,4,51,Medium,Yes,0,Low,Medium,Private,Neutral,1,No,High School,Near,Female,60,CLG0033,87,9.63,10.07,7,Yes,8,4,0,No
4994,26,69,High,High,Yes,6,90,Medium,Yes,3,Medium,Medium,Public,Positive,3,No,College,Moderate,Female,71,CLG0053,81,8.31,8.19,10,Yes,3,3,2,No
4995,20,97,Medium,High,No,6,67,Low,Yes,1,Low,High,Private,Positive,3,No,Postgraduate,Near,Female,71,CLG0090,130,9.13,9.29,4,No,6,1,3,Yes
4996,24,60,Low,Low,No,7,66,Medium,Yes,1,Medium,High,Public,Neutral,4,No,College,Near,Female,62,CLG0043,78,9.84,9.45,10,Yes,7,4,2,No
4997,22,95,Medium,High,No,9,88,Low,Yes,0,Low,High,Public,Positive,2,No,Postgraduate,Near,Male,72,CLG0011,78,6.5,6.68,9,No,8,5,4,No
4998,20,69,Medium,Low,Yes,8,99,High,Yes,1,Medium,High,Public,Negative,3,Yes,High School,Moderate,Female,64,CLG0055,102,8.84,8.5,1,Yes,10,8,5,Yes
4999,25,83,High,High,Yes,7,85,High,Yes,2,Low,Medium,Public,Negative,4,No,College,Near,Male,72,CLG0037,87,5.05,5.29,8,No,4,3,2,No
5000,25,63,Low,Medium,No,8,58,Medium,Yes,1,High,Medium,Public,Positive,1,No,College,Near,Female,64,CLG0011,103,7.98,7.96,8,Yes,7,10,4,No
5001,10,66,Medium,High,No,7,77,Medium,Yes,0,Medium,High,Public,Positive,2,No,High School,Near,Male,62,CLG0061,120,7.98,7.64,9,No,5,4,1,No
5002,17,68,Low,Medium,Yes,9,100,High,Yes,1,Medium,High,Public,Negative,3,No,High School,Moderate,Male,64,CLG0005,106,8.78,8.92,1,No,3,3,3,No
5003,24,84,Medium,Medium,No,6,82,Medium,Yes,1,Medium,Medium,Public,Negative,2,No,High School,Near,Male,68,CLG0016,85,6.2,6.58,8,No,8,5,0,No
5004,17,71,Low,Medium,Yes,6,62,Medium,Yes,2,Low,Medium,Public,Neutral,3,Yes,College,Near,Male,62,CLG0022,90,9.67,9.92,2,No,0,10,1,No
5005,19,65,Medium,Medium,Yes,10,66,Low,Yes,0,Low,Medium,Public,Positive,3,No,High School,Moderate,Male,62,CLG0013,91,6.98,6.98,4,No,3,5,4,No
5006,22,80,Low,Low,No,9,79,High,Yes,0,Medium,Medium,Private,Neutral,3,No,College,Moderate,Female,66,CLG0023,68,5.52,5.12,3,Yes,1,6,1,No
5007,13,78,Medium,High,No,7,82,High,Yes,0,Low,High,Public,Neutral,2,No,College,Moderate,Female,65,CLG0007,86,6.14,6.49,8,No,4,7,3,No
5008,23,63,Medium,Medium,Yes,8,94,High,Yes,2,Medium,Medium,Public,Neutral,5,No,Postgraduate,Near,Male,68,CLG0074,98,5.72,6.11,5,No,1,7,0,No
5009,20,62,High,Low,No,8,94,High,Yes,1,Medium,Medium,Public,Positive,3,No,High School,Near,Female,65,CLG0053,91,7.73,8.09,9,No,0,1,3,No
5010,16,81,Medium,Medium,Yes,8,74,Medium,Yes,3,Medium,Medium,Public,Positive,2,No,Postgraduate,Near,Female,68,CLG0029,95,9.59,9.37,7,No,5,5,4,No
5011,23,88,Low,Medium,Yes,7,59,Medium,Yes,1,Medium,Medium,Public,Negative,2,No,High School,Near,Male,67,CLG0065,87,7.54,7.38,4,No,10,5,4,No
5012,20,99,Low,Low,Yes,9,61,Low,Yes,1,High,Medium,Private,Neutral,4,No,High School,Moderate,Male,68,CLG0089,121,5.73,6.18,2,Yes,9,2,0,No
5013,29,80,Medium,Low,Yes,5,90,Medium,Yes,2,Medium,Low,Public,Positive,1,No,College,Near,Female,70,CLG0020,112,8.78,9.0,6,Yes,7,2,1,No
5014,20,64,Medium,Low,Yes,8,53,Low,Yes,1,Low,Medium,Public,Positive,2,No,High School,Near,Male,61,CLG0008,91,8.54,9.02,10,No,2,9,0,No
5015,20,71,Medium,Medium,Yes,9,66,Medium,Yes,1,Medium,Low,Private,Negative,5,Yes,College,Near,Female,63,CLG0040,108,8.65,9.06,1,No,2,1,3,No
5016,13,79,Low,Low,Yes,6,58,High,Yes,2,Medium,Medium,Public,Positive,4,No,College,Moderate,Male,63,CLG0071,89,9.24,9.52,10,No,3,10,3,Yes
5017,24,77,Medium,Medium,Yes,6,52,Medium,Yes,0,Medium,Medium,Private,Negative,4,No,High School,Near,Male,66,CLG0055,123,8.56,9.04,4,Yes,8,3,2,Yes
5018,19,61,High,Medium,No,10,64,Medium,Yes,3,Low,Medium,Public,Positive,3,No,High School,Moderate,Male,63,CLG0048,119,7.68,8.0,9,Yes,6,4,1,No
5019,15,73,Medium,High,No,5,56,Medium,Yes,1,Medium,Medium,Public,Positive,2,No,Postgraduate,Near,Female,65,CLG0030,87,7.53,7.66,8,Yes,4,10,5,No
5020,12,90,Medium,Low,Yes,7,87,Low,Yes,2,Low,High,Public,Neutral,2,No,Postgraduate,Far,Male,66,CLG0077,90,9.97,9.55,3,No,7,3,0,No
5021,10,92,Medium,Medium,No,4,60,High,Yes,3,Low,Low,Public,Positive,2,No,College,Near,Female,66,CLG0026,102,5.4,5.49,2,No,5,3,1,No
5022,22,79,Low,High,Yes,6,96,Medium,Yes,1,High,Medium,Public,Neutral,2,No,College,Moderate,Male,68,CLG0069,75,6.67,6.23,6,Yes,7,5,2,No
5023,16,66,Medium,Medium,Yes,7,95,Low,Yes,1,Medium,Medium,Public,Positive,4,No,College,Near,Male,65,CLG0047,105,7.75,8.24,7,Yes,2,8,2,Yes
5024,19,66,Medium,High,No,7,94,Low,Yes,1,High,Medium,Public,Positive,4,No,High School,Moderate,Female,65,CLG0014,95,5.48,5.27,3,Yes,0,8,4,No
5025,15,74,Low,High,Yes,4,68,Low,Yes,3,Low,Medium,Public,Positive,3,No,High School,Near,Female,64,CLG0088,123,8.74,9.11,8,No,2,9,0,Yes
5026,26,62,High,High,No,8,75,Medium,Yes,2,Medium,Medium,Public,Neutral,2,No,College,Moderate,Male,67,CLG0027,62,9.58,9.75,3,No,6,7,5,No
5027,24,95,High,High,Yes,8,78,Medium,Yes,2,Low,High,Public,Negative,2,No,Postgraduate,Far,Female,73,CLG0054,93,5.32,4.84,6,Yes,6,3,5,No
5028,15,79,Medium,High,Yes,7,66,Medium,Yes,2,Low,Medium,Public,Positive,3,No,College,Far,Female,66,CLG0078,126,6.58,6.64,1,No,3,3,5,No
5029,22,83,Medium,High,Yes,5,82,Medium,Yes,2,Low,High,Public,Positive,3,No,Postgraduate,Near,Female,71,CLG0019,91,6.05,5.78,4,Yes,2,2,4,No
5030,23,69,Medium,Low,Yes,8,66,Low,No,1,Medium,Medium,Public,Positive,3,No,College,Far,Male,63,CLG0007,85,6.53,6.64,10,No,3,6,1,No
5031,18,91,Low,High,No,6,96,Medium,Yes,2,Low,Medium,Private,Positive,3,No,Postgraduate,Near,Male,71,CLG0006,102,7.48,7.15,8,No,6,2,4,No
5032,17,97,Medium,Medium,No,5,56,Low,Yes,2,High,Medium,Public,Positive,3,No,High School,Near,Female,69,CLG0013,117,8.31,8.13,6,Yes,2,10,3,Yes
5033,26,87,Medium,Medium,No,6,98,High,Yes,0,Medium,High,Public,Negative,4,No,College,Moderate,Male,71,CLG0097,80,5.72,5.47,7,No,3,9,5,No
5034,22,84,Medium,Medium,Yes,8,90,Medium,Yes,2,Medium,Medium,Public,Positive,2,No,College,Near,Female,70,CLG0058,90,7.71,8.18,10,No,6,3,4,No
5035,24,64,Medium,Low,No,6,85,Medium,Yes,3,Medium,Medium,Public,Positive,2,No,Postgraduate,Moderate,Male,65,CLG0061,106,8.4,8.0,7,Yes,2,3,1,No
5036,24,76,Medium,Medium,No,9,92,Medium,Yes,1,Medium,Low,Public,Neutral,3,No,Postgraduate,Near,Female,68,CLG0045,95,6.49,6.38,8,No,6,8,2,No
5037,5,96,Medium,Low,Yes,8,72,Low,Yes,3,Medium,Medium,Public,Negative,5,No,High School,Near,Male,65,CLG0038,129,9.28,8.99,9,No,0,4,2,Yes
5038,14,68,High,High,No,5,51,High,Yes,1,High,Medium,Public,Neutral,5,Yes,High School,Moderate,Male,63,CLG0044,111,7.64,7.92,5,Yes,7,9,3,Yes
5039,21,61,High,High,No,9,81,Medium,Yes,1,Medium,Medium,Private,Neutral,3,No,Postgraduate,Near,Male,66,CLG0063,106,9.26,9.17,7,Yes,5,7,2,No
5040,16,79,Medium,Medium,Yes,6,67,Low,No,2,Medium,High,Private,Positive,3,No,College,Near,Male,65,CLG0002,119,5.18,5.17,8,No,10,1,1,No
5041,19,95,Low,Low,Yes,5,86,Medium,Yes,0,High,Medium,Public,Negative,4,No,High School,Moderate,Male,67,CLG0017,112,6.61,6.78,3,Yes,10,9,4,Yes
5042,20,83,Medium,Low,Yes,5,85,Medium,Yes,1,High,High,Public,Neutral,2,No,College,Far,Male,67,CLG0076,107,7.51,7.68,1,No,6,1,3,No
5043,30,73,High,Low,No,4,60,Medium,Yes,0,Low,Low,Private,Positive,4,No,High School,Moderate,Female,66,CLG0042,101,9.78,9.81,8,No,4,10,4,Yes
5044,18,85,Medium,High,Yes,6,95,High,Yes,2,Low,Low,Private,Positive,4,No,College,Near,Female,70,CLG0076,124,8.27,7.79,9,Yes,6,6,4,No
5045,21,76,Low,Medium,No,6,50,Low,Yes,2,Low,Medium,Public,Negative,4,No,Postgraduate,Moderate,Female,63,CLG0078,120,5.55,5.32,1,Yes,4,10,5,Yes
5046,21,77,Medium,Low,Yes,5,94,Low,Yes,1,Medium,High,Public,Negative,3,No,High School,Far,Male,65,CLG0091,108,8.19,8.67,2,Yes,7,3,5,No
5047,25,63,High,Medium,No,7,69,Medium,Yes,0,Low,High,Private,Negative,5,No,High School,Moderate,Female,64,CLG0036,90,7.33,7.42,6,No,2,1,4,No
5048,10,71,Medium,Medium,Yes,7,55,High,Yes,2,Low,High,Public,Positive,3,No,College,Near,Female,63,CLG0028,115,9.98,9.57,9,No,0,9,5,Yes
5049,23,87,High,Low,No,6,59,Medium,Yes,4,Medium,High,Public,Neutral,2,No,High School,Near,Male,70,CLG0010,99,5.8,5.95,4,Yes,8,5,5,No
5050,23,77,Low,High,Yes,8,94,Medium,Yes,0,High,Medium,Private,Positive,3,No,Postgraduate,Near,Male,70,CLG0014,94,9.47,9.67,5,No,9,10,2,Yes
5051,16,84,Medium,High,Yes,5,53,Medium,No,2,Low,Medium,Public,Neutral,1,No,High School,Near,Male,65,CLG0095,89,8.35,8.06,1,Yes,7,10,5,Yes
5052,19,83,Medium,High,Yes,7,56,Medium,Yes,1,Medium,Low,Private,Positive,3,No,College,Far,Female,67,CLG0041,107,6.67,6.53,6,No,7,8,0,No
5053,28,90,Low,Medium,Yes,9,91,Medium,Yes,0,Medium,Medium,Public,Positive,2,No,College,Moderate,Female,98,CLG0026,98,9.29,8.98,8,Yes,10,10,1,No
5054,21,77,Medium,Medium,Yes,8,88,Low,Yes,2,High,Medium,Private,Positive,1,No,College,Moderate,Female,68,CLG0001,110,6.73,6.87,7,Yes,10,1,1,No
5055,22,72,Low,Low,Yes,5,80,Medium,Yes,2,Low,High,Public,Neutral,3,No,College,Near,Female,65,CLG0100,124,5.17,5.55,3,No,8,7,5,No
5056,15,62,Low,High,No,10,96,Low,Yes,0,Medium,High,Private,Positive,4,No,High School,Far,Male,62,CLG0019,99,8.98,8.75,1,Yes,4,7,4,No
5057,23,87,High,Low,No,8,68,Medium,Yes,0,High,High,Private,Neutral,3,No,College,Far,Male,68,CLG0015,113,6.01,5.85,10,No,5,3,2,No
5058,21,84,Medium,Medium,Yes,6,52,Low,Yes,1,Medium,High,Public,Neutral,2,Yes,College,Far,Female,65,CLG0080,87,8.09,7.71,10,No,6,4,0,No
5059,29,90,High,Low,Yes,7,76,Low,Yes,1,Medium,Low,Public,Positive,3,No,High School,Moderate,Female,71,CLG0087,102,9.56,9.83,8,Yes,1,10,2,Yes
5060,24,95,Medium,Low,No,5,87,Medium,Yes,0,Low,Medium,Public,Neutral,2,No,High School,Far,Male,68,CLG0026,98,9.09,8.69,3,No,3,10,0,No
5061,12,69,High,Medium,Yes,7,92,Low,Yes,1,Medium,Medium,Public,Neutral,3,No,College,Near,Female,64,CLG0041,105,7.91,8.36,3,No,1,4,2,No
5062,25,70,Medium,Medium,No,7,52,Medium,Yes,1,Medium,Medium,Public,Positive,3,No,Postgraduate,Near,Female,66,CLG0100,102,8.74,8.74,3,No,7,3,1,No
5063,12,71,Medium,High,Yes,8,78,Low,Yes,2,Medium,Medium,Public,Negative,2,No,Postgraduate,Near,Female,64,CLG0047,77,9.76,9.48,5,No,2,6,0,No
5064,21,89,Medium,Medium,Yes,9,74,High,Yes,3,Low,Medium,Private,Positive,4,No,High School,Moderate,Female,70,CLG0022,108,9.15,8.91,2,Yes,10,9,0,No
5065,31,91,High,Medium,Yes,8,84,Low,Yes,2,Low,Medium,Public,Negative,2,No,High School,Near,Male,72,CLG0045,126,7.92,8.34,2,Yes,0,5,2,Yes
5066,22,71,High,Medium,No,8,58,Medium,No,2,Low,Medium,Public,Negative,4,No,College,Near,Female,65,CLG0046,116,5.48,5.88,1,Yes,3,2,5,No
5067,19,64,Low,Medium,Yes,9,81,High,Yes,0,Medium,High,Public,Neutral,3,Yes,High School,Near,Male,62,CLG0072,108,7.69,7.61,2,Yes,4,4,2,No
5068,23,95,Medium,Medium,Yes,7,86,Medium,Yes,3,Low,Medium,Public,Positive,4,Yes,Postgraduate,Far,Male,72,CLG0071,93,5.46,5.32,6,No,6,10,3,No
5069,23,80,Low,Low,Yes,5,57,Medium,Yes,1,Low,Medium,Public,Neutral,4,No,Postgraduate,Near,Male,66,CLG0013,97,8.47,8.22,2,No,8,10,1,No
5070,21,96,Low,High,Yes,6,78,Low,Yes,2,Medium,High,Private,Neutral,3,No,High School,Moderate,Female,71,CLG0025,101,9.67,9.6,1,No,4,4,2,No
5071,23,94,High,Medium,No,5,55,High,Yes,2,Medium,Medium,Public,Positive,2,Yes,High School,Near,Male,70,CLG0053,122,6.32,6.65,5,Yes,10,9,4,Yes
5072,9,97,Low,Medium,Yes,7,57,Medium,Yes,4,Medium,High,Public,Neutral,5,No,High School,Far,Female,67,CLG0011,74,5.9,5.41,2,No,1,2,2,No
5073,4,88,Medium,High,No,6,87,Low,Yes,1,Medium,High,Public,Neutral,4,No,College,Near,Male,66,CLG0083,124,7.16,7.34,5,Yes,6,2,3,No
5074,16,71,High,Medium,Yes,5,73,Medium,Yes,1,Medium,Medium,Public,Neutral,0,Yes,High School,Near,Male,63,CLG0032,102,6.99,7.32,6,No,5,7,3,No
5075,20,67,Medium,Medium,No,6,93,Low,No,1,Low,Medium,Public,Negative,3,Yes,College,Near,Male,62,CLG0045,106,8.13,7.9,10,Yes,1,10,4,No
5076,14,100,Medium,Low,Yes,8,91,High,Yes,0,Low,High,Public,Neutral,3,No,High School,Near,Female,69,CLG0091,96,7.88,7.96,7,No,5,9,3,No
5077,14,84,High,High,No,8,99,Medium,No,3,Medium,High,Public,Neutral,4,No,Postgraduate,Near,Female,70,CLG0073,115,7.86,7.47,6,No,7,5,0,No
5078,23,100,Medium,Medium,Yes,9,68,Medium,Yes,4,High,High,Private,Negative,3,No,Postgraduate,Near,Male,74,CLG0034,89,6.14,6.5,10,Yes,4,4,1,No
5079,18,86,Medium,Medium,Yes,6,88,Medium,Yes,2,Medium,High,Public,Neutral,2,No,College,Far,Male,68,CLG0033,103,6.07,6.26,1,No,2,10,2,No
5080,27,86,Medium,Medium,No,6,74,Medium,Yes,2,High,High,Private,Neutral,3,No,High School,Near,Male,71,CLG0078,103,5.01,4.61,2,Yes,0,10,4,No
5081,13,93,Low,Low,No,7,72,High,Yes,2,Medium,Medium,Private,Positive,2,No,Postgraduate,Near,Female,67,CLG0061,124,6.81,7.23,8,No,4,7,3,No
5082,22,73,Low,High,Yes,4,92,Medium,Yes,0,Low,Medium,Public,Positive,4,No,Postgraduate,Moderate,Male,67,CLG0077,99,9.22,9.07,6,No,0,9,4,Yes
5083,15,67,Low,Medium,Yes,6,83,Low,Yes,3,Medium,Low,Public,Positive,3,No,High School,Moderate,Male,62,CLG0083,97,6.17,5.78,5,No,5,8,3,No
5084,20,95,Medium,Low,Yes,7,62,Low,Yes,2,Low,Medium,Public,Neutral,4,No,College,Moderate,Male,68,CLG0005,109,8.66,8.26,6,Yes,4,6,5,No
5085,18,94,Medium,Low,Yes,7,53,Medium,Yes,4,Medium,High,Public,Positive,3,No,High School,Far,Female,68,CLG0046,115,7.18,7.16,9,No,3,9,4,Yes
5086,11,90,Medium,Medium,Yes,7,72,High,Yes,3,Medium,Medium,Public,Negative,3,No,High School,Near,Female,67,CLG0014,90,8.43,8.27,6,Yes,3,10,4,Yes
5087,19,74,Medium,Low,Yes,6,89,Medium,No,0,High,Medium,Public,Neutral,2,No,High School,Moderate,Male,63,CLG0038,95,8.31,8.3,9,Yes,7,3,3,No
5088,7,69,Low,Medium,No,9,82,Low,Yes,1,Medium,High,Private,Positive,3,No,Postgraduate,Near,Female,61,CLG0075,113,6.68,6.86,7,No,5,6,3,No
5089,27,96,Medium,High,No,9,71,Low,Yes,0,Low,Medium,Private,Positive,4,No,College,Near,Female,72,CLG0036,106,9.63,9.93,8,No,1,5,4,No
5090,28,69,Low,High,Yes,6,93,Low,Yes,0,High,Low,Public,Negative,3,No,College,Near,Male,67,CLG0061,105,5.81,5.97,9,No,5,3,2,No
5091,25,99,Medium,Medium,Yes,7,77,Medium,Yes,0,High,High,Public,Neutral,3,No,High School,Near,Male,97,CLG0052,67,7.01,6.7,7,No,4,1,5,No
5092,12,69,High,High,Yes,7,53,Low,Yes,2,Low,High,Public,Neutral,3,No,College,Near,Male,64,CLG0051,85,9.83,10.11,5,Yes,10,5,4,No
5093,24,89,Medium,Low,Yes,6,94,Low,Yes,2,Medium,Medium,Public,Neutral,2,No,High School,Far,Male,68,CLG0015,89,6.37,6.15,8,No,7,9,3,No
5094,11,74,High,Medium,No,8,68,Low,Yes,0,Medium,Medium,Public,Positive,3,No,High School,Moderate,Male,62,CLG0067,99,5.38,5.65,8,Yes,6,8,4,No
5095,18,83,Medium,High,No,8,96,Low,Yes,0,Medium,High,Public,Positive,4,Yes,Postgraduate,Near,Female,69,CLG0018,88,9.65,9.53,6,No,3,4,2,No
5096,39,95,Medium,High,Yes,9,54,High,Yes,2,Medium,Medium,Private,Positive,3,No,High School,Moderate,Male,77,CLG0057,104,7.4,7.61,10,No,3,10,0,No
5097,24,96,Medium,Medium,No,8,96,Medium,Yes,2,Low,Low,Public,Positive,3,No,College,Near,Female,72,CLG0058,95,7.75,7.41,8,Yes,2,9,1,No
5098,14,97,Medium,Low,No,7,72,High,Yes,1,Low,Low,Public,Neutral,3,No,High School,Near,Female,66,CLG0066,86,6.68,6.33,1,No,5,1,3,No
5099,26,69,Medium,Medium,Yes,5,83,Medium,Yes,4,Medium,High,Private,Neutral,2,No,High School,Moderate,Female,68,CLG0029,121,8.13,7.78,8,No,2,5,5,No
5100,27,100,High,Medium,No,7,67,Medium,Yes,1,High,High,Public,Neutral,3,No,College,Moderate,Male,74,CLG0038,104,6.98,7.42,7,No,5,3,0,No
5101,20,74,High,Low,Yes,5,69,High,Yes,1,Medium,Medium,Public,Positive,4,No,College,Moderate,Female,66,CLG0039,87,8.0,8.17,2,No,5,7,3,No
5102,19,60,Medium,Low,No,8,94,High,Yes,1,Low,Low,Private,Neutral,3,No,High School,Near,Female,62,CLG0087,108,8.11,8.44,1,Yes,4,7,3,No
5103,19,67,Low,Medium,Yes,7,93,High,Yes,0,Medium,Medium,Public,Positive,4,No,Postgraduate,Near,Male,66,CLG0002,84,8.93,9.31,8,Yes,1,10,1,No
5104,25,92,Medium,High,Yes,5,85,Low,Yes,1,Low,Medium,Public,Negative,1,No,College,Near,Male,71,CLG0016,82,5.05,5.13,6,No,2,3,1,No
5105,20,93,Low,High,Yes,7,83,Medium,Yes,0,Medium,Medium,Private,Negative,2,Yes,High School,Near,Male,68,CLG0093,86,9.98,9.84,3,No,9,7,1,No
5106,20,66,Low,Low,Yes,7,79,Medium,Yes,2,Medium,Medium,Private,Positive,2,No,High School,Moderate,Female,63,CLG0042,94,6.01,5.97,6,Yes,1,6,0,No
5107,21,97,Medium,Medium,Yes,9,63,Medium,Yes,0,Medium,Medium,Public,Positive,1,No,High School,Moderate,Male,69,CLG0025,89,5.8,6.09,1,Yes,6,7,0,No
5108,21,78,High,Medium,No,8,84,Low,Yes,1,High,Low,Public,Positive,4,No,High School,Near,Male,68,CLG0027,85,7.68,7.2,9,No,6,9,2,No
5109,15,95,Low,Low,No,5,67,High,Yes,3,Medium,Medium,Public,Positive,3,No,High School,Moderate,Female,67,CLG0091,100,9.51,9.18,1,Yes,2,6,1,No
5110,13,80,Medium,Medium,No,9,76,Medium,Yes,0,High,Medium,Public,Neutral,2,No,High School,Near,Female,64,CLG0078,81,7.37,7.8,2,Yes,7,6,3,No
5111,11,97,Low,Medium,Yes,8,60,Low,Yes,2,Low,Medium,Public,Positive,3,No,College,Near,Female,66,CLG0082,112,8.08,8.25,1,Yes,8,9,1,Yes
5112,21,75,High,High,No,7,83,Low,Yes,1,Medium,Medium,Public,Positive,2,No,College,Near,Female,68,CLG0081,86,6.39,6.8,6,No,3,7,1,No
5113,13,70,Low,Medium,Yes,6,96,High,Yes,2,Medium,Medium,Private,Negative,5,No,Postgraduate,Moderate,Male,64,CLG0091,98,9.14,9.63,10,No,5,6,5,No
5114,17,93,Low,Medium,Yes,9,57,High,Yes,3,Low,High,Private,Neutral,2,No,College,Near,Male,69,CLG0043,94,6.71,6.61,7,Yes,5,8,2,No
5115,16,62,Medium,Medium,No,7,73,Low,Yes,3,High,Medium,Public,Negative,3,No,High School,Near,Female,62,CLG0073,131,6.38,6.06,2,No,5,4,2,No
5116,25,83,Medium,High,No,7,64,Medium,Yes,0,Low,Medium,Public,Neutral,2,No,College,Moderate,Male,68,CLG0027,77,5.42,5.56,4,No,7,1,3,No
5117,27,88,Medium,Medium,No,7,67,Medium,Yes,3,High,Medium,Public,Neutral,4,No,College,Far,Male,71,CLG0061,119,5.15,5.22,2,Yes,1,9,4,Yes
5118,17,61,High,Medium,Yes,7,55,High,Yes,1,Medium,Medium,Private,Negative,2,Yes,College,Near,Male,62,CLG0097,112,6.09,6.22,9,Yes,3,3,3,No
5119,26,62,Low,Medium,No,6,79,Medium,Yes,1,Low,Medium,Public,Positive,3,Yes,College,Near,Female,63,CLG0011,98,9.62,9.57,9,No,5,9,5,Yes
5120,25,63,High,Medium,Yes,6,71,Medium,Yes,1,Medium,Low,Private,Positive,3,No,High School,Near,Male,66,CLG0062,104,9.0,9.27,10,Yes,7,7,2,No
5121,14,68,High,High,Yes,9,79,Low,Yes,2,Low,Medium,Private,Positive,4,No,College,Near,Female,66,CLG0075,104,6.95,7.1,9,No,3,8,1,No
5122,19,100,Medium,High,Yes,6,57,Medium,Yes,1,High,Medium,Private,Positive,2,Yes,High School,Near,Male,70,CLG0021,66,6.57,6.19,7,No,3,3,0,No
5123,17,98,High,Medium,No,4,56,Medium,Yes,2,Low,Low,Private,Positive,3,No,High School,Near,Female,69,CLG0083,82,5.68,5.28,3,No,3,4,5,No
5124,24,67,High,Medium,No,9,55,High,Yes,2,Low,Low,Public,Positive,2,No,College,Moderate,Male,65,CLG0026,79,5.14,5.16,5,No,9,9,1,No
5125,21,80,Medium,High,No,7,78,Medium,Yes,1,Low,High,Private,Negative,4,No,High School,Moderate,Female,67,CLG0083,89,6.34,6.47,1,No,3,7,4,No
5126,14,72,Medium,Low,No,8,75,High,Yes,4,High,Medium,Private,Positive,2,Yes,College,Near,Male,64,CLG0068,110,5.86,5.62,4,Yes,4,4,5,No
5127,7,68,High,Medium,No,9,74,Medium,Yes,1,Low,High,Public,Positive,3,No,High School,Near,Female,62,CLG0049,118,9.48,9.59,5,Yes,10,10,2,Yes
5128,18,85,High,Low,Yes,4,99,High,Yes,0,Low,Medium,Private,Neutral,4,No,College,Near,Male,69,CLG0021,85,5.74,5.65,2,Yes,7,8,2,No
5129,17,64,Low,Medium,No,7,68,Medium,Yes,5,Medium,Medium,Private,Neutral,3,No,High School,Near,Male,63,CLG0072,87,6.35,6.67,3,Yes,5,9,3,No
5130,27,72,High,High,Yes,8,53,Medium,Yes,3,Medium,Low,Public,Neutral,3,No,High School,Far,Female,68,CLG0010,70,7.34,7.23,5,No,7,4,1,No
5131,20,69,Medium,High,No,6,63,Low,Yes,0,Low,Medium,Public,Negative,3,No,Postgraduate,Near,Male,64,CLG0064,95,7.99,7.86,8,Yes,4,7,5,No
5132,22,98,Medium,Medium,Yes,7,100,Low,Yes,0,Low,Medium,Public,Neutral,3,No,High School,Far,Male,70,CLG0031,60,6.86,6.4,7,No,8,10,4,No
5133,19,99,Low,High,No,9,67,Low,Yes,3,High,Medium,Public,Neutral,1,No,College,Moderate,Male,70,CLG0037,125,7.9,7.61,3,Yes,6,9,3,Yes
5134,14,81,High,Medium,Yes,5,95,Low,Yes,2,Low,High,Public,Positive,3,No,High School,Near,Male,68,CLG0047,138,5.54,5.94,3,No,2,8,1,No
5135,31,72,Medium,Medium,No,8,98,High,Yes,0,Low,Medium,Public,Neutral,4,No,College,Far,Male,68,CLG0023,101,8.71,8.43,9,No,10,2,4,No
5136,28,66,Medium,Medium,No,10,52,Low,Yes,0,Low,High,Public,Positive,3,No,High School,Near,Male,64,CLG0002,123,6.96,7.1,7,No,5,10,1,No
5137,16,78,Medium,High,No,10,99,Low,Yes,0,Low,Medium,Public,Positive,4,No,High School,Far,Female,65,CLG0047,110,5.28,5.77,5,Yes,0,3,3,No
5138,22,80,Medium,Medium,Yes,8,61,High,Yes,1,Low,Medium,Public,Positive,2,No,College,Moderate,Male,67,CLG0086,80,9.77,9.91,1,Yes,0,9,4,Yes
5139,26,88,Medium,High,Yes,5,79,Medium,Yes,1,Low,High,Private,Positive,4,No,College,Moderate,Male,72,CLG0027,80,5.12,4.69,1,No,9,3,1,No
5140,21,63,Low,High,Yes,8,95,Medium,Yes,2,High,Medium,Public,Neutral,5,No,High School,Near,Male,66,CLG0046,84,5.54,5.4,3,Yes,6,2,2,No
5141,22,78,Medium,Medium,Yes,5,96,Medium,Yes,0,Low,Medium,Public,Neutral,3,No,High School,Moderate,Male,67,CLG0098,106,7.26,7.46,6,No,5,7,0,No
5142,24,95,High,Medium,Yes,6,92,Medium,Yes,2,Low,Medium,Public,Neutral,3,No,High School,Far,Male,72,CLG0019,90,8.11,7.91,8,Yes,6,10,1,No
5143,20,93,Low,Low,Yes,8,69,Medium,Yes,2,Low,Medium,Public,Neutral,4,No,High School,Moderate,Male,67,CLG0087,107,9.4,9.45,7,No,8,10,1,No
5144,15,81,Medium,Medium,Yes,7,100,Medium,Yes,1,Low,Medium,Public,Neutral,3,No,Postgraduate,Moderate,Male,67,CLG0034,107,6.89,7.29,4,Yes,5,6,4,No
5145,20,61,High,High,No,9,68,Medium,Yes,1,High,Low,Private,Positive,3,No,High School,Near,Female,65,CLG0081,110,9.06,8.93,5,No,9,10,1,No
5146,19,68,High,High,No,7,51,Medium,No,1,High,Medium,Public,Positive,1,No,High School,Moderate,Female,64,CLG0046,90,5.25,5.19,8,Yes,9,5,5,No
5147,32,63,Medium,High,No,8,91,Medium,No,2,High,Low,Public,Positive,5,Yes,High School,Near,Female,68,CLG0054,102,5.94,5.75,2,No,2,8,2,No
5148,13,87,High,Low,Yes,8,55,High,Yes,1,High,High,Private,Positive,3,No,High School,Near,Female,67,CLG0061,117,8.91,9.12,6,No,2,5,0,No
5149,14,62,High,Medium,No,4,100,Low,Yes,1,Low,Medium,Public,Neutral,3,No,High School,Near,Male,62,CLG0025,103,8.71,8.78,8,No,8,9,0,No
5150,32,75,Medium,Low,Yes,6,56,Medium,Yes,3,Medium,Medium,Public,Neutral,2,No,College,Moderate,Female,68,CLG0096,76,7.84,7.34,6,No,1,9,3,No
5151,21,82,High,High,Yes,7,53,Low,Yes,0,High,Medium,Public,Positive,2,No,Postgraduate,Near,Male,69,CLG0066,116,6.63,7.03,3,No,5,9,3,Yes
5152,15,99,Low,Medium,Yes,5,75,Low,Yes,2,Medium,Low,Public,Neutral,1,No,College,Moderate,Male,67,CLG0061,85,9.78,9.3,2,Yes,9,9,1,No
5153,26,82,Low,Medium,No,4,94,Low,Yes,0,Low,Low,Private,Positive,3,No,High School,Near,Male,67,CLG0035,120,7.14,6.98,9,No,6,3,2,No
5154,16,87,Low,Medium,Yes,10,56,Low,Yes,2,Medium,High,Private,Neutral,0,No,Postgraduate,Moderate,Female,65,CLG0063,71,8.7,8.3,7,No,4,2,2,No
5155,20,98,Low,Medium,No,7,75,High,Yes,4,Medium,Medium,Private,Positive,1,No,College,Near,Male,72,CLG0064,110,5.97,6.18,7,Yes,10,1,2,No
5156,23,84,Medium,Medium,No,8,59,Low,Yes,1,Low,High,Public,Positive,4,Yes,Postgraduate,Far,Female,66,CLG0026,87,8.73,9.07,10,No,10,9,3,Yes
5157,12,98,Medium,High,No,4,68,Medium,Yes,3,Low,High,Public,Neutral,2,No,High School,Near,Female,69,CLG0007,122,8.18,7.96,3,No,8,9,1,No
5158,16,66,Medium,High,Yes,5,57,High,Yes,3,Medium,Medium,Public,Positive,3,No,High School,Moderate,Female,64,CLG0054,108,6.79,6.38,2,No,4,10,5,No
5159,27,76,Medium,Medium,No,9,58,Medium,Yes,1,Medium,Medium,Public,Positive,3,No,College,Near,Female,68,CLG0100,103,8.77,8.33,5,No,7,8,3,Yes
5160,27,82,Medium,Medium,No,8,51,High,Yes,3,High,Medium,Public,Neutral,2,No,College,Near,Male,70,CLG0062,71,7.79,7.74,6,Yes,2,5,0,No
5161,17,93,Low,Medium,No,8,93,Low,Yes,0,Low,Medium,Public,Negative,3,No,College,Moderate,Male,66,CLG0025,98,5.65,5.25,10,No,7,6,5,No
5162,23,72,Medium,High,No,8,87,Low,Yes,3,Medium,Low,Public,Neutral,3,No,High School,Near,Male,67,CLG0045,92,5.79,5.93,8,Yes,2,4,3,No
5163,18,90,High,High,No,8,71,High,No,0,Low,Medium,Public,Neutral,3,No,High School,Near,Female,68,CLG0092,113,7.12,7.05,10,No,5,4,4,No
5164,21,91,Medium,High,Yes,9,92,Medium,Yes,5,Low,Medium,Private,Negative,2,No,High School,Near,Male,72,CLG0008,95,9.33,9.7,2,Yes,8,4,0,No
5165,15,99,Low,High,Yes,7,50,High,No,4,Low,Medium,Public,Positive,2,No,High School,Moderate,Male,68,CLG0085,86,8.72,8.31,9,No,9,10,3,Yes
5166,14,76,High,Medium,Yes,8,59,Low,Yes,3,Medium,Medium,Private,Neutral,5,No,High School,Moderate,Male,65,CLG0004,93,9.45,9.77,3,No,2,10,1,No
5167,25,76,Medium,Low,Yes,6,88,Low,Yes,1,Medium,Medium,Private,Negative,3,No,College,Far,Male,66,CLG0077,88,8.87,8.69,7,No,5,10,0,No
5168,20,77,High,High,No,6,55,Medium,Yes,1,High,Low,Private,Neutral,1,No,College,Near,Male,67,CLG0056,112,5.39,5.3,5,No,4,8,2,Yes
5169,23,94,Medium,Low,Yes,4,78,Medium,Yes,2,High,High,Public,Neutral,4,No,High School,Moderate,Male,71,CLG0085,111,7.36,7.15,8,No,3,7,3,No
5170,14,81,Medium,High,Yes,6,64,Low,No,2,High,High,Public,Neutral,2,No,High School,Far,Female,64,CLG0023,111,9.67,9.59,10,Yes,7,1,5,Yes
5171,13,70,Medium,High,Yes,6,66,Medium,Yes,1,Medium,Medium,Public,Negative,4,No,High School,Near,Male,63,CLG0098,72,5.8,6.09,8,No,0,7,1,No
5172,13,85,Low,Medium,No,6,96,Low,Yes,1,Low,High,Public,Positive,5,No,Postgraduate,Far,Male,66,CLG0009,112,5.32,4.97,5,Yes,2,1,3,No
5173,18,76,Low,High,Yes,10,82,High,Yes,1,Medium,Medium,Private,Negative,4,No,College,Near,Male,67,CLG0028,90,9.01,9.32,3,No,0,6,5,No
5174,18,61,Medium,Medium,Yes,6,56,Medium,Yes,3,Low,Medium,Public,Neutral,3,No,High School,Moderate,Male,62,CLG0016,109,8.6,8.75,2,No,9,10,4,Yes
5175,28,89,Medium,Low,Yes,6,71,Low,Yes,2,Low,Medium,Private,Neutral,4,No,College,Moderate,Male,70,CLG0047,102,5.11,5.51,3,Yes,1,8,1,No
5176,11,76,Medium,Medium,Yes,7,71,Medium,No,1,Medium,Low,Public,Neutral,2,No,College,Near,Male,62,CLG0034,127,6.63,6.76,6,Yes,5,4,4,No
5177,26,68,Medium,Medium,Yes,10,62,High,Yes,4,Medium,Medium,Public,Neutral,2,No,Postgraduate,Near,Female,69,CLG0023,108,7.35,7.8,3,No,9,10,2,No
5178,21,90,Medium,Low,No,7,70,Medium,Yes,2,Low,Medium,Public,Negative,2,No,Postgraduate,Near,Female,68,CLG0100,96,6.74,6.92,7,No,10,10,4,No
5179,22,89,High,Medium,No,6,76,Medium,Yes,2,Low,Medium,Public,Neutral,4,No,High School,Near,Male,70,CLG0063,98,5.52,5.87,7,No,5,10,5,No
5180,24,73,Low,Low,Yes,6,82,Medium,Yes,0,Medium,Medium,Public,Negative,2,Yes,High School,Near,Male,63,CLG0059,96,8.24,8.28,9,Yes,9,3,5,No
5181,30,82,Medium,High,Yes,7,71,Medium,Yes,3,Low,High,Public,Neutral,3,No,Postgraduate,Far,Female,72,CLG0013,107,9.2,9.29,5,Yes,1,3,5,No
5182,16,89,Medium,Medium,Yes,9,74,Medium,No,1,Low,Medium,Public,Neutral,3,No,High School,Far,Male,65,CLG0023,102,7.12,6.72,5,No,9,4,0,No
5183,22,75,Medium,High,No,6,54,Low,Yes,4,Low,High,Public,Positive,4,No,High School,Near,Male,68,CLG0041,84,6.99,6.82,7,No,2,8,2,No
5184,27,68,Medium,Medium,Yes,5,97,Low,Yes,1,Medium,Medium,Public,Negative,4,No,College,Near,Male,68,CLG0020,114,9.65,9.77,5,No,8,10,1,Yes
5185,17,98,Low,Medium,No,7,92,Medium,Yes,0,High,Medium,Private,Positive,0,No,College,Near,Male,69,CLG0006,103,8.26,8.63,1,No,8,8,5,Yes
5186,22,78,Low,High,Yes,8,69,High,Yes,2,Low,Medium,Public,Negative,2,No,High School,Near,Female,67,CLG0088,97,6.42,6.53,9,No,8,7,5,No
5187,24,61,Low,Medium,No,5,94,Medium,Yes,3,Medium,High,Private,Neutral,2,Yes,College,Moderate,Female,64,CLG0087,114,7.8,8.2,6,Yes,9,6,5,Yes
5188,27,64,Medium,Medium,No,5,51,High,Yes,1,Low,High,Public,Negative,3,No,High School,Near,Female,64,CLG0052,100,8.28,7.8,10,No,6,7,5,No
5189,17,82,Medium,Medium,Yes,8,98,Medium,Yes,3,Medium,High,Public,Positive,4,No,High School,Moderate,Male,69,CLG0029,98,6.17,5.76,4,No,2,10,4,No
5190,22,83,Medium,Low,Yes,8,86,Medium,Yes,3,Medium,Low,Public,Negative,4,No,High School,Near,Male,68,CLG0092,120,5.58,5.67,7,No,7,9,0,No
5191,29,70,Medium,Low,No,6,59,High,Yes,2,Medium,Medium,Private,Neutral,4,No,Postgraduate,Far,Male,67,CLG0041,79,9.42,9.07,5,No,2,8,1,No
5192,22,93,High,Low,Yes,9,97,Medium,Yes,2,Medium,Medium,Public,Neutral,3,Yes,High School,Near,Male,71,CLG0091,93,5.55,5.69,8,No,6,10,5,No
5193,18,67,High,High,Yes,7,68,Medium,Yes,0,Medium,Medium,Public,Positive,4,No,High School,Near,Male,66,CLG0023,119,9.24,9.48,4,No,1,2,0,No
5194,28,85,Medium,Low,No,7,59,Low,Yes,1,Low,Medium,Public,Neutral,3,No,Postgraduate,Far,Male,67,CLG0076,80,9.82,10.19,4,No,3,2,2,No
5195,13,74,Medium,Medium,No,6,64,Low,Yes,4,High,High,Private,Neutral,3,Yes,High School,Near,Male,63,CLG0058,79,9.71,9.9,5,Yes,9,3,0,No
5196,17,66,Medium,Medium,Yes,7,89,Medium,Yes,0,Medium,Medium,Private,Negative,3,No,College,Near,Male,63,CLG0077,101,6.98,7.0,3,No,5,9,2,No
5197,19,75,Medium,High,Yes,5,61,High,Yes,0,Medium,Medium,Public,Negative,3,No,High School,Near,Female,65,CLG0041,121,10.0,9.69,5,No,6,3,5,Yes
5198,26,86,Low,High,Yes,7,82,Medium,Yes,2,Low,Medium,Private,Positive,3,No,High School,Moderate,Female,70,CLG0100,103,7.43,7.44,4,No,10,8,3,No
5199,14,68,High,Medium,Yes,8,99,High,Yes,0,High,Medium,Public,Positive,3,No,High School,Near,Female,66,CLG0078,99,8.18,7.69,9,No,0,3,2,No
5200,23,63,High,Medium,Yes,5,96,Medium,Yes,2,High,Medium,Public,Neutral,2,No,High School,Near,Female,67,CLG0056,106,7.54,7.96,5,No,8,3,3,No
5201,15,61,High,Medium,Yes,6,86,High,Yes,2,High,High,Public,Neutral,3,No,High School,Near,Female,65,CLG0040,84,7.2,7.56,6,Yes,0,2,2,No
5202,33,95,Low,Low,Yes,6,77,Low,Yes,2,High,High,Private,Positive,3,No,High School,Moderate,Female,73,CLG0023,95,9.12,9.32,1,No,5,2,5,No
5203,20,80,Medium,High,Yes,5,76,Medium,No,0,Low,Medium,Private,Negative,3,No,College,Near,Female,66,CLG0097,83,7.94,7.53,6,Yes,9,7,2,No
5204,12,72,Medium,Low,Yes,6,72,High,Yes,2,Low,High,Private,Negative,2,No,High School,Moderate,Female,61,CLG0021,102,8.11,7.83,4,Yes,9,1,4,No
5205,14,83,Low,Low,No,4,81,Low,Yes,1,Low,Medium,Public,Negative,4,Yes,High School,Moderate,Male,61,CLG0079,119,5.92,5.52,10,No,3,4,4,No
5206,21,85,Medium,High,Yes,6,92,Medium,Yes,1,Medium,High,Public,Neutral,2,Yes,High School,Moderate,Male,69,CLG0031,86,6.53,6.79,8,Yes,5,5,5,No
5207,21,78,Medium,Low,No,8,83,Medium,Yes,2,Medium,Medium,Public,Positive,4,Yes,High School,Far,Male,65,CLG0039,119,9.82,10.08,1,No,4,9,5,Yes
5208,31,73,Medium,High,Yes,6,68,High,Yes,1,Medium,Medium,Public,Positive,3,No,High School,Near,Female,70,CLG0087,113,5.85,6.12,10,No,6,10,2,Yes
5209,20,98,Medium,Medium,No,8,72,Medium,Yes,1,High,Medium,Public,Negative,4,No,High School,Near,Female,70,CLG0045,77,9.39,9.1,2,Yes,8,2,0,No
5210,21,64,Medium,Medium,No,9,82,Medium,Yes,2,Low,Medium,Public,Neutral,3,No,College,Moderate,Male,64,CLG0069,100,9.88,9.81,1,No,5,10,0,No
5211,19,94,Low,Medium,Yes,8,75,Medium,Yes,1,Medium,Medium,Public,Negative,3,No,College,Moderate,Female,68,CLG0047,118,6.76,6.47,3,Yes,10,3,2,No
5212,26,96,Medium,Medium,Yes,7,68,Medium,Yes,3,High,Medium,Private,Positive,3,No,College,Near,Female,74,CLG0088,120,8.71,8.59,1,No,3,5,4,Yes
5213,24,92,Medium,Medium,Yes,5,86,High,Yes,3,Medium,High,Public,Neutral,2,No,High School,Near,Female,73,CLG0090,119,7.33,7.22,6,Yes,1,4,4,No
5214,25,93,High,High,Yes,5,63,Medium,Yes,2,High,Medium,Public,Positive,2,No,Postgraduate,Near,Female,75,CLG0006,119,6.44,6.13,10,Yes,3,5,4,No
5215,19,65,Medium,Medium,No,9,57,Low,Yes,1,Medium,Medium,Public,Positive,2,Yes,High School,Near,Female,61,CLG0042,142,9.82,10.2,6,No,8,9,3,Yes
5216,14,62,Medium,Medium,Yes,7,97,High,Yes,0,Medium,Medium,Public,Positive,1,No,High School,Moderate,Male,62,CLG0030,101,8.34,7.87,9,No,7,9,3,No
5217,18,94,Low,Medium,Yes,9,53,Medium,Yes,3,Low,Medium,Public,Negative,3,No,College,Moderate,Female,67,CLG0071,87,6.38,5.89,6,Yes,3,10,4,No
5218,20,79,Medium,High,Yes,4,79,Low,Yes,0,Medium,High,Private,Neutral,4,No,High School,Moderate,Male,67,CLG0085,108,9.45,9.37,1,No,8,3,4,No
5219,14,98,Medium,Medium,Yes,7,84,Low,Yes,3,High,Medium,Public,Neutral,3,No,High School,Near,Female,70,CLG0028,108,9.74,10.07,7,Yes,5,8,2,Yes
5220,20,93,Medium,Low,No,8,63,Medium,Yes,0,Low,High,Public,Negative,3,No,High School,Moderate,Male,66,CLG0092,102,5.46,5.01,5,No,3,8,1,No
5221,21,89,High,High,Yes,7,76,Medium,Yes,1,Medium,Medium,Public,Positive,2,No,High School,Near,Male,71,CLG0027,81,9.09,9.08,8,No,4,4,2,No
5222,26,64,Medium,Medium,No,5,64,Medium,Yes,2,High,Medium,Public,Negative,1,No,High School,Near,Male,64,CLG0052,97,6.45,6.77,1,No,0,10,0,No
5223,8,73,Low,Medium,Yes,6,65,High,Yes,1,Low,Medium,Public,Neutral,4,No,College,Moderate,Male,61,CLG0023,84,6.34,6.78,8,No,1,1,2,No
5224,24,84,Low,Medium,Yes,7,52,Medium,Yes,0,Low,High,Public,Neutral,3,No,High School,Near,Male,66,CLG0011,99,9.05,9.08,7,Yes,6,4,0,No
5225,22,88,Medium,Low,Yes,7,70,Medium,Yes,3,Low,Medium,Public,Positive,2,No,High School,Near,Female,69,CLG0067,111,5.61,5.75,4,Yes,0,1,0,No
5226,16,66,Low,High,Yes,7,99,Medium,Yes,1,Low,Medium,Public,Positive,3,No,College,Near,Female,65,CLG0070,110,8.25,7.99,5,No,10,2,5,No
5227,27,92,Low,Medium,Yes,9,53,Low,Yes,2,Low,Medium,Public,Negative,2,No,College,Far,Male,68,CLG0086,94,6.94,7.05,5,No,0,10,2,No
5228,22,61,Low,High,Yes,7,76,Medium,Yes,1,High,Medium,Public,Positive,3,No,College,Near,Female,65,CLG0075,86,5.2,4.92,2,No,2,8,5,No
5229,24,77,High,Medium,Yes,10,73,Medium,Yes,3,Medium,Medium,Public,Positive,3,No,High School,Near,Male,70,CLG0022,99,7.42,7.72,3,Yes,1,8,2,No
5230,18,80,Low,High,Yes,8,75,Medium,No,2,Medium,Medium,Public,Negative,4,No,High School,Near,Male,65,CLG0038,114,7.36,7.05,10,Yes,3,1,4,No
5231,10,94,Low,Medium,No,9,59,Low,Yes,0,Medium,Medium,Public,Positive,2,No,Postgraduate,Near,Male,65,CLG0080,127,9.44,9.5,6,Yes,3,3,4,Yes
5232,21,92,High,Low,No,9,62,Medium,Yes,1,Medium,Low,Public,Positive,2,No,High School,Near,Female,68,CLG0003,91,9.37,9.47,6,Yes,2,9,5,Yes
5233,16,61,High,Medium,Yes,7,81,Low,Yes,2,Medium,Medium,Public,Neutral,1,No,High School,Near,Female,63,CLG0017,60,9.68,9.49,5,Yes,7,7,0,No
5234,11,94,Medium,Medium,No,5,67,Medium,Yes,2,High,Medium,Public,Neutral,5,No,High School,Near,Female,67,CLG0042,98,7.1,6.72,2,Yes,7,3,2,No
5235,21,68,Medium,Medium,Yes,5,85,Medium,No,3,High,Medium,Public,Positive,2,No,College,Moderate,Male,66,CLG0025,62,8.23,8.21,4,Yes,2,5,0,No
5236,28,62,Medium,High,No,6,96,Medium,Yes,4,Medium,High,Public,Positive,3,No,High School,Near,Male,70,CLG0088,118,7.65,8.1,3,No,3,5,3,Yes
5237,17,92,Low,Medium,Yes,8,88,High,No,1,High,Medium,Public,Neutral,3,No,High School,Near,Female,68,CLG0069,98,8.41,8.74,1,No,9,5,2,No
5238,17,81,High,Low,No,7,61,Medium,Yes,2,High,Medium,Public,Positive,2,No,College,Near,Female,67,CLG0038,79,8.66,9.12,10,Yes,10,8,0,No
5239,21,78,Medium,Medium,Yes,10,55,Medium,Yes,1,High,Low,Private,Positive,2,No,College,Near,Male,67,CLG0020,109,8.65,9.06,7,No,2,7,4,No
5240,20,90,Medium,Low,Yes,8,97,Low,Yes,1,Medium,Low,Private,Neutral,2,No,High School,Near,Female,68,CLG0085,94,6.96,7.13,3,Yes,9,6,5,No
5241,19,79,Medium,High,Yes,7,66,Low,Yes,3,High,Medium,Public,Positive,3,Yes,High School,Near,Male,67,CLG0023,116,5.98,5.8,8,Yes,9,7,2,No
5242,26,81,Medium,Medium,Yes,9,67,Medium,Yes,3,Low,Medium,Public,Neutral,2,No,College,Near,Female,69,CLG0072,90,5.8,5.33,1,No,10,2,5,No
5243,20,76,Medium,High,Yes,5,99,Low,No,3,Medium,High,Public,Negative,3,No,Postgraduate,Near,Female,69,CLG0039,110,7.82,7.56,8,No,10,3,2,No
5244,27,77,Medium,Medium,Yes,7,86,Low,Yes,1,High,Medium,Public,Neutral,3,No,High School,Moderate,Male,68,CLG0038,84,6.8,6.31,3,Yes,7,6,5,No
5245,17,68,High,Medium,Yes,4,65,High,Yes,0,Medium,Medium,Private,Positive,2,No,High School,Moderate,Male,64,CLG0068,96,6.41,6.13,8,Yes,1,8,3,No
5246,22,69,Low,Medium,No,7,98,Low,Yes,0,Low,Medium,Public,Positive,2,No,Postgraduate,Moderate,Male,64,CLG0073,138,9.22,9.4,2,Yes,5,3,5,Yes
5247,33,64,Medium,Low,Yes,10,76,Low,Yes,2,High,High,Private,Neutral,3,No,High School,Near,Male,68,CLG0086,89,5.19,4.94,6,No,1,4,3,No
5248,23,93,Medium,High,No,5,81,High,Yes,2,Low,Medium,Private,Negative,1,No,College,Near,Male,71,CLG0040,81,6.53,6.94,6,No,5,1,5,No
5249,29,73,Low,Low,Yes,7,63,Medium,Yes,1,Low,Medium,Public,Negative,4,No,Postgraduate,Far,Female,65,CLG0057,69,5.35,5.38,1,No,4,8,1,No
5250,22,82,Low,Medium,Yes,9,94,High,Yes,0,Medium,Medium,Public,Positive,4,No,High School,Moderate,Female,68,CLG0082,92,9.26,8.95,8,Yes,7,1,3,No
5251,11,91,High,Medium,No,7,69,Medium,Yes,2,Low,Medium,Private,Positive,2,No,College,Near,Male,67,CLG0028,136,9.49,9.09,5,No,7,8,3,Yes
5252,14,84,Medium,Medium,No,7,81,Medium,Yes,0,High,Medium,Public,Neutral,2,No,College,Near,Female,66,CLG0017,102,5.85,6.28,2,No,0,8,4,No
5253,21,68,Medium,Low,No,8,100,Low,Yes,0,Medium,Medium,Public,Positive,4,No,High School,Far,Male,63,CLG0012,80,6.45,6.76,6,No,0,7,2,No
5254,19,65,Medium,High,Yes,7,76,Medium,No,0,Medium,Medium,Public,Neutral,3,No,Postgraduate,Near,Female,64,CLG0035,109,5.99,6.03,4,Yes,9,5,3,No
5255,22,84,High,Medium,No,8,69,Medium,No,3,Medium,High,Private,Neutral,4,No,College,Near,Male,70,CLG0045,106,7.09,7.25,4,Yes,6,5,3,No
5256,23,75,Medium,Medium,No,7,64,High,Yes,1,Low,Medium,Public,Negative,3,Yes,High School,Moderate,Male,64,CLG0080,106,7.59,7.28,4,No,3,6,0,No
5257,7,75,Medium,Medium,No,7,98,Low,No,1,Low,High,Public,Positive,3,No,College,Near,Male,62,CLG0090,119,9.28,9.46,2,No,3,3,2,Yes
5258,21,94,Medium,Medium,Yes,7,73,Medium,Yes,1,Medium,Medium,Private,Positive,5,No,College,Near,Female,71,CLG0051,103,7.12,7.08,3,No,0,7,3,No
5259,27,78,High,High,No,8,85,Medium,Yes,0,High,Medium,Public,Positive,3,No,College,Near,Male,72,CLG0097,99,8.76,9.01,8,No,10,3,1,No
5260,12,65,Low,Medium,No,7,65,Medium,Yes,2,Medium,Medium,Public,Neutral,2,No,High School,Near,Male,60,CLG0045,96,8.02,7.61,6,Yes,10,1,5,No
5261,13,64,Low,Low,No,6,88,Medium,Yes,1,Medium,Medium,Public,Neutral,2,No,College,Moderate,Female,59,CLG0018,115,8.41,8.51,2,No,9,3,1,No
5262,21,89,High,Medium,Yes,7,51,Low,Yes,1,Medium,Medium,Public,Positive,4,No,High School,Near,Female,69,CLG0041,144,9.76,9.88,3,Yes,8,6,2,Yes
5263,32,79,Low,High,Yes,5,61,Medium,Yes,0,Low,High,Public,Positive,3,No,College,Near,Male,70,CLG0033,100,8.59,8.47,4,No,4,8,4,Yes
5264,27,73,Low,Medium,No,7,91,Medium,Yes,2,High,Medium,Public,Neutral,4,No,College,Far,Female,68,CLG0058,91,7.32,7.21,6,No,3,9,2,No
5265,17,61,Medium,Medium,No,7,74,High,Yes,0,Medium,Medium,Public,Neutral,2,No,Postgraduate,Near,Female,62,CLG0071,137,6.35,6.38,8,No,8,4,5,No
5266,28,81,Medium,High,No,6,96,Medium,Yes,0,Medium,Medium,Public,Neutral,2,No,High School,Near,Male,70,CLG0014,100,7.54,8.04,9,No,3,2,3,No
5267,17,87,Medium,Medium,No,6,99,Medium,Yes,2,Low,Medium,Private,Neutral,2,No,Postgraduate,Near,Male,69,CLG0082,101,9.66,9.2,8,No,7,4,5,No
5268,11,91,Medium,Medium,No,6,94,Medium,Yes,3,Medium,Medium,Public,Neutral,3,No,College,Moderate,Male,68,CLG0014,86,8.25,8.68,4,Yes,9,2,1,No
5269,21,73,High,High,No,5,90,Medium,Yes,0,Medium,Medium,Public,Neutral,2,No,College,Near,Female,68,CLG0075,117,7.05,7.49,10,No,1,6,0,No
5270,19,84,Medium,Medium,Yes,9,69,Medium,Yes,2,Medium,Low,Public,Neutral,4,No,College,Near,Female,68,CLG0065,96,7.39,7.69,6,No,1,2,5,No
5271,20,79,Medium,Medium,Yes,7,72,Low,No,1,Medium,Medium,Public,Negative,3,No,High School,Near,Male,65,CLG0024,87,6.53,6.44,8,No,2,3,4,No
5272,29,94,Low,High,Yes,4,95,Medium,Yes,1,Medium,Medium,Public,Positive,5,No,High School,Near,Male,74,CLG0047,102,6.78,7.12,10,No,2,10,5,No
5273,8,71,High,Medium,No,8,55,High,Yes,1,Low,High,Public,Positive,2,No,College,Moderate,Male,62,CLG0012,102,7.9,8.39,9,Yes,9,10,3,Yes
5274,22,64,High,Medium,Yes,10,77,Medium,Yes,1,Low,High,Public,Positive,3,No,High School,Moderate,Male,66,CLG0081,112,7.13,7.44,5,Yes,1,8,1,No
5275,14,78,Medium,High,Yes,8,85,Medium,Yes,2,Low,Medium,Private,Negative,4,No,High School,Near,Male,66,CLG0084,95,9.73,9.67,4,Yes,5,10,3,Yes
5276,18,90,High,High,Yes,6,54,Low,Yes,1,Medium,High,Public,Negative,3,No,High School,Near,Female,95,CLG0098,123,7.72,7.45,1,No,0,5,4,No
5277,26,98,Medium,Medium,Yes,4,81,Low,Yes,1,Low,Medium,Public,Positive,4,No,Postgraduate,Near,Male,73,CLG0062,92,5.98,6.18,1,Yes,6,7,4,No
5278,22,63,Medium,Medium,No,9,87,Low,Yes,0,High,High,Public,Negative,2,No,College,Moderate,Female,63,CLG0071,103,8.76,8.94,1,Yes,8,2,0,No
5279,11,68,Medium,High,Yes,5,99,Medium,Yes,1,High,Medium,Public,Neutral,4,No,Postgraduate,Near,Female,66,CLG0082,102,5.31,5.18,8,No,8,6,5,No
5280,19,61,High,Medium,No,9,67,Medium,Yes,0,Low,Medium,Public,Negative,2,No,College,Far,Female,61,CLG0088,97,9.43,9.88,3,No,9,7,4,No
5281,18,65,Medium,High,No,6,83,Low,Yes,1,Medium,High,Private,Neutral,2,No,High School,Near,Male,64,CLG0031,102,7.31,7.22,4,Yes,8,6,3,No
5282,14,81,High,Medium,No,4,85,Low,Yes,3,Medium,High,Public,Positive,4,No,Postgraduate,Moderate,Female,69,CLG0079,115,5.46,5.69,4,Yes,2,9,4,Yes
5283,22,76,Medium,Medium,Yes,8,59,Medium,Yes,1,Low,Medium,Public,Positive,2,No,College,Near,Female,66,CLG0006,112,7.54,7.76,3,No,5,7,1,No
5284,23,98,Medium,Low,No,7,55,Medium,Yes,3,High,High,Private,Neutral,4,No,High School,Near,Male,71,CLG0022,109,8.41,8.21,6,No,6,4,4,No
5285,26,86,Medium,High,Yes,6,83,Medium,Yes,2,Low,Medium,Public,Positive,4,No,High School,Near,Male,72,CLG0053,120,8.07,8.09,10,No,4,7,1,No
5286,29,88,Medium,High,No,7,96,Low,Yes,2,Low,Low,Public,Positive,2,No,High School,Near,Female,72,CLG0095,106,9.18,9.03,9,No,8,4,0,No
5287,14,92,High,Low,Yes,9,56,Low,Yes,1,Medium,Medium,Public,Neutral,4,No,High School,Moderate,Female,66,CLG0006,101,7.05,6.9,4,Yes,4,7,4,No
5288,28,64,Medium,High,Yes,6,84,Low,Yes,2,Medium,Medium,Private,Positive,2,No,Postgraduate,Near,Male,69,CLG0013,116,9.34,8.85,8,No,2,1,4,Yes
5289,25,65,High,High,Yes,4,76,High,Yes,1,High,Medium,Private,Neutral,1,No,High School,Moderate,Female,67,CLG0089,87,9.95,10.42,10,No,5,6,3,No
5290,14,67,High,Low,No,9,87,Medium,Yes,1,Medium,Medium,Private,Positive,3,No,High School,Near,Male,63,CLG0088,85,8.54,8.67,9,No,1,5,1,No
5291,13,63,High,Medium,Yes,5,65,Medium,Yes,2,High,Medium,Private,Neutral,2,No,High School,Far,Male,62,CLG0044,115,9.77,9.6,8,Yes,1,4,3,Yes
5292,23,95,Medium,Medium,Yes,7,75,Medium,Yes,2,High,Medium,Public,Positive,2,No,College,Near,Male,73,CLG0002,101,7.34,6.97,9,Yes,5,2,0,No
5293,23,77,High,High,Yes,8,54,Medium,Yes,1,Low,Medium,Public,Negative,3,No,College,Moderate,Female,67,CLG0084,105,8.56,8.82,2,Yes,0,1,5,No
5294,29,78,High,Medium,No,6,92,Medium,Yes,2,Low,Medium,Private,Negative,4,No,High School,Near,Male,70,CLG0063,87,9.13,8.8,5,Yes,6,3,3,No
5295,24,84,Medium,Medium,Yes,6,74,Medium,Yes,2,Medium,High,Public,Positive,2,No,High School,Far,Male,69,CLG0019,104,5.22,4.86,2,No,10,9,2,No
5296,11,61,Medium,Medium,Yes,9,98,High,Yes,0,Medium,High,Public,Negative,2,No,High School,Moderate,Male,61,CLG0094,81,6.59,6.16,1,Yes,6,8,1,No
5297,16,72,High,Medium,Yes,9,76,High,Yes,6,Low,Low,Public,Negative,3,No,High School,Near,Male,67,CLG0067,97,9.93,10.4,3,No,10,6,5,No
5298,14,84,High,Medium,Yes,9,86,High,Yes,1,Low,Medium,Private,Positive,4,No,High School,Near,Female,68,CLG0043,100,7.41,7.18,8,No,1,8,5,No
5299,16,66,Low,Medium,No,6,93,Medium,Yes,7,Low,Medium,Public,Negative,2,No,High School,Far,Male,63,CLG0036,78,9.98,9.66,8,Yes,9,3,2,No
5300,17,67,High,High,Yes,9,94,Medium,Yes,2,Low,Low,Private,Positive,3,No,High School,Near,Female,66,CLG0034,96,7.28,7.58,4,Yes,4,6,5,No
5301,17,87,Low,Low,Yes,9,71,Medium,Yes,2,Low,Medium,Public,Neutral,3,No,College,Moderate,Female,65,CLG0099,110,8.67,8.25,8,No,0,8,4,Yes
5302,16,74,High,High,Yes,6,90,Medium,Yes,1,Low,Medium,Private,Negative,4,Yes,High School,Near,Female,66,CLG0073,91,6.67,6.97,6,No,8,9,0,No
5303,18,74,High,Medium,No,8,75,High,Yes,1,High,High,Public,Positive,3,No,Postgraduate,Moderate,Male,68,CLG0091,85,6.88,6.63,5,No,3,2,5,No
5304,23,87,High,High,Yes,10,87,Medium,Yes,1,Medium,Medium,Private,Positive,3,No,College,Near,Male,73,CLG0026,115,9.41,9.52,2,No,1,5,5,Yes
5305,26,81,Low,Medium,No,7,65,Low,Yes,1,Medium,Medium,Public,Neutral,3,No,High School,Far,Male,65,CLG0006,111,5.38,5.88,8,No,8,5,5,No
5306,14,96,Medium,High,No,6,66,Medium,Yes,3,Medium,Medium,Public,Positive,2,No,College,Near,Female,70,CLG0059,77,8.22,8.44,7,Yes,4,3,2,No
5307,24,62,Low,Medium,No,7,95,Medium,Yes,1,High,Low,Public,Positive,3,No,College,Far,Female,64,CLG0062,116,8.29,7.81,7,Yes,9,4,4,No
5308,16,67,High,Medium,Yes,9,74,Medium,Yes,1,High,High,Public,Positive,3,No,Postgraduate,Moderate,Male,66,CLG0025,113,7.97,8.08,3,Yes,1,7,3,Yes
5309,22,75,Medium,Medium,No,7,88,Low,Yes,0,Low,Medium,Private,Neutral,3,No,Postgraduate,Far,Male,65,CLG0039,93,7.87,7.84,10,No,4,10,3,No
5310,17,62,High,Low,Yes,6,54,Low,Yes,2,Medium,High,Public,Neutral,3,No,College,Near,Male,62,CLG0012,94,7.8,7.33,2,No,10,2,3,No
5311,25,80,High,Low,No,7,53,Medium,Yes,1,Medium,Medium,Private,Neutral,3,No,College,Moderate,Male,67,CLG0029,91,9.82,9.9,5,Yes,4,3,0,No
5312,22,83,Medium,Medium,Yes,8,60,Low,No,4,Medium,Medium,Public,Neutral,2,No,Postgraduate,Moderate,Female,68,CLG0024,113,7.93,8.13,2,No,3,5,5,Yes
5313,20,83,High,Low,Yes,6,94,Medium,Yes,1,Low,Medium,Public,Neutral,2,No,High School,Near,Male,67,CLG0097,117,5.0,4.87,3,Yes,8,6,1,No
5314,25,87,Medium,Medium,No,8,94,High,Yes,0,Medium,High,Public,Positive,4,No,High School,Near,Male,71,CLG0050,106,5.98,6.33,10,No,2,10,5,No
5315,17,82,Medium,Low,Yes,6,84,High,Yes,2,Low,Low,Public,Negative,3,No,High School,Moderate,Female,65,CLG0007,92,9.35,9.21,5,No,8,4,2,No
5316,9,77,Low,Low,No,7,80,Medium,Yes,3,Medium,Medium,Public,Positive,3,Yes,High School,Near,Male,61,CLG0052,84,9.01,9.15,2,Yes,1,4,2,No
5317,10,71,Medium,Low,No,10,53,Low,Yes,4,High,Medium,Private,Positive,3,No,High School,Near,Female,62,CLG0047,104,8.22,8.08,8,Yes,2,7,2,No
5318,28,73,Low,Medium,Yes,4,73,Medium,Yes,2,High,High,Public,Positive,2,No,Postgraduate,Near,Female,70,CLG0053,103,9.11,9.37,10,No,10,8,5,Yes
5319,19,97,Medium,High,No,7,53,Medium,Yes,2,Low,Low,Private,Neutral,3,No,College,Moderate,Male,69,CLG0066,102,8.3,8.79,5,Yes,5,7,5,No
5320,23,70,Medium,High,Yes,7,73,High,Yes,1,Low,Medium,Private,Positive,3,No,Postgraduate,Near,Male,68,CLG0003,105,8.96,9.34,1,No,5,9,4,Yes
5321,20,88,Low,Medium,Yes,5,85,Medium,Yes,2,Medium,Medium,Public,Negative,3,No,High School,Near,Male,68,CLG0100,87,5.74,5.9,9,No,1,1,0,No
5322,26,77,High,Medium,Yes,5,90,Medium,Yes,1,Medium,Medium,Private,Neutral,2,No,High School,Far,Female,68,CLG0099,73,9.47,9.15,2,No,4,8,0,No
5323,17,96,High,Medium,No,6,60,Medium,Yes,1,Low,Medium,Public,Neutral,3,No,College,Near,Female,69,CLG0036,107,9.45,9.4,10,No,8,5,2,No
5324,31,69,Medium,Medium,No,7,52,Medium,No,2,High,Low,Public,Neutral,5,No,College,Far,Male,92,CLG0009,107,9.45,9.86,7,No,0,8,4,Yes
5325,23,90,Medium,Medium,No,7,89,Low,Yes,2,High,Medium,Public,Positive,4,No,College,Moderate,Female,71,CLG0001,88,6.4,6.71,5,No,0,1,1,No
5326,17,85,Low,Medium,Yes,7,84,Medium,Yes,3,Medium,Medium,Public,Positive,2,No,College,Far,Female,67,CLG0021,103,7.58,7.55,10,No,7,10,3,No
5327,23,91,High,Low,Yes,7,97,Low,Yes,2,Low,Medium,Public,Neutral,3,No,College,Moderate,Male,71,CLG0022,88,5.18,4.95,10,No,0,4,1,No
5328,21,72,Medium,Medium,Yes,5,57,Medium,Yes,1,High,Medium,Public,Neutral,5,Yes,College,Moderate,Male,64,CLG0030,93,5.89,5.93,10,No,4,6,4,No
5329,18,86,Low,Low,Yes,9,64,Low,Yes,3,Low,High,Public,Positive,3,No,High School,Near,Female,66,CLG0081,88,9.61,9.83,2,Yes,3,9,0,No
5330,19,96,Low,Medium,No,7,71,Medium,Yes,2,Low,High,Private,Positive,3,No,Postgraduate,Moderate,Male,70,CLG0072,107,9.31,9.29,10,Yes,5,2,5,No
5331,19,71,High,Medium,Yes,10,81,Medium,Yes,2,Medium,High,Public,Positive,3,No,High School,Near,Female,68,CLG0099,91,5.74,5.63,1,No,10,6,4,No
5332,28,81,Medium,Low,Yes,6,65,Medium,Yes,1,Low,Medium,Public,Positive,2,No,High School,Moderate,Male,67,CLG0069,96,10.0,10.16,1,No,0,1,2,No
5333,12,95,Medium,Medium,No,8,61,High,Yes,4,High,High,Private,Neutral,1,No,College,Near,Male,69,CLG0075,101,9.46,9.46,6,No,7,3,4,No
5334,21,96,Medium,Medium,Yes,9,87,Medium,Yes,0,Medium,Medium,Public,Neutral,6,Yes,High School,Near,Female,70,CLG0027,75,6.19,6.1,10,Yes,0,7,4,No
5335,19,100,High,Low,Yes,5,55,Low,Yes,2,Low,Medium,Public,Positive,4,No,High School,Moderate,Male,69,CLG0036,127,9.25,9.21,4,No,5,4,2,Yes
5336,24,95,Medium,Low,Yes,9,90,Medium,Yes,3,Low,Low,Public,Positive,4,No,High School,Moderate,Male,71,CLG0069,103,5.87,6.24,8,Yes,2,2,1,No
5337,10,77,Medium,High,No,8,99,Medium,Yes,0,Medium,High,Public,Neutral,4,Yes,High School,Near,Male,64,CLG0020,105,8.48,8.95,8,No,10,4,5,No
5338,29,88,Low,Medium,Yes,8,97,Medium,Yes,4,Low,High,Public,Negative,3,Yes,College,Moderate,Male,71,CLG0080,87,9.24,9.33,2,Yes,1,1,3,No
5339,15,80,Medium,High,Yes,4,64,Medium,Yes,1,Medium,Medium,Public,Neutral,1,No,High School,Near,Male,65,CLG0084,110,7.4,7.56,10,No,0,1,5,No
5340,28,81,Medium,High,Yes,8,92,Medium,Yes,1,High,Medium,Public,Positive,3,No,College,Near,Female,73,CLG0061,90,6.79,7.28,7,No,5,8,4,No
5341,19,85,Medium,Medium,Yes,9,53,High,Yes,1,Medium,Medium,Public,Neutral,3,No,College,Far,Male,66,CLG0076,98,6.19,6.43,2,No,1,3,1,No
5342,22,64,Medium,Medium,No,8,65,Low,Yes,2,Medium,Medium,Private,Neutral,4,No,Postgraduate,Near,Female,65,CLG0083,99,7.91,7.62,8,Yes,5,7,2,No
5343,7,82,High,High,Yes,8,56,Medium,Yes,0,Low,Medium,Private,Negative,2,No,High School,Far,Male,62,CLG0002,106,8.2,8.02,10,Yes,7,5,2,No
5344,15,84,Medium,Medium,No,4,92,Low,Yes,2,Medium,Medium,Public,Negative,3,No,High School,Moderate,Female,66,CLG0024,79,5.81,6.14,5,No,5,5,1,No
5345,17,85,High,Medium,Yes,10,66,Medium,Yes,1,High,Medium,Public,Neutral,1,Yes,Postgraduate,Moderate,Male,67,CLG0097,101,6.18,5.92,6,No,3,5,1,No
5346,22,66,Medium,Medium,Yes,6,97,Low,Yes,0,High,Low,Public,Neutral,3,No,High School,Moderate,Female,64,CLG0073,88,7.11,6.92,5,No,2,1,1,No
5347,23,95,Low,Medium,Yes,7,80,High,Yes,2,Low,Medium,Public,Neutral,4,No,High School,Moderate,Female,70,CLG0078,83,9.77,9.68,1,No,2,2,3,No
5348,18,87,Medium,Medium,No,5,61,High,Yes,2,Medium,Medium,Public,Positive,1,No,High School,Near,Male,68,CLG0058,109,5.42,5.5,10,No,10,4,1,No
5349,20,79,High,Medium,No,8,53,Medium,Yes,2,Medium,Medium,Private,Neutral,3,No,High School,Moderate,Female,66,CLG0074,110,7.61,7.11,8,No,9,1,4,No
5350,26,86,Medium,High,Yes,9,91,Medium,Yes,3,High,Medium,Public,Neutral,3,Yes,High School,Near,Female,72,CLG0087,86,7.13,7.53,3,No,3,7,1,No
5351,24,72,Low,Medium,Yes,8,73,Low,Yes,1,Low,Medium,Public,Positive,2,No,College,Moderate,Female,65,CLG0004,96,7.62,7.83,4,No,9,5,3,No
5352,24,97,High,Medium,No,5,74,High,Yes,0,Medium,Low,Public,Neutral,5,No,High School,Near,Female,72,CLG0092,98,8.54,9.03,5,Yes,10,10,2,Yes
5353,23,87,Low,Medium,No,8,88,High,Yes,2,Medium,High,Public,Neutral,3,No,High School,Near,Male,70,CLG0091,84,8.72,8.33,3,No,9,10,0,No
5354,19,61,Medium,Medium,No,6,67,Low,Yes,1,Medium,Medium,Public,Positive,1,No,College,Near,Male,62,CLG0052,102,5.46,5.94,10,No,6,6,0,No
5355,5,70,High,High,Yes,8,55,Medium,Yes,3,Low,Medium,Public,Neutral,3,No,High School,Near,Male,62,CLG0069,96,9.08,8.91,8,Yes,7,2,5,No
5356,20,63,Medium,Medium,Yes,4,86,Low,Yes,0,High,Medium,Public,Neutral,3,No,College,Near,Male,64,CLG0007,102,8.18,8.36,10,No,3,9,2,Yes
5357,16,82,Medium,Medium,No,7,82,Medium,Yes,1,Medium,Low,Public,Neutral,3,No,Postgraduate,Moderate,Female,66,CLG0040,93,7.98,8.12,2,No,9,4,3,No
5358,24,75,Low,Medium,No,6,65,Medium,No,0,Medium,Medium,Public,Positive,5,No,College,Moderate,Male,65,CLG0006,114,8.04,8.19,1,No,1,9,4,Yes
5359,21,91,Medium,High,No,5,72,Medium,Yes,3,Low,Medium,Public,Negative,3,Yes,High School,Near,Female,69,CLG0100,99,5.29,4.99,4,No,9,6,0,No
5360,13,94,Medium,Medium,Yes,7,91,Low,Yes,3,Low,Medium,Public,Neutral,3,No,High School,Near,Male,68,CLG0056,109,5.12,4.99,8,No,9,10,1,No
5361,22,97,Medium,Medium,No,7,79,High,Yes,2,Medium,High,Public,Positive,0,No,High School,Far,Male,71,CLG0086,103,6.01,6.3,3,No,7,2,2,No
5362,30,79,Medium,High,No,9,60,Medium,Yes,1,Low,Medium,Public,Neutral,3,No,High School,Near,Female,69,CLG0077,92,7.57,7.44,4,Yes,6,7,1,No
5363,11,75,Low,Medium,No,7,92,Medium,No,2,Low,High,Public,Positive,4,No,College,Moderate,Female,63,CLG0094,114,8.87,9.29,8,Yes,10,1,0,No
5364,18,77,Medium,Medium,Yes,7,62,Low,Yes,2,High,Medium,Private,Neutral,4,No,College,Near,Male,66,CLG0015,96,9.48,9.14,3,No,3,9,5,Yes
5365,24,92,Medium,High,No,9,76,Medium,Yes,2,High,Medium,Public,Positive,2,No,High School,Near,Female,72,CLG0038,73,9.55,9.65,9,Yes,6,1,5,No
5366,25,63,Low,Medium,Yes,9,54,Medium,Yes,3,Medium,Low,Public,Positive,2,No,High School,Near,Male,64,CLG0079,92,8.61,9.03,9,No,7,4,4,No
5367,14,83,Medium,Low,Yes,6,82,Medium,Yes,0,Medium,Medium,Public,Positive,2,No,High School,Near,Female,65,CLG0087,103,6.58,6.46,1,No,3,4,2,No
5368,21,95,High,Medium,Yes,7,81,Medium,Yes,0,Medium,Medium,Public,Neutral,3,No,High School,Near,Male,71,CLG0027,101,6.55,6.13,6,Yes,10,10,2,No
5369,20,90,Low,Medium,No,7,65,Low,No,4,Low,High,Public,Positive,4,No,College,Moderate,Female,68,CLG0044,112,5.66,5.31,4,No,5,5,1,No
5370,21,93,Medium,Low,No,6,64,Medium,Yes,2,Low,Medium,Public,Positive,4,No,Postgraduate,Moderate,Male,69,CLG0017,83,5.4,5.51,10,Yes,5,7,4,No
5371,17,98,Low,High,No,6,87,High,No,3,Medium,Medium,Private,Positive,5,No,College,Near,Female,71,CLG0084,89,6.5,6.68,6,No,5,3,1,No
5372,27,75,Medium,Low,Yes,7,54,Low,Yes,2,Medium,Medium,Public,Negative,3,No,Postgraduate,Near,Female,66,CLG0082,112,7.2,7.04,10,Yes,1,4,3,No
5373,11,85,Medium,Medium,Yes,8,92,Low,Yes,2,Medium,Medium,Public,Negative,4,No,High School,Far,Female,65,CLG0012,106,8.48,8.68,1,No,0,4,1,No
5374,15,74,Medium,Low,No,7,60,Low,Yes,2,Medium,Medium,Public,Positive,3,No,High School,Far,Female,62,CLG0050,97,6.46,6.9,10,No,0,7,3,No
5375,23,81,High,Medium,No,8,69,Medium,Yes,5,Medium,Medium,Public,Negative,2,No,High School,Moderate,Male,69,CLG0075,95,5.84,5.89,2,Yes,2,2,1,No
5376,18,77,Medium,Medium,Yes,6,95,High,Yes,0,Medium,High,Private,Positive,2,No,Postgraduate,Moderate,Female,68,CLG0099,100,7.35,7.63,7,Yes,1,8,0,No
5377,26,60,Low,High,Yes,6,54,Low,Yes,1,Low,Medium,Private,Positive,1,No,Postgraduate,Moderate,Male,63,CLG0016,103,8.53,8.72,9,No,3,5,4,No
5378,25,77,High,Medium,Yes,7,70,Medium,Yes,0,Medium,Medium,Public,Neutral,5,No,High School,Near,Male,68,CLG0082,103,5.22,5.2,2,No,7,6,5,No
5379,21,93,Low,High,Yes,9,78,Low,Yes,1,Medium,Low,Public,Neutral,2,Yes,High School,Far,Male,67,CLG0089,119,8.67,9.02,4,Yes,10,8,3,Yes
5380,23,87,High,Medium,No,5,96,Medium,Yes,2,Medium,Medium,Public,Positive,3,No,College,Moderate,Female,72,CLG0075,93,8.32,8.48,7,Yes,7,2,3,No
5381,9,80,Medium,Low,Yes,4,52,Low,Yes,1,High,Medium,Public,Positive,2,No,Postgraduate,Near,Female,63,CLG0053,99,5.15,5.17,3,No,8,1,2,No
5382,19,80,High,High,Yes,7,67,Medium,Yes,2,Low,High,Public,Neutral,2,Yes,Postgraduate,Near,Female,68,CLG0067,101,5.86,5.6,9,Yes,1,8,4,No
5383,14,94,Low,Medium,Yes,6,76,Medium,No,0,Low,Low,Public,Neutral,3,No,High School,Near,Male,64,CLG0075,84,9.76,9.93,5,No,10,5,1,No
5384,20,98,Medium,Low,No,7,50,Low,Yes,1,Medium,High,Private,Neutral,2,No,High School,Near,Female,68,CLG0051,104,8.99,8.77,9,No,4,10,4,Yes
5385,12,68,High,High,Yes,7,75,Medium,Yes,1,Medium,Low,Private,Positive,4,No,High School,Near,Male,64,CLG0073,93,8.61,8.7,2,No,4,1,0,No
5386,22,67,Medium,Medium,Yes,7,79,Medium,Yes,1,Medium,Low,Private,Neutral,3,No,College,Moderate,Female,65,CLG0005,75,6.91,7.0,6,No,3,6,3,No
5387,19,90,Medium,Medium,No,8,68,Low,Yes,0,High,Medium,Public,Negative,4,No,High School,Moderate,Male,66,CLG0024,82,8.29,8.2,1,No,1,5,0,No
5388,27,74,Medium,High,Yes,9,84,Low,Yes,3,High,Medium,Private,Negative,3,No,College,Near,Female,70,CLG0085,120,9.44,9.85,6,Yes,1,7,5,Yes
5389,20,66,Medium,Medium,Yes,7,94,Low,Yes,0,Medium,Low,Public,Neutral,4,No,High School,Moderate,Female,63,CLG0075,97,6.17,6.39,7,No,9,10,3,No
5390,24,68,Medium,High,Yes,9,92,Low,Yes,1,Low,High,Public,Positive,2,No,High School,Near,Male,67,CLG0098,104,8.5,8.33,9,Yes,8,3,1,No
5391,13,77,Low,High,No,6,85,Low,Yes,2,Low,Medium,Public,Neutral,4,No,Postgraduate,Near,Female,65,CLG0032,90,7.5,7.61,10,Yes,4,9,3,No
5392,15,77,Low,Medium,Yes,8,63,Medium,Yes,0,Medium,Medium,Public,Neutral,1,No,High School,Near,Female,62,CLG0019,93,9.08,9.05,7,No,5,6,5,No
5393,23,98,High,High,Yes,6,77,Medium,Yes,1,Low,High,Public,Neutral,1,No,Postgraduate,Near,Female,74,CLG0046,118,6.96,7.0,4,Yes,9,9,3,Yes
5394,27,97,Low,High,Yes,8,81,Medium,Yes,0,High,Medium,Public,Positive,5,No,High School,Near,Female,73,CLG0056,76,8.05,7.99,5,No,7,3,3,No
5395,18,94,Medium,Medium,No,6,71,Low,Yes,2,High,Medium,Public,Neutral,3,No,Postgraduate,Far,Male,69,CLG0020,74,7.18,6.73,5,No,1,7,2,No
5396,29,89,Low,Medium,Yes,8,98,Medium,Yes,1,Medium,Medium,Public,Negative,4,No,High School,Moderate,Male,71,CLG0062,102,7.15,7.32,10,Yes,8,4,3,No
5397,22,89,Medium,High,Yes,5,58,Medium,Yes,4,High,High,Public,Neutral,2,Yes,College,Near,Female,71,CLG0066,123,8.88,9.3,3,No,8,7,2,Yes
5398,14,65,Low,Medium,Yes,7,81,Medium,Yes,1,Low,Medium,Public,Positive,3,No,High School,Moderate,Female,61,CLG0026,112,7.63,7.62,3,No,1,4,5,No
5399,19,88,Medium,Medium,Yes,8,89,Medium,Yes,3,Medium,Medium,Public,Positive,3,No,Postgraduate,Near,Male,71,CLG0074,90,9.93,9.43,1,No,2,2,0,No
5400,19,82,Medium,Medium,No,5,90,Medium,Yes,1,High,Medium,Public,Negative,3,No,College,Near,Male,68,CLG0094,102,9.6,9.84,5,Yes,6,9,3,Yes
5401,20,62,Medium,Medium,Yes,9,95,Low,Yes,0,Medium,Medium,Private,Neutral,3,Yes,High School,Near,Male,62,CLG0098,106,6.34,6.6,7,Yes,9,1,2,No
5402,23,76,Low,Medium,Yes,6,98,Medium,Yes,1,Low,High,Public,Neutral,3,No,College,Moderate,Male,67,CLG0088,111,9.99,9.9,4,No,0,6,4,Yes
5403,28,98,Medium,High,Yes,7,72,Medium,Yes,1,Low,High,Private,Positive,2,No,College,Near,Male,74,CLG0038,117,9.83,9.85,7,No,10,7,3,Yes
5404,14,77,Low,High,No,6,75,Medium,Yes,1,Medium,High,Public,Neutral,4,Yes,High School,Near,Female,89,CLG0012,98,9.8,10.1,2,No,6,6,3,No
5405,18,96,Medium,High,No,7,67,Medium,Yes,1,High,Medium,Public,Positive,2,No,High School,Near,Female,71,CLG0036,109,5.36,5.83,9,No,3,1,1,No
5406,18,92,Low,Medium,Yes,8,54,Medium,Yes,1,Medium,Medium,Public,Positive,3,No,High School,Near,Male,67,CLG0087,97,9.34,9.53,8,No,9,1,3,No
5407,20,91,Medium,Medium,Yes,7,93,High,Yes,1,Low,Medium,Public,Negative,3,No,Postgraduate,Moderate,Male,70,CLG0005,94,6.68,6.95,7,No,10,6,1,No
5408,16,74,Low,Medium,Yes,9,86,Low,Yes,1,Low,Medium,Private,Neutral,2,No,High School,Near,Female,63,CLG0094,108,7.21,7.3,3,No,5,1,1,No
5409,32,75,High,Medium,Yes,7,97,High,Yes,1,Medium,Medium,Private,Neutral,3,No,College,Moderate,Male,72,CLG0060,115,9.95,9.55,6,No,2,1,2,Yes
5410,22,73,High,Medium,Yes,6,59,Low,Yes,0,Low,Medium,Public,Positive,1,No,High School,Near,Male,65,CLG0026,101,7.58,7.46,1,No,3,10,0,No
5411,15,71,High,Medium,No,6,69,High,No,3,Medium,High,Public,Positive,3,No,Postgraduate,Moderate,Female,66,CLG0015,75,5.93,5.51,1,Yes,10,9,0,No
5412,14,90,High,Medium,Yes,5,84,Medium,Yes,0,Low,Medium,Public,Negative,3,No,Postgraduate,Near,Female,68,CLG0023,97,9.16,9.33,2,Yes,10,10,0,No
5413,28,76,Medium,Medium,Yes,6,75,Low,Yes,0,Medium,High,Public,Positive,2,No,High School,Near,Female,68,CLG0012,83,5.84,6.09,3,Yes,0,5,1,No
5414,16,75,Medium,High,Yes,7,91,Low,Yes,2,Low,Low,Public,Positive,5,No,High School,Far,Male,65,CLG0094,86,5.31,5.45,1,Yes,3,5,3,No
5415,14,78,High,High,Yes,8,80,Low,Yes,1,Medium,Medium,Public,Neutral,1,No,High School,Near,Female,66,CLG0042,95,9.26,9.05,3,Yes,4,6,4,No
5416,24,81,Medium,Medium,Yes,7,71,High,Yes,1,Medium,High,Public,Neutral,3,No,College,Near,Male,70,CLG0047,92,6.71,7.03,7,No,7,5,5,No
5417,25,91,Low,Medium,Yes,8,96,Medium,Yes,3,Medium,Medium,Public,Neutral,3,No,High School,Near,Female,72,CLG0028,84,9.65,9.42,5,No,8,2,5,No
5418,9,71,Low,High,Yes,7,89,Medium,Yes,0,Low,Medium,Public,Negative,2,No,High School,Near,Male,61,CLG0004,85,5.04,4.71,3,No,8,2,4,No
5419,10,63,High,Medium,No,9,59,Low,Yes,0,Medium,High,Public,Positive,5,No,Postgraduate,Moderate,Male,61,CLG0035,110,9.38,9.86,7,Yes,9,4,4,No
5420,14,91,Medium,Medium,Yes,8,93,Medium,Yes,0,Medium,Medium,Public,Neutral,3,No,High School,Moderate,Male,67,CLG0036,90,7.83,7.57,4,Yes,2,3,5,No
5421,22,72,Low,Low,Yes,8,67,High,Yes,2,Medium,Medium,Public,Negative,4,No,College,Far,Male,64,CLG0094,118,7.75,8.09,3,Yes,8,6,1,No
5422,25,64,Medium,Low,Yes,8,91,Medium,Yes,1,Low,Low,Public,Positive,5,No,College,Near,Male,66,CLG0004,95,9.77,9.32,2,No,9,4,4,No
5423,31,95,Medium,Medium,No,5,99,Medium,Yes,1,Medium,Medium,Private,Neutral,4,No,High School,Near,Female,74,CLG0077,93,7.32,7.25,5,No,0,2,0,No
5424,22,83,Medium,Medium,Yes,5,73,High,No,0,Low,Medium,Public,Positive,3,No,High School,Near,Male,67,CLG0025,80,5.18,5.3,4,No,2,5,1,No
5425,27,75,Medium,Low,Yes,10,57,Medium,Yes,3,High,Low,Public,Negative,3,No,High School,Near,Male,66,CLG0003,108,8.92,8.44,9,Yes,3,2,5,No
5426,23,72,High,Medium,No,8,58,Medium,No,2,Low,High,Private,Positive,2,No,College,Near,Female,66,CLG0092,104,5.06,5.27,2,No,8,5,3,No
5427,19,82,Low,Low,No,6,74,Medium,Yes,1,Medium,High,Public,Neutral,2,No,High School,Moderate,Male,64,CLG0080,95,6.9,7.22,3,Yes,10,7,2,No
5428,27,98,Medium,High,No,4,82,Medium,Yes,0,High,Medium,Public,Positive,3,No,High School,Near,Female,74,CLG0086,119,5.26,5.28,10,Yes,5,2,4,No
5429,18,77,Low,Medium,No,7,100,Medium,Yes,2,High,High,Private,Positive,3,Yes,High School,Near,Male,67,CLG0067,101,6.8,6.45,6,Yes,8,3,0,No
5430,20,99,Medium,Low,Yes,7,64,High,Yes,0,Medium,Medium,Public,Positive,4,No,High School,Near,Male,70,CLG0068,86,7.49,7.91,2,No,7,4,1,No
5431,14,69,Medium,Low,Yes,8,79,Medium,Yes,1,High,Medium,Public,Negative,1,No,Postgraduate,Moderate,Female,62,CLG0051,81,5.72,6.11,3,Yes,6,7,4,No
5432,4,83,High,Medium,No,7,99,Low,Yes,1,Low,Low,Private,Neutral,3,No,College,Near,Female,64,CLG0038,82,7.36,7.38,3,Yes,4,4,2,No
5433,28,73,Low,Medium,Yes,7,63,Low,Yes,0,Low,Medium,Public,Positive,2,No,High School,Near,Male,65,CLG0037,109,7.85,8.31,1,Yes,2,9,2,Yes
5434,15,60,Medium,Low,Yes,5,72,High,Yes,2,High,High,Public,Positive,2,No,High School,Near,Male,62,CLG0098,112,5.88,5.65,10,Yes,10,2,5,No
5435,8,87,High,High,No,9,97,Low,Yes,2,Low,Medium,Public,Positive,3,No,High School,Near,Male,67,CLG0031,107,7.49,7.63,2,No,10,9,4,No
5436,14,81,Low,Medium,No,6,89,Medium,No,6,Low,High,Private,Neutral,3,No,College,Near,Female,67,CLG0017,109,9.99,10.01,2,No,10,4,5,No
5437,16,93,Medium,Medium,Yes,5,82,Low,Yes,5,High,Medium,Public,Positive,1,No,High School,Near,Male,71,CLG0098,90,9.87,9.74,2,Yes,3,10,2,Yes
5438,25,98,Low,Low,Yes,7,91,Medium,Yes,2,Low,Low,Public,Positive,3,No,Postgraduate,Near,Female,72,CLG0013,122,5.79,5.43,1,Yes,3,5,5,No
5439,33,61,Medium,Medium,No,7,99,High,Yes,2,Medium,High,Public,Neutral,3,No,College,Near,Female,70,CLG0082,96,9.45,9.8,6,Yes,10,8,4,Yes
5440,26,75,Low,High,Yes,4,81,High,Yes,3,Medium,High,Private,Positive,2,No,High School,Moderate,Male,70,CLG0053,100,9.65,9.22,10,Yes,4,9,5,Yes
5441,28,81,High,Medium,Yes,8,73,Low,Yes,0,Medium,High,Public,Negative,3,No,Postgraduate,Near,Male,70,CLG0061,143,9.11,8.78,1,No,8,9,0,Yes
5442,21,100,Medium,Medium,No,5,92,Low,Yes,3,Low,Low,Public,Positive,3,Yes,Postgraduate,Near,Male,71,CLG0029,91,8.16,7.89,5,No,8,5,1,No
5443,30,89,Medium,Medium,No,6,89,Medium,Yes,3,High,Medium,Public,Neutral,3,No,Postgraduate,Moderate,Male,74,CLG0084,84,7.83,7.55,2,No,3,1,0,No
5444,19,79,Medium,High,Yes,8,63,Medium,Yes,4,Low,High,Public,Neutral,2,No,High School,Moderate,Male,68,CLG0064,105,5.63,5.7,1,No,7,7,4,No
5445,14,98,Medium,Medium,No,7,76,Medium,Yes,0,Medium,High,Private,Positive,4,No,College,Moderate,Female,69,CLG0045,97,7.27,7.34,8,No,6,6,0,No
5446,27,63,High,Medium,Yes,7,80,Medium,Yes,1,Low,High,Public,Neutral,4,No,High School,Far,Female,66,CLG0033,94,6.91,7.01,10,No,2,6,1,No
5447,26,61,High,Medium,Yes,9,95,Medium,Yes,0,Medium,Medium,Private,Negative,6,No,College,Near,Male,67,CLG0028,99,6.77,7.26,6,No,0,8,3,No
5448,20,71,Medium,Medium,Yes,7,65,Medium,No,2,Medium,Medium,Public,Negative,4,No,High School,Moderate,Female,64,CLG0028,102,5.1,5.11,6,No,1,9,1,No
5449,23,99,Medium,High,No,7,89,High,Yes,1,Medium,Medium,Public,Neutral,3,No,High School,Near,Female,73,CLG0061,99,6.03,6.15,3,No,5,10,5,No
5450,30,80,High,High,No,5,80,Medium,Yes,0,Low,Medium,Private,Positive,4,No,Postgraduate,Near,Female,72,CLG0032,83,8.15,8.07,7,No,6,1,4,No
5451,10,79,High,Medium,No,8,73,High,No,1,Low,Low,Public,Neutral,4,No,High School,Near,Female,63,CLG0093,78,6.23,6.15,3,No,4,5,1,No
5452,22,64,High,Medium,No,5,77,Medium,Yes,1,High,Medium,Private,Negative,2,No,College,Near,Male,65,CLG0077,101,8.95,9.37,5,No,10,3,0,No
5453,15,77,High,Medium,Yes,5,65,Low,No,2,Low,Medium,Public,Positive,4,Yes,Postgraduate,Near,Male,65,CLG0060,112,9.41,8.99,1,No,4,6,1,No
5454,16,89,High,Medium,No,9,96,Medium,Yes,2,Medium,Low,Public,Positive,3,No,College,Far,Male,69,CLG0040,114,9.85,9.45,2,No,7,5,3,Yes
5455,22,72,Medium,Low,Yes,9,65,High,Yes,0,Medium,Medium,Public,Neutral,3,No,High School,Moderate,Male,64,CLG0023,85,5.87,6.23,8,No,9,2,4,No
5456,12,65,Medium,Low,Yes,6,86,Medium,Yes,1,Medium,Medium,Public,Positive,3,No,Postgraduate,Near,Female,62,CLG0081,101,8.95,8.69,9,No,6,4,0,No
5457,6,92,Medium,Medium,Yes,5,77,Medium,Yes,1,Low,High,Public,Positive,4,No,High School,Near,Male,66,CLG0094,95,9.36,9.1,1,No,3,6,1,No
5458,7,98,Medium,Medium,No,7,54,High,Yes,0,Medium,High,Private,Neutral,2,No,High School,Near,Female,66,CLG0041,93,7.28,7.56,10,Yes,3,2,4,No
5459,29,90,Medium,High,No,7,76,Medium,Yes,0,Low,Medium,Public,Neutral,1,No,Postgraduate,Moderate,Female,71,CLG0003,81,9.92,10.37,10,No,9,5,5,No
5460,31,89,Medium,Medium,No,7,70,Medium,Yes,2,Low,High,Public,Positive,2,No,High School,Moderate,Female,71,CLG0058,71,9.72,9.87,1,Yes,6,4,0,No
5461,26,63,High,High,No,5,81,Medium,Yes,0,Low,Medium,Public,Negative,2,No,High School,Moderate,Female,65,CLG0067,104,5.98,6.11,2,No,9,9,3,No
5462,14,65,Medium,Medium,Yes,5,94,Medium,Yes,5,Low,Medium,Private,Negative,3,No,Postgraduate,Moderate,Male,65,CLG0095,81,5.28,5.21,3,No,0,8,5,No
5463,17,96,Medium,Low,Yes,9,79,Low,No,3,Medium,Medium,Private,Neutral,2,No,Postgraduate,Moderate,Male,68,CLG0073,87,7.54,7.24,9,No,8,1,4,No
5464,30,71,Low,High,No,9,98,Low,Yes,2,High,Medium,Public,Positive,1,No,High School,Moderate,Female,69,CLG0007,83,7.14,7.01,1,No,9,4,3,No
5465,27,68,Low,Medium,No,8,79,Medium,Yes,2,Low,High,Private,Negative,1,Yes,Postgraduate,Moderate,Female,64,CLG0054,116,8.26,8.26,5,Yes,7,7,5,Yes
5466,20,61,Medium,Medium,No,7,81,Medium,Yes,1,Medium,Low,Public,Neutral,3,No,High School,Moderate,Male,62,CLG0049,103,6.67,6.62,2,Yes,1,1,3,No
5467,24,69,Medium,High,Yes,7,67,Medium,Yes,2,Medium,High,Public,Negative,4,No,Postgraduate,Far,Male,67,CLG0070,92,6.19,6.43,6,No,9,9,3,No
5468,19,85,High,Medium,No,7,59,Low,Yes,0,Medium,High,Private,Negative,4,No,College,Moderate,Male,67,CLG0088,136,5.8,5.83,5,Yes,1,6,4,No
5469,20,72,Medium,Low,Yes,6,79,Medium,Yes,1,Low,Medium,Private,Positive,4,No,Postgraduate,Near,Female,66,CLG0017,105,9.81,9.76,7,No,0,2,1,No
5470,18,77,Medium,Low,No,6,66,High,Yes,3,Medium,High,Public,Positive,3,No,College,Moderate,Male,66,CLG0034,104,9.97,9.7,3,No,10,4,4,No
5471,17,99,Medium,High,No,6,59,Medium,Yes,0,Medium,Medium,Public,Neutral,3,No,High School,Moderate,Male,68,CLG0022,93,7.67,8.13,4,Yes,4,1,2,No
5472,20,99,Medium,Low,No,8,64,Low,Yes,1,High,Medium,Public,Positive,2,No,High School,Near,Male,69,CLG0061,107,8.74,8.96,8,Yes,8,5,3,No
5473,15,83,Medium,High,No,5,89,Low,No,1,Medium,High,Public,Neutral,2,Yes,High School,Near,Female,65,CLG0019,89,8.5,8.66,7,Yes,5,4,4,No
5474,19,81,High,High,No,8,61,Low,Yes,3,Medium,Medium,Private,Negative,5,No,Postgraduate,Near,Male,69,CLG0094,80,9.45,9.55,10,No,4,8,3,Yes
5475,28,99,Medium,Medium,Yes,6,61,Medium,No,1,Low,Medium,Public,Positive,3,No,High School,Near,Male,71,CLG0082,95,8.61,8.89,3,Yes,1,5,1,No
5476,13,96,Medium,High,No,8,71,Low,Yes,1,Medium,Low,Public,Positive,3,No,High School,Near,Male,68,CLG0056,118,5.54,5.32,9,No,1,3,0,No
5477,14,69,Medium,Medium,Yes,5,92,High,Yes,3,Low,Low,Public,Negative,2,No,Postgraduate,Moderate,Female,64,CLG0017,76,8.83,8.4,10,No,0,8,1,No
5478,23,84,Low,Low,Yes,9,56,Low,No,1,Medium,High,Public,Positive,4,No,High School,Near,Female,65,CLG0024,107,8.6,8.56,6,Yes,5,4,1,No
5479,24,88,Medium,Low,Yes,7,88,Medium,Yes,2,Medium,High,Private,Neutral,2,No,Postgraduate,Moderate,Male,71,CLG0095,118,7.59,7.62,1,Yes,0,7,5,No
5480,22,86,Medium,Medium,Yes,9,95,Medium,Yes,4,Medium,Low,Private,Positive,2,No,College,Near,Male,71,CLG0005,124,8.46,8.04,10,No,3,5,0,No
5481,10,63,Medium,High,No,4,77,Low,No,3,Low,Medium,Private,Neutral,3,No,High School,Near,Male,60,CLG0061,103,8.54,8.57,5,No,1,6,3,No
5482,14,97,Low,Medium,Yes,5,88,Medium,Yes,2,High,Medium,Public,Positive,3,No,Postgraduate,Near,Male,71,CLG0016,107,8.56,9.04,9,No,2,3,1,No
5483,17,85,High,Low,Yes,8,93,Low,Yes,2,Medium,High,Public,Positive,3,No,College,Far,Female,68,CLG0018,66,7.43,7.89,4,No,3,9,4,No
5484,15,73,Medium,Medium,Yes,7,60,High,Yes,3,Medium,Medium,Public,Neutral,4,No,College,Near,Female,66,CLG0038,95,5.32,5.74,3,No,0,1,3,No
5485,28,70,Medium,Medium,Yes,9,87,Low,Yes,0,Low,Medium,Public,Neutral,3,No,High School,Moderate,Male,66,CLG0008,90,7.87,7.72,9,No,3,10,1,No
5486,20,79,Medium,Low,Yes,8,55,Low,Yes,3,Low,Medium,Private,Positive,4,No,High School,Near,Female,66,CLG0059,91,9.42,9.58,4,Yes,1,2,5,No
5487,21,71,High,Medium,No,9,78,Low,Yes,2,Medium,Medium,Public,Neutral,4,No,High School,Near,Male,66,CLG0096,109,8.58,8.17,8,No,2,5,5,No
5488,10,90,High,Medium,Yes,7,80,Low,Yes,0,Medium,Medium,Public,Neutral,5,No,High School,Near,Female,67,CLG0039,87,9.7,10.1,5,Yes,1,8,2,Yes
5489,24,75,High,Low,No,7,57,Medium,Yes,0,Medium,Medium,Public,Neutral,1,No,Postgraduate,Near,Male,66,CLG0015,112,5.29,5.78,1,No,5,2,0,No
5490,9,65,Low,Medium,Yes,7,89,Medium,Yes,2,Low,Medium,Public,Positive,4,No,High School,Moderate,Male,61,CLG0013,87,8.75,8.5,7,No,10,9,5,Yes
5491,12,74,High,Low,Yes,8,66,Low,Yes,1,Low,Medium,Public,Positive,2,No,High School,Near,Male,62,CLG0081,92,6.55,6.48,1,Yes,2,7,0,No
5492,19,99,Low,High,No,8,69,Low,Yes,0,High,Medium,Private,Negative,2,No,High School,Moderate,Male,68,CLG0065,83,5.67,5.28,1,Yes,9,10,0,No
5493,25,95,Medium,High,Yes,6,75,Medium,Yes,1,Medium,Medium,Private,Positive,4,No,High School,Moderate,Male,73,CLG0072,84,6.12,6.61,8,No,5,3,0,No
5494,20,64,Medium,Medium,Yes,6,57,Medium,Yes,3,Low,High,Public,Neutral,4,No,College,Near,Female,65,CLG0067,87,7.65,7.84,8,No,10,6,0,No
5495,9,64,Medium,Low,Yes,10,68,Low,Yes,0,Medium,Medium,Private,Negative,3,No,High School,Near,Male,57,CLG0006,83,6.56,6.76,9,Yes,10,6,2,No
5496,14,91,Low,Medium,No,5,98,High,Yes,0,High,High,Public,Neutral,3,No,High School,Near,Female,68,CLG0043,98,6.7,6.54,4,Yes,5,5,1,No
5497,12,81,High,Medium,Yes,9,86,Medium,Yes,2,Medium,High,Public,Negative,2,No,Postgraduate,Near,Male,68,CLG0044,127,9.22,9.45,9,No,2,3,0,No
5498,18,67,Low,Low,Yes,9,68,Low,Yes,2,Low,High,Private,Negative,2,No,Postgraduate,Near,Male,61,CLG0044,105,9.3,9.57,5,No,1,6,2,No
5499,23,78,Medium,Medium,Yes,5,83,Medium,Yes,1,Medium,Medium,Public,Positive,3,No,High School,Near,Male,68,CLG0001,89,5.67,5.86,4,No,9,8,4,No
5500,20,84,High,Medium,Yes,8,68,Medium,Yes,0,Low,Medium,Private,Positive,4,No,Postgraduate,Near,Male,69,CLG0022,82,6.27,6.14,10,No,6,3,5,No
5501,21,83,Medium,Medium,No,6,95,High,Yes,4,High,High,Public,Neutral,2,No,High School,Far,Female,70,CLG0020,110,8.6,8.48,5,No,5,3,4,No
5502,24,65,Medium,Medium,Yes,10,92,Low,Yes,3,Medium,High,Public,Neutral,4,No,High School,Near,Male,67,CLG0030,112,5.38,5.23,4,No,6,9,2,Yes
5503,8,71,High,Medium,Yes,8,97,Medium,Yes,3,Medium,Medium,Private,Neutral,1,Yes,High School,Near,Female,63,CLG0031,103,8.6,8.78,10,Yes,0,5,2,No
5504,15,77,Medium,Medium,Yes,7,52,Medium,Yes,1,Medium,Medium,Public,Neutral,2,No,College,Near,Male,64,CLG0083,106,9.74,9.66,10,No,0,10,3,Yes
5505,9,94,Medium,Medium,Yes,6,81,Low,Yes,0,Low,High,Public,Positive,3,No,High School,Near,Male,66,CLG0037,147,5.15,5.32,9,Yes,10,5,0,No
5506,18,66,High,Medium,No,7,92,Medium,Yes,2,Low,Medium,Private,Neutral,4,No,High School,Moderate,Male,65,CLG0012,81,5.01,4.97,10,No,8,10,2,No
5507,13,63,Medium,High,Yes,8,52,Medium,Yes,2,Low,Medium,Public,Positive,4,No,High School,Near,Male,62,CLG0093,116,5.03,4.9,6,Yes,3,8,4,Yes
5508,18,74,Medium,Low,Yes,6,67,High,Yes,2,Low,High,Public,Neutral,2,No,High School,Near,Male,64,CLG0033,87,9.39,9.34,10,Yes,10,9,2,Yes
5509,18,88,Medium,Medium,No,9,72,High,Yes,2,High,High,Public,Neutral,4,No,Postgraduate,Moderate,Male,70,CLG0026,99,9.54,9.5,3,No,0,5,3,No
5510,7,80,High,Medium,No,9,83,Low,No,3,Medium,Medium,Public,Neutral,3,No,High School,Far,Female,62,CLG0073,101,8.17,7.85,3,Yes,2,2,0,No
5511,27,99,High,Medium,No,9,96,Low,Yes,0,High,Medium,Private,Positive,2,No,College,Moderate,Male,74,CLG0036,117,6.35,6.75,6,No,4,3,0,No
5512,33,62,High,Medium,Yes,10,78,Medium,Yes,0,Medium,Medium,Private,Positive,3,No,High School,Moderate,Female,68,CLG0041,84,7.65,7.95,6,No,5,5,5,No
5513,20,67,High,Low,No,8,82,Medium,Yes,3,Low,High,Public,Neutral,4,Yes,High School,Near,Male,65,CLG0060,100,6.12,6.59,2,Yes,6,7,1,No
5514,16,82,Medium,Medium,Yes,8,65,High,Yes,2,Low,Medium,Private,Positive,5,Yes,Postgraduate,Near,Male,67,CLG0020,87,8.8,9.28,6,No,8,10,4,Yes
5515,18,98,Low,Medium,No,9,53,Medium,Yes,0,High,Medium,Public,Neutral,1,No,High School,Moderate,Male,66,CLG0072,97,5.68,5.44,1,Yes,10,5,1,No
5516,7,77,High,Medium,No,9,76,Medium,Yes,2,Medium,High,Public,Negative,3,No,College,Moderate,Male,63,CLG0080,104,5.24,5.05,4,No,2,5,4,No
5517,15,78,Medium,High,No,8,97,Medium,Yes,1,Medium,Medium,Public,Neutral,4,No,Postgraduate,Near,Male,68,CLG0017,114,9.99,10.01,5,Yes,8,7,1,No
5518,23,77,Low,Medium,Yes,8,96,Medium,Yes,1,High,Medium,Private,Neutral,1,Yes,College,Near,Male,67,CLG0011,93,9.91,10.07,5,Yes,0,7,3,No
5519,27,93,Medium,Medium,Yes,9,78,Low,Yes,1,Low,Medium,Public,Positive,2,No,Postgraduate,Near,Female,72,CLG0010,86,6.98,7.1,4,No,1,5,1,No
5520,15,64,High,Low,Yes,7,89,Low,Yes,0,Low,Medium,Public,Negative,2,No,High School,Near,Male,61,CLG0003,92,9.86,9.52,1,No,0,8,1,No
5521,19,66,High,Medium,No,8,77,Low,No,3,Medium,Medium,Public,Negative,4,No,College,Moderate,Female,64,CLG0082,104,8.13,8.12,1,Yes,2,5,3,No
5522,22,64,High,Low,No,7,59,High,Yes,0,Medium,High,Private,Positive,5,Yes,High School,Near,Female,64,CLG0031,91,9.76,9.53,10,No,0,8,1,No
5523,15,73,Medium,High,No,5,61,Low,No,1,Low,High,Private,Positive,2,No,Postgraduate,Moderate,Male,63,CLG0075,95,9.15,9.18,1,Yes,0,3,4,No
5524,15,97,Medium,High,No,6,90,High,Yes,2,High,High,Private,Neutral,0,No,High School,Near,Male,71,CLG0054,97,9.13,8.78,5,Yes,1,10,2,Yes
5525,22,72,High,Medium,Yes,5,67,Low,Yes,2,Medium,Medium,Public,Neutral,4,No,College,Near,Female,67,CLG0043,102,6.33,6.5,9,Yes,9,2,2,No
5526,24,93,Medium,Low,Yes,7,77,Medium,Yes,0,Low,Medium,Private,Negative,3,No,High School,Near,Female,68,CLG0073,99,5.58,5.18,5,Yes,8,7,4,No
5527,14,94,Medium,Medium,No,5,51,Medium,Yes,0,Medium,High,Public,Neutral,3,No,College,Near,Male,66,CLG0075,115,8.82,8.68,6,No,8,6,0,No
5528,19,85,Low,Low,Yes,8,98,Medium,Yes,2,Medium,Low,Private,Neutral,4,No,High School,Near,Female,67,CLG0040,81,7.61,7.24,5,Yes,6,6,0,No
5529,25,98,Low,Medium,No,7,98,Medium,Yes,1,Medium,Medium,Public,Negative,4,No,Postgraduate,Near,Male,72,CLG0004,95,7.91,8.16,9,Yes,8,9,1,No
5530,28,70,Medium,Medium,Yes,6,69,Medium,Yes,2,Low,Low,Public,Positive,4,Yes,High School,Near,Male,66,CLG0074,82,9.78,10.2,10,No,8,6,5,No
5531,26,67,Medium,Medium,Yes,8,56,Medium,Yes,1,Medium,Medium,Public,Negative,5,No,College,Near,Female,66,CLG0091,111,6.66,6.95,7,Yes,1,6,2,No
5532,13,85,High,Medium,No,6,89,Medium,Yes,0,High,Medium,Private,Neutral,1,Yes,High School,Near,Male,65,CLG0078,112,8.99,8.92,4,No,6,8,2,Yes
5533,12,67,High,Medium,Yes,9,57,Low,Yes,0,Low,Medium,Private,Positive,2,No,College,Moderate,Male,61,CLG0057,111,5.05,5.01,6,No,3,10,2,Yes
5534,21,87,Medium,High,No,7,100,Low,Yes,1,Low,Medium,Public,Positive,3,No,High School,Near,Male,70,CLG0040,114,8.6,8.45,6,Yes,0,10,2,Yes
5535,23,88,Medium,Medium,No,6,82,Medium,Yes,0,Medium,Medium,Private,Negative,3,No,College,Near,Male,69,CLG0012,110,7.03,6.87,7,Yes,5,1,1,No
5536,29,67,High,Low,No,7,75,Medium,No,3,Low,Medium,Public,Neutral,1,No,High School,Near,Female,65,CLG0067,103,7.86,7.75,7,No,6,10,0,No
5537,10,66,Medium,Medium,No,4,74,Low,Yes,2,Low,Medium,Public,Negative,2,No,High School,Moderate,Male,59,CLG0093,105,5.02,5.16,6,Yes,5,8,5,No
5538,19,80,High,Medium,Yes,9,54,Medium,Yes,0,Low,Medium,Public,Negative,2,No,Postgraduate,Moderate,Male,65,CLG0080,87,7.82,7.66,2,Yes,5,6,5,No
5539,24,72,Low,High,Yes,5,73,Low,Yes,2,Medium,High,Public,Positive,2,No,High School,Near,Male,67,CLG0017,105,9.81,9.33,3,Yes,5,4,5,No
5540,11,79,Medium,Medium,Yes,8,98,Medium,Yes,2,Low,Medium,Public,Neutral,4,No,High School,Near,Female,65,CLG0092,105,9.58,9.44,4,Yes,0,4,4,No
5541,19,93,Low,High,Yes,7,66,Low,Yes,1,Medium,Medium,Private,Neutral,3,No,High School,Near,Female,68,CLG0074,87,9.34,9.79,10,Yes,10,1,0,No
5542,14,92,High,Medium,Yes,6,61,High,Yes,0,Low,Medium,Private,Neutral,2,No,College,Moderate,Male,67,CLG0099,73,8.74,8.72,4,Yes,1,5,5,No
5543,16,77,High,High,No,7,92,Low,Yes,2,Medium,Medium,Public,Negative,2,No,College,Near,Male,67,CLG0086,111,9.94,10.33,10,No,2,3,1,No
5544,29,74,High,Medium,Yes,6,91,High,Yes,3,Low,High,Public,Positive,4,No,College,Far,Female,72,CLG0065,109,7.82,7.58,10,No,4,1,4,No
5545,19,60,Medium,Medium,No,8,73,High,Yes,3,Medium,Low,Private,Neutral,3,No,High School,Near,Male,63,CLG0043,78,7.41,7.87,6,No,10,2,4,No
5546,20,74,Medium,High,Yes,9,60,Medium,No,1,Low,Medium,Public,Positive,3,No,High School,Moderate,Female,64,CLG0051,113,8.28,8.77,10,No,2,4,0,No
5547,23,65,Medium,High,Yes,7,58,Low,Yes,1,Low,Medium,Public,Neutral,3,Yes,College,Moderate,Female,63,CLG0025,108,7.72,7.29,2,Yes,8,7,4,No
5548,17,74,Medium,Medium,No,9,56,Medium,Yes,1,Medium,High,Private,Negative,3,No,High School,Moderate,Male,63,CLG0064,76,9.17,8.96,8,Yes,10,1,0,No
5549,28,81,Medium,High,Yes,7,90,High,Yes,3,Medium,Medium,Private,Negative,3,No,High School,Moderate,Male,72,CLG0089,122,9.41,9.01,9,No,0,10,5,Yes
5550,26,67,Medium,Low,Yes,10,71,High,Yes,3,Low,Medium,Public,Neutral,3,No,Postgraduate,Near,Male,67,CLG0061,102,7.08,7.17,8,Yes,10,8,5,No
5551,16,82,Low,Medium,Yes,8,70,High,Yes,4,Low,High,Public,Neutral,4,No,College,Near,Female,68,CLG0052,112,7.87,7.63,8,No,7,5,1,No
5552,16,92,Medium,Medium,Yes,4,90,High,Yes,6,High,Medium,Private,Neutral,3,No,High School,Near,Male,72,CLG0032,77,7.53,7.21,6,No,5,5,0,No
5553,25,77,Low,Medium,Yes,7,54,Medium,Yes,2,Medium,Medium,Public,Neutral,1,No,College,Moderate,Male,66,CLG0018,84,6.46,6.7,1,Yes,6,9,0,No
5554,14,95,High,Medium,Yes,6,88,Medium,Yes,2,Low,Low,Public,Neutral,2,No,High School,Far,Male,68,CLG0039,88,9.09,9.5,6,No,10,9,3,Yes
5555,19,76,High,Medium,Yes,8,53,Medium,Yes,1,Medium,Medium,Public,Negative,4,No,College,Near,Female,66,CLG0011,88,8.28,7.95,3,Yes,4,7,3,No
5556,29,83,Medium,Low,No,8,62,Low,Yes,4,High,Medium,Public,Negative,5,No,College,Near,Male,70,CLG0071,101,9.29,9.64,6,No,5,1,5,No
5557,25,70,Medium,Low,No,9,71,Medium,No,2,Low,Medium,Public,Negative,2,No,College,Near,Female,63,CLG0028,118,6.82,6.53,3,Yes,7,1,2,No
5558,31,62,Medium,Medium,Yes,7,51,Medium,Yes,2,Medium,Medium,Public,Neutral,1,No,College,Far,Female,65,CLG0099,113,6.87,6.4,4,No,7,6,5,No
5559,15,67,Medium,High,Yes,4,94,High,Yes,1,Medium,Medium,Private,Positive,5,No,High School,Far,Male,65,CLG0048,101,8.09,7.68,9,Yes,1,5,3,No
5560,15,96,Medium,High,Yes,5,59,High,Yes,2,Medium,High,Private,Neutral,2,No,High School,Near,Male,70,CLG0043,117,8.86,8.41,9,No,1,4,5,Yes
5561,17,98,Medium,High,Yes,7,72,High,Yes,0,Low,Medium,Public,Positive,3,No,High School,Near,Male,71,CLG0035,117,6.85,6.74,3,No,7,2,0,No
5562,16,65,Medium,Low,No,9,68,Medium,Yes,1,High,Medium,Public,Neutral,3,No,High School,Moderate,Male,61,CLG0018,72,5.87,5.61,2,No,9,6,2,No
5563,17,79,Medium,Low,Yes,6,75,Low,Yes,1,Medium,High,Public,Neutral,4,No,High School,Near,Male,65,CLG0065,69,8.38,8.68,6,Yes,1,4,1,No
5564,21,94,Medium,Medium,No,7,96,Low,Yes,0,Medium,Medium,Private,Neutral,2,Yes,Postgraduate,Moderate,Male,69,CLG0048,79,5.23,5.48,10,Yes,3,10,0,No
5565,24,63,Medium,Medium,Yes,9,92,Medium,Yes,4,Medium,Medium,Private,Positive,4,No,Postgraduate,Near,Male,69,CLG0032,89,6.38,6.46,1,No,6,6,1,No
5566,15,89,Medium,High,Yes,8,74,Low,Yes,2,Medium,High,Public,Positive,2,No,College,Near,Male,69,CLG0023,106,5.26,4.98,1,No,0,2,0,No
5567,13,95,Medium,High,Yes,8,63,Medium,Yes,3,Medium,Medium,Private,Neutral,2,No,Postgraduate,Near,Female,70,CLG0018,122,9.03,9.34,10,Yes,5,8,3,Yes
5568,20,92,Medium,Medium,Yes,9,93,Low,Yes,3,High,Medium,Public,Positive,2,No,College,Near,Female,72,CLG0044,102,9.74,9.68,4,No,6,6,0,No
5569,26,96,High,High,Yes,10,64,Low,Yes,2,Medium,Medium,Private,Neutral,3,Yes,High School,Near,Female,72,CLG0025,92,5.58,5.99,10,Yes,1,2,3,No
5570,30,75,Medium,Medium,No,7,77,Medium,Yes,0,Low,Medium,Public,Positive,2,No,High School,Moderate,Male,67,CLG0031,132,8.42,8.42,10,No,4,1,1,No
5571,15,93,High,Medium,Yes,9,96,Medium,Yes,1,Medium,Medium,Public,Negative,2,No,High School,Moderate,Female,69,CLG0068,112,5.22,5.07,1,Yes,2,3,5,No
5572,12,99,High,High,Yes,6,80,Medium,No,0,High,Medium,Public,Positive,3,No,High School,Moderate,Male,70,CLG0041,104,8.13,8.25,2,Yes,10,10,1,No
5573,33,71,Low,Medium,No,5,84,Medium,Yes,1,Medium,Medium,Public,Positive,2,No,High School,Near,Male,68,CLG0049,105,8.33,8.65,8,No,9,4,0,No
5574,18,89,Medium,Low,Yes,4,90,Low,Yes,1,High,Medium,Public,Positive,2,Yes,Postgraduate,Near,Female,68,CLG0026,95,8.41,8.55,2,Yes,10,4,4,No
5575,25,63,High,Low,Yes,8,63,Medium,Yes,0,Medium,High,Private,Positive,1,Yes,Postgraduate,Near,Female,65,CLG0088,107,6.4,5.96,6,Yes,1,10,2,No
5576,16,76,Low,Medium,No,6,66,Low,Yes,1,Medium,Medium,Private,Neutral,3,No,Postgraduate,Near,Female,64,CLG0062,96,9.31,9.05,10,Yes,8,2,0,No
5577,20,75,Low,Medium,No,7,67,High,Yes,0,Medium,Medium,Private,Neutral,4,No,High School,Near,Male,64,CLG0066,105,7.0,6.8,4,Yes,6,2,2,No
5578,19,95,Low,High,Yes,9,97,Low,Yes,0,Medium,Medium,Public,Neutral,2,No,Postgraduate,Near,Male,71,CLG0061,109,7.97,7.65,1,No,1,4,5,No
5579,20,86,Low,Medium,No,9,57,Medium,Yes,0,Medium,High,Public,Positive,4,No,High School,Moderate,Male,66,CLG0035,110,6.94,6.57,5,Yes,7,2,2,No
5580,28,99,High,Low,No,5,100,Medium,Yes,6,Medium,Medium,Private,Neutral,5,No,High School,Moderate,Female,76,CLG0086,93,5.72,5.26,3,No,10,7,3,No
5581,12,67,High,Medium,No,7,58,Medium,Yes,0,High,Medium,Public,Neutral,2,Yes,High School,Far,Male,59,CLG0039,101,5.78,5.73,6,No,3,7,1,No
5582,16,81,High,Medium,Yes,7,66,Medium,Yes,3,High,High,Private,Positive,4,No,High School,Near,Male,69,CLG0030,92,5.99,6.3,3,No,10,3,4,No
5583,15,96,Medium,Low,No,5,70,High,Yes,4,Low,High,Private,Positive,3,No,College,Near,Male,70,CLG0056,110,9.52,9.99,8,No,9,10,4,Yes
5584,15,71,High,Low,No,6,68,Low,No,5,Low,Medium,Public,Positive,4,No,College,Near,Female,64,CLG0094,121,5.31,5.32,10,Yes,10,7,3,No
5585,20,73,Medium,Medium,No,8,99,Low,Yes,1,Medium,Medium,Private,Positive,3,No,High School,Near,Male,66,CLG0030,97,5.24,5.03,1,No,1,2,0,No
5586,13,66,Medium,Medium,Yes,7,66,Low,Yes,3,Medium,Medium,Public,Negative,2,No,College,Near,Female,62,CLG0027,130,8.66,8.55,7,No,1,10,5,Yes
5587,19,67,Medium,Medium,No,7,59,Low,Yes,3,Low,High,Private,Positive,3,No,Postgraduate,Near,Female,65,CLG0001,96,5.93,5.53,6,Yes,10,3,3,No
5588,12,85,Medium,Medium,Yes,6,78,High,Yes,3,Medium,Medium,Public,Neutral,4,No,College,Near,Male,68,CLG0014,87,8.57,8.75,9,Yes,9,8,4,Yes
5589,18,66,High,Medium,Yes,5,96,Medium,Yes,0,Low,Medium,Public,Neutral,5,No,High School,Moderate,Female,64,CLG0031,101,9.14,9.15,10,Yes,7,8,3,Yes
5590,17,67,Medium,Medium,Yes,6,84,High,Yes,1,High,High,Public,Neutral,3,No,Postgraduate,Moderate,Female,66,CLG0074,99,7.34,6.96,8,Yes,4,7,2,No
5591,31,61,High,Medium,No,7,84,Medium,Yes,2,Medium,Medium,Private,Neutral,3,No,High School,Near,Male,68,CLG0034,106,8.27,7.98,8,Yes,9,1,0,No
5592,31,90,High,High,No,7,61,Low,Yes,0,Low,Medium,Public,Positive,3,No,High School,Near,Male,72,CLG0026,111,7.27,7.46,9,No,9,4,4,No
5593,13,67,Medium,High,Yes,6,88,Medium,Yes,0,Low,Medium,Public,Neutral,3,No,College,Moderate,Female,63,CLG0099,119,5.72,5.7,8,Yes,8,6,0,No
5594,21,99,Medium,High,Yes,7,53,Medium,Yes,0,Medium,Low,Public,Neutral,4,No,Postgraduate,Near,Female,71,CLG0062,104,7.26,7.31,5,Yes,7,2,3,No
5595,1,81,Medium,Medium,Yes,8,66,Medium,Yes,1,Low,Medium,Public,Negative,2,No,College,Near,Male,60,CLG0020,89,9.59,9.17,8,No,3,6,5,No
5596,26,97,Medium,Medium,Yes,7,83,Low,Yes,2,Low,Medium,Public,Positive,3,No,Postgraduate,Near,Male,74,CLG0050,95,9.48,9.8,10,Yes,2,3,4,No
5597,22,87,Low,Medium,No,8,83,Low,Yes,1,Low,Medium,Public,Neutral,1,No,College,Far,Male,66,CLG0011,101,6.19,6.43,9,Yes,5,4,3,No
5598,23,94,Low,Medium,No,8,100,Medium,No,0,Low,Medium,Public,Neutral,3,No,Postgraduate,Near,Male,69,CLG0047,91,5.7,6.19,2,No,0,6,4,No
5599,28,69,Medium,Medium,No,10,82,High,Yes,0,Medium,Medium,Private,Neutral,2,No,High School,Near,Female,67,CLG0053,127,6.99,6.87,9,Yes,0,7,3,No
5600,25,72,Low,Low,Yes,6,78,Low,Yes,8,Medium,High,Public,Positive,4,No,High School,Near,Male,69,CLG0061,122,7.44,7.77,3,Yes,1,6,2,No
5601,21,61,Medium,Medium,No,4,90,Low,Yes,2,Medium,Low,Public,Neutral,3,No,High School,Near,Male,63,CLG0099,97,5.75,5.57,1,No,2,4,5,No
5602,27,96,Medium,Medium,Yes,6,71,Medium,Yes,2,Medium,Medium,Public,Neutral,2,No,College,Near,Female,73,CLG0031,86,8.48,8.5,7,No,6,3,1,No
5603,20,67,High,Medium,No,9,96,High,Yes,1,High,High,Public,Positive,3,No,High School,Near,Female,68,CLG0027,103,8.12,8.54,9,Yes,6,4,3,No
5604,23,74,Medium,High,Yes,6,57,Low,No,1,High,High,Private,Neutral,3,No,College,Near,Male,67,CLG0016,102,5.09,4.8,1,Yes,6,3,4,No
5605,14,61,Medium,Low,Yes,7,71,Medium,Yes,0,Medium,Low,Private,Neutral,1,No,Postgraduate,Near,Female,60,CLG0057,74,9.87,9.76,2,No,3,2,2,No
5606,20,89,Low,Medium,Yes,8,85,Medium,Yes,2,Medium,High,Public,Positive,1,No,Postgraduate,Near,Female,70,CLG0002,102,9.39,8.99,5,Yes,10,10,2,Yes
5607,12,89,Medium,Low,Yes,7,72,Medium,Yes,1,High,High,Public,Neutral,5,No,College,Near,Male,67,CLG0043,113,6.74,7.01,5,No,3,3,2,No
5608,17,98,High,High,No,6,68,Medium,Yes,2,Medium,Medium,Public,Positive,3,No,High School,Near,Male,72,CLG0027,83,6.09,6.06,1,No,8,9,0,No
5609,14,66,Medium,Medium,Yes,5,93,Medium,Yes,1,Medium,Medium,Private,Negative,2,No,High School,Near,Male,62,CLG0076,77,8.29,8.74,8,No,9,6,3,No
5610,27,98,Low,High,Yes,7,56,Low,Yes,1,High,Medium,Private,Positive,3,No,College,Near,Female,73,CLG0007,117,8.05,8.36,2,No,7,8,2,Yes
5611,16,95,High,Low,Yes,6,86,Medium,Yes,0,Low,High,Private,Neutral,3,No,High School,Near,Male,69,CLG0061,100,5.55,5.19,7,No,9,4,2,No
5612,23,85,Medium,Medium,Yes,6,91,Low,Yes,1,Low,High,Public,Neutral,3,No,High School,Far,Male,68,CLG0045,119,5.99,5.72,8,No,6,5,3,No
5613,17,83,Medium,Medium,Yes,6,89,High,Yes,0,Low,Medium,Public,Positive,4,No,Postgraduate,Near,Male,69,CLG0056,123,6.41,6.25,4,No,5,10,2,Yes
5614,17,97,Low,High,Yes,6,90,Low,Yes,2,Medium,Low,Public,Negative,2,No,High School,Moderate,Male,69,CLG0088,80,9.2,9.35,6,Yes,5,5,4,No
5615,26,80,High,Medium,Yes,4,86,Medium,No,0,Low,Medium,Public,Positive,4,No,College,Moderate,Male,69,CLG0069,87,5.99,6.32,6,No,5,4,3,No
5616,15,72,Medium,Low,Yes,9,80,Medium,Yes,4,Medium,High,Private,Neutral,4,No,College,Moderate,Female,65,CLG0002,107,5.78,6.26,5,No,2,10,5,No
5617,19,92,Medium,Medium,Yes,7,90,Medium,Yes,1,Low,High,Public,Positive,2,No,High School,Near,Female,70,CLG0039,97,7.08,7.24,8,No,4,5,2,No
5618,17,94,Medium,Medium,No,10,92,Low,Yes,2,Low,Medium,Private,Negative,2,No,High School,Near,Male,68,CLG0035,80,5.46,5.82,4,Yes,4,6,1,No
5619,25,70,Medium,Medium,No,6,71,Low,Yes,0,Low,Medium,Public,Neutral,2,No,College,Near,Female,65,CLG0016,90,7.39,7.6,8,No,6,5,0,No
5620,23,98,Medium,Medium,Yes,8,71,Medium,Yes,0,High,High,Public,Positive,5,No,High School,Moderate,Male,72,CLG0062,117,5.77,5.64,2,No,10,9,2,Yes
5621,25,99,Medium,Low,No,5,79,Low,Yes,2,Low,Medium,Public,Positive,4,No,College,Near,Female,71,CLG0024,92,8.05,8.08,8,Yes,7,1,4,No
5622,11,95,Medium,Medium,No,6,81,High,Yes,2,Low,Low,Public,Positive,3,No,High School,Near,Male,67,CLG0054,111,7.99,8.31,5,No,2,5,3,Yes
5623,29,72,Medium,Medium,No,7,68,Low,Yes,0,Low,Medium,Public,Positive,3,No,College,Near,Female,67,CLG0015,96,6.64,6.68,6,No,1,2,5,No
5624,23,89,Low,Low,Yes,7,56,Low,Yes,4,Medium,Low,Private,Positive,4,No,Postgraduate,Near,Female,69,CLG0012,90,8.18,8.39,6,Yes,6,6,2,No
5625,13,68,Medium,Medium,Yes,8,95,Medium,Yes,2,Low,Low,Private,Positive,4,No,High School,Moderate,Male,63,CLG0057,102,9.18,9.46,5,No,7,10,1,No
5626,12,66,Low,High,Yes,7,83,Medium,No,1,Medium,Medium,Public,Neutral,3,No,High School,Near,Male,61,CLG0075,89,9.71,9.31,10,Yes,9,8,5,Yes
5627,28,99,Low,Medium,Yes,8,100,Low,Yes,0,Medium,Medium,Public,Positive,2,No,High School,Far,Male,72,CLG0070,82,8.89,8.73,1,No,1,4,5,No
5628,22,67,Medium,Medium,Yes,7,59,High,Yes,2,Low,High,Public,Positive,3,No,Postgraduate,Near,Male,67,CLG0065,96,8.32,7.92,2,No,9,4,1,No
5629,23,94,Medium,Low,Yes,8,62,Medium,Yes,2,Low,Medium,Public,Positive,0,No,Postgraduate,Moderate,Female,69,CLG0052,89,8.57,8.17,4,No,0,10,2,Yes
5630,29,60,Low,High,No,7,63,Medium,Yes,0,Low,Medium,Public,Negative,4,No,Postgraduate,Near,Male,64,CLG0014,83,9.1,9.22,6,Yes,8,9,0,No
5631,17,87,High,High,Yes,9,83,Medium,Yes,0,Low,High,Public,Neutral,2,No,College,Moderate,Male,69,CLG0069,78,9.91,10.33,3,No,1,3,3,No
5632,18,69,Medium,Low,Yes,5,73,Low,Yes,1,Low,High,Public,Positive,4,No,Postgraduate,Moderate,Male,64,CLG0060,101,7.74,7.94,3,No,7,5,0,No
5633,24,93,Medium,Medium,Yes,7,76,High,Yes,2,Low,Medium,Public,Neutral,1,Yes,High School,Near,Male,70,CLG0090,113,5.62,5.6,7,Yes,0,5,4,No
5634,12,84,Medium,High,No,6,88,High,No,2,High,High,Public,Positive,2,No,High School,Near,Male,67,CLG0050,87,7.97,7.79,7,No,8,1,2,No
5635,18,96,High,Low,Yes,7,52,Low,Yes,1,Low,Medium,Private,Neutral,4,No,College,Near,Female,68,CLG0065,94,9.36,9.69,1,Yes,8,3,4,No
5636,14,90,Low,Medium,Yes,6,50,Medium,Yes,0,Medium,High,Private,Positive,3,No,College,Moderate,Male,65,CLG0071,104,6.51,6.71,9,No,7,6,4,No
5637,16,63,Medium,Medium,No,8,79,Medium,Yes,2,Low,High,Public,Positive,3,No,College,Moderate,Male,63,CLG0080,113,5.84,5.85,5,No,0,5,3,No
5638,16,68,Medium,Medium,Yes,7,85,Medium,Yes,1,Medium,Medium,Public,Positive,2,No,College,Near,Female,65,CLG0032,133,6.1,5.64,8,No,0,9,3,Yes
5639,22,97,Medium,High,Yes,6,54,Medium,Yes,1,Low,High,Public,Positive,3,No,Postgraduate,Near,Male,72,CLG0090,126,9.22,9.32,7,No,7,8,1,Yes
5640,11,84,High,Medium,No,5,81,Low,Yes,1,Low,Medium,Private,Negative,3,No,High School,Moderate,Female,64,CLG0010,97,8.39,8.25,2,No,6,4,4,No
5641,21,62,Low,High,Yes,7,50,Low,No,1,High,Medium,Public,Negative,2,No,High School,Moderate,Female,60,CLG0045,110,8.95,9.43,6,No,2,2,5,No
5642,26,78,High,Medium,No,8,65,Medium,Yes,3,Medium,Medium,Public,Positive,3,No,College,Near,Female,70,CLG0029,75,8.03,7.99,9,Yes,6,10,0,No
5643,14,75,Medium,Medium,Yes,6,75,Medium,Yes,0,Low,High,Public,Neutral,2,No,High School,Near,Male,64,CLG0040,130,8.42,8.37,9,Yes,2,4,0,No
5644,16,66,High,Medium,Yes,7,79,High,Yes,0,High,High,Private,Neutral,3,No,College,Near,Female,66,CLG0061,91,8.05,8.35,3,Yes,0,10,5,Yes
5645,18,98,Low,High,Yes,6,87,Medium,Yes,0,Medium,Medium,Public,Neutral,1,No,High School,Near,Male,70,CLG0047,108,7.66,7.68,8,No,2,8,4,No
5646,20,66,Medium,High,Yes,8,73,Medium,Yes,0,High,Low,Public,Positive,3,No,High School,Moderate,Male,65,CLG0052,73,9.89,9.69,2,Yes,2,9,5,Yes
5647,27,79,Medium,Low,No,6,65,Low,Yes,0,Medium,Medium,Private,Negative,2,No,College,Near,Male,66,CLG0034,97,5.05,5.15,8,No,9,5,1,No
5648,24,85,Medium,Medium,Yes,7,87,High,Yes,2,Medium,Medium,Private,Neutral,2,No,High School,Near,Female,71,CLG0026,100,9.77,9.8,10,No,9,9,1,No
5649,22,67,Low,Medium,No,7,86,Low,Yes,1,Low,Medium,Public,Positive,3,No,High School,Moderate,Female,63,CLG0003,108,5.5,5.96,7,Yes,2,4,3,No
5650,24,86,Low,High,No,9,60,Medium,Yes,0,Low,High,Private,Positive,3,No,College,Far,Male,68,CLG0051,67,8.69,9.1,1,No,1,1,3,No
5651,26,62,High,Low,Yes,7,72,Low,Yes,1,Medium,Medium,Public,Neutral,3,No,College,Moderate,Female,64,CLG0027,128,5.49,5.95,8,No,4,2,3,No
5652,7,64,Medium,High,No,9,70,High,Yes,4,Low,Low,Public,Neutral,4,Yes,High School,Far,Male,59,CLG0052,97,7.12,7.53,4,No,1,7,2,No
5653,29,86,Medium,High,No,10,84,Low,Yes,1,Low,High,Private,Positive,4,No,High School,Near,Female,72,CLG0035,87,8.63,8.31,6,No,9,4,2,No
5654,16,79,Medium,High,Yes,4,66,High,Yes,2,Medium,Medium,Public,Neutral,2,No,College,Moderate,Male,67,CLG0077,96,9.3,9.63,10,No,3,3,4,No
5655,15,97,Low,Medium,Yes,9,67,Medium,Yes,1,Low,High,Public,Neutral,2,No,College,Near,Male,68,CLG0069,96,7.44,7.87,2,No,5,6,1,No
5656,22,86,High,Medium,Yes,7,56,Medium,Yes,1,High,Medium,Private,Positive,4,No,High School,Moderate,Male,69,CLG0043,117,9.17,9.45,3,No,4,4,4,Yes
5657,17,60,Medium,Medium,Yes,5,97,Medium,Yes,1,Medium,Medium,Private,Negative,4,No,College,Far,Male,62,CLG0075,115,6.68,6.38,5,Yes,9,2,3,No
5658,21,84,Low,High,No,9,98,Medium,Yes,1,Low,Medium,Public,Negative,3,No,High School,Moderate,Male,67,CLG0062,95,9.58,9.51,9,Yes,6,9,0,No
5659,30,100,High,Medium,Yes,7,68,Low,Yes,2,Medium,Medium,Private,Neutral,2,No,Postgraduate,Near,Female,75,CLG0052,98,6.49,6.69,8,No,5,7,4,No
5660,20,86,Low,High,No,6,96,Medium,Yes,1,High,Low,Public,Neutral,2,Yes,High School,Far,Male,66,CLG0013,98,9.57,9.77,4,No,8,2,5,No
5661,19,79,Medium,Medium,Yes,9,60,Low,Yes,1,Low,Medium,Public,Neutral,3,Yes,High School,Near,Female,63,CLG0018,74,5.5,5.03,8,No,2,7,4,No
5662,21,80,High,Low,Yes,6,52,Medium,Yes,1,Low,Medium,Public,Negative,4,No,High School,Near,Male,65,CLG0066,79,9.76,9.28,6,No,8,4,1,No
5663,38,98,Low,Medium,No,6,94,Medium,Yes,2,Low,Low,Public,Negative,4,No,Postgraduate,Near,Female,75,CLG0036,98,8.68,8.92,10,No,5,3,5,No
5664,19,82,Medium,Medium,Yes,8,82,High,Yes,2,Medium,Medium,Private,Positive,3,No,College,Moderate,Female,69,CLG0029,118,6.68,6.98,10,No,4,2,1,No
5665,20,69,Medium,Medium,Yes,8,81,High,Yes,2,Medium,Medium,Public,Positive,4,No,High School,Near,Male,67,CLG0039,105,5.08,5.28,2,No,4,2,5,No
5666,22,83,Low,Medium,Yes,5,70,High,Yes,2,Low,Medium,Public,Positive,3,No,College,Far,Male,67,CLG0086,92,9.34,8.89,10,Yes,1,4,0,No
5667,24,94,Low,Medium,No,8,60,Low,Yes,0,Medium,Medium,Public,Neutral,3,No,High School,Near,Male,68,CLG0086,87,7.81,7.85,5,Yes,2,9,0,No
5668,16,99,Low,Medium,Yes,5,83,Low,Yes,0,Low,High,Private,Neutral,4,No,Postgraduate,Near,Female,69,CLG0050,111,5.83,6.06,3,Yes,3,5,5,No
5669,30,74,Medium,High,No,8,94,Low,Yes,0,Medium,Medium,Public,Positive,3,No,High School,Near,Male,70,CLG0067,92,9.94,9.85,2,No,4,4,3,No
5670,14,99,High,Medium,Yes,6,74,Medium,Yes,2,Medium,Medium,Public,Neutral,3,No,College,Near,Male,71,CLG0010,112,8.16,8.22,5,No,1,4,1,No
5671,8,72,High,High,Yes,9,93,High,Yes,4,Medium,Medium,Public,Positive,4,No,High School,Near,Male,68,CLG0023,105,8.92,8.68,7,No,10,5,5,No
5672,19,67,Medium,Medium,No,7,91,Medium,Yes,1,Low,High,Public,Neutral,3,No,High School,Near,Female,65,CLG0090,78,9.26,9.06,7,Yes,9,3,1,No
5673,21,87,Low,High,Yes,5,78,High,Yes,1,Low,Medium,Private,Positive,2,No,High School,Near,Female,69,CLG0015,106,7.57,7.36,3,No,10,3,4,No
5674,21,78,Medium,High,No,6,60,High,Yes,1,Low,High,Private,Neutral,2,No,College,Near,Female,67,CLG0064,116,9.27,9.18,8,Yes,8,1,5,Yes
5675,18,78,Medium,Medium,Yes,6,69,Medium,Yes,1,Medium,Medium,Public,Negative,4,No,Postgraduate,Moderate,Female,66,CLG0068,103,7.13,7.14,5,No,0,7,4,No
5676,21,84,High,High,Yes,6,61,Low,Yes,1,Medium,High,Private,Negative,4,No,High School,Moderate,Female,68,CLG0041,98,8.07,8.43,2,No,7,10,0,No
5677,8,99,Low,High,Yes,6,83,High,Yes,2,Medium,High,Public,Positive,4,Yes,Postgraduate,Near,Male,70,CLG0099,119,7.49,7.94,3,Yes,3,10,0,No
5678,19,81,Low,High,No,8,90,Medium,Yes,2,Low,Medium,Private,Neutral,3,No,High School,Near,Female,67,CLG0096,92,7.2,7.42,10,Yes,5,1,1,No
5679,23,78,Medium,High,No,7,89,Medium,Yes,1,Medium,Low,Public,Neutral,3,No,High School,Far,Male,67,CLG0044,104,6.72,7.02,6,Yes,10,7,4,No
5680,19,85,High,High,No,7,78,Low,Yes,2,Low,High,Private,Negative,3,No,College,Near,Male,69,CLG0088,115,9.76,9.71,8,No,6,3,0,No
5681,29,61,Medium,High,Yes,7,52,Low,Yes,3,Low,Medium,Private,Positive,3,No,College,Near,Female,67,CLG0015,102,7.29,7.29,1,Yes,3,10,1,No
5682,24,70,Medium,High,No,6,54,Low,Yes,1,High,Medium,Public,Neutral,1,No,High School,Moderate,Female,64,CLG0053,110,6.22,6.43,4,Yes,10,4,0,No
5683,25,76,Medium,Medium,Yes,9,53,Medium,Yes,0,High,High,Private,Positive,3,No,High School,Moderate,Male,67,CLG0014,86,5.96,6.31,1,No,0,1,4,No
5684,19,63,Medium,High,Yes,7,56,Medium,Yes,2,Low,Medium,Private,Positive,3,No,High School,Near,Female,64,CLG0043,139,5.15,5.37,7,No,3,8,0,No
5685,29,80,Medium,High,Yes,8,52,Medium,Yes,4,Low,Medium,Public,Positive,4,No,High School,Moderate,Female,71,CLG0073,77,7.29,7.15,2,No,3,2,4,No
5686,23,72,Low,High,Yes,6,84,Medium,Yes,1,High,High,Public,Neutral,2,No,High School,Near,Male,67,CLG0036,95,7.03,7.3,6,Yes,7,10,3,No
5687,14,74,Medium,High,No,5,95,High,Yes,1,Low,High,Public,Positive,3,Yes,College,Near,Male,66,CLG0098,79,7.77,7.39,10,No,9,10,5,No
5688,14,69,Medium,High,Yes,6,93,Low,No,2,Low,Medium,Private,Neutral,0,No,High School,Near,Male,63,CLG0077,109,6.41,6.34,8,No,0,1,5,No
5689,21,82,High,Medium,No,7,52,Medium,Yes,4,Low,Medium,Public,Neutral,3,No,High School,Far,Male,67,CLG0098,91,8.8,8.57,4,Yes,1,6,5,No
5690,7,82,Medium,High,Yes,6,99,Medium,Yes,2,Medium,High,Public,Negative,2,No,Postgraduate,Moderate,Male,66,CLG0059,109,7.54,7.99,1,No,0,8,3,No
5691,29,61,Low,Medium,Yes,7,74,High,Yes,1,Medium,Medium,Public,Neutral,3,No,Postgraduate,Moderate,Male,65,CLG0031,117,6.18,6.62,3,No,4,3,2,No
5692,26,64,High,Medium,Yes,7,92,Low,Yes,2,Low,High,Private,Positive,4,No,College,Moderate,Female,68,CLG0051,109,6.18,6.15,8,No,2,1,3,No
5693,21,77,Low,Medium,No,7,99,High,Yes,3,Medium,High,Public,Neutral,3,No,Postgraduate,Near,Male,69,CLG0057,103,5.47,5.57,2,No,2,10,5,No
5694,23,91,High,Medium,No,6,93,Medium,Yes,3,Low,Low,Public,Neutral,3,No,High School,Moderate,Female,71,CLG0080,110,7.45,7.21,3,Yes,7,6,2,No
5695,29,86,Medium,Medium,Yes,7,61,Medium,Yes,0,Medium,Medium,Public,Negative,4,No,High School,Far,Female,68,CLG0044,98,9.66,9.85,4,Yes,1,7,4,No
5696,18,100,High,Low,No,9,76,Low,Yes,1,Low,Medium,Public,Positive,2,No,High School,Near,Female,69,CLG0078,112,8.85,9.14,7,Yes,8,7,1,No
5697,17,83,Low,Medium,No,9,80,Medium,Yes,4,Medium,High,Public,Negative,2,No,College,Near,Female,67,CLG0062,97,8.84,8.88,10,Yes,10,1,2,No
5698,23,74,Medium,Medium,Yes,6,76,Medium,No,1,Low,Medium,Public,Positive,2,No,College,Near,Male,66,CLG0032,117,9.44,9.09,4,No,0,2,1,No
5699,16,85,Medium,Medium,No,8,87,High,Yes,4,Low,Medium,Private,Negative,3,No,High School,Far,Male,67,CLG0056,89,7.48,7.13,3,Yes,5,6,3,No
5700,27,63,Medium,Low,Yes,7,80,High,Yes,1,Medium,High,Private,Neutral,3,No,High School,Moderate,Male,65,CLG0089,97,5.9,5.88,2,No,3,3,1,No
5701,21,67,Low,High,Yes,7,55,High,Yes,2,High,High,Private,Positive,3,No,High School,Moderate,Female,66,CLG0099,95,5.49,5.64,9,No,1,8,0,No
5702,25,81,Medium,Medium,No,9,87,Low,Yes,1,Low,High,Private,Negative,1,No,Postgraduate,Moderate,Female,68,CLG0043,98,5.32,5.16,4,No,0,5,4,No
5703,21,93,Low,Medium,No,8,82,Medium,Yes,2,Medium,High,Private,Neutral,4,No,College,Near,Male,70,CLG0044,96,5.2,4.92,4,No,1,3,1,No
5704,21,94,Medium,High,No,5,73,Low,Yes,0,Medium,High,Public,Neutral,3,No,Postgraduate,Far,Female,70,CLG0010,72,9.46,9.06,8,No,3,4,0,No
5705,19,74,Medium,Medium,Yes,10,85,Medium,Yes,1,Low,Medium,Public,Positive,5,No,Postgraduate,Moderate,Male,67,CLG0049,118,6.96,6.55,6,No,3,4,0,No
5706,26,92,Medium,High,No,4,54,Medium,Yes,2,High,Medium,Public,Positive,4,No,High School,Moderate,Male,72,CLG0083,103,8.4,8.31,4,No,7,7,1,No
5707,26,98,Medium,Low,Yes,9,73,High,Yes,1,High,Low,Public,Neutral,6,No,Postgraduate,Moderate,Male,73,CLG0045,106,6.84,6.55,5,Yes,6,7,1,No
5708,18,62,Medium,Medium,Yes,7,62,Medium,Yes,1,Medium,Medium,Public,Positive,5,No,College,Moderate,Male,63,CLG0032,112,5.75,6.07,5,Yes,8,5,2,No
5709,15,89,High,Low,Yes,7,58,Low,Yes,2,Low,Medium,Public,Negative,3,No,High School,Moderate,Male,65,CLG0008,104,9.42,9.04,10,Yes,2,10,4,Yes
5710,18,86,High,Medium,No,8,53,Low,Yes,5,Low,High,Private,Negative,3,No,High School,Near,Male,68,CLG0086,82,9.42,9.26,2,Yes,3,5,5,No
5711,23,75,Low,Low,Yes,8,61,High,Yes,2,Low,Medium,Public,Positive,2,No,High School,Far,Female,64,CLG0037,113,5.61,5.16,9,No,0,2,5,No
5712,19,76,High,Low,No,7,76,Medium,Yes,0,High,High,Public,Neutral,2,No,Postgraduate,Near,Male,66,CLG0022,96,5.99,6.01,3,No,4,6,2,No
5713,21,63,Medium,Medium,Yes,7,64,Medium,Yes,0,Low,Medium,Public,Negative,3,No,High School,Near,Female,62,CLG0002,70,7.95,8.01,5,Yes,3,7,4,No
5714,24,77,Medium,Medium,Yes,8,78,Low,Yes,2,High,High,Private,Positive,3,No,High School,Moderate,Male,69,CLG0005,122,5.14,5.41,6,No,7,6,5,No
5715,18,64,Low,Low,Yes,7,97,Low,Yes,2,Medium,Low,Private,Neutral,4,No,College,Near,Male,62,CLG0011,104,8.9,8.69,8,No,0,8,4,Yes
5716,21,90,High,Medium,Yes,7,55,High,Yes,1,Low,High,Public,Neutral,4,No,High School,Near,Female,70,CLG0032,88,7.69,7.29,7,No,8,9,3,No
5717,16,85,Medium,High,Yes,7,91,High,Yes,0,Medium,Medium,Public,Neutral,2,No,Postgraduate,Moderate,Male,69,CLG0002,119,6.63,6.56,5,No,3,10,0,No
5718,11,63,Medium,High,Yes,9,51,High,Yes,0,Low,Low,Public,Negative,3,Yes,College,Moderate,Male,58,CLG0096,86,9.06,8.86,1,No,10,5,2,No
5719,15,63,Medium,Low,No,8,55,Low,Yes,0,Medium,Low,Public,Neutral,3,No,College,Near,Female,59,CLG0001,94,7.65,7.81,2,Yes,6,8,1,No
5720,20,85,High,Medium,Yes,9,83,Low,Yes,3,Medium,Medium,Public,Positive,3,Yes,College,Near,Male,70,CLG0046,104,6.5,6.97,6,No,8,6,1,No
5721,15,90,Medium,Low,Yes,6,97,Low,Yes,2,High,High,Public,Positive,2,No,High School,Near,Male,69,CLG0014,81,9.25,9.29,10,No,5,4,3,No
5722,21,98,High,Low,Yes,6,55,Low,Yes,1,Medium,Medium,Public,Positive,3,No,High School,Near,Male,70,CLG0050,90,9.39,9.05,9,Yes,1,9,2,Yes
5723,32,88,Medium,Low,Yes,7,83,Low,Yes,1,Low,High,Private,Positive,4,No,Postgraduate,Near,Male,73,CLG0062,96,7.47,7.49,4,No,8,8,0,No
5724,21,67,Low,Medium,Yes,9,93,High,Yes,1,Low,High,Public,Neutral,3,No,College,Near,Male,66,CLG0077,122,8.45,8.7,1,No,2,10,4,Yes
5725,15,92,High,Low,Yes,9,67,Low,Yes,1,High,High,Public,Positive,2,No,Postgraduate,Near,Male,69,CLG0061,127,7.75,7.92,2,No,1,4,1,No
5726,17,64,Medium,High,No,8,80,Medium,Yes,0,High,High,Public,Positive,2,No,Postgraduate,Near,Female,65,CLG0003,113,7.81,7.54,10,Yes,8,7,5,No
5727,34,74,High,Low,Yes,7,76,Medium,Yes,2,Low,High,Public,Positive,2,No,College,Near,Female,71,CLG0075,109,9.31,9.09,5,No,7,4,0,No
5728,16,86,Medium,Low,No,7,94,Low,Yes,0,Low,Medium,Private,Positive,4,No,High School,Near,Male,66,CLG0082,73,6.83,6.66,1,Yes,2,8,5,No
5729,23,72,High,Low,Yes,10,84,Low,Yes,2,Low,Medium,Public,Negative,2,No,High School,Moderate,Male,65,CLG0047,93,5.08,5.36,9,Yes,6,1,1,No
5730,19,78,Medium,Low,Yes,5,56,Low,Yes,3,High,Medium,Public,Neutral,4,No,College,Moderate,Female,65,CLG0044,85,7.45,7.77,4,No,5,8,5,No
5731,19,98,High,Low,Yes,7,62,High,Yes,1,Low,High,Public,Neutral,2,No,High School,Near,Female,70,CLG0098,105,7.59,7.85,2,No,1,4,2,No
5732,18,81,Low,High,Yes,8,77,Low,Yes,1,Medium,High,Public,Positive,3,No,College,Moderate,Male,67,CLG0075,97,8.56,8.82,6,No,9,2,1,No
5733,19,90,Medium,Medium,No,8,78,Medium,Yes,1,Low,Medium,Private,Neutral,3,No,High School,Moderate,Male,67,CLG0077,104,7.65,7.92,8,No,9,5,3,No
5734,26,83,Medium,Medium,No,10,79,Medium,Yes,1,High,Medium,Public,Neutral,2,No,High School,Moderate,Female,69,CLG0009,87,9.97,10.29,6,Yes,10,5,1,No
5735,23,62,Low,High,Yes,6,85,Medium,Yes,1,Low,Medium,Public,Negative,3,Yes,College,Moderate,Male,63,CLG0043,88,9.96,9.93,8,No,3,1,5,No
5736,6,76,Medium,Medium,Yes,8,63,Medium,Yes,5,Medium,Medium,Public,Neutral,3,No,College,Near,Male,64,CLG0001,109,7.13,7.58,6,No,10,9,5,No
5737,16,79,High,High,Yes,6,71,Medium,Yes,2,Low,High,Public,Neutral,4,No,High School,Near,Female,68,CLG0047,146,5.81,5.37,8,Yes,8,7,3,No
5738,16,99,High,Medium,No,9,57,High,No,4,Medium,Medium,Public,Positive,3,No,College,Near,Female,71,CLG0012,106,8.69,8.55,1,No,9,8,2,Yes
5739,24,81,Medium,High,Yes,9,64,High,Yes,2,High,Low,Public,Positive,3,No,High School,Near,Male,70,CLG0040,121,5.14,5.57,4,No,5,8,1,No
5740,22,88,Low,Medium,Yes,9,62,Medium,Yes,1,High,Medium,Private,Negative,3,No,College,Near,Male,68,CLG0097,92,7.16,6.66,5,No,5,8,1,No
5741,20,72,Medium,Medium,No,8,90,High,No,2,Low,Low,Private,Neutral,2,No,College,Near,Female,65,CLG0052,90,5.96,5.67,2,No,0,1,3,No
5742,17,74,Medium,Medium,Yes,7,62,Medium,Yes,2,High,Medium,Public,Positive,4,No,High School,Near,Male,66,CLG0048,87,5.86,5.9,6,No,4,1,3,No
5743,25,67,Medium,Medium,Yes,10,98,High,Yes,0,High,Medium,Public,Positive,2,No,High School,Near,Male,68,CLG0017,132,5.15,4.99,10,No,6,3,2,No
5744,17,82,High,Medium,No,6,51,Medium,Yes,1,Low,Medium,Public,Positive,3,No,Postgraduate,Moderate,Male,66,CLG0092,124,8.45,8.11,2,No,3,2,3,Yes
5745,16,91,High,Medium,Yes,6,72,High,Yes,0,High,High,Public,Negative,2,No,Postgraduate,Near,Female,70,CLG0055,114,7.96,7.62,3,Yes,7,7,4,No
5746,23,76,Medium,Medium,No,8,84,High,Yes,2,High,Medium,Public,Positive,4,No,College,Near,Female,70,CLG0040,78,9.62,10.09,8,No,5,6,4,No
5747,15,78,Medium,High,No,8,94,High,Yes,0,Low,Medium,Private,Positive,4,No,Postgraduate,Moderate,Male,67,CLG0039,103,9.4,9.53,9,No,2,3,1,No
5748,15,100,High,Medium,Yes,5,74,Medium,Yes,2,High,Medium,Private,Neutral,3,No,Postgraduate,Near,Male,72,CLG0024,117,8.06,8.15,6,Yes,3,9,2,Yes
5749,27,89,Medium,Medium,Yes,7,99,Medium,Yes,0,Medium,High,Public,Positive,2,No,High School,Near,Female,72,CLG0026,77,9.7,9.89,2,Yes,7,3,1,No
5750,19,87,High,Medium,No,8,50,Low,Yes,0,High,High,Public,Neutral,2,No,High School,Near,Female,67,CLG0065,102,5.22,5.26,6,Yes,0,2,2,No
5751,7,93,High,High,Yes,9,52,High,Yes,1,Medium,Low,Private,Negative,3,No,High School,Moderate,Female,65,CLG0081,103,8.11,8.13,3,Yes,4,6,3,No
5752,24,86,Medium,High,Yes,10,91,Low,Yes,0,Low,High,Private,Positive,4,No,College,Near,Female,72,CLG0032,115,6.92,7.13,9,No,4,10,3,Yes
5753,24,80,Medium,Medium,No,6,89,Medium,Yes,1,Low,High,Public,Neutral,3,No,College,Near,Male,69,CLG0012,72,6.62,6.78,6,No,10,5,1,No
5754,20,93,Medium,Medium,Yes,7,50,Medium,Yes,1,High,High,Public,Positive,4,No,College,Near,Male,71,CLG0030,103,8.19,8.34,7,No,0,4,0,No
5755,18,86,High,Low,Yes,6,69,Low,Yes,2,Medium,High,Public,Positive,2,No,High School,Near,Male,68,CLG0086,67,8.34,8.61,1,No,4,2,4,No
5756,23,65,Low,Medium,Yes,6,81,Low,Yes,2,Low,Medium,Public,Neutral,2,No,High School,Near,Female,63,CLG0053,90,8.45,8.69,4,No,3,2,3,No
5757,25,87,Medium,Medium,Yes,6,75,Medium,No,0,Low,Medium,Private,Neutral,2,Yes,High School,Near,Male,67,CLG0022,116,7.68,7.53,5,No,6,8,2,Yes
5758,19,73,Medium,Medium,Yes,6,64,Low,Yes,4,Medium,Medium,Public,Positive,5,Yes,College,Near,Female,66,CLG0014,71,6.17,5.81,4,No,3,2,1,No
5759,16,99,Medium,Medium,No,5,99,Low,No,0,Low,Medium,Private,Neutral,5,No,College,Moderate,Female,68,CLG0066,84,7.29,6.84,2,No,9,5,3,No
5760,24,62,High,Low,Yes,7,53,Medium,Yes,0,Medium,Medium,Public,Positive,6,No,Postgraduate,Near,Female,65,CLG0053,85,8.0,7.64,7,No,6,2,2,No
5761,22,93,High,Medium,Yes,4,96,High,Yes,1,High,Low,Private,Positive,2,No,College,Near,Male,73,CLG0037,93,9.77,9.32,4,No,4,1,0,No
5762,20,87,Low,Medium,Yes,7,75,High,Yes,1,Low,Medium,Public,Negative,3,No,Postgraduate,Near,Male,68,CLG0045,92,8.75,8.71,7,Yes,9,7,0,No
5763,25,73,Medium,High,No,8,53,High,No,0,Low,High,Private,Negative,5,No,Postgraduate,Near,Female,66,CLG0094,95,9.64,9.35,10,No,9,1,5,No
5764,22,65,Medium,Medium,Yes,7,64,High,Yes,1,Medium,High,Private,Negative,2,No,High School,Moderate,Male,64,CLG0047,95,9.0,8.87,7,No,3,5,2,No
5765,15,65,Low,High,Yes,8,52,Medium,Yes,4,Low,Medium,Private,Neutral,3,Yes,High School,Moderate,Female,61,CLG0049,104,7.39,7.35,9,No,4,1,4,No
5766,11,73,Medium,High,No,5,58,Medium,No,0,Medium,Medium,Private,Positive,4,No,College,Near,Male,62,CLG0067,73,8.69,8.89,3,No,6,10,4,Yes
5767,7,66,High,Low,Yes,8,68,High,Yes,0,Low,Medium,Public,Negative,2,Yes,College,Moderate,Male,57,CLG0057,104,5.94,6.27,10,No,9,2,0,No
5768,20,71,Medium,Low,No,7,87,High,Yes,1,Medium,Medium,Public,Negative,5,No,High School,Near,Male,65,CLG0003,104,8.47,8.45,2,No,6,10,4,Yes
5769,23,93,High,Low,Yes,9,69,Low,Yes,0,Medium,Medium,Private,Positive,3,Yes,Postgraduate,Moderate,Male,69,CLG0065,89,8.18,8.22,8,No,10,1,1,No
5770,20,74,High,Medium,Yes,8,85,Medium,Yes,2,Low,Medium,Public,Positive,0,No,High School,Near,Male,67,CLG0055,103,5.93,6.03,8,Yes,1,6,1,No
5771,22,95,Low,High,Yes,6,69,High,Yes,3,Medium,Medium,Public,Neutral,2,Yes,Postgraduate,Far,Male,70,CLG0045,111,6.36,6.64,9,Yes,0,1,0,No
5772,18,66,High,Medium,Yes,6,68,Low,No,1,Medium,High,Public,Positive,3,Yes,High School,Far,Male,61,CLG0067,130,5.04,4.59,3,Yes,1,10,4,Yes
5773,17,77,Low,High,Yes,5,53,Medium,Yes,2,High,Medium,Public,Neutral,3,No,College,Near,Male,86,CLG0022,114,7.04,7.16,4,No,4,4,1,No
5774,6,83,Medium,Medium,No,6,89,Medium,Yes,1,Low,Medium,Public,Positive,4,No,Postgraduate,Near,Female,65,CLG0046,92,5.0,4.95,4,Yes,1,5,5,No
5775,20,99,Low,Medium,No,7,80,High,Yes,0,Medium,High,Public,Negative,3,No,Postgraduate,Near,Male,71,CLG0090,58,5.49,5.26,8,No,0,9,5,No
5776,30,87,High,Medium,Yes,8,58,High,Yes,1,Low,Medium,Public,Negative,1,No,College,Near,Male,71,CLG0045,104,7.14,6.65,1,Yes,6,8,1,No
5777,23,81,High,Low,Yes,10,94,High,Yes,1,Medium,High,Public,Neutral,2,No,College,Near,Female,70,CLG0046,101,8.57,8.18,4,Yes,4,9,2,Yes
5778,25,81,Medium,Medium,No,8,79,Low,Yes,1,Medium,Medium,Public,Neutral,4,No,College,Near,Female,68,CLG0028,85,5.96,6.34,6,Yes,2,3,1,No
5779,35,85,Medium,High,Yes,6,73,High,Yes,1,High,Medium,Public,Negative,5,No,High School,Moderate,Female,74,CLG0079,69,9.82,10.14,5,No,4,10,0,No
5780,18,64,Medium,Medium,Yes,6,76,Medium,Yes,2,Medium,High,Public,Positive,4,No,High School,Near,Male,65,CLG0019,88,7.25,7.6,5,No,4,3,3,No
5781,27,92,High,High,Yes,5,61,Medium,Yes,0,Medium,High,Private,Positive,3,No,Postgraduate,Near,Male,74,CLG0026,111,5.23,5.41,3,No,5,3,3,No
5782,18,72,High,Medium,Yes,8,69,High,No,2,High,Medium,Public,Neutral,4,Yes,High School,Far,Female,64,CLG0051,85,9.25,9.37,8,No,3,8,5,Yes
5783,17,80,Medium,Medium,Yes,7,68,Medium,Yes,0,Medium,Medium,Private,Negative,5,Yes,College,Near,Female,65,CLG0085,115,9.02,9.39,9,Yes,0,9,2,Yes
5784,25,74,Low,Medium,Yes,6,65,High,Yes,0,High,Medium,Public,Neutral,1,No,High School,Moderate,Male,65,CLG0066,99,6.72,6.52,2,No,6,7,0,No
5785,17,99,Medium,Medium,No,10,86,Low,Yes,1,Medium,Medium,Private,Positive,2,No,College,Near,Male,70,CLG0024,90,9.75,10.12,9,No,7,9,5,Yes
5786,24,72,Medium,High,Yes,10,76,High,No,1,Low,Medium,Public,Negative,3,No,High School,Near,Male,66,CLG0078,113,6.07,5.97,7,No,7,6,0,No
5787,26,93,Medium,Medium,Yes,6,78,Medium,Yes,2,Medium,Medium,Public,Neutral,3,No,Postgraduate,Far,Female,72,CLG0043,110,5.85,6.27,1,No,10,4,5,No
5788,8,90,High,High,No,7,79,High,Yes,2,Low,Medium,Public,Negative,4,No,College,Near,Male,68,CLG0057,82,7.42,7.15,10,No,4,7,0,No
5789,14,86,Low,Low,Yes,8,90,Low,Yes,0,Low,Medium,Private,Neutral,1,No,High School,Near,Male,63,CLG0085,87,6.43,6.55,5,No,6,7,3,No
5790,29,78,Medium,High,Yes,7,80,Medium,Yes,2,Medium,Medium,Public,Positive,4,No,Postgraduate,Near,Female,73,CLG0032,135,9.19,9.33,2,No,5,9,5,Yes
5791,18,81,High,Low,Yes,9,73,High,Yes,1,Medium,High,Public,Neutral,2,No,High School,Near,Female,67,CLG0057,91,9.76,10.17,2,No,2,8,0,No
5792,28,69,High,High,Yes,7,54,Low,No,1,Low,Medium,Public,Neutral,2,No,College,Far,Male,65,CLG0001,89,9.47,9.73,10,Yes,10,2,4,No
5793,15,86,Low,High,No,7,60,Medium,Yes,2,Medium,Medium,Public,Positive,3,No,College,Near,Male,67,CLG0073,116,6.76,6.41,3,Yes,2,10,0,No
5794,15,61,Medium,Medium,No,7,98,Medium,Yes,1,Medium,Medium,Public,Neutral,3,No,High School,Near,Male,62,CLG0034,100,5.5,5.35,5,No,7,10,4,No
5795,9,96,Medium,Low,Yes,8,75,Low,Yes,1,Low,High,Private,Positive,4,Yes,High School,Near,Female,65,CLG0023,93,5.35,4.93,1,No,7,9,3,No
5796,24,88,High,Medium,No,10,88,Low,Yes,2,High,High,Public,Positive,1,No,Postgraduate,Far,Female,72,CLG0058,100,6.3,5.83,6,No,10,7,4,No
5797,4,66,Low,High,No,8,84,Low,Yes,2,Low,High,Public,Neutral,3,No,Postgraduate,Near,Female,60,CLG0004,108,9.99,9.78,8,No,6,10,0,No
5798,30,63,Medium,High,Yes,8,96,Medium,Yes,4,Low,Medium,Private,Positive,3,No,Postgraduate,Near,Female,71,CLG0055,76,5.69,5.74,5,No,4,5,5,No
5799,7,69,Medium,High,Yes,8,54,High,Yes,1,Medium,High,Public,Positive,2,No,High School,Far,Male,87,CLG0069,105,5.44,5.03,10,Yes,8,8,4,No
5800,26,66,Medium,Medium,Yes,7,67,High,Yes,3,Medium,Medium,Public,Negative,4,No,High School,Moderate,Female,66,CLG0057,98,5.3,5.37,5,Yes,10,8,2,No
5801,19,84,Medium,High,Yes,8,87,Low,Yes,2,Low,High,Public,Positive,3,No,High School,Moderate,Female,69,CLG0030,41,6.51,6.96,2,Yes,10,6,5,No
5802,17,87,Medium,High,Yes,7,79,Medium,Yes,3,Low,Medium,Public,Neutral,4,Yes,High School,Near,Female,68,CLG0091,100,8.53,8.94,8,No,7,3,5,No
5803,19,90,Low,Low,Yes,6,51,High,Yes,1,Low,Medium,Public,Negative,3,Yes,Postgraduate,Near,Male,65,CLG0056,97,9.66,9.77,8,No,0,10,3,Yes
5804,23,74,High,Low,No,6,100,Low,Yes,2,High,Low,Private,Positive,3,No,High School,Near,Male,68,CLG0063,80,7.58,7.19,10,No,0,4,1,No
5805,26,74,Low,Low,No,5,89,Low,Yes,3,High,High,Private,Negative,2,No,High School,Near,Male,66,CLG0064,103,5.42,5.57,7,Yes,0,7,0,No
5806,16,76,Medium,Medium,No,7,59,Low,Yes,0,Low,Medium,Public,Neutral,2,No,College,Near,Female,62,CLG0019,87,9.75,9.83,10,Yes,8,8,2,Yes
5807,20,83,Medium,Medium,Yes,7,68,High,Yes,1,Medium,Medium,Public,Positive,1,No,High School,Near,Female,67,CLG0076,73,8.72,8.48,10,Yes,0,5,5,No
5808,27,100,Low,Medium,Yes,4,97,Low,Yes,4,Low,High,Public,Positive,3,No,High School,Near,Female,74,CLG0012,117,8.11,8.23,1,Yes,3,9,4,Yes
5809,15,80,High,Low,No,9,56,High,Yes,3,Medium,Medium,Public,Neutral,3,Yes,High School,Near,Female,64,CLG0083,95,8.77,8.38,3,Yes,6,2,5,No
5810,17,72,Low,Medium,No,7,94,Low,Yes,4,Medium,Medium,Public,Positive,2,No,High School,Far,Female,64,CLG0053,94,7.0,7.16,3,Yes,9,9,5,No
5811,15,61,High,Low,Yes,8,59,Medium,Yes,1,Medium,Medium,Public,Neutral,2,No,Postgraduate,Moderate,Female,61,CLG0049,88,7.68,7.19,5,No,3,7,4,No
5812,20,65,Medium,Low,Yes,7,62,High,Yes,0,Medium,Medium,Public,Neutral,0,Yes,Postgraduate,Near,Male,80,CLG0031,107,7.52,7.1,4,Yes,3,2,4,No
5813,22,89,High,High,Yes,6,80,Medium,Yes,1,High,High,Public,Positive,3,No,High School,Near,Female,73,CLG0096,98,9.51,9.77,7,No,9,8,2,Yes
5814,26,83,Low,Low,No,7,70,High,No,2,Medium,High,Public,Negative,4,Yes,High School,Moderate,Male,65,CLG0027,75,8.51,8.14,5,No,7,1,2,No
5815,15,71,High,High,No,7,100,Low,Yes,2,Low,Low,Public,Neutral,4,No,High School,Near,Male,66,CLG0009,84,7.1,6.87,9,No,10,9,2,No
5816,17,68,Medium,Medium,No,7,94,High,Yes,1,High,Medium,Private,Neutral,4,No,College,Moderate,Female,66,CLG0099,81,6.62,6.41,8,No,2,8,2,No
5817,24,78,High,High,Yes,8,87,Medium,Yes,2,Medium,Medium,Public,Neutral,3,No,High School,Near,Male,71,CLG0048,131,9.1,9.5,2,No,5,1,1,No
5818,30,88,High,Medium,Yes,6,64,Medium,Yes,1,High,Medium,Public,Neutral,2,No,College,Near,Female,73,CLG0033,93,5.72,5.27,3,Yes,2,8,5,No
5819,9,60,Medium,Low,Yes,6,93,Medium,Yes,3,Low,High,Private,Neutral,2,No,High School,Moderate,Female,60,CLG0021,71,5.38,5.03,3,No,7,2,0,No
5820,19,81,Low,High,Yes,6,62,Medium,No,1,Medium,Low,Public,Negative,3,No,High School,Moderate,Female,64,CLG0042,112,8.86,9.06,6,No,7,1,5,Yes
5821,18,98,High,High,Yes,7,80,Low,Yes,3,Low,Medium,Private,Neutral,1,No,College,Near,Female,72,CLG0026,100,8.4,8.23,8,Yes,2,8,2,Yes
5822,12,94,Low,High,Yes,6,61,Medium,Yes,3,High,High,Public,Neutral,4,No,College,Near,Male,69,CLG0009,109,8.99,8.56,6,No,6,1,1,No
5823,26,79,Medium,High,No,6,88,Medium,Yes,1,Low,High,Public,Positive,3,Yes,College,Near,Male,70,CLG0049,102,6.93,7.03,4,No,8,5,2,No
5824,18,86,Medium,Medium,No,6,75,High,Yes,0,Low,High,Public,Neutral,4,No,High School,Near,Male,67,CLG0029,87,9.24,9.65,4,Yes,4,7,3,No
5825,32,64,Low,Low,Yes,6,97,Medium,Yes,1,Medium,Low,Public,Neutral,5,No,College,Moderate,Male,66,CLG0036,109,9.11,9.61,3,Yes,1,8,5,Yes
5826,27,95,Low,High,Yes,6,94,High,Yes,2,Medium,Medium,Public,Neutral,4,No,Postgraduate,Far,Female,74,CLG0088,98,9.03,8.59,5,No,8,5,5,No
5827,33,92,High,High,Yes,7,67,Low,Yes,6,High,Medium,Public,Positive,5,No,High School,Near,Female,78,CLG0061,97,8.77,8.31,5,No,0,5,2,No
5828,23,73,Medium,Medium,No,6,63,Medium,Yes,1,High,Medium,Public,Positive,3,No,High School,Near,Male,67,CLG0046,74,8.05,8.44,5,No,0,8,2,Yes
5829,25,85,High,High,No,5,59,Medium,Yes,3,Low,Medium,Public,Neutral,4,No,High School,Near,Female,70,CLG0050,98,8.47,8.13,2,No,10,10,1,No
5830,19,81,High,High,No,6,73,Low,No,1,Low,High,Private,Positive,3,No,High School,Near,Female,67,CLG0063,95,5.26,5.68,9,Yes,2,3,3,No
5831,22,70,Medium,Low,Yes,6,58,Low,Yes,4,High,Medium,Public,Positive,2,No,Postgraduate,Moderate,Male,66,CLG0062,102,7.73,8.12,6,No,5,1,3,No
5832,20,70,High,Low,No,8,82,Medium,Yes,2,Low,High,Private,Positive,3,No,High School,Moderate,Male,65,CLG0053,111,6.1,6.42,1,Yes,7,9,4,Yes
5833,19,74,Medium,Medium,Yes,8,76,High,Yes,5,Medium,High,Public,Neutral,4,Yes,College,Near,Female,68,CLG0047,90,9.98,9.58,8,Yes,4,10,2,Yes
5834,20,81,Low,Medium,No,6,54,Low,Yes,0,Low,Low,Public,Positive,2,No,College,Moderate,Female,63,CLG0042,82,7.5,7.97,9,No,5,6,4,No
5835,30,99,Low,Medium,No,5,54,Medium,Yes,0,Medium,Medium,Private,Positive,3,No,Postgraduate,Near,Male,72,CLG0034,108,5.72,5.84,7,No,9,9,2,No
5836,20,94,Medium,Medium,Yes,6,70,High,Yes,1,Medium,Medium,Public,Neutral,2,No,High School,Moderate,Female,69,CLG0009,103,9.95,9.92,6,No,4,6,0,No
5837,19,77,High,Low,No,8,53,Medium,Yes,1,Low,Medium,Private,Positive,3,No,High School,Near,Male,64,CLG0045,89,6.8,7.16,6,No,0,1,0,No
5838,23,72,Low,Medium,No,6,61,High,Yes,1,High,Medium,Public,Positive,5,No,High School,Near,Male,66,CLG0073,96,7.86,7.94,1,No,10,8,5,No
5839,25,85,Medium,Medium,Yes,7,76,Medium,Yes,2,High,Medium,Public,Positive,2,No,College,Near,Female,71,CLG0073,120,5.19,5.68,1,Yes,1,7,0,No
5840,20,64,High,Medium,Yes,8,86,Medium,Yes,1,Medium,Medium,Public,Neutral,2,No,Postgraduate,Near,Male,66,CLG0063,109,9.7,10.1,3,No,3,1,0,No
5841,19,84,Medium,High,Yes,7,75,Low,Yes,1,Low,Medium,Public,Negative,2,No,College,Far,Male,66,CLG0046,114,6.03,6.17,4,No,3,2,0,No
5842,21,75,High,High,No,7,70,High,Yes,1,Medium,High,Private,Neutral,3,No,Postgraduate,Near,Female,69,CLG0005,87,9.75,9.79,10,Yes,6,8,2,Yes
5843,19,97,Low,High,No,9,78,Medium,Yes,0,Medium,Medium,Private,Negative,4,No,High School,Moderate,Female,68,CLG0045,91,5.97,6.46,7,No,10,10,4,No
5844,4,61,Low,High,Yes,7,71,High,Yes,0,Low,Low,Public,Positive,1,No,Postgraduate,Near,Male,58,CLG0046,96,5.96,5.52,2,Yes,6,3,3,No
5845,24,89,Low,Medium,No,7,83,Medium,No,1,Low,Low,Public,Neutral,3,No,High School,Moderate,Male,66,CLG0035,104,8.18,8.09,9,No,1,8,5,Yes
5846,25,92,Low,High,Yes,9,72,Medium,Yes,1,Low,Medium,Public,Negative,5,No,Postgraduate,Far,Female,70,CLG0027,90,9.9,9.43,5,Yes,7,6,5,No
5847,20,89,High,Medium,Yes,6,74,Medium,Yes,1,Low,High,Private,Neutral,2,No,High School,Moderate,Male,69,CLG0078,102,7.47,7.79,3,Yes,6,1,0,No
5848,13,60,Low,High,Yes,7,95,Medium,Yes,1,Low,Medium,Private,Positive,1,No,High School,Near,Female,61,CLG0090,89,6.93,6.79,5,Yes,3,10,0,No
5849,15,67,Medium,Medium,No,4,74,Medium,Yes,0,Low,Medium,Public,Negative,3,No,College,Moderate,Male,61,CLG0061,96,9.37,9.38,9,No,3,5,1,No
5850,17,66,Medium,Medium,Yes,9,89,Medium,No,1,Medium,High,Public,Positive,4,No,High School,Moderate,Female,64,CLG0095,93,8.59,8.97,1,No,2,8,2,Yes
5851,11,86,Medium,Medium,No,5,75,Medium,Yes,1,Medium,Low,Public,Neutral,4,No,Postgraduate,Moderate,Female,65,CLG0079,108,6.42,6.15,5,No,8,9,5,No
5852,13,67,High,High,Yes,7,76,Medium,Yes,2,Low,Medium,Private,Neutral,5,No,High School,Near,Male,65,CLG0066,91,5.16,5.23,7,No,4,5,5,No
5853,27,61,High,High,Yes,10,86,Medium,Yes,3,Medium,High,Private,Positive,3,No,High School,Near,Female,70,CLG0056,101,5.88,5.76,8,No,8,9,4,No
5854,27,89,Medium,Medium,No,7,65,Medium,Yes,1,Medium,Medium,Public,Neutral,3,No,High School,Near,Female,70,CLG0036,98,7.56,7.22,9,No,2,7,5,No
5855,24,66,Medium,High,No,8,89,Medium,Yes,0,Medium,High,Public,Positive,2,No,College,Near,Male,67,CLG0075,101,5.16,5.15,9,No,0,9,2,No
5856,25,86,Medium,Medium,Yes,9,97,Low,Yes,1,High,Medium,Private,Neutral,3,No,High School,Moderate,Male,70,CLG0065,96,7.36,7.81,1,No,10,2,5,No
5857,22,76,High,Low,Yes,7,83,Low,Yes,0,Low,Medium,Public,Positive,1,No,College,Near,Male,66,CLG0073,111,6.57,6.97,6,No,8,9,3,Yes
5858,15,91,Medium,Medium,No,6,61,Medium,No,1,Medium,High,Public,Positive,2,No,High School,Moderate,Male,66,CLG0025,96,8.86,8.76,3,No,8,4,5,No
5859,21,80,High,High,Yes,9,85,Low,Yes,1,High,Medium,Public,Negative,3,No,College,Near,Female,70,CLG0069,146,5.64,5.78,6,No,7,7,2,No
5860,26,76,Low,Low,No,7,95,High,Yes,1,Low,High,Public,Neutral,1,No,Postgraduate,Near,Male,67,CLG0010,94,6.9,7.29,8,No,0,7,0,No
5861,19,84,High,Medium,No,10,63,Medium,Yes,0,Low,Medium,Public,Negative,3,No,College,Far,Female,65,CLG0026,79,7.3,6.88,6,Yes,6,4,2,No
5862,30,63,High,Low,No,5,97,High,Yes,2,Low,High,Public,Positive,2,Yes,College,Moderate,Female,67,CLG0062,87,9.21,8.97,8,Yes,6,7,2,No
5863,15,77,Medium,Medium,Yes,5,58,Medium,Yes,1,Low,Medium,Public,Positive,3,No,College,Moderate,Female,64,CLG0036,107,7.81,8.07,1,No,7,7,1,No
5864,19,84,Medium,Medium,Yes,7,56,Low,Yes,2,Low,Medium,Public,Neutral,3,No,High School,Moderate,Female,65,CLG0095,101,7.25,7.38,9,Yes,2,4,4,No
5865,14,89,Medium,High,Yes,6,94,Low,Yes,0,Low,Medium,Private,Neutral,2,No,Postgraduate,Near,Male,68,CLG0022,111,8.03,8.3,8,Yes,4,6,5,Yes
5866,16,83,Medium,Medium,Yes,9,86,Medium,Yes,5,Low,High,Private,Negative,4,No,High School,Moderate,Female,68,CLG0093,112,7.89,7.63,4,No,3,3,1,No
5867,20,73,High,Medium,Yes,5,89,Medium,Yes,2,Medium,High,Public,Positive,5,Yes,High School,Moderate,Female,68,CLG0097,102,6.1,5.63,8,Yes,2,9,5,No
5868,7,75,Medium,High,Yes,7,76,Medium,Yes,0,Medium,Low,Private,Positive,4,No,College,Moderate,Female,63,CLG0084,91,6.5,6.69,8,No,9,3,5,No
5869,17,76,High,Medium,No,8,100,Low,No,0,High,Medium,Private,Neutral,4,No,High School,Moderate,Male,65,CLG0041,85,9.25,8.92,10,No,0,5,3,No
5870,27,81,High,High,Yes,6,70,Medium,Yes,0,Low,Medium,Public,Positive,5,No,High School,Far,Female,70,CLG0098,95,5.96,5.68,8,Yes,8,2,4,No
5871,19,79,High,High,Yes,9,85,Medium,Yes,0,Medium,Medium,Public,Positive,2,No,High School,Moderate,Male,68,CLG0013,103,7.99,7.98,9,No,7,10,5,No
5872,9,83,High,Low,Yes,7,86,Medium,Yes,0,Low,Medium,Public,Negative,1,No,College,Far,Female,62,CLG0077,83,6.68,7.08,3,Yes,4,10,0,No
5873,14,94,High,Medium,Yes,5,89,Medium,Yes,0,Medium,Medium,Public,Positive,1,No,Postgraduate,Near,Female,70,CLG0036,98,5.79,5.51,9,No,10,3,0,No
5874,23,62,High,High,Yes,9,54,Low,Yes,3,Low,Medium,Private,Neutral,4,No,High School,Near,Male,65,CLG0040,99,8.49,8.64,9,Yes,5,2,3,No
5875,33,90,Low,Medium,Yes,9,77,Medium,Yes,3,Medium,High,Public,Negative,6,Yes,Postgraduate,Moderate,Male,73,CLG0038,101,7.69,7.98,9,No,3,1,3,No
5876,28,96,Medium,Medium,No,4,98,High,Yes,5,Low,Medium,Public,Neutral,5,Yes,High School,Far,Male,73,CLG0092,67,5.61,5.92,4,No,3,5,1,No
5877,27,61,Medium,Medium,No,5,70,Medium,Yes,2,Low,Low,Public,Neutral,2,No,College,Near,Male,64,CLG0042,112,7.03,7.42,8,No,10,4,1,No
5878,24,80,Medium,High,Yes,7,99,Low,Yes,2,Medium,Medium,Public,Negative,2,No,High School,Moderate,Female,69,CLG0055,70,6.02,6.39,7,No,10,8,3,No
5879,18,95,Low,Medium,Yes,6,65,High,Yes,1,Low,High,Public,Negative,3,No,High School,Near,Female,68,CLG0041,118,6.6,6.14,10,No,10,1,3,No
5880,22,74,High,Low,Yes,8,79,Low,Yes,3,Medium,Medium,Public,Neutral,1,No,High School,Near,Female,67,CLG0081,107,6.86,6.76,8,No,5,5,0,No
5881,7,61,Low,High,Yes,4,76,High,Yes,1,Medium,Medium,Private,Positive,5,No,High School,Far,Female,60,CLG0020,88,8.33,8.72,4,No,8,9,1,No
5882,22,92,Medium,Medium,No,6,53,Medium,Yes,4,High,Medium,Public,Neutral,4,Yes,High School,Near,Male,69,CLG0001,100,5.53,6.02,2,No,10,10,0,No
5883,25,95,High,High,Yes,7,57,Medium,Yes,2,High,Medium,Private,Negative,2,No,College,Moderate,Female,73,CLG0076,102,7.36,7.67,6,No,4,2,1,No
5884,16,83,High,Medium,Yes,7,63,Medium,Yes,0,Medium,Medium,Public,Neutral,3,No,Postgraduate,Near,Female,67,CLG0043,109,8.35,8.18,1,Yes,4,6,0,No
5885,19,69,Medium,High,Yes,6,72,Medium,No,1,Low,Medium,Public,Neutral,1,No,College,Near,Female,64,CLG0071,70,9.51,9.95,6,No,5,4,3,No
5886,25,82,Medium,Medium,No,8,96,Medium,Yes,1,Low,Medium,Private,Positive,2,No,High School,Moderate,Female,69,CLG0012,104,7.28,7.41,2,Yes,7,1,3,No
5887,29,93,Medium,Medium,Yes,7,84,Medium,Yes,0,High,Medium,Public,Neutral,3,No,College,Moderate,Male,72,CLG0069,105,9.71,9.48,4,No,0,8,4,Yes
5888,29,85,High,Medium,Yes,9,65,High,No,4,Low,Medium,Private,Neutral,4,No,Postgraduate,Moderate,Male,72,CLG0073,105,7.96,7.85,6,No,9,10,4,No
5889,17,93,High,Low,No,6,95,Medium,Yes,1,Low,Medium,Public,Neutral,4,No,High School,Near,Male,69,CLG0060,86,5.85,5.53,8,Yes,9,5,0,No
5890,13,77,Medium,Medium,No,6,70,Medium,Yes,3,Medium,High,Public,Neutral,4,Yes,High School,Near,Male,64,CLG0016,96,6.32,6.56,9,No,10,3,1,No
5891,16,61,Low,Medium,Yes,4,51,Low,Yes,1,Low,Medium,Public,Neutral,3,No,High School,Near,Male,59,CLG0077,82,7.29,6.9,2,No,4,1,0,No
5892,18,71,Medium,High,Yes,7,81,Medium,Yes,0,Medium,Medium,Public,Negative,4,No,College,Moderate,Female,65,CLG0024,101,7.52,7.11,8,No,0,7,1,No
5893,30,87,High,Medium,Yes,9,61,High,Yes,2,Medium,High,Private,Neutral,4,No,High School,Moderate,Male,73,CLG0078,106,9.59,9.98,8,Yes,3,1,1,No
5894,26,90,High,High,Yes,9,53,Medium,Yes,1,Low,Medium,Private,Neutral,4,No,High School,Far,Male,71,CLG0029,85,9.07,8.75,5,No,9,8,1,No
5895,19,90,High,High,No,7,59,Low,Yes,3,High,Medium,Public,Neutral,3,No,College,Moderate,Male,70,CLG0025,95,5.04,4.87,2,No,2,10,5,No
5896,12,88,Low,Medium,Yes,4,56,Medium,Yes,0,Low,High,Private,Neutral,2,No,High School,Far,Male,62,CLG0038,121,5.76,5.92,4,Yes,10,6,4,No
5897,13,98,Medium,High,Yes,6,71,Medium,Yes,1,Low,High,Private,Positive,1,No,College,Near,Female,70,CLG0057,118,6.98,7.41,7,No,6,8,4,Yes
5898,25,82,Medium,High,Yes,7,81,Medium,Yes,2,Medium,Medium,Private,Neutral,2,No,Postgraduate,Moderate,Male,71,CLG0033,102,9.98,10.16,2,No,9,4,2,No
5899,26,70,High,High,Yes,5,58,Medium,Yes,1,Low,Low,Private,Positive,3,No,Postgraduate,Moderate,Male,68,CLG0066,99,6.99,6.66,2,No,1,5,5,No
5900,21,90,High,High,Yes,7,76,High,Yes,2,High,High,Public,Positive,3,No,College,Moderate,Female,74,CLG0073,110,7.15,6.97,2,No,10,4,0,No
5901,23,75,Medium,Low,Yes,8,66,Medium,Yes,5,Medium,Low,Public,Neutral,3,No,High School,Near,Male,67,CLG0004,76,8.02,8.18,5,No,8,7,3,No
5902,10,81,High,Medium,Yes,8,99,Medium,No,2,Medium,Medium,Public,Positive,4,No,Postgraduate,Moderate,Female,67,CLG0007,101,7.27,7.51,6,No,10,4,1,No
5903,17,85,High,High,Yes,7,69,Medium,Yes,4,Low,High,Private,Neutral,2,No,High School,Near,Female,70,CLG0012,117,8.73,8.52,3,No,0,2,3,Yes
5904,22,79,Medium,Medium,No,9,76,Medium,Yes,1,Low,Medium,Private,Positive,2,No,High School,Near,Male,67,CLG0062,98,5.76,5.5,4,Yes,10,1,1,No
5905,27,67,High,Low,No,8,89,Low,Yes,1,Low,Low,Public,Positive,3,No,Postgraduate,Near,Female,66,CLG0097,100,8.79,8.97,3,No,4,8,5,Yes
5906,17,79,Low,High,Yes,7,82,Medium,Yes,0,Medium,High,Public,Negative,2,No,College,Near,Male,66,CLG0087,112,6.5,6.09,10,Yes,4,10,5,Yes
5907,19,82,Medium,Medium,No,7,94,Medium,Yes,1,Medium,Medium,Public,Positive,3,No,High School,Near,Female,68,CLG0059,90,7.2,6.85,8,Yes,10,1,1,No
5908,23,76,Medium,Medium,Yes,7,57,High,Yes,1,Medium,Medium,Public,Negative,3,No,High School,Moderate,Female,66,CLG0096,115,7.41,7.27,7,Yes,1,4,2,No
5909,26,93,Low,Medium,No,4,69,Medium,Yes,2,Low,Medium,Public,Neutral,3,No,High School,Near,Male,70,CLG0014,113,9.86,9.87,2,No,2,8,5,Yes
5910,13,84,Medium,Medium,No,5,78,Medium,Yes,1,Low,High,Public,Positive,2,No,High School,Near,Male,65,CLG0060,106,7.77,7.96,6,Yes,6,9,5,No
5911,16,86,High,High,No,8,99,Medium,Yes,4,Low,High,Private,Neutral,4,No,College,Near,Male,72,CLG0053,72,7.31,7.2,1,No,10,2,0,No
5912,21,97,Low,Medium,Yes,8,96,High,Yes,2,Low,High,Public,Positive,4,No,College,Moderate,Female,72,CLG0075,107,8.04,8.23,5,No,5,2,3,No
5913,19,68,Medium,Low,Yes,8,75,Low,Yes,1,Medium,Medium,Private,Neutral,4,No,Postgraduate,Near,Male,64,CLG0070,89,8.96,8.47,3,No,10,3,4,No
5914,23,78,High,Medium,No,8,94,Medium,Yes,1,High,Medium,Private,Neutral,2,Yes,High School,Moderate,Male,68,CLG0023,92,7.84,7.87,8,No,7,4,2,No
5915,12,96,High,Medium,No,4,95,Medium,Yes,3,Medium,Medium,Private,Neutral,0,Yes,High School,Near,Male,69,CLG0043,111,7.7,7.39,10,No,5,7,4,No
5916,11,85,Medium,Low,Yes,4,92,Low,Yes,0,Medium,High,Public,Neutral,1,No,College,Near,Male,64,CLG0032,68,5.41,5.84,8,No,10,3,1,No
5917,25,67,High,Medium,No,9,93,High,Yes,2,Low,High,Public,Positive,3,Yes,High School,Near,Female,68,CLG0014,114,7.44,7.47,7,No,7,5,5,No
5918,26,82,Medium,Medium,Yes,7,86,Medium,Yes,0,Low,High,Public,Neutral,2,Yes,Postgraduate,Near,Male,69,CLG0062,116,8.84,8.95,2,No,4,1,1,No
5919,16,75,Medium,Medium,Yes,8,94,Medium,Yes,0,Medium,Medium,Private,Positive,3,No,High School,Moderate,Male,65,CLG0003,117,7.73,7.62,3,No,9,6,4,No
5920,16,84,Medium,High,Yes,6,93,Medium,Yes,0,High,Medium,Public,Positive,3,No,High School,Moderate,Male,69,CLG0092,106,8.04,7.73,10,No,2,5,3,No
5921,18,91,Low,Medium,No,7,95,Medium,Yes,2,Low,High,Public,Positive,2,No,Postgraduate,Near,Male,70,CLG0066,90,9.76,10.2,5,Yes,8,8,2,Yes
5922,20,76,High,High,Yes,6,87,Low,Yes,1,Low,Medium,Public,Negative,4,No,Postgraduate,Moderate,Male,68,CLG0090,95,7.19,7.0,4,No,8,9,5,No
5923,18,88,Medium,Medium,No,7,64,Low,Yes,0,Medium,Low,Public,Positive,4,No,College,Moderate,Male,66,CLG0069,87,5.82,5.95,2,Yes,6,6,1,No
5924,26,71,Low,High,No,8,100,Low,Yes,1,Low,High,Private,Positive,4,No,College,Near,Female,69,CLG0034,97,5.55,5.69,3,Yes,8,9,5,No
5925,26,62,Low,High,No,6,86,Medium,Yes,2,Medium,Medium,Public,Positive,3,No,High School,Near,Male,66,CLG0054,112,6.19,6.02,1,No,2,3,5,No
5926,10,82,High,Medium,No,7,82,Low,Yes,2,Low,High,Private,Neutral,4,No,High School,Near,Male,65,CLG0080,97,7.99,7.84,2,No,3,5,2,No
5927,18,71,Low,Low,Yes,7,61,Low,Yes,2,Low,Medium,Public,Negative,4,No,College,Near,Male,61,CLG0030,89,5.73,5.39,2,Yes,5,7,1,No
5928,30,70,Medium,Medium,No,9,57,Medium,Yes,1,Low,Medium,Public,Negative,4,No,College,Far,Female,65,CLG0076,106,7.12,7.44,8,Yes,8,10,0,No
5929,14,84,Medium,Medium,Yes,6,96,Medium,No,2,Low,Medium,Private,Neutral,2,No,Postgraduate,Far,Male,66,CLG0010,92,8.89,9.3,7,No,9,6,3,No
5930,17,60,Low,Low,Yes,7,61,Medium,Yes,1,Low,Medium,Public,Positive,4,No,Postgraduate,Near,Female,61,CLG0040,78,9.91,9.59,2,No,2,7,1,No
5931,19,92,Medium,Medium,Yes,6,65,Medium,Yes,3,Medium,High,Public,Neutral,4,No,College,Near,Female,70,CLG0092,92,9.43,9.3,3,Yes,4,7,3,No
5932,21,98,Low,High,Yes,8,51,Medium,Yes,0,Medium,Medium,Public,Neutral,3,No,High School,Near,Male,69,CLG0030,128,9.33,9.78,7,Yes,8,3,2,Yes
5933,11,87,Low,Medium,No,8,53,High,Yes,1,Medium,Medium,Public,Positive,3,No,High School,Near,Female,64,CLG0024,76,5.79,5.63,8,No,2,9,2,No
5934,31,62,Medium,Medium,Yes,8,91,High,Yes,4,High,High,Public,Positive,4,No,High School,Moderate,Male,71,CLG0019,103,8.13,7.91,4,No,3,8,0,No
5935,19,91,Low,High,Yes,7,91,Medium,Yes,1,High,High,Public,Neutral,3,No,High School,Near,Female,71,CLG0015,76,9.02,9.22,4,Yes,6,8,1,No
5936,20,70,Low,Medium,No,7,73,Medium,Yes,0,Low,Medium,Public,Negative,5,No,High School,Near,Female,62,CLG0056,75,6.26,6.75,10,Yes,4,2,4,No
5937,18,69,High,Medium,Yes,7,100,Medium,Yes,3,Medium,High,Public,Negative,2,No,High School,Near,Male,67,CLG0018,100,9.58,10.04,8,Yes,8,8,0,No
5938,32,81,High,Medium,No,6,59,High,Yes,2,High,Medium,Public,Neutral,2,No,High School,Moderate,Female,71,CLG0062,74,9.77,9.34,5,Yes,6,8,4,Yes
5939,22,88,Medium,Medium,Yes,5,87,Low,Yes,1,Low,High,Public,Neutral,3,No,Postgraduate,Near,Male,70,CLG0014,111,6.65,7.1,3,Yes,6,2,4,No
5940,19,72,Medium,Low,No,6,66,Medium,Yes,0,Medium,High,Private,Neutral,2,No,Postgraduate,Near,Male,64,CLG0009,96,7.57,7.99,6,No,10,9,4,No
5941,12,81,High,High,Yes,5,82,Low,Yes,1,Medium,High,Public,Positive,3,No,High School,Far,Female,66,CLG0049,112,9.64,10.06,9,No,3,3,1,No
5942,23,92,Medium,High,No,9,52,High,Yes,1,High,Medium,Private,Positive,2,No,High School,Near,Female,71,CLG0052,96,9.35,9.45,10,No,1,9,3,Yes
5943,16,61,High,Medium,No,4,54,Low,Yes,1,Low,Medium,Private,Neutral,2,No,High School,Near,Female,60,CLG0089,112,8.41,8.58,2,No,3,3,3,Yes
5944,20,90,Medium,Medium,Yes,7,58,High,Yes,1,High,High,Private,Neutral,4,No,High School,Near,Male,70,CLG0041,77,6.31,6.09,5,No,1,8,5,No
5945,19,76,Medium,Medium,Yes,6,53,Medium,Yes,2,Medium,Medium,Public,Positive,5,No,High School,Near,Male,66,CLG0099,101,9.5,9.84,6,No,10,8,3,Yes
5946,30,82,Low,Medium,Yes,10,86,Low,Yes,2,Low,High,Public,Neutral,4,No,High School,Near,Female,70,CLG0027,72,7.54,7.74,3,Yes,10,5,5,No
5947,29,90,Medium,Medium,Yes,9,83,Medium,Yes,0,Medium,High,Private,Positive,3,No,High School,Near,Female,72,CLG0027,97,7.09,7.17,2,Yes,2,10,1,No
5948,24,72,Medium,Low,Yes,9,53,Medium,Yes,0,Low,High,Private,Neutral,4,Yes,High School,Moderate,Male,62,CLG0003,96,5.18,4.96,5,Yes,2,8,3,No
5949,18,99,Medium,High,Yes,10,51,Medium,Yes,1,Medium,Low,Public,Neutral,4,No,Postgraduate,Near,Male,71,CLG0047,97,9.6,9.31,6,Yes,4,10,0,No
5950,7,84,Medium,High,Yes,7,100,Low,Yes,3,Low,Medium,Private,Negative,4,Yes,High School,Moderate,Male,64,CLG0083,108,9.16,9.31,7,Yes,2,1,1,No
5951,15,67,Low,Medium,Yes,5,59,Low,Yes,0,Low,Medium,Private,Neutral,3,No,High School,Near,Male,59,CLG0098,94,8.49,8.84,3,No,1,8,2,Yes
5952,26,94,Low,Medium,No,6,59,High,Yes,4,Low,Medium,Public,Neutral,3,No,High School,Near,Female,71,CLG0032,96,7.9,7.94,6,Yes,2,5,3,No
5953,22,88,Medium,Medium,No,7,72,Low,Yes,4,High,Medium,Public,Negative,2,No,Postgraduate,Near,Male,70,CLG0040,70,6.6,6.87,8,No,8,9,0,No
5954,25,62,Medium,Medium,No,10,84,Low,Yes,2,Low,Medium,Public,Positive,3,No,College,Near,Female,65,CLG0076,106,7.71,7.94,7,Yes,4,1,5,No
5955,26,80,Medium,Medium,Yes,7,94,Medium,Yes,1,Low,Medium,Private,Positive,2,No,Postgraduate,Moderate,Male,70,CLG0045,92,6.49,6.2,7,No,7,3,0,No
5956,9,87,High,Medium,No,6,82,Medium,Yes,0,Low,Medium,Public,Negative,3,No,College,Near,Female,65,CLG0034,102,8.76,8.61,3,No,6,10,0,No
5957,10,85,Medium,High,Yes,5,92,Medium,Yes,0,Low,High,Private,Positive,4,Yes,High School,Far,Female,65,CLG0043,85,5.38,5.58,10,No,6,2,5,No
5958,30,76,Medium,Medium,Yes,7,86,Medium,Yes,1,Medium,High,Public,Neutral,2,Yes,Postgraduate,Far,Male,69,CLG0100,83,5.91,5.93,4,No,4,9,3,No
5959,20,95,High,Low,Yes,7,93,Low,No,0,Low,High,Public,Neutral,2,No,High School,Near,Male,68,CLG0067,114,7.37,7.46,10,No,8,10,2,Yes
5960,15,67,Low,Medium,Yes,5,74,Medium,Yes,1,High,High,Public,Positive,2,No,Postgraduate,Near,Male,64,CLG0018,89,7.34,7.49,1,Yes,9,8,1,No
5961,30,77,Medium,Low,Yes,7,74,Medium,Yes,3,High,Medium,Private,Neutral,3,No,Postgraduate,Moderate,Male,70,CLG0086,96,7.0,7.43,5,Yes,7,8,4,No
5962,12,87,High,High,Yes,9,75,Medium,No,1,Low,Medium,Private,Neutral,3,Yes,College,Moderate,Female,65,CLG0040,105,8.96,8.85,2,Yes,10,10,5,Yes
5963,30,79,High,Medium,No,6,65,Medium,Yes,1,Low,Medium,Public,Negative,4,No,Postgraduate,Near,Female,70,CLG0069,101,6.62,6.72,7,Yes,1,1,4,No
5964,10,65,Low,High,No,7,55,Medium,Yes,0,Low,High,Public,Neutral,3,No,High School,Near,Female,59,CLG0073,106,7.36,7.82,4,Yes,1,3,3,No
5965,26,65,Low,Medium,No,7,53,Low,Yes,3,High,Medium,Public,Positive,2,No,High School,Near,Female,64,CLG0022,99,5.17,5.38,5,No,7,3,2,No
5966,18,91,Medium,Medium,No,7,63,Medium,Yes,1,Medium,Medium,Public,Negative,4,No,College,Near,Male,68,CLG0082,90,8.39,8.88,4,No,2,7,0,No
5967,23,68,Medium,High,Yes,6,70,Medium,Yes,4,Medium,Medium,Public,Positive,2,No,High School,Near,Male,68,CLG0031,100,6.02,6.02,3,Yes,0,5,4,No
5968,21,94,Medium,Medium,Yes,9,65,Low,Yes,5,High,High,Private,Neutral,3,Yes,High School,Near,Male,71,CLG0028,94,9.49,9.08,2,No,3,9,2,Yes
5969,19,76,High,High,Yes,8,66,Low,Yes,0,Low,High,Private,Negative,4,Yes,High School,Near,Male,65,CLG0035,86,6.53,6.81,7,Yes,8,7,5,No
5970,18,78,High,Low,Yes,7,85,High,Yes,3,Low,Low,Public,Negative,2,No,College,Near,Male,67,CLG0010,88,5.74,5.39,10,No,9,2,5,No
5971,17,85,High,High,Yes,6,66,Medium,Yes,0,Medium,High,Public,Neutral,2,No,College,Moderate,Female,68,CLG0063,91,8.63,8.2,1,Yes,1,9,3,Yes
5972,18,82,High,Medium,Yes,8,62,High,Yes,3,Low,Medium,Private,Neutral,4,No,High School,Near,Female,69,CLG0006,71,8.21,8.12,7,Yes,0,6,3,No
5973,25,82,Medium,Medium,Yes,8,65,Medium,Yes,0,High,Medium,Private,Neutral,4,No,High School,Near,Male,69,CLG0099,78,7.38,7.58,5,No,1,4,4,No
5974,16,81,Medium,High,Yes,5,85,High,No,2,Low,Medium,Public,Positive,3,No,College,Near,Male,68,CLG0001,96,5.24,5.45,9,No,3,5,5,No
5975,11,63,High,Medium,Yes,9,56,High,Yes,2,Medium,Medium,Public,Neutral,3,No,High School,Near,Female,62,CLG0034,107,9.18,8.86,2,Yes,0,2,3,No
5976,11,91,Medium,Medium,No,5,53,Medium,Yes,0,Low,Medium,Private,Neutral,2,No,Postgraduate,Near,Female,64,CLG0021,88,8.36,8.21,7,Yes,7,10,1,No
5977,17,95,Medium,Low,Yes,8,85,Low,No,1,Low,High,Private,Negative,2,No,College,Moderate,Female,66,CLG0089,106,9.3,9.41,8,Yes,1,10,4,Yes
5978,17,76,Medium,High,No,9,71,Medium,Yes,0,Medium,High,Public,Neutral,3,No,Postgraduate,Near,Male,67,CLG0078,132,9.83,9.6,1,Yes,1,7,1,No
5979,31,92,Medium,Medium,Yes,4,76,Medium,Yes,2,Medium,High,Public,Positive,4,Yes,High School,Far,Male,72,CLG0037,92,7.04,6.78,8,Yes,3,4,2,No
5980,22,94,Medium,Medium,Yes,7,75,Low,Yes,0,Low,High,Public,Neutral,3,No,High School,Near,Male,69,CLG0011,88,5.85,5.68,2,No,5,1,0,No
5981,26,82,Low,High,No,7,60,Medium,No,3,Low,Medium,Public,Neutral,3,No,Postgraduate,Near,Female,68,CLG0018,110,8.25,8.46,7,Yes,6,7,5,No
5982,12,70,Medium,Medium,Yes,6,81,Low,Yes,1,Low,Medium,Public,Negative,2,Yes,High School,Far,Male,59,CLG0052,112,6.77,6.34,6,Yes,1,7,5,No
5983,14,97,Medium,Medium,Yes,7,75,High,Yes,1,Medium,Medium,Public,Positive,4,No,College,Near,Female,70,CLG0030,81,5.42,5.56,10,No,1,6,1,No
5984,24,88,High,High,No,9,71,Medium,Yes,2,High,High,Public,Negative,3,No,High School,Near,Female,72,CLG0021,119,8.41,8.29,4,No,1,8,0,Yes
5985,18,78,Low,High,Yes,9,83,Medium,Yes,2,Low,Medium,Private,Negative,2,No,Postgraduate,Moderate,Female,66,CLG0060,120,7.14,7.02,10,No,3,9,4,Yes
5986,18,78,Medium,High,No,7,55,High,Yes,0,High,Medium,Public,Negative,3,No,High School,Near,Male,65,CLG0094,95,6.02,5.6,3,Yes,6,1,1,No
5987,23,77,Medium,Medium,Yes,5,72,Medium,Yes,2,High,High,Public,Negative,5,No,College,Moderate,Female,69,CLG0005,114,5.14,4.89,2,No,7,3,1,No
5988,33,86,Low,Medium,Yes,7,80,Medium,Yes,0,Low,High,Public,Neutral,3,No,Postgraduate,Near,Female,72,CLG0042,108,7.71,7.3,2,Yes,6,5,1,No
5989,21,77,Medium,Low,Yes,6,57,Medium,Yes,4,Low,Medium,Public,Negative,5,No,High School,Far,Male,65,CLG0065,89,9.84,10.12,10,Yes,6,4,2,No
5990,36,82,Low,Low,Yes,7,63,Medium,Yes,0,Medium,Medium,Private,Positive,3,No,High School,Near,Male,69,CLG0095,74,6.93,6.97,1,Yes,1,6,2,No
5991,16,64,High,Medium,Yes,7,51,High,Yes,4,High,High,Public,Neutral,3,No,College,Near,Male,66,CLG0094,115,6.51,6.4,7,Yes,9,4,1,No
5992,11,61,Medium,Low,Yes,7,81,High,Yes,5,Medium,Low,Public,Positive,4,Yes,High School,Near,Male,61,CLG0050,92,5.09,4.6,8,No,4,3,2,No
5993,17,94,Low,Medium,Yes,8,65,Low,Yes,4,Medium,Medium,Public,Neutral,6,No,High School,Far,Female,68,CLG0004,99,6.15,6.25,7,Yes,4,6,4,No
5994,15,91,Low,High,No,8,75,Medium,Yes,4,Medium,Medium,Public,Neutral,1,No,High School,Near,Female,68,CLG0047,91,5.93,5.66,4,No,9,8,4,No
5995,15,91,Low,Medium,No,10,78,Low,Yes,2,Medium,High,Public,Neutral,3,No,High School,Near,Female,67,CLG0032,115,6.07,6.47,10,No,1,6,3,No
5996,22,76,Low,High,No,5,65,Low,Yes,0,Medium,High,Public,Neutral,3,No,High School,Far,Female,64,CLG0070,91,8.97,9.28,7,Yes,2,8,0,No
5997,27,62,High,Low,No,7,96,Medium,Yes,2,Low,Medium,Public,Neutral,4,No,High School,Near,Male,66,CLG0084,113,5.54,5.39,7,No,10,10,0,No
5998,18,68,High,High,No,6,82,Low,Yes,0,Medium,High,Public,Positive,3,No,High School,Near,Male,66,CLG0089,112,8.86,8.38,5,Yes,1,6,3,Yes
5999,22,77,High,Low,Yes,7,70,Medium,Yes,2,Medium,Medium,Private,Positive,4,No,Postgraduate,Near,Male,69,CLG0048,101,7.64,7.77,4,Yes,6,9,3,No
6000,21,95,Medium,Medium,No,5,62,High,Yes,1,Medium,Low,Public,Positive,4,No,High School,Near,Male,70,CLG0016,109,9.45,9.37,10,No,10,2,0,No
6001,26,73,Medium,Medium,Yes,9,68,High,Yes,4,Medium,Medium,Public,Neutral,2,No,High School,Far,Male,68,CLG0038,90,9.69,9.34,9,No,7,1,0,No
6002,28,91,Low,Medium,No,7,90,Medium,Yes,2,High,Low,Private,Neutral,3,No,High School,Near,Male,71,CLG0013,90,9.47,9.25,4,No,4,3,5,No
6003,19,79,Medium,High,Yes,7,90,Medium,Yes,1,High,Medium,Public,Negative,4,No,College,Far,Female,68,CLG0090,95,8.86,8.57,4,Yes,10,10,2,Yes
6004,19,93,Medium,Medium,No,7,84,High,No,0,Medium,Low,Public,Neutral,2,No,College,Near,Male,68,CLG0072,127,8.33,8.18,10,No,10,10,2,Yes
6005,19,93,Medium,High,No,6,65,Medium,Yes,0,Medium,High,Public,Neutral,3,No,High School,Near,Male,69,CLG0035,99,8.91,9.23,6,No,4,5,5,No
6006,28,72,Low,Low,No,8,85,High,Yes,4,Low,Medium,Private,Negative,2,No,High School,Near,Female,66,CLG0080,114,7.98,7.71,6,No,6,6,5,No
6007,21,84,Medium,Medium,No,6,75,Low,No,1,High,Medium,Public,Positive,3,No,College,Moderate,Male,67,CLG0005,107,7.23,7.39,6,Yes,7,10,0,No
6008,14,67,Low,Low,Yes,7,66,Low,Yes,0,Low,Medium,Public,Neutral,4,No,High School,Far,Female,57,CLG0049,89,8.06,7.59,4,No,10,10,5,No
6009,24,77,Medium,Low,Yes,6,65,High,Yes,2,Medium,High,Private,Positive,3,No,High School,Near,Male,68,CLG0064,99,9.76,9.58,4,No,4,10,0,No
6010,27,86,Low,Medium,Yes,7,59,Low,Yes,1,Medium,Medium,Public,Neutral,3,No,High School,Near,Male,68,CLG0072,84,5.95,5.93,5,No,7,9,3,No
6011,20,72,Medium,Medium,Yes,9,56,Medium,Yes,4,High,Medium,Public,Negative,2,No,High School,Near,Male,65,CLG0092,109,5.66,5.54,6,No,4,6,5,No
6012,13,62,Medium,Medium,Yes,8,56,Low,Yes,1,Low,High,Public,Positive,4,Yes,High School,Near,Female,60,CLG0089,102,7.17,7.59,1,No,3,9,3,No
6013,13,74,Medium,High,Yes,8,98,High,Yes,1,High,High,Public,Negative,2,No,High School,Near,Male,66,CLG0054,100,7.98,7.59,2,No,1,10,0,No
6014,23,97,Medium,Low,Yes,9,62,Medium,Yes,0,Low,Medium,Private,Positive,2,No,Postgraduate,Near,Male,70,CLG0030,121,5.85,5.47,6,No,1,3,5,No
6015,24,98,Medium,Low,Yes,9,99,High,Yes,2,Low,High,Public,Neutral,2,No,Postgraduate,Far,Female,73,CLG0092,87,9.74,9.28,5,No,0,6,4,No
6016,17,61,Medium,High,No,7,72,Low,Yes,1,Medium,High,Public,Neutral,2,No,High School,Moderate,Male,62,CLG0047,91,8.88,8.88,9,Yes,4,9,1,No
6017,25,93,Medium,High,No,5,90,Low,Yes,1,Medium,Medium,Public,Positive,2,No,College,Near,Male,72,CLG0014,124,8.65,8.69,3,Yes,3,4,3,Yes
6018,14,60,Medium,Low,Yes,10,65,Low,Yes,0,High,Medium,Private,Positive,3,No,College,Near,Male,60,CLG0094,84,8.81,8.6,9,No,6,6,1,No
6019,20,66,Low,High,Yes,4,95,High,Yes,2,High,Medium,Public,Neutral,2,No,High School,Moderate,Female,66,CLG0090,98,8.76,8.4,6,Yes,9,6,2,No
6020,21,80,Medium,Low,Yes,5,61,Medium,Yes,2,High,Medium,Public,Positive,3,No,High School,Near,Male,67,CLG0013,114,7.9,7.49,10,Yes,1,9,3,Yes
6021,24,98,Medium,High,No,8,61,Medium,Yes,6,Medium,High,Private,Positive,3,No,High School,Near,Female,75,CLG0075,100,7.72,7.23,4,No,4,1,2,No
6022,28,97,High,Low,Yes,9,53,Low,Yes,0,Low,Medium,Private,Negative,3,No,College,Moderate,Female,70,CLG0030,57,8.11,8.21,5,Yes,1,9,0,No
6023,22,61,Low,Low,Yes,10,76,High,Yes,1,High,High,Public,Positive,2,No,College,Near,Male,64,CLG0008,88,8.44,8.24,8,No,10,2,3,No
6024,25,77,Medium,Low,No,4,64,Low,Yes,3,Low,Medium,Public,Neutral,4,Yes,College,Near,Female,65,CLG0052,89,9.92,9.48,5,No,4,4,5,No
6025,26,72,Medium,Low,No,8,82,Medium,Yes,2,Medium,Low,Public,Negative,2,No,Postgraduate,Far,Female,65,CLG0049,102,7.47,7.86,2,No,8,10,3,No
6026,23,72,Low,Medium,Yes,4,66,Low,No,3,Low,Medium,Private,Positive,4,No,Postgraduate,Near,Female,66,CLG0092,83,6.47,6.07,4,Yes,0,9,0,No
6027,18,95,Medium,High,No,8,54,Medium,Yes,2,High,Medium,Public,Neutral,3,No,College,Moderate,Female,70,CLG0050,94,9.75,9.58,8,Yes,0,2,3,No
6028,24,77,High,Low,Yes,9,82,Low,Yes,1,Medium,Medium,Private,Neutral,2,No,High School,Near,Male,67,CLG0050,93,5.68,6.13,4,No,10,6,4,No
6029,14,64,Medium,Medium,Yes,6,85,Medium,Yes,0,Medium,Medium,Public,Neutral,3,No,High School,Near,Male,62,CLG0049,118,6.65,6.35,9,No,3,2,0,No
6030,12,65,Medium,High,Yes,5,75,High,Yes,0,High,Medium,Private,Negative,2,No,High School,Moderate,Male,62,CLG0025,92,5.69,6.11,4,No,4,9,1,No
6031,16,95,Medium,High,Yes,8,52,Medium,Yes,0,Low,Medium,Private,Positive,3,No,Postgraduate,Moderate,Male,69,CLG0045,89,9.37,9.54,3,No,9,6,4,No
6032,29,66,High,High,No,6,66,Medium,Yes,0,Medium,Medium,Private,Negative,3,No,Postgraduate,Near,Male,68,CLG0063,122,9.67,9.39,2,No,4,8,3,Yes
6033,25,89,Medium,Medium,Yes,7,81,High,Yes,3,Medium,Medium,Public,Negative,0,No,College,Near,Male,71,CLG0068,93,5.2,5.01,2,No,5,4,4,No
6034,21,100,Low,High,No,6,94,Medium,No,1,High,Medium,Public,Positive,3,No,College,Moderate,Female,72,CLG0039,105,5.68,5.19,2,No,7,10,1,No
6035,26,81,Low,Medium,Yes,5,82,Medium,Yes,0,Medium,Medium,Public,Negative,5,Yes,Postgraduate,Near,Female,67,CLG0072,85,9.16,9.1,7,Yes,5,5,5,No
6036,19,64,Medium,Medium,No,4,87,High,Yes,2,Medium,Medium,Private,Positive,4,No,High School,Moderate,Male,65,CLG0009,99,8.63,8.25,1,No,10,4,4,No
6037,18,99,Medium,Medium,Yes,7,86,Medium,No,1,High,Medium,Public,Neutral,4,No,High School,Moderate,Female,70,CLG0027,99,7.72,7.95,9,Yes,1,2,5,No
6038,21,67,Medium,Medium,Yes,9,95,High,Yes,1,Medium,Medium,Private,Positive,4,No,High School,Near,Male,67,CLG0065,96,9.6,9.18,9,Yes,6,5,0,No
6039,21,60,High,Medium,Yes,9,62,Medium,Yes,2,Low,Medium,Public,Positive,3,No,High School,Near,Male,64,CLG0055,86,5.37,5.46,1,Yes,3,10,1,No
6040,14,73,High,Medium,Yes,6,57,High,Yes,2,Medium,Medium,Public,Neutral,4,No,High School,Moderate,Female,64,CLG0053,86,5.29,5.29,9,Yes,6,1,4,No
6041,14,76,High,Low,No,7,77,Low,No,2,High,Medium,Public,Positive,4,No,College,Near,Male,65,CLG0057,91,7.12,7.45,9,Yes,8,2,2,No
6042,26,87,Medium,High,No,5,70,Low,Yes,1,Low,Medium,Private,Positive,2,No,High School,Near,Female,70,CLG0031,112,5.26,5.68,9,Yes,5,1,1,No
6043,24,69,Medium,Low,Yes,6,69,Medium,Yes,0,Low,High,Private,Neutral,4,No,College,Near,Male,65,CLG0023,109,6.33,6.12,10,No,10,1,0,No
6044,33,78,Medium,Medium,No,9,72,Medium,Yes,4,Medium,Medium,Public,Positive,3,No,High School,Moderate,Male,71,CLG0005,111,7.33,7.67,9,No,4,6,5,No
6045,15,68,Medium,Medium,Yes,6,50,High,Yes,2,High,Low,Public,Neutral,3,No,High School,Moderate,Male,62,CLG0068,97,5.7,5.85,4,No,1,10,5,No
6046,17,100,Medium,High,Yes,5,71,Low,Yes,2,Low,Medium,Public,Neutral,4,No,High School,Near,Male,70,CLG0046,116,8.41,8.54,10,No,0,8,1,Yes
6047,7,89,High,Low,Yes,6,53,Medium,Yes,3,Low,High,Private,Neutral,2,No,High School,Moderate,Male,64,CLG0010,102,5.38,5.66,5,No,8,9,5,No
6048,19,82,Low,High,No,8,95,Medium,Yes,2,Low,High,Public,Neutral,4,Yes,Postgraduate,Moderate,Female,68,CLG0086,120,8.56,8.36,2,Yes,3,9,0,Yes
6049,21,79,Medium,Low,Yes,8,54,High,Yes,3,Low,Medium,Public,Positive,3,No,Postgraduate,Moderate,Female,67,CLG0058,76,6.52,6.15,1,No,3,6,1,No
6050,13,77,High,High,Yes,7,69,Medium,Yes,2,Low,High,Private,Neutral,5,No,College,Moderate,Male,67,CLG0032,86,6.17,6.13,9,No,1,1,2,No
6051,21,80,High,Low,No,7,73,Medium,Yes,0,Medium,Low,Private,Neutral,2,No,High School,Moderate,Female,65,CLG0077,80,7.76,7.81,9,No,2,3,1,No
6052,9,61,High,Medium,Yes,6,77,Low,No,1,High,Medium,Private,Neutral,2,No,High School,Near,Male,82,CLG0005,83,5.49,5.78,2,No,8,3,0,No
6053,16,84,High,High,No,6,88,Low,Yes,1,Medium,Medium,Private,Negative,1,Yes,High School,Near,Male,66,CLG0047,102,9.73,9.75,6,No,1,8,5,Yes
6054,5,61,High,Medium,No,9,84,High,Yes,1,Medium,Medium,Public,Neutral,3,No,College,Near,Male,60,CLG0003,88,5.82,5.83,10,Yes,9,10,3,No
6055,27,86,Medium,Medium,No,7,72,Low,Yes,1,Medium,High,Public,Positive,4,No,High School,Far,Male,69,CLG0011,89,6.27,5.93,3,No,5,3,0,No
6056,3,78,Medium,Medium,No,8,54,High,Yes,2,High,Medium,Public,Positive,4,No,High School,Moderate,Male,61,CLG0032,113,6.45,6.73,9,No,1,9,3,Yes
6057,14,63,High,Low,No,7,79,Medium,Yes,1,Low,Medium,Public,Neutral,3,No,High School,Near,Male,61,CLG0085,103,7.34,7.28,8,Yes,9,2,1,No
6058,19,83,Medium,Medium,No,8,77,High,Yes,1,Low,Medium,Public,Positive,4,No,High School,Far,Male,66,CLG0034,115,9.37,9.51,8,Yes,8,9,2,Yes
6059,18,87,Low,Low,No,8,79,High,Yes,1,Low,High,Public,Negative,4,No,College,Near,Male,82,CLG0034,94,9.78,9.66,3,No,3,3,0,No
6060,17,73,Low,Medium,Yes,5,85,High,Yes,3,Medium,Medium,Public,Positive,1,No,College,Near,Female,66,CLG0062,104,5.37,5.6,3,Yes,9,10,2,No
6061,12,90,Medium,High,Yes,9,77,Medium,Yes,3,Medium,Medium,Public,Positive,3,No,Postgraduate,Near,Male,70,CLG0008,89,8.7,8.64,6,No,6,6,5,No
6062,16,75,High,Low,Yes,5,83,Medium,Yes,1,Medium,High,Private,Negative,3,No,College,Moderate,Female,65,CLG0029,113,6.46,6.51,3,No,7,5,1,No
6063,20,93,High,Medium,No,7,60,High,Yes,0,Low,High,Public,Neutral,3,No,High School,Near,Male,69,CLG0011,112,6.85,6.53,4,Yes,1,9,1,No
6064,24,93,Low,High,Yes,8,78,Medium,Yes,1,High,Medium,Public,Neutral,4,No,High School,Near,Female,72,CLG0069,90,8.35,8.33,4,No,7,10,4,Yes
6065,23,81,High,High,No,5,91,Low,Yes,0,High,High,Public,Positive,3,Yes,High School,Near,Female,70,CLG0020,117,5.61,5.61,1,No,4,3,1,No
6066,22,64,Medium,Medium,Yes,7,62,Medium,Yes,3,Low,Medium,Private,Neutral,4,No,Postgraduate,Moderate,Female,65,CLG0062,114,5.65,6.11,8,No,8,10,0,No
6067,20,66,Medium,Medium,Yes,8,93,Medium,Yes,2,Low,High,Public,Neutral,3,No,High School,Near,Male,65,CLG0071,66,5.56,5.62,7,Yes,4,10,1,No
6068,23,64,Low,Medium,Yes,7,69,High,Yes,4,High,Medium,Public,Positive,3,No,High School,Moderate,Male,66,CLG0017,103,9.02,9.03,3,No,4,5,3,No
6069,19,67,Low,Medium,No,5,92,High,Yes,0,Medium,Medium,Public,Positive,3,No,College,Near,Male,64,CLG0094,116,6.53,6.26,1,No,10,9,4,Yes
6070,29,93,Medium,High,No,7,82,Medium,Yes,5,Low,Medium,Public,Negative,3,No,High School,Moderate,Male,73,CLG0066,84,9.01,8.88,5,No,8,9,5,Yes
6071,20,97,Medium,Low,Yes,8,84,Low,Yes,4,Medium,Medium,Public,Positive,5,No,High School,Near,Female,72,CLG0013,91,6.98,6.59,3,Yes,0,8,3,No
6072,30,62,Medium,High,Yes,6,63,Medium,Yes,2,Low,High,Public,Positive,4,No,High School,Moderate,Male,68,CLG0051,83,6.29,6.52,2,No,3,6,5,No
6073,28,78,High,Medium,No,9,73,High,Yes,2,Medium,Medium,Public,Neutral,4,No,College,Moderate,Female,70,CLG0013,84,7.52,7.06,4,No,9,9,5,No
6074,19,72,Medium,Low,Yes,8,58,Medium,Yes,0,Medium,Low,Public,Neutral,3,No,High School,Near,Female,62,CLG0024,97,7.42,7.49,7,No,9,9,2,No
6075,32,85,Medium,Low,Yes,9,63,Low,No,2,High,Medium,Public,Neutral,3,No,High School,Moderate,Male,69,CLG0083,90,9.41,8.94,2,Yes,3,8,3,Yes
6076,15,92,Medium,High,Yes,5,84,Medium,Yes,0,High,Low,Public,Positive,5,No,High School,Moderate,Female,69,CLG0041,95,9.87,9.72,6,No,2,7,3,No
6077,23,88,Medium,Medium,No,7,69,Medium,Yes,3,Low,High,Public,Negative,3,No,High School,Near,Male,69,CLG0062,103,5.71,5.43,9,No,8,6,3,No
6078,14,67,Medium,Low,No,4,71,Medium,Yes,0,High,Medium,Public,Neutral,4,No,College,Near,Female,62,CLG0070,112,8.62,8.56,1,Yes,1,7,5,Yes
6079,16,71,High,Low,Yes,6,77,Low,Yes,4,Medium,Medium,Public,Neutral,5,Yes,College,Moderate,Male,64,CLG0019,102,8.13,8.05,7,No,3,8,0,No
6080,15,82,Medium,High,Yes,6,90,High,No,2,High,Medium,Public,Positive,2,No,High School,Near,Male,68,CLG0034,94,7.43,6.94,4,No,8,10,1,No
6081,30,84,High,Medium,Yes,9,94,Medium,Yes,1,Low,High,Private,Positive,2,Yes,High School,Near,Female,72,CLG0034,90,7.64,7.64,5,Yes,8,1,4,No
6082,30,96,High,Medium,Yes,10,52,Medium,Yes,0,High,High,Public,Positive,4,No,College,Moderate,Female,74,CLG0051,118,8.99,9.39,4,Yes,5,3,4,Yes
6083,27,70,Low,Low,Yes,7,88,Medium,No,1,High,Medium,Public,Neutral,3,No,High School,Near,Male,65,CLG0025,77,7.67,7.69,3,No,4,10,3,No
6084,20,98,Low,Low,No,7,78,Low,Yes,4,High,High,Public,Neutral,2,No,High School,Far,Male,69,CLG0040,100,9.86,10.0,7,Yes,8,1,5,No
6085,17,65,Low,Low,Yes,5,55,Medium,Yes,2,Low,Medium,Public,Positive,3,No,High School,Near,Female,61,CLG0014,87,7.98,7.86,5,Yes,0,3,2,No
6086,25,88,Medium,High,No,5,51,Medium,Yes,1,Medium,Low,Public,Neutral,1,No,High School,Near,Female,68,CLG0038,105,8.9,9.23,6,No,8,2,3,No
6087,21,61,Low,Medium,No,7,58,Medium,Yes,1,Medium,Low,Public,Negative,3,No,High School,Near,Female,60,CLG0038,113,9.22,8.84,3,Yes,2,6,5,Yes
6088,25,96,Low,Medium,No,7,98,Medium,Yes,0,Low,Medium,Public,Positive,2,No,High School,Near,Female,71,CLG0079,89,6.98,6.56,2,Yes,7,9,3,No
6089,23,81,High,Medium,No,8,78,High,Yes,4,Low,Low,Public,Positive,3,No,High School,Moderate,Male,70,CLG0018,99,9.92,9.61,8,Yes,2,2,2,No
6090,11,89,Low,High,No,9,69,Low,Yes,1,Low,Low,Public,Neutral,3,No,High School,Near,Male,64,CLG0083,107,8.91,8.48,2,Yes,8,2,3,No
6091,9,78,High,Medium,No,9,57,Low,Yes,1,Low,High,Public,Positive,5,No,High School,Moderate,Female,63,CLG0001,106,7.6,7.78,4,No,2,5,1,No
6092,31,92,High,Medium,Yes,7,55,Medium,Yes,3,Low,High,Public,Positive,3,No,High School,Near,Male,74,CLG0031,102,8.26,7.79,4,No,7,2,5,No
6093,11,74,Medium,High,Yes,7,98,Low,Yes,1,Low,Medium,Public,Positive,2,No,High School,Near,Male,65,CLG0098,75,8.99,8.49,6,Yes,1,7,0,No
6094,18,64,Medium,Medium,No,6,80,Medium,Yes,1,Medium,Medium,Public,Positive,5,Yes,High School,Near,Male,63,CLG0098,109,6.39,5.91,10,Yes,1,8,2,No
6095,19,76,Medium,Medium,Yes,6,65,Medium,Yes,0,Low,Medium,Public,Neutral,4,Yes,High School,Near,Female,63,CLG0057,88,9.43,9.66,9,No,5,6,4,No
6096,18,78,Medium,High,Yes,9,85,High,Yes,1,Low,High,Private,Negative,2,No,Postgraduate,Near,Male,68,CLG0070,116,9.9,9.7,7,Yes,4,2,4,Yes
6097,15,95,Medium,Medium,No,9,56,Medium,No,3,Low,High,Public,Positive,1,No,High School,Near,Male,67,CLG0053,97,8.61,8.93,6,No,5,4,1,No
6098,26,75,Medium,Low,Yes,7,76,Medium,Yes,2,Medium,Medium,Public,Neutral,3,No,College,Near,Male,68,CLG0042,80,7.39,6.93,3,Yes,4,6,5,No
6099,15,63,Medium,High,No,8,66,High,Yes,1,Low,Medium,Private,Negative,4,No,College,Near,Male,62,CLG0082,103,8.63,8.78,8,No,0,7,1,No
6100,19,78,High,High,No,5,55,Medium,Yes,0,Medium,Medium,Public,Neutral,4,No,High School,Moderate,Male,66,CLG0052,96,9.67,9.91,4,No,7,1,0,No
6101,11,99,Medium,Low,Yes,9,88,Medium,Yes,2,Low,Medium,Public,Neutral,2,No,High School,Moderate,Male,67,CLG0057,118,9.93,10.1,8,No,9,9,5,Yes
6102,13,78,Medium,High,Yes,8,88,High,Yes,0,High,Low,Public,Neutral,3,No,College,Near,Male,66,CLG0088,106,6.68,6.68,3,Yes,2,6,4,No
6103,21,85,Medium,Low,No,6,77,Medium,Yes,2,Low,Medium,Public,Neutral,3,No,College,Far,Male,66,CLG0048,70,7.13,7.63,4,No,8,8,3,No
6104,19,69,Medium,Medium,Yes,7,55,Low,Yes,1,Low,Medium,Public,Positive,4,No,College,Near,Female,63,CLG0079,90,6.32,6.55,7,Yes,9,6,2,No
6105,13,86,Medium,High,No,8,59,Medium,Yes,3,Medium,Medium,Public,Neutral,3,No,High School,Near,Male,67,CLG0088,82,7.77,7.29,1,Yes,1,2,0,No
6106,20,75,Medium,Medium,No,7,78,Medium,Yes,0,Low,Medium,Public,Negative,2,No,College,Near,Female,64,CLG0030,138,8.05,8.46,8,No,2,5,1,No
6107,13,86,Medium,High,Yes,8,53,Medium,Yes,2,Low,High,Public,Positive,4,No,High School,Far,Male,66,CLG0086,88,5.83,5.57,7,No,7,9,2,No
6108,18,63,High,High,No,8,62,Medium,Yes,2,High,Medium,Public,Positive,4,No,High School,Near,Female,65,CLG0041,141,7.29,6.96,2,No,6,2,0,No
6109,18,81,Low,Medium,Yes,6,64,Medium,Yes,1,Medium,Medium,Public,Positive,4,No,High School,Moderate,Female,65,CLG0090,90,5.54,5.3,7,No,6,5,1,No
6110,15,88,Low,Medium,Yes,6,61,Medium,Yes,0,High,Medium,Public,Neutral,4,Yes,Postgraduate,Far,Male,65,CLG0018,128,8.52,8.68,3,No,8,3,1,No
6111,26,98,Low,High,Yes,9,98,Low,Yes,4,Low,Low,Public,Positive,2,No,College,Moderate,Male,74,CLG0074,118,7.36,7.31,3,No,0,2,0,No
6112,33,78,Low,Low,No,7,86,Medium,Yes,1,Low,High,Public,Positive,4,No,High School,Near,Male,69,CLG0090,116,7.29,7.52,6,Yes,1,7,0,No
6113,17,82,High,Low,No,9,56,Low,Yes,3,High,Medium,Public,Positive,2,No,High School,Near,Female,66,CLG0093,77,9.26,9.31,3,Yes,8,3,1,No
6114,21,69,High,Medium,Yes,7,52,Low,Yes,0,Low,Medium,Public,Negative,3,No,Postgraduate,Near,Male,64,CLG0075,99,9.45,9.06,4,No,4,1,2,No
6115,12,99,Medium,Medium,No,6,83,Low,Yes,1,Medium,Medium,Public,Negative,3,No,High School,Near,Female,67,CLG0005,85,6.88,6.65,5,No,7,1,4,No
6116,33,93,High,High,Yes,7,98,Low,Yes,0,Medium,Medium,Public,Negative,2,Yes,High School,Near,Female,74,CLG0084,131,7.19,6.92,2,Yes,1,8,5,Yes
6117,20,72,High,Medium,Yes,7,90,High,Yes,2,Medium,Medium,Public,Neutral,3,No,High School,Near,Male,68,CLG0042,99,9.69,9.28,9,No,7,8,5,Yes
6118,26,84,Medium,Medium,Yes,8,56,Medium,No,1,Medium,Medium,Public,Negative,2,No,College,Near,Female,67,CLG0017,89,7.5,7.51,2,No,1,3,0,No
6119,12,76,Medium,Medium,Yes,9,50,Medium,Yes,2,Medium,High,Public,Negative,3,No,College,Near,Male,64,CLG0023,81,7.06,7.23,5,Yes,3,2,3,No
6120,23,79,High,High,Yes,8,82,Low,Yes,3,Medium,Medium,Public,Negative,3,Yes,Postgraduate,Moderate,Female,69,CLG0095,97,9.35,9.38,10,No,8,8,2,Yes
6121,19,88,High,Medium,Yes,5,95,Medium,Yes,1,Medium,High,Public,Neutral,3,No,High School,Near,Male,70,CLG0049,113,8.11,8.19,1,Yes,8,2,3,Yes
6122,25,87,High,Low,No,6,51,Low,Yes,3,Medium,Medium,Public,Neutral,3,No,Postgraduate,Near,Male,70,CLG0072,99,7.78,8.0,9,No,10,8,2,No
6123,15,91,Medium,Medium,No,6,72,Low,Yes,0,Medium,Medium,Public,Neutral,2,No,High School,Moderate,Female,65,CLG0075,77,9.62,9.9,6,Yes,4,10,2,Yes
6124,16,79,Medium,Medium,Yes,8,91,Medium,Yes,4,High,Medium,Private,Positive,1,No,Postgraduate,Near,Male,69,CLG0010,103,6.96,7.41,10,Yes,9,4,2,No
6125,22,68,High,High,Yes,8,56,Medium,No,3,Medium,Medium,Private,Positive,1,No,Postgraduate,Near,Male,67,CLG0026,92,5.27,5.57,2,No,5,3,3,No
6126,13,90,Medium,Medium,No,5,63,Medium,Yes,0,Low,Medium,Public,Neutral,4,No,High School,Moderate,Female,64,CLG0062,67,9.02,9.39,7,Yes,7,9,3,Yes
6127,25,70,Medium,Medium,No,7,51,Medium,Yes,1,High,Medium,Public,Negative,4,No,College,Near,Female,65,CLG0002,140,9.18,9.47,3,Yes,10,4,1,No
6128,16,94,Medium,Medium,Yes,8,76,Low,Yes,3,Medium,Medium,Public,Negative,4,No,Postgraduate,Near,Female,70,CLG0061,113,6.92,7.28,9,Yes,7,4,5,No
6129,7,60,Medium,High,Yes,10,69,Low,Yes,0,Low,Medium,Private,Positive,3,No,College,Moderate,Female,59,CLG0057,108,9.85,10.17,7,Yes,4,4,3,No
6130,21,77,High,Medium,No,10,87,Low,Yes,1,Low,Medium,Public,Neutral,3,No,College,Near,Male,67,CLG0089,91,9.07,8.68,3,Yes,2,10,4,Yes
6131,10,98,Medium,Medium,Yes,6,82,Medium,Yes,2,High,Medium,Public,Positive,2,No,College,Moderate,Male,69,CLG0001,97,6.09,6.36,1,No,9,10,1,No
6132,11,72,Low,Medium,No,8,94,High,Yes,1,Low,Low,Public,Positive,2,No,High School,Near,Male,62,CLG0004,81,7.29,7.09,2,Yes,7,2,5,No
6133,27,86,Medium,Medium,Yes,7,82,Low,Yes,2,Low,Medium,Public,Positive,3,No,High School,Moderate,Female,70,CLG0011,90,9.05,9.14,10,No,3,2,2,No
6134,28,95,Low,Medium,No,8,52,High,Yes,3,High,High,Public,Negative,4,No,College,Near,Male,72,CLG0063,81,8.81,9.16,3,Yes,10,5,1,No
6135,16,95,Medium,Low,No,6,83,Low,Yes,2,Low,High,Private,Neutral,3,No,High School,Near,Female,68,CLG0053,111,6.45,6.28,5,Yes,7,1,0,No
6136,13,87,High,Low,Yes,4,72,Medium,Yes,2,Medium,High,Public,Neutral,3,No,High School,Moderate,Female,67,CLG0090,107,6.21,5.9,7,No,5,6,3,No
6137,23,75,High,High,Yes,6,93,Medium,No,2,Medium,Low,Public,Neutral,3,No,Postgraduate,Moderate,Female,69,CLG0010,102,7.6,7.59,10,Yes,8,10,1,No
6138,29,93,High,High,No,7,74,Medium,Yes,3,Medium,High,Private,Positive,3,No,High School,Near,Male,76,CLG0038,115,7.34,6.84,7,Yes,5,6,2,No
6139,21,78,High,Medium,Yes,6,97,Medium,Yes,0,Medium,Medium,Public,Positive,2,No,High School,Near,Female,69,CLG0026,125,5.17,5.28,10,No,6,3,5,No
6140,20,89,Medium,High,Yes,8,91,Medium,Yes,2,Medium,Medium,Public,Positive,3,No,High School,Near,Female,72,CLG0019,111,9.68,9.2,9,No,4,3,1,No
6141,19,93,High,High,No,8,80,Medium,Yes,1,Medium,Medium,Private,Neutral,3,No,College,Moderate,Male,71,CLG0065,120,9.05,9.25,5,No,3,5,4,Yes
6142,22,67,Medium,Medium,Yes,6,58,Medium,Yes,1,Low,Medium,Public,Neutral,2,No,Postgraduate,Near,Male,64,CLG0017,104,9.69,9.34,7,No,9,8,5,Yes
6143,31,70,High,Low,Yes,4,63,High,Yes,1,Medium,Medium,Public,Neutral,2,Yes,High School,Near,Female,67,CLG0056,158,6.07,5.89,8,No,5,8,3,Yes
6144,12,90,Medium,Low,Yes,6,54,Medium,No,1,High,Medium,Public,Neutral,3,No,High School,Near,Male,64,CLG0056,81,9.98,10.27,7,No,4,4,4,No
6145,22,62,Medium,Medium,Yes,8,64,Medium,Yes,0,Low,Medium,Public,Neutral,3,No,Postgraduate,Near,Female,63,CLG0018,85,8.5,8.87,3,No,5,6,5,No
6146,21,71,Medium,Medium,No,8,54,High,Yes,1,Medium,Medium,Private,Neutral,3,No,High School,Near,Male,64,CLG0052,101,6.1,6.11,10,No,10,2,1,No
6147,26,86,Medium,Low,Yes,7,65,Medium,Yes,2,High,High,Private,Neutral,4,No,Postgraduate,Moderate,Male,71,CLG0018,107,8.18,7.88,6,Yes,0,9,5,No
6148,31,85,High,Medium,No,8,53,Medium,Yes,2,Low,High,Public,Positive,3,No,High School,Near,Male,72,CLG0061,115,6.96,7.42,4,Yes,8,1,5,No
6149,23,66,High,High,Yes,7,80,Medium,Yes,1,Medium,Medium,Public,Positive,3,No,College,Moderate,Female,68,CLG0030,112,8.47,8.11,9,No,8,5,0,No
6150,15,96,High,High,Yes,8,73,Medium,Yes,3,Medium,Medium,Private,Negative,3,No,College,Near,Female,71,CLG0031,108,7.08,7.12,2,Yes,7,6,2,No
6151,16,79,High,Medium,Yes,6,64,Medium,Yes,4,Low,Low,Public,Positive,4,Yes,College,Near,Male,67,CLG0026,115,8.93,8.83,10,Yes,4,5,5,Yes
6152,9,89,Medium,Low,No,10,68,High,Yes,1,High,High,Public,Negative,3,No,High School,Near,Female,65,CLG0076,81,9.35,9.32,7,Yes,5,8,5,Yes
6153,22,61,Medium,Low,No,7,98,High,Yes,3,High,Low,Private,Neutral,2,No,College,Near,Female,65,CLG0003,105,9.36,9.43,10,Yes,10,7,5,No
6154,32,75,Low,High,No,5,91,Low,Yes,1,High,Medium,Public,Positive,2,No,College,Moderate,Female,70,CLG0098,97,6.89,6.62,7,No,7,7,0,No
6155,19,98,Medium,Low,Yes,6,73,Medium,Yes,3,Low,Medium,Private,Negative,3,No,College,Near,Male,69,CLG0085,97,6.95,7.31,10,Yes,0,6,4,No
6156,24,98,Low,Medium,Yes,6,53,Medium,Yes,1,Medium,Low,Public,Neutral,2,No,High School,Near,Female,69,CLG0035,127,6.08,5.74,2,No,2,5,3,No
6157,18,82,Low,Medium,No,9,73,Low,Yes,2,Low,Medium,Public,Positive,4,No,College,Near,Female,66,CLG0030,130,9.0,9.5,8,No,5,7,0,No
6158,15,80,High,Medium,No,8,80,Medium,Yes,1,Low,Medium,Public,Neutral,4,No,High School,Moderate,Female,65,CLG0059,99,7.19,7.43,3,No,5,7,3,No
6159,14,65,Medium,High,Yes,9,97,Low,Yes,3,Low,High,Public,Positive,4,No,High School,Near,Female,65,CLG0050,93,8.68,8.52,10,Yes,5,8,4,Yes
6160,18,97,Medium,High,Yes,7,93,Medium,Yes,5,High,Medium,Public,Positive,4,No,College,Near,Female,75,CLG0036,99,7.74,7.62,2,No,10,4,4,No
6161,24,81,Medium,Medium,Yes,6,85,Medium,No,1,Medium,High,Public,Neutral,4,No,College,Moderate,Male,68,CLG0072,134,6.61,6.12,3,No,9,5,1,No
6162,21,73,Medium,Medium,No,6,85,Medium,Yes,6,Medium,High,Public,Neutral,5,No,College,Near,Male,70,CLG0074,101,9.08,9.25,3,Yes,6,4,0,No
6163,16,80,Medium,Medium,No,9,73,Medium,Yes,2,Medium,Medium,Private,Negative,4,No,College,Near,Male,66,CLG0086,101,7.23,6.97,9,No,6,10,0,No
6164,16,82,High,High,No,7,99,Low,Yes,3,Medium,Medium,Public,Positive,3,No,Postgraduate,Moderate,Male,70,CLG0005,107,6.77,6.88,2,No,4,7,4,No
6165,23,87,Medium,High,No,6,95,High,Yes,3,High,Medium,Private,Positive,0,No,High School,Near,Female,73,CLG0087,88,8.95,9.32,5,No,7,6,4,No
6166,16,77,Medium,Medium,Yes,7,92,High,Yes,5,Low,High,Public,Positive,3,No,Postgraduate,Near,Female,70,CLG0027,102,6.05,5.59,7,Yes,9,3,4,No
6167,28,73,Medium,High,Yes,7,65,High,Yes,3,High,High,Public,Positive,3,No,Postgraduate,Near,Male,72,CLG0029,108,8.3,8.63,3,No,0,5,4,No
6168,17,67,Medium,Medium,Yes,4,71,Medium,Yes,3,Medium,High,Public,Negative,2,No,High School,Moderate,Female,63,CLG0086,83,6.28,6.47,8,No,10,10,3,No
6169,23,79,High,High,Yes,8,59,Low,Yes,1,Low,High,Public,Negative,4,No,College,Moderate,Male,68,CLG0028,103,7.63,7.65,7,No,10,9,4,No
6170,28,85,Medium,Medium,Yes,9,81,Low,Yes,2,Low,Medium,Public,Neutral,3,No,High School,Near,Male,70,CLG0052,113,9.21,9.23,5,No,6,3,0,No
6171,5,93,Low,Low,No,7,63,Medium,Yes,2,Medium,High,Public,Neutral,3,No,Postgraduate,Near,Male,64,CLG0072,117,5.19,5.26,9,No,2,1,0,No
6172,24,71,High,High,Yes,10,93,Low,Yes,2,Medium,Medium,Private,Positive,2,Yes,College,Near,Female,69,CLG0032,129,5.93,6.3,9,Yes,0,1,2,No
6173,13,60,High,High,No,7,70,Medium,Yes,1,Medium,Medium,Public,Negative,3,No,College,Far,Female,61,CLG0072,99,8.22,8.14,8,No,7,4,5,No
6174,18,72,Low,High,No,7,58,Low,Yes,6,Low,Medium,Public,Positive,0,No,High School,Moderate,Male,64,CLG0045,85,6.94,7.33,8,No,6,5,3,No
6175,23,66,High,Low,No,6,53,Low,Yes,2,Medium,Medium,Public,Positive,1,No,College,Far,Male,63,CLG0066,85,6.78,6.62,4,No,9,1,0,No
6176,15,68,High,Medium,No,8,70,Medium,Yes,3,Medium,High,Public,Negative,3,No,High School,Near,Female,64,CLG0091,102,5.83,5.71,7,Yes,0,4,0,No
6177,22,63,Low,Low,Yes,7,53,Medium,Yes,1,High,Medium,Public,Neutral,4,No,High School,Near,Male,62,CLG0024,83,6.63,6.45,5,Yes,7,4,2,No
6178,16,91,Medium,High,No,9,94,Low,Yes,0,High,Medium,Public,Positive,3,No,Postgraduate,Near,Male,70,CLG0092,99,6.76,7.09,8,Yes,9,1,1,No
6179,25,97,High,High,No,6,59,Low,Yes,0,Low,High,Public,Positive,2,No,High School,Near,Female,72,CLG0100,107,8.5,8.6,2,No,9,7,2,No
6180,26,80,Medium,High,Yes,6,81,Medium,Yes,0,Medium,Medium,Public,Neutral,2,No,College,Near,Female,70,CLG0085,101,7.69,8.13,10,Yes,5,5,3,No
6181,18,91,Medium,Medium,No,5,52,Medium,Yes,2,Medium,Medium,Public,Negative,4,No,High School,Moderate,Female,66,CLG0049,94,9.94,9.73,8,No,9,9,2,Yes
6182,16,95,High,Medium,Yes,8,86,Medium,Yes,0,Low,Low,Public,Positive,4,No,High School,Moderate,Male,69,CLG0066,89,7.96,7.85,2,Yes,9,7,1,No
6183,10,67,High,High,No,6,61,Medium,Yes,0,Low,High,Private,Neutral,2,No,High School,Near,Female,61,CLG0034,136,6.31,6.04,1,Yes,10,6,4,No
6184,19,65,High,Medium,Yes,9,87,Low,Yes,0,High,High,Public,Positive,2,No,College,Moderate,Male,65,CLG0064,84,8.27,8.66,9,No,4,1,2,No
6185,15,85,High,Medium,No,7,82,High,Yes,2,Medium,Medium,Public,Negative,4,No,High School,Far,Male,67,CLG0082,121,8.51,8.72,2,Yes,8,7,3,Yes
6186,22,74,High,High,No,4,77,Low,Yes,0,High,Medium,Private,Negative,3,Yes,High School,Near,Male,66,CLG0089,100,7.46,7.8,6,Yes,3,3,5,No
6187,19,63,Medium,Low,Yes,6,51,High,Yes,2,Medium,Medium,Public,Neutral,4,No,High School,Near,Male,62,CLG0088,101,8.68,8.73,6,Yes,7,9,1,No
6188,15,63,Medium,Medium,Yes,6,86,Low,Yes,4,High,Medium,Public,Positive,5,No,High School,Near,Male,65,CLG0037,79,7.59,7.77,7,No,5,3,0,No
6189,23,98,Medium,Medium,No,9,88,High,Yes,1,Low,Medium,Public,Negative,4,No,Postgraduate,Moderate,Female,72,CLG0061,100,7.67,7.46,10,No,3,10,4,No
6190,29,89,Medium,Low,Yes,8,89,Low,Yes,1,Medium,High,Private,Neutral,4,No,High School,Moderate,Male,71,CLG0090,97,9.37,9.54,2,Yes,5,9,1,No
6191,25,90,Medium,Medium,Yes,7,96,Medium,Yes,1,Medium,Medium,Public,Positive,4,No,College,Moderate,Male,72,CLG0076,93,8.0,8.12,5,Yes,4,8,2,Yes
6192,23,88,Medium,Medium,Yes,8,66,Low,Yes,2,Medium,High,Private,Positive,2,No,College,Moderate,Male,69,CLG0088,83,6.22,6.01,9,Yes,8,4,0,No
6193,19,87,High,High,No,10,60,High,Yes,2,Medium,Low,Private,Positive,3,No,High School,Moderate,Male,69,CLG0036,108,7.91,8.37,4,No,7,10,2,Yes
6194,26,95,Medium,Low,Yes,8,61,Medium,Yes,2,Medium,Medium,Private,Neutral,2,No,Postgraduate,Near,Female,71,CLG0093,120,9.27,9.17,3,No,10,4,0,No
6195,22,72,Low,Medium,No,6,70,Low,Yes,1,High,Medium,Public,Neutral,3,No,Postgraduate,Far,Male,64,CLG0054,87,7.31,7.8,7,Yes,2,9,2,No
6196,20,67,Medium,High,No,10,53,High,Yes,1,Low,Medium,Private,Positive,2,No,Postgraduate,Near,Male,65,CLG0095,59,9.06,9.03,2,Yes,1,10,3,Yes
6197,19,61,Medium,High,No,7,97,Low,Yes,0,Medium,High,Public,Negative,3,Yes,College,Far,Male,62,CLG0043,84,6.19,6.37,9,No,3,5,4,No
6198,25,85,Medium,Low,Yes,8,94,Medium,Yes,3,Medium,High,Public,Positive,3,No,High School,Moderate,Male,71,CLG0029,101,8.53,8.59,5,No,4,10,1,No
6199,20,98,Low,Medium,Yes,7,96,Low,No,1,Low,High,Public,Positive,3,No,College,Near,Female,70,CLG0055,112,6.64,7.06,4,Yes,2,7,3,No
6200,10,64,Medium,Low,No,9,76,Low,Yes,1,Low,Medium,Private,Positive,1,No,High School,Near,Female,58,CLG0028,70,7.96,7.64,3,No,1,4,4,No
6201,19,61,Medium,Low,No,9,62,Medium,Yes,2,Medium,Medium,Public,Neutral,2,No,High School,Far,Female,60,CLG0016,86,6.15,6.1,7,No,0,8,4,No
6202,15,98,High,Low,No,8,80,Low,No,2,High,High,Public,Negative,2,No,Postgraduate,Near,Female,69,CLG0048,105,8.56,8.51,10,Yes,8,10,5,Yes
6203,14,64,Medium,High,No,8,62,Low,Yes,1,Medium,High,Public,Positive,4,Yes,High School,Moderate,Male,61,CLG0039,84,5.38,5.52,9,No,10,4,4,No
6204,25,83,Low,Medium,Yes,8,88,Low,Yes,1,Medium,High,Public,Neutral,3,Yes,College,Near,Male,68,CLG0058,77,9.63,9.33,7,No,10,10,3,Yes
6205,22,63,High,Low,Yes,8,55,Medium,Yes,2,Medium,Medium,Private,Neutral,4,No,High School,Near,Male,64,CLG0054,105,5.96,5.89,3,No,6,2,5,No
6206,9,82,High,Low,Yes,6,86,Medium,Yes,2,Low,High,Private,Negative,2,No,College,Far,Female,64,CLG0003,133,5.86,6.12,6,Yes,9,1,2,No
6207,16,79,Medium,Medium,No,8,89,Medium,Yes,0,Low,High,Private,Neutral,4,No,High School,Near,Male,65,CLG0035,90,8.07,8.04,9,Yes,2,2,0,No
6208,25,65,High,Medium,Yes,4,84,High,Yes,1,High,Medium,Public,Positive,2,No,High School,Near,Male,68,CLG0051,90,6.74,6.42,10,Yes,9,6,0,No
6209,18,90,Low,Medium,No,6,88,Low,Yes,1,Medium,Medium,Private,Negative,1,No,High School,Moderate,Female,65,CLG0013,95,5.87,5.48,1,Yes,3,4,1,No
6210,18,96,High,Low,No,7,57,Low,Yes,1,Low,Medium,Public,Negative,3,No,High School,Moderate,Female,66,CLG0060,84,9.35,9.24,9,No,5,7,1,No
6211,17,86,High,High,Yes,7,94,Medium,Yes,2,Medium,Medium,Public,Neutral,3,No,High School,Moderate,Male,70,CLG0030,104,7.12,6.82,8,Yes,10,2,1,No
6212,18,94,Low,Low,Yes,7,53,Low,Yes,3,Medium,High,Private,Neutral,2,No,High School,Near,Female,67,CLG0091,104,8.5,8.26,4,No,8,6,4,No
6213,28,60,Medium,High,Yes,7,53,Low,Yes,3,Low,Medium,Private,Neutral,3,No,High School,Near,Female,65,CLG0052,100,6.33,5.84,6,Yes,6,8,1,No
6214,30,70,Medium,High,Yes,9,83,Medium,Yes,1,High,Medium,Private,Neutral,2,No,Postgraduate,Near,Female,71,CLG0057,106,7.16,7.22,10,Yes,8,3,1,No
6215,25,81,High,Low,Yes,9,81,Low,Yes,2,Low,Medium,Public,Neutral,3,No,High School,Near,Male,68,CLG0039,109,9.17,9.38,5,No,4,10,4,Yes
6216,21,90,Medium,High,Yes,8,74,Medium,Yes,4,Low,Medium,Private,Neutral,3,No,High School,Near,Male,71,CLG0081,111,7.44,7.81,9,No,2,7,1,No
6217,24,72,Medium,Medium,No,7,75,Medium,Yes,3,High,Medium,Private,Neutral,2,No,College,Near,Female,68,CLG0012,92,9.25,9.45,1,Yes,0,2,5,No
6218,19,92,Low,High,Yes,6,68,Medium,Yes,2,Medium,Medium,Public,Neutral,2,No,High School,Near,Female,69,CLG0100,116,9.61,9.86,9,Yes,5,3,3,Yes
6219,15,77,Medium,Medium,Yes,8,57,Low,Yes,1,Low,Medium,Public,Neutral,2,No,College,Near,Male,63,CLG0043,99,9.57,9.41,5,No,5,1,3,No
6220,21,76,Medium,Medium,Yes,7,64,Low,Yes,1,Medium,High,Private,Positive,2,No,High School,Moderate,Male,66,CLG0008,104,7.15,7.09,10,No,9,10,5,No
6221,19,67,Medium,Medium,Yes,6,75,High,Yes,1,Low,Medium,Public,Neutral,3,No,College,Near,Female,65,CLG0083,99,7.79,7.69,9,No,8,8,0,No
6222,22,67,Medium,High,No,7,70,High,Yes,2,Low,Medium,Private,Positive,2,No,High School,Near,Male,66,CLG0061,103,8.54,8.66,4,Yes,10,5,2,No
6223,13,81,Medium,High,No,6,53,Low,Yes,2,Low,Medium,Public,Positive,4,No,High School,Near,Male,65,CLG0099,103,9.98,10.37,7,Yes,5,9,2,Yes
6224,30,87,Low,Medium,No,7,59,Medium,Yes,2,Medium,Medium,Public,Neutral,3,No,High School,Moderate,Male,69,CLG0022,120,9.26,8.99,10,No,5,9,2,Yes
6225,21,96,Medium,High,Yes,4,78,Low,Yes,2,High,Medium,Private,Positive,2,No,High School,Near,Male,72,CLG0086,62,7.55,7.53,1,No,9,10,5,No
6226,25,91,High,Low,Yes,7,76,Low,Yes,1,Low,High,Private,Positive,3,No,College,Near,Female,71,CLG0094,104,6.54,6.47,10,Yes,0,6,4,No
6227,23,88,Medium,Medium,No,8,89,Medium,Yes,0,Medium,High,Private,Positive,5,No,High School,Near,Female,70,CLG0068,103,5.54,5.94,10,No,5,6,3,No
6228,22,92,Medium,High,No,6,99,Low,Yes,1,Medium,Medium,Public,Negative,4,No,College,Near,Female,71,CLG0024,101,9.07,9.45,2,No,2,7,2,No
6229,11,83,High,Low,Yes,5,67,Medium,Yes,1,Medium,Medium,Public,Positive,2,No,Postgraduate,Near,Male,66,CLG0062,125,9.28,9.41,4,No,9,10,2,Yes
6230,22,90,Medium,Medium,Yes,7,66,Low,Yes,0,Low,Medium,Public,Positive,1,No,Postgraduate,Near,Male,69,CLG0048,82,6.71,6.58,9,No,7,7,1,No
6231,21,93,Medium,Medium,Yes,6,56,Medium,No,1,Low,Medium,Public,Positive,3,No,High School,Near,Male,68,CLG0026,96,6.26,6.3,3,No,2,6,3,No
6232,17,60,High,Medium,Yes,9,86,Medium,Yes,0,Low,High,Public,Positive,2,No,High School,Near,Male,63,CLG0008,100,6.31,6.32,5,No,6,7,0,No
6233,16,73,High,High,Yes,6,71,Medium,Yes,0,Low,Medium,Public,Positive,4,No,Postgraduate,Near,Male,67,CLG0043,93,9.62,9.81,2,No,7,10,3,Yes
6234,19,70,Medium,High,Yes,10,92,Medium,Yes,1,Low,High,Public,Positive,4,No,High School,Near,Male,67,CLG0057,86,8.51,8.78,2,No,10,4,5,No
6235,23,81,Medium,Low,No,4,84,Medium,Yes,2,Medium,Medium,Public,Positive,5,No,High School,Near,Male,68,CLG0045,121,9.95,9.99,1,No,7,1,4,Yes
6236,21,74,Medium,High,Yes,8,79,Medium,Yes,0,Low,High,Private,Positive,4,No,High School,Near,Male,67,CLG0006,110,6.28,6.0,4,No,10,4,5,No
6237,21,98,Low,Medium,No,6,88,Medium,Yes,1,Medium,Low,Public,Neutral,3,No,Postgraduate,Near,Male,71,CLG0098,102,9.07,8.89,10,No,10,7,2,No
6238,12,81,Medium,Medium,Yes,7,64,High,Yes,2,High,Medium,Public,Neutral,3,No,High School,Near,Male,66,CLG0065,102,6.34,6.46,1,No,1,1,0,No
6239,23,86,Medium,Medium,Yes,8,59,Low,Yes,1,Low,Medium,Public,Neutral,3,No,Postgraduate,Moderate,Female,68,CLG0071,91,7.67,7.3,4,No,7,9,2,No
6240,23,61,High,Low,Yes,6,73,Medium,Yes,1,Medium,Medium,Public,Positive,3,No,College,Near,Male,65,CLG0098,111,8.21,7.83,8,No,9,6,3,No
6241,22,84,Medium,Medium,No,4,56,Medium,Yes,0,High,Low,Private,Positive,2,No,High School,Moderate,Male,66,CLG0078,112,9.46,9.43,6,No,6,2,2,Yes
6242,17,98,High,Medium,No,7,88,Medium,Yes,2,Low,High,Private,Negative,4,No,High School,Far,Male,70,CLG0012,87,5.85,5.57,10,Yes,4,8,3,No
6243,24,74,Medium,Medium,Yes,7,65,Low,Yes,3,Medium,High,Public,Neutral,2,No,College,Near,Male,68,CLG0020,91,9.22,8.84,9,Yes,9,8,3,Yes
6244,32,76,Low,Low,Yes,6,96,Low,Yes,0,Low,High,Public,Neutral,2,No,High School,Moderate,Female,67,CLG0098,103,7.17,6.77,6,No,10,10,1,No
6245,23,67,Medium,Medium,No,8,71,High,Yes,2,Medium,Medium,Public,Neutral,4,No,College,Moderate,Female,66,CLG0065,107,6.46,6.71,9,No,6,7,3,No
6246,23,72,Low,Medium,Yes,7,84,High,Yes,0,Medium,Medium,Public,Positive,4,No,High School,Near,Male,66,CLG0038,116,6.37,6.72,6,No,3,2,3,No
6247,17,89,Medium,Medium,Yes,6,82,Medium,Yes,3,Medium,Medium,Private,Positive,3,No,College,Near,Female,70,CLG0030,125,8.66,8.39,6,No,2,6,0,No
6248,20,87,High,Medium,Yes,8,58,Low,Yes,2,Low,Medium,Public,Negative,2,Yes,Postgraduate,Near,Male,67,CLG0046,111,5.94,5.62,3,No,5,9,3,Yes
6249,13,79,Medium,Low,No,5,68,Medium,No,2,High,Medium,Private,Positive,3,No,High School,Near,Female,63,CLG0085,89,8.68,8.55,1,No,6,4,1,No
6250,21,97,Medium,High,Yes,6,53,Low,Yes,0,Low,Medium,Public,Negative,3,Yes,High School,Moderate,Male,67,CLG0066,105,6.68,6.99,9,Yes,6,2,4,No
6251,26,77,Medium,Low,No,7,53,High,No,3,Medium,High,Private,Positive,3,No,High School,Near,Female,67,CLG0062,131,7.84,7.54,3,No,0,5,3,No
6252,15,82,Medium,Medium,Yes,7,93,Medium,Yes,3,Low,High,Public,Negative,2,No,High School,Moderate,Female,66,CLG0074,117,6.3,6.53,6,No,3,7,0,No
6253,19,68,Medium,Medium,Yes,5,80,Medium,Yes,0,Medium,Medium,Public,Neutral,3,Yes,High School,Moderate,Male,78,CLG0081,123,7.65,7.45,7,No,10,10,3,Yes
6254,18,64,High,Medium,Yes,8,84,Medium,No,2,Medium,Medium,Public,Neutral,3,No,College,Near,Female,64,CLG0010,112,5.72,5.27,5,No,0,5,0,No
6255,13,93,Medium,High,No,9,62,Low,Yes,0,Low,Medium,Private,Neutral,3,No,High School,Moderate,Male,65,CLG0014,82,9.92,10.27,5,Yes,1,3,5,No
6256,26,98,High,Low,No,4,88,Low,Yes,1,Medium,High,Public,Neutral,1,No,College,Moderate,Female,72,CLG0100,79,7.76,7.34,7,No,4,7,3,No
6257,27,80,Low,Low,Yes,7,84,Low,Yes,4,Low,Medium,Public,Positive,3,No,College,Moderate,Male,68,CLG0086,68,6.15,6.07,4,Yes,1,10,3,No
6258,26,76,Medium,Medium,Yes,5,57,Medium,Yes,1,Medium,Medium,Public,Positive,4,No,High School,Near,Male,68,CLG0019,102,7.6,7.43,2,Yes,5,8,5,No
6259,15,81,High,Medium,No,5,68,Low,No,0,Medium,High,Public,Positive,3,No,High School,Near,Female,65,CLG0045,108,6.21,6.09,5,Yes,10,9,3,No
6260,22,78,Medium,Low,No,9,63,High,Yes,2,Medium,High,Public,Neutral,4,No,High School,Near,Male,67,CLG0019,77,7.3,7.52,10,No,1,2,5,No
6261,22,61,High,Medium,No,5,63,Low,Yes,1,Low,Medium,Public,Positive,3,No,Postgraduate,Near,Male,64,CLG0087,91,8.9,8.81,5,No,5,4,3,No
6262,35,68,Low,High,Yes,5,64,Medium,Yes,0,High,Low,Public,Positive,4,Yes,High School,Near,Male,67,CLG0062,122,6.6,6.44,4,No,10,10,0,No
6263,13,62,Medium,Low,No,6,86,High,Yes,2,Low,Medium,Public,Neutral,4,No,High School,Near,Male,61,CLG0033,97,8.23,7.75,8,Yes,7,1,0,No
6264,28,86,Medium,Medium,Yes,7,96,Medium,Yes,2,Medium,Low,Public,Neutral,4,No,High School,Near,Male,71,CLG0038,115,5.63,5.85,2,No,9,7,3,No
6265,30,61,Low,High,Yes,8,82,Low,Yes,2,Low,High,Public,Neutral,3,No,Postgraduate,Near,Female,68,CLG0093,104,6.0,6.27,5,No,4,4,4,No
6266,27,93,High,Low,Yes,7,84,Low,Yes,1,Medium,Medium,Private,Neutral,2,No,Postgraduate,Near,Male,72,CLG0042,113,8.7,8.59,1,No,6,5,3,Yes
6267,27,87,Medium,Medium,No,8,77,Medium,Yes,1,Low,High,Public,Neutral,4,No,High School,Moderate,Male,70,CLG0082,99,9.45,9.66,4,No,1,1,1,No
6268,15,78,High,Low,Yes,7,77,Low,Yes,0,High,Medium,Public,Neutral,3,No,College,Near,Male,65,CLG0062,109,9.92,10.09,2,Yes,5,10,3,Yes
6269,31,93,Medium,Low,No,8,82,Low,Yes,2,High,High,Private,Neutral,1,No,High School,Near,Male,72,CLG0045,105,8.04,7.91,3,No,3,7,5,No
6270,19,72,Medium,High,No,5,52,Medium,Yes,2,Medium,Medium,Public,Neutral,3,No,Postgraduate,Near,Male,66,CLG0053,113,5.15,4.87,1,No,9,1,5,No
6271,17,96,High,High,Yes,8,88,Medium,Yes,4,Low,Low,Private,Positive,4,No,Postgraduate,Near,Male,74,CLG0032,86,6.7,6.35,7,No,9,1,2,No
6272,25,73,Medium,Medium,Yes,5,75,Low,Yes,0,Medium,Medium,Private,Positive,2,No,College,Near,Female,67,CLG0065,97,5.2,5.13,10,No,1,5,3,No
6273,27,63,High,Low,No,7,80,Medium,No,2,Medium,High,Public,Positive,2,No,High School,Near,Female,66,CLG0055,112,7.56,7.2,10,Yes,6,1,5,No
6274,20,68,Medium,High,Yes,6,96,Medium,Yes,0,Low,High,Public,Neutral,3,No,High School,Near,Female,66,CLG0012,112,8.9,8.54,9,No,9,3,3,Yes
6275,23,67,Medium,Medium,No,7,98,Low,Yes,4,Low,Medium,Private,Neutral,3,No,High School,Moderate,Male,66,CLG0020,99,5.93,6.42,6,No,7,4,0,No
6276,28,66,Medium,High,Yes,8,97,Medium,Yes,0,Medium,Medium,Public,Neutral,2,No,High School,Near,Male,68,CLG0061,88,6.71,6.62,9,No,8,10,2,No
6277,17,99,Medium,Medium,No,8,76,Low,No,2,High,Medium,Public,Positive,4,No,Postgraduate,Near,Male,70,CLG0011,106,9.49,9.57,7,Yes,4,7,3,No
6278,21,83,Medium,Low,Yes,8,92,Low,Yes,2,Medium,Medium,Private,Negative,4,Yes,High School,Near,Male,66,CLG0005,112,8.59,8.58,5,No,0,1,1,No
6279,22,63,Medium,Medium,Yes,4,54,Medium,Yes,0,Medium,Medium,Private,Positive,3,No,High School,Moderate,Male,62,CLG0038,120,9.51,9.47,8,Yes,6,8,5,Yes
6280,16,73,High,Medium,Yes,8,52,Medium,Yes,2,Medium,High,Public,Positive,4,No,College,Near,Female,66,CLG0065,84,8.88,8.91,6,No,10,4,1,No
6281,22,99,Medium,Low,Yes,8,87,Low,Yes,1,Medium,Medium,Private,Neutral,4,No,High School,Moderate,Female,70,CLG0014,85,5.52,5.96,2,Yes,0,5,1,No
6282,28,95,Medium,Medium,No,8,96,Medium,Yes,1,Medium,Medium,Public,Neutral,3,No,Postgraduate,Moderate,Male,73,CLG0032,95,5.88,5.43,7,No,10,10,1,No
6283,20,94,Medium,Medium,No,8,91,Medium,Yes,1,Low,Medium,Public,Positive,2,No,Postgraduate,Near,Female,71,CLG0021,95,6.18,6.08,3,No,4,10,5,No
6284,19,93,Low,Low,Yes,6,81,Medium,Yes,2,High,Medium,Private,Positive,3,Yes,College,Moderate,Female,68,CLG0025,99,7.44,7.02,4,No,9,9,4,No
6285,27,81,Medium,Medium,No,8,78,Medium,Yes,0,Medium,Medium,Public,Positive,3,No,High School,Moderate,Male,68,CLG0022,128,6.86,7.09,1,Yes,4,7,3,No
6286,21,94,High,Medium,Yes,8,100,Low,Yes,0,Low,Medium,Public,Neutral,3,No,Postgraduate,Near,Male,72,CLG0046,90,9.52,9.27,6,Yes,9,6,4,No
6287,21,70,Low,High,Yes,4,94,Medium,Yes,0,Low,High,Private,Neutral,2,No,College,Far,Male,65,CLG0064,83,9.7,9.73,4,Yes,10,8,2,Yes
6288,23,73,High,Medium,Yes,9,75,Medium,Yes,0,High,High,Private,Positive,3,No,High School,Moderate,Female,68,CLG0095,104,5.26,5.23,8,Yes,10,6,1,No
6289,8,80,High,Low,No,6,52,High,Yes,2,Medium,Medium,Public,Positive,1,No,High School,Near,Female,63,CLG0071,104,6.78,6.75,4,Yes,5,9,5,No
6290,29,99,Medium,Medium,Yes,7,55,Low,Yes,0,Medium,Medium,Private,Positive,3,No,High School,Moderate,Male,71,CLG0024,125,7.75,7.4,1,Yes,9,5,2,No
6291,19,100,Low,High,Yes,7,89,High,Yes,2,High,Low,Private,Neutral,3,No,College,Moderate,Male,72,CLG0019,89,7.31,6.85,6,No,5,5,0,No
6292,21,95,Low,Low,No,7,98,Low,Yes,1,Low,High,Public,Positive,2,No,High School,Near,Male,69,CLG0032,93,5.85,6.09,3,Yes,0,5,1,No
6293,21,70,Medium,High,No,6,78,Medium,Yes,3,Medium,Low,Public,Neutral,2,No,College,Far,Male,65,CLG0038,111,8.42,8.64,7,No,3,2,5,Yes
6294,29,91,Medium,High,Yes,7,87,Medium,No,2,Medium,High,Private,Negative,4,No,College,Near,Female,74,CLG0065,81,5.92,5.6,6,No,9,1,1,No
6295,16,94,Medium,High,Yes,8,94,High,Yes,2,Low,High,Private,Negative,3,No,High School,Near,Male,71,CLG0078,94,9.13,9.5,5,No,10,4,5,No
6296,24,77,Low,High,Yes,7,65,High,Yes,1,Medium,High,Private,Positive,4,No,Postgraduate,Near,Male,70,CLG0048,103,9.03,8.8,8,No,2,3,4,No
6297,15,77,Medium,Medium,Yes,8,94,Low,Yes,0,High,High,Public,Positive,3,No,College,Moderate,Male,66,CLG0050,104,7.05,7.05,6,No,8,6,0,No
6298,10,98,Medium,Low,Yes,10,66,Low,Yes,1,Low,High,Public,Negative,2,No,College,Near,Female,66,CLG0034,87,8.75,8.71,10,Yes,9,4,2,No
6299,22,86,High,Medium,No,6,60,High,Yes,0,High,High,Public,Neutral,3,No,Postgraduate,Near,Male,70,CLG0097,109,9.27,8.81,1,Yes,1,2,1,No
6300,18,78,Low,Medium,Yes,9,59,High,No,0,High,High,Private,Positive,1,No,High School,Moderate,Female,64,CLG0082,107,7.45,7.33,5,No,0,7,2,No
6301,29,74,Medium,High,Yes,8,62,High,Yes,3,Low,High,Public,Positive,3,Yes,Postgraduate,Moderate,Male,70,CLG0055,90,7.42,7.66,3,Yes,10,8,0,No
6302,16,92,High,Low,Yes,6,58,Low,Yes,0,High,Medium,Private,Positive,4,No,High School,Near,Female,67,CLG0071,101,5.32,5.05,8,Yes,3,1,2,No
6303,21,79,Low,Medium,Yes,8,91,High,Yes,1,Low,Medium,Public,Positive,3,No,High School,Moderate,Male,67,CLG0047,104,6.35,6.23,6,Yes,10,2,4,No
6304,12,94,High,High,No,5,68,High,Yes,1,High,Medium,Public,Neutral,2,No,High School,Near,Male,69,CLG0049,95,6.11,6.01,6,No,6,10,0,No
6305,18,94,High,Medium,Yes,7,56,Low,No,1,Low,Medium,Public,Positive,3,No,Postgraduate,Near,Male,69,CLG0092,118,6.99,7.39,3,Yes,7,5,5,No
6306,23,90,Medium,Medium,Yes,10,90,Low,Yes,3,Low,Medium,Public,Positive,5,No,High School,Near,Male,72,CLG0001,88,6.92,6.97,5,No,6,10,1,No
6307,24,88,Medium,Medium,Yes,6,51,High,Yes,4,Medium,Low,Public,Positive,4,No,High School,Near,Male,71,CLG0063,75,9.03,8.73,9,No,4,7,3,No
6308,23,74,Medium,Low,Yes,8,66,Low,Yes,0,High,Medium,Public,Negative,4,No,Postgraduate,Near,Female,65,CLG0037,124,9.48,9.75,1,No,6,1,5,Yes
6309,21,93,Medium,Low,Yes,7,80,Medium,Yes,3,High,Medium,Public,Neutral,1,No,High School,Moderate,Male,70,CLG0072,82,9.99,10.45,4,Yes,7,4,0,No
6310,24,96,Medium,High,Yes,5,69,Medium,Yes,1,Low,Medium,Public,Positive,4,No,High School,Near,Male,72,CLG0005,106,6.46,6.21,9,Yes,6,1,3,No
6311,13,72,Low,Medium,No,6,93,Low,Yes,1,Low,Medium,Public,Negative,3,No,High School,Near,Male,61,CLG0062,108,6.05,6.05,1,No,6,10,0,No
6312,21,98,Medium,Medium,Yes,8,72,Medium,Yes,3,Low,Low,Public,Positive,3,No,High School,Moderate,Female,71,CLG0045,115,9.41,9.71,5,No,1,8,0,Yes
6313,18,64,Medium,Low,Yes,10,68,Low,Yes,1,Low,Medium,Public,Positive,5,No,High School,Near,Male,62,CLG0079,104,5.83,5.42,3,No,1,7,1,No
6314,12,70,Medium,Medium,Yes,7,93,Medium,Yes,1,Low,High,Public,Neutral,4,No,High School,Far,Female,62,CLG0056,107,8.8,8.68,4,No,4,8,2,Yes
6315,17,100,High,Medium,No,8,98,Low,Yes,0,Medium,High,Public,Positive,4,No,College,Near,Male,72,CLG0062,92,6.64,7.09,10,Yes,5,5,1,No
6316,14,82,Medium,High,No,6,94,Low,Yes,7,Medium,High,Private,Negative,4,No,Postgraduate,Near,Male,71,CLG0045,64,5.97,5.53,4,No,5,5,1,No
6317,13,75,High,High,Yes,5,51,Medium,Yes,3,Medium,Medium,Private,Negative,3,No,High School,Near,Female,65,CLG0079,107,5.56,5.34,5,No,6,5,4,No
6318,22,85,Medium,High,No,4,82,Medium,Yes,1,Medium,High,Public,Positive,2,No,Postgraduate,Near,Male,71,CLG0080,95,7.06,6.9,1,Yes,9,8,2,No
6319,26,73,Medium,Medium,No,7,96,High,Yes,0,Medium,High,Private,Neutral,3,No,High School,Near,Female,68,CLG0083,86,7.44,7.36,2,No,9,4,1,No
6320,19,84,High,Medium,Yes,7,67,Low,Yes,0,Medium,Low,Public,Positive,3,No,Postgraduate,Near,Female,68,CLG0078,115,6.18,6.24,8,Yes,9,8,0,No
6321,24,92,High,High,No,7,85,High,Yes,0,Medium,Medium,Public,Positive,3,No,College,Near,Female,73,CLG0081,82,9.83,9.48,4,Yes,10,6,3,No
6322,13,72,High,High,No,7,66,Medium,Yes,0,Low,High,Public,Neutral,4,No,Postgraduate,Near,Male,65,CLG0085,78,6.54,6.94,9,Yes,0,1,2,No
6323,17,91,Medium,Low,Yes,10,86,Low,Yes,1,Medium,Medium,Public,Neutral,3,Yes,Postgraduate,Moderate,Female,67,CLG0008,94,9.94,9.94,3,No,3,5,5,No
6324,19,96,Medium,Medium,No,7,82,Medium,Yes,1,High,Medium,Public,Neutral,4,No,Postgraduate,Near,Male,71,CLG0004,113,5.65,5.5,1,Yes,1,2,4,No
6325,15,71,Medium,High,No,8,50,Low,Yes,1,Medium,Medium,Public,Neutral,2,Yes,Postgraduate,Near,Female,62,CLG0039,89,5.58,5.72,1,Yes,0,2,4,No
6326,22,68,Medium,Low,Yes,7,58,Medium,Yes,0,Medium,Medium,Public,Neutral,3,No,Postgraduate,Near,Male,64,CLG0062,86,7.06,6.92,4,Yes,9,5,5,No
6327,16,68,Medium,High,Yes,8,77,Medium,Yes,1,Medium,High,Public,Positive,4,No,Postgraduate,Moderate,Male,66,CLG0068,104,7.86,7.58,4,No,6,7,5,No
6328,25,71,Medium,High,Yes,7,52,High,Yes,3,Low,Medium,Private,Neutral,3,No,High School,Near,Male,67,CLG0073,85,8.33,7.92,10,No,4,2,1,No
6329,20,84,High,High,No,6,61,Medium,Yes,3,Medium,Medium,Private,Neutral,2,No,High School,Near,Male,69,CLG0022,92,5.91,6.21,5,No,2,1,1,No
6330,32,94,Medium,High,Yes,9,53,Medium,Yes,1,Medium,Medium,Public,Neutral,3,No,High School,Near,Female,73,CLG0063,109,5.02,4.66,1,No,7,6,5,No
6331,29,69,Medium,High,No,6,96,Low,Yes,1,High,Medium,Public,Positive,4,No,High School,Near,Female,70,CLG0018,107,7.79,8.2,4,No,7,5,3,No
6332,15,64,Medium,Medium,No,6,92,Low,Yes,3,Low,Medium,Public,Negative,4,No,College,Near,Female,63,CLG0092,105,6.0,5.85,4,No,2,4,4,No
6333,18,77,Medium,High,Yes,7,55,High,No,3,High,Medium,Private,Neutral,3,Yes,High School,Near,Female,66,CLG0066,80,9.11,8.74,7,Yes,8,4,3,No
6334,14,100,Medium,Low,No,7,76,Low,Yes,1,Medium,Medium,Private,Neutral,3,No,Postgraduate,Near,Female,68,CLG0091,86,5.91,5.7,2,Yes,2,1,0,No
6335,18,93,Medium,High,Yes,5,85,Medium,Yes,0,Low,Medium,Public,Positive,3,No,High School,Near,Male,70,CLG0053,86,5.33,5.81,7,Yes,8,6,4,No
6336,18,78,High,Medium,Yes,7,71,Low,Yes,3,Medium,Medium,Public,Neutral,4,No,High School,Moderate,Male,67,CLG0032,72,9.06,8.79,1,Yes,4,8,2,Yes
6337,19,64,Medium,Medium,Yes,9,56,Low,Yes,2,Low,Medium,Public,Positive,4,No,Postgraduate,Far,Female,63,CLG0068,140,5.92,5.84,6,No,7,1,5,No
6338,19,97,High,Medium,Yes,9,60,High,Yes,3,Medium,Medium,Public,Negative,4,No,Postgraduate,Moderate,Female,72,CLG0033,111,5.4,5.51,8,Yes,2,6,2,No
6339,18,95,Medium,High,No,8,96,Medium,Yes,3,Medium,Low,Public,Negative,6,No,Postgraduate,Near,Male,73,CLG0003,105,8.63,9.06,2,No,2,1,0,No
6340,10,63,Medium,Medium,No,4,80,Medium,Yes,0,Low,Medium,Public,Positive,3,No,College,Near,Male,60,CLG0100,103,6.97,6.83,1,No,7,9,3,No
6341,25,91,Medium,Medium,No,8,72,Low,Yes,2,Medium,High,Public,Positive,0,No,Postgraduate,Near,Male,71,CLG0069,104,5.22,5.33,4,No,7,5,5,No
6342,25,98,Medium,Medium,Yes,9,84,Medium,Yes,1,Medium,High,Private,Neutral,2,No,Postgraduate,Near,Female,73,CLG0069,84,8.38,8.1,3,No,8,1,2,No
6343,32,82,Low,Medium,Yes,8,88,Low,Yes,0,High,Medium,Public,Positive,2,No,College,Moderate,Male,71,CLG0050,115,8.07,8.24,4,No,2,2,1,No
6344,13,85,Low,High,Yes,6,71,Medium,Yes,1,Low,Medium,Public,Positive,3,No,High School,Near,Female,66,CLG0099,81,6.4,6.89,1,No,1,4,4,No
6345,25,82,Medium,Medium,Yes,5,86,Medium,No,0,Low,Low,Public,Positive,4,No,High School,Near,Male,67,CLG0066,140,7.59,7.26,6,No,1,1,5,No
6346,25,91,Low,Medium,No,7,72,Medium,Yes,1,Medium,High,Private,Neutral,3,No,College,Far,Male,69,CLG0094,105,9.58,9.34,8,Yes,6,3,3,No
6347,15,89,High,Low,No,10,98,Low,Yes,0,Low,Medium,Private,Positive,2,No,College,Near,Male,67,CLG0001,84,7.56,7.18,6,No,5,10,3,No
6348,30,75,High,High,No,7,57,High,Yes,0,Low,Medium,Public,Neutral,1,Yes,College,Near,Female,68,CLG0027,91,8.42,8.55,3,No,5,8,5,Yes
6349,26,73,Medium,Medium,No,6,55,Medium,Yes,1,Medium,Low,Public,Positive,4,No,Postgraduate,Near,Male,67,CLG0092,96,5.62,5.85,6,Yes,0,1,5,No
6350,24,86,Medium,Medium,Yes,8,79,Medium,No,0,Low,Medium,Public,Neutral,4,No,High School,Near,Female,68,CLG0079,101,6.18,6.38,2,No,1,7,3,No
6351,19,88,Medium,Medium,Yes,9,76,Low,Yes,1,Medium,High,Public,Positive,3,No,High School,Far,Male,68,CLG0073,99,7.41,7.9,1,No,7,5,1,No
6352,20,96,Low,Medium,Yes,5,92,Medium,Yes,0,Medium,Medium,Public,Neutral,3,No,College,Near,Female,70,CLG0090,110,5.99,5.76,7,No,6,4,3,No
6353,20,78,High,Medium,Yes,10,85,Medium,Yes,1,High,High,Private,Negative,3,No,High School,Near,Male,69,CLG0011,89,6.05,6.11,7,No,4,5,0,No
6354,12,63,Medium,High,No,5,63,Low,Yes,4,Low,Medium,Private,Positive,2,No,High School,Moderate,Male,61,CLG0010,84,5.57,5.36,5,No,5,9,1,No
6355,31,79,Medium,High,No,7,98,Medium,Yes,1,Medium,High,Public,Neutral,2,No,College,Moderate,Male,72,CLG0035,90,6.61,6.37,2,Yes,1,2,0,No
6356,21,72,Medium,Medium,No,9,80,High,Yes,3,Low,Medium,Public,Neutral,4,No,High School,Near,Male,67,CLG0099,99,8.62,8.91,9,No,2,8,3,Yes
6357,21,60,Low,High,No,8,99,Low,Yes,0,Low,Low,Private,Positive,3,No,High School,Near,Male,62,CLG0011,74,7.62,7.52,1,Yes,8,9,0,No
6358,19,83,High,High,No,6,64,Medium,Yes,0,Medium,Medium,Private,Negative,5,No,Postgraduate,Near,Female,68,CLG0067,108,5.17,5.45,4,Yes,9,3,0,No
6359,19,62,Medium,High,Yes,6,82,Medium,Yes,0,Low,High,Public,Negative,3,Yes,College,Moderate,Male,62,CLG0006,109,9.46,9.28,6,No,5,8,4,Yes
6360,20,93,High,Medium,Yes,4,51,Low,Yes,1,Medium,Medium,Public,Positive,3,No,High School,Near,Male,69,CLG0066,96,8.95,8.65,5,No,3,6,2,No
6361,21,83,Medium,Low,No,5,75,Low,Yes,1,Medium,Medium,Public,Negative,4,No,College,Near,Male,66,CLG0042,103,8.96,9.07,9,No,1,10,3,Yes
6362,14,66,High,Low,No,7,96,Medium,Yes,3,Low,High,Public,Negative,3,No,High School,Near,Male,63,CLG0037,92,9.08,9.4,6,Yes,0,1,0,No
6363,27,64,Medium,High,No,8,67,Medium,Yes,0,Low,Medium,Public,Positive,3,No,High School,Near,Male,65,CLG0080,71,8.82,8.74,5,Yes,0,3,1,No
6364,11,61,High,Low,Yes,6,55,Medium,Yes,5,High,Low,Public,Neutral,3,No,High School,Far,Male,60,CLG0005,102,7.28,6.86,10,Yes,9,3,1,No
6365,21,80,Medium,Low,Yes,6,78,Medium,Yes,0,Medium,Medium,Private,Negative,2,No,Postgraduate,Near,Female,66,CLG0030,81,5.65,5.28,1,No,4,5,4,No
6366,13,69,Medium,Low,No,8,70,Medium,Yes,1,High,High,Private,Neutral,3,No,High School,Moderate,Male,61,CLG0093,86,9.81,10.17,10,No,9,4,1,No
6367,23,72,High,High,Yes,6,89,Medium,No,0,Medium,High,Private,Negative,3,No,High School,Moderate,Male,67,CLG0029,124,5.81,5.92,10,No,1,3,5,No
6368,19,69,Medium,High,Yes,7,59,Low,Yes,2,Low,Low,Private,Neutral,2,No,Postgraduate,Moderate,Female,64,CLG0017,97,7.29,6.83,7,Yes,7,6,0,No
6369,16,90,Medium,High,Yes,5,100,Low,Yes,1,High,Medium,Private,Negative,4,No,High School,Moderate,Male,69,CLG0087,82,7.63,7.42,2,Yes,2,7,3,No
6370,19,97,Medium,Low,No,8,98,Medium,Yes,1,Low,Medium,Private,Neutral,4,Yes,High School,Near,Male,68,CLG0043,74,6.81,6.38,1,No,9,8,0,No
6371,12,97,High,Low,Yes,6,96,Medium,Yes,2,Low,High,Public,Positive,2,No,Postgraduate,Near,Female,71,CLG0041,93,9.33,9.67,7,No,4,1,0,No
6372,27,76,High,High,Yes,7,68,Medium,Yes,1,Medium,Medium,Public,Neutral,3,No,Postgraduate,Moderate,Female,71,CLG0084,81,9.23,9.28,7,Yes,1,7,0,No
6373,23,87,High,Low,No,6,81,Low,Yes,5,Medium,High,Private,Neutral,2,No,High School,Far,Female,70,CLG0002,107,5.6,5.42,1,No,10,9,4,No
6374,30,70,High,Low,No,6,84,High,Yes,2,Medium,Medium,Public,Positive,3,No,Postgraduate,Near,Male,70,CLG0096,76,7.58,7.74,2,Yes,7,2,2,No
6375,24,90,Low,Low,Yes,9,97,High,Yes,3,Low,Medium,Public,Positive,4,No,High School,Near,Male,71,CLG0080,85,5.1,4.97,2,No,1,1,3,No
6376,24,65,Low,High,Yes,7,52,Medium,Yes,1,High,Medium,Public,Neutral,1,No,Postgraduate,Moderate,Female,64,CLG0083,103,6.02,5.88,7,Yes,1,3,0,No
6377,30,91,Medium,High,Yes,7,95,Low,Yes,1,Medium,High,Public,Positive,3,No,College,Near,Female,75,CLG0054,110,8.21,8.1,6,No,0,9,1,No
6378,28,94,Medium,High,Yes,7,80,Medium,Yes,3,Low,High,Public,Positive,4,No,Postgraduate,Far,Male,75,CLG0084,113,9.79,9.77,5,Yes,1,6,2,Yes
