model,actual_exam_score,predicted_exam_score,residual,absolute_error
LinearRegression,65,65.41713359977689,-0.41713359977688924,0.41713359977688924
LinearRegression,62,61.370258741662724,0.6297412583372761,0.6297412583372761
LinearRegression,66,66.03182983639223,-0.0318298363922338,0.0318298363922338
LinearRegression,68,68.43114346659983,-0.4311434665998348,0.4311434665998348
LinearRegression,69,68.26669818586385,0.7333018141361549,0.7333018141361549
LinearRegression,66,66.94625794741738,-0.9462579474173793,0.9462579474173793
LinearRegression,68,68.43182411166859,-0.4318241116685897,0.4318241116685897
LinearRegression,71,71.04131278243138,-0.04131278243137615,0.04131278243137615
LinearRegression,76,76.41559911024609,-0.41559911024609164,0.41559911024609164
LinearRegression,73,71.27636775966417,1.7236322403358315,1.7236322403358315
LinearRegression,68,68.32754565463463,-0.32754565463463337,0.32754565463463337
LinearRegression,69,68.32949157381495,0.6705084261850516,0.6705084261850516
LinearRegression,64,63.41250133212867,0.5874986678713299,0.5874986678713299
LinearRegression,64,65.25878696535796,-1.258786965357956,1.258786965357956
LinearRegression,59,62.2113564733002,-3.2113564733001994,3.2113564733001994
LinearRegression,67,65.83506720915749,1.1649327908425136,1.1649327908425136
LinearRegression,72,70.52987466267436,1.4701253373256407,1.4701253373256407
LinearRegression,72,71.28834514431648,0.7116548556835198,0.7116548556835198
LinearRegression,67,67.30918319994326,-0.3091831999432628,0.3091831999432628
LinearRegression,69,68.1073942652528,0.8926057347472067,0.8926057347472067
LinearRegression,64,63.132835148028114,0.8671648519718858,0.8671648519718858
LinearRegression,69,69.4895403669484,-0.48954036694840397,0.48954036694840397
LinearRegression,73,73.41751863012368,-0.4175186301236806,0.4175186301236806
LinearRegression,73,73.8626697900634,-0.862669790063407,0.862669790063407
LinearRegression,69,68.1506085324695,0.849391467530495,0.849391467530495
LinearRegression,72,71.84170330033753,0.15829669966247195,0.15829669966247195
LinearRegression,69,68.25596327847998,0.7440367215200183,0.7440367215200183
LinearRegression,66,66.5952307178961,-0.5952307178961007,0.5952307178961007
LinearRegression,68,67.93700571501434,0.06299428498566328,0.06299428498566328
LinearRegression,67,68.18608853334686,-1.1860885333468616,1.1860885333468616
LinearRegression,68,68.94343998083521,-0.9434399808352083,0.9434399808352083
LinearRegression,63,64.86794750496705,-1.8679475049670486,1.8679475049670486
LinearRegression,66,66.73255555003112,-0.7325555500311225,0.7325555500311225
LinearRegression,63,63.737121823041065,-0.7371218230410648,0.7371218230410648
LinearRegression,65,64.22719631354039,0.7728036864596106,0.7728036864596106
LinearRegression,70,68.66084095179377,1.339159048206227,1.339159048206227
LinearRegression,65,65.25814822212234,-0.2581482221223439,0.2581482221223439
LinearRegression,66,66.57888361234856,-0.5788836123485623,0.5788836123485623
LinearRegression,67,68.70680039699364,-1.7068003969936427,1.7068003969936427
LinearRegression,69,69.97160609079299,-0.9716060907929887,0.9716060907929887
LinearRegression,61,61.39046240204571,-0.3904624020457135,0.3904624020457135
LinearRegression,65,63.684099657674366,1.3159003423256337,1.3159003423256337
LinearRegression,61,62.13928381957494,-1.139283819574942,1.139283819574942
LinearRegression,65,65.6898829820034,-0.6898829820033967,0.6898829820033967
LinearRegression,62,62.012696584076515,-0.012696584076515194,0.012696584076515194
LinearRegression,65,63.45482398652393,1.5451760134760733,1.5451760134760733
LinearRegression,71,71.24736388654074,-0.24736388654073949,0.24736388654073949
LinearRegression,66,66.61807002456882,-0.6180700245688229,0.6180700245688229
LinearRegression,70,68.93924941217172,1.0607505878282808,1.0607505878282808
LinearRegression,66,64.99966012377106,1.000339876228935,1.000339876228935
LinearRegression,70,69.36410415669174,0.635895843308262,0.635895843308262
LinearRegression,63,62.88594596396508,0.11405403603492204,0.11405403603492204
LinearRegression,70,68.89965999445819,1.1003400055418098,1.1003400055418098
LinearRegression,70,71.46231477987058,-1.4623147798705816,1.4623147798705816
LinearRegression,70,69.17038575337756,0.829614246622441,0.829614246622441
LinearRegression,71,70.35097262519122,0.6490273748087816,0.6490273748087816
LinearRegression,65,65.69053590287699,-0.690535902876988,0.690535902876988
LinearRegression,66,67.03471793676965,-1.0347179367696526,1.0347179367696526
LinearRegression,67,69.07965697975094,-2.0796569797509363,2.0796569797509363
LinearRegression,62,62.030537366664475,-0.030537366664475485,0.030537366664475485
LinearRegression,71,70.96598435369799,0.03401564630200937,0.03401564630200937
LinearRegression,66,65.13140812092834,0.8685918790716585,0.8685918790716585
LinearRegression,71,69.33357203688017,1.6664279631198298,1.6664279631198298
LinearRegression,70,70.99557381345153,-0.9955738134515286,0.9955738134515286
LinearRegression,70,71.48247015414503,-1.4824701541450338,1.4824701541450338
LinearRegression,67,67.34139109245076,-0.34139109245076327,0.34139109245076327
LinearRegression,70,70.47113117376036,-0.4711311737603552,0.4711311737603552
LinearRegression,67,66.42191149350867,0.5780885064913264,0.5780885064913264
LinearRegression,69,68.5921780477492,0.4078219522507993,0.4078219522507993
LinearRegression,69,69.3339289346419,-0.33392893464190365,0.33392893464190365
LinearRegression,70,69.98230304555028,0.017696954449718305,0.017696954449718305
LinearRegression,69,69.03414715381537,-0.03414715381536837,0.03414715381536837
LinearRegression,74,73.70056445119152,0.299435548808475,0.299435548808475
LinearRegression,72,71.30325810208741,0.6967418979125881,0.6967418979125881
LinearRegression,59,59.53718748384463,-0.5371874838446331,0.5371874838446331
LinearRegression,71,70.41158356464,0.5884164353600028,0.5884164353600028
LinearRegression,60,60.24505691107099,-0.24505691107098926,0.24505691107098926
LinearRegression,70,69.83850208566133,0.16149791433866767,0.16149791433866767
LinearRegression,62,61.78860875751068,0.21139124248932006,0.21139124248932006
LinearRegression,68,69.34159116651615,-1.341591166516153,1.341591166516153
LinearRegression,68,67.36997715273449,0.6300228472655078,0.6300228472655078
LinearRegression,65,66.16271220235818,-1.162712202358179,1.162712202358179
LinearRegression,63,64.67550431590966,-1.675504315909663,1.675504315909663
LinearRegression,65,65.29162222450041,-0.291622224500415,0.291622224500415
LinearRegression,63,63.913583441447855,-0.9135834414478552,0.9135834414478552
LinearRegression,71,70.8340161908159,0.16598380918409816,0.16598380918409816
LinearRegression,66,65.5502587807792,0.44974121922079746,0.44974121922079746
LinearRegression,64,63.511030720861974,0.48896927913802557,0.48896927913802557
LinearRegression,67,67.30985646480814,-0.309856464808135,0.309856464808135
LinearRegression,72,72.98606559718687,-0.9860655971868653,0.9860655971868653
LinearRegression,59,59.753971317544696,-0.7539713175446963,0.7539713175446963
LinearRegression,65,64.11228783701347,0.8877121629865314,0.8877121629865314
LinearRegression,68,69.35654855638533,-1.3565485563853343,1.3565485563853343
LinearRegression,74,71.5651746765893,2.4348253234107062,2.4348253234107062
LinearRegression,73,71.98595873346444,1.014041266535557,1.014041266535557
LinearRegression,66,66.3398344560766,-0.339834456076602,0.339834456076602
LinearRegression,72,71.76054816954073,0.23945183045927365,0.23945183045927365
LinearRegression,69,67.78971163010443,1.210288369895565,1.210288369895565
LinearRegression,68,68.19508425375017,-0.19508425375016714,0.19508425375016714
LinearRegression,67,68.69091458957845,-1.6909145895784548,1.6909145895784548
LinearRegression,62,62.66870339003506,-0.6687033900350627,0.6687033900350627
LinearRegression,70,70.0882266166023,-0.08822661660229869,0.08822661660229869
LinearRegression,93,66.74508928931463,26.254910710685365,26.254910710685365
LinearRegression,62,62.09967181009349,-0.09967181009348991,0.09967181009348991
LinearRegression,65,65.30617316296325,-0.3061731629632476,0.3061731629632476
LinearRegression,68,66.80844768074842,1.191552319251585,1.191552319251585
LinearRegression,65,65.25231240060452,-0.25231240060452365,0.25231240060452365
LinearRegression,74,73.3035855817016,0.6964144182984029,0.6964144182984029
LinearRegression,67,66.83687489956523,0.1631251004347689,0.1631251004347689
LinearRegression,68,67.02732887211769,0.9726711278823075,0.9726711278823075
LinearRegression,69,69.7013581165359,-0.7013581165359,0.7013581165359
LinearRegression,72,72.47913483230526,-0.4791348323052631,0.4791348323052631
LinearRegression,69,68.0993126424702,0.9006873575298044,0.9006873575298044
LinearRegression,75,74.73581606130365,0.26418393869634826,0.26418393869634826
LinearRegression,68,68.8920396457987,-0.8920396457987039,0.8920396457987039
LinearRegression,65,65.74451063161705,-0.7445106316170467,0.7445106316170467
LinearRegression,69,68.78367077715974,0.21632922284025824,0.21632922284025824
LinearRegression,70,70.05751410836284,-0.0575141083628381,0.0575141083628381
LinearRegression,68,67.48273728728986,0.517262712710135,0.517262712710135
LinearRegression,69,70.22378839857318,-1.223788398573177,1.223788398573177
LinearRegression,65,64.90821973838884,0.09178026161116293,0.09178026161116293
LinearRegression,67,66.31371385024022,0.6862861497597805,0.6862861497597805
LinearRegression,67,67.5306772781729,-0.5306772781729023,0.5306772781729023
LinearRegression,70,69.02552825258063,0.974471747419372,0.974471747419372
LinearRegression,73,72.99859551642278,0.0014044835772182296,0.0014044835772182296
LinearRegression,69,68.05687561377339,0.9431243862266143,0.9431243862266143
LinearRegression,68,68.50953772733007,-0.5095377273300699,0.5095377273300699
LinearRegression,69,69.88989245848317,-0.8898924584831747,0.8898924584831747
LinearRegression,66,66.12531159628035,-0.12531159628035482,0.12531159628035482
LinearRegression,64,63.25449505663664,0.7455049433633576,0.7455049433633576
LinearRegression,69,70.65827838894215,-1.6582783889421506,1.6582783889421506
LinearRegression,70,70.4597306996779,-0.45973069967790536,0.45973069967790536
LinearRegression,70,69.57564442926034,0.4243555707396638,0.4243555707396638
LinearRegression,68,67.83884669484503,0.1611533051549685,0.1611533051549685
LinearRegression,66,65.75198121699238,0.24801878300762326,0.24801878300762326
LinearRegression,63,64.84425029327605,-1.8442502932760476,1.8442502932760476
LinearRegression,68,68.01076117514219,-0.01076117514219277,0.01076117514219277
LinearRegression,67,66.27188628652442,0.7281137134755795,0.7281137134755795
LinearRegression,61,62.57725957541834,-1.5772595754183385,1.5772595754183385
LinearRegression,65,65.55869217617084,-0.5586921761708368,0.5586921761708368
LinearRegression,68,67.74174618499318,0.25825381500682454,0.25825381500682454
LinearRegression,66,66.04903074646094,-0.049030746460942964,0.049030746460942964
LinearRegression,66,67.51739954796028,-1.5173995479602809,1.5173995479602809
LinearRegression,67,67.54531446766381,-0.5453144676638146,0.5453144676638146
LinearRegression,66,66.07845783603035,-0.07845783603035272,0.07845783603035272
LinearRegression,70,69.65071088192944,0.3492891180705584,0.3492891180705584
LinearRegression,66,65.74614453930977,0.25385546069023235,0.25385546069023235
LinearRegression,71,72.71581377708553,-1.715813777085529,1.715813777085529
LinearRegression,66,67.23323408169198,-1.2332340816919753,1.2332340816919753
LinearRegression,71,71.26231347143025,-0.26231347143024664,0.26231347143024664
LinearRegression,74,74.59491449752873,-0.5949144975287339,0.5949144975287339
LinearRegression,65,67.61340979987098,-2.613409799870979,2.613409799870979
LinearRegression,65,65.3157700948718,-0.3157700948717945,0.3157700948717945
LinearRegression,60,61.64880671288419,-1.6488067128841877,1.6488067128841877
LinearRegression,73,72.71819129164399,0.28180870835601013,0.28180870835601013
LinearRegression,69,68.49130822370019,0.5086917762998127,0.5086917762998127
LinearRegression,72,70.19794365846056,1.8020563415394406,1.8020563415394406
LinearRegression,61,60.49138703457154,0.5086129654284619,0.5086129654284619
LinearRegression,72,71.07361261977756,0.9263873802224367,0.9263873802224367
LinearRegression,66,67.07749535614009,-1.0774953561400906,1.0774953561400906
LinearRegression,67,67.49735686106638,-0.497356861066379,0.497356861066379
LinearRegression,64,63.56166247288064,0.4383375271193586,0.4383375271193586
LinearRegression,74,74.04838294027275,-0.048382940272745145,0.048382940272745145
LinearRegression,68,66.65392209171289,1.3460779082871142,1.3460779082871142
LinearRegression,69,69.29299467978666,-0.29299467978665916,0.29299467978665916
LinearRegression,61,61.20654024177115,-0.20654024177115105,0.20654024177115105
LinearRegression,66,64.51658627594966,1.4834137240503367,1.4834137240503367
LinearRegression,64,65.93904563093876,-1.9390456309387645,1.9390456309387645
LinearRegression,69,67.94019513047341,1.0598048695265874,1.0598048695265874
LinearRegression,73,71.9778451619699,1.0221548380301044,1.0221548380301044
LinearRegression,69,67.95516503161774,1.0448349683822613,1.0448349683822613
LinearRegression,68,67.41836906837884,0.581630931621163,0.581630931621163
LinearRegression,69,70.4337382487417,-1.4337382487417045,1.4337382487417045
LinearRegression,61,62.00192618240793,-1.001926182407928,1.001926182407928
LinearRegression,63,64.61917938349524,-1.6191793834952364,1.6191793834952364
LinearRegression,67,68.45780522351703,-1.4578052235170276,1.4578052235170276
LinearRegression,67,67.86836413116673,-0.8683641311667287,0.8683641311667287
LinearRegression,62,61.88712693452779,0.11287306547220766,0.11287306547220766
LinearRegression,76,76.55570700927734,-0.5557070092773415,0.5557070092773415
LinearRegression,73,73.06416177511315,-0.06416177511314913,0.06416177511314913
LinearRegression,70,70.01623166549261,-0.01623166549261157,0.01623166549261157
LinearRegression,66,66.47027185319399,-0.47027185319399223,0.47027185319399223
LinearRegression,61,61.10053638954383,-0.10053638954382649,0.10053638954382649
LinearRegression,67,68.20948543472653,-1.2094854347265311,1.2094854347265311
LinearRegression,66,68.04996660803708,-2.0499666080370815,2.0499666080370815
LinearRegression,70,69.88650686770205,0.11349313229794689,0.11349313229794689
LinearRegression,80,62.3716375218139,17.628362478186098,17.628362478186098
LinearRegression,70,69.73288835200634,0.2671116479936586,0.2671116479936586
LinearRegression,58,58.51789148854963,-0.5178914885496297,0.5178914885496297
LinearRegression,65,64.61472814920731,0.3852718507926909,0.3852718507926909
LinearRegression,69,69.55771329992008,-0.5577132999200813,0.5577132999200813
LinearRegression,63,62.9600483556051,0.039951644394896846,0.039951644394896846
LinearRegression,67,65.9681007683855,1.0318992316145028,1.0318992316145028
LinearRegression,67,66.55123495216878,0.4487650478312162,0.4487650478312162
LinearRegression,70,71.61960943189075,-1.6196094318907512,1.6196094318907512
LinearRegression,65,64.53656376805208,0.4634362319479237,0.4634362319479237
LinearRegression,70,68.81621226343448,1.1837877365655203,1.1837877365655203
LinearRegression,63,62.91826526873197,0.08173473126802833,0.08173473126802833
LinearRegression,67,66.97013477830221,0.029865221697789934,0.029865221697789934
LinearRegression,66,65.71784674890391,0.2821532510960907,0.2821532510960907
LinearRegression,60,60.09003846988388,-0.0900384698838792,0.0900384698838792
LinearRegression,68,68.09992241175757,-0.09992241175757499,0.09992241175757499
LinearRegression,71,72.81922732109206,-1.8192273210920575,1.8192273210920575
LinearRegression,63,62.49160655904968,0.5083934409503215,0.5083934409503215
LinearRegression,64,62.77476462270456,1.2252353772954407,1.2252353772954407
LinearRegression,65,64.51326318919604,0.48673681080396136,0.48673681080396136
LinearRegression,69,69.2708883147438,-0.27088831474380015,0.27088831474380015
LinearRegression,65,66.21625532798261,-1.2162553279826085,1.2162553279826085
LinearRegression,67,67.44035112267751,-0.4403511226775123,0.4403511226775123
LinearRegression,69,68.81217672309242,0.18782327690757938,0.18782327690757938
LinearRegression,64,65.07010270695832,-1.0701027069583233,1.0701027069583233
LinearRegression,75,74.45537911815488,0.5446208818451197,0.5446208818451197
LinearRegression,60,60.14510073075571,-0.14510073075570773,0.14510073075570773
LinearRegression,68,68.8653335714333,-0.8653335714332968,0.8653335714332968
LinearRegression,66,66.58337764769058,-0.5833776476905825,0.5833776476905825
LinearRegression,64,65.04550648140766,-1.0455064814076565,1.0455064814076565
LinearRegression,69,68.57497468288885,0.42502531711114955,0.42502531711114955
LinearRegression,70,71.19384886708265,-1.1938488670826501,1.1938488670826501
LinearRegression,68,68.15335243669037,-0.15335243669036913,0.15335243669036913
LinearRegression,61,59.99777635591159,1.00222364408841,1.00222364408841
LinearRegression,66,65.11730085369491,0.882699146305086,0.882699146305086
LinearRegression,67,67.52143084735854,-0.5214308473585447,0.5214308473585447
LinearRegression,70,70.22912484556396,-0.22912484556395896,0.22912484556395896
LinearRegression,75,75.01890560623468,-0.018905606234682182,0.018905606234682182
LinearRegression,68,65.92117329239179,2.078826707608215,2.078826707608215
LinearRegression,71,70.3416971740738,0.6583028259261994,0.6583028259261994
LinearRegression,89,64.19080437819589,24.809195621804108,24.809195621804108
LinearRegression,69,68.43283180795903,0.5671681920409668,0.5671681920409668
LinearRegression,69,70.1415704124773,-1.141570412477293,1.141570412477293
LinearRegression,70,68.24394269253472,1.7560573074652837,1.7560573074652837
LinearRegression,72,72.41592887478998,-0.41592887478998364,0.41592887478998364
LinearRegression,69,69.58894546540726,-0.5889454654072637,0.5889454654072637
LinearRegression,67,67.23403676350308,-0.23403676350308444,0.23403676350308444
LinearRegression,64,63.96795254942684,0.03204745057315961,0.03204745057315961
LinearRegression,66,66.5929036778687,-0.5929036778687049,0.5929036778687049
LinearRegression,63,62.54946841446403,0.4505315855359697,0.4505315855359697
LinearRegression,71,70.6392767272224,0.3607232727776051,0.3607232727776051
LinearRegression,64,63.131838113786785,0.8681618862132154,0.8681618862132154
LinearRegression,95,65.3751385482102,29.624861451789798,29.624861451789798
LinearRegression,62,63.98802891462464,-1.9880289146246426,1.9880289146246426
LinearRegression,64,63.559688305246645,0.44031169475335474,0.44031169475335474
LinearRegression,69,69.27016280395908,-0.27016280395908154,0.27016280395908154
LinearRegression,70,70.96187223851274,-0.9618722385127398,0.9618722385127398
LinearRegression,65,66.93487341933462,-1.9348734193346218,1.9348734193346218
LinearRegression,65,64.72338307627595,0.276616923724049,0.276616923724049
LinearRegression,72,72.88825263180676,-0.8882526318067647,0.8882526318067647
LinearRegression,59,60.456598468031224,-1.456598468031224,1.456598468031224
LinearRegression,66,64.86724102175909,1.1327589782409149,1.1327589782409149
LinearRegression,71,70.68818295735623,0.3118170426437672,0.3118170426437672
LinearRegression,67,67.16497095926736,-0.1649709592673645,0.1649709592673645
LinearRegression,64,64.38109439161468,-0.38109439161468117,0.38109439161468117
LinearRegression,63,61.55040289155026,1.449597108449737,1.449597108449737
LinearRegression,66,64.74924685709368,1.2507531429063192,1.2507531429063192
LinearRegression,66,67.20706528771849,-1.2070652877184926,1.2070652877184926
LinearRegression,67,67.20437356744767,-0.204373567447675,0.204373567447675
LinearRegression,66,65.05666701200175,0.9433329879982466,0.9433329879982466
LinearRegression,71,72.6998006710341,-1.6998006710340974,1.6998006710340974
LinearRegression,64,65.00329321625722,-1.0032932162572195,1.0032932162572195
LinearRegression,74,74.1782449900723,-0.17824499007230088,0.17824499007230088
LinearRegression,69,69.07319502769518,-0.07319502769517783,0.07319502769517783
LinearRegression,67,66.30650109397806,0.6934989060219436,0.6934989060219436
LinearRegression,69,69.41731057149791,-0.4173105714979073,0.4173105714979073
LinearRegression,65,63.80649250985255,1.1935074901474465,1.1935074901474465
LinearRegression,67,68.25512380282518,-1.2551238028251817,1.2551238028251817
LinearRegression,68,68.18920321750299,-0.18920321750299252,0.18920321750299252
LinearRegression,67,67.65191426746352,-0.6519142674635248,0.6519142674635248
LinearRegression,65,64.6076135513366,0.39238644866340167,0.39238644866340167
LinearRegression,64,63.57755595047412,0.422444049525879,0.422444049525879
LinearRegression,68,67.37611882671727,0.6238811732827259,0.6238811732827259
LinearRegression,65,64.727539553576,0.2724604464240059,0.2724604464240059
LinearRegression,69,69.70438611594707,-0.7043861159470737,0.7043861159470737
LinearRegression,69,70.37855906728302,-1.378559067283021,1.378559067283021
LinearRegression,69,69.74038524238382,-0.7403852423838231,0.7403852423838231
LinearRegression,74,72.37881652576935,1.621183474230648,1.621183474230648
LinearRegression,71,70.07704975264649,0.922950247353512,0.922950247353512
LinearRegression,69,67.97349652000317,1.0265034799968333,1.0265034799968333
LinearRegression,67,67.96041512960898,-0.9604151296089753,0.9604151296089753
LinearRegression,63,64.55079962423196,-1.5507996242319564,1.5507996242319564
LinearRegression,68,66.3867197477487,1.6132802522513003,1.6132802522513003
LinearRegression,71,71.86541135897981,-0.8654113589798129,0.8654113589798129
LinearRegression,61,61.77156937234219,-0.7715693723421921,0.7715693723421921
LinearRegression,68,67.26091957060555,0.7390804293944484,0.7390804293944484
LinearRegression,64,64.46073982774304,-0.46073982774304056,0.46073982774304056
LinearRegression,66,66.33762788440019,-0.33762788440019165,0.33762788440019165
LinearRegression,63,62.96921722457995,0.030782775420050257,0.030782775420050257
LinearRegression,66,65.78527878992558,0.21472121007441558,0.21472121007441558
LinearRegression,71,70.86013027412444,0.13986972587555613,0.13986972587555613
LinearRegression,66,66.00197243568395,-0.001972435683953222,0.001972435683953222
LinearRegression,67,66.67798613785982,0.3220138621401816,0.3220138621401816
LinearRegression,70,69.91853164005373,0.08146835994627111,0.08146835994627111
LinearRegression,67,67.46013453943841,-0.460134539438414,0.460134539438414
LinearRegression,66,67.2962074815898,-1.2962074815898035,1.2962074815898035
LinearRegression,67,67.58560357722506,-0.5856035772250578,0.5856035772250578
LinearRegression,66,64.99534613600211,1.0046538639978877,1.0046538639978877
LinearRegression,63,62.94423982063882,0.055760179361179496,0.055760179361179496
LinearRegression,69,67.7440685557103,1.2559314442897005,1.2559314442897005
LinearRegression,67,69.320004617289,-2.320004617289001,2.320004617289001
LinearRegression,69,69.23081116448525,-0.23081116448524597,0.23081116448524597
LinearRegression,68,68.70416093410738,-0.704160934107378,0.704160934107378
LinearRegression,72,70.03529720617315,1.964702793826845,1.964702793826845
LinearRegression,68,67.18334690350872,0.8166530964912795,0.8166530964912795
LinearRegression,68,67.93481816940344,0.06518183059655769,0.06518183059655769
LinearRegression,64,64.69881486085998,-0.6988148608599829,0.6988148608599829
LinearRegression,68,67.89787245745978,0.10212754254021661,0.10212754254021661
LinearRegression,63,63.610627465819746,-0.6106274658197464,0.6106274658197464
LinearRegression,70,68.94768508307644,1.0523149169235637,1.0523149169235637
LinearRegression,64,64.9045017056221,-0.9045017056220956,0.9045017056220956
LinearRegression,65,64.47132255073765,0.5286774492623465,0.5286774492623465
LinearRegression,63,64.3815197657242,-1.3815197657242066,1.3815197657242066
LinearRegression,70,70.69726274366379,-0.697262743663785,0.697262743663785
LinearRegression,68,68.39358547566188,-0.3935854756618795,0.3935854756618795
LinearRegression,70,70.78733774574205,-0.7873377457420503,0.7873377457420503
LinearRegression,65,66.05311079314492,-1.0531107931449242,1.0531107931449242
LinearRegression,67,66.83995293065375,0.16004706934624835,0.16004706934624835
LinearRegression,71,70.97660631371082,0.02339368628918237,0.02339368628918237
LinearRegression,68,67.78643952916441,0.2135604708355885,0.2135604708355885
LinearRegression,69,68.48037516245688,0.5196248375431196,0.5196248375431196
LinearRegression,71,72.56603762351912,-1.5660376235191222,1.5660376235191222
LinearRegression,69,67.88677674752262,1.1132232524773826,1.1132232524773826
LinearRegression,60,63.06755115215759,-3.0675511521575913,3.0675511521575913
LinearRegression,73,71.74388864803642,1.2561113519635825,1.2561113519635825
LinearRegression,65,66.64200677747036,-1.6420067774703568,1.6420067774703568
LinearRegression,68,68.22685541459443,-0.22685541459442504,0.22685541459442504
LinearRegression,65,65.30149844027784,-0.30149844027783956,0.30149844027783956
LinearRegression,63,63.23472471223932,-0.2347247122393199,0.2347247122393199
LinearRegression,66,66.89965028983075,-0.8996502898307455,0.8996502898307455
LinearRegression,63,63.157193988092,-0.15719398809199703,0.15719398809199703
LinearRegression,68,68.80899853990773,-0.8089985399077335,0.8089985399077335
LinearRegression,63,62.19490412199897,0.8050958780010333,0.8050958780010333
LinearRegression,71,71.39274219991722,-0.3927421999172225,0.3927421999172225
LinearRegression,64,64.88546426367809,-0.8854642636780881,0.8854642636780881
LinearRegression,69,69.56152548860584,-0.5615254886058381,0.5615254886058381
LinearRegression,63,64.33796508329694,-1.337965083296936,1.337965083296936
LinearRegression,62,64.35127477519745,-2.351274775197453,2.351274775197453
LinearRegression,63,63.70375181142513,-0.7037518114251284,0.7037518114251284
LinearRegression,68,68.11550346455238,-0.11550346455237559,0.11550346455237559
LinearRegression,68,67.93905192857815,0.06094807142184777,0.06094807142184777
LinearRegression,65,64.0125642216463,0.9874357783536993,0.9874357783536993
LinearRegression,71,70.86894994695493,0.13105005304507245,0.13105005304507245
LinearRegression,66,65.00616012987591,0.9938398701240914,0.9938398701240914
LinearRegression,67,66.92482173903029,0.07517826096970737,0.07517826096970737
LinearRegression,64,64.27601541194441,-0.2760154119444138,0.2760154119444138
LinearRegression,71,70.47575233411139,0.524247665888609,0.524247665888609
LinearRegression,65,64.71805315526406,0.2819468447359412,0.2819468447359412
LinearRegression,61,63.30570205135111,-2.305702051351112,2.305702051351112
LinearRegression,62,63.81570557260667,-1.8157055726066673,1.8157055726066673
LinearRegression,71,70.28255489450599,0.7174451054940079,0.7174451054940079
LinearRegression,56,58.381082499005586,-2.3810824990055863,2.3810824990055863
LinearRegression,64,63.59073749835534,0.4092625016446618,0.4092625016446618
LinearRegression,61,59.92255490955962,1.0774450904403778,1.0774450904403778
LinearRegression,64,64.22892910730447,-0.22892910730446658,0.22892910730446658
LinearRegression,66,66.87323105856508,-0.8732310585650822,0.8732310585650822
LinearRegression,71,69.59375956632616,1.4062404336738439,1.4062404336738439
LinearRegression,67,68.34715209189551,-1.3471520918955093,1.3471520918955093
LinearRegression,70,70.42719006417708,-0.4271900641770827,0.4271900641770827
LinearRegression,67,68.1085094956307,-1.108509495630699,1.108509495630699
LinearRegression,71,70.13495478534455,0.8650452146554528,0.8650452146554528
LinearRegression,70,71.15372203596033,-1.1537220359603282,1.1537220359603282
LinearRegression,64,64.02153874164199,-0.0215387416419901,0.0215387416419901
LinearRegression,65,63.79308351662979,1.2069164833702075,1.2069164833702075
LinearRegression,65,64.32396409944585,0.6760359005541545,0.6760359005541545
LinearRegression,68,68.9329933619476,-0.9329933619475952,0.9329933619475952
LinearRegression,65,65.00373630750366,-0.003736307503658054,0.003736307503658054
LinearRegression,65,65.49590173154438,-0.4959017315443788,0.4959017315443788
LinearRegression,67,66.64948122385725,0.3505187761427493,0.3505187761427493
LinearRegression,65,65.06748610686373,-0.06748610686372558,0.06748610686372558
LinearRegression,65,65.19959495841914,-0.19959495841914077,0.19959495841914077
LinearRegression,64,64.65747928000262,-0.6574792800026188,0.6574792800026188
LinearRegression,70,69.87743217850307,0.12256782149692924,0.12256782149692924
LinearRegression,58,59.26797956061371,-1.2679795606137105,1.2679795606137105
LinearRegression,67,67.8524994927201,-0.8524994927200993,0.8524994927200993
LinearRegression,68,67.83293628086055,0.16706371913944906,0.16706371913944906
LinearRegression,67,67.31507728260497,-0.3150772826049746,0.3150772826049746
LinearRegression,68,67.40591556887811,0.5940844311218854,0.5940844311218854
LinearRegression,68,66.83142154082951,1.1685784591704902,1.1685784591704902
LinearRegression,64,63.37027881121121,0.6297211887887926,0.6297211887887926
LinearRegression,72,72.12352338337989,-0.1235233833798901,0.1235233833798901
LinearRegression,65,66.20197105875118,-1.2019710587511838,1.2019710587511838
LinearRegression,70,68.99315553509734,1.006844464902656,1.006844464902656
LinearRegression,64,62.39690955133647,1.6030904486635293,1.6030904486635293
LinearRegression,71,71.41654698681204,-0.41654698681203683,0.41654698681203683
LinearRegression,73,72.2383991692733,0.7616008307267066,0.7616008307267066
LinearRegression,66,67.64696154733984,-1.646961547339842,1.646961547339842
LinearRegression,66,65.57193498261292,0.4280650173870839,0.4280650173870839
LinearRegression,70,68.96457585286278,1.0354241471372205,1.0354241471372205
LinearRegression,65,65.21068599559496,-0.21068599559495738,0.21068599559495738
LinearRegression,72,72.84376400649805,-0.8437640064980485,0.8437640064980485
LinearRegression,65,66.240475242344,-1.2404752423440044,1.2404752423440044
LinearRegression,69,68.26912365394158,0.7308763460584231,0.7308763460584231
LinearRegression,67,67.72465466762034,-0.7246546676203423,0.7246546676203423
LinearRegression,64,63.97698150157776,0.02301849842223902,0.02301849842223902
LinearRegression,64,64.81418816821524,-0.8141881682152388,0.8141881682152388
LinearRegression,66,65.1225936968634,0.8774063031365955,0.8774063031365955
LinearRegression,65,64.50316689573643,0.4968331042635725,0.4968331042635725
LinearRegression,65,65.31036117017412,-0.3103611701741187,0.3103611701741187
LinearRegression,66,67.89315329534546,-1.8931532953454564,1.8931532953454564
LinearRegression,63,64.21790796582474,-1.217907965824736,1.217907965824736
LinearRegression,67,67.43362382868575,-0.43362382868575367,0.43362382868575367
LinearRegression,71,71.42326905234488,-0.4232690523448781,0.4232690523448781
LinearRegression,63,63.81404934829493,-0.8140493482949296,0.8140493482949296
LinearRegression,71,71.74506112473522,-0.7450611247352157,0.7450611247352157
LinearRegression,64,62.76691556487007,1.233084435129932,1.233084435129932
LinearRegression,64,64.76340154998444,-0.7634015499844367,0.7634015499844367
LinearRegression,65,65.82159174753333,-0.8215917475333328,0.8215917475333328
LinearRegression,69,68.91964399941115,0.08035600058884995,0.08035600058884995
LinearRegression,71,70.00589939291855,0.9941006070814495,0.9941006070814495
LinearRegression,64,64.71713484619882,-0.7171348461988174,0.7171348461988174
LinearRegression,67,67.8207189288098,-0.8207189288097965,0.8207189288097965
LinearRegression,63,63.97155097968467,-0.9715509796846717,0.9715509796846717
LinearRegression,69,68.46666014843365,0.5333398515663532,0.5333398515663532
LinearRegression,64,64.66652597727845,-0.6665259772784538,0.6665259772784538
LinearRegression,70,69.53065544933929,0.4693445506607077,0.4693445506607077
LinearRegression,69,68.81722863578516,0.18277136421484386,0.18277136421484386
LinearRegression,69,69.81257879074712,-0.8125787907471249,0.8125787907471249
LinearRegression,66,65.11788273248168,0.8821172675183249,0.8821172675183249
LinearRegression,68,68.67856509973441,-0.6785650997344135,0.6785650997344135
LinearRegression,66,65.76577892931725,0.2342210706827501,0.2342210706827501
LinearRegression,62,61.735397101368804,0.2646028986311961,0.2646028986311961
LinearRegression,67,67.51384120000456,-0.5138412000045633,0.5138412000045633
LinearRegression,67,66.71744572279238,0.2825542772076233,0.2825542772076233
LinearRegression,63,62.16072348863559,0.8392765113644103,0.8392765113644103
LinearRegression,64,65.00342648721376,-1.0034264872137584,1.0034264872137584
LinearRegression,64,64.25070400850717,-0.2507040085071708,0.2507040085071708
LinearRegression,66,65.15998690588177,0.840013094118234,0.840013094118234
LinearRegression,69,68.65816810054064,0.34183189945936476,0.34183189945936476
LinearRegression,66,67.3073451310254,-1.3073451310254,1.3073451310254
LinearRegression,64,65.65508914268831,-1.6550891426883112,1.6550891426883112
LinearRegression,69,69.31971338891917,-0.319713388919169,0.319713388919169
LinearRegression,66,66.85636225428928,-0.8563622542892801,0.8563622542892801
LinearRegression,70,68.88575077578209,1.1142492242179145,1.1142492242179145
LinearRegression,74,73.69775492020636,0.3022450797936358,0.3022450797936358
LinearRegression,67,67.61404897488366,-0.6140489748836586,0.6140489748836586
LinearRegression,68,69.9845993989118,-1.9845993989117972,1.9845993989117972
LinearRegression,67,66.53661667795122,0.4633833220487844,0.4633833220487844
LinearRegression,65,67.74319712030741,-2.743197120307414,2.743197120307414
LinearRegression,65,65.32776738979854,-0.32776738979853803,0.32776738979853803
LinearRegression,72,71.16153951946896,0.8384604805310403,0.8384604805310403
LinearRegression,67,65.47610810151939,1.5238918984806133,1.5238918984806133
LinearRegression,65,65.00722465488973,-0.007224654889725457,0.007224654889725457
LinearRegression,65,65.40671454997641,-0.40671454997641376,0.40671454997641376
LinearRegression,63,64.69708605008816,-1.69708605008816,1.69708605008816
LinearRegression,68,65.99992071709134,2.0000792829086578,2.0000792829086578
LinearRegression,92,64.85902473865556,27.140975261344437,27.140975261344437
LinearRegression,67,66.84583396496113,0.1541660350388696,0.1541660350388696
LinearRegression,68,67.89930650036281,0.10069349963718821,0.10069349963718821
LinearRegression,63,64.07251058745776,-1.0725105874577565,1.0725105874577565
LinearRegression,62,61.2040530681477,0.7959469318522991,0.7959469318522991
LinearRegression,67,67.5042887280831,-0.5042887280830968,0.5042887280830968
LinearRegression,65,65.71182809190405,-0.7118280919040529,0.7118280919040529
LinearRegression,72,70.28566831112606,1.7143316888739406,1.7143316888739406
LinearRegression,68,68.66843701831328,-0.6684370183132842,0.6684370183132842
LinearRegression,65,65.00108520467434,-0.0010852046743394794,0.0010852046743394794
LinearRegression,63,63.65940339427073,-0.6594033942707327,0.6594033942707327
LinearRegression,65,64.98719985346827,0.012800146531731116,0.012800146531731116
LinearRegression,67,68.98829338823845,-1.9882933882384464,1.9882933882384464
LinearRegression,62,62.1721368539254,-0.17213685392540157,0.17213685392540157
LinearRegression,68,68.51767389608254,-0.5176738960825418,0.5176738960825418
LinearRegression,70,70.9059987543194,-0.9059987543193984,0.9059987543193984
LinearRegression,66,66.13674017449019,-0.1367401744901855,0.1367401744901855
LinearRegression,70,71.53452950604436,-1.5345295060443647,1.5345295060443647
LinearRegression,64,63.649636003198644,0.3503639968013559,0.3503639968013559
LinearRegression,65,66.67903658675732,-1.67903658675732,1.67903658675732
LinearRegression,64,64.81071661385683,-0.810716613856826,0.810716613856826
LinearRegression,65,65.59587043056463,-0.5958704305646307,0.5958704305646307
LinearRegression,68,68.84393741220225,-0.8439374122022514,0.8439374122022514
LinearRegression,65,67.04147294407568,-2.0414729440756787,2.0414729440756787
LinearRegression,64,63.83745788961766,0.1625421103823399,0.1625421103823399
LinearRegression,63,64.29701267564808,-1.2970126756480767,1.2970126756480767
LinearRegression,72,71.17900186852277,0.820998131477225,0.820998131477225
LinearRegression,74,73.65469125382022,0.34530874617978213,0.34530874617978213
LinearRegression,71,70.5844643911005,0.4155356088995035,0.4155356088995035
LinearRegression,65,65.9896242336826,-0.9896242336826049,0.9896242336826049
LinearRegression,67,67.45427839078488,-0.45427839078487864,0.45427839078487864
LinearRegression,69,68.54962153078668,0.4503784692133195,0.4503784692133195
LinearRegression,68,67.0379201494434,0.9620798505566057,0.9620798505566057
LinearRegression,67,67.63469190991654,-0.6346919099165405,0.6346919099165405
LinearRegression,66,67.11378287443539,-1.1137828744353868,1.1137828744353868
LinearRegression,70,69.80359516966385,0.19640483033614942,0.19640483033614942
LinearRegression,63,61.75296638299814,1.2470336170018612,1.2470336170018612
LinearRegression,70,68.98318525588233,1.0168147441176671,1.0168147441176671
LinearRegression,71,72.40982638043732,-1.4098263804373232,1.4098263804373232
LinearRegression,68,70.4714780959029,-2.4714780959028957,2.4714780959028957
LinearRegression,66,66.78648965938987,-0.786489659389872,0.786489659389872
LinearRegression,68,68.77752781878532,-0.7775278187853161,0.7775278187853161
LinearRegression,69,68.12735016403941,0.872649835960587,0.872649835960587
LinearRegression,65,65.68054247283568,-0.6805424728356826,0.6805424728356826
LinearRegression,67,66.24965943106115,0.7503405689388529,0.7503405689388529
LinearRegression,72,71.26375288853056,0.7362471114694387,0.7362471114694387
LinearRegression,71,71.11759077518134,-0.1175907751813412,0.1175907751813412
LinearRegression,63,62.37250241826193,0.6274975817380692,0.6274975817380692
LinearRegression,64,64.67928190194944,-0.6792819019494374,0.6792819019494374
LinearRegression,65,65.17622434906565,-0.17622434906564877,0.17622434906564877
LinearRegression,68,68.72219237013302,-0.7221923701330155,0.7221923701330155
LinearRegression,61,62.71684540546641,-1.7168454054664082,1.7168454054664082
LinearRegression,69,69.6343917756357,-0.6343917756357058,0.6343917756357058
LinearRegression,62,61.12118971360614,0.8788102863938576,0.8788102863938576
LinearRegression,67,68.52595741200702,-1.525957412007017,1.525957412007017
LinearRegression,72,71.2443480790302,0.7556519209697967,0.7556519209697967
LinearRegression,66,65.90759422736753,0.09240577263247474,0.09240577263247474
LinearRegression,70,69.94868526684796,0.05131473315204005,0.05131473315204005
LinearRegression,66,64.7819743054264,1.2180256945735977,1.2180256945735977
LinearRegression,68,68.49483460996801,-0.49483460996800943,0.49483460996800943
LinearRegression,69,68.90871475821544,0.09128524178456132,0.09128524178456132
LinearRegression,68,67.46858554515359,0.5314144548464128,0.5314144548464128
LinearRegression,64,65.31474850149205,-1.3147485014920477,1.3147485014920477
LinearRegression,68,67.27604969709115,0.7239503029088468,0.7239503029088468
LinearRegression,67,65.77913796122671,1.2208620387732907,1.2208620387732907
LinearRegression,64,64.22341872750061,-0.22341872750061498,0.22341872750061498
LinearRegression,68,68.8065304075171,-0.8065304075171014,0.8065304075171014
LinearRegression,70,69.02150686188854,0.9784931381114603,0.9784931381114603
LinearRegression,65,64.89705664785339,0.10294335214661032,0.10294335214661032
LinearRegression,72,72.99420678067233,-0.9942067806723287,0.9942067806723287
LinearRegression,63,62.69039080013391,0.30960919986608815,0.30960919986608815
LinearRegression,70,69.6950761674858,0.30492383251420563,0.30492383251420563
LinearRegression,68,67.842881391843,0.15711860815700618,0.15711860815700618
LinearRegression,62,62.553460908522005,-0.5534609085220055,0.5534609085220055
LinearRegression,63,63.558091613649765,-0.5580916136497649,0.5580916136497649
LinearRegression,71,70.78704039931354,0.21295960068646025,0.21295960068646025
LinearRegression,64,63.77151174121491,0.2284882587850916,0.2284882587850916
LinearRegression,62,62.40928575808165,-0.40928575808165135,0.40928575808165135
LinearRegression,62,61.27341979801512,0.7265802019848806,0.7265802019848806
LinearRegression,62,62.073693827012335,-0.07369382701233462,0.07369382701233462
LinearRegression,61,61.98176571253615,-0.9817657125361521,0.9817657125361521
LinearRegression,61,61.54980210633208,-0.5498021063320806,0.5498021063320806
LinearRegression,70,69.6180217904409,0.3819782095590938,0.3819782095590938
LinearRegression,70,69.25779043985864,0.7422095601413616,0.7422095601413616
LinearRegression,58,57.78265041849649,0.21734958150351247,0.21734958150351247
LinearRegression,61,61.64643519644268,-0.6464351964426811,0.6464351964426811
LinearRegression,67,66.25672954853897,0.7432704514610293,0.7432704514610293
LinearRegression,97,71.95330118082782,25.046698819172178,25.046698819172178
LinearRegression,61,61.35340360238349,-0.3534036023834872,0.3534036023834872
LinearRegression,61,61.95857168992977,-0.9585716899297694,0.9585716899297694
LinearRegression,72,70.91318182110807,1.0868181788919316,1.0868181788919316
LinearRegression,70,69.95049829888357,0.04950170111642649,0.04950170111642649
LinearRegression,68,68.90321563648261,-0.9032156364826136,0.9032156364826136
LinearRegression,68,68.87322084921551,-0.8732208492155138,0.8732208492155138
LinearRegression,63,63.68808949585848,-0.6880894958584776,0.6880894958584776
LinearRegression,61,61.708674529284906,-0.7086745292849059,0.7086745292849059
LinearRegression,73,72.8128507658394,0.18714923416060003,0.18714923416060003
LinearRegression,69,68.77822137740705,0.22177862259295011,0.22177862259295011
LinearRegression,71,69.86198563689587,1.1380143631041335,1.1380143631041335
LinearRegression,64,63.493347467361296,0.5066525326387037,0.5066525326387037
LinearRegression,65,64.25174024832765,0.7482597516723501,0.7482597516723501
LinearRegression,61,61.64829995427367,-0.6482999542736678,0.6482999542736678
LinearRegression,70,69.27252562572198,0.7274743742780174,0.7274743742780174
LinearRegression,66,64.61868001849311,1.3813199815068913,1.3813199815068913
LinearRegression,68,65.88686962922479,2.1131303707752096,2.1131303707752096
LinearRegression,70,69.10921104309205,0.8907889569079543,0.8907889569079543
LinearRegression,64,64.65223784509566,-0.6522378450956552,0.6522378450956552
LinearRegression,71,69.35569488102314,1.6443051189768596,1.6443051189768596
LinearRegression,69,69.6901096462053,-0.6901096462053005,0.6901096462053005
LinearRegression,70,70.5236872033489,-0.5236872033488993,0.5236872033488993
LinearRegression,68,68.02568805605063,-0.025688056050626074,0.025688056050626074
LinearRegression,67,66.45231797900786,0.5476820209921414,0.5476820209921414
LinearRegression,65,65.3617688748098,-0.3617688748097976,0.3617688748097976
LinearRegression,69,69.69882731372205,-0.6988273137220489,0.6988273137220489
LinearRegression,69,68.74162743258239,0.2583725674176094,0.2583725674176094
LinearRegression,65,65.12996031009496,-0.12996031009495823,0.12996031009495823
LinearRegression,70,69.81510260033106,0.18489739966894092,0.18489739966894092
LinearRegression,72,70.69712947809812,1.3028705219018804,1.3028705219018804
LinearRegression,67,66.97448059514903,0.02551940485096793,0.02551940485096793
LinearRegression,67,67.00674380343685,-0.006743803436847884,0.006743803436847884
LinearRegression,71,71.77619914743173,-0.7761991474317256,0.7761991474317256
LinearRegression,64,64.31763541640682,-0.3176354164068158,0.3176354164068158
LinearRegression,59,60.4443034153047,-1.4443034153047023,1.4443034153047023
LinearRegression,69,69.15440587503883,-0.15440587503883307,0.15440587503883307
LinearRegression,62,60.99097334062582,1.0090266593741788,1.0090266593741788
LinearRegression,64,63.22716660028618,0.7728333997138179,0.7728333997138179
LinearRegression,75,74.85620218258589,0.1437978174141108,0.1437978174141108
LinearRegression,66,67.4462831319176,-1.4462831319175962,1.4462831319175962
LinearRegression,70,70.24025381674797,-0.2402538167479662,0.2402538167479662
LinearRegression,65,66.07296611160852,-1.0729661116085225,1.0729661116085225
LinearRegression,68,67.49395391791326,0.5060460820867405,0.5060460820867405
LinearRegression,66,66.75661053275576,-0.756610532755758,0.756610532755758
LinearRegression,67,67.7674843483541,-0.7674843483541025,0.7674843483541025
LinearRegression,67,67.9144099251146,-0.9144099251145974,0.9144099251145974
LinearRegression,67,67.77861971620565,-0.7786197162056538,0.7786197162056538
LinearRegression,70,70.9284034625546,-0.9284034625545985,0.9284034625545985
LinearRegression,63,61.730365759431365,1.2696342405686352,1.2696342405686352
LinearRegression,66,67.39546625922652,-1.3954662592265237,1.3954662592265237
LinearRegression,70,69.54475803262284,0.4552419673771624,0.4552419673771624
LinearRegression,72,71.66958682741578,0.33041317258421543,0.33041317258421543
LinearRegression,66,67.32876317145157,-1.3287631714515697,1.3287631714515697
LinearRegression,65,63.916377067549696,1.0836229324503037,1.0836229324503037
LinearRegression,65,64.37822083761863,0.6217791623813724,0.6217791623813724
LinearRegression,65,65.51761671073038,-0.5176167107303797,0.5176167107303797
LinearRegression,69,68.15453359290045,0.8454664070995506,0.8454664070995506
LinearRegression,72,70.95213212684232,1.047867873157685,1.047867873157685
LinearRegression,65,66.21927454426863,-1.2192745442686288,1.2192745442686288
LinearRegression,66,64.80731494970448,1.1926850502955233,1.1926850502955233
LinearRegression,68,69.47416897544522,-1.4741689754452239,1.4741689754452239
LinearRegression,67,67.71943653325681,-0.7194365332568111,0.7194365332568111
LinearRegression,65,65.6086276527556,-0.6086276527556009,0.6086276527556009
LinearRegression,65,63.67833899180672,1.3216610081932814,1.3216610081932814
LinearRegression,74,72.42367253919261,1.5763274608073914,1.5763274608073914
LinearRegression,63,64.10054043884867,-1.1005404388486681,1.1005404388486681
LinearRegression,65,67.40871644436122,-2.408716444361218,2.408716444361218
LinearRegression,63,63.899154689444536,-0.8991546894445364,0.8991546894445364
LinearRegression,63,64.9533347325545,-1.9533347325544952,1.9533347325544952
LinearRegression,63,63.167228882798504,-0.16722888279850423,0.16722888279850423
LinearRegression,67,67.11574693907863,-0.1157469390786332,0.1157469390786332
LinearRegression,61,61.82410125668722,-0.8241012566872215,0.8241012566872215
LinearRegression,62,62.99599193771011,-0.9959919377101087,0.9959919377101087
LinearRegression,62,63.08084052586347,-1.0808405258634721,1.0808405258634721
LinearRegression,70,70.48897707595488,-0.48897707595487816,0.48897707595487816
LinearRegression,66,65.01418039073532,0.9858196092646807,0.9858196092646807
LinearRegression,64,65.40473709733506,-1.4047370973350581,1.4047370973350581
LinearRegression,61,61.59695062712019,-0.5969506271201865,0.5969506271201865
LinearRegression,68,67.64712903173968,0.3528709682603193,0.3528709682603193
LinearRegression,65,64.48701443394948,0.5129855660505171,0.5129855660505171
LinearRegression,62,62.25204693093297,-0.2520469309329698,0.2520469309329698
LinearRegression,67,67.59202103575959,-0.5920210357595863,0.5920210357595863
LinearRegression,67,66.5862979908812,0.4137020091187935,0.4137020091187935
LinearRegression,69,67.32513635996875,1.6748636400312478,1.6748636400312478
LinearRegression,65,64.69180838840063,0.30819161159936925,0.30819161159936925
LinearRegression,62,61.67966285312162,0.32033714687838,0.32033714687838
LinearRegression,70,68.83447643813462,1.1655235618653847,1.1655235618653847
LinearRegression,69,70.07246294929179,-1.0724629492917899,1.0724629492917899
LinearRegression,70,70.60186833866288,-0.6018683386628823,0.6018683386628823
LinearRegression,69,68.86936912653584,0.13063087346415614,0.13063087346415614
LinearRegression,70,70.17503788542541,-0.17503788542541088,0.17503788542541088
LinearRegression,66,65.58379504414903,0.41620495585097217,0.41620495585097217
LinearRegression,66,66.55466713067273,-0.5546671306727262,0.5546671306727262
LinearRegression,64,64.14738935800183,-0.14738935800183128,0.14738935800183128
LinearRegression,66,66.3618852693579,-0.36188526935789866,0.36188526935789866
LinearRegression,68,68.04350084132459,-0.04350084132458676,0.04350084132458676
LinearRegression,66,65.93423920019816,0.06576079980183636,0.06576079980183636
LinearRegression,65,65.03773000809342,-0.03773000809341909,0.03773000809341909
LinearRegression,69,68.87507028175806,0.12492971824194399,0.12492971824194399
LinearRegression,68,69.1020266992424,-1.1020266992424013,1.1020266992424013
LinearRegression,70,69.64520958416624,0.3547904158337616,0.3547904158337616
LinearRegression,67,66.30069851314893,0.6993014868510699,0.6993014868510699
LinearRegression,61,61.95626879018357,-0.9562687901835716,0.9562687901835716
LinearRegression,66,65.69395788328416,0.3060421167158438,0.3060421167158438
LinearRegression,65,66.33951038929591,-1.33951038929591,1.33951038929591
LinearRegression,66,65.21387439398355,0.786125606016455,0.786125606016455
LinearRegression,66,66.62430192871406,-0.6243019287140612,0.6243019287140612
LinearRegression,61,62.139906509997495,-1.1399065099974948,1.1399065099974948
LinearRegression,70,71.63151947335852,-1.631519473358523,1.631519473358523
LinearRegression,72,72.57263040841836,-0.5726304084183624,0.5726304084183624
LinearRegression,67,67.8800225855005,-0.8800225855004982,0.8800225855004982
LinearRegression,67,68.072457971518,-1.0724579715180056,1.0724579715180056
LinearRegression,68,68.80246545605887,-0.8024654560588687,0.8024654560588687
LinearRegression,74,73.60118276573189,0.3988172342681082,0.3988172342681082
LinearRegression,68,67.80832752541636,0.19167247458364045,0.19167247458364045
LinearRegression,70,69.9167863350145,0.0832136649854931,0.0832136649854931
LinearRegression,65,66.37635323782125,-1.3763532378212489,1.3763532378212489
LinearRegression,71,70.56603787022547,0.4339621297745282,0.4339621297745282
LinearRegression,66,67.15207424805075,-1.1520742480507522,1.1520742480507522
LinearRegression,67,69.18134337924931,-2.181343379249313,2.181343379249313
LinearRegression,68,67.20338007474425,0.7966199252557544,0.7966199252557544
LinearRegression,63,63.78380167433486,-0.7838016743348604,0.7838016743348604
LinearRegression,68,69.70044191134954,-1.700441911349543,1.700441911349543
LinearRegression,61,60.54726632118902,0.45273367881097926,0.45273367881097926
LinearRegression,68,67.69517090046573,0.30482909953427395,0.30482909953427395
LinearRegression,65,65.70579549685093,-0.705795496850925,0.705795496850925
LinearRegression,62,61.18239762167656,0.8176023783234427,0.8176023783234427
LinearRegression,66,65.83384884967225,0.16615115032774952,0.16615115032774952
LinearRegression,67,67.15550657088099,-0.15550657088098774,0.15550657088098774
LinearRegression,67,66.23968020266706,0.7603197973329401,0.7603197973329401
LinearRegression,72,71.12575225436346,0.8742477456365378,0.8742477456365378
LinearRegression,71,70.92529008140848,0.0747099185915232,0.0747099185915232
LinearRegression,68,68.70949725372661,-0.7094972537266102,0.7094972537266102
LinearRegression,64,64.7270060765531,-0.7270060765530957,0.7270060765530957
LinearRegression,67,67.70518166426066,-0.7051816642606639,0.7051816642606639
LinearRegression,64,64.39148888033692,-0.3914888803369223,0.3914888803369223
LinearRegression,64,64.7618621305051,-0.7618621305050937,0.7618621305050937
LinearRegression,71,71.72243507843541,-0.7224350784354101,0.7224350784354101
LinearRegression,67,67.5840973889095,-0.5840973889094982,0.5840973889094982
LinearRegression,75,73.93863435752363,1.0613656424763747,1.0613656424763747
LinearRegression,60,59.482365187019326,0.517634812980674,0.517634812980674
LinearRegression,59,59.160363839188165,-0.16036383918816455,0.16036383918816455
LinearRegression,65,65.35265228377767,-0.35265228377767244,0.35265228377767244
LinearRegression,72,71.7004416627034,0.2995583372966024,0.2995583372966024
LinearRegression,65,65.36724247238706,-0.367242472387062,0.367242472387062
LinearRegression,69,67.0421284729091,1.9578715270909015,1.9578715270909015
LinearRegression,62,63.258951147188746,-1.2589511471887462,1.2589511471887462
LinearRegression,64,64.2241286454331,-0.22412864543309752,0.22412864543309752
LinearRegression,73,71.85875392521021,1.141246074789791,1.141246074789791
LinearRegression,64,63.54637091172877,0.45362908827122794,0.45362908827122794
LinearRegression,64,63.061995033365875,0.938004966634125,0.938004966634125
LinearRegression,68,67.47704180543198,0.5229581945680195,0.5229581945680195
LinearRegression,68,68.46476340641678,-0.46476340641677893,0.46476340641677893
LinearRegression,71,71.72373839336854,-0.7237383933685351,0.7237383933685351
LinearRegression,64,64.22393188277867,-0.22393188277867182,0.22393188277867182
LinearRegression,70,69.3111302454107,0.6888697545893052,0.6888697545893052
LinearRegression,66,65.61339527276505,0.3866047272349533,0.3866047272349533
LinearRegression,62,63.209784100202064,-1.2097841002020644,1.2097841002020644
LinearRegression,68,69.56280594623732,-1.5628059462373187,1.5628059462373187
LinearRegression,66,66.1801692914579,-0.18016929145790073,0.18016929145790073
LinearRegression,72,72.52049459042901,-0.5204945904290099,0.5204945904290099
LinearRegression,74,73.1788643884258,0.8211356115742063,0.8211356115742063
LinearRegression,67,68.83039897001036,-1.8303989700103642,1.8303989700103642
LinearRegression,66,65.36004774703697,0.6399522529630275,0.6399522529630275
LinearRegression,73,73.23413121844298,-0.23413121844298246,0.23413121844298246
LinearRegression,67,68.34894311536443,-1.3489431153644347,1.3489431153644347
LinearRegression,64,65.14971020907849,-1.149710209078492,1.149710209078492
LinearRegression,68,67.18142986040434,0.8185701395956642,0.8185701395956642
LinearRegression,68,68.32467961773891,-0.32467961773890863,0.32467961773890863
LinearRegression,71,71.5398391313596,-0.5398391313595994,0.5398391313595994
LinearRegression,64,63.10000880259078,0.8999911974092214,0.8999911974092214
LinearRegression,94,70.44811400892485,23.551885991075153,23.551885991075153
LinearRegression,63,63.32215071342735,-0.322150713427348,0.322150713427348
LinearRegression,63,65.3077583569044,-2.307758356904401,2.307758356904401
LinearRegression,61,60.5044633313082,0.49553666869179835,0.49553666869179835
LinearRegression,70,69.31487629259857,0.6851237074014307,0.6851237074014307
LinearRegression,66,67.65543811613558,-1.655438116135585,1.655438116135585
LinearRegression,59,60.50988859475846,-1.5098885947584577,1.5098885947584577
LinearRegression,64,66.04370337602079,-2.0437033760207868,2.0437033760207868
LinearRegression,67,68.38818164462172,-1.3881816446217243,1.3881816446217243
LinearRegression,69,68.80713505913772,0.1928649408622789,0.1928649408622789
LinearRegression,66,65.81699332109116,0.18300667890883915,0.18300667890883915
LinearRegression,68,67.05844399848839,0.9415560015116142,0.9415560015116142
LinearRegression,65,64.99834813277769,0.0016518672223071462,0.0016518672223071462
LinearRegression,58,60.061200682118624,-2.061200682118624,2.061200682118624
LinearRegression,70,69.63750003717527,0.3624999628247281,0.3624999628247281
LinearRegression,69,70.55113259739333,-1.5511325973933339,1.5511325973933339
LinearRegression,65,64.08561485943899,0.9143851405610093,0.9143851405610093
LinearRegression,75,75.49038960553675,-0.49038960553674826,0.49038960553674826
LinearRegression,66,65.35317055521124,0.6468294447887644,0.6468294447887644
LinearRegression,66,64.5288657412148,1.4711342587851988,1.4711342587851988
LinearRegression,73,72.24903347771577,0.7509665222842301,0.7509665222842301
LinearRegression,66,66.13987377240844,-0.13987377240843557,0.13987377240843557
LinearRegression,61,63.1371745682074,-2.1371745682073993,2.1371745682073993
LinearRegression,69,69.42127636586103,-0.4212763658610328,0.4212763658610328
LinearRegression,70,69.36472042794878,0.6352795720512177,0.6352795720512177
LinearRegression,70,71.7725852365259,-1.7725852365258987,1.7725852365258987
LinearRegression,63,63.14437057255827,-0.14437057255827312,0.14437057255827312
LinearRegression,70,69.823238690159,0.17676130984099814,0.17676130984099814
LinearRegression,64,63.306551889558584,0.6934481104414161,0.6934481104414161
LinearRegression,64,63.24024671361939,0.759753286380608,0.759753286380608
LinearRegression,67,65.90546751209064,1.0945324879093619,1.0945324879093619
LinearRegression,66,64.92415127736207,1.0758487226379287,1.0758487226379287
LinearRegression,65,63.27245036324331,1.7275496367566916,1.7275496367566916
LinearRegression,61,61.15665676949146,-0.15665676949146246,0.15665676949146246
LinearRegression,73,72.29375438203309,0.7062456179669141,0.7062456179669141
LinearRegression,67,66.2482442980406,0.7517557019593966,0.7517557019593966
LinearRegression,71,70.1367725531749,0.8632274468251069,0.8632274468251069
LinearRegression,61,61.578907814493896,-0.5789078144938955,0.5789078144938955
LinearRegression,67,67.9031566674718,-0.903156667471805,0.903156667471805
LinearRegression,65,64.20762271123931,0.7923772887606901,0.7923772887606901
LinearRegression,68,68.7983930795532,-0.7983930795531933,0.7983930795531933
LinearRegression,66,65.90915782605308,0.09084217394692473,0.09084217394692473
LinearRegression,70,70.48010313779345,-0.48010313779344926,0.48010313779344926
LinearRegression,70,71.34314458374098,-1.3431445837409797,1.3431445837409797
LinearRegression,72,72.97697799307895,-0.9769779930789468,0.9769779930789468
LinearRegression,70,71.3029215186407,-1.3029215186407015,1.3029215186407015
LinearRegression,64,65.43967469062879,-1.4396746906287916,1.4396746906287916
LinearRegression,65,64.05521233982495,0.9447876601750522,0.9447876601750522
LinearRegression,66,66.82816834977199,-0.8281683497719854,0.8281683497719854
LinearRegression,65,64.56238560440904,0.4376143955909555,0.4376143955909555
LinearRegression,64,63.847687428084775,0.15231257191522474,0.15231257191522474
LinearRegression,66,66.26820887659005,-0.26820887659005166,0.26820887659005166
LinearRegression,69,69.60307857820972,-0.6030785782097183,0.6030785782097183
LinearRegression,62,62.472950155148595,-0.4729501551485953,0.4729501551485953
LinearRegression,69,69.00039213827135,-0.00039213827135142765,0.00039213827135142765
LinearRegression,67,68.0094565886381,-1.009456588638102,1.009456588638102
LinearRegression,67,66.30053240917239,0.6994675908276093,0.6994675908276093
LinearRegression,69,68.52132359260348,0.4786764073965202,0.4786764073965202
LinearRegression,71,69.91752184003678,1.082478159963216,1.082478159963216
LinearRegression,63,62.772391803253036,0.22760819674696364,0.22760819674696364
LinearRegression,66,66.40964712346927,-0.40964712346927,0.40964712346927
LinearRegression,63,64.26002644962523,-1.2600264496252294,1.2600264496252294
LinearRegression,68,66.16512935636504,1.8348706436349573,1.8348706436349573
LinearRegression,68,67.17240090470321,0.8275990952967902,0.8275990952967902
LinearRegression,69,69.9335629213328,-0.9335629213327934,0.9335629213327934
LinearRegression,67,67.6004228732524,-0.6004228732523984,0.6004228732523984
LinearRegression,64,63.51916410475862,0.48083589524137693,0.48083589524137693
LinearRegression,65,66.07556676570344,-1.0755667657034422,1.0755667657034422
LinearRegression,72,71.85101268965018,0.14898731034982404,0.14898731034982404
LinearRegression,66,67.69409970363547,-1.694099703635473,1.694099703635473
LinearRegression,66,66.52935972708333,-0.5293597270833317,0.5293597270833317
LinearRegression,70,69.97528350417842,0.024716495821579088,0.024716495821579088
LinearRegression,66,65.24462741824199,0.7553725817580101,0.7553725817580101
LinearRegression,70,70.30708635155223,-0.3070863515522291,0.3070863515522291
LinearRegression,66,66.54208255141316,-0.5420825514131593,0.5420825514131593
LinearRegression,64,64.61726231434265,-0.6172623143426534,0.6172623143426534
LinearRegression,67,71.04101019441562,-4.04101019441562,4.04101019441562
LinearRegression,64,63.337658339869044,0.6623416601309557,0.6623416601309557
LinearRegression,71,69.33397480084895,1.6660251991510506,1.6660251991510506
LinearRegression,72,71.17604855954971,0.823951440450287,0.823951440450287
LinearRegression,65,65.0113617981153,-0.01136179811530269,0.01136179811530269
LinearRegression,63,63.93146785365477,-0.9314678536547731,0.9314678536547731
LinearRegression,65,63.69416014141047,1.305839858589529,1.305839858589529
LinearRegression,66,66.18486430790016,-0.18486430790015618,0.18486430790015618
LinearRegression,71,69.68484832133055,1.3151516786694515,1.3151516786694515
LinearRegression,66,65.37279855006243,0.6272014499375729,0.6272014499375729
LinearRegression,72,71.45810916029721,0.5418908397027877,0.5418908397027877
LinearRegression,65,64.057601494578,0.9423985054220054,0.9423985054220054
LinearRegression,67,66.77100875330036,0.22899124669963555,0.22899124669963555
LinearRegression,71,70.52763001664225,0.47236998335775127,0.47236998335775127
LinearRegression,70,69.6856596943692,0.3143403056307932,0.3143403056307932
LinearRegression,68,68.16632942316372,-0.16632942316371668,0.16632942316371668
LinearRegression,70,70.45101245794437,-0.4510124579443726,0.4510124579443726
LinearRegression,64,63.64841636277282,0.3515836372271792,0.3515836372271792
LinearRegression,64,64.24064072373375,-0.24064072373374756,0.24064072373374756
LinearRegression,65,65.01382479059274,-0.01382479059273578,0.01382479059273578
LinearRegression,66,68.09945115292179,-2.0994511529217874,2.0994511529217874
LinearRegression,67,66.04615986846838,0.9538401315316207,0.9538401315316207
LinearRegression,66,67.7291593131134,-1.7291593131133993,1.7291593131133993
LinearRegression,66,65.60829977335713,0.3917002266428682,0.3917002266428682
LinearRegression,66,65.70492162721459,0.2950783727854116,0.2950783727854116
LinearRegression,68,69.76072356502752,-1.7607235650275186,1.7607235650275186
LinearRegression,69,69.63007433807408,-0.6300743380740812,0.6300743380740812
LinearRegression,67,66.69112066979133,0.30887933020866853,0.30887933020866853
LinearRegression,67,67.62041644066584,-0.620416440665835,0.620416440665835
LinearRegression,72,72.07168249620396,-0.07168249620396239,0.07168249620396239
LinearRegression,67,66.44602383815628,0.5539761618437211,0.5539761618437211
LinearRegression,68,68.07925657102923,-0.07925657102923367,0.07925657102923367
LinearRegression,72,71.18983605321964,0.8101639467803636,0.8101639467803636
LinearRegression,71,70.44647143056275,0.5535285694372476,0.5535285694372476
LinearRegression,71,70.50861926900222,0.49138073099777557,0.49138073099777557
LinearRegression,70,70.98613972452138,-0.9861397245213794,0.9861397245213794
LinearRegression,65,65.37536073510891,-0.375360735108913,0.375360735108913
LinearRegression,65,66.69625384870697,-1.6962538487069736,1.6962538487069736
LinearRegression,60,61.08087913674468,-1.0808791367446773,1.0808791367446773
LinearRegression,65,65.60737135581113,-0.6073713558111251,0.6073713558111251
LinearRegression,68,67.62755457866469,0.3724454213353141,0.3724454213353141
LinearRegression,67,67.30870330591206,-0.3087033059120614,0.3087033059120614
LinearRegression,71,71.22103271893208,-0.22103271893207932,0.22103271893207932
LinearRegression,71,71.18530238397246,-0.1853023839724557,0.1853023839724557
LinearRegression,65,65.06628934263411,-0.06628934263410713,0.06628934263410713
LinearRegression,62,62.24286005339165,-0.2428600533916523,0.2428600533916523
LinearRegression,68,69.52926061944522,-1.5292606194452247,1.5292606194452247
LinearRegression,70,70.09110517016404,-0.09110517016404174,0.09110517016404174
LinearRegression,67,67.75988218972496,-0.7598821897249621,0.7598821897249621
LinearRegression,70,69.99398960401145,0.006010395988553796,0.006010395988553796
LinearRegression,69,68.95675747771541,0.04324252228458647,0.04324252228458647
LinearRegression,66,66.49089703216495,-0.49089703216495195,0.49089703216495195
LinearRegression,65,65.27501713321152,-0.2750171332115201,0.2750171332115201
LinearRegression,63,63.56309393377288,-0.5630939337728833,0.5630939337728833
LinearRegression,68,68.14475764774882,-0.14475764774881839,0.14475764774881839
LinearRegression,66,66.08270805787814,-0.08270805787813629,0.08270805787813629
LinearRegression,71,70.74624209335812,0.25375790664188,0.25375790664188
LinearRegression,65,65.45946139239707,-0.45946139239707406,0.45946139239707406
LinearRegression,65,64.28438359737726,0.715616402622743,0.715616402622743
LinearRegression,64,65.17389257873354,-1.1738925787335432,1.1738925787335432
LinearRegression,65,66.08603244958157,-1.086032449581566,1.086032449581566
LinearRegression,75,75.39292827053447,-0.392928270534469,0.392928270534469
LinearRegression,63,65.46049420492285,-2.4604942049228526,2.4604942049228526
LinearRegression,71,70.0586181141047,0.9413818858952965,0.9413818858952965
LinearRegression,63,63.47928936447063,-0.4792893644706311,0.4792893644706311
LinearRegression,68,67.77681579409953,0.22318420590046628,0.22318420590046628
LinearRegression,75,73.38021831648955,1.6197816835104533,1.6197816835104533
LinearRegression,73,72.53407022621876,0.4659297737812409,0.4659297737812409
LinearRegression,65,65.5563598447503,-0.556359844750304,0.556359844750304
LinearRegression,69,69.75031404605274,-0.7503140460527362,0.7503140460527362
LinearRegression,66,67.06021474681883,-1.0602147468188292,1.0602147468188292
LinearRegression,66,65.78391068028455,0.21608931971545076,0.21608931971545076
LinearRegression,68,67.6267057478504,0.37329425214960565,0.37329425214960565
LinearRegression,66,65.32487148386478,0.6751285161352172,0.6751285161352172
LinearRegression,62,62.414557025041454,-0.41455702504145364,0.41455702504145364
LinearRegression,66,66.30558916835284,-0.30558916835283867,0.30558916835283867
LinearRegression,67,68.05048486236353,-1.0504848623635326,1.0504848623635326
LinearRegression,69,70.12363544817364,-1.1236354481736441,1.1236354481736441
LinearRegression,70,69.01005630106106,0.9899436989389443,0.9899436989389443
LinearRegression,70,69.50839752188705,0.4916024781129522,0.4916024781129522
LinearRegression,73,72.68393732246912,0.3160626775308799,0.3160626775308799
LinearRegression,68,67.36387989996909,0.636120100030908,0.636120100030908
LinearRegression,64,63.63937747435627,0.360622525643727,0.360622525643727
LinearRegression,67,68.63002658077946,-1.6300265807794574,1.6300265807794574
LinearRegression,63,64.31461748106139,-1.31461748106139,1.31461748106139
LinearRegression,69,69.57652608331817,-0.5765260833181713,0.5765260833181713
LinearRegression,62,63.29082617681445,-1.2908261768144484,1.2908261768144484
LinearRegression,68,67.7024937380884,0.29750626191159313,0.29750626191159313
LinearRegression,64,65.06618151292982,-1.0661815129298162,1.0661815129298162
LinearRegression,64,63.9089267887519,0.09107321124810142,0.09107321124810142
LinearRegression,72,70.66975400224776,1.3302459977522432,1.3302459977522432
LinearRegression,68,68.66648841721091,-0.666488417210914,0.666488417210914
LinearRegression,68,68.38464405008877,-0.3846440500887667,0.3846440500887667
LinearRegression,74,75.22678482792811,-1.226784827928114,1.226784827928114
LinearRegression,66,64.63986421691021,1.3601357830897882,1.3601357830897882
LinearRegression,64,65.11061927619306,-1.1106192761930629,1.1106192761930629
LinearRegression,66,66.9451410356085,-0.9451410356085006,0.9451410356085006
LinearRegression,62,61.364226270377706,0.6357737296222936,0.6357737296222936
LinearRegression,68,68.20785323990386,-0.20785323990385507,0.20785323990385507
LinearRegression,61,60.80617606524829,0.19382393475171256,0.19382393475171256
LinearRegression,61,62.226219831071695,-1.2262198310716954,1.2262198310716954
LinearRegression,69,69.18174074861501,-0.1817407486150131,0.1817407486150131
LinearRegression,65,65.4916688620686,-0.49166886206859317,0.49166886206859317
LinearRegression,63,64.00281372298541,-1.0028137229854082,1.0028137229854082
LinearRegression,75,74.53708151076049,0.46291848923951306,0.46291848923951306
LinearRegression,69,67.80737597027156,1.1926240297284352,1.1926240297284352
LinearRegression,64,63.754101675494695,0.2458983245053048,0.2458983245053048
LinearRegression,70,69.74529009578389,0.2547099042161136,0.2547099042161136
LinearRegression,64,63.33864272803384,0.6613572719661605,0.6613572719661605
LinearRegression,69,70.24034531115073,-1.2403453111507332,1.2403453111507332
LinearRegression,67,68.22867828147315,-1.228678281473151,1.228678281473151
LinearRegression,73,73.96924287500094,-0.9692428750009441,0.9692428750009441
LinearRegression,68,67.4746444194122,0.5253555805877994,0.5253555805877994
LinearRegression,66,67.06590552044143,-1.065905520441433,1.065905520441433
LinearRegression,73,72.30669984592626,0.6933001540737393,0.6933001540737393
LinearRegression,69,69.77360818931622,-0.7736081893162208,0.7736081893162208
LinearRegression,67,67.56859615568428,-0.5685961556842756,0.5685961556842756
LinearRegression,66,66.4279898235709,-0.427989823570897,0.427989823570897
LinearRegression,66,67.02403349673855,-1.0240334967385536,1.0240334967385536
LinearRegression,65,65.40779439361918,-0.40779439361918435,0.40779439361918435
LinearRegression,69,69.22183820545109,-0.22183820545109256,0.22183820545109256
LinearRegression,66,66.43642050764038,-0.43642050764037776,0.43642050764037776
LinearRegression,70,69.46141304883443,0.5385869511655699,0.5385869511655699
LinearRegression,70,69.87428553071923,0.12571446928076568,0.12571446928076568
LinearRegression,62,61.576860078893546,0.42313992110645415,0.42313992110645415
LinearRegression,66,64.71076951009218,1.2892304899078226,1.2892304899078226
LinearRegression,60,60.404618963590316,-0.4046189635903161,0.4046189635903161
LinearRegression,66,65.54479160236745,0.4552083976325463,0.4552083976325463
LinearRegression,65,65.27026627673047,-0.2702662767304673,0.2702662767304673
LinearRegression,75,75.46747389774723,-0.4674738977472259,0.4674738977472259
LinearRegression,69,69.88990765513144,-0.889907655131438,0.889907655131438
LinearRegression,67,66.58947092530038,0.41052907469962463,0.41052907469962463
LinearRegression,68,68.7874229498361,-0.787422949836099,0.787422949836099
LinearRegression,65,66.17922809531557,-1.1792280953155654,1.1792280953155654
LinearRegression,63,63.69655227092722,-0.6965522709272207,0.6965522709272207
LinearRegression,72,72.97659086292639,-0.9765908629263862,0.9765908629263862
LinearRegression,59,59.764659188321545,-0.764659188321545,0.764659188321545
LinearRegression,75,74.88788129494021,0.11211870505978538,0.11211870505978538
LinearRegression,64,63.62474640098423,0.37525359901577104,0.37525359901577104
LinearRegression,67,66.15202561597297,0.847974384027026,0.847974384027026
LinearRegression,62,62.448136847237606,-0.44813684723760616,0.44813684723760616
LinearRegression,70,69.86826726302124,0.13173273697876198,0.13173273697876198
LinearRegression,67,66.23411248479711,0.7658875152028912,0.7658875152028912
LinearRegression,73,73.55281333504209,-0.5528133350420887,0.5528133350420887
LinearRegression,70,69.01047719202677,0.9895228079732306,0.9895228079732306
LinearRegression,67,67.22976125027257,-0.2297612502725741,0.2297612502725741
LinearRegression,61,62.16132809196157,-1.1613280919615718,1.1613280919615718
LinearRegression,63,63.23620205246695,-0.23620205246695036,0.23620205246695036
LinearRegression,64,64.61130997796685,-0.6113099779668545,0.6113099779668545
LinearRegression,67,66.48769100483446,0.5123089951655402,0.5123089951655402
LinearRegression,68,67.66742673694189,0.33257326305810864,0.33257326305810864
LinearRegression,72,72.43628098576981,-0.43628098576981245,0.43628098576981245
LinearRegression,64,64.79087380666839,-0.7908738066683867,0.7908738066683867
LinearRegression,69,67.89659841884144,1.1034015811585647,1.1034015811585647
LinearRegression,71,69.1127677006757,1.887232299324296,1.887232299324296
LinearRegression,58,58.61037847673355,-0.6103784767335512,0.6103784767335512
LinearRegression,68,68.04494524323009,-0.04494524323008875,0.04494524323008875
LinearRegression,65,66.37319678814461,-1.373196788144611,1.373196788144611
LinearRegression,66,66.47841557976524,-0.4784155797652403,0.4784155797652403
LinearRegression,71,70.84221430250744,0.15778569749255666,0.15778569749255666
LinearRegression,68,67.45892483021676,0.541075169783241,0.541075169783241
LinearRegression,67,66.86008017281281,0.13991982718718532,0.13991982718718532
LinearRegression,68,66.76549879978357,1.2345012002164282,1.2345012002164282
LinearRegression,65,65.62422391307956,-0.624223913079561,0.624223913079561
LinearRegression,74,73.7416549635631,0.2583450364369071,0.2583450364369071
LinearRegression,62,64.12686548839866,-2.126865488398664,2.126865488398664
LinearRegression,66,69.31802164276326,-3.318021642763256,3.318021642763256
LinearRegression,69,71.50636497926438,-2.506364979264376,2.506364979264376
LinearRegression,64,64.34989035285203,-0.34989035285202874,0.34989035285202874
LinearRegression,74,72.67795189124219,1.3220481087578122,1.3220481087578122
LinearRegression,69,69.16339943777861,-0.1633994377786081,0.1633994377786081
LinearRegression,72,73.0769432628647,-1.0769432628647024,1.0769432628647024
LinearRegression,68,68.61415979748996,-0.6141597974899611,0.6141597974899611
LinearRegression,67,65.61792209655967,1.382077903440333,1.382077903440333
LinearRegression,67,68.78530557110032,-1.7853055711003236,1.7853055711003236
LinearRegression,62,62.06220912627522,-0.06220912627522068,0.06220912627522068
LinearRegression,74,74.50029084424537,-0.5002908442453702,0.5002908442453702
LinearRegression,62,62.72049853477206,-0.7204985347720623,0.7204985347720623
LinearRegression,67,67.70600508861365,-0.7060050886136509,0.7060050886136509
LinearRegression,74,73.72159891268032,0.27840108731967916,0.27840108731967916
RandomForestRegressor,65,65.26,-0.2600000000000051,0.2600000000000051
RandomForestRegressor,62,61.735,0.26500000000000057,0.26500000000000057
RandomForestRegressor,66,67.0,-1.0,1.0
RandomForestRegressor,68,68.305,-0.3050000000000068,0.3050000000000068
RandomForestRegressor,69,68.065,0.9350000000000023,0.9350000000000023
RandomForestRegressor,66,67.745,-1.7450000000000045,1.7450000000000045
RandomForestRegressor,68,69.455,-1.4549999999999983,1.4549999999999983
RandomForestRegressor,71,73.85,-2.8499999999999943,2.8499999999999943
RandomForestRegressor,76,75.555,0.4449999999999932,0.4449999999999932
RandomForestRegressor,73,70.79,2.2099999999999937,2.2099999999999937
RandomForestRegressor,68,68.805,-0.8050000000000068,0.8050000000000068
RandomForestRegressor,69,67.735,1.2650000000000006,1.2650000000000006
RandomForestRegressor,64,62.32,1.6799999999999997,1.6799999999999997
RandomForestRegressor,64,66.145,-2.144999999999996,2.144999999999996
RandomForestRegressor,59,62.595,-3.594999999999999,3.594999999999999
RandomForestRegressor,67,65.66,1.3400000000000034,1.3400000000000034
RandomForestRegressor,72,70.56,1.4399999999999977,1.4399999999999977
RandomForestRegressor,72,71.365,0.6350000000000051,0.6350000000000051
RandomForestRegressor,67,67.28,-0.28000000000000114,0.28000000000000114
RandomForestRegressor,69,67.935,1.0649999999999977,1.0649999999999977
RandomForestRegressor,64,62.74,1.259999999999998,1.259999999999998
RandomForestRegressor,69,70.09,-1.0900000000000034,1.0900000000000034
RandomForestRegressor,73,72.035,0.9650000000000034,0.9650000000000034
RandomForestRegressor,73,73.005,-0.0049999999999954525,0.0049999999999954525
RandomForestRegressor,69,67.945,1.0550000000000068,1.0550000000000068
RandomForestRegressor,72,70.785,1.2150000000000034,1.2150000000000034
RandomForestRegressor,69,68.505,0.49500000000000455,0.49500000000000455
RandomForestRegressor,66,66.12,-0.12000000000000455,0.12000000000000455
RandomForestRegressor,68,66.74,1.2600000000000051,1.2600000000000051
RandomForestRegressor,67,67.825,-0.8250000000000028,0.8250000000000028
RandomForestRegressor,68,68.0,0.0,0.0
RandomForestRegressor,63,64.6,-1.5999999999999943,1.5999999999999943
RandomForestRegressor,66,66.895,-0.894999999999996,0.894999999999996
RandomForestRegressor,63,64.4,-1.4000000000000057,1.4000000000000057
RandomForestRegressor,65,63.43,1.5700000000000003,1.5700000000000003
RandomForestRegressor,70,69.5,0.5,0.5
RandomForestRegressor,65,65.495,-0.49500000000000455,0.49500000000000455
RandomForestRegressor,66,67.34,-1.3400000000000034,1.3400000000000034
RandomForestRegressor,67,69.08,-2.0799999999999983,2.0799999999999983
RandomForestRegressor,69,68.915,0.08499999999999375,0.08499999999999375
RandomForestRegressor,61,61.88,-0.8800000000000026,0.8800000000000026
RandomForestRegressor,65,63.75,1.25,1.25
RandomForestRegressor,61,63.735,-2.7349999999999994,2.7349999999999994
RandomForestRegressor,65,65.71,-0.7099999999999937,0.7099999999999937
RandomForestRegressor,62,62.57,-0.5700000000000003,0.5700000000000003
RandomForestRegressor,65,63.08,1.9200000000000017,1.9200000000000017
RandomForestRegressor,71,70.67,0.3299999999999983,0.3299999999999983
RandomForestRegressor,66,66.63,-0.6299999999999955,0.6299999999999955
RandomForestRegressor,70,70.455,-0.4549999999999983,0.4549999999999983
RandomForestRegressor,66,64.68,1.3199999999999932,1.3199999999999932
RandomForestRegressor,70,68.275,1.7249999999999943,1.7249999999999943
RandomForestRegressor,63,63.7,-0.7000000000000028,0.7000000000000028
RandomForestRegressor,70,68.525,1.4749999999999943,1.4749999999999943
RandomForestRegressor,70,71.07,-1.0699999999999932,1.0699999999999932
RandomForestRegressor,70,69.195,0.8050000000000068,0.8050000000000068
RandomForestRegressor,71,69.09,1.9099999999999966,1.9099999999999966
RandomForestRegressor,65,65.045,-0.045000000000001705,0.045000000000001705
RandomForestRegressor,66,68.15,-2.1500000000000057,2.1500000000000057
RandomForestRegressor,67,69.835,-2.8349999999999937,2.8349999999999937
RandomForestRegressor,62,63.295,-1.2950000000000017,1.2950000000000017
RandomForestRegressor,71,71.815,-0.8149999999999977,0.8149999999999977
RandomForestRegressor,66,65.92,0.0799999999999983,0.0799999999999983
RandomForestRegressor,71,68.28,2.719999999999999,2.719999999999999
RandomForestRegressor,70,72.155,-2.155000000000001,2.155000000000001
RandomForestRegressor,70,73.135,-3.135000000000005,3.135000000000005
RandomForestRegressor,67,67.36,-0.35999999999999943,0.35999999999999943
RandomForestRegressor,70,70.27,-0.269999999999996,0.269999999999996
RandomForestRegressor,67,65.515,1.4849999999999994,1.4849999999999994
RandomForestRegressor,69,67.75,1.25,1.25
RandomForestRegressor,69,68.49,0.5100000000000051,0.5100000000000051
RandomForestRegressor,70,69.98,0.01999999999999602,0.01999999999999602
RandomForestRegressor,69,69.07,-0.06999999999999318,0.06999999999999318
RandomForestRegressor,74,73.325,0.6749999999999972,0.6749999999999972
RandomForestRegressor,72,71.92,0.0799999999999983,0.0799999999999983
RandomForestRegressor,59,62.705,-3.7049999999999983,3.7049999999999983
RandomForestRegressor,71,70.015,0.9849999999999994,0.9849999999999994
RandomForestRegressor,60,60.595,-0.5949999999999989,0.5949999999999989
RandomForestRegressor,70,68.91,1.0900000000000034,1.0900000000000034
RandomForestRegressor,62,62.495,-0.49499999999999744,0.49499999999999744
RandomForestRegressor,68,69.485,-1.4849999999999994,1.4849999999999994
RandomForestRegressor,68,66.945,1.0550000000000068,1.0550000000000068
RandomForestRegressor,65,66.455,-1.4549999999999983,1.4549999999999983
RandomForestRegressor,63,63.565,-0.5649999999999977,0.5649999999999977
RandomForestRegressor,65,64.82,0.18000000000000682,0.18000000000000682
RandomForestRegressor,63,65.09,-2.0900000000000034,2.0900000000000034
RandomForestRegressor,71,69.39,1.6099999999999994,1.6099999999999994
RandomForestRegressor,66,65.09,0.9099999999999966,0.9099999999999966
RandomForestRegressor,64,63.505,0.49499999999999744,0.49499999999999744
RandomForestRegressor,67,67.625,-0.625,0.625
RandomForestRegressor,72,71.9,0.09999999999999432,0.09999999999999432
RandomForestRegressor,59,60.345,-1.3449999999999989,1.3449999999999989
RandomForestRegressor,65,64.66,0.3400000000000034,0.3400000000000034
RandomForestRegressor,68,70.16,-2.1599999999999966,2.1599999999999966
RandomForestRegressor,74,71.53,2.469999999999999,2.469999999999999
RandomForestRegressor,73,71.55,1.4500000000000028,1.4500000000000028
RandomForestRegressor,66,65.035,0.9650000000000034,0.9650000000000034
RandomForestRegressor,72,71.665,0.33499999999999375,0.33499999999999375
RandomForestRegressor,69,67.465,1.5349999999999966,1.5349999999999966
RandomForestRegressor,68,68.665,-0.6650000000000063,0.6650000000000063
RandomForestRegressor,67,67.815,-0.8149999999999977,0.8149999999999977
RandomForestRegressor,62,63.465,-1.4650000000000034,1.4650000000000034
RandomForestRegressor,70,69.87,0.12999999999999545,0.12999999999999545
RandomForestRegressor,93,66.75,26.25,26.25
RandomForestRegressor,62,60.895,1.1049999999999969,1.1049999999999969
RandomForestRegressor,65,65.265,-0.26500000000000057,0.26500000000000057
RandomForestRegressor,68,67.92,0.0799999999999983,0.0799999999999983
RandomForestRegressor,65,65.345,-0.34499999999999886,0.34499999999999886
RandomForestRegressor,74,73.25,0.75,0.75
RandomForestRegressor,67,67.815,-0.8149999999999977,0.8149999999999977
RandomForestRegressor,68,66.95,1.0499999999999972,1.0499999999999972
RandomForestRegressor,69,68.56,0.4399999999999977,0.4399999999999977
RandomForestRegressor,72,72.065,-0.06499999999999773,0.06499999999999773
RandomForestRegressor,69,67.18,1.8199999999999932,1.8199999999999932
RandomForestRegressor,75,71.935,3.0649999999999977,3.0649999999999977
RandomForestRegressor,68,68.255,-0.25499999999999545,0.25499999999999545
RandomForestRegressor,65,66.245,-1.2450000000000045,1.2450000000000045
RandomForestRegressor,69,68.075,0.9249999999999972,0.9249999999999972
RandomForestRegressor,70,70.75,-0.75,0.75
RandomForestRegressor,68,67.47,0.5300000000000011,0.5300000000000011
RandomForestRegressor,69,69.91,-0.9099999999999966,0.9099999999999966
RandomForestRegressor,65,65.395,-0.394999999999996,0.394999999999996
RandomForestRegressor,67,65.295,1.7049999999999983,1.7049999999999983
RandomForestRegressor,67,68.025,-1.0250000000000057,1.0250000000000057
RandomForestRegressor,70,68.385,1.6149999999999949,1.6149999999999949
RandomForestRegressor,73,74.52,-1.519999999999996,1.519999999999996
RandomForestRegressor,69,67.53,1.4699999999999989,1.4699999999999989
RandomForestRegressor,68,68.02,-0.01999999999999602,0.01999999999999602
RandomForestRegressor,69,70.85,-1.8499999999999943,1.8499999999999943
RandomForestRegressor,66,65.78,0.21999999999999886,0.21999999999999886
RandomForestRegressor,64,64.3,-0.29999999999999716,0.29999999999999716
RandomForestRegressor,69,70.27,-1.269999999999996,1.269999999999996
RandomForestRegressor,70,69.385,0.6149999999999949,0.6149999999999949
RandomForestRegressor,70,69.11,0.8900000000000006,0.8900000000000006
RandomForestRegressor,68,68.005,-0.0049999999999954525,0.0049999999999954525
RandomForestRegressor,66,65.795,0.2049999999999983,0.2049999999999983
RandomForestRegressor,63,64.76,-1.7600000000000051,1.7600000000000051
RandomForestRegressor,68,67.425,0.5750000000000028,0.5750000000000028
RandomForestRegressor,67,68.135,-1.1350000000000051,1.1350000000000051
RandomForestRegressor,61,63.88,-2.8800000000000026,2.8800000000000026
RandomForestRegressor,65,65.565,-0.5649999999999977,0.5649999999999977
RandomForestRegressor,68,68.955,-0.9549999999999983,0.9549999999999983
RandomForestRegressor,66,66.185,-0.18500000000000227,0.18500000000000227
RandomForestRegressor,66,66.695,-0.6949999999999932,0.6949999999999932
RandomForestRegressor,67,67.665,-0.6650000000000063,0.6650000000000063
RandomForestRegressor,66,65.865,0.13500000000000512,0.13500000000000512
RandomForestRegressor,70,69.1,0.9000000000000057,0.9000000000000057
RandomForestRegressor,66,65.445,0.5550000000000068,0.5550000000000068
RandomForestRegressor,71,71.41,-0.4099999999999966,0.4099999999999966
RandomForestRegressor,66,66.55,-0.5499999999999972,0.5499999999999972
RandomForestRegressor,71,71.34,-0.3400000000000034,0.3400000000000034
RandomForestRegressor,74,73.25,0.75,0.75
RandomForestRegressor,65,69.175,-4.174999999999997,4.174999999999997
RandomForestRegressor,65,65.12,-0.12000000000000455,0.12000000000000455
RandomForestRegressor,60,62.34,-2.3400000000000034,2.3400000000000034
RandomForestRegressor,73,73.535,-0.5349999999999966,0.5349999999999966
RandomForestRegressor,69,68.735,0.26500000000000057,0.26500000000000057
RandomForestRegressor,72,70.125,1.875,1.875
RandomForestRegressor,61,60.52,0.4799999999999969,0.4799999999999969
RandomForestRegressor,72,70.525,1.4749999999999943,1.4749999999999943
RandomForestRegressor,66,66.88,-0.8799999999999955,0.8799999999999955
RandomForestRegressor,67,67.925,-0.9249999999999972,0.9249999999999972
RandomForestRegressor,64,63.55,0.45000000000000284,0.45000000000000284
RandomForestRegressor,74,73.79,0.20999999999999375,0.20999999999999375
RandomForestRegressor,68,65.495,2.5049999999999955,2.5049999999999955
RandomForestRegressor,69,69.085,-0.08499999999999375,0.08499999999999375
RandomForestRegressor,61,62.92,-1.9200000000000017,1.9200000000000017
RandomForestRegressor,66,64.45,1.5499999999999972,1.5499999999999972
RandomForestRegressor,64,66.71,-2.7099999999999937,2.7099999999999937
RandomForestRegressor,69,67.59,1.4099999999999966,1.4099999999999966
RandomForestRegressor,73,70.79,2.2099999999999937,2.2099999999999937
RandomForestRegressor,69,68.58,0.4200000000000017,0.4200000000000017
RandomForestRegressor,68,67.655,0.34499999999999886,0.34499999999999886
RandomForestRegressor,69,69.68,-0.6800000000000068,0.6800000000000068
RandomForestRegressor,61,62.365,-1.365000000000002,1.365000000000002
RandomForestRegressor,63,64.485,-1.4849999999999994,1.4849999999999994
RandomForestRegressor,67,67.025,-0.025000000000005684,0.025000000000005684
RandomForestRegressor,67,67.1,-0.09999999999999432,0.09999999999999432
RandomForestRegressor,62,62.775,-0.7749999999999986,0.7749999999999986
RandomForestRegressor,76,79.49,-3.489999999999995,3.489999999999995
RandomForestRegressor,73,72.63,0.37000000000000455,0.37000000000000455
RandomForestRegressor,70,70.815,-0.8149999999999977,0.8149999999999977
RandomForestRegressor,66,66.26,-0.2600000000000051,0.2600000000000051
RandomForestRegressor,61,62.01,-1.009999999999998,1.009999999999998
RandomForestRegressor,67,68.975,-1.9749999999999943,1.9749999999999943
RandomForestRegressor,66,68.095,-2.094999999999999,2.094999999999999
RandomForestRegressor,70,69.935,0.06499999999999773,0.06499999999999773
RandomForestRegressor,80,62.215,17.784999999999997,17.784999999999997
RandomForestRegressor,70,70.83,-0.8299999999999983,0.8299999999999983
RandomForestRegressor,58,59.69,-1.6899999999999977,1.6899999999999977
RandomForestRegressor,65,64.685,0.3149999999999977,0.3149999999999977
RandomForestRegressor,69,68.07,0.9300000000000068,0.9300000000000068
RandomForestRegressor,63,63.06,-0.060000000000002274,0.060000000000002274
RandomForestRegressor,67,66.195,0.8050000000000068,0.8050000000000068
RandomForestRegressor,67,66.88,0.12000000000000455,0.12000000000000455
RandomForestRegressor,70,70.28,-0.28000000000000114,0.28000000000000114
RandomForestRegressor,65,64.585,0.41500000000000625,0.41500000000000625
RandomForestRegressor,70,70.3,-0.29999999999999716,0.29999999999999716
RandomForestRegressor,63,63.85,-0.8500000000000014,0.8500000000000014
RandomForestRegressor,67,66.825,0.17499999999999716,0.17499999999999716
RandomForestRegressor,66,64.69,1.3100000000000023,1.3100000000000023
RandomForestRegressor,60,60.21,-0.21000000000000085,0.21000000000000085
RandomForestRegressor,68,67.11,0.8900000000000006,0.8900000000000006
RandomForestRegressor,71,72.46,-1.4599999999999937,1.4599999999999937
RandomForestRegressor,63,64.075,-1.0750000000000028,1.0750000000000028
RandomForestRegressor,64,62.095,1.9050000000000011,1.9050000000000011
RandomForestRegressor,65,63.715,1.2849999999999966,1.2849999999999966
RandomForestRegressor,69,68.815,0.18500000000000227,0.18500000000000227
RandomForestRegressor,65,67.205,-2.2049999999999983,2.2049999999999983
RandomForestRegressor,67,66.96,0.04000000000000625,0.04000000000000625
RandomForestRegressor,69,68.76,0.23999999999999488,0.23999999999999488
RandomForestRegressor,64,65.005,-1.0049999999999955,1.0049999999999955
RandomForestRegressor,75,76.675,-1.6749999999999972,1.6749999999999972
RandomForestRegressor,60,60.81,-0.8100000000000023,0.8100000000000023
RandomForestRegressor,68,69.68,-1.6800000000000068,1.6800000000000068
RandomForestRegressor,66,66.55,-0.5499999999999972,0.5499999999999972
RandomForestRegressor,64,66.095,-2.094999999999999,2.094999999999999
RandomForestRegressor,69,69.1,-0.09999999999999432,0.09999999999999432
RandomForestRegressor,70,70.34,-0.3400000000000034,0.3400000000000034
RandomForestRegressor,68,67.9,0.09999999999999432,0.09999999999999432
RandomForestRegressor,61,60.31,0.6899999999999977,0.6899999999999977
RandomForestRegressor,66,63.82,2.1799999999999997,2.1799999999999997
RandomForestRegressor,67,68.13,-1.1299999999999955,1.1299999999999955
RandomForestRegressor,70,70.345,-0.34499999999999886,0.34499999999999886
RandomForestRegressor,75,74.55,0.45000000000000284,0.45000000000000284
RandomForestRegressor,68,66.0,2.0,2.0
RandomForestRegressor,71,70.155,0.8449999999999989,0.8449999999999989
RandomForestRegressor,89,64.09,24.909999999999997,24.909999999999997
RandomForestRegressor,69,68.43,0.5699999999999932,0.5699999999999932
RandomForestRegressor,69,69.94,-0.9399999999999977,0.9399999999999977
RandomForestRegressor,70,69.235,0.7650000000000006,0.7650000000000006
RandomForestRegressor,72,71.545,0.4549999999999983,0.4549999999999983
RandomForestRegressor,69,68.925,0.07500000000000284,0.07500000000000284
RandomForestRegressor,67,68.34,-1.3400000000000034,1.3400000000000034
RandomForestRegressor,64,63.745,0.25500000000000256,0.25500000000000256
RandomForestRegressor,66,66.335,-0.33499999999999375,0.33499999999999375
RandomForestRegressor,63,62.65,0.3500000000000014,0.3500000000000014
RandomForestRegressor,71,71.035,-0.03499999999999659,0.03499999999999659
RandomForestRegressor,64,63.0,1.0,1.0
RandomForestRegressor,95,65.63,29.370000000000005,29.370000000000005
RandomForestRegressor,62,64.56,-2.5600000000000023,2.5600000000000023
RandomForestRegressor,64,63.535,0.4650000000000034,0.4650000000000034
RandomForestRegressor,69,69.63,-0.6299999999999955,0.6299999999999955
RandomForestRegressor,70,70.425,-0.42499999999999716,0.42499999999999716
RandomForestRegressor,65,69.515,-4.515000000000001,4.515000000000001
RandomForestRegressor,65,66.34,-1.3400000000000034,1.3400000000000034
RandomForestRegressor,72,71.825,0.17499999999999716,0.17499999999999716
RandomForestRegressor,59,61.275,-2.2749999999999986,2.2749999999999986
RandomForestRegressor,66,65.175,0.8250000000000028,0.8250000000000028
RandomForestRegressor,71,70.28,0.7199999999999989,0.7199999999999989
RandomForestRegressor,67,67.75,-0.75,0.75
RandomForestRegressor,64,64.735,-0.7349999999999994,0.7349999999999994
RandomForestRegressor,63,62.115,0.884999999999998,0.884999999999998
RandomForestRegressor,66,64.925,1.0750000000000028,1.0750000000000028
RandomForestRegressor,66,67.84,-1.8400000000000034,1.8400000000000034
RandomForestRegressor,67,67.9,-0.9000000000000057,0.9000000000000057
RandomForestRegressor,66,64.615,1.3850000000000051,1.3850000000000051
RandomForestRegressor,71,71.695,-0.6949999999999932,0.6949999999999932
RandomForestRegressor,64,65.455,-1.4549999999999983,1.4549999999999983
RandomForestRegressor,74,73.66,0.3400000000000034,0.3400000000000034
RandomForestRegressor,69,69.83,-0.8299999999999983,0.8299999999999983
RandomForestRegressor,67,66.985,0.015000000000000568,0.015000000000000568
RandomForestRegressor,69,69.005,-0.0049999999999954525,0.0049999999999954525
RandomForestRegressor,65,63.915,1.0850000000000009,1.0850000000000009
RandomForestRegressor,67,68.5,-1.5,1.5
RandomForestRegressor,68,72.255,-4.2549999999999955,4.2549999999999955
RandomForestRegressor,67,67.25,-0.25,0.25
RandomForestRegressor,65,63.87,1.1300000000000026,1.1300000000000026
RandomForestRegressor,64,64.14,-0.14000000000000057,0.14000000000000057
RandomForestRegressor,68,67.24,0.7600000000000051,0.7600000000000051
RandomForestRegressor,65,64.76,0.23999999999999488,0.23999999999999488
RandomForestRegressor,69,70.325,-1.3250000000000028,1.3250000000000028
RandomForestRegressor,69,69.595,-0.5949999999999989,0.5949999999999989
RandomForestRegressor,69,70.235,-1.2349999999999994,1.2349999999999994
RandomForestRegressor,74,71.975,2.0250000000000057,2.0250000000000057
RandomForestRegressor,71,70.14,0.8599999999999994,0.8599999999999994
RandomForestRegressor,69,70.34,-1.3400000000000034,1.3400000000000034
RandomForestRegressor,67,67.8,-0.7999999999999972,0.7999999999999972
RandomForestRegressor,63,62.71,0.28999999999999915,0.28999999999999915
RandomForestRegressor,68,66.63,1.3700000000000045,1.3700000000000045
RandomForestRegressor,71,71.175,-0.17499999999999716,0.17499999999999716
RandomForestRegressor,61,61.93,-0.9299999999999997,0.9299999999999997
RandomForestRegressor,68,66.86,1.1400000000000006,1.1400000000000006
RandomForestRegressor,64,64.855,-0.855000000000004,0.855000000000004
RandomForestRegressor,66,66.645,-0.644999999999996,0.644999999999996
RandomForestRegressor,63,63.39,-0.39000000000000057,0.39000000000000057
RandomForestRegressor,66,65.98,0.01999999999999602,0.01999999999999602
RandomForestRegressor,71,70.36,0.6400000000000006,0.6400000000000006
RandomForestRegressor,66,66.13,-0.12999999999999545,0.12999999999999545
RandomForestRegressor,67,66.95,0.04999999999999716,0.04999999999999716
RandomForestRegressor,70,69.735,0.26500000000000057,0.26500000000000057
RandomForestRegressor,67,69.68,-2.680000000000007,2.680000000000007
RandomForestRegressor,66,67.155,-1.1550000000000011,1.1550000000000011
RandomForestRegressor,67,67.32,-0.3199999999999932,0.3199999999999932
RandomForestRegressor,66,64.89,1.1099999999999994,1.1099999999999994
RandomForestRegressor,63,62.98,0.020000000000003126,0.020000000000003126
RandomForestRegressor,69,67.42,1.5799999999999983,1.5799999999999983
RandomForestRegressor,67,68.52,-1.519999999999996,1.519999999999996
RandomForestRegressor,69,69.84,-0.8400000000000034,0.8400000000000034
RandomForestRegressor,68,67.93,0.06999999999999318,0.06999999999999318
RandomForestRegressor,72,70.35,1.6500000000000057,1.6500000000000057
RandomForestRegressor,68,66.375,1.625,1.625
RandomForestRegressor,68,68.53,-0.5300000000000011,0.5300000000000011
RandomForestRegressor,64,64.405,-0.40500000000000114,0.40500000000000114
RandomForestRegressor,68,67.65,0.3499999999999943,0.3499999999999943
RandomForestRegressor,63,62.76,0.240000000000002,0.240000000000002
RandomForestRegressor,70,69.045,0.9549999999999983,0.9549999999999983
RandomForestRegressor,64,64.2,-0.20000000000000284,0.20000000000000284
RandomForestRegressor,65,65.765,-0.7650000000000006,0.7650000000000006
RandomForestRegressor,63,63.6,-0.6000000000000014,0.6000000000000014
RandomForestRegressor,70,70.105,-0.10500000000000398,0.10500000000000398
RandomForestRegressor,68,67.775,0.22499999999999432,0.22499999999999432
RandomForestRegressor,70,70.385,-0.3850000000000051,0.3850000000000051
RandomForestRegressor,65,65.24,-0.23999999999999488,0.23999999999999488
RandomForestRegressor,67,66.23,0.769999999999996,0.769999999999996
RandomForestRegressor,71,70.29,0.7099999999999937,0.7099999999999937
RandomForestRegressor,68,68.355,-0.355000000000004,0.355000000000004
RandomForestRegressor,69,68.315,0.6850000000000023,0.6850000000000023
RandomForestRegressor,71,71.79,-0.7900000000000063,0.7900000000000063
RandomForestRegressor,69,66.5,2.5,2.5
RandomForestRegressor,60,63.46,-3.460000000000001,3.460000000000001
RandomForestRegressor,73,73.415,-0.41500000000000625,0.41500000000000625
RandomForestRegressor,65,66.595,-1.5949999999999989,1.5949999999999989
RandomForestRegressor,68,68.785,-0.7849999999999966,0.7849999999999966
RandomForestRegressor,65,65.91,-0.9099999999999966,0.9099999999999966
RandomForestRegressor,63,63.595,-0.5949999999999989,0.5949999999999989
RandomForestRegressor,66,66.125,-0.125,0.125
RandomForestRegressor,63,62.145,0.8549999999999969,0.8549999999999969
RandomForestRegressor,68,69.55,-1.5499999999999972,1.5499999999999972
RandomForestRegressor,63,62.01,0.990000000000002,0.990000000000002
RandomForestRegressor,71,71.835,-0.8349999999999937,0.8349999999999937
RandomForestRegressor,64,64.895,-0.894999999999996,0.894999999999996
RandomForestRegressor,69,69.66,-0.6599999999999966,0.6599999999999966
RandomForestRegressor,63,63.245,-0.24499999999999744,0.24499999999999744
RandomForestRegressor,62,65.045,-3.0450000000000017,3.0450000000000017
RandomForestRegressor,63,64.245,-1.2450000000000045,1.2450000000000045
RandomForestRegressor,68,67.87,0.12999999999999545,0.12999999999999545
RandomForestRegressor,68,67.385,0.6149999999999949,0.6149999999999949
RandomForestRegressor,65,63.995,1.0050000000000026,1.0050000000000026
RandomForestRegressor,71,70.04,0.9599999999999937,0.9599999999999937
RandomForestRegressor,66,66.44,-0.4399999999999977,0.4399999999999977
RandomForestRegressor,67,67.14,-0.14000000000000057,0.14000000000000057
RandomForestRegressor,64,64.18,-0.18000000000000682,0.18000000000000682
RandomForestRegressor,71,70.605,0.394999999999996,0.394999999999996
RandomForestRegressor,65,65.47,-0.46999999999999886,0.46999999999999886
RandomForestRegressor,61,63.4,-2.3999999999999986,2.3999999999999986
RandomForestRegressor,62,63.18,-1.1799999999999997,1.1799999999999997
RandomForestRegressor,71,69.93,1.0699999999999932,1.0699999999999932
RandomForestRegressor,56,59.645,-3.645000000000003,3.645000000000003
RandomForestRegressor,64,64.135,-0.13500000000000512,0.13500000000000512
RandomForestRegressor,61,59.995,1.0050000000000026,1.0050000000000026
RandomForestRegressor,64,63.405,0.5949999999999989,0.5949999999999989
RandomForestRegressor,66,67.34,-1.3400000000000034,1.3400000000000034
RandomForestRegressor,71,68.71,2.2900000000000063,2.2900000000000063
RandomForestRegressor,67,67.845,-0.8449999999999989,0.8449999999999989
RandomForestRegressor,70,69.86,0.14000000000000057,0.14000000000000057
RandomForestRegressor,67,69.285,-2.2849999999999966,2.2849999999999966
RandomForestRegressor,71,70.935,0.06499999999999773,0.06499999999999773
RandomForestRegressor,70,69.875,0.125,0.125
RandomForestRegressor,64,65.09,-1.0900000000000034,1.0900000000000034
RandomForestRegressor,65,62.91,2.0900000000000034,2.0900000000000034
RandomForestRegressor,65,63.525,1.4750000000000014,1.4750000000000014
RandomForestRegressor,68,67.8,0.20000000000000284,0.20000000000000284
RandomForestRegressor,65,65.125,-0.125,0.125
RandomForestRegressor,65,65.225,-0.22499999999999432,0.22499999999999432
RandomForestRegressor,67,69.775,-2.7750000000000057,2.7750000000000057
RandomForestRegressor,65,65.17,-0.1700000000000017,0.1700000000000017
RandomForestRegressor,65,64.775,0.22499999999999432,0.22499999999999432
RandomForestRegressor,64,63.995,0.005000000000002558,0.005000000000002558
RandomForestRegressor,70,70.49,-0.4899999999999949,0.4899999999999949
RandomForestRegressor,58,61.17,-3.1700000000000017,3.1700000000000017
RandomForestRegressor,67,67.88,-0.8799999999999955,0.8799999999999955
RandomForestRegressor,68,68.345,-0.34499999999999886,0.34499999999999886
RandomForestRegressor,67,69.5,-2.5,2.5
RandomForestRegressor,68,67.42,0.5799999999999983,0.5799999999999983
RandomForestRegressor,68,66.59,1.4099999999999966,1.4099999999999966
RandomForestRegressor,64,63.86,0.14000000000000057,0.14000000000000057
RandomForestRegressor,72,71.195,0.8050000000000068,0.8050000000000068
RandomForestRegressor,65,64.695,0.3050000000000068,0.3050000000000068
RandomForestRegressor,70,68.365,1.6350000000000051,1.6350000000000051
RandomForestRegressor,64,63.945,0.054999999999999716,0.054999999999999716
RandomForestRegressor,71,70.685,0.3149999999999977,0.3149999999999977
RandomForestRegressor,73,71.285,1.7150000000000034,1.7150000000000034
RandomForestRegressor,66,66.33,-0.3299999999999983,0.3299999999999983
RandomForestRegressor,66,64.115,1.8850000000000051,1.8850000000000051
RandomForestRegressor,70,69.19,0.8100000000000023,0.8100000000000023
RandomForestRegressor,65,65.135,-0.13500000000000512,0.13500000000000512
RandomForestRegressor,72,73.265,-1.2650000000000006,1.2650000000000006
RandomForestRegressor,65,66.465,-1.4650000000000034,1.4650000000000034
RandomForestRegressor,69,67.12,1.8799999999999955,1.8799999999999955
RandomForestRegressor,67,66.86,0.14000000000000057,0.14000000000000057
RandomForestRegressor,64,64.01,-0.010000000000005116,0.010000000000005116
RandomForestRegressor,64,67.25,-3.25,3.25
RandomForestRegressor,66,66.715,-0.7150000000000034,0.7150000000000034
RandomForestRegressor,65,64.775,0.22499999999999432,0.22499999999999432
RandomForestRegressor,65,64.83,0.1700000000000017,0.1700000000000017
RandomForestRegressor,66,68.11,-2.1099999999999994,2.1099999999999994
RandomForestRegressor,63,66.355,-3.355000000000004,3.355000000000004
RandomForestRegressor,67,66.885,0.11499999999999488,0.11499999999999488
RandomForestRegressor,71,71.22,-0.21999999999999886,0.21999999999999886
RandomForestRegressor,63,64.075,-1.0750000000000028,1.0750000000000028
RandomForestRegressor,71,71.48,-0.480000000000004,0.480000000000004
RandomForestRegressor,64,62.625,1.375,1.375
RandomForestRegressor,64,66.87,-2.8700000000000045,2.8700000000000045
RandomForestRegressor,65,66.18,-1.1800000000000068,1.1800000000000068
RandomForestRegressor,69,68.34,0.6599999999999966,0.6599999999999966
RandomForestRegressor,71,69.675,1.3250000000000028,1.3250000000000028
RandomForestRegressor,64,63.925,0.07500000000000284,0.07500000000000284
RandomForestRegressor,67,68.02,-1.019999999999996,1.019999999999996
RandomForestRegressor,63,63.35,-0.3500000000000014,0.3500000000000014
RandomForestRegressor,69,67.9,1.0999999999999943,1.0999999999999943
RandomForestRegressor,64,65.27,-1.269999999999996,1.269999999999996
RandomForestRegressor,70,68.99,1.0100000000000051,1.0100000000000051
RandomForestRegressor,69,68.395,0.605000000000004,0.605000000000004
RandomForestRegressor,69,69.585,-0.5849999999999937,0.5849999999999937
RandomForestRegressor,66,64.9,1.0999999999999943,1.0999999999999943
RandomForestRegressor,68,72.53,-4.530000000000001,4.530000000000001
RandomForestRegressor,66,65.56,0.4399999999999977,0.4399999999999977
RandomForestRegressor,62,61.57,0.4299999999999997,0.4299999999999997
RandomForestRegressor,67,67.7,-0.7000000000000028,0.7000000000000028
RandomForestRegressor,67,65.75,1.25,1.25
RandomForestRegressor,63,61.99,1.009999999999998,1.009999999999998
RandomForestRegressor,64,64.865,-0.8649999999999949,0.8649999999999949
RandomForestRegressor,64,64.81,-0.8100000000000023,0.8100000000000023
RandomForestRegressor,66,64.83,1.1700000000000017,1.1700000000000017
RandomForestRegressor,69,69.255,-0.25499999999999545,0.25499999999999545
RandomForestRegressor,66,66.4,-0.4000000000000057,0.4000000000000057
RandomForestRegressor,64,66.305,-2.305000000000007,2.305000000000007
RandomForestRegressor,69,69.405,-0.40500000000000114,0.40500000000000114
RandomForestRegressor,66,66.735,-0.7349999999999994,0.7349999999999994
RandomForestRegressor,70,67.885,2.114999999999995,2.114999999999995
RandomForestRegressor,74,73.79,0.20999999999999375,0.20999999999999375
RandomForestRegressor,67,67.165,-0.16500000000000625,0.16500000000000625
RandomForestRegressor,68,69.805,-1.8050000000000068,1.8050000000000068
RandomForestRegressor,67,65.89,1.1099999999999994,1.1099999999999994
RandomForestRegressor,65,66.78,-1.7800000000000011,1.7800000000000011
RandomForestRegressor,65,65.615,-0.6149999999999949,0.6149999999999949
RandomForestRegressor,72,71.375,0.625,0.625
RandomForestRegressor,67,66.15,0.8499999999999943,0.8499999999999943
RandomForestRegressor,65,69.225,-4.224999999999994,4.224999999999994
RandomForestRegressor,65,65.74,-0.7399999999999949,0.7399999999999949
RandomForestRegressor,63,63.92,-0.9200000000000017,0.9200000000000017
RandomForestRegressor,68,66.165,1.8349999999999937,1.8349999999999937
RandomForestRegressor,92,65.62,26.379999999999995,26.379999999999995
RandomForestRegressor,67,67.265,-0.26500000000000057,0.26500000000000057
RandomForestRegressor,68,67.09,0.9099999999999966,0.9099999999999966
RandomForestRegressor,63,64.855,-1.855000000000004,1.855000000000004
RandomForestRegressor,62,62.045,-0.045000000000001705,0.045000000000001705
RandomForestRegressor,67,68.14,-1.1400000000000006,1.1400000000000006
RandomForestRegressor,65,66.135,-1.1350000000000051,1.1350000000000051
RandomForestRegressor,72,69.595,2.405000000000001,2.405000000000001
RandomForestRegressor,68,68.455,-0.4549999999999983,0.4549999999999983
RandomForestRegressor,65,67.07,-2.069999999999993,2.069999999999993
RandomForestRegressor,63,63.69,-0.6899999999999977,0.6899999999999977
RandomForestRegressor,65,66.195,-1.1949999999999932,1.1949999999999932
RandomForestRegressor,67,70.195,-3.194999999999993,3.194999999999993
RandomForestRegressor,62,62.045,-0.045000000000001705,0.045000000000001705
RandomForestRegressor,68,69.16,-1.1599999999999966,1.1599999999999966
RandomForestRegressor,70,70.41,-0.4099999999999966,0.4099999999999966
RandomForestRegressor,66,68.275,-2.2750000000000057,2.2750000000000057
RandomForestRegressor,70,70.83,-0.8299999999999983,0.8299999999999983
RandomForestRegressor,64,64.14,-0.14000000000000057,0.14000000000000057
RandomForestRegressor,65,66.14,-1.1400000000000006,1.1400000000000006
RandomForestRegressor,64,64.585,-0.5849999999999937,0.5849999999999937
RandomForestRegressor,65,65.35,-0.3499999999999943,0.3499999999999943
RandomForestRegressor,68,66.995,1.0049999999999955,1.0049999999999955
RandomForestRegressor,65,67.245,-2.2450000000000045,2.2450000000000045
RandomForestRegressor,64,64.11,-0.10999999999999943,0.10999999999999943
RandomForestRegressor,63,63.65,-0.6499999999999986,0.6499999999999986
RandomForestRegressor,72,71.05,0.9500000000000028,0.9500000000000028
RandomForestRegressor,74,71.78,2.219999999999999,2.219999999999999
RandomForestRegressor,71,71.445,-0.4449999999999932,0.4449999999999932
RandomForestRegressor,65,66.3,-1.2999999999999972,1.2999999999999972
RandomForestRegressor,67,67.15,-0.15000000000000568,0.15000000000000568
RandomForestRegressor,69,68.215,0.7849999999999966,0.7849999999999966
RandomForestRegressor,68,67.39,0.6099999999999994,0.6099999999999994
RandomForestRegressor,67,67.685,-0.6850000000000023,0.6850000000000023
RandomForestRegressor,66,67.355,-1.355000000000004,1.355000000000004
RandomForestRegressor,70,70.145,-0.14499999999999602,0.14499999999999602
RandomForestRegressor,63,62.69,0.3100000000000023,0.3100000000000023
RandomForestRegressor,70,70.475,-0.4749999999999943,0.4749999999999943
RandomForestRegressor,71,72.385,-1.3850000000000051,1.3850000000000051
RandomForestRegressor,68,70.13,-2.1299999999999955,2.1299999999999955
RandomForestRegressor,66,67.15,-1.1500000000000057,1.1500000000000057
RandomForestRegressor,68,68.22,-0.21999999999999886,0.21999999999999886
RandomForestRegressor,69,69.445,-0.4449999999999932,0.4449999999999932
RandomForestRegressor,65,65.675,-0.6749999999999972,0.6749999999999972
RandomForestRegressor,67,66.16,0.8400000000000034,0.8400000000000034
RandomForestRegressor,72,70.8,1.2000000000000028,1.2000000000000028
RandomForestRegressor,71,71.225,-0.22499999999999432,0.22499999999999432
RandomForestRegressor,63,62.82,0.17999999999999972,0.17999999999999972
RandomForestRegressor,64,63.74,0.259999999999998,0.259999999999998
RandomForestRegressor,65,64.86,0.14000000000000057,0.14000000000000057
RandomForestRegressor,68,68.425,-0.42499999999999716,0.42499999999999716
RandomForestRegressor,61,63.22,-2.219999999999999,2.219999999999999
RandomForestRegressor,69,70.53,-1.5300000000000011,1.5300000000000011
RandomForestRegressor,62,60.86,1.1400000000000006,1.1400000000000006
RandomForestRegressor,67,68.42,-1.4200000000000017,1.4200000000000017
RandomForestRegressor,72,70.82,1.1800000000000068,1.1800000000000068
RandomForestRegressor,66,64.85,1.1500000000000057,1.1500000000000057
RandomForestRegressor,70,69.715,0.2849999999999966,0.2849999999999966
RandomForestRegressor,66,64.58,1.4200000000000017,1.4200000000000017
RandomForestRegressor,68,68.12,-0.12000000000000455,0.12000000000000455
RandomForestRegressor,69,67.98,1.019999999999996,1.019999999999996
RandomForestRegressor,68,66.2,1.7999999999999972,1.7999999999999972
RandomForestRegressor,64,65.265,-1.2650000000000006,1.2650000000000006
RandomForestRegressor,68,68.495,-0.49500000000000455,0.49500000000000455
RandomForestRegressor,67,66.915,0.08499999999999375,0.08499999999999375
RandomForestRegressor,64,64.035,-0.03499999999999659,0.03499999999999659
RandomForestRegressor,68,75.04,-7.040000000000006,7.040000000000006
RandomForestRegressor,70,68.81,1.1899999999999977,1.1899999999999977
RandomForestRegressor,65,65.065,-0.06499999999999773,0.06499999999999773
RandomForestRegressor,72,72.885,-0.8850000000000051,0.8850000000000051
RandomForestRegressor,63,62.955,0.045000000000001705,0.045000000000001705
RandomForestRegressor,70,70.39,-0.39000000000000057,0.39000000000000057
RandomForestRegressor,68,66.955,1.0450000000000017,1.0450000000000017
RandomForestRegressor,62,62.705,-0.7049999999999983,0.7049999999999983
RandomForestRegressor,63,63.86,-0.8599999999999994,0.8599999999999994
RandomForestRegressor,71,71.98,-0.980000000000004,0.980000000000004
RandomForestRegressor,64,64.275,-0.2750000000000057,0.2750000000000057
RandomForestRegressor,62,61.76,0.240000000000002,0.240000000000002
RandomForestRegressor,62,62.19,-0.18999999999999773,0.18999999999999773
RandomForestRegressor,62,62.485,-0.48499999999999943,0.48499999999999943
RandomForestRegressor,61,61.165,-0.16499999999999915,0.16499999999999915
RandomForestRegressor,61,60.8,0.20000000000000284,0.20000000000000284
RandomForestRegressor,70,69.08,0.9200000000000017,0.9200000000000017
RandomForestRegressor,70,68.44,1.5600000000000023,1.5600000000000023
RandomForestRegressor,58,58.755,-0.7550000000000026,0.7550000000000026
RandomForestRegressor,61,64.28,-3.280000000000001,3.280000000000001
RandomForestRegressor,67,66.205,0.7950000000000017,0.7950000000000017
RandomForestRegressor,97,72.68,24.319999999999993,24.319999999999993
RandomForestRegressor,61,65.785,-4.784999999999997,4.784999999999997
RandomForestRegressor,61,62.81,-1.8100000000000023,1.8100000000000023
RandomForestRegressor,72,69.865,2.135000000000005,2.135000000000005
RandomForestRegressor,70,69.495,0.5049999999999955,0.5049999999999955
RandomForestRegressor,68,71.58,-3.5799999999999983,3.5799999999999983
RandomForestRegressor,68,67.82,0.18000000000000682,0.18000000000000682
RandomForestRegressor,63,61.795,1.2049999999999983,1.2049999999999983
RandomForestRegressor,61,62.485,-1.4849999999999994,1.4849999999999994
RandomForestRegressor,73,71.17,1.8299999999999983,1.8299999999999983
RandomForestRegressor,69,71.225,-2.2249999999999943,2.2249999999999943
RandomForestRegressor,71,69.835,1.1650000000000063,1.1650000000000063
RandomForestRegressor,64,64.71,-0.7099999999999937,0.7099999999999937
RandomForestRegressor,65,64.135,0.8649999999999949,0.8649999999999949
RandomForestRegressor,61,63.445,-2.4450000000000003,2.4450000000000003
RandomForestRegressor,70,69.295,0.7049999999999983,0.7049999999999983
RandomForestRegressor,66,65.06,0.9399999999999977,0.9399999999999977
RandomForestRegressor,68,64.76,3.239999999999995,3.239999999999995
RandomForestRegressor,70,69.655,0.34499999999999886,0.34499999999999886
RandomForestRegressor,64,65.675,-1.6749999999999972,1.6749999999999972
RandomForestRegressor,71,70.395,0.605000000000004,0.605000000000004
RandomForestRegressor,69,68.785,0.2150000000000034,0.2150000000000034
RandomForestRegressor,70,70.78,-0.7800000000000011,0.7800000000000011
RandomForestRegressor,68,66.655,1.3449999999999989,1.3449999999999989
RandomForestRegressor,67,66.825,0.17499999999999716,0.17499999999999716
RandomForestRegressor,65,65.36,-0.35999999999999943,0.35999999999999943
RandomForestRegressor,69,69.16,-0.1599999999999966,0.1599999999999966
RandomForestRegressor,69,68.775,0.22499999999999432,0.22499999999999432
RandomForestRegressor,65,73.125,-8.125,8.125
RandomForestRegressor,70,70.775,-0.7750000000000057,0.7750000000000057
RandomForestRegressor,72,70.885,1.1149999999999949,1.1149999999999949
RandomForestRegressor,67,66.82,0.18000000000000682,0.18000000000000682
RandomForestRegressor,67,67.155,-0.15500000000000114,0.15500000000000114
RandomForestRegressor,71,70.725,0.2750000000000057,0.2750000000000057
RandomForestRegressor,64,64.825,-0.8250000000000028,0.8250000000000028
RandomForestRegressor,59,60.835,-1.8350000000000009,1.8350000000000009
RandomForestRegressor,69,70.45,-1.4500000000000028,1.4500000000000028
RandomForestRegressor,62,61.155,0.8449999999999989,0.8449999999999989
RandomForestRegressor,64,63.105,0.8950000000000031,0.8950000000000031
RandomForestRegressor,75,81.25,-6.25,6.25
RandomForestRegressor,66,67.75,-1.75,1.75
RandomForestRegressor,70,70.255,-0.25499999999999545,0.25499999999999545
RandomForestRegressor,65,66.255,-1.2549999999999955,1.2549999999999955
RandomForestRegressor,68,67.665,0.33499999999999375,0.33499999999999375
RandomForestRegressor,66,65.325,0.6749999999999972,0.6749999999999972
RandomForestRegressor,67,67.875,-0.875,0.875
RandomForestRegressor,67,68.05,-1.0499999999999972,1.0499999999999972
RandomForestRegressor,67,67.005,-0.0049999999999954525,0.0049999999999954525
RandomForestRegressor,70,71.4,-1.4000000000000057,1.4000000000000057
RandomForestRegressor,63,61.79,1.2100000000000009,1.2100000000000009
RandomForestRegressor,66,67.33,-1.3299999999999983,1.3299999999999983
RandomForestRegressor,70,68.66,1.3400000000000034,1.3400000000000034
RandomForestRegressor,72,70.805,1.1949999999999932,1.1949999999999932
RandomForestRegressor,66,67.16,-1.1599999999999966,1.1599999999999966
RandomForestRegressor,65,64.005,0.9950000000000045,0.9950000000000045
RandomForestRegressor,65,61.44,3.5600000000000023,3.5600000000000023
RandomForestRegressor,65,65.93,-0.9300000000000068,0.9300000000000068
RandomForestRegressor,69,66.375,2.625,2.625
RandomForestRegressor,72,69.25,2.75,2.75
RandomForestRegressor,65,65.36,-0.35999999999999943,0.35999999999999943
RandomForestRegressor,66,65.03,0.9699999999999989,0.9699999999999989
RandomForestRegressor,68,70.23,-2.230000000000004,2.230000000000004
RandomForestRegressor,67,67.525,-0.5250000000000057,0.5250000000000057
RandomForestRegressor,65,64.81,0.18999999999999773,0.18999999999999773
RandomForestRegressor,65,63.595,1.4050000000000011,1.4050000000000011
RandomForestRegressor,74,72.015,1.9849999999999994,1.9849999999999994
RandomForestRegressor,63,64.61,-1.6099999999999994,1.6099999999999994
RandomForestRegressor,65,67.0,-2.0,2.0
RandomForestRegressor,63,64.915,-1.9150000000000063,1.9150000000000063
RandomForestRegressor,63,64.92,-1.9200000000000017,1.9200000000000017
RandomForestRegressor,63,63.975,-0.9750000000000014,0.9750000000000014
RandomForestRegressor,67,66.41,0.5900000000000034,0.5900000000000034
RandomForestRegressor,61,62.345,-1.3449999999999989,1.3449999999999989
RandomForestRegressor,62,64.755,-2.7549999999999955,2.7549999999999955
RandomForestRegressor,62,65.395,-3.394999999999996,3.394999999999996
RandomForestRegressor,70,69.39,0.6099999999999994,0.6099999999999994
RandomForestRegressor,66,65.27,0.730000000000004,0.730000000000004
RandomForestRegressor,64,64.885,-0.8850000000000051,0.8850000000000051
RandomForestRegressor,61,62.905,-1.9050000000000011,1.9050000000000011
RandomForestRegressor,68,68.595,-0.5949999999999989,0.5949999999999989
RandomForestRegressor,65,64.345,0.6550000000000011,0.6550000000000011
RandomForestRegressor,62,62.98,-0.9799999999999969,0.9799999999999969
RandomForestRegressor,67,67.705,-0.7049999999999983,0.7049999999999983
RandomForestRegressor,67,66.235,0.7650000000000006,0.7650000000000006
RandomForestRegressor,69,67.955,1.0450000000000017,1.0450000000000017
RandomForestRegressor,65,63.295,1.7049999999999983,1.7049999999999983
RandomForestRegressor,62,61.51,0.490000000000002,0.490000000000002
RandomForestRegressor,70,68.505,1.4950000000000045,1.4950000000000045
RandomForestRegressor,69,69.675,-0.6749999999999972,0.6749999999999972
RandomForestRegressor,70,71.085,-1.0849999999999937,1.0849999999999937
RandomForestRegressor,69,69.15,-0.15000000000000568,0.15000000000000568
RandomForestRegressor,70,70.02,-0.01999999999999602,0.01999999999999602
RandomForestRegressor,66,66.015,-0.015000000000000568,0.015000000000000568
RandomForestRegressor,66,67.695,-1.6949999999999932,1.6949999999999932
RandomForestRegressor,64,64.25,-0.25,0.25
RandomForestRegressor,66,65.26,0.7399999999999949,0.7399999999999949
RandomForestRegressor,68,68.79,-0.7900000000000063,0.7900000000000063
RandomForestRegressor,66,66.21,-0.20999999999999375,0.20999999999999375
RandomForestRegressor,65,64.55,0.45000000000000284,0.45000000000000284
RandomForestRegressor,69,68.91,0.09000000000000341,0.09000000000000341
RandomForestRegressor,68,67.885,0.11499999999999488,0.11499999999999488
RandomForestRegressor,70,69.04,0.9599999999999937,0.9599999999999937
RandomForestRegressor,67,66.185,0.8149999999999977,0.8149999999999977
RandomForestRegressor,61,62.13,-1.1300000000000026,1.1300000000000026
RandomForestRegressor,66,64.73,1.269999999999996,1.269999999999996
RandomForestRegressor,65,65.495,-0.49500000000000455,0.49500000000000455
RandomForestRegressor,66,64.605,1.394999999999996,1.394999999999996
RandomForestRegressor,66,66.445,-0.4449999999999932,0.4449999999999932
RandomForestRegressor,61,68.0,-7.0,7.0
RandomForestRegressor,70,71.5,-1.5,1.5
RandomForestRegressor,72,71.275,0.7249999999999943,0.7249999999999943
RandomForestRegressor,67,67.85,-0.8499999999999943,0.8499999999999943
RandomForestRegressor,67,67.105,-0.10500000000000398,0.10500000000000398
RandomForestRegressor,68,68.685,-0.6850000000000023,0.6850000000000023
RandomForestRegressor,74,73.29,0.7099999999999937,0.7099999999999937
RandomForestRegressor,68,67.375,0.625,0.625
RandomForestRegressor,70,69.065,0.9350000000000023,0.9350000000000023
RandomForestRegressor,65,66.635,-1.6350000000000051,1.6350000000000051
RandomForestRegressor,71,69.93,1.0699999999999932,1.0699999999999932
RandomForestRegressor,66,66.91,-0.9099999999999966,0.9099999999999966
RandomForestRegressor,67,69.215,-2.2150000000000034,2.2150000000000034
RandomForestRegressor,68,66.28,1.7199999999999989,1.7199999999999989
RandomForestRegressor,63,64.415,-1.4150000000000063,1.4150000000000063
RandomForestRegressor,68,68.89,-0.8900000000000006,0.8900000000000006
RandomForestRegressor,61,60.835,0.16499999999999915,0.16499999999999915
RandomForestRegressor,68,68.71,-0.7099999999999937,0.7099999999999937
RandomForestRegressor,65,65.5,-0.5,0.5
RandomForestRegressor,62,61.9,0.10000000000000142,0.10000000000000142
RandomForestRegressor,66,66.01,-0.010000000000005116,0.010000000000005116
RandomForestRegressor,67,66.655,0.34499999999999886,0.34499999999999886
RandomForestRegressor,67,66.425,0.5750000000000028,0.5750000000000028
RandomForestRegressor,72,70.195,1.8050000000000068,1.8050000000000068
RandomForestRegressor,71,70.43,0.5699999999999932,0.5699999999999932
RandomForestRegressor,68,68.11,-0.10999999999999943,0.10999999999999943
RandomForestRegressor,64,64.63,-0.6299999999999955,0.6299999999999955
RandomForestRegressor,67,67.86,-0.8599999999999994,0.8599999999999994
RandomForestRegressor,64,69.7,-5.700000000000003,5.700000000000003
RandomForestRegressor,64,64.55,-0.5499999999999972,0.5499999999999972
RandomForestRegressor,71,71.175,-0.17499999999999716,0.17499999999999716
RandomForestRegressor,67,66.88,0.12000000000000455,0.12000000000000455
RandomForestRegressor,75,73.6,1.4000000000000057,1.4000000000000057
RandomForestRegressor,60,59.825,0.17499999999999716,0.17499999999999716
RandomForestRegressor,59,58.86,0.14000000000000057,0.14000000000000057
RandomForestRegressor,65,65.56,-0.5600000000000023,0.5600000000000023
RandomForestRegressor,72,71.765,0.23499999999999943,0.23499999999999943
RandomForestRegressor,65,64.5,0.5,0.5
RandomForestRegressor,69,65.935,3.0649999999999977,3.0649999999999977
RandomForestRegressor,62,65.445,-3.444999999999993,3.444999999999993
RandomForestRegressor,64,63.43,0.5700000000000003,0.5700000000000003
RandomForestRegressor,73,72.005,0.9950000000000045,0.9950000000000045
RandomForestRegressor,64,64.21,-0.20999999999999375,0.20999999999999375
RandomForestRegressor,64,63.135,0.865000000000002,0.865000000000002
RandomForestRegressor,68,66.35,1.6500000000000057,1.6500000000000057
RandomForestRegressor,68,67.95,0.04999999999999716,0.04999999999999716
RandomForestRegressor,71,72.185,-1.1850000000000023,1.1850000000000023
RandomForestRegressor,64,63.415,0.5850000000000009,0.5850000000000009
RandomForestRegressor,70,70.24,-0.23999999999999488,0.23999999999999488
RandomForestRegressor,66,65.37,0.6299999999999955,0.6299999999999955
RandomForestRegressor,62,63.725,-1.7250000000000014,1.7250000000000014
RandomForestRegressor,68,69.71,-1.7099999999999937,1.7099999999999937
RandomForestRegressor,66,65.595,0.40500000000000114,0.40500000000000114
RandomForestRegressor,72,72.185,-0.18500000000000227,0.18500000000000227
RandomForestRegressor,74,72.68,1.3199999999999932,1.3199999999999932
RandomForestRegressor,67,68.35,-1.3499999999999943,1.3499999999999943
RandomForestRegressor,66,65.885,0.11499999999999488,0.11499999999999488
RandomForestRegressor,73,72.715,0.2849999999999966,0.2849999999999966
RandomForestRegressor,67,68.79,-1.7900000000000063,1.7900000000000063
RandomForestRegressor,64,64.47,-0.46999999999999886,0.46999999999999886
RandomForestRegressor,68,67.52,0.480000000000004,0.480000000000004
RandomForestRegressor,68,68.47,-0.46999999999999886,0.46999999999999886
RandomForestRegressor,71,71.86,-0.8599999999999994,0.8599999999999994
RandomForestRegressor,64,63.845,0.15500000000000114,0.15500000000000114
RandomForestRegressor,94,70.43,23.569999999999993,23.569999999999993
RandomForestRegressor,63,64.165,-1.1650000000000063,1.1650000000000063
RandomForestRegressor,63,65.605,-2.605000000000004,2.605000000000004
RandomForestRegressor,61,60.11,0.8900000000000006,0.8900000000000006
RandomForestRegressor,70,71.21,-1.2099999999999937,1.2099999999999937
RandomForestRegressor,66,68.475,-2.4749999999999943,2.4749999999999943
RandomForestRegressor,59,60.305,-1.3049999999999997,1.3049999999999997
RandomForestRegressor,64,66.415,-2.4150000000000063,2.4150000000000063
RandomForestRegressor,67,68.11,-1.1099999999999994,1.1099999999999994
RandomForestRegressor,69,68.58,0.4200000000000017,0.4200000000000017
RandomForestRegressor,66,65.91,0.09000000000000341,0.09000000000000341
RandomForestRegressor,68,66.81,1.1899999999999977,1.1899999999999977
RandomForestRegressor,65,64.21,0.7900000000000063,0.7900000000000063
RandomForestRegressor,58,61.125,-3.125,3.125
RandomForestRegressor,70,69.985,0.015000000000000568,0.015000000000000568
RandomForestRegressor,69,71.975,-2.9749999999999943,2.9749999999999943
RandomForestRegressor,65,63.755,1.2449999999999974,1.2449999999999974
RandomForestRegressor,75,74.345,0.6550000000000011,0.6550000000000011
RandomForestRegressor,66,64.425,1.5750000000000028,1.5750000000000028
RandomForestRegressor,66,62.95,3.049999999999997,3.049999999999997
RandomForestRegressor,73,71.35,1.6500000000000057,1.6500000000000057
RandomForestRegressor,66,66.69,-0.6899999999999977,0.6899999999999977
RandomForestRegressor,61,61.92,-0.9200000000000017,0.9200000000000017
RandomForestRegressor,69,69.95,-0.9500000000000028,0.9500000000000028
RandomForestRegressor,70,69.73,0.269999999999996,0.269999999999996
RandomForestRegressor,70,70.545,-0.5450000000000017,0.5450000000000017
RandomForestRegressor,63,63.53,-0.5300000000000011,0.5300000000000011
RandomForestRegressor,70,68.665,1.3349999999999937,1.3349999999999937
RandomForestRegressor,64,64.16,-0.1599999999999966,0.1599999999999966
RandomForestRegressor,64,61.955,2.0450000000000017,2.0450000000000017
RandomForestRegressor,67,65.59,1.4099999999999966,1.4099999999999966
RandomForestRegressor,66,65.835,0.16500000000000625,0.16500000000000625
RandomForestRegressor,65,71.005,-6.0049999999999955,6.0049999999999955
RandomForestRegressor,61,62.375,-1.375,1.375
RandomForestRegressor,73,72.0,1.0,1.0
RandomForestRegressor,67,66.655,0.34499999999999886,0.34499999999999886
RandomForestRegressor,71,70.195,0.8050000000000068,0.8050000000000068
RandomForestRegressor,61,61.135,-0.134999999999998,0.134999999999998
RandomForestRegressor,67,67.895,-0.894999999999996,0.894999999999996
RandomForestRegressor,65,65.17,-0.1700000000000017,0.1700000000000017
RandomForestRegressor,68,68.735,-0.7349999999999994,0.7349999999999994
RandomForestRegressor,66,65.105,0.894999999999996,0.894999999999996
RandomForestRegressor,70,69.86,0.14000000000000057,0.14000000000000057
RandomForestRegressor,70,71.175,-1.1749999999999972,1.1749999999999972
RandomForestRegressor,72,72.975,-0.9749999999999943,0.9749999999999943
RandomForestRegressor,70,71.49,-1.4899999999999949,1.4899999999999949
RandomForestRegressor,64,63.885,0.11500000000000199,0.11500000000000199
RandomForestRegressor,65,63.73,1.2700000000000031,1.2700000000000031
RandomForestRegressor,66,66.355,-0.355000000000004,0.355000000000004
RandomForestRegressor,65,64.665,0.33499999999999375,0.33499999999999375
RandomForestRegressor,64,63.485,0.5150000000000006,0.5150000000000006
RandomForestRegressor,66,66.46,-0.45999999999999375,0.45999999999999375
RandomForestRegressor,69,69.51,-0.5100000000000051,0.5100000000000051
RandomForestRegressor,62,65.565,-3.5649999999999977,3.5649999999999977
RandomForestRegressor,69,69.665,-0.6650000000000063,0.6650000000000063
RandomForestRegressor,67,68.73,-1.730000000000004,1.730000000000004
RandomForestRegressor,67,66.38,0.6200000000000045,0.6200000000000045
RandomForestRegressor,69,70.5,-1.5,1.5
RandomForestRegressor,71,69.295,1.7049999999999983,1.7049999999999983
RandomForestRegressor,63,62.345,0.6550000000000011,0.6550000000000011
RandomForestRegressor,66,66.145,-0.14499999999999602,0.14499999999999602
RandomForestRegressor,63,64.275,-1.2750000000000057,1.2750000000000057
RandomForestRegressor,68,64.855,3.144999999999996,3.144999999999996
RandomForestRegressor,68,68.09,-0.09000000000000341,0.09000000000000341
RandomForestRegressor,69,68.105,0.894999999999996,0.894999999999996
RandomForestRegressor,67,67.445,-0.4449999999999932,0.4449999999999932
RandomForestRegressor,64,62.62,1.3800000000000026,1.3800000000000026
RandomForestRegressor,65,65.69,-0.6899999999999977,0.6899999999999977
RandomForestRegressor,72,71.045,0.9549999999999983,0.9549999999999983
RandomForestRegressor,66,67.29,-1.2900000000000063,1.2900000000000063
RandomForestRegressor,66,65.73,0.269999999999996,0.269999999999996
RandomForestRegressor,70,70.61,-0.6099999999999994,0.6099999999999994
RandomForestRegressor,66,64.115,1.8850000000000051,1.8850000000000051
RandomForestRegressor,70,69.44,0.5600000000000023,0.5600000000000023
RandomForestRegressor,66,67.17,-1.1700000000000017,1.1700000000000017
RandomForestRegressor,64,65.37,-1.3700000000000045,1.3700000000000045
RandomForestRegressor,67,69.555,-2.555000000000007,2.555000000000007
RandomForestRegressor,64,63.33,0.6700000000000017,0.6700000000000017
RandomForestRegressor,71,70.09,0.9099999999999966,0.9099999999999966
RandomForestRegressor,72,70.535,1.4650000000000034,1.4650000000000034
RandomForestRegressor,65,64.13,0.8700000000000045,0.8700000000000045
RandomForestRegressor,63,64.765,-1.7650000000000006,1.7650000000000006
RandomForestRegressor,65,64.345,0.6550000000000011,0.6550000000000011
RandomForestRegressor,66,66.0,0.0,0.0
RandomForestRegressor,71,68.955,2.0450000000000017,2.0450000000000017
RandomForestRegressor,66,65.705,0.2950000000000017,0.2950000000000017
RandomForestRegressor,72,70.02,1.980000000000004,1.980000000000004
RandomForestRegressor,65,64.19,0.8100000000000023,0.8100000000000023
RandomForestRegressor,67,67.555,-0.5550000000000068,0.5550000000000068
RandomForestRegressor,71,69.94,1.0600000000000023,1.0600000000000023
RandomForestRegressor,70,69.41,0.5900000000000034,0.5900000000000034
RandomForestRegressor,68,67.72,0.28000000000000114,0.28000000000000114
RandomForestRegressor,70,70.125,-0.125,0.125
RandomForestRegressor,64,63.935,0.06499999999999773,0.06499999999999773
RandomForestRegressor,64,63.825,0.17499999999999716,0.17499999999999716
RandomForestRegressor,65,65.78,-0.7800000000000011,0.7800000000000011
RandomForestRegressor,66,68.005,-2.0049999999999955,2.0049999999999955
RandomForestRegressor,67,66.06,0.9399999999999977,0.9399999999999977
RandomForestRegressor,66,83.215,-17.215000000000003,17.215000000000003
RandomForestRegressor,66,66.305,-0.3050000000000068,0.3050000000000068
RandomForestRegressor,66,67.335,-1.3349999999999937,1.3349999999999937
RandomForestRegressor,68,69.72,-1.7199999999999989,1.7199999999999989
RandomForestRegressor,69,68.65,0.3499999999999943,0.3499999999999943
RandomForestRegressor,67,66.465,0.5349999999999966,0.5349999999999966
RandomForestRegressor,67,68.285,-1.2849999999999966,1.2849999999999966
RandomForestRegressor,72,71.915,0.08499999999999375,0.08499999999999375
RandomForestRegressor,67,65.6,1.4000000000000057,1.4000000000000057
RandomForestRegressor,68,67.995,0.0049999999999954525,0.0049999999999954525
RandomForestRegressor,72,71.575,0.42499999999999716,0.42499999999999716
RandomForestRegressor,71,70.37,0.6299999999999955,0.6299999999999955
RandomForestRegressor,71,70.985,0.015000000000000568,0.015000000000000568
RandomForestRegressor,70,69.915,0.08499999999999375,0.08499999999999375
RandomForestRegressor,65,66.01,-1.0100000000000051,1.0100000000000051
RandomForestRegressor,65,66.66,-1.6599999999999966,1.6599999999999966
RandomForestRegressor,60,61.27,-1.2700000000000031,1.2700000000000031
RandomForestRegressor,65,64.165,0.8349999999999937,0.8349999999999937
RandomForestRegressor,68,67.64,0.35999999999999943,0.35999999999999943
RandomForestRegressor,67,65.97,1.0300000000000011,1.0300000000000011
RandomForestRegressor,71,70.32,0.6800000000000068,0.6800000000000068
RandomForestRegressor,71,72.85,-1.8499999999999943,1.8499999999999943
RandomForestRegressor,65,64.265,0.7349999999999994,0.7349999999999994
RandomForestRegressor,62,63.285,-1.2849999999999966,1.2849999999999966
RandomForestRegressor,68,69.085,-1.0849999999999937,1.0849999999999937
RandomForestRegressor,70,69.795,0.2049999999999983,0.2049999999999983
RandomForestRegressor,67,67.26,-0.2600000000000051,0.2600000000000051
RandomForestRegressor,70,69.54,0.45999999999999375,0.45999999999999375
RandomForestRegressor,69,68.875,0.125,0.125
RandomForestRegressor,66,65.49,0.5100000000000051,0.5100000000000051
RandomForestRegressor,65,65.24,-0.23999999999999488,0.23999999999999488
RandomForestRegressor,63,64.405,-1.4050000000000011,1.4050000000000011
RandomForestRegressor,68,67.9,0.09999999999999432,0.09999999999999432
RandomForestRegressor,66,66.75,-0.75,0.75
RandomForestRegressor,71,69.89,1.1099999999999994,1.1099999999999994
RandomForestRegressor,65,64.79,0.20999999999999375,0.20999999999999375
RandomForestRegressor,65,64.625,0.375,0.375
RandomForestRegressor,64,65.64,-1.6400000000000006,1.6400000000000006
RandomForestRegressor,65,65.745,-0.7450000000000045,0.7450000000000045
RandomForestRegressor,75,74.565,0.4350000000000023,0.4350000000000023
RandomForestRegressor,63,65.405,-2.405000000000001,2.405000000000001
RandomForestRegressor,71,69.625,1.375,1.375
RandomForestRegressor,63,63.245,-0.24499999999999744,0.24499999999999744
RandomForestRegressor,68,66.125,1.875,1.875
RandomForestRegressor,75,73.65,1.3499999999999943,1.3499999999999943
RandomForestRegressor,73,72.53,0.46999999999999886,0.46999999999999886
RandomForestRegressor,65,66.51,-1.5100000000000051,1.5100000000000051
RandomForestRegressor,69,68.315,0.6850000000000023,0.6850000000000023
RandomForestRegressor,66,66.075,-0.07500000000000284,0.07500000000000284
RandomForestRegressor,66,65.96,0.04000000000000625,0.04000000000000625
RandomForestRegressor,68,68.0,0.0,0.0
RandomForestRegressor,66,65.4,0.5999999999999943,0.5999999999999943
RandomForestRegressor,62,64.485,-2.4849999999999994,2.4849999999999994
RandomForestRegressor,66,66.195,-0.19499999999999318,0.19499999999999318
RandomForestRegressor,67,68.135,-1.1350000000000051,1.1350000000000051
RandomForestRegressor,69,68.83,0.1700000000000017,0.1700000000000017
RandomForestRegressor,70,68.475,1.5250000000000057,1.5250000000000057
RandomForestRegressor,70,69.585,0.41500000000000625,0.41500000000000625
RandomForestRegressor,73,72.285,0.7150000000000034,0.7150000000000034
RandomForestRegressor,68,67.175,0.8250000000000028,0.8250000000000028
RandomForestRegressor,64,63.055,0.9450000000000003,0.9450000000000003
RandomForestRegressor,67,68.98,-1.980000000000004,1.980000000000004
RandomForestRegressor,63,64.86,-1.8599999999999994,1.8599999999999994
RandomForestRegressor,69,69.7,-0.7000000000000028,0.7000000000000028
RandomForestRegressor,62,62.445,-0.4450000000000003,0.4450000000000003
RandomForestRegressor,68,67.78,0.21999999999999886,0.21999999999999886
RandomForestRegressor,64,64.65,-0.6500000000000057,0.6500000000000057
RandomForestRegressor,64,64.74,-0.7399999999999949,0.7399999999999949
RandomForestRegressor,72,69.475,2.5250000000000057,2.5250000000000057
RandomForestRegressor,68,68.13,-0.12999999999999545,0.12999999999999545
RandomForestRegressor,68,68.08,-0.0799999999999983,0.0799999999999983
RandomForestRegressor,74,73.915,0.08499999999999375,0.08499999999999375
RandomForestRegressor,66,65.065,0.9350000000000023,0.9350000000000023
RandomForestRegressor,64,65.535,-1.5349999999999966,1.5349999999999966
RandomForestRegressor,66,66.705,-0.7049999999999983,0.7049999999999983
RandomForestRegressor,62,63.215,-1.2150000000000034,1.2150000000000034
RandomForestRegressor,68,67.885,0.11499999999999488,0.11499999999999488
RandomForestRegressor,61,60.905,0.09499999999999886,0.09499999999999886
RandomForestRegressor,61,62.79,-1.7899999999999991,1.7899999999999991
RandomForestRegressor,69,68.84,0.1599999999999966,0.1599999999999966
RandomForestRegressor,65,66.3,-1.2999999999999972,1.2999999999999972
RandomForestRegressor,63,63.615,-0.615000000000002,0.615000000000002
RandomForestRegressor,75,75.65,-0.6500000000000057,0.6500000000000057
RandomForestRegressor,69,67.53,1.4699999999999989,1.4699999999999989
RandomForestRegressor,64,63.945,0.054999999999999716,0.054999999999999716
RandomForestRegressor,70,68.89,1.1099999999999994,1.1099999999999994
RandomForestRegressor,64,63.69,0.3100000000000023,0.3100000000000023
RandomForestRegressor,69,70.055,-1.0550000000000068,1.0550000000000068
RandomForestRegressor,67,67.495,-0.49500000000000455,0.49500000000000455
RandomForestRegressor,73,72.72,0.28000000000000114,0.28000000000000114
RandomForestRegressor,68,67.485,0.5150000000000006,0.5150000000000006
RandomForestRegressor,66,66.24,-0.23999999999999488,0.23999999999999488
RandomForestRegressor,73,70.38,2.6200000000000045,2.6200000000000045
RandomForestRegressor,69,70.015,-1.0150000000000006,1.0150000000000006
RandomForestRegressor,67,67.125,-0.125,0.125
RandomForestRegressor,66,66.11,-0.10999999999999943,0.10999999999999943
RandomForestRegressor,66,67.09,-1.0900000000000034,1.0900000000000034
RandomForestRegressor,65,65.255,-0.25499999999999545,0.25499999999999545
RandomForestRegressor,69,68.675,0.32500000000000284,0.32500000000000284
RandomForestRegressor,66,66.73,-0.730000000000004,0.730000000000004
RandomForestRegressor,70,70.475,-0.4749999999999943,0.4749999999999943
RandomForestRegressor,70,70.015,-0.015000000000000568,0.015000000000000568
RandomForestRegressor,62,62.515,-0.5150000000000006,0.5150000000000006
RandomForestRegressor,66,66.82,-0.8199999999999932,0.8199999999999932
RandomForestRegressor,60,60.395,-0.3950000000000031,0.3950000000000031
RandomForestRegressor,66,66.27,-0.269999999999996,0.269999999999996
RandomForestRegressor,65,65.4,-0.4000000000000057,0.4000000000000057
RandomForestRegressor,75,74.145,0.855000000000004,0.855000000000004
RandomForestRegressor,69,70.93,-1.9300000000000068,1.9300000000000068
RandomForestRegressor,67,65.92,1.0799999999999983,1.0799999999999983
RandomForestRegressor,68,69.78,-1.7800000000000011,1.7800000000000011
RandomForestRegressor,65,65.56,-0.5600000000000023,0.5600000000000023
RandomForestRegressor,63,63.91,-0.9099999999999966,0.9099999999999966
RandomForestRegressor,72,71.725,0.2750000000000057,0.2750000000000057
RandomForestRegressor,59,59.69,-0.6899999999999977,0.6899999999999977
RandomForestRegressor,75,75.28,-0.28000000000000114,0.28000000000000114
RandomForestRegressor,64,64.045,-0.045000000000001705,0.045000000000001705
RandomForestRegressor,67,65.61,1.3900000000000006,1.3900000000000006
RandomForestRegressor,62,63.335,-1.3350000000000009,1.3350000000000009
RandomForestRegressor,70,70.275,-0.2750000000000057,0.2750000000000057
RandomForestRegressor,67,65.91,1.0900000000000034,1.0900000000000034
RandomForestRegressor,73,73.6,-0.5999999999999943,0.5999999999999943
RandomForestRegressor,70,69.08,0.9200000000000017,0.9200000000000017
RandomForestRegressor,67,68.55,-1.5499999999999972,1.5499999999999972
RandomForestRegressor,61,63.1,-2.1000000000000014,2.1000000000000014
RandomForestRegressor,63,63.44,-0.4399999999999977,0.4399999999999977
RandomForestRegressor,64,64.68,-0.6800000000000068,0.6800000000000068
RandomForestRegressor,67,65.775,1.2249999999999943,1.2249999999999943
RandomForestRegressor,68,67.215,0.7849999999999966,0.7849999999999966
RandomForestRegressor,72,71.42,0.5799999999999983,0.5799999999999983
RandomForestRegressor,64,64.365,-0.3649999999999949,0.3649999999999949
RandomForestRegressor,69,66.39,2.6099999999999994,2.6099999999999994
RandomForestRegressor,71,69.43,1.5699999999999932,1.5699999999999932
RandomForestRegressor,58,60.13,-2.1300000000000026,2.1300000000000026
RandomForestRegressor,68,66.965,1.0349999999999966,1.0349999999999966
RandomForestRegressor,65,67.085,-2.0849999999999937,2.0849999999999937
RandomForestRegressor,66,65.645,0.355000000000004,0.355000000000004
RandomForestRegressor,71,71.16,-0.1599999999999966,0.1599999999999966
RandomForestRegressor,68,67.675,0.32500000000000284,0.32500000000000284
RandomForestRegressor,67,67.365,-0.3649999999999949,0.3649999999999949
RandomForestRegressor,68,66.2,1.7999999999999972,1.7999999999999972
RandomForestRegressor,65,65.825,-0.8250000000000028,0.8250000000000028
RandomForestRegressor,74,74.29,-0.29000000000000625,0.29000000000000625
RandomForestRegressor,62,64.275,-2.2750000000000057,2.2750000000000057
RandomForestRegressor,66,69.095,-3.094999999999999,3.094999999999999
RandomForestRegressor,69,71.41,-2.4099999999999966,2.4099999999999966
RandomForestRegressor,64,64.015,-0.015000000000000568,0.015000000000000568
RandomForestRegressor,74,72.095,1.9050000000000011,1.9050000000000011
RandomForestRegressor,69,68.975,0.025000000000005684,0.025000000000005684
RandomForestRegressor,72,71.145,0.855000000000004,0.855000000000004
RandomForestRegressor,68,69.1,-1.0999999999999943,1.0999999999999943
RandomForestRegressor,67,65.675,1.3250000000000028,1.3250000000000028
RandomForestRegressor,67,71.55,-4.549999999999997,4.549999999999997
RandomForestRegressor,62,62.1,-0.10000000000000142,0.10000000000000142
RandomForestRegressor,74,74.105,-0.10500000000000398,0.10500000000000398
RandomForestRegressor,62,62.405,-0.40500000000000114,0.40500000000000114
RandomForestRegressor,67,66.025,0.9749999999999943,0.9749999999999943
RandomForestRegressor,74,73.99,0.010000000000005116,0.010000000000005116
