Attendance,Hours_Studied,Previous_Scores,Access_to_Resources,Parental_Involvement,Tutoring_Sessions,Parental_Education_Level,Family_Income,Exam_Score
1.214431137131016,0.8388234652712269,-0.2827014097854482,1.2885735018478053,1.3136126598306066,2.036836627645384,0.3744424911473677,0.285970759412303,74
-1.037313761232021,0.0041185681317912,-1.3939132574555355,-0.1434879155968454,1.3136126598306066,-1.213934457288018,-0.9154123258550612,-1.060721191718906,63
-0.5176803231482429,0.1710595475596783,1.314665621240302,-0.1434879155968454,1.3136126598306066,-0.4012416860546675,-0.9154123258550612,-1.060721191718906,97
-0.6042858961622058,1.3396464035548885,-0.6994058526617309,1.2885735018478053,-0.1242665388938497,1.2241438564120333,1.6642973081497967,1.632662710543512,72
1.560853429186868,-0.329763390723983,-0.6299551121823505,1.2885735018478053,-0.1242665388938497,-1.213934457288018,1.6642973081497967,0.285970759412303,69
0.6081921260332754,0.3380005269875655,-0.4910536312235896,-1.5755493330414962,1.3136126598306066,-1.213934457288018,-0.9154123258550612,-1.060721191718906,67
0.0885586879494977,-0.1628224112960958,-1.5328147384142965,1.2885735018478053,-0.1242665388938497,0.4114510851786828,-0.9154123258550612,1.632662710543512,68
-1.6435527723297614,0.8388234652712269,0.4118059950083562,-0.1434879155968454,-0.1242665388938497,-1.213934457288018,-0.9154123258550612,0.285970759412303,65
-0.7774970421901317,1.005764444699114,1.314665621240302,-1.5755493330414962,-0.1242665388938497,1.2241438564120333,1.6642973081497967,-1.060721191718906,68
-1.3837360532878724,0.3380005269875655,0.1340030330908344,-0.1434879155968454,1.3136126598306066,-0.4012416860546675,0.3744424911473677,1.632662710543512,65
1.3010367101449791,0.5049415064154527,0.3423552545289758,-0.1434879155968454,-1.5621457376183063,0.4114510851786828,-0.9154123258550612,-1.060721191718906,70
1.214431137131016,0.0041185681317912,1.6619193236372043,-0.1434879155968454,-1.5621457376183063,-1.213934457288018,0.3744424911473677,0.285970759412303,70
1.6474590022008309,-0.1628224112960958,0.828510437884639,-1.5755493330414962,-0.1242665388938497,-0.4012416860546675,-0.9154123258550612,0.285970759412303,70
-0.257863604106354,-1.3314092672913058,-0.7688565931411113,-0.1434879155968454,-1.5621457376183063,0.4114510851786828,0.3744424911473677,1.632662710543512,64
0.5215865530193126,0.6718824858433398,1.1063133998021608,1.2885735018478053,-0.1242665388938497,-1.213934457288018,0.3744424911473677,-1.060721191718906,72
-0.8641026152040947,0.6718824858433398,-0.9077580740998724,1.2885735018478053,-0.1242665388938497,0.4114510851786828,0.3744424911473677,-1.060721191718906,65
0.1751642609634607,-0.9975273084355316,1.453567102199063,-0.1434879155968454,1.3136126598306066,0.4114510851786828,-0.9154123258550612,1.632662710543512,66
-0.1712580310923911,-0.4967043701518701,1.5924685831578238,-0.1434879155968454,-0.1242665388938497,0.4114510851786828,-0.9154123258550612,0.285970759412303,66
-0.8641026152040947,0.8388234652712269,-0.2827014097854482,-0.1434879155968454,-0.1242665388938497,-1.213934457288018,0.3744424911473677,-1.060721191718906,65
0.8680088450751643,-1.3314092672913058,-0.0048984478679264,1.2885735018478053,1.3136126598306066,0.4114510851786828,1.6642973081497967,0.285970759412303,69
-0.0846524580784281,-0.1628224112960958,0.4812567354877367,-0.1434879155968454,-1.5621457376183063,-0.4012416860546675,-0.9154123258550612,-1.060721191718906,65
-0.7774970421901317,0.1710595475596783,-1.2550117764967743,-0.1434879155968454,1.3136126598306066,0.4114510851786828,1.6642973081497967,1.632662710543512,66
-1.730158345343724,0.1710595475596783,0.2034537735702149,-1.5755493330414962,1.3136126598306066,0.4114510851786828,-0.9154123258550612,0.285970759412303,64
-1.4703416263018354,2.0074103212664367,1.1063133998021608,1.2885735018478053,-0.1242665388938497,0.4114510851786828,-0.9154123258550612,1.632662710543512,68
1.0412199911030902,-1.3314092672913058,-0.2827014097854482,-0.1434879155968454,-1.5621457376183063,-1.213934457288018,-0.9154123258550612,0.285970759412303,64
-1.1239193342459837,-0.1628224112960958,-0.0048984478679264,-0.1434879155968454,-0.1242665388938497,-0.4012416860546675,0.3744424911473677,-1.060721191718906,65
1.214431137131016,0.5049415064154527,-0.9772088145792528,1.2885735018478053,-0.1242665388938497,-1.213934457288018,1.6642973081497967,0.285970759412303,68
-1.037313761232021,-0.4967043701518701,-0.6994058526617309,-0.1434879155968454,1.3136126598306066,-1.213934457288018,-0.9154123258550612,0.285970759412303,64
-0.6042858961622058,1.1727054241270012,-0.1437999288266873,1.2885735018478053,1.3136126598306066,2.849529398878734,-0.9154123258550612,1.632662710543512,73
0.6947976990472384,-1.1644682878634187,-1.5328147384142965,-0.1434879155968454,1.3136126598306066,0.4114510851786828,0.3744424911473677,0.285970759412303,66
-1.6435527723297614,-2.1661141644307413,0.064552292611454,1.2885735018478053,-1.5621457376183063,-0.4012416860546675,-0.9154123258550612,0.285970759412303,60
-0.1712580310923911,0.3380005269875655,-0.3521521502648286,1.2885735018478053,-0.1242665388938497,0.4114510851786828,0.3744424911473677,-1.060721191718906,68
-0.344469177120317,0.5049415064154527,1.2452148807609216,1.2885735018478053,-1.5621457376183063,0.4114510851786828,0.3744424911473677,-1.060721191718906,68
-1.6435527723297614,-1.8322322055749671,-1.5328147384142965,1.2885735018478053,-1.5621457376183063,-1.213934457288018,1.6642973081497967,0.285970759412303,58
-0.8641026152040947,-1.1644682878634187,-0.6299551121823505,1.2885735018478053,-0.1242665388938497,-0.4012416860546675,-0.9154123258550612,0.285970759412303,63
-1.5569471993157984,0.5049415064154527,0.828510437884639,-1.5755493330414962,1.3136126598306066,-0.4012416860546675,-0.9154123258550612,1.632662710543512,65
-0.5176803231482429,-0.1628224112960958,0.4812567354877367,1.2885735018478053,-0.1242665388938497,0.4114510851786828,-0.9154123258550612,-1.060721191718906,66
0.5215865530193126,-0.329763390723983,-0.9077580740998724,-0.1434879155968454,-1.5621457376183063,2.036836627645384,1.6642973081497967,0.285970759412303,67
1.1278255641170531,0.3380005269875655,-0.0743491883473068,-0.1434879155968454,1.3136126598306066,0.4114510851786828,0.3744424911473677,0.285970759412303,70
1.7340645752147938,-0.4967043701518701,0.064552292611454,-0.1434879155968454,-0.1242665388938497,1.2241438564120333,1.6642973081497967,-1.060721191718906,70
1.7340645752147938,-0.6636453495797573,-1.6022654788936768,1.2885735018478053,1.3136126598306066,2.036836627645384,-0.9154123258550612,-1.060721191718906,71
-0.0846524580784281,-0.6636453495797573,-0.6299551121823505,1.2885735018478053,-0.1242665388938497,0.4114510851786828,0.3744424911473677,0.285970759412303,67
-1.1239193342459837,1.6735283624106625,0.7590596974052585,-0.1434879155968454,-0.1242665388938497,-1.213934457288018,-0.9154123258550612,-1.060721191718906,67
0.7814032720612014,1.005764444699114,-0.9772088145792528,-1.5755493330414962,-0.1242665388938497,-1.213934457288018,-0.9154123258550612,0.285970759412303,68
0.8680088450751643,0.6718824858433398,1.5230178426784435,-1.5755493330414962,-1.5621457376183063,1.2241438564120333,-0.9154123258550612,-1.060721191718906,71
-0.7774970421901317,-0.6636453495797573,-1.6022654788936768,1.2885735018478053,-0.1242665388938497,-1.213934457288018,-0.9154123258550612,1.632662710543512,62
0.0885586879494977,-0.329763390723983,-0.1437999288266873,-0.1434879155968454,-1.5621457376183063,-0.4012416860546675,-0.9154123258550612,1.632662710543512,65
-0.344469177120317,-0.1628224112960958,-0.6299551121823505,-1.5755493330414962,-0.1242665388938497,-0.4012416860546675,-0.9154123258550612,1.632662710543512,65
1.3010367101449791,0.5049415064154527,1.314665621240302,-0.1434879155968454,-0.1242665388938497,0.4114510851786828,-0.9154123258550612,0.285970759412303,73
1.0412199911030902,-0.6636453495797573,0.7590596974052585,-0.1434879155968454,-0.1242665388938497,0.4114510851786828,0.3744424911473677,0.285970759412303,66
-0.6042858961622058,1.1727054241270012,1.5230178426784435,-1.5755493330414962,-1.5621457376183063,0.4114510851786828,-0.9154123258550612,0.285970759412303,67
-0.257863604106354,0.1710595475596783,1.0368626593227803,-0.1434879155968454,-1.5621457376183063,2.036836627645384,1.6642973081497967,0.285970759412303,68
1.560853429186868,-0.8305863290076444,-1.185561036017394,-0.1434879155968454,1.3136126598306066,-1.213934457288018,0.3744424911473677,-1.060721191718906,69
-0.5176803231482429,-0.4967043701518701,1.5924685831578238,-1.5755493330414962,-0.1242665388938497,-0.4012416860546675,-0.9154123258550612,1.632662710543512,65
0.6947976990472384,0.1710595475596783,0.7590596974052585,-1.5755493330414962,1.3136126598306066,-0.4012416860546675,-0.9154123258550612,-1.060721191718906,68
-0.8641026152040947,0.8388234652712269,-0.2827014097854482,-1.5755493330414962,-0.1242665388938497,0.4114510851786828,0.3744424911473677,-1.060721191718906,63
-1.037313761232021,-1.1644682878634187,-1.046659555058633,1.2885735018478053,-1.5621457376183063,-0.4012416860546675,0.3744424911473677,0.285970759412303,61
-1.037313761232021,1.5065873829827754,0.9674119188433998,-0.1434879155968454,-0.1242665388938497,-1.213934457288018,0.3744424911473677,0.285970759412303,67
-0.344469177120317,0.8388234652712269,0.2729045140495953,-0.1434879155968454,-0.1242665388938497,0.4114510851786828,0.3744424911473677,0.285970759412303,69
0.6081921260332754,2.0074103212664367,-1.3939132574555355,1.2885735018478053,-0.1242665388938497,-1.213934457288018,-0.9154123258550612,-1.060721191718906,71
0.6947976990472384,1.005764444699114,0.2729045140495953,1.2885735018478053,-0.1242665388938497,-0.4012416860546675,0.3744424911473677,-1.060721191718906,72
-1.2105249072599464,-0.329763390723983,0.7590596974052585,-0.1434879155968454,-0.1242665388938497,-1.213934457288018,-0.9154123258550612,1.632662710543512,63
1.387642283158942,0.8388234652712269,0.8979611783640193,1.2885735018478053,-0.1242665388938497,-1.213934457288018,-0.9154123258550612,-1.060721191718906,71
0.4349809800053495,-0.1628224112960958,-0.2827014097854482,-0.1434879155968454,1.3136126598306066,-0.4012416860546675,-0.9154123258550612,0.285970759412303,66
1.560853429186868,-1.3314092672913058,-0.8383073336204918,-0.1434879155968454,-1.5621457376183063,-1.213934457288018,-0.9154123258550612,1.632662710543512,65
1.0412199911030902,0.1710595475596783,-1.324462516976155,-0.1434879155968454,-0.1242665388938497,-1.213934457288018,-0.9154123258550612,-1.060721191718906,67
-1.4703416263018354,0.3380005269875655,-1.5328147384142965,-1.5755493330414962,-1.5621457376183063,-0.4012416860546675,-0.9154123258550612,1.632662710543512,62
1.3010367101449791,1.8404693418385496,0.828510437884639,-0.1434879155968454,1.3136126598306066,0.4114510851786828,1.6642973081497967,-1.060721191718906,75
0.0019531149355348,1.5065873829827754,1.1063133998021608,-0.1434879155968454,-1.5621457376183063,-0.4012416860546675,0.3744424911473677,1.632662710543512,70
1.3010367101449791,0.3380005269875655,-1.3939132574555355,-1.5755493330414962,1.3136126598306066,0.4114510851786828,0.3744424911473677,1.632662710543512,69
-0.0846524580784281,1.005764444699114,-0.6299551121823505,-1.5755493330414962,1.3136126598306066,-0.4012416860546675,-0.9154123258550612,1.632662710543512,67
0.9546144180891272,-0.6636453495797573,-0.2132506693060677,-0.1434879155968454,1.3136126598306066,-1.213934457288018,1.6642973081497967,1.632662710543512,70
1.214431137131016,0.5049415064154527,1.7313700641165848,-0.1434879155968454,-1.5621457376183063,-1.213934457288018,1.6642973081497967,-1.060721191718906,69
1.6474590022008309,0.8388234652712269,-0.5605043717029701,-0.1434879155968454,-0.1242665388938497,-0.4012416860546675,0.3744424911473677,-1.060721191718906,71
-0.6042858961622058,0.5049415064154527,0.2034537735702149,1.2885735018478053,1.3136126598306066,-1.213934457288018,-0.9154123258550612,1.632662710543512,67
0.8680088450751643,1.1727054241270012,0.7590596974052585,1.2885735018478053,-0.1242665388938497,0.4114510851786828,0.3744424911473677,0.285970759412303,74
0.3483754069913866,-0.1628224112960958,-1.324462516976155,-0.1434879155968454,-1.5621457376183063,-1.213934457288018,-0.9154123258550612,-1.060721191718906,64
-0.344469177120317,1.3396464035548885,-0.0048984478679264,-0.1434879155968454,-0.1242665388938497,-1.213934457288018,-0.9154123258550612,0.285970759412303,68
0.6947976990472384,-0.1628224112960958,1.3841163617196826,-0.1434879155968454,1.3136126598306066,-0.4012416860546675,-0.9154123258550612,0.285970759412303,70
1.214431137131016,-0.1628224112960958,-0.6994058526617309,-1.5755493330414962,-0.1242665388938497,-0.4012416860546675,1.6642973081497967,-1.060721191718906,69
-0.7774970421901317,-0.4967043701518701,-0.9077580740998724,-0.1434879155968454,-1.5621457376183063,0.4114510851786828,0.3744424911473677,-1.060721191718906,62
-1.6435527723297614,-1.8322322055749671,0.1340030330908344,-0.1434879155968454,1.3136126598306066,-0.4012416860546675,-0.9154123258550612,1.632662710543512,82
-0.8641026152040947,0.0041185681317912,0.4812567354877367,-1.5755493330414962,1.3136126598306066,0.4114510851786828,-0.9154123258550612,-1.060721191718906,65
0.0885586879494977,-0.6636453495797573,-0.0743491883473068,-0.1434879155968454,-0.1242665388938497,1.2241438564120333,1.6642973081497967,0.285970759412303,68
-1.2105249072599464,-0.1628224112960958,-1.1161102955380136,1.2885735018478053,1.3136126598306066,-0.4012416860546675,1.6642973081497967,0.285970759412303,65
1.7340645752147938,-0.9975273084355316,1.7313700641165848,-0.1434879155968454,-0.1242665388938497,1.2241438564120333,1.6642973081497967,-1.060721191718906,71
-0.0846524580784281,0.1710595475596783,-0.6299551121823505,1.2885735018478053,-0.1242665388938497,0.4114510851786828,0.3744424911473677,-1.060721191718906,67
0.0019531149355348,-1.3314092672913058,-1.1161102955380136,-0.1434879155968454,-0.1242665388938497,-0.4012416860546675,-0.9154123258550612,-1.060721191718906,64
-0.5176803231482429,-0.1628224112960958,0.6896089569258781,-0.1434879155968454,-0.1242665388938497,-0.4012416860546675,1.6642973081497967,-1.060721191718906,67
0.6947976990472384,2.0074103212664367,-1.185561036017394,-0.1434879155968454,-1.5621457376183063,1.2241438564120333,-0.9154123258550612,-1.060721191718906,69
-0.7774970421901317,0.6718824858433398,-0.6994058526617309,-0.1434879155968454,1.3136126598306066,-0.4012416860546675,-0.9154123258550612,-1.060721191718906,65
1.474247856172905,0.0041185681317912,0.4118059950083562,-0.1434879155968454,1.3136126598306066,0.4114510851786828,-0.9154123258550612,-1.060721191718906,71
-0.1712580310923911,0.5049415064154527,-0.0743491883473068,-0.1434879155968454,-0.1242665388938497,1.2241438564120333,-0.9154123258550612,0.285970759412303,67
-1.6435527723297614,0.0041185681317912,0.4118059950083562,-0.1434879155968454,-0.1242665388938497,-0.4012416860546675,-0.9154123258550612,0.285970759412303,62
1.474247856172905,-1.66529122614708,0.5507074759671171,1.2885735018478053,1.3136126598306066,-0.4012416860546675,1.6642973081497967,-1.060721191718906,69
0.2617698339774236,1.1727054241270012,-1.046659555058633,-1.5755493330414962,1.3136126598306066,-1.213934457288018,0.3744424911473677,1.632662710543512,68
-0.1712580310923911,1.1727054241270012,0.064552292611454,-0.1434879155968454,-0.1242665388938497,-0.4012416860546675,1.6642973081497967,0.285970759412303,71
-0.6908914691761688,-0.9975273084355316,0.9674119188433998,1.2885735018478053,-1.5621457376183063,0.4114510851786828,-0.9154123258550612,0.285970759412303,65
0.9546144180891272,-0.8305863290076444,-1.7411669598524375,1.2885735018478053,-1.5621457376183063,-0.4012416860546675,-0.9154123258550612,0.285970759412303,66
1.1278255641170531,1.005764444699114,1.314665621240302,-1.5755493330414962,1.3136126598306066,3.6622221701120847,-0.9154123258550612,1.632662710543512,74
-1.5569471993157984,0.3380005269875655,-0.4216028907442091,-0.1434879155968454,1.3136126598306066,-0.4012416860546675,0.3744424911473677,1.632662710543512,64
-0.5176803231482429,0.3380005269875655,-0.7688565931411113,1.2885735018478053,-0.1242665388938497,1.2241438564120333,-0.9154123258550612,0.285970759412303,68
-0.257863604106354,0.6718824858433398,1.453567102199063,-1.5755493330414962,1.3136126598306066,-1.213934457288018,-0.9154123258550612,0.285970759412303,67
-0.4310747501342799,-0.1628224112960958,1.5924685831578238,-0.1434879155968454,1.3136126598306066,-0.4012416860546675,1.6642973081497967,-1.060721191718906,67
1.474247856172905,0.1710595475596783,1.6619193236372043,1.2885735018478053,-0.1242665388938497,-0.4012416860546675,1.6642973081497967,0.285970759412303,74
1.214431137131016,-0.1628224112960958,1.6619193236372043,1.2885735018478053,1.3136126598306066,-1.213934457288018,-0.9154123258550612,-1.060721191718906,70
-0.9507081882180576,0.8388234652712269,0.8979611783640193,-0.1434879155968454,-0.1242665388938497,-1.213934457288018,0.3744424911473677,-1.060721191718906,66
0.6081921260332754,-0.4967043701518701,0.2729045140495953,1.2885735018478053,-0.1242665388938497,1.2241438564120333,-0.9154123258550612,-1.060721191718906,68
0.1751642609634607,-1.3314092672913058,1.5924685831578238,-0.1434879155968454,-1.5621457376183063,-1.213934457288018,-0.9154123258550612,-1.060721191718906,63
-0.6908914691761688,1.6735283624106625,-0.1437999288266873,-1.5755493330414962,-0.1242665388938497,-1.213934457288018,-0.9154123258550612,1.632662710543512,66
-1.730158345343724,0.1710595475596783,-0.9077580740998724,-0.1434879155968454,1.3136126598306066,0.4114510851786828,-0.9154123258550612,-1.060721191718906,64
-0.257863604106354,0.3380005269875655,0.6896089569258781,1.2885735018478053,-0.1242665388938497,0.4114510851786828,0.3744424911473677,-1.060721191718906,68
0.0885586879494977,-0.1628224112960958,1.7313700641165848,-0.1434879155968454,1.3136126598306066,-0.4012416860546675,1.6642973081497967,-1.060721191718906,68
0.1751642609634607,0.3380005269875655,-0.9772088145792528,-0.1434879155968454,-0.1242665388938497,0.4114510851786828,-0.9154123258550612,-1.060721191718906,65
-1.2105249072599464,-0.6636453495797573,1.6619193236372043,1.2885735018478053,-1.5621457376183063,-0.4012416860546675,0.3744424911473677,-1.060721191718906,65
-0.1712580310923911,-0.6636453495797573,0.5507074759671171,1.2885735018478053,-0.1242665388938497,-1.213934457288018,0.3744424911473677,-1.060721191718906,64
-0.257863604106354,0.6718824858433398,1.175764140281541,-0.1434879155968454,-1.5621457376183063,-1.213934457288018,-0.9154123258550612,1.632662710543512,67
-0.8641026152040947,-1.3314092672913058,-1.3939132574555355,-0.1434879155968454,-1.5621457376183063,0.4114510851786828,-0.9154123258550612,0.285970759412303,61
-0.6042858961622058,1.005764444699114,-1.5328147384142965,-0.1434879155968454,1.3136126598306066,1.2241438564120333,-0.9154123258550612,0.285970759412303,68
-0.5176803231482429,-1.8322322055749671,-0.6299551121823505,1.2885735018478053,-0.1242665388938497,-0.4012416860546675,-0.9154123258550612,1.632662710543512,62
0.3483754069913866,0.3380005269875655,1.175764140281541,-0.1434879155968454,-0.1242665388938497,-1.213934457288018,-0.9154123258550612,0.285970759412303,69
1.560853429186868,-0.329763390723983,-0.7688565931411113,-1.5755493330414962,1.3136126598306066,-1.213934457288018,1.6642973081497967,0.285970759412303,70
-1.2971304802739094,-0.4967043701518701,-0.6994058526617309,-0.1434879155968454,-0.1242665388938497,-1.213934457288018,-0.9154123258550612,1.632662710543512,62
-0.1712580310923911,-0.9975273084355316,0.064552292611454,-0.1434879155968454,1.3136126598306066,-1.213934457288018,0.3744424911473677,1.632662710543512,65
-0.5176803231482429,0.3380005269875655,1.6619193236372043,1.2885735018478053,1.3136126598306066,-1.213934457288018,0.3744424911473677,-1.060721191718906,68
-1.3837360532878724,-0.4967043701518701,-0.0743491883473068,-1.5755493330414962,1.3136126598306066,0.4114510851786828,1.6642973081497967,0.285970759412303,64
-0.6908914691761688,-0.6636453495797573,-1.6022654788936768,-0.1434879155968454,-1.5621457376183063,-0.4012416860546675,0.3744424911473677,0.285970759412303,60
0.9546144180891272,-0.329763390723983,0.7590596974052585,-0.1434879155968454,1.3136126598306066,-0.4012416860546675,-0.9154123258550612,0.285970759412303,69
-0.9507081882180576,0.0041185681317912,0.064552292611454,-0.1434879155968454,1.3136126598306066,-0.4012416860546675,-0.9154123258550612,0.285970759412303,67
-1.1239193342459837,0.0041185681317912,-1.1161102955380136,1.2885735018478053,1.3136126598306066,-0.4012416860546675,0.3744424911473677,0.285970759412303,65
-0.5176803231482429,-1.1644682878634187,1.5924685831578238,-1.5755493330414962,-1.5621457376183063,-1.213934457288018,1.6642973081497967,0.285970759412303,64
-0.6908914691761688,0.3380005269875655,-0.5605043717029701,-1.5755493330414962,-1.5621457376183063,0.4114510851786828,0.3744424911473677,0.285970759412303,64
1.3010367101449791,-0.8305863290076444,-0.9077580740998724,1.2885735018478053,-0.1242665388938497,0.4114510851786828,-0.9154123258550612,0.285970759412303,69
0.0885586879494977,-0.8305863290076444,-1.6022654788936768,-0.1434879155968454,-0.1242665388938497,-1.213934457288018,1.6642973081497967,0.285970759412303,65
1.560853429186868,0.3380005269875655,1.7313700641165848,-0.1434879155968454,-0.1242665388938497,-1.213934457288018,-0.9154123258550612,-1.060721191718906,70
-0.0846524580784281,0.1710595475596783,1.1063133998021608,-0.1434879155968454,-1.5621457376183063,-0.4012416860546675,-0.9154123258550612,-1.060721191718906,67
0.1751642609634607,-0.9975273084355316,-0.6994058526617309,-0.1434879155968454,-0.1242665388938497,-0.4012416860546675,0.3744424911473677,-1.060721191718906,65
0.0019531149355348,0.1710595475596783,0.2034537735702149,1.2885735018478053,-0.1242665388938497,-0.4012416860546675,-0.9154123258550612,0.285970759412303,69
1.560853429186868,0.6718824858433398,1.1063133998021608,-0.1434879155968454,-0.1242665388938497,0.4114510851786828,1.6642973081497967,0.285970759412303,74
0.4349809800053495,0.6718824858433398,0.828510437884639,-0.1434879155968454,-0.1242665388938497,0.4114510851786828,-0.9154123258550612,0.285970759412303,71
0.9546144180891272,-0.1628224112960958,1.1063133998021608,1.2885735018478053,-1.5621457376183063,-0.4012416860546675,-0.9154123258550612,1.632662710543512,71
0.0885586879494977,-0.9975273084355316,-0.1437999288266873,-0.1434879155968454,-0.1242665388938497,-0.4012416860546675,-0.9154123258550612,1.632662710543512,63
-0.257863604106354,2.341292280122211,0.3423552545289758,-1.5755493330414962,-0.1242665388938497,-1.213934457288018,-0.9154123258550612,0.285970759412303,69
-0.9507081882180576,0.1710595475596783,0.3423552545289758,-0.1434879155968454,-0.1242665388938497,0.4114510851786828,0.3744424911473677,0.285970759412303,68
-0.6042858961622058,-0.9975273084355316,-1.185561036017394,1.2885735018478053,-0.1242665388938497,0.4114510851786828,0.3744424911473677,-1.060721191718906,63
-0.7774970421901317,0.3380005269875655,0.2729045140495953,-0.1434879155968454,1.3136126598306066,-0.4012416860546675,-0.9154123258550612,-1.060721191718906,66
-1.2105249072599464,0.1710595475596783,-0.4910536312235896,1.2885735018478053,-1.5621457376183063,0.4114510851786828,-0.9154123258550612,-1.060721191718906,65
-0.8641026152040947,0.1710595475596783,-0.2132506693060677,1.2885735018478053,1.3136126598306066,1.2241438564120333,1.6642973081497967,0.285970759412303,67
-0.9507081882180576,2.842115218405872,0.828510437884639,1.2885735018478053,-0.1242665388938497,-0.4012416860546675,0.3744424911473677,-1.060721191718906,68
0.9546144180891272,-0.8305863290076444,0.2034537735702149,-0.1434879155968454,-1.5621457376183063,0.4114510851786828,-0.9154123258550612,0.285970759412303,67
-0.9507081882180576,-0.1628224112960958,1.0368626593227803,-1.5755493330414962,-1.5621457376183063,-1.213934457288018,0.3744424911473677,-1.060721191718906,62
0.1751642609634607,-0.329763390723983,-1.6022654788936768,-1.5755493330414962,1.3136126598306066,-0.4012416860546675,-0.9154123258550612,-1.060721191718906,64
-0.344469177120317,2.0074103212664367,-0.8383073336204918,-0.1434879155968454,-0.1242665388938497,-1.213934457288018,-0.9154123258550612,0.285970759412303,68
1.0412199911030902,1.5065873829827754,-1.185561036017394,1.2885735018478053,-0.1242665388938497,0.4114510851786828,0.3744424911473677,0.285970759412303,72
0.6081921260332754,0.8388234652712269,-1.6022654788936768,-1.5755493330414962,-0.1242665388938497,-0.4012416860546675,-0.9154123258550612,-1.060721191718906,68
-0.4310747501342799,-1.8322322055749671,-0.9772088145792528,-1.5755493330414962,1.3136126598306066,1.2241438564120333,-0.9154123258550612,0.285970759412303,63
-1.5569471993157984,1.3396464035548885,0.6896089569258781,1.2885735018478053,-1.5621457376183063,0.4114510851786828,-0.9154123258550612,-1.060721191718906,66
-0.1712580310923911,-0.9975273084355316,-1.3939132574555355,-0.1434879155968454,1.3136126598306066,0.4114510851786828,-0.9154123258550612,-1.060721191718906,63
0.7814032720612014,0.0041185681317912,0.6201582164464976,1.2885735018478053,-0.1242665388938497,-0.4012416860546675,-0.9154123258550612,1.632662710543512,70
-0.5176803231482429,0.3380005269875655,-0.1437999288266873,1.2885735018478053,1.3136126598306066,1.2241438564120333,1.6642973081497967,1.632662710543512,71
1.0412199911030902,0.1710595475596783,0.6896089569258781,-0.1434879155968454,1.3136126598306066,-0.4012416860546675,-0.9154123258550612,1.632662710543512,69
-1.2105249072599464,1.005764444699114,1.1063133998021608,-0.1434879155968454,-0.1242665388938497,1.2241438564120333,0.3744424911473677,0.285970759412303,69
-0.7774970421901317,0.1710595475596783,0.2034537735702149,-0.1434879155968454,1.3136126598306066,0.4114510851786828,-0.9154123258550612,0.285970759412303,66
0.7814032720612014,-1.498350246719193,0.064552292611454,-1.5755493330414962,-0.1242665388938497,-0.4012416860546675,1.6642973081497967,0.285970759412303,66
0.0019531149355348,-0.8305863290076444,0.3423552545289758,-0.1434879155968454,1.3136126598306066,-0.4012416860546675,-0.9154123258550612,-1.060721191718906,65
-0.6042858961622058,-0.9975273084355316,0.828510437884639,-0.1434879155968454,1.3136126598306066,0.4114510851786828,0.3744424911473677,0.285970759412303,67
-1.037313761232021,1.005764444699114,-0.8383073336204918,-0.1434879155968454,-0.1242665388938497,0.4114510851786828,-0.9154123258550612,-1.060721191718906,66
-1.6435527723297614,-0.4967043701518701,-0.2132506693060677,1.2885735018478053,-0.1242665388938497,-0.4012416860546675,-0.9154123258550612,0.285970759412303,62
0.0019531149355348,0.5049415064154527,-0.2132506693060677,-0.1434879155968454,-1.5621457376183063,-1.213934457288018,-0.9154123258550612,-1.060721191718906,65
-0.9507081882180576,1.3396464035548885,-1.4633639979349158,1.2885735018478053,1.3136126598306066,-0.4012416860546675,0.3744424911473677,-1.060721191718906,65
0.6947976990472384,1.8404693418385496,-0.9077580740998724,-1.5755493330414962,-0.1242665388938497,0.4114510851786828,-0.9154123258550612,-1.060721191718906,70
-1.6435527723297614,0.3380005269875655,0.4812567354877367,-1.5755493330414962,-1.5621457376183063,2.036836627645384,-0.9154123258550612,0.285970759412303,64
1.1278255641170531,-1.3314092672913058,-0.0743491883473068,-0.1434879155968454,-0.1242665388938497,-0.4012416860546675,1.6642973081497967,0.285970759412303,67
-0.6042858961622058,-0.1628224112960958,0.7590596974052585,-0.1434879155968454,-1.5621457376183063,-1.213934457288018,0.3744424911473677,0.285970759412303,66
0.2617698339774236,-2.4999961232865155,-0.9772088145792528,-0.1434879155968454,-0.1242665388938497,0.4114510851786828,-0.9154123258550612,-1.060721191718906,61
-0.344469177120317,-0.329763390723983,0.4812567354877367,1.2885735018478053,-1.5621457376183063,-0.4012416860546675,0.3744424911473677,0.285970759412303,67
-1.4703416263018354,-1.1644682878634187,-1.3939132574555355,-0.1434879155968454,1.3136126598306066,-1.213934457288018,1.6642973081497967,0.285970759412303,62
0.2617698339774236,-0.1628224112960958,-0.4216028907442091,-1.5755493330414962,1.3136126598306066,2.849529398878734,1.6642973081497967,0.285970759412303,69
-0.5176803231482429,1.3396464035548885,1.453567102199063,-0.1434879155968454,-0.1242665388938497,-1.213934457288018,-0.9154123258550612,0.285970759412303,68
0.7814032720612014,-0.1628224112960958,1.314665621240302,1.2885735018478053,1.3136126598306066,-1.213934457288018,0.3744424911473677,1.632662710543512,72
0.5215865530193126,-1.1644682878634187,-1.185561036017394,-0.1434879155968454,-1.5621457376183063,-1.213934457288018,-0.9154123258550612,0.285970759412303,63
-1.4703416263018354,1.8404693418385496,0.7590596974052585,1.2885735018478053,-0.1242665388938497,-1.213934457288018,1.6642973081497967,1.632662710543512,68
1.1278255641170531,0.3380005269875655,0.1340030330908344,-0.1434879155968454,1.3136126598306066,-1.213934457288018,-0.9154123258550612,1.632662710543512,70
0.5215865530193126,-0.8305863290076444,-1.2550117764967743,-0.1434879155968454,-0.1242665388938497,-0.4012416860546675,0.3744424911473677,0.285970759412303,65
-1.1239193342459837,-1.1644682878634187,0.3423552545289758,-0.1434879155968454,-0.1242665388938497,-0.4012416860546675,-0.9154123258550612,-1.060721191718906,62
1.474247856172905,-0.329763390723983,0.1340030330908344,-1.5755493330414962,-1.5621457376183063,2.036836627645384,1.6642973081497967,-1.060721191718906,69
0.7814032720612014,-0.329763390723983,-1.5328147384142965,-0.1434879155968454,-0.1242665388938497,2.849529398878734,0.3744424911473677,-1.060721191718906,69
0.9546144180891272,0.5049415064154527,-0.5605043717029701,1.2885735018478053,1.3136126598306066,0.4114510851786828,0.3744424911473677,-1.060721191718906,72
1.1278255641170531,1.005764444699114,0.9674119188433998,1.2885735018478053,-0.1242665388938497,-1.213934457288018,0.3744424911473677,-1.060721191718906,72
-1.1239193342459837,-1.3314092672913058,-0.6994058526617309,-0.1434879155968454,-0.1242665388938497,-0.4012416860546675,-0.9154123258550612,1.632662710543512,61
-1.1239193342459837,0.1710595475596783,0.1340030330908344,-0.1434879155968454,-0.1242665388938497,1.2241438564120333,0.3744424911473677,1.632662710543512,66
0.6081921260332754,-0.329763390723983,0.2729045140495953,-1.5755493330414962,-1.5621457376183063,-0.4012416860546675,0.3744424911473677,-1.060721191718906,82
1.560853429186868,2.341292280122211,0.2729045140495953,1.2885735018478053,-0.1242665388938497,-0.4012416860546675,0.3744424911473677,-1.060721191718906,75
1.3010367101449791,0.8388234652712269,0.1340030330908344,-0.1434879155968454,-0.1242665388938497,-1.213934457288018,1.6642973081497967,-1.060721191718906,71
0.8680088450751643,-1.1644682878634187,1.6619193236372043,1.2885735018478053,-0.1242665388938497,-0.4012416860546675,0.3744424911473677,1.632662710543512,69
-0.6908914691761688,-2.1661141644307413,1.314665621240302,-0.1434879155968454,-0.1242665388938497,2.036836627645384,1.6642973081497967,0.285970759412303,66
-0.6908914691761688,-1.498350246719193,-1.3939132574555355,-1.5755493330414962,1.3136126598306066,-1.213934457288018,0.3744424911473677,0.285970759412303,60
-1.5569471993157984,-2.1661141644307413,-0.0743491883473068,-0.1434879155968454,1.3136126598306066,1.2241438564120333,1.6642973081497967,0.285970759412303,62
-1.6435527723297614,-0.6636453495797573,1.175764140281541,1.2885735018478053,-0.1242665388938497,2.036836627645384,-0.9154123258550612,1.632662710543512,66
-0.5176803231482429,1.1727054241270012,-0.7688565931411113,-1.5755493330414962,-0.1242665388938497,-0.4012416860546675,-0.9154123258550612,-1.060721191718906,65
1.474247856172905,-0.4967043701518701,1.453567102199063,1.2885735018478053,-0.1242665388938497,-1.213934457288018,1.6642973081497967,1.632662710543512,71
-1.5569471993157984,0.5049415064154527,-0.5605043717029701,1.2885735018478053,1.3136126598306066,-0.4012416860546675,1.6642973081497967,-1.060721191718906,65
0.0019531149355348,0.1710595475596783,1.0368626593227803,1.2885735018478053,1.3136126598306066,-0.4012416860546675,0.3744424911473677,-1.060721191718906,68
0.0019531149355348,-0.329763390723983,-1.2550117764967743,1.2885735018478053,-0.1242665388938497,0.4114510851786828,1.6642973081497967,-1.060721191718906,66
-0.8641026152040947,0.3380005269875655,0.5507074759671171,-1.5755493330414962,1.3136126598306066,-1.213934457288018,0.3744424911473677,0.285970759412303,65
-0.6908914691761688,0.5049415064154527,1.6619193236372043,1.2885735018478053,-0.1242665388938497,0.4114510851786828,1.6642973081497967,0.285970759412303,71
1.0412199911030902,-0.329763390723983,-0.1437999288266873,-0.1434879155968454,-0.1242665388938497,-0.4012416860546675,-0.9154123258550612,0.285970759412303,67
0.3483754069913866,-0.9975273084355316,0.7590596974052585,-0.1434879155968454,1.3136126598306066,-0.4012416860546675,-0.9154123258550612,-1.060721191718906,68
1.1278255641170531,-0.329763390723983,-1.3939132574555355,-0.1434879155968454,-1.5621457376183063,1.2241438564120333,-0.9154123258550612,-1.060721191718906,67
-1.2971304802739094,-1.1644682878634187,1.6619193236372043,1.2885735018478053,-1.5621457376183063,-1.213934457288018,-0.9154123258550612,-1.060721191718906,61
0.0885586879494977,0.5049415064154527,0.6896089569258781,-0.1434879155968454,-0.1242665388938497,-1.213934457288018,-0.9154123258550612,0.285970759412303,68
0.7814032720612014,0.3380005269875655,0.2034537735702149,-0.1434879155968454,-1.5621457376183063,-1.213934457288018,0.3744424911473677,0.285970759412303,68
0.3483754069913866,0.0041185681317912,-0.2132506693060677,-1.5755493330414962,-1.5621457376183063,1.2241438564120333,-0.9154123258550612,1.632662710543512,66
0.1751642609634607,-0.1628224112960958,1.3841163617196826,1.2885735018478053,-1.5621457376183063,0.4114510851786828,1.6642973081497967,-1.060721191718906,68
-1.1239193342459837,0.8388234652712269,0.4812567354877367,1.2885735018478053,-0.1242665388938497,-0.4012416860546675,1.6642973081497967,0.285970759412303,67
0.7814032720612014,1.005764444699114,1.7313700641165848,-1.5755493330414962,-0.1242665388938497,-1.213934457288018,-0.9154123258550612,0.285970759412303,69
-1.4703416263018354,0.3380005269875655,0.7590596974052585,1.2885735018478053,-1.5621457376183063,-1.213934457288018,0.3744424911473677,-1.060721191718906,64
-0.9507081882180576,-1.3314092672913058,-1.5328147384142965,1.2885735018478053,1.3136126598306066,0.4114510851786828,0.3744424911473677,-1.060721191718906,64
0.0885586879494977,0.1710595475596783,0.7590596974052585,-0.1434879155968454,1.3136126598306066,-0.4012416860546675,0.3744424911473677,-1.060721191718906,69
1.6474590022008309,-0.329763390723983,0.4118059950083562,1.2885735018478053,-0.1242665388938497,-0.4012416860546675,1.6642973081497967,0.285970759412303,72
1.6474590022008309,0.6718824858433398,1.6619193236372043,-0.1434879155968454,-0.1242665388938497,-1.213934457288018,-0.9154123258550612,-1.060721191718906,72
1.387642283158942,1.5065873829827754,0.9674119188433998,-1.5755493330414962,-1.5621457376183063,0.4114510851786828,-0.9154123258550612,-1.060721191718906,70
1.6474590022008309,0.1710595475596783,-0.6994058526617309,-0.1434879155968454,1.3136126598306066,-0.4012416860546675,0.3744424911473677,0.285970759412303,71
1.1278255641170531,-0.9975273084355316,0.3423552545289758,-0.1434879155968454,-0.1242665388938497,0.4114510851786828,1.6642973081497967,-1.060721191718906,69
-1.2105249072599464,0.5049415064154527,0.4812567354877367,1.2885735018478053,-0.1242665388938497,-0.4012416860546675,-0.9154123258550612,0.285970759412303,67
1.474247856172905,-0.8305863290076444,-0.5605043717029701,-0.1434879155968454,-1.5621457376183063,-0.4012416860546675,0.3744424911473677,-1.060721191718906,68
-1.5569471993157984,-0.9975273084355316,-0.6994058526617309,1.2885735018478053,1.3136126598306066,1.2241438564120333,-0.9154123258550612,-1.060721191718906,61
-1.5569471993157984,-1.3314092672913058,-0.8383073336204918,1.2885735018478053,-0.1242665388938497,-0.4012416860546675,-0.9154123258550612,1.632662710543512,62
-0.6042858961622058,-0.1628224112960958,-1.6022654788936768,-0.1434879155968454,1.3136126598306066,-0.4012416860546675,-0.9154123258550612,0.285970759412303,65
0.0019531149355348,0.0041185681317912,0.4118059950083562,1.2885735018478053,-1.5621457376183063,1.2241438564120333,1.6642973081497967,0.285970759412303,69
-1.1239193342459837,-0.329763390723983,-1.6717162193730573,-0.1434879155968454,1.3136126598306066,-1.213934457288018,0.3744424911473677,0.285970759412303,64
1.214431137131016,-0.1628224112960958,1.3841163617196826,-0.1434879155968454,-1.5621457376183063,1.2241438564120333,-0.9154123258550612,-1.060721191718906,69
1.0412199911030902,1.5065873829827754,-0.8383073336204918,-0.1434879155968454,-0.1242665388938497,-0.4012416860546675,-0.9154123258550612,-1.060721191718906,71
-1.3837360532878724,1.005764444699114,-0.0743491883473068,-1.5755493330414962,1.3136126598306066,1.2241438564120333,-0.9154123258550612,0.285970759412303,66
0.0885586879494977,1.1727054241270012,0.1340030330908344,-1.5755493330414962,-0.1242665388938497,-0.4012416860546675,0.3744424911473677,0.285970759412303,68
0.3483754069913866,-1.3314092672913058,-1.7411669598524375,-0.1434879155968454,-1.5621457376183063,1.2241438564120333,-0.9154123258550612,1.632662710543512,65
-0.8641026152040947,-1.3314092672913058,1.2452148807609216,-0.1434879155968454,-0.1242665388938497,-0.4012416860546675,-0.9154123258550612,-1.060721191718906,62
0.5215865530193126,1.1727054241270012,0.2729045140495953,-0.1434879155968454,-0.1242665388938497,0.4114510851786828,0.3744424911473677,-1.060721191718906,72
-1.2971304802739094,0.6718824858433398,-1.6022654788936768,1.2885735018478053,-1.5621457376183063,-0.4012416860546675,1.6642973081497967,1.632662710543512,64
1.474247856172905,0.3380005269875655,-1.4633639979349158,1.2885735018478053,-0.1242665388938497,-0.4012416860546675,1.6642973081497967,-1.060721191718906,72
-0.257863604106354,2.341292280122211,-1.6022654788936768,1.2885735018478053,-0.1242665388938497,-1.213934457288018,-0.9154123258550612,0.285970759412303,69
-1.6435527723297614,-0.1628224112960958,-0.9077580740998724,1.2885735018478053,-0.1242665388938497,-0.4012416860546675,1.6642973081497967,1.632662710543512,64
1.387642283158942,0.6718824858433398,-0.0048984478679264,1.2885735018478053,1.3136126598306066,-0.4012416860546675,0.3744424911473677,0.285970759412303,72
1.6474590022008309,-0.329763390723983,-1.324462516976155,-0.1434879155968454,-0.1242665388938497,0.4114510851786828,-0.9154123258550612,-1.060721191718906,67
-0.6042858961622058,0.6718824858433398,-0.7688565931411113,1.2885735018478053,-0.1242665388938497,2.036836627645384,0.3744424911473677,1.632662710543512,68
-0.0846524580784281,0.1710595475596783,-1.6022654788936768,1.2885735018478053,1.3136126598306066,-0.4012416860546675,-0.9154123258550612,-1.060721191718906,66
-1.037313761232021,0.0041185681317912,0.3423552545289758,-0.1434879155968454,-1.5621457376183063,2.036836627645384,0.3744424911473677,-1.060721191718906,65
0.2617698339774236,-1.3314092672913058,0.7590596974052585,-0.1434879155968454,-1.5621457376183063,-0.4012416860546675,0.3744424911473677,1.632662710543512,65
-0.6042858961622058,-0.8305863290076444,1.2452148807609216,1.2885735018478053,-1.5621457376183063,-0.4012416860546675,0.3744424911473677,-1.060721191718906,65
1.214431137131016,0.0041185681317912,0.9674119188433998,1.2885735018478053,-0.1242665388938497,-1.213934457288018,-0.9154123258550612,0.285970759412303,70
-1.3837360532878724,0.3380005269875655,1.1063133998021608,-0.1434879155968454,-1.5621457376183063,-1.213934457288018,0.3744424911473677,-1.060721191718906,63
0.4349809800053495,0.1710595475596783,-0.0048984478679264,-0.1434879155968454,1.3136126598306066,-0.4012416860546675,-0.9154123258550612,1.632662710543512,70
0.9546144180891272,1.8404693418385496,0.4812567354877367,-0.1434879155968454,-0.1242665388938497,0.4114510851786828,-0.9154123258550612,0.285970759412303,74
-0.4310747501342799,-0.8305863290076444,1.1063133998021608,1.2885735018478053,-0.1242665388938497,-1.213934457288018,0.3744424911473677,0.285970759412303,67
-0.5176803231482429,1.5065873829827754,-1.2550117764967743,-0.1434879155968454,1.3136126598306066,1.2241438564120333,-0.9154123258550612,0.285970759412303,68
1.214431137131016,0.0041185681317912,-1.1161102955380136,-0.1434879155968454,1.3136126598306066,1.2241438564120333,-0.9154123258550612,0.285970759412303,72
0.4349809800053495,-0.329763390723983,-0.4216028907442091,1.2885735018478053,-0.1242665388938497,0.4114510851786828,-0.9154123258550612,-1.060721191718906,68
0.8680088450751643,1.8404693418385496,-0.9772088145792528,1.2885735018478053,1.3136126598306066,-1.213934457288018,-0.9154123258550612,-1.060721191718906,72
0.0019531149355348,-1.3314092672913058,-0.9772088145792528,1.2885735018478053,-0.1242665388938497,-1.213934457288018,-0.9154123258550612,1.632662710543512,65
-0.5176803231482429,-0.1628224112960958,1.453567102199063,1.2885735018478053,1.3136126598306066,0.4114510851786828,0.3744424911473677,1.632662710543512,69
0.3483754069913866,0.0041185681317912,-1.2550117764967743,1.2885735018478053,-0.1242665388938497,0.4114510851786828,-0.9154123258550612,0.285970759412303,69
0.5215865530193126,0.0041185681317912,1.453567102199063,1.2885735018478053,-1.5621457376183063,-0.4012416860546675,-0.9154123258550612,1.632662710543512,66
-1.2971304802739094,-0.8305863290076444,0.828510437884639,1.2885735018478053,-1.5621457376183063,-1.213934457288018,-0.9154123258550612,-1.060721191718906,63
1.3010367101449791,0.6718824858433398,0.1340030330908344,1.2885735018478053,-0.1242665388938497,-0.4012416860546675,-0.9154123258550612,-1.060721191718906,71
-1.730158345343724,-0.1628224112960958,-1.046659555058633,1.2885735018478053,1.3136126598306066,-0.4012416860546675,0.3744424911473677,-1.060721191718906,65
1.214431137131016,1.3396464035548885,-0.6994058526617309,1.2885735018478053,-0.1242665388938497,-0.4012416860546675,-0.9154123258550612,-1.060721191718906,73
-1.1239193342459837,-0.1628224112960958,-1.3939132574555355,-0.1434879155968454,-0.1242665388938497,-0.4012416860546675,-0.9154123258550612,0.285970759412303,63
-1.6435527723297614,1.5065873829827754,-0.0743491883473068,-0.1434879155968454,-1.5621457376183063,-0.4012416860546675,1.6642973081497967,0.285970759412303,65
0.8680088450751643,-0.329763390723983,-1.6022654788936768,1.2885735018478053,-1.5621457376183063,0.4114510851786828,-0.9154123258550612,0.285970759412303,67
-1.6435527723297614,1.005764444699114,1.3841163617196826,-1.5755493330414962,1.3136126598306066,-1.213934457288018,1.6642973081497967,0.285970759412303,65
0.1751642609634607,1.1727054241270012,-0.9077580740998724,1.2885735018478053,-0.1242665388938497,-0.4012416860546675,-0.9154123258550612,-1.060721191718906,69
-0.1712580310923911,0.6718824858433398,-0.9772088145792528,1.2885735018478053,-1.5621457376183063,0.4114510851786828,0.3744424911473677,0.285970759412303,69
0.0885586879494977,1.005764444699114,-0.5605043717029701,-0.1434879155968454,-0.1242665388938497,1.2241438564120333,0.3744424911473677,-1.060721191718906,69
1.6474590022008309,0.8388234652712269,-0.0743491883473068,1.2885735018478053,-0.1242665388938497,-0.4012416860546675,-0.9154123258550612,0.285970759412303,73
0.5215865530193126,1.1727054241270012,-0.0743491883473068,-0.1434879155968454,-0.1242665388938497,0.4114510851786828,-0.9154123258550612,1.632662710543512,71
0.2617698339774236,1.3396464035548885,1.5924685831578238,1.2885735018478053,-0.1242665388938497,-0.4012416860546675,1.6642973081497967,-1.060721191718906,72
0.2617698339774236,0.8388234652712269,0.6896089569258781,1.2885735018478053,1.3136126598306066,0.4114510851786828,0.3744424911473677,-1.060721191718906,72
0.0019531149355348,-0.9975273084355316,-0.9772088145792528,-1.5755493330414962,1.3136126598306066,-1.213934457288018,0.3744424911473677,0.285970759412303,65
0.3483754069913866,-1.1644682878634187,-1.6717162193730573,-0.1434879155968454,-0.1242665388938497,-1.213934457288018,-0.9154123258550612,-1.060721191718906,64
1.3010367101449791,-0.4967043701518701,-0.9077580740998724,-0.1434879155968454,1.3136126598306066,-0.4012416860546675,-0.9154123258550612,0.285970759412303,69
1.0412199911030902,0.0041185681317912,-0.6299551121823505,-0.1434879155968454,-0.1242665388938497,0.4114510851786828,0.3744424911473677,0.285970759412303,68
-0.6042858961622058,-0.6636453495797573,-1.185561036017394,-1.5755493330414962,1.3136126598306066,-0.4012416860546675,-0.9154123258550612,0.285970759412303,64
-0.1712580310923911,-0.4967043701518701,-0.3521521502648286,1.2885735018478053,-0.1242665388938497,0.4114510851786828,-0.9154123258550612,-1.060721191718906,66
0.7814032720612014,1.005764444699114,-0.2132506693060677,-0.1434879155968454,-0.1242665388938497,-0.4012416860546675,0.3744424911473677,-1.060721191718906,69
-0.8641026152040947,1.5065873829827754,1.1063133998021608,-0.1434879155968454,-0.1242665388938497,0.4114510851786828,0.3744424911473677,-1.060721191718906,69
-0.0846524580784281,0.0041185681317912,0.2729045140495953,1.2885735018478053,-0.1242665388938497,-1.213934457288018,-0.9154123258550612,0.285970759412303,67
1.7340645752147938,1.1727054241270012,-0.5605043717029701,-0.1434879155968454,1.3136126598306066,-0.4012416860546675,0.3744424911473677,1.632662710543512,74
-0.257863604106354,0.0041185681317912,-1.3939132574555355,1.2885735018478053,1.3136126598306066,-0.4012416860546675,0.3744424911473677,1.632662710543512,67
0.3483754069913866,0.8388234652712269,-0.7688565931411113,-1.5755493330414962,-0.1242665388938497,0.4114510851786828,-0.9154123258550612,-1.060721191718906,67
1.7340645752147938,-0.6636453495797573,-1.324462516976155,1.2885735018478053,-0.1242665388938497,-0.4012416860546675,-0.9154123258550612,1.632662710543512,69
-1.2971304802739094,0.1710595475596783,-0.5605043717029701,-0.1434879155968454,-0.1242665388938497,-0.4012416860546675,0.3744424911473677,-1.060721191718906,63
0.7814032720612014,-2.1661141644307413,-1.5328147384142965,-1.5755493330414962,1.3136126598306066,1.2241438564120333,-0.9154123258550612,-1.060721191718906,64
0.5215865530193126,-0.8305863290076444,-0.4910536312235896,1.2885735018478053,1.3136126598306066,-1.213934457288018,0.3744424911473677,1.632662710543512,69
0.6081921260332754,-1.1644682878634187,1.453567102199063,-0.1434879155968454,1.3136126598306066,1.2241438564120333,0.3744424911473677,-1.060721191718906,67
0.6081921260332754,1.3396464035548885,-1.6022654788936768,-0.1434879155968454,-0.1242665388938497,2.036836627645384,1.6642973081497967,-1.060721191718906,70
-1.037313761232021,1.3396464035548885,1.6619193236372043,1.2885735018478053,-1.5621457376183063,-0.4012416860546675,-0.9154123258550612,1.632662710543512,69
1.560853429186868,-1.3314092672913058,-1.6717162193730573,-0.1434879155968454,1.3136126598306066,-1.213934457288018,1.6642973081497967,0.285970759412303,68
1.214431137131016,-0.4967043701518701,0.3423552545289758,1.2885735018478053,-0.1242665388938497,-1.213934457288018,0.3744424911473677,0.285970759412303,69
-1.2105249072599464,-0.9975273084355316,-0.8383073336204918,-0.1434879155968454,-0.1242665388938497,-1.213934457288018,-0.9154123258550612,-1.060721191718906,60
-1.3837360532878724,1.5065873829827754,0.1340030330908344,-0.1434879155968454,-1.5621457376183063,-1.213934457288018,-0.9154123258550612,-1.060721191718906,63
0.6947976990472384,0.6718824858433398,-0.3521521502648286,-0.1434879155968454,-1.5621457376183063,-0.4012416860546675,1.6642973081497967,-1.060721191718906,68
1.1278255641170531,-0.4967043701518701,0.064552292611454,-0.1434879155968454,1.3136126598306066,-1.213934457288018,-0.9154123258550612,-1.060721191718906,67
-0.6042858961622058,0.3380005269875655,-0.2132506693060677,-0.1434879155968454,-1.5621457376183063,1.2241438564120333,-0.9154123258550612,0.285970759412303,66
0.0019531149355348,0.0041185681317912,-0.0743491883473068,-1.5755493330414962,1.3136126598306066,0.4114510851786828,0.3744424911473677,-1.060721191718906,66
-0.7774970421901317,0.3380005269875655,-0.6994058526617309,-0.1434879155968454,-1.5621457376183063,-0.4012416860546675,0.3744424911473677,0.285970759412303,64
-0.6042858961622058,-0.8305863290076444,-1.6717162193730573,-1.5755493330414962,-0.1242665388938497,0.4114510851786828,-0.9154123258550612,-1.060721191718906,61
0.1751642609634607,-0.6636453495797573,-0.0048984478679264,-1.5755493330414962,-0.1242665388938497,0.4114510851786828,0.3744424911473677,0.285970759412303,66
-1.3837360532878724,1.005764444699114,1.175764140281541,-0.1434879155968454,1.3136126598306066,0.4114510851786828,0.3744424911473677,-1.060721191718906,68
-1.2971304802739094,-0.329763390723983,1.1063133998021608,1.2885735018478053,-0.1242665388938497,2.849529398878734,0.3744424911473677,-1.060721191718906,66
0.0019531149355348,-0.8305863290076444,-1.324462516976155,-1.5755493330414962,1.3136126598306066,1.2241438564120333,-0.9154123258550612,0.285970759412303,64
-0.5176803231482429,0.8388234652712269,-0.5605043717029701,1.2885735018478053,1.3136126598306066,-0.4012416860546675,1.6642973081497967,0.285970759412303,71
-0.344469177120317,1.5065873829827754,-0.3521521502648286,1.2885735018478053,-0.1242665388938497,-0.4012416860546675,0.3744424911473677,-1.060721191718906,67
1.214431137131016,0.6718824858433398,-0.3521521502648286,-1.5755493330414962,1.3136126598306066,-0.4012416860546675,-0.9154123258550612,1.632662710543512,70
1.474247856172905,0.1710595475596783,0.2034537735702149,-1.5755493330414962,-1.5621457376183063,-1.213934457288018,1.6642973081497967,1.632662710543512,69
-1.730158345343724,0.5049415064154527,-1.324462516976155,-0.1434879155968454,1.3136126598306066,-1.213934457288018,-0.9154123258550612,-1.060721191718906,61
1.3010367101449791,0.1710595475596783,1.5924685831578238,-1.5755493330414962,-1.5621457376183063,-0.4012416860546675,-0.9154123258550612,-1.060721191718906,69
-0.344469177120317,1.005764444699114,1.3841163617196826,-1.5755493330414962,-1.5621457376183063,-0.4012416860546675,1.6642973081497967,-1.060721191718906,67
-1.3837360532878724,0.1710595475596783,0.2034537735702149,-1.5755493330414962,1.3136126598306066,-0.4012416860546675,-0.9154123258550612,0.285970759412303,64
-0.257863604106354,-1.1644682878634187,-0.9077580740998724,-0.1434879155968454,-0.1242665388938497,-0.4012416860546675,0.3744424911473677,1.632662710543512,65
-0.257863604106354,0.0041185681317912,-1.324462516976155,-0.1434879155968454,-1.5621457376183063,-0.4012416860546675,0.3744424911473677,0.285970759412303,65
0.0885586879494977,-1.66529122614708,-0.8383073336204918,1.2885735018478053,-0.1242665388938497,-0.4012416860546675,0.3744424911473677,-1.060721191718906,64
-1.2971304802739094,1.5065873829827754,1.175764140281541,-0.1434879155968454,-1.5621457376183063,-1.213934457288018,-0.9154123258550612,0.285970759412303,66
-0.344469177120317,0.8388234652712269,-0.9772088145792528,1.2885735018478053,-0.1242665388938497,-0.4012416860546675,1.6642973081497967,0.285970759412303,67
1.6474590022008309,-0.6636453495797573,-1.2550117764967743,-0.1434879155968454,1.3136126598306066,2.036836627645384,0.3744424911473677,0.285970759412303,71
0.0019531149355348,0.1710595475596783,-0.9772088145792528,-1.5755493330414962,-0.1242665388938497,0.4114510851786828,-0.9154123258550612,1.632662710543512,67
0.1751642609634607,-1.1644682878634187,-1.324462516976155,1.2885735018478053,-0.1242665388938497,0.4114510851786828,1.6642973081497967,-1.060721191718906,66
-1.6435527723297614,-0.329763390723983,1.1063133998021608,-1.5755493330414962,-0.1242665388938497,1.2241438564120333,0.3744424911473677,0.285970759412303,80
0.6081921260332754,-0.4967043701518701,1.453567102199063,-0.1434879155968454,-0.1242665388938497,-0.4012416860546675,1.6642973081497967,1.632662710543512,70
0.3483754069913866,-0.1628224112960958,-0.4216028907442091,-0.1434879155968454,-0.1242665388938497,0.4114510851786828,0.3744424911473677,0.285970759412303,68
-1.6435527723297614,-0.4967043701518701,-1.185561036017394,-1.5755493330414962,-1.5621457376183063,-0.4012416860546675,-0.9154123258550612,0.285970759412303,60
0.2617698339774236,-0.6636453495797573,-0.8383073336204918,-0.1434879155968454,-1.5621457376183063,0.4114510851786828,-0.9154123258550612,1.632662710543512,64
-0.8641026152040947,-0.1628224112960958,1.175764140281541,1.2885735018478053,-0.1242665388938497,-0.4012416860546675,-0.9154123258550612,-1.060721191718906,67
0.6081921260332754,-0.1628224112960958,0.9674119188433998,-0.1434879155968454,1.3136126598306066,-1.213934457288018,1.6642973081497967,-1.060721191718906,68
1.6474590022008309,-0.9975273084355316,0.9674119188433998,-0.1434879155968454,-0.1242665388938497,-1.213934457288018,1.6642973081497967,0.285970759412303,68
0.0885586879494977,-0.329763390723983,-0.3521521502648286,-1.5755493330414962,-0.1242665388938497,-1.213934457288018,0.3744424911473677,-1.060721191718906,65
-1.3837360532878724,2.174351300694324,0.064552292611454,-1.5755493330414962,-0.1242665388938497,0.4114510851786828,-0.9154123258550612,1.632662710543512,68
1.214431137131016,0.0041185681317912,-0.3521521502648286,-0.1434879155968454,-0.1242665388938497,-0.4012416860546675,-0.9154123258550612,0.285970759412303,69
-0.1712580310923911,-0.329763390723983,-0.5605043717029701,-0.1434879155968454,1.3136126598306066,-1.213934457288018,0.3744424911473677,1.632662710543512,64
-0.4310747501342799,-0.1628224112960958,-1.6022654788936768,-0.1434879155968454,-0.1242665388938497,-1.213934457288018,1.6642973081497967,-1.060721191718906,64
1.214431137131016,-1.8322322055749671,-0.6299551121823505,-1.5755493330414962,1.3136126598306066,-1.213934457288018,0.3744424911473677,-1.060721191718906,66
-0.1712580310923911,-1.498350246719193,1.7313700641165848,-0.1434879155968454,1.3136126598306066,-0.4012416860546675,-0.9154123258550612,-1.060721191718906,66
-1.037313761232021,0.1710595475596783,1.7313700641165848,-1.5755493330414962,-0.1242665388938497,-1.213934457288018,-0.9154123258550612,0.285970759412303,63
-1.2105249072599464,-0.329763390723983,1.453567102199063,-0.1434879155968454,1.3136126598306066,-1.213934457288018,-0.9154123258550612,-1.060721191718906,64
1.214431137131016,1.5065873829827754,1.3841163617196826,-0.1434879155968454,-1.5621457376183063,0.4114510851786828,0.3744424911473677,-1.060721191718906,70
1.474247856172905,0.0041185681317912,-0.5605043717029701,1.2885735018478053,-0.1242665388938497,-0.4012416860546675,1.6642973081497967,-1.060721191718906,71
0.3483754069913866,0.8388234652712269,-1.2550117764967743,-0.1434879155968454,-0.1242665388938497,2.036836627645384,0.3744424911473677,0.285970759412303,70
0.4349809800053495,0.5049415064154527,0.064552292611454,-1.5755493330414962,1.3136126598306066,0.4114510851786828,0.3744424911473677,-1.060721191718906,69
1.1278255641170531,-2.1661141644307413,-1.6022654788936768,1.2885735018478053,1.3136126598306066,-0.4012416860546675,-0.9154123258550612,0.285970759412303,65
0.8680088450751643,1.005764444699114,1.5924685831578238,-0.1434879155968454,-0.1242665388938497,-1.213934457288018,1.6642973081497967,-1.060721191718906,69
1.560853429186868,1.6735283624106625,1.453567102199063,1.2885735018478053,-0.1242665388938497,-0.4012416860546675,1.6642973081497967,0.285970759412303,77
-1.3837360532878724,1.6735283624106625,-0.4216028907442091,-0.1434879155968454,-0.1242665388938497,1.2241438564120333,-0.9154123258550612,1.632662710543512,67
1.387642283158942,-0.4967043701518701,0.8979611783640193,1.2885735018478053,1.3136126598306066,2.036836627645384,1.6642973081497967,-1.060721191718906,74
-1.3837360532878724,0.6718824858433398,0.6896089569258781,1.2885735018478053,-0.1242665388938497,-1.213934457288018,1.6642973081497967,1.632662710543512,66
-1.037313761232021,0.6718824858433398,0.3423552545289758,-0.1434879155968454,-1.5621457376183063,-0.4012416860546675,1.6642973081497967,-1.060721191718906,64
-0.9507081882180576,1.1727054241270012,-1.6717162193730573,-0.1434879155968454,-0.1242665388938497,-0.4012416860546675,-0.9154123258550612,1.632662710543512,65
-0.6042858961622058,0.0041185681317912,1.175764140281541,-0.1434879155968454,1.3136126598306066,0.4114510851786828,0.3744424911473677,0.285970759412303,69
0.7814032720612014,0.3380005269875655,-1.185561036017394,1.2885735018478053,-0.1242665388938497,2.036836627645384,0.3744424911473677,1.632662710543512,71
-1.730158345343724,-0.8305863290076444,1.1063133998021608,1.2885735018478053,-1.5621457376183063,-1.213934457288018,0.3744424911473677,-1.060721191718906,59
0.5215865530193126,-0.9975273084355316,-0.9077580740998724,1.2885735018478053,1.3136126598306066,-0.4012416860546675,-0.9154123258550612,0.285970759412303,68
0.0019531149355348,-0.8305863290076444,1.0368626593227803,1.2885735018478053,-1.5621457376183063,2.036836627645384,0.3744424911473677,-1.060721191718906,67
1.1278255641170531,-0.1628224112960958,-0.4910536312235896,-0.1434879155968454,1.3136126598306066,-0.4012416860546675,1.6642973081497967,1.632662710543512,72
-1.1239193342459837,0.5049415064154527,1.5924685831578238,-1.5755493330414962,-1.5621457376183063,0.4114510851786828,0.3744424911473677,-1.060721191718906,64
-1.037313761232021,-0.6636453495797573,0.6896089569258781,-0.1434879155968454,-0.1242665388938497,-0.4012416860546675,0.3744424911473677,0.285970759412303,65
-0.4310747501342799,0.8388234652712269,-1.2550117764967743,1.2885735018478053,-1.5621457376183063,2.036836627645384,0.3744424911473677,-1.060721191718906,70
0.2617698339774236,0.6718824858433398,0.6896089569258781,1.2885735018478053,-1.5621457376183063,-0.4012416860546675,-0.9154123258550612,-1.060721191718906,68
-0.4310747501342799,-0.9975273084355316,1.3841163617196826,-0.1434879155968454,-0.1242665388938497,-1.213934457288018,0.3744424911473677,0.285970759412303,82
-0.6908914691761688,1.005764444699114,0.6896089569258781,1.2885735018478053,-1.5621457376183063,0.4114510851786828,-0.9154123258550612,-1.060721191718906,67
-0.1712580310923911,1.5065873829827754,1.2452148807609216,1.2885735018478053,1.3136126598306066,2.849529398878734,0.3744424911473677,0.285970759412303,74
-0.0846524580784281,0.3380005269875655,-1.1161102955380136,-1.5755493330414962,1.3136126598306066,-1.213934457288018,0.3744424911473677,0.285970759412303,66
-1.6435527723297614,-0.329763390723983,1.453567102199063,-0.1434879155968454,-0.1242665388938497,-1.213934457288018,-0.9154123258550612,0.285970759412303,63
0.2617698339774236,-0.4967043701518701,1.5924685831578238,-0.1434879155968454,1.3136126598306066,-1.213934457288018,-0.9154123258550612,0.285970759412303,69
1.6474590022008309,0.0041185681317912,1.5230178426784435,-1.5755493330414962,-0.1242665388938497,2.036836627645384,0.3744424911473677,1.632662710543512,73
1.560853429186868,-0.4967043701518701,0.828510437884639,-0.1434879155968454,-0.1242665388938497,-1.213934457288018,-0.9154123258550612,1.632662710543512,69
1.0412199911030902,1.8404693418385496,0.064552292611454,-0.1434879155968454,-0.1242665388938497,0.4114510851786828,-0.9154123258550612,0.285970759412303,72
-0.257863604106354,0.1710595475596783,1.6619193236372043,-0.1434879155968454,-1.5621457376183063,1.2241438564120333,1.6642973081497967,0.285970759412303,69
0.0885586879494977,-0.4967043701518701,0.4812567354877367,-0.1434879155968454,-0.1242665388938497,1.2241438564120333,0.3744424911473677,-1.060721191718906,67
1.474247856172905,1.5065873829827754,-1.185561036017394,-0.1434879155968454,-0.1242665388938497,-0.4012416860546675,0.3744424911473677,1.632662710543512,72
-1.1239193342459837,-0.1628224112960958,0.6201582164464976,-0.1434879155968454,1.3136126598306066,-1.213934457288018,0.3744424911473677,0.285970759412303,64
-0.257863604106354,0.6718824858433398,0.2034537735702149,-0.1434879155968454,-0.1242665388938497,0.4114510851786828,-0.9154123258550612,1.632662710543512,69
-1.4703416263018354,0.3380005269875655,0.828510437884639,-0.1434879155968454,-0.1242665388938497,-1.213934457288018,0.3744424911473677,1.632662710543512,63
1.214431137131016,-0.6636453495797573,1.5924685831578238,-0.1434879155968454,1.3136126598306066,-1.213934457288018,-0.9154123258550612,-1.060721191718906,69
1.474247856172905,-0.4967043701518701,-0.8383073336204918,-0.1434879155968454,1.3136126598306066,0.4114510851786828,-0.9154123258550612,-1.060721191718906,70
-0.4310747501342799,-0.6636453495797573,1.1063133998021608,1.2885735018478053,-0.1242665388938497,0.4114510851786828,-0.9154123258550612,-1.060721191718906,65
0.3483754069913866,0.3380005269875655,-0.4216028907442091,-0.1434879155968454,1.3136126598306066,1.2241438564120333,0.3744424911473677,0.285970759412303,70
-0.257863604106354,0.5049415064154527,-0.2827014097854482,1.2885735018478053,-0.1242665388938497,1.2241438564120333,-0.9154123258550612,0.285970759412303,68
-0.257863604106354,0.1710595475596783,1.7313700641165848,-1.5755493330414962,1.3136126598306066,0.4114510851786828,0.3744424911473677,1.632662710543512,70
-0.0846524580784281,-1.498350246719193,0.4118059950083562,-0.1434879155968454,-0.1242665388938497,-0.4012416860546675,-0.9154123258550612,1.632662710543512,64
1.0412199911030902,3.1759971772616464,-0.1437999288266873,-0.1434879155968454,-0.1242665388938497,-0.4012416860546675,1.6642973081497967,0.285970759412303,75
0.6947976990472384,-0.9975273084355316,1.5230178426784435,-0.1434879155968454,1.3136126598306066,-1.213934457288018,0.3744424911473677,-1.060721191718906,69
1.1278255641170531,-0.6636453495797573,-1.3939132574555355,1.2885735018478053,-0.1242665388938497,0.4114510851786828,0.3744424911473677,-1.060721191718906,67
1.0412199911030902,-0.6636453495797573,0.064552292611454,-0.1434879155968454,-0.1242665388938497,-1.213934457288018,1.6642973081497967,1.632662710543512,68
0.8680088450751643,-0.4967043701518701,0.6201582164464976,1.2885735018478053,-0.1242665388938497,-0.4012416860546675,-0.9154123258550612,-1.060721191718906,67
0.2617698339774236,-0.4967043701518701,-0.3521521502648286,-0.1434879155968454,1.3136126598306066,1.2241438564120333,1.6642973081497967,-1.060721191718906,68
0.5215865530193126,-0.329763390723983,-1.046659555058633,-0.1434879155968454,1.3136126598306066,0.4114510851786828,0.3744424911473677,-1.060721191718906,88
-0.9507081882180576,0.0041185681317912,1.6619193236372043,-1.5755493330414962,-0.1242665388938497,-0.4012416860546675,-0.9154123258550612,0.285970759412303,64
-1.2105249072599464,0.3380005269875655,1.5230178426784435,-0.1434879155968454,-0.1242665388938497,-1.213934457288018,-0.9154123258550612,1.632662710543512,64
0.4349809800053495,0.0041185681317912,0.5507074759671171,-0.1434879155968454,1.3136126598306066,1.2241438564120333,0.3744424911473677,0.285970759412303,70
-1.730158345343724,0.6718824858433398,-0.9077580740998724,-0.1434879155968454,-1.5621457376183063,2.036836627645384,-0.9154123258550612,-1.060721191718906,63
-1.1239193342459837,-0.4967043701518701,-0.8383073336204918,-0.1434879155968454,-1.5621457376183063,-0.4012416860546675,0.3744424911473677,-1.060721191718906,61
0.9546144180891272,0.5049415064154527,-0.0048984478679264,1.2885735018478053,-0.1242665388938497,0.4114510851786828,-0.9154123258550612,-1.060721191718906,69
1.387642283158942,-0.8305863290076444,-1.4633639979349158,-1.5755493330414962,-0.1242665388938497,-1.213934457288018,0.3744424911473677,-1.060721191718906,65
0.8680088450751643,1.5065873829827754,1.3841163617196826,-0.1434879155968454,-1.5621457376183063,-1.213934457288018,-0.9154123258550612,1.632662710543512,71
-0.257863604106354,-0.8305863290076444,-0.6994058526617309,-0.1434879155968454,1.3136126598306066,0.4114510851786828,1.6642973081497967,-1.060721191718906,65
-0.257863604106354,-1.8322322055749671,0.5507074759671171,1.2885735018478053,-1.5621457376183063,-0.4012416860546675,-0.9154123258550612,-1.060721191718906,62
-0.257863604106354,1.1727054241270012,0.7590596974052585,-0.1434879155968454,-0.1242665388938497,-0.4012416860546675,-0.9154123258550612,1.632662710543512,68
-1.1239193342459837,-0.9975273084355316,-1.5328147384142965,-0.1434879155968454,-0.1242665388938497,0.4114510851786828,0.3744424911473677,1.632662710543512,62
1.474247856172905,-0.1628224112960958,-1.5328147384142965,1.2885735018478053,-0.1242665388938497,0.4114510851786828,0.3744424911473677,-1.060721191718906,69
1.214431137131016,-0.6636453495797573,0.6896089569258781,-0.1434879155968454,-1.5621457376183063,1.2241438564120333,-0.9154123258550612,-1.060721191718906,68
1.7340645752147938,1.5065873829827754,1.7313700641165848,-1.5755493330414962,-0.1242665388938497,-1.213934457288018,-0.9154123258550612,-1.060721191718906,72
0.4349809800053495,-1.66529122614708,0.4118059950083562,-0.1434879155968454,-0.1242665388938497,1.2241438564120333,-0.9154123258550612,-1.060721191718906,66
1.387642283158942,0.1710595475596783,-0.2827014097854482,-0.1434879155968454,1.3136126598306066,1.2241438564120333,-0.9154123258550612,0.285970759412303,71
-1.3837360532878724,0.3380005269875655,-1.046659555058633,-0.1434879155968454,-1.5621457376183063,-0.4012416860546675,-0.9154123258550612,1.632662710543512,63
0.0019531149355348,0.1710595475596783,-0.1437999288266873,-1.5755493330414962,1.3136126598306066,-1.213934457288018,-0.9154123258550612,0.285970759412303,65
0.1751642609634607,-0.9975273084355316,0.1340030330908344,-0.1434879155968454,-0.1242665388938497,1.2241438564120333,0.3744424911473677,0.285970759412303,68
-1.5569471993157984,0.1710595475596783,-1.185561036017394,-1.5755493330414962,-0.1242665388938497,0.4114510851786828,0.3744424911473677,-1.060721191718906,62
0.4349809800053495,-1.1644682878634187,1.453567102199063,-0.1434879155968454,-1.5621457376183063,-0.4012416860546675,1.6642973081497967,-1.060721191718906,66
-1.2105249072599464,-0.329763390723983,-0.4910536312235896,-0.1434879155968454,1.3136126598306066,-0.4012416860546675,-0.9154123258550612,0.285970759412303,61
0.0885586879494977,-0.4967043701518701,-0.7688565931411113,-0.1434879155968454,1.3136126598306066,-1.213934457288018,-0.9154123258550612,1.632662710543512,65
-1.5569471993157984,0.1710595475596783,-1.6717162193730573,-1.5755493330414962,-0.1242665388938497,-1.213934457288018,-0.9154123258550612,-1.060721191718906,61
-1.730158345343724,0.5049415064154527,-0.2132506693060677,-0.1434879155968454,-1.5621457376183063,1.2241438564120333,0.3744424911473677,1.632662710543512,64
-0.5176803231482429,0.1710595475596783,-0.7688565931411113,-1.5755493330414962,1.3136126598306066,1.2241438564120333,0.3744424911473677,-1.060721191718906,80
0.0885586879494977,0.0041185681317912,-1.324462516976155,1.2885735018478053,1.3136126598306066,-0.4012416860546675,-0.9154123258550612,0.285970759412303,67
1.1278255641170531,-0.6636453495797573,-1.324462516976155,-1.5755493330414962,1.3136126598306066,0.4114510851786828,-0.9154123258550612,-1.060721191718906,67
-0.257863604106354,1.005764444699114,-0.2827014097854482,-0.1434879155968454,-1.5621457376183063,1.2241438564120333,-0.9154123258550612,1.632662710543512,69
1.474247856172905,0.8388234652712269,0.6896089569258781,1.2885735018478053,-1.5621457376183063,1.2241438564120333,1.6642973081497967,1.632662710543512,75
-1.037313761232021,-0.4967043701518701,-0.0048984478679264,1.2885735018478053,-0.1242665388938497,0.4114510851786828,0.3744424911473677,-1.060721191718906,66
1.387642283158942,0.0041185681317912,-0.3521521502648286,1.2885735018478053,-0.1242665388938497,0.4114510851786828,-0.9154123258550612,-1.060721191718906,69
-0.6908914691761688,0.3380005269875655,0.2034537735702149,1.2885735018478053,-1.5621457376183063,-0.4012416860546675,1.6642973081497967,-1.060721191718906,65
1.3010367101449791,-1.3314092672913058,0.6896089569258781,1.2885735018478053,-0.1242665388938497,0.4114510851786828,0.3744424911473677,1.632662710543512,70
-0.6908914691761688,1.1727054241270012,-0.8383073336204918,-0.1434879155968454,-0.1242665388938497,-0.4012416860546675,0.3744424911473677,1.632662710543512,67
1.3010367101449791,-1.498350246719193,-0.7688565931411113,-0.1434879155968454,-0.1242665388938497,2.036836627645384,-0.9154123258550612,-1.060721191718906,68
0.5215865530193126,0.8388234652712269,1.5230178426784435,-0.1434879155968454,-0.1242665388938497,-0.4012416860546675,-0.9154123258550612,1.632662710543512,70
-0.6908914691761688,2.0074103212664367,1.2452148807609216,-0.1434879155968454,1.3136126598306066,-0.4012416860546675,1.6642973081497967,-1.060721191718906,71
1.474247856172905,-0.4967043701518701,0.6201582164464976,-0.1434879155968454,-0.1242665388938497,1.2241438564120333,1.6642973081497967,-1.060721191718906,70
1.0412199911030902,1.005764444699114,-0.2132506693060677,-1.5755493330414962,-0.1242665388938497,-0.4012416860546675,-0.9154123258550612,-1.060721191718906,69
0.9546144180891272,1.005764444699114,-0.6994058526617309,-0.1434879155968454,1.3136126598306066,-1.213934457288018,-0.9154123258550612,0.285970759412303,70
-0.7774970421901317,1.5065873829827754,0.7590596974052585,-0.1434879155968454,-0.1242665388938497,-0.4012416860546675,0.3744424911473677,-1.060721191718906,69
1.1278255641170531,-0.6636453495797573,-1.3939132574555355,-0.1434879155968454,-0.1242665388938497,-1.213934457288018,-0.9154123258550612,1.632662710543512,67
-1.037313761232021,-0.8305863290076444,1.3841163617196826,-0.1434879155968454,-0.1242665388938497,-1.213934457288018,0.3744424911473677,1.632662710543512,64
1.214431137131016,-0.329763390723983,-0.3521521502648286,-0.1434879155968454,-0.1242665388938497,0.4114510851786828,0.3744424911473677,0.285970759412303,69
1.6474590022008309,-1.1644682878634187,0.5507074759671171,-1.5755493330414962,1.3136126598306066,-0.4012416860546675,1.6642973081497967,0.285970759412303,69
1.474247856172905,-0.4967043701518701,0.9674119188433998,-0.1434879155968454,-0.1242665388938497,-0.4012416860546675,-0.9154123258550612,-1.060721191718906,69
-1.1239193342459837,-1.9991731850028545,1.175764140281541,-0.1434879155968454,-0.1242665388938497,-1.213934457288018,0.3744424911473677,1.632662710543512,63
-0.6908914691761688,-0.4967043701518701,0.5507074759671171,-0.1434879155968454,-1.5621457376183063,1.2241438564120333,0.3744424911473677,0.285970759412303,62
0.4349809800053495,-1.3314092672913058,0.2034537735702149,-0.1434879155968454,-0.1242665388938497,1.2241438564120333,0.3744424911473677,0.285970759412303,68
1.387642283158942,0.3380005269875655,1.0368626593227803,-1.5755493330414962,1.3136126598306066,0.4114510851786828,0.3744424911473677,-1.060721191718906,71
1.214431137131016,0.8388234652712269,0.064552292611454,-1.5755493330414962,-0.1242665388938497,-0.4012416860546675,-0.9154123258550612,-1.060721191718906,69
-0.6908914691761688,1.5065873829827754,-1.7411669598524375,-0.1434879155968454,-1.5621457376183063,-1.213934457288018,-0.9154123258550612,-1.060721191718906,64
1.214431137131016,1.005764444699114,-1.4633639979349158,-0.1434879155968454,1.3136126598306066,0.4114510851786828,0.3744424911473677,1.632662710543512,73
1.0412199911030902,0.0041185681317912,-0.9772088145792528,1.2885735018478053,-0.1242665388938497,0.4114510851786828,0.3744424911473677,1.632662710543512,71
0.9546144180891272,0.0041185681317912,-0.0743491883473068,-0.1434879155968454,1.3136126598306066,-0.4012416860546675,-0.9154123258550612,0.285970759412303,69
0.7814032720612014,-0.1628224112960958,1.3841163617196826,-0.1434879155968454,1.3136126598306066,-1.213934457288018,-0.9154123258550612,0.285970759412303,70
0.4349809800053495,-0.6636453495797573,0.7590596974052585,-1.5755493330414962,1.3136126598306066,1.2241438564120333,-0.9154123258550612,1.632662710543512,67
-0.4310747501342799,3.1759971772616464,0.4812567354877367,1.2885735018478053,-0.1242665388938497,-0.4012416860546675,0.3744424911473677,1.632662710543512,73
0.8680088450751643,0.0041185681317912,-1.324462516976155,-0.1434879155968454,-1.5621457376183063,1.2241438564120333,-0.9154123258550612,0.285970759412303,66
1.474247856172905,-1.3314092672913058,1.453567102199063,-1.5755493330414962,1.3136126598306066,0.4114510851786828,1.6642973081497967,-1.060721191718906,71
0.0019531149355348,-0.9975273084355316,0.8979611783640193,-0.1434879155968454,-0.1242665388938497,-0.4012416860546675,-0.9154123258550612,0.285970759412303,66
1.560853429186868,-0.8305863290076444,-0.2132506693060677,-0.1434879155968454,-0.1242665388938497,-0.4012416860546675,0.3744424911473677,-1.060721191718906,69
-1.4703416263018354,0.3380005269875655,-0.8383073336204918,-1.5755493330414962,1.3136126598306066,-0.4012416860546675,1.6642973081497967,0.285970759412303,62
1.560853429186868,-0.9975273084355316,0.064552292611454,1.2885735018478053,1.3136126598306066,-1.213934457288018,1.6642973081497967,-1.060721191718906,71
0.8680088450751643,0.5049415064154527,0.828510437884639,1.2885735018478053,1.3136126598306066,-0.4012416860546675,-0.9154123258550612,-1.060721191718906,72
-0.5176803231482429,0.5049415064154527,1.3841163617196826,-0.1434879155968454,1.3136126598306066,0.4114510851786828,0.3744424911473677,-1.060721191718906,67
-0.0846524580784281,-0.329763390723983,1.3841163617196826,-0.1434879155968454,1.3136126598306066,-0.4012416860546675,-0.9154123258550612,-1.060721191718906,66
0.9546144180891272,0.3380005269875655,-1.7411669598524375,1.2885735018478053,1.3136126598306066,0.4114510851786828,1.6642973081497967,-1.060721191718906,72
0.1751642609634607,-0.6636453495797573,-0.6994058526617309,-0.1434879155968454,-0.1242665388938497,0.4114510851786828,1.6642973081497967,-1.060721191718906,67
0.5215865530193126,0.0041185681317912,-1.2550117764967743,-0.1434879155968454,-1.5621457376183063,-1.213934457288018,-0.9154123258550612,0.285970759412303,66
-0.9507081882180576,1.3396464035548885,0.4812567354877367,-0.1434879155968454,-0.1242665388938497,-1.213934457288018,-0.9154123258550612,0.285970759412303,67
0.3483754069913866,-0.6636453495797573,-0.4910536312235896,-1.5755493330414962,1.3136126598306066,1.2241438564120333,0.3744424911473677,0.285970759412303,65
-1.730158345343724,0.6718824858433398,0.6896089569258781,-0.1434879155968454,-0.1242665388938497,-0.4012416860546675,1.6642973081497967,1.632662710543512,64
-0.7774970421901317,-0.6636453495797573,-0.4216028907442091,1.2885735018478053,-0.1242665388938497,-0.4012416860546675,1.6642973081497967,-1.060721191718906,65
-1.1239193342459837,0.1710595475596783,-0.9772088145792528,-1.5755493330414962,-0.1242665388938497,-1.213934457288018,-0.9154123258550612,-1.060721191718906,61
-0.5176803231482429,1.1727054241270012,-0.2827014097854482,1.2885735018478053,-0.1242665388938497,-0.4012416860546675,-0.9154123258550612,0.285970759412303,69
-0.5176803231482429,-0.8305863290076444,-1.046659555058633,1.2885735018478053,1.3136126598306066,1.2241438564120333,-0.9154123258550612,-1.060721191718906,66
-0.6042858961622058,1.6735283624106625,-0.3521521502648286,-0.1434879155968454,1.3136126598306066,-1.213934457288018,0.3744424911473677,0.285970759412303,69
1.7340645752147938,-0.4967043701518701,1.5924685831578238,-0.1434879155968454,1.3136126598306066,-1.213934457288018,0.3744424911473677,0.285970759412303,72
-1.2105249072599464,0.1710595475596783,-0.9077580740998724,-0.1434879155968454,-0.1242665388938497,1.2241438564120333,-0.9154123258550612,0.285970759412303,63
0.0885586879494977,-0.329763390723983,-1.3939132574555355,-1.5755493330414962,-0.1242665388938497,1.2241438564120333,-0.9154123258550612,-1.060721191718906,64
0.0885586879494977,-0.6636453495797573,-1.2550117764967743,-0.1434879155968454,-0.1242665388938497,-0.4012416860546675,-0.9154123258550612,0.285970759412303,66
1.560853429186868,0.1710595475596783,-0.6299551121823505,-0.1434879155968454,1.3136126598306066,1.2241438564120333,-0.9154123258550612,1.632662710543512,73
1.1278255641170531,0.8388234652712269,-1.185561036017394,-0.1434879155968454,1.3136126598306066,-1.213934457288018,-0.9154123258550612,1.632662710543512,71
-1.2105249072599464,-0.4967043701518701,0.9674119188433998,-0.1434879155968454,-0.1242665388938497,-0.4012416860546675,-0.9154123258550612,0.285970759412303,64
-1.4703416263018354,-0.8305863290076444,-1.3939132574555355,-1.5755493330414962,-0.1242665388938497,-1.213934457288018,0.3744424911473677,0.285970759412303,59
-0.9507081882180576,0.8388234652712269,0.064552292611454,-0.1434879155968454,1.3136126598306066,-0.4012416860546675,-0.9154123258550612,1.632662710543512,68
-0.9507081882180576,-0.9975273084355316,-0.2827014097854482,-0.1434879155968454,1.3136126598306066,-0.4012416860546675,-0.9154123258550612,0.285970759412303,64
-0.1712580310923911,-0.9975273084355316,1.0368626593227803,1.2885735018478053,1.3136126598306066,-0.4012416860546675,1.6642973081497967,0.285970759412303,68
-0.257863604106354,-0.9975273084355316,-1.046659555058633,-0.1434879155968454,-0.1242665388938497,-0.4012416860546675,1.6642973081497967,1.632662710543512,64
-1.5569471993157984,0.3380005269875655,-1.4633639979349158,-0.1434879155968454,1.3136126598306066,1.2241438564120333,1.6642973081497967,-1.060721191718906,65
-0.6908914691761688,-0.1628224112960958,-1.6022654788936768,-0.1434879155968454,1.3136126598306066,-0.4012416860546675,-0.9154123258550612,-1.060721191718906,64
0.1751642609634607,-1.3314092672913058,0.1340030330908344,-0.1434879155968454,1.3136126598306066,-1.213934457288018,0.3744424911473677,0.285970759412303,66
0.2617698339774236,-0.1628224112960958,0.1340030330908344,-0.1434879155968454,-0.1242665388938497,-0.4012416860546675,-0.9154123258550612,-1.060721191718906,66
0.1751642609634607,-0.329763390723983,-0.5605043717029701,-0.1434879155968454,-1.5621457376183063,-0.4012416860546675,1.6642973081497967,1.632662710543512,66
0.8680088450751643,0.6718824858433398,-0.6994058526617309,-0.1434879155968454,-0.1242665388938497,2.036836627645384,-0.9154123258550612,-1.060721191718906,70
-0.6042858961622058,0.5049415064154527,-1.2550117764967743,-0.1434879155968454,1.3136126598306066,1.2241438564120333,0.3744424911473677,0.285970759412303,67
-1.2971304802739094,-0.1628224112960958,-1.185561036017394,1.2885735018478053,-1.5621457376183063,1.2241438564120333,-0.9154123258550612,0.285970759412303,62
-0.344469177120317,-0.329763390723983,0.2729045140495953,1.2885735018478053,1.3136126598306066,-0.4012416860546675,1.6642973081497967,0.285970759412303,67
-0.0846524580784281,-0.329763390723983,-0.3521521502648286,-0.1434879155968454,-0.1242665388938497,1.2241438564120333,0.3744424911473677,0.285970759412303,68
1.387642283158942,0.1710595475596783,0.2034537735702149,1.2885735018478053,-0.1242665388938497,0.4114510851786828,-0.9154123258550612,1.632662710543512,72
0.0885586879494977,-0.329763390723983,-0.2827014097854482,-1.5755493330414962,1.3136126598306066,-1.213934457288018,-0.9154123258550612,0.285970759412303,65
-1.5569471993157984,0.5049415064154527,-1.6717162193730573,-0.1434879155968454,-0.1242665388938497,2.849529398878734,0.3744424911473677,1.632662710543512,65
-1.4703416263018354,-0.1628224112960958,1.314665621240302,1.2885735018478053,-1.5621457376183063,-0.4012416860546675,-0.9154123258550612,0.285970759412303,64
-0.6042858961622058,-0.6636453495797573,1.453567102199063,1.2885735018478053,-1.5621457376183063,-0.4012416860546675,-0.9154123258550612,0.285970759412303,66
0.6081921260332754,0.5049415064154527,0.828510437884639,1.2885735018478053,1.3136126598306066,-0.4012416860546675,0.3744424911473677,0.285970759412303,73
0.1751642609634607,0.8388234652712269,1.314665621240302,1.2885735018478053,1.3136126598306066,0.4114510851786828,-0.9154123258550612,-1.060721191718906,70
0.5215865530193126,2.174351300694324,-0.4216028907442091,-0.1434879155968454,-0.1242665388938497,-1.213934457288018,0.3744424911473677,0.285970759412303,70
0.4349809800053495,1.3396464035548885,0.4118059950083562,-0.1434879155968454,-0.1242665388938497,0.4114510851786828,-0.9154123258550612,-1.060721191718906,70
1.0412199911030902,1.1727054241270012,-0.9077580740998724,-0.1434879155968454,1.3136126598306066,-1.213934457288018,0.3744424911473677,0.285970759412303,73
1.560853429186868,0.8388234652712269,-1.324462516976155,1.2885735018478053,-1.5621457376183063,-1.213934457288018,1.6642973081497967,0.285970759412303,71
-0.257863604106354,0.6718824858433398,-0.7688565931411113,-0.1434879155968454,-0.1242665388938497,0.4114510851786828,-0.9154123258550612,1.632662710543512,69
1.0412199911030902,-0.4967043701518701,1.2452148807609216,1.2885735018478053,1.3136126598306066,2.036836627645384,0.3744424911473677,0.285970759412303,72
-1.2105249072599464,0.0041185681317912,0.5507074759671171,1.2885735018478053,-0.1242665388938497,-0.4012416860546675,0.3744424911473677,-1.060721191718906,64
-1.3837360532878724,0.5049415064154527,-0.4910536312235896,1.2885735018478053,-0.1242665388938497,1.2241438564120333,-0.9154123258550612,-1.060721191718906,66
0.6081921260332754,0.3380005269875655,-1.046659555058633,-0.1434879155968454,-0.1242665388938497,0.4114510851786828,0.3744424911473677,0.285970759412303,67
-0.4310747501342799,0.3380005269875655,-0.6299551121823505,-1.5755493330414962,-0.1242665388938497,0.4114510851786828,-0.9154123258550612,-1.060721191718906,80
-0.7774970421901317,0.3380005269875655,-1.324462516976155,1.2885735018478053,-1.5621457376183063,-0.4012416860546675,0.3744424911473677,-1.060721191718906,84
0.6947976990472384,0.5049415064154527,0.6201582164464976,1.2885735018478053,-1.5621457376183063,0.4114510851786828,1.6642973081497967,0.285970759412303,71
1.1278255641170531,2.174351300694324,1.5924685831578238,1.2885735018478053,1.3136126598306066,-1.213934457288018,-0.9154123258550612,0.285970759412303,74
-0.1712580310923911,1.1727054241270012,-0.9772088145792528,-0.1434879155968454,1.3136126598306066,-0.4012416860546675,-0.9154123258550612,-1.060721191718906,66
-1.4703416263018354,0.0041185681317912,0.7590596974052585,-0.1434879155968454,-0.1242665388938497,-1.213934457288018,0.3744424911473677,1.632662710543512,64
-0.344469177120317,-0.9975273084355316,-0.7688565931411113,-0.1434879155968454,-1.5621457376183063,1.2241438564120333,0.3744424911473677,0.285970759412303,64
0.3483754069913866,-1.8322322055749671,-0.0743491883473068,-0.1434879155968454,-0.1242665388938497,2.849529398878734,-0.9154123258550612,1.632662710543512,67
-0.5176803231482429,-0.1628224112960958,0.064552292611454,-0.1434879155968454,-0.1242665388938497,2.849529398878734,0.3744424911473677,0.285970759412303,68
-1.6435527723297614,-1.498350246719193,-1.3939132574555355,-1.5755493330414962,1.3136126598306066,2.849529398878734,-0.9154123258550612,1.632662710543512,60
0.1751642609634607,0.8388234652712269,1.6619193236372043,-0.1434879155968454,-0.1242665388938497,1.2241438564120333,-0.9154123258550612,-1.060721191718906,71
-1.2971304802739094,2.508233259550098,0.6201582164464976,-0.1434879155968454,1.3136126598306066,-1.213934457288018,-0.9154123258550612,0.285970759412303,70
-0.257863604106354,-0.9975273084355316,-1.6717162193730573,1.2885735018478053,1.3136126598306066,2.849529398878734,0.3744424911473677,-1.060721191718906,66
0.0019531149355348,-0.1628224112960958,-0.5605043717029701,1.2885735018478053,1.3136126598306066,0.4114510851786828,1.6642973081497967,-1.060721191718906,68
0.5215865530193126,-1.1644682878634187,0.3423552545289758,-0.1434879155968454,-0.1242665388938497,-1.213934457288018,0.3744424911473677,-1.060721191718906,65
0.1751642609634607,0.3380005269875655,-1.4633639979349158,-1.5755493330414962,-0.1242665388938497,0.4114510851786828,0.3744424911473677,0.285970759412303,66
0.0885586879494977,0.5049415064154527,0.8979611783640193,-0.1434879155968454,-0.1242665388938497,-0.4012416860546675,1.6642973081497967,-1.060721191718906,69
-1.2971304802739094,-0.9975273084355316,-1.1161102955380136,-0.1434879155968454,1.3136126598306066,-0.4012416860546675,1.6642973081497967,1.632662710543512,63
-1.4703416263018354,-1.66529122614708,-1.1161102955380136,-0.1434879155968454,1.3136126598306066,-1.213934457288018,1.6642973081497967,0.285970759412303,61
0.1751642609634607,-2.1661141644307413,1.6619193236372043,1.2885735018478053,-0.1242665388938497,0.4114510851786828,1.6642973081497967,0.285970759412303,66
1.474247856172905,-0.329763390723983,-0.0048984478679264,-0.1434879155968454,1.3136126598306066,-1.213934457288018,-0.9154123258550612,-1.060721191718906,69
0.7814032720612014,0.1710595475596783,0.828510437884639,-0.1434879155968454,-1.5621457376183063,1.2241438564120333,0.3744424911473677,0.285970759412303,70
0.3483754069913866,-2.1661141644307413,-0.5605043717029701,1.2885735018478053,-0.1242665388938497,-0.4012416860546675,0.3744424911473677,0.285970759412303,64
0.5215865530193126,1.1727054241270012,-1.1161102955380136,-0.1434879155968454,-1.5621457376183063,-0.4012416860546675,-0.9154123258550612,0.285970759412303,68
-1.2105249072599464,0.1710595475596783,0.064552292611454,-0.1434879155968454,1.3136126598306066,1.2241438564120333,-0.9154123258550612,-1.060721191718906,65
0.5215865530193126,-0.329763390723983,-0.4216028907442091,-1.5755493330414962,1.3136126598306066,0.4114510851786828,-0.9154123258550612,0.285970759412303,68
-0.8641026152040947,1.1727054241270012,0.8979611783640193,-1.5755493330414962,-1.5621457376183063,-0.4012416860546675,-0.9154123258550612,1.632662710543512,65
-0.7774970421901317,0.5049415064154527,0.2729045140495953,-0.1434879155968454,1.3136126598306066,0.4114510851786828,0.3744424911473677,-1.060721191718906,67
0.6081921260332754,0.8388234652712269,-0.0743491883473068,-1.5755493330414962,-0.1242665388938497,-1.213934457288018,-0.9154123258550612,0.285970759412303,67
-1.1239193342459837,-0.4967043701518701,-0.9077580740998724,-1.5755493330414962,-1.5621457376183063,-1.213934457288018,-0.9154123258550612,-1.060721191718906,60
0.4349809800053495,-0.8305863290076444,0.4812567354877367,-0.1434879155968454,1.3136126598306066,0.4114510851786828,-0.9154123258550612,0.285970759412303,67
0.6081921260332754,-0.329763390723983,-1.046659555058633,-1.5755493330414962,-0.1242665388938497,0.4114510851786828,-0.9154123258550612,0.285970759412303,68
-0.344469177120317,-0.6636453495797573,-0.8383073336204918,1.2885735018478053,-0.1242665388938497,-1.213934457288018,-0.9154123258550612,-1.060721191718906,86
1.1278255641170531,-0.9975273084355316,0.5507074759671171,-1.5755493330414962,-0.1242665388938497,2.036836627645384,1.6642973081497967,0.285970759412303,68
1.387642283158942,0.6718824858433398,1.453567102199063,1.2885735018478053,1.3136126598306066,-0.4012416860546675,-0.9154123258550612,0.285970759412303,74
-1.6435527723297614,-0.6636453495797573,0.7590596974052585,-1.5755493330414962,-0.1242665388938497,1.2241438564120333,-0.9154123258550612,0.285970759412303,63
-0.1712580310923911,1.3396464035548885,0.828510437884639,-0.1434879155968454,1.3136126598306066,0.4114510851786828,1.6642973081497967,-1.060721191718906,71
0.7814032720612014,-1.9991731850028545,0.4118059950083562,1.2885735018478053,-0.1242665388938497,2.036836627645384,0.3744424911473677,-1.060721191718906,67
1.0412199911030902,-0.4967043701518701,-0.6299551121823505,1.2885735018478053,-0.1242665388938497,0.4114510851786828,-0.9154123258550612,-1.060721191718906,69
-0.7774970421901317,-0.329763390723983,0.4118059950083562,1.2885735018478053,-0.1242665388938497,-1.213934457288018,0.3744424911473677,0.285970759412303,65
-0.344469177120317,-1.498350246719193,1.175764140281541,-0.1434879155968454,-1.5621457376183063,2.036836627645384,1.6642973081497967,0.285970759412303,65
0.6947976990472384,0.8388234652712269,-0.8383073336204918,-0.1434879155968454,1.3136126598306066,0.4114510851786828,-0.9154123258550612,1.632662710543512,71
1.3010367101449791,1.005764444699114,0.1340030330908344,1.2885735018478053,-1.5621457376183063,-1.213934457288018,-0.9154123258550612,0.285970759412303,70
-0.9507081882180576,-0.1628224112960958,0.4812567354877367,1.2885735018478053,-0.1242665388938497,-0.4012416860546675,-0.9154123258550612,-1.060721191718906,65
0.6947976990472384,-1.66529122614708,-1.046659555058633,-0.1434879155968454,-1.5621457376183063,-0.4012416860546675,-0.9154123258550612,-1.060721191718906,63
0.1751642609634607,0.5049415064154527,-0.6994058526617309,-1.5755493330414962,1.3136126598306066,-0.4012416860546675,-0.9154123258550612,0.285970759412303,68
1.387642283158942,1.005764444699114,-0.8383073336204918,-0.1434879155968454,-0.1242665388938497,-0.4012416860546675,1.6642973081497967,1.632662710543512,72
1.474247856172905,-1.498350246719193,0.5507074759671171,-0.1434879155968454,-0.1242665388938497,2.036836627645384,-0.9154123258550612,0.285970759412303,68
-0.6908914691761688,-0.1628224112960958,-1.6022654788936768,1.2885735018478053,-0.1242665388938497,0.4114510851786828,1.6642973081497967,0.285970759412303,66
-0.344469177120317,0.3380005269875655,-0.6994058526617309,1.2885735018478053,-1.5621457376183063,-1.213934457288018,-0.9154123258550612,0.285970759412303,64
1.1278255641170531,0.0041185681317912,0.5507074759671171,1.2885735018478053,-1.5621457376183063,-1.213934457288018,-0.9154123258550612,0.285970759412303,68
-1.3837360532878724,2.508233259550098,0.6896089569258781,-1.5755493330414962,-0.1242665388938497,0.4114510851786828,-0.9154123258550612,0.285970759412303,68
-0.7774970421901317,-0.4967043701518701,0.5507074759671171,-0.1434879155968454,1.3136126598306066,0.4114510851786828,-0.9154123258550612,0.285970759412303,66
1.3010367101449791,0.0041185681317912,0.1340030330908344,-1.5755493330414962,-1.5621457376183063,-0.4012416860546675,-0.9154123258550612,1.632662710543512,69
1.214431137131016,-0.8305863290076444,-0.7688565931411113,1.2885735018478053,-0.1242665388938497,0.4114510851786828,0.3744424911473677,-1.060721191718906,68
0.6947976990472384,1.6735283624106625,-0.9077580740998724,-0.1434879155968454,-0.1242665388938497,2.036836627645384,0.3744424911473677,-1.060721191718906,73
1.214431137131016,-0.6636453495797573,1.2452148807609216,-0.1434879155968454,-0.1242665388938497,-0.4012416860546675,1.6642973081497967,-1.060721191718906,68
-0.7774970421901317,-0.8305863290076444,-1.7411669598524375,1.2885735018478053,-0.1242665388938497,-0.4012416860546675,1.6642973081497967,0.285970759412303,62
0.9546144180891272,0.5049415064154527,1.2452148807609216,-0.1434879155968454,1.3136126598306066,1.2241438564120333,-0.9154123258550612,-1.060721191718906,71
0.3483754069913866,-0.8305863290076444,0.2729045140495953,1.2885735018478053,-0.1242665388938497,-0.4012416860546675,-0.9154123258550612,0.285970759412303,68
-1.6435527723297614,1.005764444699114,-0.7688565931411113,-0.1434879155968454,-0.1242665388938497,-1.213934457288018,1.6642973081497967,0.285970759412303,63
-0.0846524580784281,0.5049415064154527,-1.4633639979349158,1.2885735018478053,1.3136126598306066,-0.4012416860546675,-0.9154123258550612,-1.060721191718906,67
-0.344469177120317,-0.4967043701518701,0.828510437884639,1.2885735018478053,-0.1242665388938497,-0.4012416860546675,-0.9154123258550612,0.285970759412303,68
0.2617698339774236,0.0041185681317912,0.2034537735702149,1.2885735018478053,1.3136126598306066,1.2241438564120333,0.3744424911473677,-1.060721191718906,71
-1.5569471993157984,-2.1661141644307413,-1.6717162193730573,-0.1434879155968454,1.3136126598306066,-1.213934457288018,0.3744424911473677,0.285970759412303,58
0.9546144180891272,0.1710595475596783,-0.0743491883473068,1.2885735018478053,-0.1242665388938497,-1.213934457288018,1.6642973081497967,0.285970759412303,70
0.5215865530193126,2.0074103212664367,0.1340030330908344,-0.1434879155968454,-0.1242665388938497,0.4114510851786828,-0.9154123258550612,0.285970759412303,71
1.0412199911030902,-0.4967043701518701,-0.6994058526617309,-0.1434879155968454,-1.5621457376183063,1.2241438564120333,0.3744424911473677,0.285970759412303,70
1.474247856172905,0.1710595475596783,-0.9772088145792528,1.2885735018478053,1.3136126598306066,-1.213934457288018,1.6642973081497967,-1.060721191718906,70
0.2617698339774236,-0.9975273084355316,0.8979611783640193,1.2885735018478053,-0.1242665388938497,-1.213934457288018,-0.9154123258550612,1.632662710543512,65
0.4349809800053495,0.5049415064154527,1.5924685831578238,1.2885735018478053,-1.5621457376183063,0.4114510851786828,1.6642973081497967,-1.060721191718906,69
-1.6435527723297614,-0.6636453495797573,-1.6717162193730573,-0.1434879155968454,-1.5621457376183063,-0.4012416860546675,-0.9154123258550612,-1.060721191718906,59
-1.6435527723297614,-0.4967043701518701,-0.0743491883473068,-0.1434879155968454,-0.1242665388938497,-1.213934457288018,1.6642973081497967,0.285970759412303,62
-0.1712580310923911,-0.8305863290076444,0.9674119188433998,1.2885735018478053,1.3136126598306066,-1.213934457288018,-0.9154123258550612,0.285970759412303,67
0.1751642609634607,-0.4967043701518701,-0.6994058526617309,-0.1434879155968454,1.3136126598306066,-0.4012416860546675,-0.9154123258550612,0.285970759412303,68
-0.7774970421901317,1.005764444699114,-1.6717162193730573,-0.1434879155968454,1.3136126598306066,-0.4012416860546675,1.6642973081497967,1.632662710543512,67
0.9546144180891272,0.5049415064154527,1.5230178426784435,-1.5755493330414962,1.3136126598306066,0.4114510851786828,0.3744424911473677,-1.060721191718906,71
-0.344469177120317,1.6735283624106625,0.7590596974052585,-0.1434879155968454,-0.1242665388938497,-0.4012416860546675,1.6642973081497967,0.285970759412303,69
0.5215865530193126,-0.4967043701518701,1.5230178426784435,1.2885735018478053,-0.1242665388938497,1.2241438564120333,0.3744424911473677,1.632662710543512,71
1.214431137131016,-0.1628224112960958,0.064552292611454,-1.5755493330414962,-0.1242665388938497,2.036836627645384,-0.9154123258550612,-1.060721191718906,68
0.0885586879494977,1.1727054241270012,-0.3521521502648286,1.2885735018478053,1.3136126598306066,-1.213934457288018,-0.9154123258550612,-1.060721191718906,70
-0.344469177120317,0.5049415064154527,-1.2550117764967743,-0.1434879155968454,-0.1242665388938497,-0.4012416860546675,-0.9154123258550612,0.285970759412303,66
-0.257863604106354,1.6735283624106625,-0.0743491883473068,-1.5755493330414962,-0.1242665388938497,1.2241438564120333,1.6642973081497967,1.632662710543512,70
1.0412199911030902,-1.3314092672913058,0.9674119188433998,-1.5755493330414962,1.3136126598306066,-0.4012416860546675,1.6642973081497967,0.285970759412303,68
-0.6042858961622058,0.8388234652712269,-0.0048984478679264,-0.1434879155968454,-0.1242665388938497,-1.213934457288018,0.3744424911473677,0.285970759412303,67
0.0885586879494977,-0.1628224112960958,-0.9077580740998724,1.2885735018478053,-1.5621457376183063,-0.4012416860546675,-0.9154123258550612,0.285970759412303,64
1.474247856172905,-0.1628224112960958,-1.6717162193730573,-1.5755493330414962,-0.1242665388938497,1.2241438564120333,0.3744424911473677,-1.060721191718906,69
-0.4310747501342799,0.5049415064154527,0.828510437884639,-0.1434879155968454,-0.1242665388938497,-1.213934457288018,-0.9154123258550612,1.632662710543512,66
-1.1239193342459837,-0.6636453495797573,1.6619193236372043,1.2885735018478053,1.3136126598306066,0.4114510851786828,-0.9154123258550612,0.285970759412303,64
-0.344469177120317,-0.6636453495797573,-1.1161102955380136,-0.1434879155968454,-0.1242665388938497,-1.213934457288018,0.3744424911473677,-1.060721191718906,62
-0.0846524580784281,0.0041185681317912,0.5507074759671171,-0.1434879155968454,-0.1242665388938497,1.2241438564120333,0.3744424911473677,-1.060721191718906,67
-1.4703416263018354,-0.9975273084355316,-0.2132506693060677,-1.5755493330414962,-1.5621457376183063,1.2241438564120333,-0.9154123258550612,-1.060721191718906,59
-0.4310747501342799,0.1710595475596783,0.4812567354877367,-1.5755493330414962,-0.1242665388938497,-0.4012416860546675,-0.9154123258550612,0.285970759412303,65
-1.037313761232021,1.6735283624106625,-1.1161102955380136,1.2885735018478053,-0.1242665388938497,1.2241438564120333,0.3744424911473677,-1.060721191718906,68
0.6081921260332754,-0.4967043701518701,1.175764140281541,-0.1434879155968454,-0.1242665388938497,1.2241438564120333,0.3744424911473677,1.632662710543512,68
-0.8641026152040947,-0.9975273084355316,0.8979611783640193,-0.1434879155968454,-0.1242665388938497,-1.213934457288018,0.3744424911473677,1.632662710543512,64
-0.0846524580784281,1.005764444699114,1.0368626593227803,1.2885735018478053,-1.5621457376183063,-1.213934457288018,0.3744424911473677,1.632662710543512,66
-0.6042858961622058,-0.1628224112960958,0.6896089569258781,-0.1434879155968454,-0.1242665388938497,-0.4012416860546675,-0.9154123258550612,0.285970759412303,65
-0.8641026152040947,-0.329763390723983,-1.6717162193730573,-0.1434879155968454,-0.1242665388938497,-0.4012416860546675,0.3744424911473677,-1.060721191718906,62
1.6474590022008309,-0.6636453495797573,-1.046659555058633,1.2885735018478053,-0.1242665388938497,0.4114510851786828,1.6642973081497967,-1.060721191718906,71
-0.6042858961622058,-0.4967043701518701,1.0368626593227803,-0.1434879155968454,1.3136126598306066,-0.4012416860546675,-0.9154123258550612,-1.060721191718906,67
0.3483754069913866,0.0041185681317912,-0.9077580740998724,-0.1434879155968454,-0.1242665388938497,-0.4012416860546675,0.3744424911473677,0.285970759412303,67
-1.6435527723297614,-1.9991731850028545,-1.4633639979349158,-0.1434879155968454,-0.1242665388938497,-0.4012416860546675,0.3744424911473677,1.632662710543512,60
-0.257863604106354,-0.4967043701518701,-1.5328147384142965,1.2885735018478053,-1.5621457376183063,0.4114510851786828,0.3744424911473677,1.632662710543512,86
0.6081921260332754,-0.1628224112960958,-1.4633639979349158,-0.1434879155968454,-1.5621457376183063,1.2241438564120333,-0.9154123258550612,-1.060721191718906,66
-0.4310747501342799,0.0041185681317912,-0.5605043717029701,-0.1434879155968454,1.3136126598306066,-0.4012416860546675,-0.9154123258550612,-1.060721191718906,66
1.0412199911030902,1.1727054241270012,0.7590596974052585,-0.1434879155968454,-0.1242665388938497,-1.213934457288018,-0.9154123258550612,-1.060721191718906,71
1.387642283158942,1.6735283624106625,-0.0743491883473068,-1.5755493330414962,-0.1242665388938497,-1.213934457288018,-0.9154123258550612,-1.060721191718906,69
-1.5569471993157984,-0.9975273084355316,-0.7688565931411113,-0.1434879155968454,-0.1242665388938497,0.4114510851786828,0.3744424911473677,-1.060721191718906,61
0.3483754069913866,-0.1628224112960958,0.828510437884639,1.2885735018478053,-0.1242665388938497,0.4114510851786828,-0.9154123258550612,-1.060721191718906,69
-1.5569471993157984,-0.1628224112960958,0.5507074759671171,-0.1434879155968454,1.3136126598306066,0.4114510851786828,0.3744424911473677,0.285970759412303,67
0.6081921260332754,0.5049415064154527,1.3841163617196826,1.2885735018478053,-0.1242665388938497,1.2241438564120333,-0.9154123258550612,1.632662710543512,73
1.560853429186868,0.1710595475596783,-0.3521521502648286,-1.5755493330414962,-1.5621457376183063,-0.4012416860546675,-0.9154123258550612,0.285970759412303,68
-0.257863604106354,-1.66529122614708,1.6619193236372043,1.2885735018478053,-0.1242665388938497,-1.213934457288018,-0.9154123258550612,0.285970759412303,64
-1.5569471993157984,-0.1628224112960958,-1.046659555058633,-1.5755493330414962,1.3136126598306066,-0.4012416860546675,0.3744424911473677,-1.060721191718906,61
1.7340645752147938,1.6735283624106625,-0.0048984478679264,1.2885735018478053,1.3136126598306066,-1.213934457288018,0.3744424911473677,-1.060721191718906,75
-1.2105249072599464,-0.6636453495797573,-0.4910536312235896,1.2885735018478053,1.3136126598306066,0.4114510851786828,1.6642973081497967,-1.060721191718906,65
-0.257863604106354,1.005764444699114,1.5924685831578238,-0.1434879155968454,-0.1242665388938497,-1.213934457288018,1.6642973081497967,1.632662710543512,69
1.1278255641170531,-0.8305863290076444,0.7590596974052585,-0.1434879155968454,-0.1242665388938497,-1.213934457288018,0.3744424911473677,-1.060721191718906,66
-0.4310747501342799,-0.329763390723983,0.5507074759671171,-0.1434879155968454,1.3136126598306066,0.4114510851786828,1.6642973081497967,-1.060721191718906,67
0.1751642609634607,0.0041185681317912,-0.4910536312235896,-1.5755493330414962,-0.1242665388938497,0.4114510851786828,-0.9154123258550612,-1.060721191718906,67
0.9546144180891272,-1.66529122614708,-1.6717162193730573,1.2885735018478053,1.3136126598306066,-1.213934457288018,1.6642973081497967,-1.060721191718906,67
0.0019531149355348,0.5049415064154527,-0.5605043717029701,-0.1434879155968454,-0.1242665388938497,0.4114510851786828,-0.9154123258550612,-1.060721191718906,67
-0.344469177120317,1.3396464035548885,-0.5605043717029701,-1.5755493330414962,-1.5621457376183063,-0.4012416860546675,0.3744424911473677,1.632662710543512,66
1.7340645752147938,0.5049415064154527,-1.1161102955380136,-1.5755493330414962,1.3136126598306066,0.4114510851786828,-0.9154123258550612,0.285970759412303,72
1.474247856172905,1.6735283624106625,-0.6299551121823505,1.2885735018478053,-0.1242665388938497,-0.4012416860546675,0.3744424911473677,0.285970759412303,74
-1.1239193342459837,-0.1628224112960958,0.4812567354877367,-0.1434879155968454,-0.1242665388938497,-0.4012416860546675,-0.9154123258550612,-1.060721191718906,63
1.0412199911030902,0.6718824858433398,0.2034537735702149,1.2885735018478053,-0.1242665388938497,-1.213934457288018,-0.9154123258550612,0.285970759412303,71
1.387642283158942,-1.66529122614708,1.6619193236372043,-0.1434879155968454,-0.1242665388938497,-0.4012416860546675,0.3744424911473677,0.285970759412303,68
-0.6042858961622058,-2.1661141644307413,-0.0048984478679264,-0.1434879155968454,1.3136126598306066,1.2241438564120333,0.3744424911473677,-1.060721191718906,64
1.214431137131016,-0.8305863290076444,0.6201582164464976,-0.1434879155968454,-0.1242665388938497,-1.213934457288018,-0.9154123258550612,0.285970759412303,68
-1.4703416263018354,-0.9975273084355316,-0.7688565931411113,-0.1434879155968454,-0.1242665388938497,-0.4012416860546675,-0.9154123258550612,-1.060721191718906,61
1.214431137131016,0.0041185681317912,1.453567102199063,-0.1434879155968454,-1.5621457376183063,0.4114510851786828,0.3744424911473677,0.285970759412303,70
0.5215865530193126,0.1710595475596783,-1.1161102955380136,-1.5755493330414962,-0.1242665388938497,0.4114510851786828,0.3744424911473677,0.285970759412303,69
-0.344469177120317,0.1710595475596783,-0.2132506693060677,1.2885735018478053,1.3136126598306066,-0.4012416860546675,-0.9154123258550612,-1.060721191718906,67
-0.344469177120317,-0.4967043701518701,-1.185561036017394,-0.1434879155968454,1.3136126598306066,2.036836627645384,1.6642973081497967,0.285970759412303,67
-0.0846524580784281,-0.9975273084355316,-1.046659555058633,-1.5755493330414962,-0.1242665388938497,1.2241438564120333,-0.9154123258550612,-1.060721191718906,64
-0.6042858961622058,-0.9975273084355316,1.453567102199063,-1.5755493330414962,-0.1242665388938497,-0.4012416860546675,-0.9154123258550612,-1.060721191718906,62
0.1751642609634607,-0.329763390723983,0.8979611783640193,-0.1434879155968454,-0.1242665388938497,1.2241438564120333,0.3744424911473677,-1.060721191718906,67
-1.5569471993157984,0.1710595475596783,-0.0743491883473068,-1.5755493330414962,-0.1242665388938497,-1.213934457288018,1.6642973081497967,-1.060721191718906,62
0.7814032720612014,0.3380005269875655,0.3423552545289758,1.2885735018478053,1.3136126598306066,-0.4012416860546675,-0.9154123258550612,1.632662710543512,73
1.474247856172905,-1.3314092672913058,0.2729045140495953,-0.1434879155968454,-1.5621457376183063,-0.4012416860546675,-0.9154123258550612,0.285970759412303,65
0.0019531149355348,0.0041185681317912,-1.5328147384142965,-1.5755493330414962,1.3136126598306066,-1.213934457288018,0.3744424911473677,-1.060721191718906,65
-0.6042858961622058,0.1710595475596783,-1.324462516976155,-0.1434879155968454,-0.1242665388938497,2.849529398878734,-0.9154123258550612,1.632662710543512,66
1.1278255641170531,1.005764444699114,0.3423552545289758,-0.1434879155968454,1.3136126598306066,2.036836627645384,0.3744424911473677,-1.060721191718906,73
-1.730158345343724,1.005764444699114,1.314665621240302,-0.1434879155968454,-0.1242665388938497,1.2241438564120333,-0.9154123258550612,1.632662710543512,68
-1.3837360532878724,0.8388234652712269,1.1063133998021608,-1.5755493330414962,-0.1242665388938497,-0.4012416860546675,0.3744424911473677,-1.060721191718906,66
1.474247856172905,-1.498350246719193,-1.046659555058633,1.2885735018478053,-0.1242665388938497,-1.213934457288018,-0.9154123258550612,0.285970759412303,67
0.8680088450751643,-1.3314092672913058,1.2452148807609216,-0.1434879155968454,-0.1242665388938497,1.2241438564120333,-0.9154123258550612,1.632662710543512,68
1.474247856172905,-0.6636453495797573,1.175764140281541,-0.1434879155968454,-0.1242665388938497,-1.213934457288018,0.3744424911473677,1.632662710543512,71
-1.3837360532878724,-0.1628224112960958,-0.9077580740998724,-0.1434879155968454,-1.5621457376183063,-1.213934457288018,0.3744424911473677,1.632662710543512,61
-1.2971304802739094,-0.4967043701518701,-0.2132506693060677,1.2885735018478053,1.3136126598306066,-0.4012416860546675,0.3744424911473677,-1.060721191718906,65
1.214431137131016,-0.329763390723983,-0.2827014097854482,-0.1434879155968454,-0.1242665388938497,0.4114510851786828,1.6642973081497967,1.632662710543512,69
-1.1239193342459837,1.1727054241270012,1.314665621240302,1.2885735018478053,1.3136126598306066,-1.213934457288018,0.3744424911473677,1.632662710543512,70
-0.5176803231482429,-0.4967043701518701,-0.7688565931411113,-1.5755493330414962,-0.1242665388938497,0.4114510851786828,-0.9154123258550612,0.285970759412303,63
-0.8641026152040947,-1.8322322055749671,0.4812567354877367,-0.1434879155968454,1.3136126598306066,0.4114510851786828,-0.9154123258550612,1.632662710543512,62
-0.6042858961622058,-0.329763390723983,-0.0048984478679264,-0.1434879155968454,-0.1242665388938497,-1.213934457288018,0.3744424911473677,1.632662710543512,64
0.0885586879494977,-1.1644682878634187,0.6896089569258781,-0.1434879155968454,-1.5621457376183063,-0.4012416860546675,-0.9154123258550612,-1.060721191718906,63
0.6947976990472384,0.0041185681317912,-1.4633639979349158,-0.1434879155968454,-0.1242665388938497,-1.213934457288018,-0.9154123258550612,1.632662710543512,66
0.1751642609634607,-1.498350246719193,-0.8383073336204918,-0.1434879155968454,1.3136126598306066,-0.4012416860546675,-0.9154123258550612,0.285970759412303,65
-0.5176803231482429,-0.6636453495797573,-0.0743491883473068,1.2885735018478053,-0.1242665388938497,2.036836627645384,-0.9154123258550612,-1.060721191718906,66
0.6947976990472384,1.1727054241270012,1.0368626593227803,-0.1434879155968454,-0.1242665388938497,1.2241438564120333,1.6642973081497967,0.285970759412303,74
0.4349809800053495,-0.6636453495797573,0.7590596974052585,-0.1434879155968454,-0.1242665388938497,1.2241438564120333,-0.9154123258550612,0.285970759412303,67
0.4349809800053495,0.5049415064154527,0.1340030330908344,1.2885735018478053,-1.5621457376183063,-1.213934457288018,0.3744424911473677,1.632662710543512,70
1.3010367101449791,0.0041185681317912,0.828510437884639,-0.1434879155968454,1.3136126598306066,-1.213934457288018,1.6642973081497967,-1.060721191718906,71
-0.0846524580784281,0.6718824858433398,0.8979611783640193,1.2885735018478053,-1.5621457376183063,-1.213934457288018,-0.9154123258550612,0.285970759412303,67
1.0412199911030902,0.5049415064154527,-1.185561036017394,1.2885735018478053,1.3136126598306066,0.4114510851786828,1.6642973081497967,-1.060721191718906,71
1.1278255641170531,0.5049415064154527,-1.2550117764967743,-0.1434879155968454,1.3136126598306066,-0.4012416860546675,1.6642973081497967,1.632662710543512,72
1.214431137131016,0.3380005269875655,-1.5328147384142965,-1.5755493330414962,-1.5621457376183063,-0.4012416860546675,0.3744424911473677,0.285970759412303,68
0.7814032720612014,2.675174238977985,-0.9077580740998724,-1.5755493330414962,1.3136126598306066,0.4114510851786828,0.3744424911473677,-1.060721191718906,72
-0.8641026152040947,0.6718824858433398,-1.4633639979349158,1.2885735018478053,-0.1242665388938497,-0.4012416860546675,-0.9154123258550612,1.632662710543512,64
-1.6435527723297614,-0.9975273084355316,-0.9077580740998724,1.2885735018478053,-1.5621457376183063,-1.213934457288018,0.3744424911473677,1.632662710543512,60
0.8680088450751643,0.1710595475596783,1.6619193236372043,-0.1434879155968454,-0.1242665388938497,0.4114510851786828,0.3744424911473677,-1.060721191718906,70
-0.5176803231482429,1.3396464035548885,1.0368626593227803,1.2885735018478053,-0.1242665388938497,0.4114510851786828,1.6642973081497967,0.285970759412303,72
0.6081921260332754,0.5049415064154527,1.1063133998021608,1.2885735018478053,1.3136126598306066,-1.213934457288018,-0.9154123258550612,1.632662710543512,72
-0.0846524580784281,-0.8305863290076444,0.3423552545289758,-0.1434879155968454,1.3136126598306066,-0.4012416860546675,-0.9154123258550612,1.632662710543512,66
1.560853429186868,0.8388234652712269,1.1063133998021608,-1.5755493330414962,-1.5621457376183063,0.4114510851786828,1.6642973081497967,-1.060721191718906,72
-1.5569471993157984,-1.498350246719193,0.064552292611454,-0.1434879155968454,1.3136126598306066,1.2241438564120333,-0.9154123258550612,1.632662710543512,88
-0.4310747501342799,0.6718824858433398,-0.0048984478679264,1.2885735018478053,-0.1242665388938497,-1.213934457288018,0.3744424911473677,0.285970759412303,69
-1.2105249072599464,-1.1644682878634187,-0.2827014097854482,-0.1434879155968454,1.3136126598306066,1.2241438564120333,-0.9154123258550612,0.285970759412303,64
-0.7774970421901317,-0.8305863290076444,-0.4216028907442091,-0.1434879155968454,1.3136126598306066,1.2241438564120333,1.6642973081497967,0.285970759412303,66
-0.1712580310923911,0.8388234652712269,-1.7411669598524375,1.2885735018478053,-1.5621457376183063,-0.4012416860546675,-0.9154123258550612,1.632662710543512,66
-1.3837360532878724,-1.1644682878634187,0.5507074759671171,1.2885735018478053,-0.1242665388938497,-0.4012416860546675,-0.9154123258550612,1.632662710543512,64
-0.9507081882180576,-2.6669371027144027,1.6619193236372043,1.2885735018478053,-0.1242665388938497,-1.213934457288018,-0.9154123258550612,0.285970759412303,61
-1.2971304802739094,-0.1628224112960958,-1.3939132574555355,-0.1434879155968454,1.3136126598306066,-0.4012416860546675,1.6642973081497967,-1.060721191718906,64
-1.6435527723297614,1.3396464035548885,0.064552292611454,-0.1434879155968454,1.3136126598306066,-0.4012416860546675,-0.9154123258550612,0.285970759412303,67
-1.2971304802739094,0.8388234652712269,-0.7688565931411113,-0.1434879155968454,-1.5621457376183063,-0.4012416860546675,0.3744424911473677,0.285970759412303,64
-0.8641026152040947,0.1710595475596783,0.2034537735702149,1.2885735018478053,-0.1242665388938497,1.2241438564120333,0.3744424911473677,0.285970759412303,65
-1.6435527723297614,-0.6636453495797573,0.6896089569258781,1.2885735018478053,-0.1242665388938497,0.4114510851786828,-0.9154123258550612,0.285970759412303,64
-0.5176803231482429,-1.3314092672913058,-1.3939132574555355,1.2885735018478053,-1.5621457376183063,-1.213934457288018,1.6642973081497967,0.285970759412303,63
-0.7774970421901317,1.005764444699114,-0.6994058526617309,-1.5755493330414962,1.3136126598306066,-0.4012416860546675,0.3744424911473677,-1.060721191718906,66
0.3483754069913866,0.6718824858433398,1.6619193236372043,-0.1434879155968454,-1.5621457376183063,-0.4012416860546675,1.6642973081497967,0.285970759412303,70
0.9546144180891272,1.1727054241270012,-1.5328147384142965,-0.1434879155968454,-0.1242665388938497,-0.4012416860546675,1.6642973081497967,-1.060721191718906,70
0.7814032720612014,-1.3314092672913058,-1.3939132574555355,-1.5755493330414962,-0.1242665388938497,-0.4012416860546675,-0.9154123258550612,-1.060721191718906,63
0.6081921260332754,0.5049415064154527,0.8979611783640193,-0.1434879155968454,-1.5621457376183063,0.4114510851786828,-0.9154123258550612,0.285970759412303,70
0.5215865530193126,2.174351300694324,-0.9772088145792528,-0.1434879155968454,-0.1242665388938497,-0.4012416860546675,-0.9154123258550612,1.632662710543512,72
0.6947976990472384,1.1727054241270012,-1.046659555058633,1.2885735018478053,1.3136126598306066,0.4114510851786828,-0.9154123258550612,-1.060721191718906,72
-0.4310747501342799,-0.9975273084355316,-0.0048984478679264,-0.1434879155968454,-0.1242665388938497,-1.213934457288018,-0.9154123258550612,-1.060721191718906,64
0.1751642609634607,-0.1628224112960958,1.314665621240302,-0.1434879155968454,-0.1242665388938497,-0.4012416860546675,-0.9154123258550612,0.285970759412303,68
-0.6042858961622058,1.8404693418385496,-1.2550117764967743,-0.1434879155968454,1.3136126598306066,0.4114510851786828,-0.9154123258550612,-1.060721191718906,69
1.0412199911030902,-0.1628224112960958,-0.4910536312235896,1.2885735018478053,-1.5621457376183063,0.4114510851786828,-0.9154123258550612,0.285970759412303,69
-1.2105249072599464,0.1710595475596783,-1.324462516976155,-0.1434879155968454,1.3136126598306066,-0.4012416860546675,1.6642973081497967,-1.060721191718906,65
0.9546144180891272,-0.8305863290076444,-0.2132506693060677,-0.1434879155968454,-0.1242665388938497,-1.213934457288018,-0.9154123258550612,0.285970759412303,65
-1.730158345343724,-0.4967043701518701,-0.9772088145792528,-1.5755493330414962,-1.5621457376183063,-0.4012416860546675,1.6642973081497967,-1.060721191718906,61
0.0019531149355348,1.8404693418385496,-0.2827014097854482,-0.1434879155968454,-0.1242665388938497,0.4114510851786828,-0.9154123258550612,-1.060721191718906,71
-0.0846524580784281,-0.329763390723983,-0.0743491883473068,1.2885735018478053,-1.5621457376183063,0.4114510851786828,-0.9154123258550612,-1.060721191718906,64
1.7340645752147938,-0.9975273084355316,0.064552292611454,-1.5755493330414962,-0.1242665388938497,-0.4012416860546675,1.6642973081497967,0.285970759412303,68
0.6947976990472384,-2.6669371027144027,0.828510437884639,1.2885735018478053,-0.1242665388938497,-0.4012416860546675,0.3744424911473677,0.285970759412303,66
0.0885586879494977,-0.8305863290076444,1.7313700641165848,-0.1434879155968454,-0.1242665388938497,-0.4012416860546675,1.6642973081497967,-1.060721191718906,67
-0.257863604106354,-0.6636453495797573,-0.4216028907442091,-1.5755493330414962,-0.1242665388938497,-0.4012416860546675,-0.9154123258550612,-1.060721191718906,63
0.6947976990472384,-2.1661141644307413,-0.7688565931411113,1.2885735018478053,-0.1242665388938497,0.4114510851786828,1.6642973081497967,0.285970759412303,66
0.8680088450751643,0.1710595475596783,0.9674119188433998,-1.5755493330414962,1.3136126598306066,-0.4012416860546675,-0.9154123258550612,-1.060721191718906,67
-0.7774970421901317,-1.9991731850028545,1.5230178426784435,-0.1434879155968454,1.3136126598306066,1.2241438564120333,-0.9154123258550612,0.285970759412303,63
-0.0846524580784281,-0.329763390723983,-0.4216028907442091,-0.1434879155968454,-0.1242665388938497,0.4114510851786828,0.3744424911473677,1.632662710543512,67
-1.2971304802739094,-1.1644682878634187,-0.0743491883473068,-0.1434879155968454,1.3136126598306066,-1.213934457288018,-0.9154123258550612,1.632662710543512,60
0.0019531149355348,-0.6636453495797573,-0.8383073336204918,-0.1434879155968454,-1.5621457376183063,0.4114510851786828,0.3744424911473677,-1.060721191718906,63
-1.6435527723297614,1.005764444699114,-0.3521521502648286,-1.5755493330414962,-0.1242665388938497,0.4114510851786828,-0.9154123258550612,-1.060721191718906,64
0.8680088450751643,0.6718824858433398,1.6619193236372043,1.2885735018478053,1.3136126598306066,-1.213934457288018,0.3744424911473677,-1.060721191718906,72
-0.0846524580784281,-0.9975273084355316,-0.3521521502648286,-0.1434879155968454,-0.1242665388938497,-0.4012416860546675,0.3744424911473677,-1.060721191718906,65
1.387642283158942,1.1727054241270012,-0.2827014097854482,-0.1434879155968454,-0.1242665388938497,0.4114510851786828,0.3744424911473677,0.285970759412303,73
-1.6435527723297614,2.341292280122211,-0.0048984478679264,-0.1434879155968454,-1.5621457376183063,-0.4012416860546675,0.3744424911473677,-1.060721191718906,65
-1.6435527723297614,-2.6669371027144027,-0.8383073336204918,1.2885735018478053,-1.5621457376183063,2.036836627645384,-0.9154123258550612,0.285970759412303,59
0.2617698339774236,0.1710595475596783,0.4118059950083562,-0.1434879155968454,1.3136126598306066,1.2241438564120333,1.6642973081497967,1.632662710543512,71
-0.0846524580784281,-1.1644682878634187,-1.5328147384142965,-0.1434879155968454,1.3136126598306066,-0.4012416860546675,0.3744424911473677,0.285970759412303,63
-0.1712580310923911,0.3380005269875655,-0.8383073336204918,-1.5755493330414962,-0.1242665388938497,0.4114510851786828,-0.9154123258550612,0.285970759412303,67
1.3010367101449791,-0.9975273084355316,-1.6717162193730573,-0.1434879155968454,-0.1242665388938497,2.849529398878734,0.3744424911473677,0.285970759412303,70
-0.8641026152040947,0.1710595475596783,-0.0743491883473068,-0.1434879155968454,-0.1242665388938497,0.4114510851786828,1.6642973081497967,0.285970759412303,65
1.3010367101449791,0.0041185681317912,-1.185561036017394,-0.1434879155968454,-0.1242665388938497,-0.4012416860546675,0.3744424911473677,-1.060721191718906,69
0.6947976990472384,0.8388234652712269,-0.9077580740998724,-1.5755493330414962,-0.1242665388938497,0.4114510851786828,-0.9154123258550612,-1.060721191718906,68
0.6947976990472384,0.8388234652712269,-1.6022654788936768,-0.1434879155968454,1.3136126598306066,-0.4012416860546675,-0.9154123258550612,0.285970759412303,70
1.560853429186868,-0.4967043701518701,-0.9077580740998724,-1.5755493330414962,-0.1242665388938497,-0.4012416860546675,0.3744424911473677,0.285970759412303,68
-1.6435527723297614,0.3380005269875655,1.5924685831578238,-1.5755493330414962,-0.1242665388938497,1.2241438564120333,0.3744424911473677,1.632662710543512,65
1.0412199911030902,-1.1644682878634187,0.1340030330908344,1.2885735018478053,1.3136126598306066,0.4114510851786828,1.6642973081497967,1.632662710543512,72
-0.5176803231482429,0.0041185681317912,-0.5605043717029701,-0.1434879155968454,-1.5621457376183063,-1.213934457288018,0.3744424911473677,0.285970759412303,63
-1.3837360532878724,-0.6636453495797573,-0.3521521502648286,1.2885735018478053,-0.1242665388938497,2.849529398878734,-0.9154123258550612,-1.060721191718906,65
0.3483754069913866,-0.4967043701518701,-0.3521521502648286,1.2885735018478053,1.3136126598306066,-0.4012416860546675,-0.9154123258550612,1.632662710543512,68
1.6474590022008309,1.1727054241270012,-1.2550117764967743,-0.1434879155968454,1.3136126598306066,1.2241438564120333,0.3744424911473677,-1.060721191718906,73
1.1278255641170531,-0.1628224112960958,-0.6299551121823505,1.2885735018478053,-1.5621457376183063,-0.4012416860546675,-0.9154123258550612,0.285970759412303,68
-0.1712580310923911,0.0041185681317912,-0.1437999288266873,-0.1434879155968454,-0.1242665388938497,-0.4012416860546675,0.3744424911473677,-1.060721191718906,65
1.1278255641170531,0.3380005269875655,1.5230178426784435,-1.5755493330414962,1.3136126598306066,0.4114510851786828,-0.9154123258550612,0.285970759412303,71
-0.6908914691761688,0.6718824858433398,-0.9772088145792528,1.2885735018478053,1.3136126598306066,1.2241438564120333,-0.9154123258550612,-1.060721191718906,67
0.3483754069913866,-0.1628224112960958,1.5230178426784435,-0.1434879155968454,1.3136126598306066,-0.4012416860546675,-0.9154123258550612,1.632662710543512,68
1.0412199911030902,-1.1644682878634187,1.2452148807609216,-0.1434879155968454,1.3136126598306066,0.4114510851786828,0.3744424911473677,1.632662710543512,69
-1.037313761232021,-0.6636453495797573,-0.7688565931411113,-1.5755493330414962,-0.1242665388938497,0.4114510851786828,-0.9154123258550612,1.632662710543512,61
-0.6908914691761688,0.5049415064154527,-1.6717162193730573,1.2885735018478053,-1.5621457376183063,0.4114510851786828,0.3744424911473677,-1.060721191718906,65
-1.2971304802739094,0.1710595475596783,-0.5605043717029701,1.2885735018478053,-0.1242665388938497,-0.4012416860546675,-0.9154123258550612,-1.060721191718906,64
1.474247856172905,-0.9975273084355316,0.8979611783640193,-0.1434879155968454,-1.5621457376183063,0.4114510851786828,1.6642973081497967,1.632662710543512,71
-0.0846524580784281,0.1710595475596783,0.4812567354877367,1.2885735018478053,-1.5621457376183063,-0.4012416860546675,-0.9154123258550612,1.632662710543512,67
1.3010367101449791,1.1727054241270012,0.8979611783640193,1.2885735018478053,-0.1242665388938497,1.2241438564120333,-0.9154123258550612,0.285970759412303,74
0.2617698339774236,0.0041185681317912,-1.185561036017394,1.2885735018478053,-1.5621457376183063,-1.213934457288018,-0.9154123258550612,-1.060721191718906,66
1.387642283158942,-0.9975273084355316,-0.6299551121823505,1.2885735018478053,-0.1242665388938497,1.2241438564120333,0.3744424911473677,0.285970759412303,70
0.6081921260332754,0.5049415064154527,-0.2132506693060677,1.2885735018478053,-0.1242665388938497,-0.4012416860546675,0.3744424911473677,-1.060721191718906,69
-0.344469177120317,-1.1644682878634187,1.6619193236372043,1.2885735018478053,-0.1242665388938497,0.4114510851786828,-0.9154123258550612,0.285970759412303,66
1.474247856172905,-1.3314092672913058,0.5507074759671171,-1.5755493330414962,-0.1242665388938497,-1.213934457288018,0.3744424911473677,-1.060721191718906,66
0.0885586879494977,-1.66529122614708,0.6896089569258781,-1.5755493330414962,-0.1242665388938497,-0.4012416860546675,0.3744424911473677,-1.060721191718906,63
0.9546144180891272,1.3396464035548885,-0.4216028907442091,1.2885735018478053,-0.1242665388938497,-0.4012416860546675,-0.9154123258550612,0.285970759412303,73
-0.344469177120317,0.8388234652712269,0.9674119188433998,-0.1434879155968454,-0.1242665388938497,1.2241438564120333,-0.9154123258550612,0.285970759412303,69
-1.2105249072599464,1.8404693418385496,0.3423552545289758,1.2885735018478053,-1.5621457376183063,-1.213934457288018,-0.9154123258550612,-1.060721191718906,65
0.7814032720612014,0.0041185681317912,1.3841163617196826,-0.1434879155968454,-1.5621457376183063,1.2241438564120333,-0.9154123258550612,-1.060721191718906,69
0.5215865530193126,-1.9991731850028545,1.5924685831578238,-1.5755493330414962,1.3136126598306066,-0.4012416860546675,0.3744424911473677,-1.060721191718906,65
1.387642283158942,0.3380005269875655,0.6201582164464976,1.2885735018478053,-1.5621457376183063,-0.4012416860546675,-0.9154123258550612,1.632662710543512,71
1.6474590022008309,1.3396464035548885,1.7313700641165848,-1.5755493330414962,1.3136126598306066,3.6622221701120847,-0.9154123258550612,0.285970759412303,76
-0.6908914691761688,0.0041185681317912,0.6201582164464976,1.2885735018478053,-0.1242665388938497,0.4114510851786828,-0.9154123258550612,0.285970759412303,65
0.5215865530193126,1.005764444699114,1.1063133998021608,1.2885735018478053,-0.1242665388938497,1.2241438564120333,-0.9154123258550612,1.632662710543512,72
1.474247856172905,2.0074103212664367,0.4812567354877367,1.2885735018478053,-0.1242665388938497,-0.4012416860546675,-0.9154123258550612,0.285970759412303,74
1.560853429186868,0.3380005269875655,-0.4216028907442091,1.2885735018478053,-0.1242665388938497,-0.4012416860546675,-0.9154123258550612,-1.060721191718906,69
1.560853429186868,-1.3314092672913058,0.828510437884639,1.2885735018478053,-1.5621457376183063,0.4114510851786828,1.6642973081497967,-1.060721191718906,70
-1.2105249072599464,1.1727054241270012,-0.5605043717029701,1.2885735018478053,-1.5621457376183063,-0.4012416860546675,0.3744424911473677,1.632662710543512,65
1.214431137131016,0.8388234652712269,0.6896089569258781,1.2885735018478053,1.3136126598306066,-0.4012416860546675,0.3744424911473677,0.285970759412303,74
0.7814032720612014,0.5049415064154527,-0.6299551121823505,1.2885735018478053,1.3136126598306066,-1.213934457288018,-0.9154123258550612,-1.060721191718906,70
-1.3837360532878724,-0.1628224112960958,-1.2550117764967743,-0.1434879155968454,1.3136126598306066,-1.213934457288018,-0.9154123258550612,0.285970759412303,62
-0.6908914691761688,-0.329763390723983,0.3423552545289758,1.2885735018478053,1.3136126598306066,-0.4012416860546675,-0.9154123258550612,1.632662710543512,66
-1.037313761232021,0.3380005269875655,-1.185561036017394,-1.5755493330414962,-0.1242665388938497,-1.213934457288018,1.6642973081497967,0.285970759412303,64
0.0019531149355348,0.0041185681317912,1.314665621240302,1.2885735018478053,-0.1242665388938497,-1.213934457288018,1.6642973081497967,-1.060721191718906,67
-1.1239193342459837,-0.6636453495797573,0.9674119188433998,1.2885735018478053,-0.1242665388938497,1.2241438564120333,0.3744424911473677,-1.060721191718906,66
1.6474590022008309,-3.000819061570177,-1.6022654788936768,-1.5755493330414962,-0.1242665388938497,-1.213934457288018,-0.9154123258550612,0.285970759412303,62
1.387642283158942,1.8404693418385496,1.2452148807609216,-0.1434879155968454,-0.1242665388938497,1.2241438564120333,-0.9154123258550612,-1.060721191718906,75
0.2617698339774236,0.8388234652712269,-0.7688565931411113,1.2885735018478053,-0.1242665388938497,-1.213934457288018,0.3744424911473677,-1.060721191718906,68
1.214431137131016,-1.1644682878634187,-0.6994058526617309,1.2885735018478053,-1.5621457376183063,0.4114510851786828,1.6642973081497967,0.285970759412303,68
-0.6042858961622058,-0.8305863290076444,0.064552292611454,-0.1434879155968454,-0.1242665388938497,0.4114510851786828,-0.9154123258550612,-1.060721191718906,64
0.0885586879494977,0.6718824858433398,-0.5605043717029701,-0.1434879155968454,-1.5621457376183063,-1.213934457288018,-0.9154123258550612,0.285970759412303,66
0.3483754069913866,1.1727054241270012,1.5924685831578238,-0.1434879155968454,-0.1242665388938497,-1.213934457288018,-0.9154123258550612,-1.060721191718906,69
0.7814032720612014,-0.8305863290076444,1.5924685831578238,-1.5755493330414962,1.3136126598306066,-1.213934457288018,0.3744424911473677,-1.060721191718906,67
-0.0846524580784281,1.3396464035548885,1.314665621240302,1.2885735018478053,-0.1242665388938497,0.4114510851786828,0.3744424911473677,-1.060721191718906,72
0.4349809800053495,0.8388234652712269,-1.7411669598524375,1.2885735018478053,1.3136126598306066,-0.4012416860546675,0.3744424911473677,1.632662710543512,70
-1.6435527723297614,-0.329763390723983,-0.5605043717029701,-1.5755493330414962,-0.1242665388938497,0.4114510851786828,-0.9154123258550612,1.632662710543512,62
1.387642283158942,1.8404693418385496,1.453567102199063,-1.5755493330414962,-0.1242665388938497,1.2241438564120333,0.3744424911473677,-1.060721191718906,74
0.9546144180891272,-1.498350246719193,-0.9772088145792528,-1.5755493330414962,-0.1242665388938497,-0.4012416860546675,1.6642973081497967,1.632662710543512,65
1.6474590022008309,-0.329763390723983,-1.4633639979349158,1.2885735018478053,-0.1242665388938497,-1.213934457288018,1.6642973081497967,0.285970759412303,70
-0.7774970421901317,0.0041185681317912,-0.4910536312235896,-0.1434879155968454,-1.5621457376183063,-0.4012416860546675,-0.9154123258550612,-1.060721191718906,63
0.0019531149355348,-1.3314092672913058,1.175764140281541,1.2885735018478053,1.3136126598306066,-0.4012416860546675,1.6642973081497967,1.632662710543512,70
-1.037313761232021,-1.3314092672913058,0.8979611783640193,1.2885735018478053,-0.1242665388938497,1.2241438564120333,1.6642973081497967,-1.060721191718906,64
0.6081921260332754,1.6735283624106625,-0.0048984478679264,-0.1434879155968454,-1.5621457376183063,1.2241438564120333,0.3744424911473677,-1.060721191718906,71
-1.6435527723297614,-0.329763390723983,-1.324462516976155,-0.1434879155968454,-0.1242665388938497,1.2241438564120333,-0.9154123258550612,-1.060721191718906,62
-1.3837360532878724,-0.4967043701518701,-1.046659555058633,-0.1434879155968454,-0.1242665388938497,-0.4012416860546675,-0.9154123258550612,0.285970759412303,61
0.7814032720612014,-0.1628224112960958,1.175764140281541,1.2885735018478053,-0.1242665388938497,2.849529398878734,1.6642973081497967,0.285970759412303,74
0.8680088450751643,-0.329763390723983,-0.6994058526617309,-0.1434879155968454,-0.1242665388938497,2.036836627645384,0.3744424911473677,0.285970759412303,69
-1.6435527723297614,1.005764444699114,-0.3521521502648286,-0.1434879155968454,1.3136126598306066,-0.4012416860546675,1.6642973081497967,0.285970759412303,65
0.2617698339774236,-1.498350246719193,-1.3939132574555355,-1.5755493330414962,-0.1242665388938497,-1.213934457288018,1.6642973081497967,-1.060721191718906,62
0.7814032720612014,0.3380005269875655,1.2452148807609216,1.2885735018478053,-0.1242665388938497,0.4114510851786828,-0.9154123258550612,1.632662710543512,72
-0.9507081882180576,-0.4967043701518701,0.5507074759671171,-0.1434879155968454,1.3136126598306066,0.4114510851786828,0.3744424911473677,0.285970759412303,66
1.214431137131016,-1.498350246719193,-0.6299551121823505,-1.5755493330414962,-0.1242665388938497,-0.4012416860546675,-0.9154123258550612,1.632662710543512,65
-0.7774970421901317,-0.329763390723983,-0.2132506693060677,-0.1434879155968454,-0.1242665388938497,-1.213934457288018,-0.9154123258550612,-1.060721191718906,63
-0.8641026152040947,-1.66529122614708,1.6619193236372043,1.2885735018478053,1.3136126598306066,-0.4012416860546675,-0.9154123258550612,0.285970759412303,65
-1.2105249072599464,-0.4967043701518701,-1.4633639979349158,-0.1434879155968454,1.3136126598306066,0.4114510851786828,-0.9154123258550612,1.632662710543512,63
-0.7774970421901317,1.8404693418385496,-0.6299551121823505,1.2885735018478053,-1.5621457376183063,1.2241438564120333,-0.9154123258550612,-1.060721191718906,67
1.560853429186868,1.6735283624106625,-0.9772088145792528,-0.1434879155968454,-1.5621457376183063,-1.213934457288018,1.6642973081497967,-1.060721191718906,72
1.387642283158942,1.005764444699114,-0.7688565931411113,1.2885735018478053,1.3136126598306066,0.4114510851786828,-0.9154123258550612,0.285970759412303,72
0.9546144180891272,0.0041185681317912,-0.7688565931411113,-0.1434879155968454,1.3136126598306066,-1.213934457288018,-0.9154123258550612,1.632662710543512,69
-1.5569471993157984,0.1710595475596783,-1.7411669598524375,1.2885735018478053,-1.5621457376183063,-0.4012416860546675,-0.9154123258550612,1.632662710543512,60
0.9546144180891272,-0.1628224112960958,-1.1161102955380136,-1.5755493330414962,1.3136126598306066,2.849529398878734,0.3744424911473677,0.285970759412303,70
-1.5569471993157984,-0.1628224112960958,0.9674119188433998,-1.5755493330414962,-0.1242665388938497,1.2241438564120333,-0.9154123258550612,0.285970759412303,63
0.5215865530193126,1.005764444699114,0.4812567354877367,1.2885735018478053,-1.5621457376183063,0.4114510851786828,-0.9154123258550612,-1.060721191718906,70
0.5215865530193126,1.005764444699114,0.5507074759671171,1.2885735018478053,-0.1242665388938497,0.4114510851786828,-0.9154123258550612,-1.060721191718906,72
0.0885586879494977,0.8388234652712269,0.6896089569258781,-0.1434879155968454,1.3136126598306066,1.2241438564120333,1.6642973081497967,0.285970759412303,71
-0.9507081882180576,-0.8305863290076444,-1.5328147384142965,-0.1434879155968454,-0.1242665388938497,-1.213934457288018,-0.9154123258550612,1.632662710543512,60
-0.257863604106354,0.5049415064154527,-1.6717162193730573,1.2885735018478053,1.3136126598306066,-0.4012416860546675,0.3744424911473677,-1.060721191718906,67
-0.6042858961622058,1.3396464035548885,-0.2827014097854482,-0.1434879155968454,1.3136126598306066,-1.213934457288018,0.3744424911473677,0.285970759412303,69
-0.1712580310923911,-0.329763390723983,-0.1437999288266873,-1.5755493330414962,-0.1242665388938497,-0.4012416860546675,-0.9154123258550612,1.632662710543512,65
-1.4703416263018354,0.3380005269875655,0.3423552545289758,-1.5755493330414962,-0.1242665388938497,0.4114510851786828,0.3744424911473677,1.632662710543512,64
-1.037313761232021,2.675174238977985,-0.0743491883473068,-0.1434879155968454,-0.1242665388938497,0.4114510851786828,-0.9154123258550612,0.285970759412303,70
-1.5569471993157984,1.005764444699114,-0.2132506693060677,-1.5755493330414962,1.3136126598306066,-0.4012416860546675,0.3744424911473677,0.285970759412303,64
-0.6042858961622058,-2.1661141644307413,-0.0048984478679264,-0.1434879155968454,-0.1242665388938497,-0.4012416860546675,0.3744424911473677,1.632662710543512,64
-1.4703416263018354,-0.6636453495797573,0.2729045140495953,-0.1434879155968454,-0.1242665388938497,0.4114510851786828,0.3744424911473677,-1.060721191718906,63
0.6947976990472384,0.6718824858433398,-0.2827014097854482,-1.5755493330414962,-0.1242665388938497,-0.4012416860546675,0.3744424911473677,-1.060721191718906,67
-0.7774970421901317,-1.9991731850028545,-1.3939132574555355,-0.1434879155968454,1.3136126598306066,-0.4012416860546675,0.3744424911473677,-1.060721191718906,62
1.560853429186868,0.0041185681317912,1.0368626593227803,1.2885735018478053,-0.1242665388938497,0.4114510851786828,0.3744424911473677,0.285970759412303,73
1.214431137131016,0.1710595475596783,1.0368626593227803,-1.5755493330414962,-0.1242665388938497,-0.4012416860546675,1.6642973081497967,0.285970759412303,71
0.6081921260332754,-0.6636453495797573,1.453567102199063,-0.1434879155968454,-1.5621457376183063,-0.4012416860546675,0.3744424911473677,-1.060721191718906,66
1.0412199911030902,0.5049415064154527,1.2452148807609216,-0.1434879155968454,1.3136126598306066,-1.213934457288018,-0.9154123258550612,1.632662710543512,72
-0.8641026152040947,1.6735283624106625,0.5507074759671171,1.2885735018478053,-0.1242665388938497,-0.4012416860546675,1.6642973081497967,1.632662710543512,71
-1.2971304802739094,1.005764444699114,-0.5605043717029701,-0.1434879155968454,-1.5621457376183063,2.036836627645384,-0.9154123258550612,1.632662710543512,65
0.8680088450751643,0.0041185681317912,0.8979611783640193,-1.5755493330414962,1.3136126598306066,1.2241438564120333,-0.9154123258550612,-1.060721191718906,69
1.3010367101449791,-1.66529122614708,-0.0743491883473068,-1.5755493330414962,1.3136126598306066,0.4114510851786828,-0.9154123258550612,-1.060721191718906,66
-1.2971304802739094,0.8388234652712269,0.064552292611454,1.2885735018478053,1.3136126598306066,-0.4012416860546675,-0.9154123258550612,1.632662710543512,67
-1.730158345343724,-2.1661141644307413,-0.4216028907442091,1.2885735018478053,-0.1242665388938497,-1.213934457288018,0.3744424911473677,-1.060721191718906,59
-1.037313761232021,-1.3314092672913058,-1.6022654788936768,-1.5755493330414962,1.3136126598306066,2.849529398878734,0.3744424911473677,1.632662710543512,63
-0.4310747501342799,1.005764444699114,-1.324462516976155,-0.1434879155968454,-1.5621457376183063,-0.4012416860546675,-0.9154123258550612,-1.060721191718906,66
1.1278255641170531,0.3380005269875655,0.2729045140495953,-0.1434879155968454,1.3136126598306066,0.4114510851786828,1.6642973081497967,0.285970759412303,73
1.1278255641170531,1.005764444699114,0.2034537735702149,-0.1434879155968454,-0.1242665388938497,0.4114510851786828,1.6642973081497967,0.285970759412303,72
1.6474590022008309,-0.8305863290076444,-0.1437999288266873,-0.1434879155968454,1.3136126598306066,-0.4012416860546675,-0.9154123258550612,-1.060721191718906,69
1.6474590022008309,0.3380005269875655,0.828510437884639,-1.5755493330414962,-0.1242665388938497,-0.4012416860546675,-0.9154123258550612,0.285970759412303,70
-0.257863604106354,0.1710595475596783,0.828510437884639,-0.1434879155968454,1.3136126598306066,-0.4012416860546675,0.3744424911473677,-1.060721191718906,67
0.7814032720612014,1.3396464035548885,1.5230178426784435,1.2885735018478053,-0.1242665388938497,1.2241438564120333,-0.9154123258550612,0.285970759412303,75
-0.6908914691761688,0.5049415064154527,0.6201582164464976,-0.1434879155968454,-1.5621457376183063,-1.213934457288018,-0.9154123258550612,0.285970759412303,66
1.474247856172905,-0.1628224112960958,0.2034537735702149,-0.1434879155968454,1.3136126598306066,0.4114510851786828,-0.9154123258550612,-1.060721191718906,71
1.214431137131016,0.5049415064154527,-0.0048984478679264,-1.5755493330414962,-1.5621457376183063,1.2241438564120333,1.6642973081497967,-1.060721191718906,69
-0.1712580310923911,0.6718824858433398,1.314665621240302,-1.5755493330414962,1.3136126598306066,-1.213934457288018,-0.9154123258550612,-1.060721191718906,67
1.3010367101449791,1.1727054241270012,0.4118059950083562,1.2885735018478053,-0.1242665388938497,1.2241438564120333,-0.9154123258550612,-1.060721191718906,72
0.3483754069913866,-0.1628224112960958,0.6201582164464976,-0.1434879155968454,-0.1242665388938497,1.2241438564120333,1.6642973081497967,0.285970759412303,69
-0.8641026152040947,0.0041185681317912,1.1063133998021608,-0.1434879155968454,-0.1242665388938497,-0.4012416860546675,-0.9154123258550612,-1.060721191718906,63
1.387642283158942,-1.9991731850028545,1.7313700641165848,-0.1434879155968454,-0.1242665388938497,-0.4012416860546675,-0.9154123258550612,1.632662710543512,68
0.3483754069913866,-1.1644682878634187,0.2034537735702149,-0.1434879155968454,-0.1242665388938497,-0.4012416860546675,-0.9154123258550612,-1.060721191718906,65
-1.2971304802739094,-0.4967043701518701,0.2729045140495953,1.2885735018478053,-0.1242665388938497,-1.213934457288018,-0.9154123258550612,0.285970759412303,62
1.387642283158942,-0.1628224112960958,-0.5605043717029701,1.2885735018478053,-0.1242665388938497,2.036836627645384,-0.9154123258550612,1.632662710543512,72
-1.5569471993157984,0.0041185681317912,1.5924685831578238,-0.1434879155968454,1.3136126598306066,-1.213934457288018,1.6642973081497967,1.632662710543512,67
-1.037313761232021,0.3380005269875655,-1.324462516976155,1.2885735018478053,1.3136126598306066,1.2241438564120333,1.6642973081497967,0.285970759412303,67
0.7814032720612014,0.0041185681317912,0.4812567354877367,-0.1434879155968454,1.3136126598306066,0.4114510851786828,0.3744424911473677,1.632662710543512,72
-0.7774970421901317,-0.329763390723983,0.3423552545289758,-1.5755493330414962,-1.5621457376183063,-0.4012416860546675,1.6642973081497967,0.285970759412303,63
1.6474590022008309,-1.1644682878634187,0.4118059950083562,1.2885735018478053,-0.1242665388938497,-1.213934457288018,1.6642973081497967,0.285970759412303,71
1.560853429186868,1.3396464035548885,-1.1161102955380136,-0.1434879155968454,-0.1242665388938497,-0.4012416860546675,-0.9154123258550612,-1.060721191718906,72
-0.1712580310923911,1.5065873829827754,-0.6299551121823505,-0.1434879155968454,1.3136126598306066,0.4114510851786828,-0.9154123258550612,-1.060721191718906,69
1.6474590022008309,-0.4967043701518701,-1.1161102955380136,1.2885735018478053,-0.1242665388938497,-1.213934457288018,-0.9154123258550612,0.285970759412303,68
1.0412199911030902,-0.4967043701518701,1.0368626593227803,1.2885735018478053,1.3136126598306066,-0.4012416860546675,0.3744424911473677,1.632662710543512,71
1.214431137131016,-1.3314092672913058,-0.4910536312235896,1.2885735018478053,1.3136126598306066,-0.4012416860546675,-0.9154123258550612,1.632662710543512,69
-1.4703416263018354,1.1727054241270012,1.175764140281541,1.2885735018478053,1.3136126598306066,-1.213934457288018,0.3744424911473677,-1.060721191718906,68
0.7814032720612014,0.0041185681317912,1.1063133998021608,1.2885735018478053,1.3136126598306066,1.2241438564120333,0.3744424911473677,0.285970759412303,72
-0.0846524580784281,-0.1628224112960958,-1.046659555058633,-0.1434879155968454,-0.1242665388938497,-0.4012416860546675,-0.9154123258550612,-1.060721191718906,63
0.7814032720612014,-1.8322322055749671,-0.4910536312235896,-1.5755493330414962,-0.1242665388938497,-0.4012416860546675,-0.9154123258550612,1.632662710543512,65
1.560853429186868,1.005764444699114,0.8979611783640193,-1.5755493330414962,1.3136126598306066,-0.4012416860546675,0.3744424911473677,0.285970759412303,72
-0.6042858961622058,1.005764444699114,-0.2132506693060677,1.2885735018478053,-1.5621457376183063,-0.4012416860546675,0.3744424911473677,-1.060721191718906,65
-0.6042858961622058,0.8388234652712269,0.2729045140495953,-0.1434879155968454,-1.5621457376183063,-0.4012416860546675,-0.9154123258550612,-1.060721191718906,65
-1.2971304802739094,0.5049415064154527,1.314665621240302,-0.1434879155968454,-0.1242665388938497,-0.4012416860546675,0.3744424911473677,1.632662710543512,66
0.4349809800053495,1.3396464035548885,-1.1161102955380136,-1.5755493330414962,-0.1242665388938497,-0.4012416860546675,1.6642973081497967,-1.060721191718906,67
-0.344469177120317,-0.1628224112960958,0.064552292611454,-1.5755493330414962,1.3136126598306066,-1.213934457288018,1.6642973081497967,1.632662710543512,66
-0.4310747501342799,0.1710595475596783,-0.3521521502648286,-0.1434879155968454,-0.1242665388938497,1.2241438564120333,1.6642973081497967,0.285970759412303,67
-0.7774970421901317,2.174351300694324,0.6201582164464976,-0.1434879155968454,-1.5621457376183063,-0.4012416860546675,-0.9154123258550612,0.285970759412303,68
0.1751642609634607,0.3380005269875655,0.5507074759671171,1.2885735018478053,1.3136126598306066,-0.4012416860546675,0.3744424911473677,-1.060721191718906,69
0.3483754069913866,-0.1628224112960958,0.6896089569258781,-1.5755493330414962,1.3136126598306066,-0.4012416860546675,-0.9154123258550612,1.632662710543512,68
0.5215865530193126,-0.329763390723983,-0.7688565931411113,-1.5755493330414962,-1.5621457376183063,1.2241438564120333,-0.9154123258550612,-1.060721191718906,66
1.3010367101449791,1.3396464035548885,-0.5605043717029701,-0.1434879155968454,1.3136126598306066,0.4114510851786828,-0.9154123258550612,0.285970759412303,73
1.0412199911030902,-0.1628224112960958,-1.6022654788936768,-0.1434879155968454,1.3136126598306066,1.2241438564120333,-0.9154123258550612,1.632662710543512,70
-1.3837360532878724,-0.9975273084355316,0.6896089569258781,-0.1434879155968454,-0.1242665388938497,-1.213934457288018,-0.9154123258550612,0.285970759412303,62
0.0019531149355348,-1.66529122614708,1.2452148807609216,-0.1434879155968454,1.3136126598306066,2.036836627645384,0.3744424911473677,0.285970759412303,67
-1.3837360532878724,-1.66529122614708,0.064552292611454,-1.5755493330414962,-0.1242665388938497,-0.4012416860546675,-0.9154123258550612,-1.060721191718906,58
0.6947976990472384,0.1710595475596783,1.314665621240302,-0.1434879155968454,-0.1242665388938497,-1.213934457288018,0.3744424911473677,0.285970759412303,70
-0.9507081882180576,1.3396464035548885,1.2452148807609216,1.2885735018478053,-1.5621457376183063,-1.213934457288018,0.3744424911473677,1.632662710543512,67
1.560853429186868,-0.6636453495797573,0.8979611783640193,-0.1434879155968454,1.3136126598306066,-0.4012416860546675,1.6642973081497967,-1.060721191718906,70
-0.4310747501342799,-1.1644682878634187,-1.4633639979349158,1.2885735018478053,-0.1242665388938497,-0.4012416860546675,0.3744424911473677,-1.060721191718906,62
0.6081921260332754,-1.3314092672913058,-1.5328147384142965,-0.1434879155968454,-0.1242665388938497,0.4114510851786828,0.3744424911473677,0.285970759412303,65
1.560853429186868,0.0041185681317912,-0.1437999288266873,1.2885735018478053,-0.1242665388938497,0.4114510851786828,-0.9154123258550612,0.285970759412303,70
-0.9507081882180576,-0.1628224112960958,1.5924685831578238,-0.1434879155968454,1.3136126598306066,-1.213934457288018,-0.9154123258550612,1.632662710543512,66
1.6474590022008309,-0.8305863290076444,1.314665621240302,-0.1434879155968454,-1.5621457376183063,0.4114510851786828,1.6642973081497967,0.285970759412303,71
-0.6908914691761688,-0.1628224112960958,0.6896089569258781,-0.1434879155968454,-0.1242665388938497,-0.4012416860546675,0.3744424911473677,-1.060721191718906,66
-1.1239193342459837,1.005764444699114,-0.2827014097854482,-0.1434879155968454,-1.5621457376183063,0.4114510851786828,-0.9154123258550612,1.632662710543512,65
-0.6908914691761688,0.1710595475596783,1.7313700641165848,1.2885735018478053,1.3136126598306066,1.2241438564120333,0.3744424911473677,-1.060721191718906,70
0.7814032720612014,-1.66529122614708,0.8979611783640193,1.2885735018478053,1.3136126598306066,0.4114510851786828,1.6642973081497967,1.632662710543512,71
0.6081921260332754,-0.6636453495797573,-1.5328147384142965,-0.1434879155968454,1.3136126598306066,1.2241438564120333,0.3744424911473677,0.285970759412303,70
0.7814032720612014,-0.1628224112960958,-1.3939132574555355,-0.1434879155968454,-0.1242665388938497,-1.213934457288018,1.6642973081497967,0.285970759412303,68
-1.730158345343724,-0.4967043701518701,-0.6299551121823505,-1.5755493330414962,-0.1242665388938497,-1.213934457288018,-0.9154123258550612,-1.060721191718906,58
1.560853429186868,1.1727054241270012,1.2452148807609216,-0.1434879155968454,-1.5621457376183063,2.849529398878734,-0.9154123258550612,1.632662710543512,100
1.7340645752147938,0.1710595475596783,0.2729045140495953,-0.1434879155968454,-1.5621457376183063,0.4114510851786828,-0.9154123258550612,-1.060721191718906,70
0.6081921260332754,0.5049415064154527,-1.324462516976155,1.2885735018478053,1.3136126598306066,-0.4012416860546675,1.6642973081497967,0.285970759412303,71
0.1751642609634607,-0.4967043701518701,1.314665621240302,-1.5755493330414962,-0.1242665388938497,-0.4012416860546675,-0.9154123258550612,1.632662710543512,66
-0.6042858961622058,0.3380005269875655,0.064552292611454,1.2885735018478053,1.3136126598306066,1.2241438564120333,0.3744424911473677,0.285970759412303,69
-0.6908914691761688,-0.329763390723983,1.2452148807609216,-0.1434879155968454,-0.1242665388938497,-0.4012416860546675,0.3744424911473677,0.285970759412303,66
-0.344469177120317,-0.6636453495797573,0.828510437884639,-0.1434879155968454,-1.5621457376183063,1.2241438564120333,0.3744424911473677,-1.060721191718906,65
-0.5176803231482429,1.005764444699114,0.1340030330908344,-1.5755493330414962,-0.1242665388938497,1.2241438564120333,-0.9154123258550612,0.285970759412303,66
0.6947976990472384,0.6718824858433398,0.8979611783640193,-0.1434879155968454,1.3136126598306066,0.4114510851786828,1.6642973081497967,1.632662710543512,72
-0.6042858961622058,0.1710595475596783,0.6896089569258781,-0.1434879155968454,-0.1242665388938497,3.6622221701120847,0.3744424911473677,0.285970759412303,70
0.6947976990472384,-1.8322322055749671,1.1063133998021608,-0.1434879155968454,-0.1242665388938497,-0.4012416860546675,0.3744424911473677,-1.060721191718906,66
-0.257863604106354,1.5065873829827754,0.6896089569258781,1.2885735018478053,-1.5621457376183063,-0.4012416860546675,0.3744424911473677,0.285970759412303,69
-1.6435527723297614,-1.498350246719193,-0.9772088145792528,-0.1434879155968454,-0.1242665388938497,1.2241438564120333,1.6642973081497967,0.285970759412303,60
0.1751642609634607,0.1710595475596783,-1.046659555058633,-0.1434879155968454,-0.1242665388938497,1.2241438564120333,-0.9154123258550612,1.632662710543512,70
-1.1239193342459837,0.6718824858433398,0.828510437884639,1.2885735018478053,-0.1242665388938497,-1.213934457288018,0.3744424911473677,0.285970759412303,67
0.4349809800053495,1.6735283624106625,1.453567102199063,-0.1434879155968454,-0.1242665388938497,-0.4012416860546675,-0.9154123258550612,0.285970759412303,72
1.0412199911030902,2.341292280122211,-0.4910536312235896,-0.1434879155968454,1.3136126598306066,-1.213934457288018,0.3744424911473677,0.285970759412303,75
-1.3837360532878724,0.1710595475596783,0.4812567354877367,-0.1434879155968454,-0.1242665388938497,0.4114510851786828,0.3744424911473677,-1.060721191718906,64
0.0885586879494977,-0.9975273084355316,-0.7688565931411113,1.2885735018478053,-0.1242665388938497,0.4114510851786828,-0.9154123258550612,1.632662710543512,64
1.387642283158942,0.0041185681317912,1.0368626593227803,-0.1434879155968454,1.3136126598306066,1.2241438564120333,0.3744424911473677,-1.060721191718906,72
0.0885586879494977,-0.329763390723983,0.6201582164464976,-0.1434879155968454,-0.1242665388938497,-0.4012416860546675,0.3744424911473677,0.285970759412303,68
1.560853429186868,-0.329763390723983,-1.6717162193730573,-1.5755493330414962,-0.1242665388938497,-0.4012416860546675,0.3744424911473677,1.632662710543512,68
0.5215865530193126,1.5065873829827754,-0.9772088145792528,-0.1434879155968454,-0.1242665388938497,-1.213934457288018,-0.9154123258550612,0.285970759412303,68
-0.6908914691761688,0.5049415064154527,1.175764140281541,-1.5755493330414962,1.3136126598306066,0.4114510851786828,0.3744424911473677,1.632662710543512,67
-0.8641026152040947,-0.6636453495797573,-1.7411669598524375,1.2885735018478053,-0.1242665388938497,1.2241438564120333,1.6642973081497967,1.632662710543512,65
0.0019531149355348,-0.329763390723983,-0.6994058526617309,-1.5755493330414962,-0.1242665388938497,0.4114510851786828,0.3744424911473677,-1.060721191718906,65
-1.2971304802739094,-0.6636453495797573,0.1340030330908344,-0.1434879155968454,-0.1242665388938497,-0.4012416860546675,-0.9154123258550612,1.632662710543512,63
-0.1712580310923911,1.5065873829827754,1.453567102199063,-0.1434879155968454,-1.5621457376183063,2.849529398878734,0.3744424911473677,-1.060721191718906,72
0.6081921260332754,-0.4967043701518701,-1.6022654788936768,-0.1434879155968454,-0.1242665388938497,-0.4012416860546675,0.3744424911473677,0.285970759412303,67
1.1278255641170531,-0.4967043701518701,0.828510437884639,-0.1434879155968454,-0.1242665388938497,-0.4012416860546675,-0.9154123258550612,-1.060721191718906,67
0.4349809800053495,0.5049415064154527,-0.5605043717029701,-1.5755493330414962,-0.1242665388938497,-0.4012416860546675,1.6642973081497967,0.285970759412303,66
0.9546144180891272,-0.8305863290076444,-0.2132506693060677,1.2885735018478053,-0.1242665388938497,-0.4012416860546675,-0.9154123258550612,1.632662710543512,69
-0.9507081882180576,-0.4967043701518701,1.453567102199063,1.2885735018478053,1.3136126598306066,0.4114510851786828,0.3744424911473677,-1.060721191718906,66
-1.2971304802739094,-0.4967043701518701,0.6896089569258781,-0.1434879155968454,1.3136126598306066,-0.4012416860546675,0.3744424911473677,-1.060721191718906,65
0.9546144180891272,1.005764444699114,-1.2550117764967743,-0.1434879155968454,1.3136126598306066,1.2241438564120333,0.3744424911473677,0.285970759412303,72
0.8680088450751643,-0.9975273084355316,0.7590596974052585,1.2885735018478053,1.3136126598306066,2.036836627645384,-0.9154123258550612,0.285970759412303,99
-1.730158345343724,0.6718824858433398,-0.4216028907442091,-1.5755493330414962,1.3136126598306066,-0.4012416860546675,-0.9154123258550612,0.285970759412303,64
0.7814032720612014,-0.329763390723983,0.064552292611454,-1.5755493330414962,-0.1242665388938497,-1.213934457288018,-0.9154123258550612,-1.060721191718906,67
0.4349809800053495,-2.8338780821422898,-0.1437999288266873,1.2885735018478053,-1.5621457376183063,0.4114510851786828,-0.9154123258550612,-1.060721191718906,62
0.9546144180891272,-0.329763390723983,-0.1437999288266873,-0.1434879155968454,1.3136126598306066,-1.213934457288018,0.3744424911473677,-1.060721191718906,68
1.214431137131016,0.5049415064154527,-1.185561036017394,-0.1434879155968454,-1.5621457376183063,2.849529398878734,-0.9154123258550612,-1.060721191718906,71
-0.1712580310923911,-0.329763390723983,0.5507074759671171,1.2885735018478053,-1.5621457376183063,0.4114510851786828,1.6642973081497967,-1.060721191718906,66
1.3010367101449791,0.3380005269875655,1.3841163617196826,-1.5755493330414962,-0.1242665388938497,0.4114510851786828,-0.9154123258550612,-1.060721191718906,70
1.0412199911030902,0.6718824858433398,-0.4216028907442091,-0.1434879155968454,-0.1242665388938497,0.4114510851786828,-0.9154123258550612,0.285970759412303,70
-0.9507081882180576,1.5065873829827754,1.453567102199063,1.2885735018478053,-0.1242665388938497,-0.4012416860546675,-0.9154123258550612,1.632662710543512,70
1.0412199911030902,0.1710595475596783,-0.9077580740998724,-1.5755493330414962,1.3136126598306066,-0.4012416860546675,-0.9154123258550612,0.285970759412303,68
-0.1712580310923911,-0.8305863290076444,-1.2550117764967743,1.2885735018478053,-0.1242665388938497,0.4114510851786828,-0.9154123258550612,0.285970759412303,65
1.214431137131016,-1.1644682878634187,1.1063133998021608,-0.1434879155968454,-0.1242665388938497,1.2241438564120333,-0.9154123258550612,-1.060721191718906,68
0.0885586879494977,0.3380005269875655,1.0368626593227803,-1.5755493330414962,-1.5621457376183063,-1.213934457288018,0.3744424911473677,1.632662710543512,66
0.2617698339774236,0.1710595475596783,0.2034537735702149,-0.1434879155968454,1.3136126598306066,0.4114510851786828,-0.9154123258550612,1.632662710543512,69
1.474247856172905,-0.6636453495797573,1.453567102199063,-0.1434879155968454,-0.1242665388938497,2.036836627645384,-0.9154123258550612,-1.060721191718906,69
-1.3837360532878724,2.0074103212664367,-1.5328147384142965,1.2885735018478053,-1.5621457376183063,-0.4012416860546675,0.3744424911473677,-1.060721191718906,65
0.0885586879494977,-0.6636453495797573,0.2729045140495953,1.2885735018478053,-0.1242665388938497,0.4114510851786828,0.3744424911473677,-1.060721191718906,68
0.3483754069913866,-0.8305863290076444,1.175764140281541,-0.1434879155968454,-1.5621457376183063,1.2241438564120333,0.3744424911473677,0.285970759412303,68
1.387642283158942,0.8388234652712269,-0.2132506693060677,-0.1434879155968454,-1.5621457376183063,-1.213934457288018,-0.9154123258550612,-1.060721191718906,69
-1.6435527723297614,-0.1628224112960958,0.5507074759671171,1.2885735018478053,-1.5621457376183063,-0.4012416860546675,-0.9154123258550612,0.285970759412303,62
-0.9507081882180576,0.8388234652712269,-0.4910536312235896,-1.5755493330414962,1.3136126598306066,0.4114510851786828,0.3744424911473677,1.632662710543512,68
1.474247856172905,0.0041185681317912,1.5230178426784435,1.2885735018478053,1.3136126598306066,0.4114510851786828,-0.9154123258550612,0.285970759412303,74
0.2617698339774236,-0.6636453495797573,-0.1437999288266873,-0.1434879155968454,-0.1242665388938497,1.2241438564120333,0.3744424911473677,-1.060721191718906,67
-1.1239193342459837,-1.1644682878634187,1.0368626593227803,-0.1434879155968454,-1.5621457376183063,0.4114510851786828,-0.9154123258550612,-1.060721191718906,61
0.4349809800053495,-0.8305863290076444,-0.9772088145792528,-0.1434879155968454,-0.1242665388938497,-1.213934457288018,0.3744424911473677,0.285970759412303,65
-0.6908914691761688,1.6735283624106625,0.6201582164464976,-0.1434879155968454,-0.1242665388938497,-0.4012416860546675,-0.9154123258550612,-1.060721191718906,68
-1.1239193342459837,-0.8305863290076444,-1.7411669598524375,1.2885735018478053,1.3136126598306066,-1.213934457288018,0.3744424911473677,0.285970759412303,64
-1.037313761232021,-0.6636453495797573,0.5507074759671171,1.2885735018478053,-0.1242665388938497,0.4114510851786828,-0.9154123258550612,-1.060721191718906,65
-1.3837360532878724,-0.329763390723983,-0.4910536312235896,-1.5755493330414962,-0.1242665388938497,-0.4012416860546675,-0.9154123258550612,-1.060721191718906,62
0.6947976990472384,-0.4967043701518701,-1.7411669598524375,-0.1434879155968454,-0.1242665388938497,1.2241438564120333,0.3744424911473677,-1.060721191718906,67
1.387642283158942,-1.3314092672913058,-0.6994058526617309,-0.1434879155968454,-0.1242665388938497,0.4114510851786828,1.6642973081497967,1.632662710543512,69
0.4349809800053495,1.6735283624106625,0.5507074759671171,-0.1434879155968454,-0.1242665388938497,0.4114510851786828,1.6642973081497967,1.632662710543512,74
-0.8641026152040947,-0.329763390723983,-1.324462516976155,-0.1434879155968454,-0.1242665388938497,-0.4012416860546675,-0.9154123258550612,1.632662710543512,65
-1.5569471993157984,-1.3314092672913058,-0.6299551121823505,-0.1434879155968454,-0.1242665388938497,-0.4012416860546675,0.3744424911473677,-1.060721191718906,60
-1.5569471993157984,1.5065873829827754,-0.0743491883473068,-0.1434879155968454,1.3136126598306066,-0.4012416860546675,0.3744424911473677,-1.060721191718906,66
1.474247856172905,1.1727054241270012,-0.4216028907442091,-0.1434879155968454,-0.1242665388938497,-0.4012416860546675,-0.9154123258550612,-1.060721191718906,70
0.7814032720612014,1.6735283624106625,0.9674119188433998,-0.1434879155968454,-0.1242665388938497,1.2241438564120333,1.6642973081497967,1.632662710543512,74
1.1278255641170531,1.5065873829827754,0.4812567354877367,1.2885735018478053,-0.1242665388938497,2.849529398878734,-0.9154123258550612,-1.060721191718906,73
-0.4310747501342799,0.3380005269875655,-0.9077580740998724,-1.5755493330414962,-1.5621457376183063,-1.213934457288018,1.6642973081497967,1.632662710543512,65
-0.6908914691761688,0.8388234652712269,-1.1161102955380136,1.2885735018478053,-1.5621457376183063,0.4114510851786828,-0.9154123258550612,-1.060721191718906,66
0.9546144180891272,-0.8305863290076444,-0.7688565931411113,-0.1434879155968454,-1.5621457376183063,-0.4012416860546675,-0.9154123258550612,-1.060721191718906,64
1.214431137131016,1.5065873829827754,1.3841163617196826,1.2885735018478053,-1.5621457376183063,-0.4012416860546675,-0.9154123258550612,0.285970759412303,74
-1.6435527723297614,-0.1628224112960958,-0.6299551121823505,-0.1434879155968454,-0.1242665388938497,-1.213934457288018,-0.9154123258550612,1.632662710543512,61
-0.6908914691761688,0.1710595475596783,-1.324462516976155,-1.5755493330414962,-0.1242665388938497,-1.213934457288018,-0.9154123258550612,-1.060721191718906,63
-1.5569471993157984,0.5049415064154527,-0.3521521502648286,-1.5755493330414962,-0.1242665388938497,1.2241438564120333,0.3744424911473677,0.285970759412303,65
0.0885586879494977,-0.8305863290076444,-0.4910536312235896,-0.1434879155968454,1.3136126598306066,-1.213934457288018,-0.9154123258550612,0.285970759412303,65
-1.2105249072599464,-0.1628224112960958,0.4118059950083562,1.2885735018478053,-0.1242665388938497,-0.4012416860546675,0.3744424911473677,1.632662710543512,66
0.6081921260332754,-0.1628224112960958,0.1340030330908344,1.2885735018478053,1.3136126598306066,1.2241438564120333,-0.9154123258550612,-1.060721191718906,69
0.7814032720612014,-0.4967043701518701,-0.9077580740998724,-0.1434879155968454,-1.5621457376183063,0.4114510851786828,0.3744424911473677,0.285970759412303,68
0.0885586879494977,-0.9975273084355316,0.8979611783640193,-0.1434879155968454,-0.1242665388938497,-0.4012416860546675,1.6642973081497967,1.632662710543512,67
1.1278255641170531,2.174351300694324,1.453567102199063,-0.1434879155968454,-0.1242665388938497,-1.213934457288018,1.6642973081497967,-1.060721191718906,75
0.3483754069913866,-0.4967043701518701,-0.2827014097854482,-1.5755493330414962,-1.5621457376183063,-1.213934457288018,-0.9154123258550612,0.285970759412303,62
1.6474590022008309,0.3380005269875655,-0.5605043717029701,-0.1434879155968454,-0.1242665388938497,-0.4012416860546675,0.3744424911473677,0.285970759412303,72
-1.2971304802739094,0.3380005269875655,-0.8383073336204918,-0.1434879155968454,-1.5621457376183063,0.4114510851786828,-0.9154123258550612,0.285970759412303,61
1.214431137131016,1.005764444699114,-1.324462516976155,-0.1434879155968454,-1.5621457376183063,-0.4012416860546675,0.3744424911473677,1.632662710543512,69
0.8680088450751643,-1.498350246719193,-0.2132506693060677,-0.1434879155968454,-0.1242665388938497,1.2241438564120333,-0.9154123258550612,0.285970759412303,67
0.3483754069913866,-0.329763390723983,0.6896089569258781,-1.5755493330414962,-1.5621457376183063,-1.213934457288018,-0.9154123258550612,0.285970759412303,64
1.474247856172905,-1.498350246719193,-0.4910536312235896,-0.1434879155968454,-0.1242665388938497,-1.213934457288018,-0.9154123258550612,-1.060721191718906,64
-0.6042858961622058,0.8388234652712269,-0.2827014097854482,-0.1434879155968454,1.3136126598306066,-1.213934457288018,0.3744424911473677,-1.060721191718906,67
0.9546144180891272,0.3380005269875655,0.4118059950083562,-1.5755493330414962,-0.1242665388938497,0.4114510851786828,-0.9154123258550612,-1.060721191718906,68
0.3483754069913866,1.6735283624106625,-0.6299551121823505,-1.5755493330414962,1.3136126598306066,-1.213934457288018,1.6642973081497967,0.285970759412303,70
0.0019531149355348,0.0041185681317912,-1.185561036017394,1.2885735018478053,-0.1242665388938497,-1.213934457288018,0.3744424911473677,0.285970759412303,65
-0.9507081882180576,-0.6636453495797573,-1.4633639979349158,1.2885735018478053,-0.1242665388938497,2.036836627645384,0.3744424911473677,-1.060721191718906,65
0.0885586879494977,-0.1628224112960958,1.0368626593227803,1.2885735018478053,-1.5621457376183063,0.4114510851786828,-0.9154123258550612,-1.060721191718906,67
-0.344469177120317,0.5049415064154527,1.453567102199063,1.2885735018478053,-1.5621457376183063,0.4114510851786828,-0.9154123258550612,0.285970759412303,68
-0.344469177120317,0.0041185681317912,1.6619193236372043,1.2885735018478053,-0.1242665388938497,1.2241438564120333,1.6642973081497967,0.285970759412303,69
-1.1239193342459837,-0.6636453495797573,1.5924685831578238,1.2885735018478053,-1.5621457376183063,-1.213934457288018,-0.9154123258550612,1.632662710543512,63
-0.6042858961622058,-0.4967043701518701,0.6896089569258781,-0.1434879155968454,-1.5621457376183063,1.2241438564120333,0.3744424911473677,0.285970759412303,66
1.3010367101449791,1.5065873829827754,1.5230178426784435,-0.1434879155968454,-1.5621457376183063,-1.213934457288018,0.3744424911473677,0.285970759412303,72
-0.344469177120317,-0.4967043701518701,-0.2827014097854482,1.2885735018478053,-0.1242665388938497,-1.213934457288018,1.6642973081497967,0.285970759412303,67
-0.7774970421901317,0.1710595475596783,-1.3939132574555355,-0.1434879155968454,-0.1242665388938497,-0.4012416860546675,-0.9154123258550612,0.285970759412303,63
-1.1239193342459837,1.005764444699114,-0.0048984478679264,-0.1434879155968454,-0.1242665388938497,0.4114510851786828,-0.9154123258550612,0.285970759412303,67
-1.037313761232021,1.1727054241270012,1.3841163617196826,-1.5755493330414962,-0.1242665388938497,-0.4012416860546675,0.3744424911473677,-1.060721191718906,67
1.0412199911030902,0.5049415064154527,-0.2132506693060677,1.2885735018478053,-0.1242665388938497,-1.213934457288018,0.3744424911473677,-1.060721191718906,69
0.6081921260332754,0.8388234652712269,-0.0048984478679264,-0.1434879155968454,-0.1242665388938497,-1.213934457288018,-0.9154123258550612,-1.060721191718906,67
0.0885586879494977,-0.1628224112960958,-1.324462516976155,-1.5755493330414962,-0.1242665388938497,-0.4012416860546675,-0.9154123258550612,0.285970759412303,65
-0.6908914691761688,1.3396464035548885,0.2034537735702149,-0.1434879155968454,1.3136126598306066,2.849529398878734,0.3744424911473677,0.285970759412303,67
0.5215865530193126,-1.9991731850028545,-1.7411669598524375,1.2885735018478053,-0.1242665388938497,-0.4012416860546675,0.3744424911473677,0.285970759412303,65
-0.7774970421901317,-1.1644682878634187,0.7590596974052585,1.2885735018478053,-0.1242665388938497,0.4114510851786828,1.6642973081497967,-1.060721191718906,65
-0.8641026152040947,0.0041185681317912,0.2034537735702149,-0.1434879155968454,-0.1242665388938497,-1.213934457288018,0.3744424911473677,0.285970759412303,66
-1.3837360532878724,0.3380005269875655,-0.1437999288266873,-0.1434879155968454,-0.1242665388938497,1.2241438564120333,1.6642973081497967,0.285970759412303,67
-1.6435527723297614,-1.66529122614708,0.2729045140495953,-1.5755493330414962,1.3136126598306066,2.036836627645384,0.3744424911473677,1.632662710543512,62
0.8680088450751643,0.3380005269875655,0.4118059950083562,-0.1434879155968454,-1.5621457376183063,-1.213934457288018,-0.9154123258550612,0.285970759412303,69
0.1751642609634607,0.6718824858433398,-0.2132506693060677,-0.1434879155968454,-1.5621457376183063,-1.213934457288018,1.6642973081497967,0.285970759412303,68
-0.8641026152040947,-1.1644682878634187,-1.5328147384142965,-0.1434879155968454,-0.1242665388938497,0.4114510851786828,0.3744424911473677,-1.060721191718906,60
-0.9507081882180576,-0.4967043701518701,-1.324462516976155,-0.1434879155968454,-0.1242665388938497,-0.4012416860546675,-0.9154123258550612,0.285970759412303,63
-1.3837360532878724,-0.1628224112960958,0.828510437884639,-0.1434879155968454,-0.1242665388938497,0.4114510851786828,-0.9154123258550612,0.285970759412303,65
0.6947976990472384,1.3396464035548885,1.2452148807609216,1.2885735018478053,-1.5621457376183063,1.2241438564120333,1.6642973081497967,-1.060721191718906,72
-1.3837360532878724,-0.329763390723983,0.5507074759671171,-0.1434879155968454,-0.1242665388938497,0.4114510851786828,0.3744424911473677,-1.060721191718906,65
0.1751642609634607,0.8388234652712269,-0.2132506693060677,-0.1434879155968454,1.3136126598306066,-1.213934457288018,0.3744424911473677,1.632662710543512,70
0.0885586879494977,0.5049415064154527,0.2034537735702149,-0.1434879155968454,1.3136126598306066,2.036836627645384,-0.9154123258550612,-1.060721191718906,70
1.214431137131016,0.8388234652712269,1.453567102199063,1.2885735018478053,1.3136126598306066,3.6622221701120847,-0.9154123258550612,0.285970759412303,74
-0.1712580310923911,0.3380005269875655,-0.9772088145792528,-0.1434879155968454,-0.1242665388938497,0.4114510851786828,-0.9154123258550612,1.632662710543512,68
-0.5176803231482429,1.1727054241270012,-1.4633639979349158,1.2885735018478053,-0.1242665388938497,1.2241438564120333,0.3744424911473677,0.285970759412303,69
-0.344469177120317,0.0041185681317912,1.314665621240302,-0.1434879155968454,-0.1242665388938497,0.4114510851786828,-0.9154123258550612,-1.060721191718906,65
-0.344469177120317,0.5049415064154527,0.6896089569258781,-1.5755493330414962,-0.1242665388938497,-0.4012416860546675,-0.9154123258550612,0.285970759412303,66
0.3483754069913866,0.8388234652712269,0.5507074759671171,-0.1434879155968454,-0.1242665388938497,-0.4012416860546675,-0.9154123258550612,-1.060721191718906,70
-0.344469177120317,0.3380005269875655,0.064552292611454,-1.5755493330414962,-0.1242665388938497,0.4114510851786828,-0.9154123258550612,-1.060721191718906,65
1.6474590022008309,0.8388234652712269,0.2729045140495953,-1.5755493330414962,-0.1242665388938497,0.4114510851786828,0.3744424911473677,-1.060721191718906,71
-0.7774970421901317,-0.329763390723983,-0.2827014097854482,-0.1434879155968454,1.3136126598306066,-0.4012416860546675,-0.9154123258550612,0.285970759412303,65
-0.8641026152040947,-0.1628224112960958,-0.6299551121823505,-1.5755493330414962,1.3136126598306066,-0.4012416860546675,0.3744424911473677,1.632662710543512,64
0.2617698339774236,-0.9975273084355316,1.0368626593227803,-0.1434879155968454,-0.1242665388938497,-1.213934457288018,0.3744424911473677,-1.060721191718906,65
0.0019531149355348,0.6718824858433398,-0.9077580740998724,1.2885735018478053,-1.5621457376183063,1.2241438564120333,-0.9154123258550612,1.632662710543512,68
-1.1239193342459837,0.3380005269875655,-0.3521521502648286,1.2885735018478053,-0.1242665388938497,0.4114510851786828,-0.9154123258550612,-1.060721191718906,66
-1.3837360532878724,0.5049415064154527,-1.1161102955380136,-0.1434879155968454,-0.1242665388938497,1.2241438564120333,-0.9154123258550612,0.285970759412303,65
0.9546144180891272,0.5049415064154527,1.5924685831578238,-1.5755493330414962,-0.1242665388938497,-1.213934457288018,-0.9154123258550612,-1.060721191718906,70
1.214431137131016,0.3380005269875655,-0.0048984478679264,-0.1434879155968454,-1.5621457376183063,0.4114510851786828,0.3744424911473677,1.632662710543512,71
0.0019531149355348,0.1710595475596783,0.6201582164464976,-0.1434879155968454,-0.1242665388938497,2.036836627645384,1.6642973081497967,-1.060721191718906,69
1.7340645752147938,0.0041185681317912,1.1063133998021608,-0.1434879155968454,-0.1242665388938497,1.2241438564120333,-0.9154123258550612,-1.060721191718906,72
-0.5176803231482429,0.5049415064154527,0.064552292611454,1.2885735018478053,-0.1242665388938497,-1.213934457288018,-0.9154123258550612,0.285970759412303,67
1.387642283158942,0.1710595475596783,-0.7688565931411113,-0.1434879155968454,-0.1242665388938497,0.4114510851786828,0.3744424911473677,0.285970759412303,71
0.5215865530193126,0.5049415064154527,1.7313700641165848,-0.1434879155968454,-1.5621457376183063,-1.213934457288018,1.6642973081497967,-1.060721191718906,69
-1.4703416263018354,1.1727054241270012,0.3423552545289758,-0.1434879155968454,1.3136126598306066,-0.4012416860546675,-0.9154123258550612,-1.060721191718906,66
0.5215865530193126,0.3380005269875655,1.3841163617196826,-0.1434879155968454,-0.1242665388938497,2.036836627645384,0.3744424911473677,0.285970759412303,71
0.7814032720612014,0.0041185681317912,-1.6022654788936768,1.2885735018478053,1.3136126598306066,0.4114510851786828,0.3744424911473677,0.285970759412303,69
0.5215865530193126,-1.1644682878634187,-1.4633639979349158,-1.5755493330414962,-0.1242665388938497,1.2241438564120333,0.3744424911473677,1.632662710543512,66
1.214431137131016,1.6735283624106625,-1.6022654788936768,-1.5755493330414962,-0.1242665388938497,1.2241438564120333,1.6642973081497967,1.632662710543512,70
0.2617698339774236,-1.498350246719193,-0.5605043717029701,-1.5755493330414962,1.3136126598306066,-0.4012416860546675,1.6642973081497967,0.285970759412303,66
0.4349809800053495,-1.3314092672913058,0.4812567354877367,1.2885735018478053,-0.1242665388938497,-0.4012416860546675,-0.9154123258550612,1.632662710543512,66
-1.6435527723297614,0.6718824858433398,0.5507074759671171,-0.1434879155968454,-0.1242665388938497,-1.213934457288018,-0.9154123258550612,0.285970759412303,64
0.9546144180891272,-0.329763390723983,-0.8383073336204918,-0.1434879155968454,-0.1242665388938497,-0.4012416860546675,0.3744424911473677,0.285970759412303,68
-0.7774970421901317,-0.6636453495797573,-0.2132506693060677,1.2885735018478053,1.3136126598306066,-0.4012416860546675,0.3744424911473677,0.285970759412303,65
0.2617698339774236,-0.1628224112960958,0.064552292611454,-1.5755493330414962,-1.5621457376183063,1.2241438564120333,1.6642973081497967,-1.060721191718906,65
-0.6908914691761688,0.5049415064154527,-0.7688565931411113,-0.1434879155968454,-0.1242665388938497,-0.4012416860546675,1.6642973081497967,-1.060721191718906,66
-1.4703416263018354,0.1710595475596783,-0.7688565931411113,-0.1434879155968454,-0.1242665388938497,-0.4012416860546675,-0.9154123258550612,1.632662710543512,63
-0.6908914691761688,-1.3314092672913058,-0.5605043717029701,-0.1434879155968454,-0.1242665388938497,-1.213934457288018,-0.9154123258550612,-1.060721191718906,61
1.0412199911030902,-0.4967043701518701,-1.2550117764967743,-1.5755493330414962,-1.5621457376183063,0.4114510851786828,-0.9154123258550612,0.285970759412303,65
0.8680088450751643,0.6718824858433398,-1.6022654788936768,-1.5755493330414962,-0.1242665388938497,-1.213934457288018,0.3744424911473677,-1.060721191718906,65
-0.257863604106354,0.6718824858433398,0.4812567354877367,-1.5755493330414962,1.3136126598306066,-0.4012416860546675,-0.9154123258550612,0.285970759412303,67
-0.9507081882180576,-0.4967043701518701,0.828510437884639,-0.1434879155968454,1.3136126598306066,0.4114510851786828,0.3744424911473677,-1.060721191718906,65
-1.1239193342459837,-1.3314092672913058,0.1340030330908344,1.2885735018478053,-0.1242665388938497,0.4114510851786828,0.3744424911473677,-1.060721191718906,64
0.6947976990472384,-0.329763390723983,-0.7688565931411113,-0.1434879155968454,-0.1242665388938497,-1.213934457288018,0.3744424911473677,0.285970759412303,66
-0.9507081882180576,1.8404693418385496,0.3423552545289758,-1.5755493330414962,-0.1242665388938497,2.036836627645384,0.3744424911473677,0.285970759412303,68
-0.7774970421901317,1.005764444699114,1.7313700641165848,1.2885735018478053,-1.5621457376183063,-0.4012416860546675,0.3744424911473677,-1.060721191718906,69
1.3010367101449791,1.5065873829827754,-0.3521521502648286,-0.1434879155968454,1.3136126598306066,-0.4012416860546675,1.6642973081497967,-1.060721191718906,73
1.474247856172905,-1.8322322055749671,-0.4910536312235896,-0.1434879155968454,1.3136126598306066,2.849529398878734,0.3744424911473677,0.285970759412303,69
0.7814032720612014,0.1710595475596783,-0.0743491883473068,-0.1434879155968454,-0.1242665388938497,1.2241438564120333,-0.9154123258550612,-1.060721191718906,70
0.0885586879494977,0.8388234652712269,0.828510437884639,-0.1434879155968454,-0.1242665388938497,-0.4012416860546675,1.6642973081497967,-1.060721191718906,68
0.0019531149355348,0.6718824858433398,-0.4216028907442091,-0.1434879155968454,-0.1242665388938497,-1.213934457288018,0.3744424911473677,0.285970759412303,67
1.214431137131016,1.1727054241270012,0.7590596974052585,-1.5755493330414962,-0.1242665388938497,0.4114510851786828,-0.9154123258550612,0.285970759412303,71
-1.730158345343724,-0.8305863290076444,-0.2132506693060677,-1.5755493330414962,-0.1242665388938497,0.4114510851786828,-0.9154123258550612,1.632662710543512,62
0.6947976990472384,0.8388234652712269,-1.6717162193730573,1.2885735018478053,-0.1242665388938497,-0.4012416860546675,-0.9154123258550612,0.285970759412303,68
-1.3837360532878724,-0.4967043701518701,-0.1437999288266873,-1.5755493330414962,-0.1242665388938497,-0.4012416860546675,0.3744424911473677,-1.060721191718906,62
-0.1712580310923911,0.6718824858433398,1.1063133998021608,-0.1434879155968454,-0.1242665388938497,-1.213934457288018,1.6642973081497967,1.632662710543512,68
1.0412199911030902,0.5049415064154527,-1.6022654788936768,1.2885735018478053,-0.1242665388938497,-0.4012416860546675,-0.9154123258550612,1.632662710543512,71
1.1278255641170531,0.8388234652712269,-1.5328147384142965,-0.1434879155968454,-0.1242665388938497,-1.213934457288018,0.3744424911473677,1.632662710543512,70
-0.4310747501342799,0.0041185681317912,-0.2827014097854482,1.2885735018478053,1.3136126598306066,-0.4012416860546675,0.3744424911473677,0.285970759412303,69
0.1751642609634607,-0.6636453495797573,-0.7688565931411113,-1.5755493330414962,1.3136126598306066,-0.4012416860546675,1.6642973081497967,0.285970759412303,65
-0.5176803231482429,1.005764444699114,-1.2550117764967743,-0.1434879155968454,-1.5621457376183063,-1.213934457288018,-0.9154123258550612,0.285970759412303,65
-0.257863604106354,0.1710595475596783,0.8979611783640193,-0.1434879155968454,-0.1242665388938497,0.4114510851786828,0.3744424911473677,1.632662710543512,68
-1.4703416263018354,0.5049415064154527,0.2729045140495953,-0.1434879155968454,-0.1242665388938497,-1.213934457288018,-0.9154123258550612,-1.060721191718906,63
-1.3837360532878724,1.3396464035548885,0.9674119188433998,-0.1434879155968454,-1.5621457376183063,-1.213934457288018,0.3744424911473677,-1.060721191718906,64
-0.6042858961622058,-0.6636453495797573,-0.9772088145792528,-0.1434879155968454,-0.1242665388938497,2.036836627645384,-0.9154123258550612,-1.060721191718906,64
-1.730158345343724,-1.1644682878634187,-0.6299551121823505,-0.1434879155968454,-0.1242665388938497,-0.4012416860546675,0.3744424911473677,0.285970759412303,61
-0.257863604106354,0.5049415064154527,-0.2132506693060677,-0.1434879155968454,-0.1242665388938497,0.4114510851786828,0.3744424911473677,1.632662710543512,69
0.3483754069913866,-0.9975273084355316,1.453567102199063,-0.1434879155968454,-0.1242665388938497,0.4114510851786828,1.6642973081497967,-1.060721191718906,66
-0.9507081882180576,0.3380005269875655,1.1063133998021608,-0.1434879155968454,-0.1242665388938497,-1.213934457288018,-0.9154123258550612,1.632662710543512,64
0.5215865530193126,1.1727054241270012,-0.2132506693060677,-0.1434879155968454,-0.1242665388938497,-0.4012416860546675,-0.9154123258550612,0.285970759412303,69
-1.1239193342459837,-0.6636453495797573,0.3423552545289758,-0.1434879155968454,1.3136126598306066,-0.4012416860546675,-0.9154123258550612,-1.060721191718906,64
1.7340645752147938,1.1727054241270012,1.5230178426784435,-0.1434879155968454,-1.5621457376183063,2.036836627645384,-0.9154123258550612,-1.060721191718906,74
0.6947976990472384,-0.329763390723983,0.2034537735702149,1.2885735018478053,1.3136126598306066,-1.213934457288018,0.3744424911473677,0.285970759412303,69
1.7340645752147938,-0.1628224112960958,-1.2550117764967743,1.2885735018478053,-0.1242665388938497,-0.4012416860546675,-0.9154123258550612,1.632662710543512,70
1.6474590022008309,1.1727054241270012,-0.8383073336204918,1.2885735018478053,-0.1242665388938497,-1.213934457288018,-0.9154123258550612,0.285970759412303,73
1.3010367101449791,0.6718824858433398,1.175764140281541,-0.1434879155968454,1.3136126598306066,0.4114510851786828,-0.9154123258550612,-1.060721191718906,72
-0.0846524580784281,1.3396464035548885,0.4812567354877367,-0.1434879155968454,1.3136126598306066,-1.213934457288018,-0.9154123258550612,0.285970759412303,70
0.0885586879494977,0.5049415064154527,-0.0743491883473068,-1.5755493330414962,-0.1242665388938497,-1.213934457288018,1.6642973081497967,-1.060721191718906,66
0.0019531149355348,0.0041185681317912,0.9674119188433998,-0.1434879155968454,-1.5621457376183063,-1.213934457288018,1.6642973081497967,1.632662710543512,67
-1.4703416263018354,-1.3314092672913058,-0.8383073336204918,1.2885735018478053,-0.1242665388938497,2.036836627645384,-0.9154123258550612,-1.060721191718906,61
0.1751642609634607,0.0041185681317912,0.2729045140495953,-0.1434879155968454,-0.1242665388938497,-0.4012416860546675,-0.9154123258550612,-1.060721191718906,67
0.4349809800053495,0.1710595475596783,-1.6022654788936768,-1.5755493330414962,-0.1242665388938497,1.2241438564120333,-0.9154123258550612,-1.060721191718906,66
0.0019531149355348,-0.1628224112960958,-0.4216028907442091,-0.1434879155968454,1.3136126598306066,-0.4012416860546675,0.3744424911473677,-1.060721191718906,66
-1.5569471993157984,0.1710595475596783,1.175764140281541,-0.1434879155968454,-0.1242665388938497,-0.4012416860546675,-0.9154123258550612,0.285970759412303,63
1.214431137131016,-0.9975273084355316,-0.9077580740998724,-0.1434879155968454,-0.1242665388938497,0.4114510851786828,1.6642973081497967,0.285970759412303,69
-1.3837360532878724,1.3396464035548885,0.2034537735702149,-0.1434879155968454,-0.1242665388938497,0.4114510851786828,1.6642973081497967,0.285970759412303,66
-1.3837360532878724,-0.1628224112960958,1.6619193236372043,-0.1434879155968454,-1.5621457376183063,-0.4012416860546675,0.3744424911473677,0.285970759412303,64
0.3483754069913866,-0.329763390723983,1.175764140281541,1.2885735018478053,1.3136126598306066,-1.213934457288018,0.3744424911473677,-1.060721191718906,69
-1.037313761232021,-1.3314092672913058,-0.4910536312235896,-0.1434879155968454,1.3136126598306066,0.4114510851786828,0.3744424911473677,0.285970759412303,64
1.214431137131016,1.005764444699114,-1.3939132574555355,-1.5755493330414962,-1.5621457376183063,0.4114510851786828,-0.9154123258550612,1.632662710543512,69
-0.257863604106354,0.6718824858433398,-0.1437999288266873,-0.1434879155968454,1.3136126598306066,1.2241438564120333,-0.9154123258550612,0.285970759412303,70
-0.6042858961622058,0.6718824858433398,1.6619193236372043,-0.1434879155968454,-0.1242665388938497,1.2241438564120333,-0.9154123258550612,0.285970759412303,69
-1.3837360532878724,-1.1644682878634187,0.1340030330908344,-1.5755493330414962,-0.1242665388938497,-1.213934457288018,-0.9154123258550612,-1.060721191718906,60
-1.1239193342459837,-0.9975273084355316,0.7590596974052585,-0.1434879155968454,1.3136126598306066,-1.213934457288018,0.3744424911473677,1.632662710543512,64
-0.6908914691761688,1.8404693418385496,1.5924685831578238,-0.1434879155968454,-0.1242665388938497,-1.213934457288018,0.3744424911473677,-1.060721191718906,68
-0.4310747501342799,-0.8305863290076444,1.314665621240302,-0.1434879155968454,1.3136126598306066,-0.4012416860546675,-0.9154123258550612,-1.060721191718906,62
0.4349809800053495,1.6735283624106625,-0.6994058526617309,-1.5755493330414962,1.3136126598306066,0.4114510851786828,-0.9154123258550612,-1.060721191718906,70
0.8680088450751643,-1.3314092672913058,-0.5605043717029701,1.2885735018478053,1.3136126598306066,0.4114510851786828,-0.9154123258550612,-1.060721191718906,67
0.9546144180891272,-0.329763390723983,0.4118059950083562,1.2885735018478053,-1.5621457376183063,2.036836627645384,-0.9154123258550612,1.632662710543512,71
1.560853429186868,1.005764444699114,-1.4633639979349158,-0.1434879155968454,-0.1242665388938497,-1.213934457288018,1.6642973081497967,-1.060721191718906,71
0.6081921260332754,-0.4967043701518701,0.6201582164464976,-1.5755493330414962,1.3136126598306066,-1.213934457288018,0.3744424911473677,0.285970759412303,67
1.214431137131016,-0.9975273084355316,0.6896089569258781,-1.5755493330414962,-1.5621457376183063,-0.4012416860546675,-0.9154123258550612,1.632662710543512,66
0.4349809800053495,1.3396464035548885,1.5924685831578238,1.2885735018478053,-0.1242665388938497,0.4114510851786828,-0.9154123258550612,-1.060721191718906,72
-0.5176803231482429,-0.9975273084355316,-0.6299551121823505,-0.1434879155968454,-1.5621457376183063,-1.213934457288018,1.6642973081497967,0.285970759412303,63
0.2617698339774236,0.0041185681317912,0.828510437884639,-0.1434879155968454,1.3136126598306066,-1.213934457288018,-0.9154123258550612,1.632662710543512,68
0.2617698339774236,-1.498350246719193,-0.8383073336204918,-0.1434879155968454,-1.5621457376183063,1.2241438564120333,0.3744424911473677,1.632662710543512,63
1.1278255641170531,-0.4967043701518701,1.3841163617196826,-1.5755493330414962,1.3136126598306066,-0.4012416860546675,-0.9154123258550612,-1.060721191718906,69
0.0885586879494977,-0.4967043701518701,-1.5328147384142965,-1.5755493330414962,-0.1242665388938497,-1.213934457288018,0.3744424911473677,0.285970759412303,63
1.1278255641170531,2.174351300694324,1.453567102199063,-0.1434879155968454,1.3136126598306066,-0.4012416860546675,1.6642973081497967,-1.060721191718906,75
-0.0846524580784281,0.0041185681317912,-0.2132506693060677,-0.1434879155968454,-0.1242665388938497,-0.4012416860546675,-0.9154123258550612,0.285970759412303,65
-0.7774970421901317,-0.1628224112960958,1.6619193236372043,-0.1434879155968454,1.3136126598306066,-1.213934457288018,-0.9154123258550612,-1.060721191718906,65
0.2617698339774236,1.1727054241270012,0.064552292611454,-0.1434879155968454,-0.1242665388938497,-0.4012416860546675,-0.9154123258550612,-1.060721191718906,70
0.1751642609634607,1.8404693418385496,-0.8383073336204918,-0.1434879155968454,1.3136126598306066,0.4114510851786828,1.6642973081497967,1.632662710543512,72
1.560853429186868,0.0041185681317912,-0.2827014097854482,-0.1434879155968454,-0.1242665388938497,-1.213934457288018,0.3744424911473677,-1.060721191718906,69
-0.6908914691761688,-0.4967043701518701,1.314665621240302,-0.1434879155968454,1.3136126598306066,-0.4012416860546675,-0.9154123258550612,-1.060721191718906,66
0.5215865530193126,-0.8305863290076444,-1.046659555058633,1.2885735018478053,-1.5621457376183063,0.4114510851786828,0.3744424911473677,0.285970759412303,67
-0.8641026152040947,0.3380005269875655,-1.185561036017394,-1.5755493330414962,-0.1242665388938497,2.036836627645384,1.6642973081497967,1.632662710543512,66
1.214431137131016,1.3396464035548885,-1.046659555058633,1.2885735018478053,-0.1242665388938497,-0.4012416860546675,-0.9154123258550612,-1.060721191718906,71
1.1278255641170531,-0.8305863290076444,-0.9772088145792528,-0.1434879155968454,-0.1242665388938497,-0.4012416860546675,-0.9154123258550612,0.285970759412303,67
-0.0846524580784281,0.6718824858433398,-1.046659555058633,-1.5755493330414962,-1.5621457376183063,-1.213934457288018,1.6642973081497967,-1.060721191718906,65
1.7340645752147938,0.0041185681317912,-0.9772088145792528,-0.1434879155968454,-1.5621457376183063,1.2241438564120333,0.3744424911473677,0.285970759412303,70
-1.5569471993157984,0.0041185681317912,0.6896089569258781,-0.1434879155968454,-1.5621457376183063,2.849529398878734,-0.9154123258550612,-1.060721191718906,65
0.3483754069913866,1.6735283624106625,-0.2132506693060677,-0.1434879155968454,1.3136126598306066,1.2241438564120333,-0.9154123258550612,0.285970759412303,73
-1.3837360532878724,-1.1644682878634187,-1.2550117764967743,1.2885735018478053,-0.1242665388938497,-0.4012416860546675,-0.9154123258550612,-1.060721191718906,58
0.8680088450751643,0.0041185681317912,-0.4216028907442091,1.2885735018478053,1.3136126598306066,0.4114510851786828,-0.9154123258550612,1.632662710543512,72
0.6947976990472384,0.6718824858433398,0.828510437884639,-0.1434879155968454,1.3136126598306066,-0.4012416860546675,-0.9154123258550612,1.632662710543512,72
-0.6042858961622058,0.5049415064154527,-1.046659555058633,1.2885735018478053,-1.5621457376183063,-0.4012416860546675,1.6642973081497967,0.285970759412303,67
0.2617698339774236,0.0041185681317912,1.5230178426784435,-1.5755493330414962,-0.1242665388938497,0.4114510851786828,-0.9154123258550612,-1.060721191718906,68
1.474247856172905,-1.66529122614708,-0.6299551121823505,-0.1434879155968454,-0.1242665388938497,0.4114510851786828,1.6642973081497967,-1.060721191718906,67
-0.344469177120317,-0.9975273084355316,-0.2827014097854482,-0.1434879155968454,1.3136126598306066,-0.4012416860546675,-0.9154123258550612,-1.060721191718906,64
1.3010367101449791,0.8388234652712269,-0.0048984478679264,1.2885735018478053,-0.1242665388938497,-0.4012416860546675,-0.9154123258550612,0.285970759412303,73
1.3010367101449791,-0.329763390723983,0.6896089569258781,1.2885735018478053,1.3136126598306066,0.4114510851786828,0.3744424911473677,-1.060721191718906,73
0.3483754069913866,1.6735283624106625,1.3841163617196826,-0.1434879155968454,-1.5621457376183063,0.4114510851786828,0.3744424911473677,1.632662710543512,72
-0.5176803231482429,-0.1628224112960958,-1.4633639979349158,1.2885735018478053,-0.1242665388938497,-1.213934457288018,0.3744424911473677,0.285970759412303,66
-1.2971304802739094,0.3380005269875655,-0.7688565931411113,-0.1434879155968454,-0.1242665388938497,-0.4012416860546675,-0.9154123258550612,0.285970759412303,64
-0.257863604106354,-0.9975273084355316,-1.4633639979349158,-1.5755493330414962,1.3136126598306066,-0.4012416860546675,-0.9154123258550612,0.285970759412303,62
1.3010367101449791,-0.329763390723983,-1.4633639979349158,1.2885735018478053,-0.1242665388938497,0.4114510851786828,0.3744424911473677,1.632662710543512,70
-1.2971304802739094,0.3380005269875655,1.5924685831578238,-0.1434879155968454,-1.5621457376183063,2.036836627645384,-0.9154123258550612,0.285970759412303,66
-1.2105249072599464,0.6718824858433398,-0.0743491883473068,1.2885735018478053,-1.5621457376183063,-1.213934457288018,0.3744424911473677,1.632662710543512,65
-0.0846524580784281,-0.329763390723983,0.7590596974052585,1.2885735018478053,-0.1242665388938497,1.2241438564120333,0.3744424911473677,-1.060721191718906,68
0.7814032720612014,0.0041185681317912,-0.2827014097854482,-0.1434879155968454,1.3136126598306066,-0.4012416860546675,1.6642973081497967,0.285970759412303,68
0.7814032720612014,0.5049415064154527,0.828510437884639,1.2885735018478053,1.3136126598306066,2.036836627645384,0.3744424911473677,0.285970759412303,74
-1.3837360532878724,0.1710595475596783,-1.6717162193730573,1.2885735018478053,-1.5621457376183063,-1.213934457288018,0.3744424911473677,1.632662710543512,61
0.0019531149355348,-0.6636453495797573,-1.185561036017394,-1.5755493330414962,1.3136126598306066,-1.213934457288018,-0.9154123258550612,0.285970759412303,63
-0.1712580310923911,-0.8305863290076444,-0.1437999288266873,-0.1434879155968454,-0.1242665388938497,-1.213934457288018,0.3744424911473677,1.632662710543512,64
0.9546144180891272,0.5049415064154527,-0.1437999288266873,-0.1434879155968454,-1.5621457376183063,1.2241438564120333,-0.9154123258550612,0.285970759412303,68
1.560853429186868,-0.6636453495797573,-1.046659555058633,-1.5755493330414962,-0.1242665388938497,-0.4012416860546675,-0.9154123258550612,0.285970759412303,67
-1.2105249072599464,-0.4967043701518701,0.9674119188433998,-0.1434879155968454,-0.1242665388938497,-1.213934457288018,0.3744424911473677,0.285970759412303,63
-0.6042858961622058,0.0041185681317912,1.2452148807609216,-1.5755493330414962,-0.1242665388938497,-0.4012416860546675,-0.9154123258550612,-1.060721191718906,65
-1.037313761232021,0.5049415064154527,1.175764140281541,-1.5755493330414962,-1.5621457376183063,1.2241438564120333,-0.9154123258550612,-1.060721191718906,65
0.1751642609634607,1.8404693418385496,1.5924685831578238,1.2885735018478053,-0.1242665388938497,-1.213934457288018,-0.9154123258550612,-1.060721191718906,71
1.0412199911030902,0.5049415064154527,-1.4633639979349158,-0.1434879155968454,-1.5621457376183063,-1.213934457288018,1.6642973081497967,1.632662710543512,68
1.6474590022008309,-1.9991731850028545,-1.4633639979349158,-0.1434879155968454,-0.1242665388938497,0.4114510851786828,1.6642973081497967,-1.060721191718906,67
1.0412199911030902,0.8388234652712269,0.2729045140495953,-0.1434879155968454,-0.1242665388938497,1.2241438564120333,0.3744424911473677,0.285970759412303,72
-0.6042858961622058,0.1710595475596783,1.0368626593227803,1.2885735018478053,1.3136126598306066,-1.213934457288018,0.3744424911473677,0.285970759412303,68
-1.4703416263018354,-1.3314092672913058,-0.4216028907442091,1.2885735018478053,-0.1242665388938497,-1.213934457288018,0.3744424911473677,0.285970759412303,60
-0.8641026152040947,-0.329763390723983,0.7590596974052585,-0.1434879155968454,-0.1242665388938497,-0.4012416860546675,-0.9154123258550612,1.632662710543512,65
-1.2105249072599464,0.0041185681317912,-0.2132506693060677,-1.5755493330414962,1.3136126598306066,-0.4012416860546675,0.3744424911473677,0.285970759412303,64
-0.4310747501342799,0.5049415064154527,1.5924685831578238,1.2885735018478053,-0.1242665388938497,1.2241438564120333,0.3744424911473677,0.285970759412303,71
1.214431137131016,0.5049415064154527,0.6201582164464976,-0.1434879155968454,1.3136126598306066,-1.213934457288018,1.6642973081497967,-1.060721191718906,73
0.4349809800053495,-1.498350246719193,-1.2550117764967743,-1.5755493330414962,1.3136126598306066,-1.213934457288018,-0.9154123258550612,0.285970759412303,65
1.560853429186868,-1.8322322055749671,-1.3939132574555355,-0.1434879155968454,1.3136126598306066,1.2241438564120333,-0.9154123258550612,-1.060721191718906,67
1.560853429186868,-1.8322322055749671,-0.7688565931411113,-0.1434879155968454,1.3136126598306066,-0.4012416860546675,-0.9154123258550612,-1.060721191718906,67
1.387642283158942,-0.4967043701518701,1.2452148807609216,-0.1434879155968454,-0.1242665388938497,0.4114510851786828,-0.9154123258550612,0.285970759412303,70
1.560853429186868,0.6718824858433398,1.5230178426784435,-0.1434879155968454,1.3136126598306066,-0.4012416860546675,0.3744424911473677,0.285970759412303,74
-1.3837360532878724,1.8404693418385496,0.4118059950083562,-1.5755493330414962,1.3136126598306066,-0.4012416860546675,-0.9154123258550612,0.285970759412303,67
-1.1239193342459837,1.6735283624106625,1.314665621240302,-0.1434879155968454,-0.1242665388938497,-0.4012416860546675,0.3744424911473677,0.285970759412303,69
0.9546144180891272,-1.498350246719193,-0.4216028907442091,-0.1434879155968454,1.3136126598306066,0.4114510851786828,0.3744424911473677,-1.060721191718906,67
1.6474590022008309,0.8388234652712269,0.8979611783640193,-0.1434879155968454,1.3136126598306066,1.2241438564120333,0.3744424911473677,-1.060721191718906,75
-0.0846524580784281,0.5049415064154527,-1.4633639979349158,-0.1434879155968454,1.3136126598306066,0.4114510851786828,0.3744424911473677,-1.060721191718906,68
-0.1712580310923911,1.005764444699114,-0.5605043717029701,1.2885735018478053,1.3136126598306066,-0.4012416860546675,-0.9154123258550612,1.632662710543512,69
0.2617698339774236,-0.8305863290076444,0.9674119188433998,1.2885735018478053,-0.1242665388938497,-0.4012416860546675,-0.9154123258550612,0.285970759412303,65
1.1278255641170531,-0.6636453495797573,-0.6994058526617309,1.2885735018478053,-1.5621457376183063,-1.213934457288018,-0.9154123258550612,0.285970759412303,66
-0.257863604106354,0.3380005269875655,0.6201582164464976,-0.1434879155968454,-1.5621457376183063,1.2241438564120333,-0.9154123258550612,1.632662710543512,66
0.3483754069913866,-0.9975273084355316,-0.3521521502648286,-0.1434879155968454,-0.1242665388938497,-0.4012416860546675,0.3744424911473677,-1.060721191718906,67
-1.3837360532878724,0.1710595475596783,-0.1437999288266873,-1.5755493330414962,-0.1242665388938497,0.4114510851786828,0.3744424911473677,-1.060721191718906,61
1.1278255641170531,-0.6636453495797573,-1.046659555058633,-0.1434879155968454,-1.5621457376183063,-0.4012416860546675,-0.9154123258550612,0.285970759412303,66
0.8680088450751643,-0.9975273084355316,-1.6717162193730573,-0.1434879155968454,-0.1242665388938497,-0.4012416860546675,-0.9154123258550612,0.285970759412303,66
-1.3837360532878724,0.3380005269875655,-1.1161102955380136,-1.5755493330414962,1.3136126598306066,-1.213934457288018,-0.9154123258550612,0.285970759412303,64
1.387642283158942,-2.1661141644307413,1.1063133998021608,1.2885735018478053,-0.1242665388938497,-1.213934457288018,0.3744424911473677,-1.060721191718906,67
-0.344469177120317,0.8388234652712269,-1.2550117764967743,1.2885735018478053,1.3136126598306066,-1.213934457288018,1.6642973081497967,0.285970759412303,68
0.8680088450751643,-0.1628224112960958,0.4118059950083562,-1.5755493330414962,1.3136126598306066,2.036836627645384,0.3744424911473677,1.632662710543512,71
-0.0846524580784281,0.1710595475596783,1.6619193236372043,-1.5755493330414962,1.3136126598306066,0.4114510851786828,-0.9154123258550612,-1.060721191718906,69
-0.257863604106354,2.174351300694324,0.6896089569258781,1.2885735018478053,-1.5621457376183063,-1.213934457288018,-0.9154123258550612,-1.060721191718906,69
-0.8641026152040947,-0.329763390723983,0.4118059950083562,-0.1434879155968454,1.3136126598306066,0.4114510851786828,-0.9154123258550612,-1.060721191718906,63
0.4349809800053495,-0.1628224112960958,0.6201582164464976,1.2885735018478053,1.3136126598306066,1.2241438564120333,1.6642973081497967,0.285970759412303,70
-1.4703416263018354,-0.1628224112960958,-1.185561036017394,1.2885735018478053,-1.5621457376183063,0.4114510851786828,1.6642973081497967,-1.060721191718906,64
1.1278255641170531,1.1727054241270012,0.6201582164464976,-1.5755493330414962,1.3136126598306066,-0.4012416860546675,1.6642973081497967,0.285970759412303,72
0.6947976990472384,-1.3314092672913058,-0.2132506693060677,-0.1434879155968454,-1.5621457376183063,0.4114510851786828,0.3744424911473677,0.285970759412303,64
-0.7774970421901317,0.6718824858433398,-0.7688565931411113,1.2885735018478053,-1.5621457376183063,-0.4012416860546675,0.3744424911473677,0.285970759412303,66
-0.0846524580784281,0.3380005269875655,1.1063133998021608,-0.1434879155968454,-0.1242665388938497,-1.213934457288018,0.3744424911473677,-1.060721191718906,66
-0.5176803231482429,-1.66529122614708,1.6619193236372043,-0.1434879155968454,-0.1242665388938497,0.4114510851786828,0.3744424911473677,0.285970759412303,66
-1.3837360532878724,-0.329763390723983,0.9674119188433998,1.2885735018478053,-0.1242665388938497,-0.4012416860546675,-0.9154123258550612,0.285970759412303,64
-0.0846524580784281,1.1727054241270012,-1.185561036017394,-1.5755493330414962,-0.1242665388938497,0.4114510851786828,1.6642973081497967,0.285970759412303,68
1.474247856172905,0.5049415064154527,-1.2550117764967743,1.2885735018478053,1.3136126598306066,0.4114510851786828,1.6642973081497967,1.632662710543512,72
-0.6908914691761688,-1.1644682878634187,-0.6299551121823505,1.2885735018478053,1.3136126598306066,-1.213934457288018,1.6642973081497967,-1.060721191718906,65
-1.2971304802739094,0.3380005269875655,0.8979611783640193,-1.5755493330414962,-0.1242665388938497,0.4114510851786828,0.3744424911473677,0.285970759412303,64
1.0412199911030902,1.3396464035548885,0.828510437884639,-0.1434879155968454,-0.1242665388938497,-0.4012416860546675,-0.9154123258550612,-1.060721191718906,71
0.5215865530193126,0.5049415064154527,1.1063133998021608,1.2885735018478053,-0.1242665388938497,0.4114510851786828,0.3744424911473677,-1.060721191718906,71
-1.037313761232021,-0.9975273084355316,-1.6022654788936768,-0.1434879155968454,-0.1242665388938497,0.4114510851786828,0.3744424911473677,-1.060721191718906,62
-0.6042858961622058,-1.8322322055749671,1.3841163617196826,-1.5755493330414962,-0.1242665388938497,1.2241438564120333,1.6642973081497967,-1.060721191718906,62
-1.2105249072599464,0.8388234652712269,-0.3521521502648286,-0.1434879155968454,1.3136126598306066,-0.4012416860546675,-0.9154123258550612,1.632662710543512,66
-0.9507081882180576,0.1710595475596783,-1.1161102955380136,-0.1434879155968454,-1.5621457376183063,1.2241438564120333,1.6642973081497967,-1.060721191718906,64
-1.4703416263018354,1.1727054241270012,0.3423552545289758,-1.5755493330414962,1.3136126598306066,0.4114510851786828,-0.9154123258550612,0.285970759412303,66
1.214431137131016,-0.4967043701518701,0.6896089569258781,-0.1434879155968454,-1.5621457376183063,-0.4012416860546675,-0.9154123258550612,0.285970759412303,68
-0.8641026152040947,0.3380005269875655,1.1063133998021608,-0.1434879155968454,-0.1242665388938497,0.4114510851786828,-0.9154123258550612,0.285970759412303,66
0.9546144180891272,-0.4967043701518701,-0.6299551121823505,-0.1434879155968454,-0.1242665388938497,-0.4012416860546675,-0.9154123258550612,1.632662710543512,69
-1.5569471993157984,0.1710595475596783,0.6201582164464976,-0.1434879155968454,1.3136126598306066,2.849529398878734,-0.9154123258550612,-1.060721191718906,67
-0.1712580310923911,0.0041185681317912,0.1340030330908344,-0.1434879155968454,-0.1242665388938497,1.2241438564120333,-0.9154123258550612,0.285970759412303,67
-0.7774970421901317,0.5049415064154527,0.4118059950083562,-1.5755493330414962,1.3136126598306066,1.2241438564120333,-0.9154123258550612,0.285970759412303,68
-0.4310747501342799,2.0074103212664367,1.5230178426784435,-0.1434879155968454,1.3136126598306066,-0.4012416860546675,0.3744424911473677,0.285970759412303,72
-0.1712580310923911,-0.1628224112960958,-1.185561036017394,-0.1434879155968454,-0.1242665388938497,-0.4012416860546675,1.6642973081497967,-1.060721191718906,66
0.3483754069913866,1.005764444699114,-0.7688565931411113,-0.1434879155968454,1.3136126598306066,-0.4012416860546675,0.3744424911473677,0.285970759412303,69
0.0885586879494977,0.6718824858433398,-0.9772088145792528,-0.1434879155968454,-1.5621457376183063,1.2241438564120333,1.6642973081497967,0.285970759412303,69
0.2617698339774236,1.1727054241270012,-0.6299551121823505,-0.1434879155968454,-0.1242665388938497,1.2241438564120333,0.3744424911473677,0.285970759412303,70
0.8680088450751643,1.005764444699114,-1.5328147384142965,1.2885735018478053,1.3136126598306066,-0.4012416860546675,-0.9154123258550612,-1.060721191718906,71
-0.8641026152040947,0.8388234652712269,-1.2550117764967743,-0.1434879155968454,-1.5621457376183063,2.036836627645384,-0.9154123258550612,0.285970759412303,66
0.2617698339774236,-0.8305863290076444,-1.2550117764967743,-0.1434879155968454,-0.1242665388938497,-1.213934457288018,1.6642973081497967,0.285970759412303,65
0.7814032720612014,0.0041185681317912,-0.0743491883473068,-0.1434879155968454,1.3136126598306066,-0.4012416860546675,-0.9154123258550612,-1.060721191718906,69
1.6474590022008309,-0.6636453495797573,0.8979611783640193,1.2885735018478053,-1.5621457376183063,0.4114510851786828,1.6642973081497967,-1.060721191718906,71
-1.1239193342459837,-0.1628224112960958,1.175764140281541,-0.1434879155968454,-1.5621457376183063,-1.213934457288018,0.3744424911473677,0.285970759412303,64
0.5215865530193126,-2.1661141644307413,0.8979611783640193,-1.5755493330414962,-0.1242665388938497,0.4114510851786828,0.3744424911473677,-1.060721191718906,63
-1.3837360532878724,0.0041185681317912,-1.5328147384142965,-1.5755493330414962,-0.1242665388938497,-0.4012416860546675,-0.9154123258550612,-1.060721191718906,61
-0.1712580310923911,0.5049415064154527,-1.7411669598524375,-0.1434879155968454,-0.1242665388938497,-0.4012416860546675,1.6642973081497967,0.285970759412303,67
1.0412199911030902,-1.66529122614708,-1.1161102955380136,-1.5755493330414962,1.3136126598306066,-1.213934457288018,-0.9154123258550612,-1.060721191718906,64
-0.4310747501342799,-1.3314092672913058,-0.0048984478679264,-0.1434879155968454,-0.1242665388938497,-0.4012416860546675,0.3744424911473677,-1.060721191718906,63
-1.6435527723297614,-0.9975273084355316,1.2452148807609216,-0.1434879155968454,-0.1242665388938497,1.2241438564120333,-0.9154123258550612,0.285970759412303,62
-1.1239193342459837,-0.6636453495797573,1.5924685831578238,-0.1434879155968454,1.3136126598306066,-1.213934457288018,-0.9154123258550612,-1.060721191718906,63
-0.8641026152040947,0.5049415064154527,-0.0048984478679264,-0.1434879155968454,-0.1242665388938497,-1.213934457288018,-0.9154123258550612,1.632662710543512,65
1.214431137131016,0.3380005269875655,0.828510437884639,-0.1434879155968454,1.3136126598306066,0.4114510851786828,0.3744424911473677,-1.060721191718906,73
-1.1239193342459837,0.1710595475596783,1.2452148807609216,-0.1434879155968454,-1.5621457376183063,-0.4012416860546675,0.3744424911473677,-1.060721191718906,66
1.1278255641170531,0.1710595475596783,1.1063133998021608,-1.5755493330414962,-1.5621457376183063,-0.4012416860546675,1.6642973081497967,1.632662710543512,69
0.0019531149355348,1.5065873829827754,-0.2827014097854482,-0.1434879155968454,-0.1242665388938497,-1.213934457288018,0.3744424911473677,0.285970759412303,70
0.8680088450751643,3.1759971772616464,1.175764140281541,1.2885735018478053,1.3136126598306066,0.4114510851786828,-0.9154123258550612,0.285970759412303,78
-0.4310747501342799,0.6718824858433398,-0.3521521502648286,1.2885735018478053,-1.5621457376183063,2.849529398878734,0.3744424911473677,1.632662710543512,71
-1.1239193342459837,1.005764444699114,-1.324462516976155,-0.1434879155968454,-0.1242665388938497,-0.4012416860546675,0.3744424911473677,0.285970759412303,66
0.0885586879494977,-0.9975273084355316,-0.9772088145792528,-0.1434879155968454,1.3136126598306066,-1.213934457288018,-0.9154123258550612,-1.060721191718906,64
-1.730158345343724,1.1727054241270012,-1.5328147384142965,1.2885735018478053,1.3136126598306066,1.2241438564120333,-0.9154123258550612,-1.060721191718906,65
-0.9507081882180576,0.3380005269875655,0.7590596974052585,-0.1434879155968454,1.3136126598306066,-1.213934457288018,-0.9154123258550612,0.285970759412303,65
-0.6042858961622058,2.842115218405872,-0.2827014097854482,1.2885735018478053,-0.1242665388938497,-1.213934457288018,-0.9154123258550612,1.632662710543512,72
-1.1239193342459837,-0.4967043701518701,-1.6717162193730573,-0.1434879155968454,1.3136126598306066,1.2241438564120333,-0.9154123258550612,-1.060721191718906,65
0.2617698339774236,-0.6636453495797573,-0.9077580740998724,-0.1434879155968454,-0.1242665388938497,-1.213934457288018,1.6642973081497967,-1.060721191718906,64
0.3483754069913866,1.5065873829827754,1.0368626593227803,-0.1434879155968454,1.3136126598306066,-1.213934457288018,1.6642973081497967,0.285970759412303,73
-0.0846524580784281,-0.8305863290076444,1.7313700641165848,1.2885735018478053,1.3136126598306066,2.036836627645384,0.3744424911473677,-1.060721191718906,70
-1.4703416263018354,-0.329763390723983,0.6201582164464976,1.2885735018478053,1.3136126598306066,-0.4012416860546675,-0.9154123258550612,0.285970759412303,66
1.6474590022008309,0.5049415064154527,-0.4910536312235896,-0.1434879155968454,-1.5621457376183063,-1.213934457288018,-0.9154123258550612,1.632662710543512,70
-0.6908914691761688,0.0041185681317912,-1.324462516976155,-0.1434879155968454,-0.1242665388938497,2.036836627645384,-0.9154123258550612,1.632662710543512,65
1.214431137131016,-0.8305863290076444,0.1340030330908344,-0.1434879155968454,-0.1242665388938497,1.2241438564120333,0.3744424911473677,1.632662710543512,70
0.6081921260332754,1.005764444699114,1.5924685831578238,-0.1434879155968454,-0.1242665388938497,-1.213934457288018,0.3744424911473677,0.285970759412303,71
-0.8641026152040947,0.8388234652712269,-0.8383073336204918,1.2885735018478053,1.3136126598306066,-0.4012416860546675,0.3744424911473677,0.285970759412303,69
1.387642283158942,-0.6636453495797573,0.1340030330908344,-0.1434879155968454,-0.1242665388938497,-0.4012416860546675,-0.9154123258550612,1.632662710543512,71
-1.3837360532878724,-0.8305863290076444,0.064552292611454,-0.1434879155968454,-0.1242665388938497,0.4114510851786828,-0.9154123258550612,0.285970759412303,63
0.0019531149355348,1.005764444699114,0.4118059950083562,1.2885735018478053,-0.1242665388938497,-1.213934457288018,0.3744424911473677,0.285970759412303,70
0.2617698339774236,0.0041185681317912,0.6896089569258781,-1.5755493330414962,-0.1242665388938497,-0.4012416860546675,0.3744424911473677,1.632662710543512,67
0.4349809800053495,-0.329763390723983,0.9674119188433998,-0.1434879155968454,-1.5621457376183063,-0.4012416860546675,-0.9154123258550612,1.632662710543512,68
-0.7774970421901317,0.8388234652712269,-0.0743491883473068,-1.5755493330414962,-0.1242665388938497,2.036836627645384,1.6642973081497967,0.285970759412303,67
0.9546144180891272,0.5049415064154527,-1.5328147384142965,-0.1434879155968454,1.3136126598306066,1.2241438564120333,-0.9154123258550612,0.285970759412303,70
1.1278255641170531,-1.1644682878634187,-0.0048984478679264,1.2885735018478053,-0.1242665388938497,-0.4012416860546675,-0.9154123258550612,0.285970759412303,69
1.387642283158942,-0.329763390723983,-0.8383073336204918,-1.5755493330414962,-0.1242665388938497,2.036836627645384,1.6642973081497967,-1.060721191718906,70
0.3483754069913866,1.8404693418385496,1.5924685831578238,-0.1434879155968454,-1.5621457376183063,-0.4012416860546675,1.6642973081497967,0.285970759412303,73
0.1751642609634607,-1.498350246719193,0.4118059950083562,1.2885735018478053,1.3136126598306066,0.4114510851786828,-0.9154123258550612,-1.060721191718906,67
0.9546144180891272,0.3380005269875655,1.3841163617196826,-0.1434879155968454,-1.5621457376183063,-0.4012416860546675,-0.9154123258550612,-1.060721191718906,70
1.1278255641170531,1.5065873829827754,0.6201582164464976,-0.1434879155968454,-0.1242665388938497,-1.213934457288018,0.3744424911473677,1.632662710543512,72
-0.257863604106354,-0.4967043701518701,0.1340030330908344,-0.1434879155968454,1.3136126598306066,-1.213934457288018,-0.9154123258550612,0.285970759412303,66
-1.1239193342459837,0.5049415064154527,0.8979611783640193,-0.1434879155968454,-1.5621457376183063,0.4114510851786828,-0.9154123258550612,0.285970759412303,65
-1.2971304802739094,2.341292280122211,-0.9077580740998724,-0.1434879155968454,-0.1242665388938497,-1.213934457288018,-0.9154123258550612,0.285970759412303,67
-1.1239193342459837,2.174351300694324,1.2452148807609216,-0.1434879155968454,-0.1242665388938497,-1.213934457288018,-0.9154123258550612,-1.060721191718906,68
-0.6908914691761688,1.005764444699114,0.4812567354877367,-1.5755493330414962,-0.1242665388938497,0.4114510851786828,1.6642973081497967,0.285970759412303,65
0.6081921260332754,-0.329763390723983,0.6201582164464976,1.2885735018478053,-0.1242665388938497,0.4114510851786828,1.6642973081497967,0.285970759412303,71
-1.037313761232021,0.5049415064154527,-0.3521521502648286,1.2885735018478053,-0.1242665388938497,2.036836627645384,-0.9154123258550612,0.285970759412303,68
-1.037313761232021,-0.4967043701518701,-0.2827014097854482,1.2885735018478053,-0.1242665388938497,-0.4012416860546675,-0.9154123258550612,0.285970759412303,65
-1.1239193342459837,0.1710595475596783,0.5507074759671171,-0.1434879155968454,-0.1242665388938497,-0.4012416860546675,-0.9154123258550612,-1.060721191718906,65
1.0412199911030902,0.5049415064154527,-0.2827014097854482,-0.1434879155968454,-1.5621457376183063,-0.4012416860546675,0.3744424911473677,-1.060721191718906,69
0.4349809800053495,-0.9975273084355316,-1.4633639979349158,-0.1434879155968454,-0.1242665388938497,-0.4012416860546675,1.6642973081497967,1.632662710543512,65
-1.2105249072599464,1.3396464035548885,1.5924685831578238,-1.5755493330414962,-0.1242665388938497,-1.213934457288018,-0.9154123258550612,0.285970759412303,67
1.474247856172905,1.5065873829827754,1.175764140281541,1.2885735018478053,-0.1242665388938497,0.4114510851786828,-0.9154123258550612,-1.060721191718906,75
-0.344469177120317,-1.498350246719193,0.5507074759671171,-0.1434879155968454,-1.5621457376183063,1.2241438564120333,-0.9154123258550612,0.285970759412303,64
1.214431137131016,-1.498350246719193,-0.9772088145792528,-1.5755493330414962,1.3136126598306066,-0.4012416860546675,0.3744424911473677,0.285970759412303,66
-1.1239193342459837,-0.9975273084355316,0.4812567354877367,1.2885735018478053,-0.1242665388938497,-0.4012416860546675,-0.9154123258550612,0.285970759412303,62
-1.4703416263018354,1.6735283624106625,1.5230178426784435,-1.5755493330414962,1.3136126598306066,0.4114510851786828,0.3744424911473677,-1.060721191718906,67
1.560853429186868,1.3396464035548885,-0.2132506693060677,1.2885735018478053,-0.1242665388938497,-0.4012416860546675,0.3744424911473677,-1.060721191718906,74
-1.5569471993157984,-0.8305863290076444,-0.7688565931411113,1.2885735018478053,-1.5621457376183063,0.4114510851786828,0.3744424911473677,-1.060721191718906,62
0.9546144180891272,0.6718824858433398,-1.1161102955380136,-1.5755493330414962,1.3136126598306066,-1.213934457288018,-0.9154123258550612,-1.060721191718906,69
0.9546144180891272,1.8404693418385496,0.6201582164464976,-0.1434879155968454,1.3136126598306066,0.4114510851786828,-0.9154123258550612,-1.060721191718906,72
1.3010367101449791,-0.1628224112960958,0.6896089569258781,-0.1434879155968454,-0.1242665388938497,0.4114510851786828,0.3744424911473677,-1.060721191718906,69
-1.2105249072599464,1.3396464035548885,-0.5605043717029701,1.2885735018478053,-0.1242665388938497,-0.4012416860546675,1.6642973081497967,1.632662710543512,68
0.4349809800053495,-0.329763390723983,1.3841163617196826,1.2885735018478053,-0.1242665388938497,0.4114510851786828,0.3744424911473677,-1.060721191718906,70
1.387642283158942,1.8404693418385496,-1.1161102955380136,-0.1434879155968454,1.3136126598306066,1.2241438564120333,-0.9154123258550612,-1.060721191718906,75
-0.6908914691761688,0.6718824858433398,1.3841163617196826,-0.1434879155968454,1.3136126598306066,1.2241438564120333,1.6642973081497967,-1.060721191718906,69
0.3483754069913866,2.0074103212664367,1.453567102199063,-0.1434879155968454,-1.5621457376183063,-0.4012416860546675,-0.9154123258550612,-1.060721191718906,72
1.560853429186868,-0.329763390723983,0.828510437884639,1.2885735018478053,-1.5621457376183063,-1.213934457288018,-0.9154123258550612,0.285970759412303,70
1.474247856172905,-0.1628224112960958,-0.1437999288266873,-0.1434879155968454,-1.5621457376183063,0.4114510851786828,0.3744424911473677,0.285970759412303,68
-0.6908914691761688,2.341292280122211,0.8979611783640193,1.2885735018478053,-0.1242665388938497,-0.4012416860546675,1.6642973081497967,1.632662710543512,73
-0.6042858961622058,0.8388234652712269,-0.4216028907442091,-1.5755493330414962,-1.5621457376183063,1.2241438564120333,-0.9154123258550612,0.285970759412303,66
-1.3837360532878724,-1.498350246719193,-0.5605043717029701,-1.5755493330414962,-0.1242665388938497,-0.4012416860546675,0.3744424911473677,0.285970759412303,58
0.0019531149355348,-0.1628224112960958,-1.4633639979349158,-0.1434879155968454,1.3136126598306066,-1.213934457288018,1.6642973081497967,-1.060721191718906,65
-0.344469177120317,0.5049415064154527,-1.6022654788936768,1.2885735018478053,-0.1242665388938497,1.2241438564120333,0.3744424911473677,0.285970759412303,67
1.6474590022008309,-0.329763390723983,-0.2132506693060677,-0.1434879155968454,1.3136126598306066,2.036836627645384,-0.9154123258550612,-1.060721191718906,72
-0.257863604106354,0.6718824858433398,-1.5328147384142965,-0.1434879155968454,-0.1242665388938497,0.4114510851786828,0.3744424911473677,1.632662710543512,68
1.214431137131016,1.005764444699114,-1.5328147384142965,-1.5755493330414962,1.3136126598306066,-1.213934457288018,-0.9154123258550612,-1.060721191718906,69
1.387642283158942,0.6718824858433398,1.2452148807609216,1.2885735018478053,-1.5621457376183063,0.4114510851786828,-0.9154123258550612,-1.060721191718906,94
-0.257863604106354,1.5065873829827754,0.8979611783640193,-1.5755493330414962,1.3136126598306066,-1.213934457288018,0.3744424911473677,0.285970759412303,70
-1.3837360532878724,0.6718824858433398,-0.6994058526617309,-0.1434879155968454,-0.1242665388938497,-1.213934457288018,0.3744424911473677,0.285970759412303,65
0.8680088450751643,-0.6636453495797573,-1.185561036017394,1.2885735018478053,1.3136126598306066,-0.4012416860546675,1.6642973081497967,-1.060721191718906,70
0.3483754069913866,-0.6636453495797573,1.2452148807609216,1.2885735018478053,-0.1242665388938497,-1.213934457288018,-0.9154123258550612,1.632662710543512,69
0.7814032720612014,-0.4967043701518701,0.4812567354877367,-0.1434879155968454,-0.1242665388938497,1.2241438564120333,0.3744424911473677,0.285970759412303,70
0.7814032720612014,0.5049415064154527,0.8979611783640193,-0.1434879155968454,-1.5621457376183063,-0.4012416860546675,1.6642973081497967,1.632662710543512,71
-0.8641026152040947,-0.8305863290076444,-1.2550117764967743,-0.1434879155968454,1.3136126598306066,-0.4012416860546675,-0.9154123258550612,0.285970759412303,63
-0.4310747501342799,-2.1661141644307413,1.5924685831578238,-0.1434879155968454,-0.1242665388938497,-0.4012416860546675,0.3744424911473677,-1.060721191718906,62
-1.2105249072599464,-1.1644682878634187,1.0368626593227803,-0.1434879155968454,1.3136126598306066,0.4114510851786828,-0.9154123258550612,-1.060721191718906,63
0.1751642609634607,0.1710595475596783,-1.6022654788936768,-0.1434879155968454,1.3136126598306066,2.036836627645384,-0.9154123258550612,-1.060721191718906,67
-0.6908914691761688,0.8388234652712269,-0.1437999288266873,-1.5755493330414962,1.3136126598306066,2.036836627645384,0.3744424911473677,0.285970759412303,69
-1.730158345343724,0.5049415064154527,-0.4216028907442091,-0.1434879155968454,1.3136126598306066,-0.4012416860546675,0.3744424911473677,-1.060721191718906,66
-0.0846524580784281,0.0041185681317912,0.6896089569258781,1.2885735018478053,1.3136126598306066,0.4114510851786828,0.3744424911473677,0.285970759412303,69
0.3483754069913866,0.6718824858433398,1.2452148807609216,1.2885735018478053,-1.5621457376183063,0.4114510851786828,-0.9154123258550612,-1.060721191718906,70
0.6081921260332754,-0.4967043701518701,-0.9772088145792528,-0.1434879155968454,-0.1242665388938497,2.036836627645384,-0.9154123258550612,1.632662710543512,67
0.0885586879494977,-1.3314092672913058,0.4812567354877367,1.2885735018478053,1.3136126598306066,-0.4012416860546675,-0.9154123258550612,0.285970759412303,66
-0.9507081882180576,-1.8322322055749671,1.175764140281541,1.2885735018478053,1.3136126598306066,0.4114510851786828,1.6642973081497967,-1.060721191718906,65
-1.2105249072599464,1.005764444699114,0.4812567354877367,1.2885735018478053,1.3136126598306066,-0.4012416860546675,-0.9154123258550612,-1.060721191718906,68
0.0885586879494977,-0.9975273084355316,-0.7688565931411113,-0.1434879155968454,-0.1242665388938497,0.4114510851786828,0.3744424911473677,0.285970759412303,66
-0.257863604106354,-0.9975273084355316,-0.0048984478679264,1.2885735018478053,-1.5621457376183063,-0.4012416860546675,-0.9154123258550612,0.285970759412303,89
-1.037313761232021,0.5049415064154527,0.7590596974052585,-0.1434879155968454,1.3136126598306066,-1.213934457288018,1.6642973081497967,0.285970759412303,68
-1.2105249072599464,-1.1644682878634187,1.5924685831578238,1.2885735018478053,1.3136126598306066,-0.4012416860546675,-0.9154123258550612,1.632662710543512,65
1.3010367101449791,-1.3314092672913058,-0.3521521502648286,-0.1434879155968454,-0.1242665388938497,2.036836627645384,-0.9154123258550612,0.285970759412303,68
-0.6042858961622058,0.5049415064154527,-0.8383073336204918,-0.1434879155968454,-0.1242665388938497,-0.4012416860546675,-0.9154123258550612,1.632662710543512,67
0.9546144180891272,-1.498350246719193,1.314665621240302,1.2885735018478053,-1.5621457376183063,-0.4012416860546675,0.3744424911473677,0.285970759412303,65
1.0412199911030902,-0.1628224112960958,-1.3939132574555355,-0.1434879155968454,-1.5621457376183063,-0.4012416860546675,-0.9154123258550612,0.285970759412303,66
0.0019531149355348,1.3396464035548885,1.453567102199063,1.2885735018478053,-0.1242665388938497,0.4114510851786828,-0.9154123258550612,-1.060721191718906,73
-0.6908914691761688,0.0041185681317912,1.0368626593227803,-0.1434879155968454,-0.1242665388938497,0.4114510851786828,0.3744424911473677,-1.060721191718906,65
-1.4703416263018354,1.3396464035548885,0.8979611783640193,-0.1434879155968454,-0.1242665388938497,0.4114510851786828,-0.9154123258550612,-1.060721191718906,67
0.0885586879494977,-1.3314092672913058,0.6896089569258781,-0.1434879155968454,-0.1242665388938497,-1.213934457288018,-0.9154123258550612,-1.060721191718906,64
1.214431137131016,0.1710595475596783,1.7313700641165848,-0.1434879155968454,1.3136126598306066,-1.213934457288018,1.6642973081497967,-1.060721191718906,72
-1.3837360532878724,-0.4967043701518701,-0.4910536312235896,-0.1434879155968454,-1.5621457376183063,2.849529398878734,-0.9154123258550612,0.285970759412303,63
1.474247856172905,-0.1628224112960958,-1.4633639979349158,-1.5755493330414962,-0.1242665388938497,-1.213934457288018,-0.9154123258550612,1.632662710543512,68
-0.6908914691761688,1.3396464035548885,-0.8383073336204918,1.2885735018478053,-1.5621457376183063,-0.4012416860546675,0.3744424911473677,-1.060721191718906,66
1.1278255641170531,0.8388234652712269,1.0368626593227803,1.2885735018478053,-0.1242665388938497,-0.4012416860546675,0.3744424911473677,0.285970759412303,72
0.1751642609634607,0.5049415064154527,-1.4633639979349158,-0.1434879155968454,-1.5621457376183063,-1.213934457288018,-0.9154123258550612,0.285970759412303,65
0.1751642609634607,1.1727054241270012,-1.6717162193730573,-0.1434879155968454,-0.1242665388938497,1.2241438564120333,0.3744424911473677,1.632662710543512,70
-1.1239193342459837,1.1727054241270012,1.0368626593227803,-0.1434879155968454,-1.5621457376183063,0.4114510851786828,-0.9154123258550612,1.632662710543512,67
1.3010367101449791,0.6718824858433398,-0.1437999288266873,-1.5755493330414962,-0.1242665388938497,1.2241438564120333,-0.9154123258550612,-1.060721191718906,69
-1.6435527723297614,0.3380005269875655,-0.4216028907442091,-0.1434879155968454,-0.1242665388938497,0.4114510851786828,0.3744424911473677,-1.060721191718906,63
1.6474590022008309,0.8388234652712269,1.5230178426784435,-0.1434879155968454,1.3136126598306066,-1.213934457288018,0.3744424911473677,0.285970759412303,75
-1.6435527723297614,0.6718824858433398,0.8979611783640193,-0.1434879155968454,-0.1242665388938497,-0.4012416860546675,-0.9154123258550612,-1.060721191718906,64
-0.1712580310923911,1.3396464035548885,0.6201582164464976,1.2885735018478053,-0.1242665388938497,0.4114510851786828,0.3744424911473677,-1.060721191718906,69
-0.6908914691761688,0.3380005269875655,0.8979611783640193,1.2885735018478053,-1.5621457376183063,0.4114510851786828,-0.9154123258550612,0.285970759412303,66
0.6081921260332754,-0.1628224112960958,-1.7411669598524375,1.2885735018478053,-1.5621457376183063,1.2241438564120333,1.6642973081497967,-1.060721191718906,68
-0.257863604106354,0.5049415064154527,-0.4216028907442091,1.2885735018478053,-0.1242665388938497,-0.4012416860546675,-0.9154123258550612,0.285970759412303,67
-0.8641026152040947,-1.498350246719193,1.3841163617196826,1.2885735018478053,1.3136126598306066,-1.213934457288018,0.3744424911473677,-1.060721191718906,65
-1.3837360532878724,-1.498350246719193,-0.6299551121823505,-0.1434879155968454,-0.1242665388938497,0.4114510851786828,0.3744424911473677,-1.060721191718906,61
-1.3837360532878724,1.8404693418385496,1.5230178426784435,-0.1434879155968454,1.3136126598306066,0.4114510851786828,-0.9154123258550612,0.285970759412303,67
1.560853429186868,1.6735283624106625,-1.7411669598524375,-1.5755493330414962,-1.5621457376183063,-1.213934457288018,0.3744424911473677,-1.060721191718906,70
-0.9507081882180576,0.3380005269875655,-0.0743491883473068,-0.1434879155968454,1.3136126598306066,-0.4012416860546675,0.3744424911473677,0.285970759412303,65
1.0412199911030902,0.5049415064154527,-0.9772088145792528,-0.1434879155968454,-0.1242665388938497,2.036836627645384,0.3744424911473677,-1.060721191718906,71
-1.037313761232021,1.3396464035548885,0.6896089569258781,-1.5755493330414962,-1.5621457376183063,-1.213934457288018,1.6642973081497967,0.285970759412303,65
-1.4703416263018354,2.341292280122211,-1.046659555058633,1.2885735018478053,-0.1242665388938497,-0.4012416860546675,-0.9154123258550612,0.285970759412303,67
-0.0846524580784281,0.1710595475596783,0.7590596974052585,-1.5755493330414962,-0.1242665388938497,-0.4012416860546675,-0.9154123258550612,1.632662710543512,66
1.3010367101449791,-0.329763390723983,-1.4633639979349158,1.2885735018478053,-1.5621457376183063,-1.213934457288018,0.3744424911473677,0.285970759412303,68
-0.7774970421901317,0.0041185681317912,0.828510437884639,-1.5755493330414962,-0.1242665388938497,-0.4012416860546675,-0.9154123258550612,0.285970759412303,65
-0.344469177120317,2.0074103212664367,1.453567102199063,-1.5755493330414962,-1.5621457376183063,-1.213934457288018,-0.9154123258550612,-1.060721191718906,67
1.1278255641170531,0.8388234652712269,-1.324462516976155,1.2885735018478053,-0.1242665388938497,-1.213934457288018,-0.9154123258550612,-1.060721191718906,69
1.3010367101449791,-1.3314092672913058,-0.9772088145792528,-0.1434879155968454,-0.1242665388938497,2.036836627645384,0.3744424911473677,1.632662710543512,69
-0.7774970421901317,0.1710595475596783,-1.1161102955380136,-0.1434879155968454,-1.5621457376183063,1.2241438564120333,0.3744424911473677,-1.060721191718906,64
-0.8641026152040947,-1.1644682878634187,1.453567102199063,-0.1434879155968454,-1.5621457376183063,0.4114510851786828,1.6642973081497967,0.285970759412303,64
-0.5176803231482429,-0.329763390723983,-0.0048984478679264,-0.1434879155968454,1.3136126598306066,-0.4012416860546675,1.6642973081497967,1.632662710543512,68
0.2617698339774236,-0.4967043701518701,0.3423552545289758,-0.1434879155968454,-1.5621457376183063,2.036836627645384,0.3744424911473677,0.285970759412303,67
-1.6435527723297614,-1.66529122614708,0.6896089569258781,-0.1434879155968454,1.3136126598306066,-0.4012416860546675,-0.9154123258550612,0.285970759412303,62
-0.4310747501342799,0.6718824858433398,0.6896089569258781,-1.5755493330414962,-0.1242665388938497,-0.4012416860546675,1.6642973081497967,-1.060721191718906,66
1.6474590022008309,0.1710595475596783,-1.2550117764967743,-1.5755493330414962,-0.1242665388938497,0.4114510851786828,1.6642973081497967,0.285970759412303,71
-1.6435527723297614,-0.8305863290076444,0.4812567354877367,-1.5755493330414962,1.3136126598306066,0.4114510851786828,1.6642973081497967,0.285970759412303,64
-1.3837360532878724,0.5049415064154527,-0.0048984478679264,-0.1434879155968454,-0.1242665388938497,0.4114510851786828,0.3744424911473677,0.285970759412303,66
0.2617698339774236,1.5065873829827754,-0.7688565931411113,1.2885735018478053,1.3136126598306066,0.4114510851786828,-0.9154123258550612,0.285970759412303,71
1.3010367101449791,1.1727054241270012,-1.6022654788936768,-0.1434879155968454,1.3136126598306066,1.2241438564120333,0.3744424911473677,0.285970759412303,73
-0.4310747501342799,-1.3314092672913058,-1.185561036017394,1.2885735018478053,-0.1242665388938497,1.2241438564120333,0.3744424911473677,0.285970759412303,66
1.6474590022008309,-0.1628224112960958,-0.4216028907442091,-0.1434879155968454,1.3136126598306066,-0.4012416860546675,-0.9154123258550612,1.632662710543512,72
1.7340645752147938,-0.9975273084355316,-0.0048984478679264,-0.1434879155968454,-1.5621457376183063,-0.4012416860546675,1.6642973081497967,-1.060721191718906,67
0.0885586879494977,1.1727054241270012,0.2034537735702149,-0.1434879155968454,-0.1242665388938497,-1.213934457288018,-0.9154123258550612,0.285970759412303,68
1.214431137131016,-0.9975273084355316,-0.0743491883473068,-0.1434879155968454,1.3136126598306066,-0.4012416860546675,0.3744424911473677,1.632662710543512,70
0.8680088450751643,-0.1628224112960958,0.1340030330908344,-0.1434879155968454,1.3136126598306066,-1.213934457288018,1.6642973081497967,1.632662710543512,71
-1.037313761232021,-0.9975273084355316,1.6619193236372043,-0.1434879155968454,1.3136126598306066,-1.213934457288018,-0.9154123258550612,1.632662710543512,66
-0.5176803231482429,-1.3314092672913058,-0.6299551121823505,1.2885735018478053,-0.1242665388938497,-0.4012416860546675,-0.9154123258550612,-1.060721191718906,62
1.214431137131016,-1.1644682878634187,-0.3521521502648286,1.2885735018478053,1.3136126598306066,-0.4012416860546675,-0.9154123258550612,0.285970759412303,68
0.7814032720612014,1.8404693418385496,-1.2550117764967743,-0.1434879155968454,-0.1242665388938497,-0.4012416860546675,0.3744424911473677,1.632662710543512,71
-1.3837360532878724,-0.1628224112960958,-1.324462516976155,-0.1434879155968454,-0.1242665388938497,0.4114510851786828,1.6642973081497967,-1.060721191718906,63
-1.1239193342459837,-0.8305863290076444,-0.0743491883473068,-0.1434879155968454,-0.1242665388938497,-1.213934457288018,0.3744424911473677,-1.060721191718906,61
-1.2971304802739094,0.6718824858433398,0.2729045140495953,1.2885735018478053,-1.5621457376183063,-0.4012416860546675,1.6642973081497967,0.285970759412303,66
-1.2105249072599464,-0.6636453495797573,0.6201582164464976,-0.1434879155968454,1.3136126598306066,0.4114510851786828,-0.9154123258550612,0.285970759412303,65
-1.3837360532878724,-0.6636453495797573,-0.6994058526617309,-0.1434879155968454,-0.1242665388938497,0.4114510851786828,-0.9154123258550612,0.285970759412303,63
1.560853429186868,0.5049415064154527,0.3423552545289758,-0.1434879155968454,1.3136126598306066,-0.4012416860546675,0.3744424911473677,0.285970759412303,73
-0.257863604106354,-0.329763390723983,-0.6299551121823505,-1.5755493330414962,-0.1242665388938497,1.2241438564120333,0.3744424911473677,0.285970759412303,66
-0.5176803231482429,1.005764444699114,-0.9077580740998724,-0.1434879155968454,1.3136126598306066,-1.213934457288018,-0.9154123258550612,-1.060721191718906,66
-0.1712580310923911,-0.329763390723983,0.6896089569258781,-1.5755493330414962,1.3136126598306066,1.2241438564120333,0.3744424911473677,-1.060721191718906,67
-1.730158345343724,-0.8305863290076444,-0.6299551121823505,-0.1434879155968454,-0.1242665388938497,0.4114510851786828,-0.9154123258550612,1.632662710543512,62
-0.6908914691761688,2.508233259550098,-0.0048984478679264,1.2885735018478053,1.3136126598306066,-0.4012416860546675,0.3744424911473677,-1.060721191718906,72
1.7340645752147938,-0.329763390723983,0.7590596974052585,-0.1434879155968454,1.3136126598306066,-0.4012416860546675,-0.9154123258550612,0.285970759412303,72
0.2617698339774236,-1.3314092672913058,0.6896089569258781,-0.1434879155968454,1.3136126598306066,0.4114510851786828,0.3744424911473677,-1.060721191718906,67
-0.7774970421901317,0.6718824858433398,1.1063133998021608,1.2885735018478053,-1.5621457376183063,1.2241438564120333,-0.9154123258550612,1.632662710543512,67
1.387642283158942,1.5065873829827754,-1.3939132574555355,-0.1434879155968454,-0.1242665388938497,-1.213934457288018,1.6642973081497967,0.285970759412303,70
-1.2105249072599464,0.0041185681317912,1.0368626593227803,-0.1434879155968454,-0.1242665388938497,-1.213934457288018,0.3744424911473677,0.285970759412303,64
1.6474590022008309,-2.1661141644307413,1.314665621240302,-0.1434879155968454,1.3136126598306066,1.2241438564120333,1.6642973081497967,1.632662710543512,72
-0.344469177120317,-1.66529122614708,0.064552292611454,-0.1434879155968454,-1.5621457376183063,0.4114510851786828,1.6642973081497967,1.632662710543512,64
-0.9507081882180576,0.1710595475596783,-0.8383073336204918,-1.5755493330414962,1.3136126598306066,-1.213934457288018,-0.9154123258550612,0.285970759412303,64
-0.6042858961622058,0.0041185681317912,1.1063133998021608,-0.1434879155968454,-0.1242665388938497,-0.4012416860546675,1.6642973081497967,0.285970759412303,66
0.0885586879494977,0.8388234652712269,0.7590596974052585,-1.5755493330414962,-0.1242665388938497,-0.4012416860546675,1.6642973081497967,-1.060721191718906,68
-0.5176803231482429,0.0041185681317912,-1.1161102955380136,-0.1434879155968454,-0.1242665388938497,2.849529398878734,-0.9154123258550612,1.632662710543512,68
-1.6435527723297614,1.3396464035548885,0.7590596974052585,1.2885735018478053,-0.1242665388938497,-0.4012416860546675,1.6642973081497967,-1.060721191718906,65
-1.4703416263018354,1.005764444699114,-1.3939132574555355,-0.1434879155968454,-0.1242665388938497,0.4114510851786828,-0.9154123258550612,0.285970759412303,65
-0.1712580310923911,-0.8305863290076444,0.6896089569258781,1.2885735018478053,1.3136126598306066,-0.4012416860546675,-0.9154123258550612,1.632662710543512,65
1.3010367101449791,0.6718824858433398,-0.2827014097854482,1.2885735018478053,-0.1242665388938497,-0.4012416860546675,-0.9154123258550612,0.285970759412303,74
-0.5176803231482429,-0.1628224112960958,-0.6994058526617309,-1.5755493330414962,-0.1242665388938497,-0.4012416860546675,-0.9154123258550612,-1.060721191718906,64
-1.5569471993157984,0.0041185681317912,0.2034537735702149,-0.1434879155968454,1.3136126598306066,-0.4012416860546675,-0.9154123258550612,1.632662710543512,64
-0.5176803231482429,0.3380005269875655,-1.324462516976155,-1.5755493330414962,-0.1242665388938497,2.036836627645384,1.6642973081497967,0.285970759412303,66
-0.344469177120317,1.3396464035548885,-0.0048984478679264,1.2885735018478053,-0.1242665388938497,1.2241438564120333,-0.9154123258550612,1.632662710543512,72
1.7340645752147938,-1.8322322055749671,0.2729045140495953,-1.5755493330414962,-1.5621457376183063,-0.4012416860546675,1.6642973081497967,-1.060721191718906,66
0.6081921260332754,-0.329763390723983,1.175764140281541,-0.1434879155968454,-0.1242665388938497,-0.4012416860546675,-0.9154123258550612,-1.060721191718906,68
1.0412199911030902,-0.329763390723983,-1.4633639979349158,-0.1434879155968454,-1.5621457376183063,-0.4012416860546675,-0.9154123258550612,0.285970759412303,67
-1.5569471993157984,1.1727054241270012,0.2729045140495953,-1.5755493330414962,-1.5621457376183063,-1.213934457288018,0.3744424911473677,-1.060721191718906,62
-0.8641026152040947,-0.6636453495797573,1.5924685831578238,-0.1434879155968454,-0.1242665388938497,0.4114510851786828,-0.9154123258550612,0.285970759412303,65
0.6947976990472384,2.0074103212664367,0.5507074759671171,-1.5755493330414962,-0.1242665388938497,-0.4012416860546675,1.6642973081497967,-1.060721191718906,73
1.474247856172905,-2.1661141644307413,1.5230178426784435,1.2885735018478053,-1.5621457376183063,1.2241438564120333,0.3744424911473677,0.285970759412303,69
1.560853429186868,0.1710595475596783,1.3841163617196826,-0.1434879155968454,-0.1242665388938497,1.2241438564120333,-0.9154123258550612,1.632662710543512,72
0.5215865530193126,0.5049415064154527,1.453567102199063,1.2885735018478053,-0.1242665388938497,1.2241438564120333,-0.9154123258550612,0.285970759412303,71
0.8680088450751643,0.3380005269875655,1.6619193236372043,1.2885735018478053,-1.5621457376183063,-0.4012416860546675,0.3744424911473677,-1.060721191718906,70
1.6474590022008309,-0.8305863290076444,-0.2827014097854482,-0.1434879155968454,-0.1242665388938497,-1.213934457288018,0.3744424911473677,0.285970759412303,68
0.6947976990472384,-1.3314092672913058,-1.6022654788936768,-0.1434879155968454,1.3136126598306066,-0.4012416860546675,-0.9154123258550612,0.285970759412303,63
-0.5176803231482429,-0.9975273084355316,1.3841163617196826,1.2885735018478053,-0.1242665388938497,-0.4012416860546675,0.3744424911473677,-1.060721191718906,66
1.387642283158942,-0.4967043701518701,-1.046659555058633,-0.1434879155968454,1.3136126598306066,-0.4012416860546675,0.3744424911473677,-1.060721191718906,69
1.3010367101449791,0.1710595475596783,-0.6299551121823505,-0.1434879155968454,1.3136126598306066,-0.4012416860546675,0.3744424911473677,0.285970759412303,73
0.3483754069913866,0.1710595475596783,-0.6299551121823505,-1.5755493330414962,1.3136126598306066,0.4114510851786828,0.3744424911473677,1.632662710543512,68
-0.6042858961622058,-1.1644682878634187,-1.6717162193730573,-0.1434879155968454,-0.1242665388938497,-0.4012416860546675,1.6642973081497967,-1.060721191718906,63
0.6947976990472384,0.1710595475596783,1.175764140281541,1.2885735018478053,1.3136126598306066,0.4114510851786828,1.6642973081497967,0.285970759412303,74
-1.5569471993157984,-0.9975273084355316,0.828510437884639,-0.1434879155968454,-1.5621457376183063,-0.4012416860546675,-0.9154123258550612,0.285970759412303,60
-0.344469177120317,0.3380005269875655,0.6201582164464976,-0.1434879155968454,1.3136126598306066,0.4114510851786828,-0.9154123258550612,0.285970759412303,70
1.1278255641170531,0.5049415064154527,0.828510437884639,-1.5755493330414962,-0.1242665388938497,0.4114510851786828,-0.9154123258550612,0.285970759412303,70
1.387642283158942,-0.1628224112960958,0.7590596974052585,-1.5755493330414962,-0.1242665388938497,1.2241438564120333,-0.9154123258550612,0.285970759412303,69
-1.5569471993157984,-1.498350246719193,0.828510437884639,1.2885735018478053,-1.5621457376183063,1.2241438564120333,-0.9154123258550612,-1.060721191718906,61
-0.344469177120317,1.3396464035548885,-0.6299551121823505,-0.1434879155968454,-1.5621457376183063,2.849529398878734,0.3744424911473677,1.632662710543512,70
0.6947976990472384,0.3380005269875655,-0.8383073336204918,-1.5755493330414962,-0.1242665388938497,1.2241438564120333,1.6642973081497967,-1.060721191718906,69
1.387642283158942,-0.8305863290076444,-0.0743491883473068,-0.1434879155968454,1.3136126598306066,0.4114510851786828,-0.9154123258550612,-1.060721191718906,68
-1.2105249072599464,0.1710595475596783,-1.6022654788936768,-0.1434879155968454,-0.1242665388938497,-0.4012416860546675,-0.9154123258550612,0.285970759412303,63
1.387642283158942,-0.9975273084355316,-0.4216028907442091,-1.5755493330414962,-0.1242665388938497,-1.213934457288018,0.3744424911473677,0.285970759412303,66
1.387642283158942,-0.6636453495797573,-1.7411669598524375,-0.1434879155968454,-0.1242665388938497,-0.4012416860546675,0.3744424911473677,0.285970759412303,69
-1.730158345343724,-0.6636453495797573,-0.6299551121823505,-0.1434879155968454,-1.5621457376183063,-0.4012416860546675,-0.9154123258550612,1.632662710543512,59
-0.5176803231482429,-0.8305863290076444,-1.046659555058633,-1.5755493330414962,-0.1242665388938497,0.4114510851786828,-0.9154123258550612,0.285970759412303,62
-0.6908914691761688,0.5049415064154527,0.9674119188433998,1.2885735018478053,1.3136126598306066,-1.213934457288018,-0.9154123258550612,0.285970759412303,67
1.0412199911030902,-0.4967043701518701,0.8979611783640193,-0.1434879155968454,-1.5621457376183063,-0.4012416860546675,-0.9154123258550612,1.632662710543512,68
-1.3837360532878724,0.5049415064154527,-0.4216028907442091,-0.1434879155968454,-1.5621457376183063,2.036836627645384,-0.9154123258550612,1.632662710543512,66
0.5215865530193126,0.1710595475596783,-0.2132506693060677,-0.1434879155968454,1.3136126598306066,-1.213934457288018,-0.9154123258550612,1.632662710543512,69
-1.3837360532878724,-0.6636453495797573,-1.185561036017394,-0.1434879155968454,-1.5621457376183063,-0.4012416860546675,0.3744424911473677,0.285970759412303,61
0.1751642609634607,0.0041185681317912,1.314665621240302,-0.1434879155968454,-0.1242665388938497,1.2241438564120333,-0.9154123258550612,-1.060721191718906,68
0.2617698339774236,0.0041185681317912,0.9674119188433998,-0.1434879155968454,1.3136126598306066,1.2241438564120333,-0.9154123258550612,-1.060721191718906,69
-1.5569471993157984,1.005764444699114,0.2729045140495953,-0.1434879155968454,-1.5621457376183063,-0.4012416860546675,0.3744424911473677,-1.060721191718906,63
-0.6042858961622058,0.1710595475596783,1.6619193236372043,-0.1434879155968454,1.3136126598306066,-0.4012416860546675,0.3744424911473677,0.285970759412303,69
0.0885586879494977,-1.66529122614708,1.6619193236372043,-0.1434879155968454,1.3136126598306066,0.4114510851786828,1.6642973081497967,0.285970759412303,67
1.214431137131016,-0.8305863290076444,0.1340030330908344,-1.5755493330414962,-1.5621457376183063,-0.4012416860546675,0.3744424911473677,1.632662710543512,68
0.8680088450751643,-0.6636453495797573,1.7313700641165848,1.2885735018478053,-0.1242665388938497,-0.4012416860546675,-0.9154123258550612,1.632662710543512,69
-0.6908914691761688,0.8388234652712269,-1.185561036017394,-0.1434879155968454,1.3136126598306066,-1.213934457288018,0.3744424911473677,-1.060721191718906,66
-0.6908914691761688,0.8388234652712269,1.175764140281541,-0.1434879155968454,-0.1242665388938497,-0.4012416860546675,-0.9154123258550612,-1.060721191718906,66
1.387642283158942,-0.329763390723983,-1.6022654788936768,-1.5755493330414962,1.3136126598306066,-0.4012416860546675,0.3744424911473677,-1.060721191718906,68
-0.8641026152040947,-1.1644682878634187,-1.1161102955380136,-0.1434879155968454,-0.1242665388938497,-1.213934457288018,1.6642973081497967,0.285970759412303,63
0.3483754069913866,0.5049415064154527,-1.1161102955380136,-0.1434879155968454,-0.1242665388938497,-0.4012416860546675,1.6642973081497967,-1.060721191718906,66
0.1751642609634607,-1.66529122614708,0.4812567354877367,-0.1434879155968454,1.3136126598306066,0.4114510851786828,-0.9154123258550612,-1.060721191718906,65
-1.3837360532878724,1.005764444699114,-0.7688565931411113,-0.1434879155968454,-0.1242665388938497,0.4114510851786828,-0.9154123258550612,1.632662710543512,64
0.0019531149355348,-0.4967043701518701,-1.6022654788936768,-0.1434879155968454,-0.1242665388938497,0.4114510851786828,1.6642973081497967,0.285970759412303,67
0.4349809800053495,-0.1628224112960958,-0.2827014097854482,-0.1434879155968454,1.3136126598306066,-0.4012416860546675,1.6642973081497967,0.285970759412303,69
-1.2971304802739094,-0.9975273084355316,0.4118059950083562,-0.1434879155968454,-1.5621457376183063,-0.4012416860546675,-0.9154123258550612,-1.060721191718906,61
-0.4310747501342799,-1.66529122614708,1.0368626593227803,1.2885735018478053,-0.1242665388938497,0.4114510851786828,1.6642973081497967,-1.060721191718906,65
0.2617698339774236,-0.4967043701518701,1.453567102199063,-0.1434879155968454,-0.1242665388938497,-0.4012416860546675,0.3744424911473677,-1.060721191718906,67
-1.6435527723297614,1.005764444699114,1.3841163617196826,-0.1434879155968454,1.3136126598306066,-1.213934457288018,0.3744424911473677,0.285970759412303,67
0.6947976990472384,0.6718824858433398,0.7590596974052585,-0.1434879155968454,-1.5621457376183063,-1.213934457288018,0.3744424911473677,-1.060721191718906,67
0.4349809800053495,0.8388234652712269,0.2034537735702149,-0.1434879155968454,1.3136126598306066,0.4114510851786828,-0.9154123258550612,0.285970759412303,69
0.8680088450751643,-0.1628224112960958,0.4118059950083562,1.2885735018478053,-1.5621457376183063,0.4114510851786828,-0.9154123258550612,0.285970759412303,69
-1.1239193342459837,0.3380005269875655,-1.1161102955380136,-0.1434879155968454,-0.1242665388938497,0.4114510851786828,1.6642973081497967,-1.060721191718906,67
-1.1239193342459837,0.6718824858433398,0.9674119188433998,-0.1434879155968454,1.3136126598306066,0.4114510851786828,-0.9154123258550612,1.632662710543512,68
0.1751642609634607,-0.9975273084355316,-1.6022654788936768,-0.1434879155968454,1.3136126598306066,1.2241438564120333,-0.9154123258550612,-1.060721191718906,66
-0.7774970421901317,-0.1628224112960958,1.453567102199063,1.2885735018478053,1.3136126598306066,0.4114510851786828,0.3744424911473677,-1.060721191718906,67
-0.6908914691761688,-1.3314092672913058,-1.324462516976155,1.2885735018478053,-1.5621457376183063,1.2241438564120333,-0.9154123258550612,-1.060721191718906,62
0.5215865530193126,1.1727054241270012,-0.5605043717029701,-0.1434879155968454,1.3136126598306066,2.849529398878734,1.6642973081497967,1.632662710543512,75
-0.4310747501342799,0.3380005269875655,-0.8383073336204918,1.2885735018478053,-0.1242665388938497,-0.4012416860546675,0.3744424911473677,-1.060721191718906,67
-1.6435527723297614,-1.1644682878634187,0.6896089569258781,-1.5755493330414962,-0.1242665388938497,2.036836627645384,0.3744424911473677,-1.060721191718906,61
0.3483754069913866,-2.1661141644307413,1.453567102199063,-0.1434879155968454,-0.1242665388938497,-0.4012416860546675,-0.9154123258550612,-1.060721191718906,62
-1.1239193342459837,-0.9975273084355316,-0.6299551121823505,-1.5755493330414962,-1.5621457376183063,-1.213934457288018,-0.9154123258550612,-1.060721191718906,57
-0.9507081882180576,1.005764444699114,0.6201582164464976,-1.5755493330414962,-1.5621457376183063,-1.213934457288018,-0.9154123258550612,0.285970759412303,63
0.1751642609634607,-0.6636453495797573,-0.1437999288266873,1.2885735018478053,-1.5621457376183063,1.2241438564120333,0.3744424911473677,-1.060721191718906,67
-1.6435527723297614,-0.9975273084355316,-0.2827014097854482,-0.1434879155968454,-1.5621457376183063,0.4114510851786828,-0.9154123258550612,-1.060721191718906,59
-0.344469177120317,0.6718824858433398,-1.3939132574555355,-0.1434879155968454,1.3136126598306066,0.4114510851786828,-0.9154123258550612,-1.060721191718906,67
-0.4310747501342799,0.6718824858433398,-0.4910536312235896,-1.5755493330414962,-0.1242665388938497,0.4114510851786828,1.6642973081497967,0.285970759412303,67
-1.037313761232021,-0.6636453495797573,0.1340030330908344,1.2885735018478053,-0.1242665388938497,-0.4012416860546675,1.6642973081497967,0.285970759412303,66
-0.7774970421901317,-0.4967043701518701,0.2034537735702149,1.2885735018478053,-1.5621457376183063,-1.213934457288018,0.3744424911473677,0.285970759412303,64
1.214431137131016,1.005764444699114,0.9674119188433998,-0.1434879155968454,-0.1242665388938497,-1.213934457288018,-0.9154123258550612,-1.060721191718906,70
-0.5176803231482429,0.3380005269875655,-0.4910536312235896,1.2885735018478053,-1.5621457376183063,-1.213934457288018,-0.9154123258550612,0.285970759412303,65
0.5215865530193126,0.0041185681317912,-1.5328147384142965,-1.5755493330414962,-0.1242665388938497,-0.4012416860546675,-0.9154123258550612,-1.060721191718906,65
-1.6435527723297614,-0.1628224112960958,0.6201582164464976,1.2885735018478053,-0.1242665388938497,0.4114510851786828,-0.9154123258550612,0.285970759412303,66
0.7814032720612014,0.0041185681317912,1.1063133998021608,1.2885735018478053,-0.1242665388938497,0.4114510851786828,-0.9154123258550612,0.285970759412303,72
-1.5569471993157984,0.6718824858433398,-1.5328147384142965,-1.5755493330414962,1.3136126598306066,-1.213934457288018,1.6642973081497967,0.285970759412303,65
-1.4703416263018354,0.1710595475596783,-0.3521521502648286,-0.1434879155968454,-0.1242665388938497,-0.4012416860546675,0.3744424911473677,1.632662710543512,64
0.7814032720612014,-1.3314092672913058,-0.2132506693060677,-1.5755493330414962,-0.1242665388938497,-0.4012416860546675,0.3744424911473677,1.632662710543512,67
0.6947976990472384,-2.3330551438586284,-0.1437999288266873,1.2885735018478053,1.3136126598306066,1.2241438564120333,0.3744424911473677,-1.060721191718906,67
-1.5569471993157984,0.6718824858433398,1.0368626593227803,-0.1434879155968454,1.3136126598306066,-1.213934457288018,0.3744424911473677,1.632662710543512,67
-0.8641026152040947,1.6735283624106625,-1.2550117764967743,-0.1434879155968454,-0.1242665388938497,-0.4012416860546675,0.3744424911473677,-1.060721191718906,65
0.1751642609634607,-1.8322322055749671,0.2034537735702149,-0.1434879155968454,1.3136126598306066,-1.213934457288018,0.3744424911473677,1.632662710543512,64
0.3483754069913866,-0.329763390723983,-0.4910536312235896,-1.5755493330414962,-0.1242665388938497,-1.213934457288018,1.6642973081497967,0.285970759412303,66
0.8680088450751643,1.5065873829827754,0.5507074759671171,-0.1434879155968454,-0.1242665388938497,-1.213934457288018,-0.9154123258550612,0.285970759412303,72
0.6947976990472384,-0.9975273084355316,-0.6299551121823505,-0.1434879155968454,-0.1242665388938497,2.036836627645384,-0.9154123258550612,0.285970759412303,69
1.387642283158942,0.5049415064154527,1.2452148807609216,1.2885735018478053,-1.5621457376183063,2.849529398878734,-0.9154123258550612,-1.060721191718906,72
-0.7774970421901317,0.0041185681317912,1.2452148807609216,-0.1434879155968454,1.3136126598306066,0.4114510851786828,1.6642973081497967,0.285970759412303,68
-1.037313761232021,0.5049415064154527,-1.046659555058633,-0.1434879155968454,1.3136126598306066,-0.4012416860546675,-0.9154123258550612,-1.060721191718906,64
0.2617698339774236,-0.6636453495797573,-0.9772088145792528,-1.5755493330414962,-1.5621457376183063,-1.213934457288018,0.3744424911473677,0.285970759412303,64
-1.1239193342459837,0.8388234652712269,-0.7688565931411113,1.2885735018478053,-0.1242665388938497,-1.213934457288018,-0.9154123258550612,-1.060721191718906,64
0.2617698339774236,0.1710595475596783,1.175764140281541,-1.5755493330414962,-0.1242665388938497,0.4114510851786828,-0.9154123258550612,0.285970759412303,66
-1.1239193342459837,0.0041185681317912,-0.5605043717029701,1.2885735018478053,1.3136126598306066,-0.4012416860546675,0.3744424911473677,0.285970759412303,66
-0.9507081882180576,-1.1644682878634187,1.453567102199063,-1.5755493330414962,-0.1242665388938497,-1.213934457288018,-0.9154123258550612,1.632662710543512,61
0.5215865530193126,2.0074103212664367,-0.4910536312235896,-0.1434879155968454,-0.1242665388938497,-0.4012416860546675,-0.9154123258550612,0.285970759412303,70
0.6081921260332754,0.8388234652712269,1.5230178426784435,-0.1434879155968454,-1.5621457376183063,2.036836627645384,-0.9154123258550612,-1.060721191718906,69
-0.4310747501342799,-0.329763390723983,1.3841163617196826,1.2885735018478053,-1.5621457376183063,-0.4012416860546675,0.3744424911473677,-1.060721191718906,66
1.0412199911030902,-0.8305863290076444,-1.6717162193730573,-0.1434879155968454,-0.1242665388938497,-0.4012416860546675,0.3744424911473677,1.632662710543512,69
0.9546144180891272,0.3380005269875655,-1.6717162193730573,-0.1434879155968454,-1.5621457376183063,0.4114510851786828,-0.9154123258550612,1.632662710543512,69
-0.257863604106354,0.3380005269875655,0.2729045140495953,-0.1434879155968454,-0.1242665388938497,0.4114510851786828,-0.9154123258550612,0.285970759412303,67
-1.3837360532878724,1.6735283624106625,0.4118059950083562,-0.1434879155968454,1.3136126598306066,1.2241438564120333,0.3744424911473677,0.285970759412303,68
-0.0846524580784281,-1.1644682878634187,-1.185561036017394,-1.5755493330414962,-1.5621457376183063,0.4114510851786828,0.3744424911473677,0.285970759412303,63
-1.3837360532878724,1.8404693418385496,0.5507074759671171,-0.1434879155968454,-0.1242665388938497,-0.4012416860546675,-0.9154123258550612,0.285970759412303,67
-0.257863604106354,-2.1661141644307413,0.064552292611454,-0.1434879155968454,1.3136126598306066,0.4114510851786828,0.3744424911473677,0.285970759412303,63
-1.5569471993157984,1.1727054241270012,-1.5328147384142965,-0.1434879155968454,1.3136126598306066,-0.4012416860546675,-0.9154123258550612,0.285970759412303,64
-1.4703416263018354,1.005764444699114,0.064552292611454,-0.1434879155968454,-0.1242665388938497,1.2241438564120333,-0.9154123258550612,0.285970759412303,66
1.214431137131016,-0.329763390723983,-0.4216028907442091,-0.1434879155968454,-0.1242665388938497,-0.4012416860546675,-0.9154123258550612,0.285970759412303,69
0.6947976990472384,-0.8305863290076444,-0.9772088145792528,1.2885735018478053,-0.1242665388938497,0.4114510851786828,-0.9154123258550612,0.285970759412303,68
-0.4310747501342799,-0.1628224112960958,1.0368626593227803,-0.1434879155968454,-0.1242665388938497,-1.213934457288018,1.6642973081497967,0.285970759412303,66
-1.037313761232021,1.6735283624106625,-0.9772088145792528,1.2885735018478053,1.3136126598306066,-0.4012416860546675,1.6642973081497967,0.285970759412303,70
-0.0846524580784281,-0.1628224112960958,-1.1161102955380136,-0.1434879155968454,1.3136126598306066,-0.4012416860546675,0.3744424911473677,0.285970759412303,65
0.8680088450751643,-0.6636453495797573,-1.4633639979349158,-0.1434879155968454,-0.1242665388938497,0.4114510851786828,-0.9154123258550612,0.285970759412303,67
-0.6908914691761688,0.5049415064154527,0.2034537735702149,-0.1434879155968454,-0.1242665388938497,-0.4012416860546675,-0.9154123258550612,-1.060721191718906,66
-1.2105249072599464,-1.1644682878634187,-1.6717162193730573,-0.1434879155968454,1.3136126598306066,1.2241438564120333,1.6642973081497967,0.285970759412303,63
0.6947976990472384,-3.167760040998064,-0.2132506693060677,1.2885735018478053,-0.1242665388938497,1.2241438564120333,0.3744424911473677,0.285970759412303,92
1.1278255641170531,-0.9975273084355316,-0.0048984478679264,-1.5755493330414962,-0.1242665388938497,-1.213934457288018,-0.9154123258550612,0.285970759412303,65
1.6474590022008309,-0.9975273084355316,0.3423552545289758,-0.1434879155968454,-0.1242665388938497,1.2241438564120333,0.3744424911473677,0.285970759412303,71
-0.0846524580784281,0.0041185681317912,-0.2827014097854482,-0.1434879155968454,-0.1242665388938497,-0.4012416860546675,0.3744424911473677,0.285970759412303,68
1.474247856172905,-0.9975273084355316,-0.2132506693060677,-1.5755493330414962,-0.1242665388938497,-0.4012416860546675,-0.9154123258550612,-1.060721191718906,66
-0.6908914691761688,0.6718824858433398,0.8979611783640193,-1.5755493330414962,1.3136126598306066,1.2241438564120333,-0.9154123258550612,-1.060721191718906,68
0.6947976990472384,0.3380005269875655,-0.2132506693060677,-0.1434879155968454,-0.1242665388938497,0.4114510851786828,-0.9154123258550612,-1.060721191718906,69
0.5215865530193126,-0.329763390723983,-0.0048984478679264,-0.1434879155968454,-0.1242665388938497,-1.213934457288018,-0.9154123258550612,-1.060721191718906,67
1.1278255641170531,0.5049415064154527,1.2452148807609216,1.2885735018478053,-1.5621457376183063,-0.4012416860546675,-0.9154123258550612,0.285970759412303,72
-0.7774970421901317,-0.9975273084355316,0.1340030330908344,1.2885735018478053,1.3136126598306066,-1.213934457288018,-0.9154123258550612,0.285970759412303,64
1.560853429186868,0.3380005269875655,1.2452148807609216,-0.1434879155968454,-0.1242665388938497,2.036836627645384,-0.9154123258550612,-1.060721191718906,73
-0.4310747501342799,-0.1628224112960958,-0.7688565931411113,-1.5755493330414962,-0.1242665388938497,0.4114510851786828,-0.9154123258550612,-1.060721191718906,64
1.560853429186868,0.8388234652712269,1.0368626593227803,-0.1434879155968454,-0.1242665388938497,-0.4012416860546675,1.6642973081497967,1.632662710543512,94
-1.6435527723297614,-2.6669371027144027,-0.2827014097854482,1.2885735018478053,-1.5621457376183063,-1.213934457288018,1.6642973081497967,-1.060721191718906,58
-1.2971304802739094,-0.8305863290076444,-1.5328147384142965,-0.1434879155968454,-0.1242665388938497,0.4114510851786828,0.3744424911473677,-1.060721191718906,61
0.5215865530193126,0.1710595475596783,-1.6717162193730573,-0.1434879155968454,-1.5621457376183063,0.4114510851786828,-0.9154123258550612,-1.060721191718906,67
-0.0846524580784281,0.8388234652712269,0.1340030330908344,-0.1434879155968454,1.3136126598306066,0.4114510851786828,-0.9154123258550612,-1.060721191718906,68
0.0019531149355348,-0.9975273084355316,1.2452148807609216,-0.1434879155968454,-1.5621457376183063,1.2241438564120333,-0.9154123258550612,-1.060721191718906,67
-0.1712580310923911,-0.329763390723983,-1.1161102955380136,-0.1434879155968454,-1.5621457376183063,-1.213934457288018,-0.9154123258550612,1.632662710543512,64
1.560853429186868,0.1710595475596783,-1.2550117764967743,-1.5755493330414962,-0.1242665388938497,0.4114510851786828,-0.9154123258550612,1.632662710543512,68
1.3010367101449791,0.1710595475596783,-0.5605043717029701,-1.5755493330414962,-0.1242665388938497,1.2241438564120333,0.3744424911473677,0.285970759412303,70
0.6947976990472384,-0.4967043701518701,1.314665621240302,-0.1434879155968454,-0.1242665388938497,2.849529398878734,0.3744424911473677,0.285970759412303,70
0.4349809800053495,0.3380005269875655,0.2729045140495953,-0.1434879155968454,1.3136126598306066,2.849529398878734,-0.9154123258550612,0.285970759412303,72
-0.7774970421901317,0.0041185681317912,-0.6994058526617309,-0.1434879155968454,-0.1242665388938497,0.4114510851786828,-0.9154123258550612,0.285970759412303,64
0.2617698339774236,0.0041185681317912,-1.185561036017394,1.2885735018478053,1.3136126598306066,-0.4012416860546675,-0.9154123258550612,0.285970759412303,68
0.0019531149355348,1.1727054241270012,1.0368626593227803,-0.1434879155968454,1.3136126598306066,-0.4012416860546675,1.6642973081497967,0.285970759412303,71
-0.6908914691761688,0.5049415064154527,-0.4216028907442091,-0.1434879155968454,-0.1242665388938497,0.4114510851786828,-0.9154123258550612,1.632662710543512,67
1.560853429186868,-0.329763390723983,-1.2550117764967743,-0.1434879155968454,1.3136126598306066,-1.213934457288018,1.6642973081497967,1.632662710543512,69
1.387642283158942,0.1710595475596783,-0.2827014097854482,-0.1434879155968454,-0.1242665388938497,0.4114510851786828,-0.9154123258550612,-1.060721191718906,70
1.474247856172905,-0.9975273084355316,-0.1437999288266873,-0.1434879155968454,-1.5621457376183063,0.4114510851786828,0.3744424911473677,0.285970759412303,68
0.6081921260332754,-0.9975273084355316,-0.9772088145792528,1.2885735018478053,-0.1242665388938497,-1.213934457288018,-0.9154123258550612,-1.060721191718906,65
0.7814032720612014,-0.1628224112960958,-0.6994058526617309,-0.1434879155968454,1.3136126598306066,0.4114510851786828,1.6642973081497967,-1.060721191718906,68
-1.730158345343724,-0.1628224112960958,-0.1437999288266873,-0.1434879155968454,-0.1242665388938497,1.2241438564120333,-0.9154123258550612,0.285970759412303,63
-0.6042858961622058,1.5065873829827754,-0.4910536312235896,-0.1434879155968454,1.3136126598306066,-0.4012416860546675,-0.9154123258550612,-1.060721191718906,67
-0.344469177120317,-0.8305863290076444,0.4812567354877367,1.2885735018478053,1.3136126598306066,2.036836627645384,-0.9154123258550612,-1.060721191718906,69
-1.4703416263018354,1.6735283624106625,0.064552292611454,-0.1434879155968454,-0.1242665388938497,-0.4012416860546675,1.6642973081497967,0.285970759412303,67
-1.2971304802739094,0.6718824858433398,1.314665621240302,1.2885735018478053,1.3136126598306066,0.4114510851786828,1.6642973081497967,0.285970759412303,68
-1.3837360532878724,0.3380005269875655,0.1340030330908344,-0.1434879155968454,-0.1242665388938497,2.849529398878734,-0.9154123258550612,0.285970759412303,66
1.0412199911030902,1.8404693418385496,-1.4633639979349158,-0.1434879155968454,-0.1242665388938497,-0.4012416860546675,0.3744424911473677,-1.060721191718906,71
-0.6042858961622058,0.0041185681317912,-0.3521521502648286,1.2885735018478053,-0.1242665388938497,1.2241438564120333,-0.9154123258550612,1.632662710543512,68
-1.4703416263018354,0.8388234652712269,-0.8383073336204918,-1.5755493330414962,1.3136126598306066,-1.213934457288018,1.6642973081497967,0.285970759412303,65
-1.1239193342459837,0.8388234652712269,1.2452148807609216,-0.1434879155968454,1.3136126598306066,0.4114510851786828,-0.9154123258550612,-1.060721191718906,68
0.6947976990472384,0.0041185681317912,-1.324462516976155,-0.1434879155968454,-0.1242665388938497,-0.4012416860546675,0.3744424911473677,-1.060721191718906,67
0.7814032720612014,0.1710595475596783,-0.6994058526617309,-1.5755493330414962,-1.5621457376183063,0.4114510851786828,0.3744424911473677,-1.060721191718906,67
-0.344469177120317,0.1710595475596783,-0.5605043717029701,-0.1434879155968454,-0.1242665388938497,-0.4012416860546675,-0.9154123258550612,1.632662710543512,66
0.5215865530193126,1.1727054241270012,0.8979611783640193,1.2885735018478053,-0.1242665388938497,-0.4012416860546675,1.6642973081497967,0.285970759412303,72
-0.0846524580784281,-0.9975273084355316,0.4118059950083562,-0.1434879155968454,1.3136126598306066,1.2241438564120333,-0.9154123258550612,1.632662710543512,67
1.6474590022008309,-1.9991731850028545,-0.1437999288266873,1.2885735018478053,-0.1242665388938497,-0.4012416860546675,-0.9154123258550612,0.285970759412303,68
0.3483754069913866,0.1710595475596783,0.828510437884639,-1.5755493330414962,1.3136126598306066,0.4114510851786828,1.6642973081497967,1.632662710543512,69
-0.9507081882180576,0.8388234652712269,1.5924685831578238,-0.1434879155968454,1.3136126598306066,-0.4012416860546675,0.3744424911473677,-1.060721191718906,66
-0.344469177120317,-0.1628224112960958,-0.3521521502648286,1.2885735018478053,-1.5621457376183063,-0.4012416860546675,0.3744424911473677,-1.060721191718906,63
0.0885586879494977,0.5049415064154527,1.314665621240302,-1.5755493330414962,1.3136126598306066,-0.4012416860546675,0.3744424911473677,0.285970759412303,70
0.0019531149355348,0.6718824858433398,-1.6717162193730573,1.2885735018478053,-0.1242665388938497,1.2241438564120333,-0.9154123258550612,1.632662710543512,68
1.3010367101449791,0.0041185681317912,-0.9077580740998724,-1.5755493330414962,1.3136126598306066,-0.4012416860546675,0.3744424911473677,-1.060721191718906,69
1.387642283158942,-0.1628224112960958,1.3841163617196826,-0.1434879155968454,-0.1242665388938497,1.2241438564120333,0.3744424911473677,0.285970759412303,73
0.6947976990472384,-0.329763390723983,-0.4910536312235896,-0.1434879155968454,1.3136126598306066,-1.213934457288018,-0.9154123258550612,0.285970759412303,67
-1.6435527723297614,0.3380005269875655,0.8979611783640193,-0.1434879155968454,1.3136126598306066,-0.4012416860546675,-0.9154123258550612,0.285970759412303,65
-0.0846524580784281,-1.66529122614708,-0.1437999288266873,-0.1434879155968454,1.3136126598306066,-0.4012416860546675,-0.9154123258550612,-1.060721191718906,63
1.3010367101449791,0.1710595475596783,0.4118059950083562,-0.1434879155968454,1.3136126598306066,-1.213934457288018,-0.9154123258550612,0.285970759412303,71
-1.1239193342459837,0.6718824858433398,1.0368626593227803,-1.5755493330414962,1.3136126598306066,-1.213934457288018,0.3744424911473677,-1.060721191718906,64
-0.344469177120317,0.0041185681317912,-1.6022654788936768,-1.5755493330414962,-0.1242665388938497,0.4114510851786828,-0.9154123258550612,-1.060721191718906,64
-0.6908914691761688,1.6735283624106625,0.4812567354877367,-0.1434879155968454,1.3136126598306066,-0.4012416860546675,0.3744424911473677,-1.060721191718906,70
0.0019531149355348,0.6718824858433398,-1.5328147384142965,-0.1434879155968454,-0.1242665388938497,0.4114510851786828,-0.9154123258550612,-1.060721191718906,67
-1.1239193342459837,-0.329763390723983,0.2034537735702149,1.2885735018478053,-0.1242665388938497,0.4114510851786828,-0.9154123258550612,0.285970759412303,63
0.9546144180891272,0.1710595475596783,-0.6299551121823505,-0.1434879155968454,-0.1242665388938497,-0.4012416860546675,0.3744424911473677,1.632662710543512,69
1.474247856172905,-0.1628224112960958,1.5924685831578238,-0.1434879155968454,-1.5621457376183063,-0.4012416860546675,0.3744424911473677,0.285970759412303,71
0.6081921260332754,-0.1628224112960958,-0.0048984478679264,-0.1434879155968454,-0.1242665388938497,0.4114510851786828,-0.9154123258550612,-1.060721191718906,67
0.9546144180891272,-1.1644682878634187,-0.2827014097854482,-1.5755493330414962,-0.1242665388938497,-0.4012416860546675,0.3744424911473677,-1.060721191718906,64
-1.1239193342459837,-0.329763390723983,-0.1437999288266873,-1.5755493330414962,1.3136126598306066,-1.213934457288018,1.6642973081497967,0.285970759412303,62
-0.6042858961622058,-0.9975273084355316,1.5924685831578238,-0.1434879155968454,1.3136126598306066,0.4114510851786828,-0.9154123258550612,-1.060721191718906,65
-1.2105249072599464,-1.3314092672913058,1.6619193236372043,1.2885735018478053,-0.1242665388938497,0.4114510851786828,-0.9154123258550612,0.285970759412303,63
-1.3837360532878724,1.005764444699114,-1.324462516976155,1.2885735018478053,-0.1242665388938497,1.2241438564120333,-0.9154123258550612,0.285970759412303,66
0.0885586879494977,1.005764444699114,0.828510437884639,1.2885735018478053,-0.1242665388938497,0.4114510851786828,1.6642973081497967,1.632662710543512,73
0.6081921260332754,0.0041185681317912,1.6619193236372043,-0.1434879155968454,-0.1242665388938497,1.2241438564120333,-0.9154123258550612,-1.060721191718906,69
-0.8641026152040947,-0.1628224112960958,1.0368626593227803,-0.1434879155968454,-0.1242665388938497,0.4114510851786828,-0.9154123258550612,-1.060721191718906,65
0.1751642609634607,-0.9975273084355316,1.3841163617196826,-0.1434879155968454,-1.5621457376183063,-0.4012416860546675,1.6642973081497967,-1.060721191718906,66
-1.3837360532878724,-0.8305863290076444,0.9674119188433998,-1.5755493330414962,1.3136126598306066,-1.213934457288018,-0.9154123258550612,-1.060721191718906,61
0.6081921260332754,-1.66529122614708,0.5507074759671171,-1.5755493330414962,-0.1242665388938497,-1.213934457288018,-0.9154123258550612,-1.060721191718906,63
-0.6042858961622058,-0.6636453495797573,-0.2827014097854482,-1.5755493330414962,-0.1242665388938497,0.4114510851786828,0.3744424911473677,1.632662710543512,66
0.6947976990472384,-0.6636453495797573,-1.6717162193730573,1.2885735018478053,-0.1242665388938497,-1.213934457288018,0.3744424911473677,0.285970759412303,68
-0.5176803231482429,-1.498350246719193,1.5924685831578238,1.2885735018478053,-0.1242665388938497,-0.4012416860546675,-0.9154123258550612,-1.060721191718906,65
-0.344469177120317,0.1710595475596783,-0.0743491883473068,-0.1434879155968454,-0.1242665388938497,0.4114510851786828,-0.9154123258550612,0.285970759412303,67
-0.1712580310923911,0.6718824858433398,-1.5328147384142965,-1.5755493330414962,1.3136126598306066,-1.213934457288018,0.3744424911473677,0.285970759412303,66
0.7814032720612014,-0.8305863290076444,-1.3939132574555355,-1.5755493330414962,-0.1242665388938497,-0.4012416860546675,1.6642973081497967,0.285970759412303,66
1.3010367101449791,3.1759971772616464,-1.4633639979349158,1.2885735018478053,-0.1242665388938497,0.4114510851786828,-0.9154123258550612,0.285970759412303,77
-1.2105249072599464,0.6718824858433398,0.9674119188433998,1.2885735018478053,-0.1242665388938497,-1.213934457288018,0.3744424911473677,0.285970759412303,67
-1.2105249072599464,1.6735283624106625,-1.5328147384142965,1.2885735018478053,-0.1242665388938497,0.4114510851786828,-0.9154123258550612,-1.060721191718906,65
1.474247856172905,-1.1644682878634187,-0.6994058526617309,-0.1434879155968454,1.3136126598306066,-0.4012416860546675,-0.9154123258550612,-1.060721191718906,69
-0.9507081882180576,-1.498350246719193,-0.6994058526617309,-0.1434879155968454,-1.5621457376183063,-1.213934457288018,0.3744424911473677,-1.060721191718906,58
-1.2971304802739094,-0.6636453495797573,1.5230178426784435,-1.5755493330414962,1.3136126598306066,0.4114510851786828,-0.9154123258550612,-1.060721191718906,63
-0.5176803231482429,-0.8305863290076444,0.3423552545289758,1.2885735018478053,-0.1242665388938497,0.4114510851786828,1.6642973081497967,1.632662710543512,66
0.4349809800053495,-0.329763390723983,1.453567102199063,-0.1434879155968454,-0.1242665388938497,-1.213934457288018,0.3744424911473677,1.632662710543512,68
-0.7774970421901317,-1.1644682878634187,1.5924685831578238,-0.1434879155968454,-0.1242665388938497,-1.213934457288018,0.3744424911473677,0.285970759412303,64
-1.037313761232021,-0.6636453495797573,0.6896089569258781,-0.1434879155968454,-1.5621457376183063,-0.4012416860546675,1.6642973081497967,-1.060721191718906,64
-1.3837360532878724,0.8388234652712269,0.4812567354877367,-1.5755493330414962,-0.1242665388938497,0.4114510851786828,-0.9154123258550612,-1.060721191718906,63
-1.037313761232021,-0.329763390723983,1.1063133998021608,-0.1434879155968454,-1.5621457376183063,-0.4012416860546675,1.6642973081497967,-1.060721191718906,65
-0.9507081882180576,-0.329763390723983,-0.9077580740998724,1.2885735018478053,1.3136126598306066,1.2241438564120333,-0.9154123258550612,0.285970759412303,65
-1.6435527723297614,1.005764444699114,1.1063133998021608,1.2885735018478053,-1.5621457376183063,-1.213934457288018,0.3744424911473677,1.632662710543512,67
-0.257863604106354,-0.8305863290076444,0.6896089569258781,-0.1434879155968454,-0.1242665388938497,-0.4012416860546675,1.6642973081497967,-1.060721191718906,66
-1.037313761232021,0.6718824858433398,-1.324462516976155,-0.1434879155968454,1.3136126598306066,1.2241438564120333,0.3744424911473677,1.632662710543512,67
1.1278255641170531,-0.4967043701518701,0.828510437884639,-0.1434879155968454,-0.1242665388938497,0.4114510851786828,0.3744424911473677,1.632662710543512,69
-0.9507081882180576,-0.1628224112960958,0.6201582164464976,-0.1434879155968454,-0.1242665388938497,0.4114510851786828,-0.9154123258550612,0.285970759412303,66
1.7340645752147938,1.6735283624106625,-0.4910536312235896,-0.1434879155968454,1.3136126598306066,0.4114510851786828,1.6642973081497967,0.285970759412303,75
0.9546144180891272,0.8388234652712269,-0.1437999288266873,1.2885735018478053,-0.1242665388938497,0.4114510851786828,-0.9154123258550612,-1.060721191718906,72
-1.3837360532878724,-0.329763390723983,0.064552292611454,1.2885735018478053,-0.1242665388938497,-0.4012416860546675,-0.9154123258550612,-1.060721191718906,64
-1.5569471993157984,-1.498350246719193,0.4812567354877367,1.2885735018478053,-0.1242665388938497,1.2241438564120333,0.3744424911473677,1.632662710543512,64
0.6947976990472384,-0.1628224112960958,-1.2550117764967743,1.2885735018478053,-0.1242665388938497,-0.4012416860546675,0.3744424911473677,0.285970759412303,66
-0.5176803231482429,-0.329763390723983,-0.2132506693060677,1.2885735018478053,-0.1242665388938497,-0.4012416860546675,0.3744424911473677,-1.060721191718906,65
0.7814032720612014,0.6718824858433398,0.828510437884639,-0.1434879155968454,-0.1242665388938497,1.2241438564120333,-0.9154123258550612,1.632662710543512,70
-0.7774970421901317,-1.66529122614708,-1.5328147384142965,-1.5755493330414962,-0.1242665388938497,2.036836627645384,-0.9154123258550612,1.632662710543512,62
0.0885586879494977,-0.329763390723983,0.1340030330908344,1.2885735018478053,-1.5621457376183063,-0.4012416860546675,0.3744424911473677,0.285970759412303,67
-1.1239193342459837,-0.4967043701518701,0.4812567354877367,-0.1434879155968454,1.3136126598306066,-1.213934457288018,-0.9154123258550612,0.285970759412303,65
0.7814032720612014,-0.8305863290076444,0.4812567354877367,-0.1434879155968454,-1.5621457376183063,-0.4012416860546675,0.3744424911473677,0.285970759412303,66
-0.6042858961622058,1.6735283624106625,-0.4910536312235896,-0.1434879155968454,-1.5621457376183063,-1.213934457288018,1.6642973081497967,-1.060721191718906,67
0.6947976990472384,1.005764444699114,0.4118059950083562,1.2885735018478053,-1.5621457376183063,-0.4012416860546675,-0.9154123258550612,1.632662710543512,71
-0.9507081882180576,1.1727054241270012,0.9674119188433998,1.2885735018478053,-0.1242665388938497,0.4114510851786828,-0.9154123258550612,1.632662710543512,69
-1.6435527723297614,1.6735283624106625,0.4812567354877367,1.2885735018478053,-1.5621457376183063,0.4114510851786828,1.6642973081497967,-1.060721191718906,68
0.3483754069913866,-1.1644682878634187,1.5924685831578238,-0.1434879155968454,1.3136126598306066,-1.213934457288018,-0.9154123258550612,-1.060721191718906,64
-1.2105249072599464,-0.329763390723983,1.5230178426784435,1.2885735018478053,-1.5621457376183063,2.036836627645384,-0.9154123258550612,0.285970759412303,66
-0.9507081882180576,1.005764444699114,0.5507074759671171,-0.1434879155968454,-0.1242665388938497,2.036836627645384,-0.9154123258550612,0.285970759412303,68
-0.257863604106354,1.5065873829827754,1.1063133998021608,-1.5755493330414962,-0.1242665388938497,0.4114510851786828,1.6642973081497967,-1.060721191718906,70
-0.8641026152040947,-0.9975273084355316,1.1063133998021608,-0.1434879155968454,-0.1242665388938497,0.4114510851786828,-0.9154123258550612,0.285970759412303,65
1.6474590022008309,1.5065873829827754,1.5924685831578238,-0.1434879155968454,1.3136126598306066,2.849529398878734,1.6642973081497967,-1.060721191718906,77
-1.3837360532878724,-0.329763390723983,1.0368626593227803,-0.1434879155968454,-0.1242665388938497,-0.4012416860546675,-0.9154123258550612,-1.060721191718906,63
0.1751642609634607,-1.1644682878634187,0.4812567354877367,1.2885735018478053,-0.1242665388938497,-0.4012416860546675,-0.9154123258550612,-1.060721191718906,65
1.7340645752147938,0.5049415064154527,-0.1437999288266873,-1.5755493330414962,-0.1242665388938497,1.2241438564120333,0.3744424911473677,0.285970759412303,72
-1.3837360532878724,-0.4967043701518701,-0.8383073336204918,-1.5755493330414962,1.3136126598306066,-1.213934457288018,-0.9154123258550612,1.632662710543512,62
1.474247856172905,1.5065873829827754,-0.0743491883473068,-0.1434879155968454,1.3136126598306066,-0.4012416860546675,-0.9154123258550612,0.285970759412303,73
1.6474590022008309,-1.3314092672913058,-0.6299551121823505,-0.1434879155968454,-0.1242665388938497,1.2241438564120333,1.6642973081497967,0.285970759412303,67
-0.4310747501342799,0.5049415064154527,-0.4910536312235896,-1.5755493330414962,-1.5621457376183063,-0.4012416860546675,-0.9154123258550612,1.632662710543512,64
-0.5176803231482429,0.1710595475596783,-1.3939132574555355,-0.1434879155968454,-1.5621457376183063,1.2241438564120333,0.3744424911473677,-1.060721191718906,65
1.6474590022008309,1.1727054241270012,-1.5328147384142965,-0.1434879155968454,1.3136126598306066,0.4114510851786828,0.3744424911473677,-1.060721191718906,73
0.0019531149355348,1.1727054241270012,-0.2827014097854482,1.2885735018478053,1.3136126598306066,2.036836627645384,0.3744424911473677,-1.060721191718906,72
-0.7774970421901317,0.3380005269875655,-0.6994058526617309,-0.1434879155968454,-0.1242665388938497,-0.4012416860546675,0.3744424911473677,-1.060721191718906,64
1.560853429186868,0.0041185681317912,-1.7411669598524375,-1.5755493330414962,-0.1242665388938497,-0.4012416860546675,-0.9154123258550612,0.285970759412303,68
0.4349809800053495,-0.1628224112960958,-1.1161102955380136,-0.1434879155968454,1.3136126598306066,-1.213934457288018,0.3744424911473677,0.285970759412303,67
1.3010367101449791,0.6718824858433398,1.0368626593227803,-1.5755493330414962,-0.1242665388938497,1.2241438564120333,-0.9154123258550612,-1.060721191718906,71
-1.1239193342459837,0.1710595475596783,1.3841163617196826,-0.1434879155968454,-0.1242665388938497,-0.4012416860546675,-0.9154123258550612,0.285970759412303,67
-0.344469177120317,1.5065873829827754,1.2452148807609216,1.2885735018478053,-0.1242665388938497,-1.213934457288018,0.3744424911473677,0.285970759412303,70
1.3010367101449791,0.1710595475596783,-0.0048984478679264,1.2885735018478053,-0.1242665388938497,-0.4012416860546675,0.3744424911473677,-1.060721191718906,69
0.3483754069913866,0.1710595475596783,1.5924685831578238,-0.1434879155968454,-0.1242665388938497,-1.213934457288018,0.3744424911473677,0.285970759412303,70
-1.1239193342459837,-0.1628224112960958,1.5924685831578238,-0.1434879155968454,-1.5621457376183063,0.4114510851786828,1.6642973081497967,-1.060721191718906,64
-1.5569471993157984,-0.9975273084355316,1.5230178426784435,-0.1434879155968454,-0.1242665388938497,-1.213934457288018,-0.9154123258550612,0.285970759412303,62
0.4349809800053495,0.8388234652712269,-0.4910536312235896,1.2885735018478053,1.3136126598306066,-0.4012416860546675,1.6642973081497967,1.632662710543512,71
-0.6042858961622058,0.8388234652712269,-1.4633639979349158,-0.1434879155968454,1.3136126598306066,0.4114510851786828,-0.9154123258550612,0.285970759412303,67
-1.4703416263018354,0.5049415064154527,0.828510437884639,-1.5755493330414962,-0.1242665388938497,-0.4012416860546675,1.6642973081497967,0.285970759412303,64
-1.037313761232021,-0.329763390723983,-1.6022654788936768,1.2885735018478053,1.3136126598306066,-1.213934457288018,0.3744424911473677,1.632662710543512,67
-0.8641026152040947,-1.1644682878634187,0.3423552545289758,-1.5755493330414962,-0.1242665388938497,-0.4012416860546675,0.3744424911473677,1.632662710543512,63
-1.037313761232021,-1.1644682878634187,0.2729045140495953,-0.1434879155968454,-1.5621457376183063,-0.4012416860546675,0.3744424911473677,1.632662710543512,62
0.7814032720612014,-1.8322322055749671,1.1063133998021608,1.2885735018478053,-1.5621457376183063,-0.4012416860546675,1.6642973081497967,1.632662710543512,67
-1.2105249072599464,1.005764444699114,1.5924685831578238,-0.1434879155968454,-1.5621457376183063,0.4114510851786828,0.3744424911473677,-1.060721191718906,66
-1.5569471993157984,1.8404693418385496,1.1063133998021608,-0.1434879155968454,-0.1242665388938497,2.036836627645384,-0.9154123258550612,1.632662710543512,71
-0.5176803231482429,0.5049415064154527,-0.5605043717029701,-0.1434879155968454,-0.1242665388938497,1.2241438564120333,-0.9154123258550612,1.632662710543512,66
-1.2105249072599464,1.3396464035548885,1.5230178426784435,1.2885735018478053,-0.1242665388938497,-1.213934457288018,-0.9154123258550612,0.285970759412303,68
1.6474590022008309,0.8388234652712269,-0.4216028907442091,-0.1434879155968454,-1.5621457376183063,-0.4012416860546675,1.6642973081497967,-1.060721191718906,70
1.387642283158942,-1.3314092672913058,1.3841163617196826,-0.1434879155968454,1.3136126598306066,1.2241438564120333,-0.9154123258550612,0.285970759412303,69
-0.6908914691761688,0.1710595475596783,-0.1437999288266873,1.2885735018478053,1.3136126598306066,-0.4012416860546675,-0.9154123258550612,0.285970759412303,67
-0.7774970421901317,1.005764444699114,1.6619193236372043,1.2885735018478053,-1.5621457376183063,-0.4012416860546675,0.3744424911473677,0.285970759412303,68
0.6947976990472384,1.6735283624106625,1.0368626593227803,-0.1434879155968454,-1.5621457376183063,2.036836627645384,0.3744424911473677,1.632662710543512,73
-0.344469177120317,-1.66529122614708,-0.4910536312235896,-1.5755493330414962,-0.1242665388938497,-0.4012416860546675,0.3744424911473677,1.632662710543512,63
0.7814032720612014,1.1727054241270012,1.6619193236372043,-0.1434879155968454,-0.1242665388938497,-1.213934457288018,-0.9154123258550612,0.285970759412303,72
0.7814032720612014,0.5049415064154527,0.4118059950083562,1.2885735018478053,-1.5621457376183063,0.4114510851786828,1.6642973081497967,-1.060721191718906,70
0.1751642609634607,-1.1644682878634187,-1.324462516976155,-0.1434879155968454,1.3136126598306066,0.4114510851786828,1.6642973081497967,-1.060721191718906,67
0.6081921260332754,0.3380005269875655,-0.0048984478679264,1.2885735018478053,-0.1242665388938497,-1.213934457288018,0.3744424911473677,0.285970759412303,70
-0.1712580310923911,-1.8322322055749671,1.7313700641165848,-0.1434879155968454,1.3136126598306066,0.4114510851786828,-0.9154123258550612,0.285970759412303,66
-0.344469177120317,-0.6636453495797573,0.8979611783640193,-1.5755493330414962,-0.1242665388938497,-1.213934457288018,1.6642973081497967,-1.060721191718906,65
0.5215865530193126,-0.1628224112960958,0.4118059950083562,-0.1434879155968454,-0.1242665388938497,1.2241438564120333,0.3744424911473677,0.285970759412303,70
1.0412199911030902,1.1727054241270012,1.453567102199063,-0.1434879155968454,-1.5621457376183063,-1.213934457288018,1.6642973081497967,-1.060721191718906,70
-1.2105249072599464,2.0074103212664367,0.1340030330908344,1.2885735018478053,1.3136126598306066,1.2241438564120333,0.3744424911473677,0.285970759412303,71
-1.1239193342459837,-1.498350246719193,-1.6022654788936768,1.2885735018478053,-0.1242665388938497,1.2241438564120333,0.3744424911473677,1.632662710543512,63
-0.6908914691761688,-0.329763390723983,0.6201582164464976,-1.5755493330414962,-0.1242665388938497,0.4114510851786828,-0.9154123258550612,0.285970759412303,64
1.1278255641170531,1.5065873829827754,1.2452148807609216,-0.1434879155968454,-0.1242665388938497,0.4114510851786828,1.6642973081497967,-1.060721191718906,74
0.5215865530193126,1.005764444699114,1.3841163617196826,-1.5755493330414962,-0.1242665388938497,-1.213934457288018,-0.9154123258550612,-1.060721191718906,68
-0.6042858961622058,-2.3330551438586284,1.2452148807609216,-0.1434879155968454,-0.1242665388938497,-1.213934457288018,-0.9154123258550612,-1.060721191718906,58
0.2617698339774236,0.3380005269875655,-0.6299551121823505,-1.5755493330414962,-0.1242665388938497,0.4114510851786828,-0.9154123258550612,0.285970759412303,67
0.1751642609634607,1.1727054241270012,0.8979611783640193,-1.5755493330414962,1.3136126598306066,0.4114510851786828,-0.9154123258550612,1.632662710543512,71
0.7814032720612014,0.1710595475596783,0.064552292611454,1.2885735018478053,1.3136126598306066,-0.4012416860546675,-0.9154123258550612,0.285970759412303,71
-0.4310747501342799,2.341292280122211,-0.6299551121823505,-0.1434879155968454,-1.5621457376183063,-1.213934457288018,-0.9154123258550612,-1.060721191718906,68
-1.730158345343724,0.6718824858433398,-1.046659555058633,-0.1434879155968454,-0.1242665388938497,1.2241438564120333,1.6642973081497967,-1.060721191718906,65
-1.1239193342459837,0.5049415064154527,-0.8383073336204918,-0.1434879155968454,-0.1242665388938497,1.2241438564120333,-0.9154123258550612,-1.060721191718906,66
0.5215865530193126,-1.498350246719193,0.6201582164464976,-0.1434879155968454,-0.1242665388938497,2.849529398878734,-0.9154123258550612,-1.060721191718906,67
1.560853429186868,-1.3314092672913058,-0.4910536312235896,1.2885735018478053,-0.1242665388938497,1.2241438564120333,-0.9154123258550612,-1.060721191718906,69
-1.5569471993157984,-0.1628224112960958,0.7590596974052585,-0.1434879155968454,-0.1242665388938497,-0.4012416860546675,0.3744424911473677,1.632662710543512,65
-0.257863604106354,1.3396464035548885,-0.1437999288266873,1.2885735018478053,1.3136126598306066,1.2241438564120333,0.3744424911473677,0.285970759412303,71
0.9546144180891272,0.1710595475596783,0.2729045140495953,1.2885735018478053,-1.5621457376183063,0.4114510851786828,0.3744424911473677,-1.060721191718906,69
1.474247856172905,0.0041185681317912,-0.9077580740998724,1.2885735018478053,-0.1242665388938497,-0.4012416860546675,-0.9154123258550612,0.285970759412303,69
0.8680088450751643,-1.3314092672913058,-0.9772088145792528,-1.5755493330414962,-0.1242665388938497,0.4114510851786828,-0.9154123258550612,-1.060721191718906,66
-0.8641026152040947,-1.3314092672913058,0.4118059950083562,1.2885735018478053,-0.1242665388938497,-1.213934457288018,-0.9154123258550612,-1.060721191718906,63
0.0019531149355348,1.6735283624106625,-0.5605043717029701,1.2885735018478053,-1.5621457376183063,1.2241438564120333,0.3744424911473677,0.285970759412303,69
0.7814032720612014,0.6718824858433398,1.6619193236372043,-0.1434879155968454,1.3136126598306066,0.4114510851786828,-0.9154123258550612,-1.060721191718906,73
-1.3837360532878724,0.5049415064154527,-1.3939132574555355,1.2885735018478053,-0.1242665388938497,-1.213934457288018,-0.9154123258550612,0.285970759412303,65
-0.0846524580784281,-0.1628224112960958,1.0368626593227803,1.2885735018478053,-0.1242665388938497,-0.4012416860546675,0.3744424911473677,1.632662710543512,68
-0.8641026152040947,-0.1628224112960958,-0.8383073336204918,1.2885735018478053,1.3136126598306066,-0.4012416860546675,0.3744424911473677,-1.060721191718906,64
-0.8641026152040947,0.1710595475596783,-0.8383073336204918,-1.5755493330414962,-1.5621457376183063,-1.213934457288018,-0.9154123258550612,0.285970759412303,61
0.1751642609634607,0.1710595475596783,1.3841163617196826,1.2885735018478053,-0.1242665388938497,-0.4012416860546675,-0.9154123258550612,1.632662710543512,70
0.3483754069913866,-0.9975273084355316,1.6619193236372043,1.2885735018478053,1.3136126598306066,1.2241438564120333,1.6642973081497967,0.285970759412303,70
0.6947976990472384,0.0041185681317912,1.453567102199063,-1.5755493330414962,-1.5621457376183063,-1.213934457288018,1.6642973081497967,1.632662710543512,68
-1.4703416263018354,0.8388234652712269,-0.4216028907442091,-0.1434879155968454,1.3136126598306066,-1.213934457288018,-0.9154123258550612,-1.060721191718906,64
-0.5176803231482429,-0.1628224112960958,-1.2550117764967743,1.2885735018478053,-0.1242665388938497,-0.4012416860546675,-0.9154123258550612,0.285970759412303,66
-1.1239193342459837,-0.329763390723983,-0.4910536312235896,1.2885735018478053,1.3136126598306066,-1.213934457288018,-0.9154123258550612,0.285970759412303,66
-0.1712580310923911,0.5049415064154527,-1.046659555058633,1.2885735018478053,1.3136126598306066,0.4114510851786828,-0.9154123258550612,1.632662710543512,70
0.6081921260332754,-1.498350246719193,-1.2550117764967743,-0.1434879155968454,-1.5621457376183063,-1.213934457288018,-0.9154123258550612,-1.060721191718906,62
0.0019531149355348,0.0041185681317912,-0.6994058526617309,-1.5755493330414962,-0.1242665388938497,-0.4012416860546675,0.3744424911473677,0.285970759412303,66
1.560853429186868,0.1710595475596783,-1.1161102955380136,-0.1434879155968454,-0.1242665388938497,1.2241438564120333,0.3744424911473677,0.285970759412303,70
-0.9507081882180576,-0.8305863290076444,-1.6022654788936768,-0.1434879155968454,-1.5621457376183063,-1.213934457288018,0.3744424911473677,1.632662710543512,61
0.9546144180891272,-0.6636453495797573,-0.8383073336204918,-0.1434879155968454,-0.1242665388938497,0.4114510851786828,0.3744424911473677,0.285970759412303,69
0.2617698339774236,-1.1644682878634187,-1.1161102955380136,-1.5755493330414962,-1.5621457376183063,2.036836627645384,-0.9154123258550612,-1.060721191718906,63
0.5215865530193126,0.6718824858433398,-0.4216028907442091,1.2885735018478053,-0.1242665388938497,-0.4012416860546675,1.6642973081497967,0.285970759412303,72
-0.6042858961622058,1.5065873829827754,-0.8383073336204918,-1.5755493330414962,-1.5621457376183063,-0.4012416860546675,1.6642973081497967,-1.060721191718906,65
-0.7774970421901317,0.6718824858433398,-0.0743491883473068,-0.1434879155968454,-0.1242665388938497,-0.4012416860546675,-0.9154123258550612,0.285970759412303,67
1.214431137131016,-0.329763390723983,0.4118059950083562,1.2885735018478053,1.3136126598306066,-1.213934457288018,-0.9154123258550612,1.632662710543512,71
-0.344469177120317,0.1710595475596783,-1.7411669598524375,-0.1434879155968454,-1.5621457376183063,0.4114510851786828,1.6642973081497967,-1.060721191718906,63
0.6947976990472384,-0.1628224112960958,-1.1161102955380136,-1.5755493330414962,-0.1242665388938497,0.4114510851786828,0.3744424911473677,-1.060721191718906,66
1.1278255641170531,0.1710595475596783,0.4812567354877367,-0.1434879155968454,-1.5621457376183063,0.4114510851786828,0.3744424911473677,0.285970759412303,70
0.3483754069913866,0.6718824858433398,-1.6022654788936768,-0.1434879155968454,-1.5621457376183063,-1.213934457288018,-0.9154123258550612,-1.060721191718906,66
0.8680088450751643,-1.8322322055749671,0.2729045140495953,1.2885735018478053,1.3136126598306066,2.036836627645384,-0.9154123258550612,1.632662710543512,70
1.474247856172905,0.5049415064154527,1.6619193236372043,-0.1434879155968454,-0.1242665388938497,-0.4012416860546675,-0.9154123258550612,-1.060721191718906,72
0.5215865530193126,-1.8322322055749671,-0.6994058526617309,-0.1434879155968454,1.3136126598306066,-1.213934457288018,0.3744424911473677,0.285970759412303,66
0.0019531149355348,-1.8322322055749671,-1.6022654788936768,-1.5755493330414962,-0.1242665388938497,-0.4012416860546675,1.6642973081497967,1.632662710543512,63
1.6474590022008309,1.3396464035548885,-0.9772088145792528,-0.1434879155968454,-0.1242665388938497,-0.4012416860546675,-0.9154123258550612,-1.060721191718906,71
-0.0846524580784281,0.1710595475596783,0.828510437884639,1.2885735018478053,-0.1242665388938497,-0.4012416860546675,1.6642973081497967,-1.060721191718906,69
-1.6435527723297614,-0.1628224112960958,-0.7688565931411113,-0.1434879155968454,1.3136126598306066,1.2241438564120333,-0.9154123258550612,-1.060721191718906,63
-0.1712580310923911,0.1710595475596783,-1.046659555058633,1.2885735018478053,-0.1242665388938497,1.2241438564120333,-0.9154123258550612,1.632662710543512,68
-0.8641026152040947,-0.9975273084355316,-1.5328147384142965,1.2885735018478053,-0.1242665388938497,-1.213934457288018,-0.9154123258550612,0.285970759412303,61
-0.9507081882180576,1.005764444699114,-1.3939132574555355,-0.1434879155968454,1.3136126598306066,-0.4012416860546675,0.3744424911473677,-1.060721191718906,66
0.5215865530193126,-0.4967043701518701,-1.6717162193730573,-0.1434879155968454,-0.1242665388938497,0.4114510851786828,1.6642973081497967,-1.060721191718906,66
1.387642283158942,0.0041185681317912,1.175764140281541,-0.1434879155968454,-1.5621457376183063,-1.213934457288018,0.3744424911473677,0.285970759412303,70
-1.3837360532878724,0.5049415064154527,0.5507074759671171,-1.5755493330414962,-0.1242665388938497,-1.213934457288018,-0.9154123258550612,0.285970759412303,63
1.3010367101449791,-0.8305863290076444,0.1340030330908344,-0.1434879155968454,-0.1242665388938497,-1.213934457288018,-0.9154123258550612,-1.060721191718906,68
1.6474590022008309,-0.6636453495797573,-1.3939132574555355,-0.1434879155968454,-1.5621457376183063,-0.4012416860546675,0.3744424911473677,1.632662710543512,67
0.5215865530193126,0.3380005269875655,0.6896089569258781,-1.5755493330414962,-0.1242665388938497,-0.4012416860546675,1.6642973081497967,0.285970759412303,68
-1.3837360532878724,1.1727054241270012,-0.4910536312235896,1.2885735018478053,1.3136126598306066,-0.4012416860546675,-0.9154123258550612,-1.060721191718906,68
-1.037313761232021,0.6718824858433398,-0.0743491883473068,-0.1434879155968454,-0.1242665388938497,-0.4012416860546675,-0.9154123258550612,0.285970759412303,65
-0.5176803231482429,-1.3314092672913058,-1.4633639979349158,-0.1434879155968454,-1.5621457376183063,0.4114510851786828,1.6642973081497967,0.285970759412303,63
-0.8641026152040947,-0.8305863290076444,-0.8383073336204918,-0.1434879155968454,-1.5621457376183063,-1.213934457288018,-0.9154123258550612,0.285970759412303,61
-0.6908914691761688,1.1727054241270012,-1.5328147384142965,1.2885735018478053,1.3136126598306066,-0.4012416860546675,1.6642973081497967,1.632662710543512,70
-0.257863604106354,1.6735283624106625,0.5507074759671171,-1.5755493330414962,-0.1242665388938497,-0.4012416860546675,0.3744424911473677,-1.060721191718906,69
-0.6042858961622058,-0.9975273084355316,0.4812567354877367,1.2885735018478053,-0.1242665388938497,-0.4012416860546675,-0.9154123258550612,0.285970759412303,64
-1.2971304802739094,0.3380005269875655,-0.6299551121823505,-0.1434879155968454,-0.1242665388938497,0.4114510851786828,-0.9154123258550612,0.285970759412303,65
-1.5569471993157984,0.5049415064154527,1.2452148807609216,1.2885735018478053,-0.1242665388938497,0.4114510851786828,0.3744424911473677,-1.060721191718906,68
-0.344469177120317,0.6718824858433398,0.4812567354877367,-0.1434879155968454,-0.1242665388938497,0.4114510851786828,0.3744424911473677,0.285970759412303,68
-0.257863604106354,1.005764444699114,-1.5328147384142965,-1.5755493330414962,-0.1242665388938497,1.2241438564120333,-0.9154123258550612,0.285970759412303,67
-1.2105249072599464,-2.1661141644307413,-0.4910536312235896,-1.5755493330414962,1.3136126598306066,-1.213934457288018,0.3744424911473677,-1.060721191718906,57
-1.730158345343724,-0.4967043701518701,1.5230178426784435,-0.1434879155968454,-0.1242665388938497,-0.4012416860546675,0.3744424911473677,0.285970759412303,62
1.3010367101449791,-0.1628224112960958,-0.4910536312235896,1.2885735018478053,1.3136126598306066,1.2241438564120333,0.3744424911473677,1.632662710543512,73
0.3483754069913866,0.0041185681317912,0.2729045140495953,-0.1434879155968454,1.3136126598306066,1.2241438564120333,0.3744424911473677,0.285970759412303,69
0.6081921260332754,1.1727054241270012,0.2034537735702149,-0.1434879155968454,-0.1242665388938497,1.2241438564120333,-0.9154123258550612,-1.060721191718906,71
-1.3837360532878724,-1.9991731850028545,0.4812567354877367,-0.1434879155968454,1.3136126598306066,-1.213934457288018,1.6642973081497967,1.632662710543512,61
0.9546144180891272,-1.498350246719193,1.314665621240302,-0.1434879155968454,-0.1242665388938497,1.2241438564120333,0.3744424911473677,0.285970759412303,68
-0.0846524580784281,0.8388234652712269,-0.7688565931411113,-0.1434879155968454,-0.1242665388938497,-1.213934457288018,0.3744424911473677,-1.060721191718906,66
-0.344469177120317,1.1727054241270012,-0.4910536312235896,1.2885735018478053,1.3136126598306066,-0.4012416860546675,1.6642973081497967,0.285970759412303,71
1.1278255641170531,-1.498350246719193,-0.2132506693060677,-0.1434879155968454,-0.1242665388938497,0.4114510851786828,0.3744424911473677,-1.060721191718906,66
-0.9507081882180576,-1.66529122614708,-0.6994058526617309,-0.1434879155968454,-0.1242665388938497,-1.213934457288018,-0.9154123258550612,0.285970759412303,60
0.0019531149355348,1.005764444699114,1.1063133998021608,-0.1434879155968454,-0.1242665388938497,-0.4012416860546675,-0.9154123258550612,-1.060721191718906,67
1.1278255641170531,0.3380005269875655,-1.6022654788936768,-0.1434879155968454,-0.1242665388938497,-0.4012416860546675,0.3744424911473677,-1.060721191718906,69
1.560853429186868,-0.4967043701518701,-0.4910536312235896,1.2885735018478053,-0.1242665388938497,-0.4012416860546675,0.3744424911473677,-1.060721191718906,70
0.0019531149355348,1.3396464035548885,-0.7688565931411113,1.2885735018478053,1.3136126598306066,-0.4012416860546675,1.6642973081497967,-1.060721191718906,70
-0.344469177120317,0.5049415064154527,-0.6299551121823505,-0.1434879155968454,-0.1242665388938497,0.4114510851786828,0.3744424911473677,0.285970759412303,67
0.0019531149355348,0.5049415064154527,-0.8383073336204918,1.2885735018478053,-1.5621457376183063,-1.213934457288018,-0.9154123258550612,1.632662710543512,66
1.387642283158942,-0.1628224112960958,-1.2550117764967743,-0.1434879155968454,-0.1242665388938497,-1.213934457288018,-0.9154123258550612,-1.060721191718906,69
-1.1239193342459837,-0.8305863290076444,1.314665621240302,-0.1434879155968454,-0.1242665388938497,-1.213934457288018,1.6642973081497967,1.632662710543512,63
1.6474590022008309,0.0041185681317912,1.1063133998021608,-0.1434879155968454,-1.5621457376183063,0.4114510851786828,-0.9154123258550612,0.285970759412303,70
0.1751642609634607,-0.329763390723983,-0.1437999288266873,-0.1434879155968454,-1.5621457376183063,0.4114510851786828,0.3744424911473677,-1.060721191718906,66
0.0885586879494977,-0.4967043701518701,0.7590596974052585,1.2885735018478053,-0.1242665388938497,-0.4012416860546675,1.6642973081497967,0.285970759412303,68
-0.7774970421901317,0.0041185681317912,-0.3521521502648286,-0.1434879155968454,-1.5621457376183063,-1.213934457288018,-0.9154123258550612,0.285970759412303,62
-0.6042858961622058,-1.66529122614708,-0.2132506693060677,1.2885735018478053,-1.5621457376183063,-0.4012416860546675,0.3744424911473677,-1.060721191718906,62
-0.7774970421901317,1.005764444699114,0.1340030330908344,-0.1434879155968454,-1.5621457376183063,-1.213934457288018,1.6642973081497967,0.285970759412303,66
1.1278255641170531,-0.1628224112960958,0.3423552545289758,1.2885735018478053,1.3136126598306066,-0.4012416860546675,0.3744424911473677,0.285970759412303,71
1.214431137131016,-0.1628224112960958,-1.5328147384142965,1.2885735018478053,-1.5621457376183063,-0.4012416860546675,-0.9154123258550612,0.285970759412303,68
0.0885586879494977,-0.329763390723983,-0.6994058526617309,-0.1434879155968454,-0.1242665388938497,0.4114510851786828,1.6642973081497967,-1.060721191718906,66
-0.0846524580784281,-0.1628224112960958,1.6619193236372043,-0.1434879155968454,-1.5621457376183063,-0.4012416860546675,0.3744424911473677,-1.060721191718906,66
-0.9507081882180576,0.0041185681317912,-0.8383073336204918,1.2885735018478053,-0.1242665388938497,-1.213934457288018,1.6642973081497967,-1.060721191718906,64
-0.6042858961622058,0.6718824858433398,-0.3521521502648286,-0.1434879155968454,1.3136126598306066,-1.213934457288018,1.6642973081497967,1.632662710543512,68
-0.1712580310923911,0.0041185681317912,0.6896089569258781,-0.1434879155968454,1.3136126598306066,-0.4012416860546675,-0.9154123258550612,1.632662710543512,69
-1.2971304802739094,-0.1628224112960958,-0.0743491883473068,1.2885735018478053,1.3136126598306066,-0.4012416860546675,-0.9154123258550612,-1.060721191718906,66
1.1278255641170531,0.0041185681317912,0.4812567354877367,-0.1434879155968454,-0.1242665388938497,-0.4012416860546675,-0.9154123258550612,0.285970759412303,68
1.214431137131016,0.0041185681317912,-0.4216028907442091,-0.1434879155968454,-1.5621457376183063,-1.213934457288018,-0.9154123258550612,-1.060721191718906,65
0.8680088450751643,2.508233259550098,1.175764140281541,-0.1434879155968454,1.3136126598306066,-1.213934457288018,-0.9154123258550612,-1.060721191718906,73
1.1278255641170531,0.1710595475596783,0.2034537735702149,-0.1434879155968454,-0.1242665388938497,-1.213934457288018,-0.9154123258550612,-1.060721191718906,68
-0.8641026152040947,1.3396464035548885,1.453567102199063,-0.1434879155968454,-0.1242665388938497,-0.4012416860546675,0.3744424911473677,0.285970759412303,67
-0.4310747501342799,1.005764444699114,-0.2132506693060677,-0.1434879155968454,-1.5621457376183063,-1.213934457288018,-0.9154123258550612,-1.060721191718906,66
-0.7774970421901317,-0.329763390723983,-0.9772088145792528,-1.5755493330414962,-1.5621457376183063,0.4114510851786828,0.3744424911473677,-1.060721191718906,61
1.214431137131016,0.1710595475596783,-0.2827014097854482,-0.1434879155968454,-0.1242665388938497,-0.4012416860546675,1.6642973081497967,-1.060721191718906,69
1.1278255641170531,2.0074103212664367,1.5924685831578238,-0.1434879155968454,1.3136126598306066,-1.213934457288018,-0.9154123258550612,0.285970759412303,73
1.214431137131016,-0.9975273084355316,-1.6717162193730573,-0.1434879155968454,-0.1242665388938497,-1.213934457288018,0.3744424911473677,0.285970759412303,66
-0.0846524580784281,-0.329763390723983,0.1340030330908344,-0.1434879155968454,-0.1242665388938497,-0.4012416860546675,-0.9154123258550612,-1.060721191718906,65
-0.7774970421901317,-0.329763390723983,-0.2132506693060677,-0.1434879155968454,-0.1242665388938497,-1.213934457288018,0.3744424911473677,1.632662710543512,66
-1.6435527723297614,0.1710595475596783,1.2452148807609216,-1.5755493330414962,-0.1242665388938497,-0.4012416860546675,-0.9154123258550612,-1.060721191718906,63
0.0885586879494977,-1.498350246719193,-0.4910536312235896,-0.1434879155968454,-1.5621457376183063,0.4114510851786828,1.6642973081497967,1.632662710543512,64
0.6947976990472384,-1.498350246719193,-1.324462516976155,-0.1434879155968454,1.3136126598306066,0.4114510851786828,0.3744424911473677,0.285970759412303,66
-1.5569471993157984,1.005764444699114,-1.6022654788936768,-0.1434879155968454,1.3136126598306066,2.036836627645384,0.3744424911473677,-1.060721191718906,67
0.8680088450751643,0.3380005269875655,-0.6299551121823505,-0.1434879155968454,-0.1242665388938497,-1.213934457288018,1.6642973081497967,-1.060721191718906,69
-0.1712580310923911,1.1727054241270012,0.7590596974052585,-0.1434879155968454,-0.1242665388938497,1.2241438564120333,-0.9154123258550612,0.285970759412303,70
-1.1239193342459837,-0.1628224112960958,1.175764140281541,-0.1434879155968454,1.3136126598306066,0.4114510851786828,1.6642973081497967,1.632662710543512,68
1.3010367101449791,-1.498350246719193,1.3841163617196826,-0.1434879155968454,-0.1242665388938497,-0.4012416860546675,1.6642973081497967,-1.060721191718906,69
1.1278255641170531,-1.1644682878634187,-0.9077580740998724,1.2885735018478053,-0.1242665388938497,-1.213934457288018,-0.9154123258550612,-1.060721191718906,65
-0.257863604106354,-0.8305863290076444,1.3841163617196826,-0.1434879155968454,-1.5621457376183063,2.036836627645384,-0.9154123258550612,-1.060721191718906,65
-1.730158345343724,1.005764444699114,-1.4633639979349158,1.2885735018478053,-1.5621457376183063,-0.4012416860546675,1.6642973081497967,-1.060721191718906,63
-0.0846524580784281,-2.4999961232865155,0.9674119188433998,1.2885735018478053,1.3136126598306066,1.2241438564120333,0.3744424911473677,0.285970759412303,66
-0.7774970421901317,0.5049415064154527,-1.7411669598524375,-0.1434879155968454,-0.1242665388938497,-0.4012416860546675,0.3744424911473677,-1.060721191718906,65
0.9546144180891272,2.508233259550098,-0.8383073336204918,-0.1434879155968454,-1.5621457376183063,-0.4012416860546675,-0.9154123258550612,0.285970759412303,72
-1.2971304802739094,0.6718824858433398,1.175764140281541,-0.1434879155968454,-0.1242665388938497,1.2241438564120333,-0.9154123258550612,0.285970759412303,67
1.1278255641170531,0.3380005269875655,-0.4216028907442091,1.2885735018478053,-0.1242665388938497,-1.213934457288018,-0.9154123258550612,1.632662710543512,69
1.0412199911030902,-0.4967043701518701,0.9674119188433998,1.2885735018478053,-0.1242665388938497,-1.213934457288018,-0.9154123258550612,-1.060721191718906,68
-1.5569471993157984,0.5049415064154527,0.6896089569258781,1.2885735018478053,-1.5621457376183063,-0.4012416860546675,0.3744424911473677,-1.060721191718906,63
-0.4310747501342799,-0.329763390723983,-1.7411669598524375,-1.5755493330414962,-0.1242665388938497,2.036836627645384,1.6642973081497967,-1.060721191718906,65
-0.8641026152040947,0.3380005269875655,-0.2132506693060677,1.2885735018478053,-0.1242665388938497,0.4114510851786828,-0.9154123258550612,1.632662710543512,67
1.560853429186868,0.1710595475596783,1.3841163617196826,-0.1434879155968454,1.3136126598306066,-1.213934457288018,-0.9154123258550612,0.285970759412303,71
1.3010367101449791,0.0041185681317912,0.5507074759671171,-1.5755493330414962,-1.5621457376183063,-0.4012416860546675,-0.9154123258550612,0.285970759412303,69
0.0019531149355348,-0.8305863290076444,-0.7688565931411113,1.2885735018478053,-0.1242665388938497,-0.4012416860546675,-0.9154123258550612,0.285970759412303,65
0.3483754069913866,0.6718824858433398,-0.0743491883473068,-0.1434879155968454,-0.1242665388938497,0.4114510851786828,-0.9154123258550612,0.285970759412303,69
-0.4310747501342799,0.5049415064154527,0.3423552545289758,-0.1434879155968454,1.3136126598306066,-1.213934457288018,-0.9154123258550612,-1.060721191718906,68
-0.4310747501342799,0.8388234652712269,0.4812567354877367,-1.5755493330414962,-1.5621457376183063,1.2241438564120333,1.6642973081497967,0.285970759412303,68
0.0019531149355348,-0.329763390723983,0.1340030330908344,-1.5755493330414962,-1.5621457376183063,-0.4012416860546675,0.3744424911473677,-1.060721191718906,64
0.9546144180891272,0.5049415064154527,-0.5605043717029701,1.2885735018478053,-1.5621457376183063,0.4114510851786828,0.3744424911473677,-1.060721191718906,70
-0.8641026152040947,0.3380005269875655,-1.5328147384142965,1.2885735018478053,-0.1242665388938497,1.2241438564120333,-0.9154123258550612,0.285970759412303,67
-0.257863604106354,1.005764444699114,1.0368626593227803,-0.1434879155968454,1.3136126598306066,-0.4012416860546675,-0.9154123258550612,0.285970759412303,68
0.8680088450751643,0.6718824858433398,1.2452148807609216,1.2885735018478053,-0.1242665388938497,-0.4012416860546675,1.6642973081497967,-1.060721191718906,71
0.3483754069913866,-1.1644682878634187,1.5924685831578238,-0.1434879155968454,-0.1242665388938497,0.4114510851786828,0.3744424911473677,0.285970759412303,66
-1.5569471993157984,0.0041185681317912,1.314665621240302,-0.1434879155968454,-1.5621457376183063,1.2241438564120333,1.6642973081497967,0.285970759412303,66
-0.344469177120317,-1.8322322055749671,0.2034537735702149,1.2885735018478053,-1.5621457376183063,-1.213934457288018,1.6642973081497967,0.285970759412303,60
-0.8641026152040947,0.0041185681317912,-0.0048984478679264,-0.1434879155968454,1.3136126598306066,1.2241438564120333,0.3744424911473677,0.285970759412303,66
0.5215865530193126,0.6718824858433398,-1.1161102955380136,1.2885735018478053,1.3136126598306066,-0.4012416860546675,-0.9154123258550612,-1.060721191718906,70
-1.1239193342459837,-0.8305863290076444,-0.0743491883473068,-0.1434879155968454,-1.5621457376183063,-0.4012416860546675,1.6642973081497967,1.632662710543512,64
-0.5176803231482429,-0.329763390723983,0.6896089569258781,-0.1434879155968454,-0.1242665388938497,2.036836627645384,0.3744424911473677,0.285970759412303,66
-1.5569471993157984,-0.1628224112960958,1.314665621240302,-0.1434879155968454,1.3136126598306066,-1.213934457288018,1.6642973081497967,1.632662710543512,66
0.9546144180891272,-0.329763390723983,-0.2827014097854482,1.2885735018478053,1.3136126598306066,-1.213934457288018,-0.9154123258550612,0.285970759412303,70
0.3483754069913866,2.0074103212664367,0.828510437884639,-0.1434879155968454,-0.1242665388938497,0.4114510851786828,-0.9154123258550612,0.285970759412303,70
0.8680088450751643,1.3396464035548885,-0.0048984478679264,-1.5755493330414962,1.3136126598306066,-0.4012416860546675,-0.9154123258550612,-1.060721191718906,70
-1.2105249072599464,-0.6636453495797573,0.6201582164464976,-1.5755493330414962,-0.1242665388938497,1.2241438564120333,-0.9154123258550612,-1.060721191718906,63
0.0885586879494977,-1.3314092672913058,-0.7688565931411113,-0.1434879155968454,-0.1242665388938497,0.4114510851786828,-0.9154123258550612,1.632662710543512,66
-0.8641026152040947,-0.6636453495797573,0.2729045140495953,-0.1434879155968454,-1.5621457376183063,-1.213934457288018,0.3744424911473677,1.632662710543512,64
-0.344469177120317,-1.8322322055749671,0.2729045140495953,-0.1434879155968454,-0.1242665388938497,-0.4012416860546675,-0.9154123258550612,-1.060721191718906,62
0.0885586879494977,0.8388234652712269,-1.046659555058633,-0.1434879155968454,-0.1242665388938497,0.4114510851786828,-0.9154123258550612,0.285970759412303,68
-0.6042858961622058,0.1710595475596783,1.6619193236372043,-0.1434879155968454,-0.1242665388938497,0.4114510851786828,1.6642973081497967,0.285970759412303,69
0.8680088450751643,0.5049415064154527,0.064552292611454,1.2885735018478053,-0.1242665388938497,0.4114510851786828,-0.9154123258550612,0.285970759412303,72
1.560853429186868,-1.498350246719193,0.4812567354877367,-0.1434879155968454,-0.1242665388938497,-0.4012416860546675,1.6642973081497967,0.285970759412303,68
0.9546144180891272,1.6735283624106625,1.3841163617196826,1.2885735018478053,-0.1242665388938497,-0.4012416860546675,0.3744424911473677,0.285970759412303,75
-0.8641026152040947,0.6718824858433398,-1.3939132574555355,1.2885735018478053,-0.1242665388938497,2.036836627645384,1.6642973081497967,-1.060721191718906,68
-0.344469177120317,1.005764444699114,-1.6022654788936768,1.2885735018478053,-0.1242665388938497,2.036836627645384,-0.9154123258550612,1.632662710543512,69
-0.0846524580784281,-1.3314092672913058,-1.324462516976155,-0.1434879155968454,1.3136126598306066,-0.4012416860546675,-0.9154123258550612,-1.060721191718906,64
1.6474590022008309,-0.1628224112960958,1.7313700641165848,-1.5755493330414962,-1.5621457376183063,-1.213934457288018,1.6642973081497967,1.632662710543512,69
0.7814032720612014,0.6718824858433398,-0.9772088145792528,1.2885735018478053,-0.1242665388938497,-0.4012416860546675,1.6642973081497967,-1.060721191718906,72
1.3010367101449791,0.0041185681317912,0.9674119188433998,-0.1434879155968454,-1.5621457376183063,1.2241438564120333,-0.9154123258550612,-1.060721191718906,68
-1.3837360532878724,2.675174238977985,0.4812567354877367,-0.1434879155968454,-0.1242665388938497,0.4114510851786828,-0.9154123258550612,0.285970759412303,70
1.0412199911030902,0.0041185681317912,0.9674119188433998,1.2885735018478053,-1.5621457376183063,-0.4012416860546675,-0.9154123258550612,-1.060721191718906,69
-1.4703416263018354,-1.1644682878634187,-1.6022654788936768,1.2885735018478053,-0.1242665388938497,0.4114510851786828,-0.9154123258550612,-1.060721191718906,62
1.214431137131016,1.1727054241270012,-0.3521521502648286,1.2885735018478053,1.3136126598306066,-0.4012416860546675,-0.9154123258550612,0.285970759412303,73
-0.4310747501342799,-0.1628224112960958,-0.9772088145792528,1.2885735018478053,-0.1242665388938497,-1.213934457288018,-0.9154123258550612,0.285970759412303,65
-1.037313761232021,-0.8305863290076444,-0.3521521502648286,-0.1434879155968454,1.3136126598306066,1.2241438564120333,-0.9154123258550612,0.285970759412303,64
1.0412199911030902,-2.4999961232865155,-1.6022654788936768,-0.1434879155968454,-0.1242665388938497,0.4114510851786828,0.3744424911473677,1.632662710543512,64
1.3010367101449791,0.5049415064154527,0.7590596974052585,-0.1434879155968454,1.3136126598306066,-1.213934457288018,-0.9154123258550612,0.285970759412303,71
1.0412199911030902,1.8404693418385496,-1.3939132574555355,-0.1434879155968454,1.3136126598306066,1.2241438564120333,-0.9154123258550612,-1.060721191718906,74
1.560853429186868,0.0041185681317912,0.9674119188433998,1.2885735018478053,-0.1242665388938497,-0.4012416860546675,0.3744424911473677,1.632662710543512,72
-1.1239193342459837,-0.1628224112960958,0.1340030330908344,1.2885735018478053,-0.1242665388938497,-0.4012416860546675,1.6642973081497967,0.285970759412303,66
-0.8641026152040947,-0.1628224112960958,-0.4910536312235896,-0.1434879155968454,1.3136126598306066,-0.4012416860546675,0.3744424911473677,-1.060721191718906,65
-0.4310747501342799,1.1727054241270012,-1.046659555058633,-0.1434879155968454,-0.1242665388938497,2.036836627645384,1.6642973081497967,0.285970759412303,69
-1.4703416263018354,-2.1661141644307413,1.0368626593227803,1.2885735018478053,1.3136126598306066,-1.213934457288018,-0.9154123258550612,-1.060721191718906,86
1.7340645752147938,0.6718824858433398,0.4812567354877367,-1.5755493330414962,-0.1242665388938497,-0.4012416860546675,-0.9154123258550612,0.285970759412303,71
0.9546144180891272,-1.1644682878634187,-0.6299551121823505,-0.1434879155968454,1.3136126598306066,0.4114510851786828,-0.9154123258550612,0.285970759412303,69
-1.037313761232021,0.5049415064154527,1.1063133998021608,-1.5755493330414962,-1.5621457376183063,2.849529398878734,1.6642973081497967,-1.060721191718906,66
0.0885586879494977,-0.329763390723983,0.7590596974052585,1.2885735018478053,-1.5621457376183063,1.2241438564120333,0.3744424911473677,-1.060721191718906,69
0.4349809800053495,0.0041185681317912,-0.9772088145792528,-0.1434879155968454,1.3136126598306066,0.4114510851786828,0.3744424911473677,1.632662710543512,70
-0.4310747501342799,0.0041185681317912,-0.5605043717029701,-0.1434879155968454,-1.5621457376183063,-1.213934457288018,-0.9154123258550612,0.285970759412303,64
-1.037313761232021,0.1710595475596783,0.2729045140495953,-0.1434879155968454,-0.1242665388938497,-0.4012416860546675,1.6642973081497967,1.632662710543512,66
0.1751642609634607,-0.9975273084355316,1.314665621240302,1.2885735018478053,-0.1242665388938497,0.4114510851786828,0.3744424911473677,-1.060721191718906,67
-0.1712580310923911,1.3396464035548885,1.175764140281541,1.2885735018478053,-0.1242665388938497,-0.4012416860546675,1.6642973081497967,0.285970759412303,71
1.3010367101449791,0.0041185681317912,1.6619193236372043,-0.1434879155968454,-0.1242665388938497,-0.4012416860546675,0.3744424911473677,-1.060721191718906,70
-1.1239193342459837,-0.4967043701518701,-1.4633639979349158,1.2885735018478053,-0.1242665388938497,-1.213934457288018,-0.9154123258550612,-1.060721191718906,61
0.5215865530193126,-1.8322322055749671,0.3423552545289758,1.2885735018478053,1.3136126598306066,-0.4012416860546675,0.3744424911473677,-1.060721191718906,67
0.6947976990472384,-1.1644682878634187,-1.1161102955380136,-0.1434879155968454,1.3136126598306066,-1.213934457288018,-0.9154123258550612,-1.060721191718906,63
0.2617698339774236,0.0041185681317912,-1.6717162193730573,-1.5755493330414962,-0.1242665388938497,0.4114510851786828,-0.9154123258550612,0.285970759412303,65
-1.2971304802739094,-0.8305863290076444,1.2452148807609216,-0.1434879155968454,1.3136126598306066,0.4114510851786828,-0.9154123258550612,-1.060721191718906,63
0.5215865530193126,0.6718824858433398,0.9674119188433998,-0.1434879155968454,1.3136126598306066,0.4114510851786828,1.6642973081497967,-1.060721191718906,69
-0.257863604106354,0.1710595475596783,-0.3521521502648286,1.2885735018478053,-0.1242665388938497,0.4114510851786828,0.3744424911473677,1.632662710543512,68
1.474247856172905,0.5049415064154527,1.3841163617196826,1.2885735018478053,-0.1242665388938497,-1.213934457288018,1.6642973081497967,0.285970759412303,74
0.6947976990472384,1.8404693418385496,1.6619193236372043,-0.1434879155968454,-1.5621457376183063,0.4114510851786828,1.6642973081497967,1.632662710543512,73
-1.3837360532878724,0.6718824858433398,-0.5605043717029701,-0.1434879155968454,-0.1242665388938497,-1.213934457288018,-0.9154123258550612,-1.060721191718906,62
1.214431137131016,0.1710595475596783,1.3841163617196826,1.2885735018478053,-0.1242665388938497,-1.213934457288018,-0.9154123258550612,0.285970759412303,70
-1.6435527723297614,0.0041185681317912,-1.4633639979349158,1.2885735018478053,1.3136126598306066,0.4114510851786828,1.6642973081497967,1.632662710543512,67
0.7814032720612014,0.0041185681317912,1.1063133998021608,-0.1434879155968454,-1.5621457376183063,-1.213934457288018,0.3744424911473677,0.285970759412303,70
0.2617698339774236,0.0041185681317912,-0.6299551121823505,-1.5755493330414962,1.3136126598306066,-0.4012416860546675,0.3744424911473677,1.632662710543512,67
-0.0846524580784281,-1.3314092672913058,0.3423552545289758,-1.5755493330414962,-0.1242665388938497,-0.4012416860546675,0.3744424911473677,1.632662710543512,63
0.0885586879494977,-0.8305863290076444,-0.0048984478679264,-1.5755493330414962,-1.5621457376183063,-0.4012416860546675,1.6642973081497967,0.285970759412303,63
-0.0846524580784281,-0.4967043701518701,0.2729045140495953,-0.1434879155968454,-0.1242665388938497,1.2241438564120333,1.6642973081497967,0.285970759412303,67
-0.8641026152040947,0.1710595475596783,1.2452148807609216,-0.1434879155968454,1.3136126598306066,-0.4012416860546675,0.3744424911473677,-1.060721191718906,68
-1.2105249072599464,-0.9975273084355316,1.453567102199063,-1.5755493330414962,1.3136126598306066,1.2241438564120333,-0.9154123258550612,-1.060721191718906,63
-0.5176803231482429,0.5049415064154527,0.064552292611454,-0.1434879155968454,-0.1242665388938497,-0.4012416860546675,0.3744424911473677,-1.060721191718906,66
-0.8641026152040947,1.1727054241270012,0.3423552545289758,-0.1434879155968454,-0.1242665388938497,-0.4012416860546675,-0.9154123258550612,-1.060721191718906,66
-0.9507081882180576,-1.1644682878634187,-0.3521521502648286,-1.5755493330414962,-0.1242665388938497,-0.4012416860546675,-0.9154123258550612,1.632662710543512,61
0.9546144180891272,-0.1628224112960958,1.6619193236372043,-0.1434879155968454,-0.1242665388938497,-1.213934457288018,-0.9154123258550612,0.285970759412303,70
0.3483754069913866,-0.9975273084355316,0.4118059950083562,-0.1434879155968454,-0.1242665388938497,-1.213934457288018,0.3744424911473677,1.632662710543512,66
-1.1239193342459837,-1.9991731850028545,-1.185561036017394,-0.1434879155968454,1.3136126598306066,0.4114510851786828,1.6642973081497967,0.285970759412303,61
-1.037313761232021,-1.498350246719193,1.6619193236372043,1.2885735018478053,-0.1242665388938497,-0.4012416860546675,1.6642973081497967,1.632662710543512,66
0.5215865530193126,-0.6636453495797573,-0.8383073336204918,-0.1434879155968454,-1.5621457376183063,0.4114510851786828,-0.9154123258550612,0.285970759412303,67
0.8680088450751643,2.675174238977985,-0.4910536312235896,1.2885735018478053,-0.1242665388938497,-0.4012416860546675,-0.9154123258550612,-1.060721191718906,74
-1.2105249072599464,-0.6636453495797573,0.2729045140495953,-0.1434879155968454,1.3136126598306066,-1.213934457288018,0.3744424911473677,1.632662710543512,66
0.6947976990472384,0.1710595475596783,-1.185561036017394,-1.5755493330414962,1.3136126598306066,1.2241438564120333,0.3744424911473677,1.632662710543512,70
0.2617698339774236,0.3380005269875655,1.6619193236372043,-0.1434879155968454,1.3136126598306066,2.036836627645384,-0.9154123258550612,1.632662710543512,71
0.8680088450751643,1.1727054241270012,-0.5605043717029701,-1.5755493330414962,-0.1242665388938497,0.4114510851786828,1.6642973081497967,0.285970759412303,70
-0.257863604106354,-1.3314092672913058,-1.2550117764967743,-0.1434879155968454,-0.1242665388938497,0.4114510851786828,0.3744424911473677,-1.060721191718906,63
0.0019531149355348,-0.4967043701518701,-1.2550117764967743,1.2885735018478053,1.3136126598306066,2.036836627645384,0.3744424911473677,-1.060721191718906,68
-1.3837360532878724,-0.329763390723983,0.064552292611454,-0.1434879155968454,-0.1242665388938497,0.4114510851786828,-0.9154123258550612,0.285970759412303,65
-0.7774970421901317,0.6718824858433398,-1.6022654788936768,1.2885735018478053,-0.1242665388938497,0.4114510851786828,0.3744424911473677,0.285970759412303,66
-1.5569471993157984,-0.9975273084355316,0.2034537735702149,-0.1434879155968454,-0.1242665388938497,-1.213934457288018,0.3744424911473677,1.632662710543512,63
0.8680088450751643,0.6718824858433398,1.5230178426784435,-0.1434879155968454,-0.1242665388938497,-0.4012416860546675,-0.9154123258550612,1.632662710543512,72
0.2617698339774236,1.1727054241270012,1.1063133998021608,-1.5755493330414962,-0.1242665388938497,1.2241438564120333,1.6642973081497967,-1.060721191718906,70
-0.9507081882180576,-0.329763390723983,-0.9077580740998724,1.2885735018478053,-1.5621457376183063,-0.4012416860546675,-0.9154123258550612,0.285970759412303,63
-1.2971304802739094,-0.8305863290076444,-1.6717162193730573,-1.5755493330414962,-0.1242665388938497,-0.4012416860546675,-0.9154123258550612,1.632662710543512,61
-0.9507081882180576,0.8388234652712269,-0.8383073336204918,-0.1434879155968454,-1.5621457376183063,-0.4012416860546675,-0.9154123258550612,1.632662710543512,65
1.1278255641170531,0.1710595475596783,-0.7688565931411113,-1.5755493330414962,-0.1242665388938497,0.4114510851786828,1.6642973081497967,-1.060721191718906,69
-0.1712580310923911,-0.1628224112960958,-1.1161102955380136,1.2885735018478053,-1.5621457376183063,0.4114510851786828,-0.9154123258550612,1.632662710543512,66
-1.6435527723297614,0.0041185681317912,0.9674119188433998,1.2885735018478053,-0.1242665388938497,-0.4012416860546675,1.6642973081497967,0.285970759412303,64
-0.8641026152040947,-0.6636453495797573,1.3841163617196826,1.2885735018478053,1.3136126598306066,-0.4012416860546675,-0.9154123258550612,0.285970759412303,66
-1.2105249072599464,0.0041185681317912,0.5507074759671171,-0.1434879155968454,-1.5621457376183063,0.4114510851786828,0.3744424911473677,-1.060721191718906,64
0.0019531149355348,0.5049415064154527,1.5230178426784435,1.2885735018478053,1.3136126598306066,-1.213934457288018,-0.9154123258550612,0.285970759412303,70
0.7814032720612014,0.6718824858433398,-1.185561036017394,-0.1434879155968454,-1.5621457376183063,1.2241438564120333,-0.9154123258550612,1.632662710543512,69
1.214431137131016,0.0041185681317912,1.2452148807609216,-0.1434879155968454,1.3136126598306066,-0.4012416860546675,0.3744424911473677,0.285970759412303,71
0.6947976990472384,0.1710595475596783,1.1063133998021608,-0.1434879155968454,1.3136126598306066,-1.213934457288018,1.6642973081497967,-1.060721191718906,70
1.7340645752147938,-0.6636453495797573,0.4812567354877367,1.2885735018478053,1.3136126598306066,0.4114510851786828,-0.9154123258550612,1.632662710543512,73
-0.344469177120317,0.0041185681317912,-0.7688565931411113,-0.1434879155968454,-0.1242665388938497,0.4114510851786828,0.3744424911473677,-1.060721191718906,64
-1.2971304802739094,-0.329763390723983,1.453567102199063,-0.1434879155968454,1.3136126598306066,-0.4012416860546675,-0.9154123258550612,1.632662710543512,66
0.2617698339774236,-0.329763390723983,1.453567102199063,1.2885735018478053,-0.1242665388938497,-1.213934457288018,1.6642973081497967,0.285970759412303,69
0.6947976990472384,-1.3314092672913058,-0.6994058526617309,-0.1434879155968454,-0.1242665388938497,-1.213934457288018,-0.9154123258550612,-1.060721191718906,65
-0.1712580310923911,-0.4967043701518701,0.064552292611454,-0.1434879155968454,-1.5621457376183063,2.036836627645384,0.3744424911473677,0.285970759412303,66
1.0412199911030902,1.1727054241270012,-1.5328147384142965,-0.1434879155968454,-1.5621457376183063,0.4114510851786828,0.3744424911473677,-1.060721191718906,68
0.0019531149355348,-1.1644682878634187,-0.6299551121823505,1.2885735018478053,-1.5621457376183063,0.4114510851786828,-0.9154123258550612,-1.060721191718906,64
1.6474590022008309,-0.329763390723983,0.7590596974052585,-0.1434879155968454,-0.1242665388938497,-0.4012416860546675,-0.9154123258550612,1.632662710543512,70
-0.4310747501342799,0.6718824858433398,0.1340030330908344,-1.5755493330414962,1.3136126598306066,-0.4012416860546675,0.3744424911473677,-1.060721191718906,66
-0.1712580310923911,-1.9991731850028545,1.314665621240302,1.2885735018478053,1.3136126598306066,-0.4012416860546675,-0.9154123258550612,1.632662710543512,65
1.560853429186868,1.005764444699114,-0.4910536312235896,1.2885735018478053,-1.5621457376183063,-0.4012416860546675,1.6642973081497967,-1.060721191718906,71
-1.2971304802739094,0.3380005269875655,1.3841163617196826,-0.1434879155968454,-0.1242665388938497,1.2241438564120333,-0.9154123258550612,-1.060721191718906,65
-0.7774970421901317,0.6718824858433398,1.453567102199063,-0.1434879155968454,-0.1242665388938497,0.4114510851786828,-0.9154123258550612,-1.060721191718906,67
-0.8641026152040947,1.8404693418385496,-0.8383073336204918,-1.5755493330414962,1.3136126598306066,-0.4012416860546675,-0.9154123258550612,0.285970759412303,67
-0.0846524580784281,-1.1644682878634187,1.175764140281541,1.2885735018478053,1.3136126598306066,1.2241438564120333,-0.9154123258550612,0.285970759412303,68
0.6081921260332754,0.3380005269875655,0.3423552545289758,1.2885735018478053,1.3136126598306066,0.4114510851786828,-0.9154123258550612,-1.060721191718906,70
-0.7774970421901317,-0.1628224112960958,-0.6299551121823505,1.2885735018478053,-0.1242665388938497,0.4114510851786828,0.3744424911473677,-1.060721191718906,65
1.214431137131016,-0.6636453495797573,0.064552292611454,-0.1434879155968454,-0.1242665388938497,1.2241438564120333,1.6642973081497967,0.285970759412303,70
-0.344469177120317,1.8404693418385496,-0.3521521502648286,1.2885735018478053,-0.1242665388938497,1.2241438564120333,0.3744424911473677,-1.060721191718906,70
-0.6042858961622058,-0.8305863290076444,-1.324462516976155,1.2885735018478053,-0.1242665388938497,-0.4012416860546675,1.6642973081497967,0.285970759412303,65
1.6474590022008309,-0.9975273084355316,0.7590596974052585,-0.1434879155968454,1.3136126598306066,0.4114510851786828,0.3744424911473677,1.632662710543512,71
-1.2105249072599464,-1.9991731850028545,0.5507074759671171,1.2885735018478053,1.3136126598306066,-1.213934457288018,0.3744424911473677,-1.060721191718906,63
0.3483754069913866,-0.1628224112960958,-1.324462516976155,-0.1434879155968454,-0.1242665388938497,0.4114510851786828,-0.9154123258550612,-1.060721191718906,65
-0.8641026152040947,1.5065873829827754,-0.2132506693060677,-1.5755493330414962,-0.1242665388938497,-0.4012416860546675,0.3744424911473677,0.285970759412303,67
-1.2971304802739094,1.8404693418385496,-0.2827014097854482,-1.5755493330414962,-0.1242665388938497,-0.4012416860546675,-0.9154123258550612,-1.060721191718906,65
-1.2971304802739094,-2.3330551438586284,-0.9077580740998724,1.2885735018478053,1.3136126598306066,1.2241438564120333,-0.9154123258550612,-1.060721191718906,59
0.4349809800053495,-0.4967043701518701,-0.0743491883473068,-0.1434879155968454,-0.1242665388938497,-0.4012416860546675,-0.9154123258550612,0.285970759412303,67
-0.6042858961622058,0.1710595475596783,1.5924685831578238,-0.1434879155968454,1.3136126598306066,-1.213934457288018,1.6642973081497967,1.632662710543512,69
1.474247856172905,0.1710595475596783,1.6619193236372043,-1.5755493330414962,-0.1242665388938497,-0.4012416860546675,1.6642973081497967,1.632662710543512,71
0.5215865530193126,0.1710595475596783,-1.2550117764967743,1.2885735018478053,1.3136126598306066,-0.4012416860546675,-0.9154123258550612,-1.060721191718906,68
-0.7774970421901317,0.6718824858433398,0.3423552545289758,-1.5755493330414962,-0.1242665388938497,0.4114510851786828,-0.9154123258550612,0.285970759412303,66
-1.4703416263018354,-0.1628224112960958,-1.6717162193730573,-1.5755493330414962,-0.1242665388938497,0.4114510851786828,-0.9154123258550612,0.285970759412303,62
-0.6042858961622058,0.6718824858433398,-0.2827014097854482,-0.1434879155968454,-1.5621457376183063,-1.213934457288018,-0.9154123258550612,-1.060721191718906,64
-1.3837360532878724,-1.3314092672913058,-0.0743491883473068,-1.5755493330414962,1.3136126598306066,-1.213934457288018,-0.9154123258550612,0.285970759412303,61
-1.6435527723297614,-0.4967043701518701,-1.185561036017394,1.2885735018478053,-0.1242665388938497,0.4114510851786828,-0.9154123258550612,-1.060721191718906,61
-1.2971304802739094,-0.4967043701518701,-0.6299551121823505,1.2885735018478053,-0.1242665388938497,-0.4012416860546675,1.6642973081497967,1.632662710543512,65
-1.5569471993157984,-0.8305863290076444,1.453567102199063,1.2885735018478053,-1.5621457376183063,-1.213934457288018,-0.9154123258550612,0.285970759412303,62
-1.3837360532878724,-0.1628224112960958,0.7590596974052585,-1.5755493330414962,1.3136126598306066,1.2241438564120333,1.6642973081497967,1.632662710543512,66
1.7340645752147938,1.005764444699114,-0.0743491883473068,1.2885735018478053,1.3136126598306066,-0.4012416860546675,-0.9154123258550612,0.285970759412303,72
-1.5569471993157984,1.8404693418385496,0.5507074759671171,-0.1434879155968454,1.3136126598306066,-1.213934457288018,0.3744424911473677,0.285970759412303,67
0.7814032720612014,-0.8305863290076444,1.453567102199063,-0.1434879155968454,-0.1242665388938497,1.2241438564120333,-0.9154123258550612,-1.060721191718906,69
0.3483754069913866,-0.9975273084355316,0.4812567354877367,-0.1434879155968454,-0.1242665388938497,1.2241438564120333,0.3744424911473677,-1.060721191718906,66
0.0019531149355348,0.5049415064154527,-1.2550117764967743,-1.5755493330414962,-1.5621457376183063,-0.4012416860546675,1.6642973081497967,-1.060721191718906,66
1.387642283158942,1.6735283624106625,-1.6022654788936768,-0.1434879155968454,1.3136126598306066,-1.213934457288018,0.3744424911473677,1.632662710543512,74
0.9546144180891272,1.8404693418385496,1.314665621240302,1.2885735018478053,-0.1242665388938497,0.4114510851786828,-0.9154123258550612,1.632662710543512,75
-0.344469177120317,2.675174238977985,1.453567102199063,-0.1434879155968454,-0.1242665388938497,-0.4012416860546675,0.3744424911473677,-1.060721191718906,71
-0.8641026152040947,0.5049415064154527,1.314665621240302,1.2885735018478053,-0.1242665388938497,1.2241438564120333,0.3744424911473677,0.285970759412303,68
1.474247856172905,0.8388234652712269,0.1340030330908344,-0.1434879155968454,-0.1242665388938497,-0.4012416860546675,1.6642973081497967,-1.060721191718906,73
0.4349809800053495,-1.498350246719193,1.175764140281541,-1.5755493330414962,-0.1242665388938497,-1.213934457288018,0.3744424911473677,0.285970759412303,64
0.0885586879494977,-0.1628224112960958,-0.9772088145792528,1.2885735018478053,1.3136126598306066,1.2241438564120333,1.6642973081497967,0.285970759412303,69
1.1278255641170531,0.0041185681317912,-1.6717162193730573,-0.1434879155968454,1.3136126598306066,-0.4012416860546675,-0.9154123258550612,0.285970759412303,69
-0.257863604106354,0.6718824858433398,-0.6994058526617309,-1.5755493330414962,-0.1242665388938497,0.4114510851786828,-0.9154123258550612,0.285970759412303,68
0.0019531149355348,0.6718824858433398,0.6896089569258781,-0.1434879155968454,-0.1242665388938497,1.2241438564120333,-0.9154123258550612,-1.060721191718906,69
1.474247856172905,-0.9975273084355316,-0.6299551121823505,-0.1434879155968454,-0.1242665388938497,0.4114510851786828,0.3744424911473677,0.285970759412303,67
1.1278255641170531,-0.8305863290076444,1.453567102199063,-0.1434879155968454,1.3136126598306066,-0.4012416860546675,-0.9154123258550612,0.285970759412303,69
0.7814032720612014,-1.9991731850028545,-0.9077580740998724,1.2885735018478053,1.3136126598306066,0.4114510851786828,-0.9154123258550612,0.285970759412303,66
0.6947976990472384,0.5049415064154527,-0.3521521502648286,-0.1434879155968454,-0.1242665388938497,0.4114510851786828,-0.9154123258550612,0.285970759412303,70
-0.1712580310923911,-0.8305863290076444,1.3841163617196826,1.2885735018478053,-0.1242665388938497,-0.4012416860546675,-0.9154123258550612,1.632662710543512,69
0.2617698339774236,0.1710595475596783,-0.9772088145792528,1.2885735018478053,-0.1242665388938497,0.4114510851786828,1.6642973081497967,-1.060721191718906,71
-0.1712580310923911,2.508233259550098,1.6619193236372043,-1.5755493330414962,1.3136126598306066,-0.4012416860546675,-0.9154123258550612,-1.060721191718906,72
-0.9507081882180576,-0.1628224112960958,-0.0048984478679264,-1.5755493330414962,-0.1242665388938497,0.4114510851786828,-0.9154123258550612,0.285970759412303,63
-0.6908914691761688,0.0041185681317912,1.0368626593227803,-0.1434879155968454,-0.1242665388938497,-0.4012416860546675,1.6642973081497967,0.285970759412303,65
0.1751642609634607,0.8388234652712269,1.453567102199063,-0.1434879155968454,-0.1242665388938497,-0.4012416860546675,-0.9154123258550612,-1.060721191718906,69
-0.257863604106354,-0.4967043701518701,1.2452148807609216,1.2885735018478053,-0.1242665388938497,1.2241438564120333,0.3744424911473677,1.632662710543512,68
-0.344469177120317,1.8404693418385496,1.1063133998021608,1.2885735018478053,-0.1242665388938497,-0.4012416860546675,1.6642973081497967,-1.060721191718906,72
-1.3837360532878724,-1.3314092672913058,-0.5605043717029701,-1.5755493330414962,-0.1242665388938497,1.2241438564120333,-0.9154123258550612,-1.060721191718906,59
0.2617698339774236,0.8388234652712269,1.5230178426784435,1.2885735018478053,-0.1242665388938497,-1.213934457288018,-0.9154123258550612,-1.060721191718906,69
-0.4310747501342799,-1.8322322055749671,-1.4633639979349158,-0.1434879155968454,-0.1242665388938497,0.4114510851786828,-0.9154123258550612,-1.060721191718906,61
1.7340645752147938,-0.8305863290076444,-0.0743491883473068,-1.5755493330414962,-0.1242665388938497,0.4114510851786828,-0.9154123258550612,0.285970759412303,67
-1.4703416263018354,0.0041185681317912,-1.5328147384142965,-1.5755493330414962,-1.5621457376183063,-0.4012416860546675,-0.9154123258550612,0.285970759412303,60
-0.257863604106354,0.3380005269875655,-0.2827014097854482,1.2885735018478053,-0.1242665388938497,1.2241438564120333,-0.9154123258550612,-1.060721191718906,67
-1.037313761232021,0.0041185681317912,0.8979611783640193,-1.5755493330414962,-1.5621457376183063,2.849529398878734,-0.9154123258550612,-1.060721191718906,63
0.2617698339774236,-1.8322322055749671,0.7590596974052585,-1.5755493330414962,1.3136126598306066,-1.213934457288018,0.3744424911473677,-1.060721191718906,62
-1.6435527723297614,0.1710595475596783,0.4118059950083562,1.2885735018478053,1.3136126598306066,-0.4012416860546675,1.6642973081497967,0.285970759412303,66
1.7340645752147938,-1.9991731850028545,1.175764140281541,-0.1434879155968454,1.3136126598306066,-0.4012416860546675,1.6642973081497967,0.285970759412303,70
0.2617698339774236,0.5049415064154527,-0.0743491883473068,-0.1434879155968454,1.3136126598306066,1.2241438564120333,1.6642973081497967,-1.060721191718906,69
0.4349809800053495,0.5049415064154527,-1.6717162193730573,-0.1434879155968454,1.3136126598306066,-1.213934457288018,0.3744424911473677,1.632662710543512,68
1.474247856172905,-0.8305863290076444,1.0368626593227803,1.2885735018478053,-0.1242665388938497,0.4114510851786828,-0.9154123258550612,1.632662710543512,71
-0.4310747501342799,-0.1628224112960958,0.8979611783640193,1.2885735018478053,-0.1242665388938497,-1.213934457288018,-0.9154123258550612,-1.060721191718906,66
1.214431137131016,1.8404693418385496,1.175764140281541,-0.1434879155968454,-1.5621457376183063,-0.4012416860546675,-0.9154123258550612,1.632662710543512,72
-0.257863604106354,-1.498350246719193,1.175764140281541,-1.5755493330414962,-1.5621457376183063,-1.213934457288018,-0.9154123258550612,-1.060721191718906,61
0.3483754069913866,-1.3314092672913058,0.8979611783640193,1.2885735018478053,-0.1242665388938497,0.4114510851786828,-0.9154123258550612,1.632662710543512,67
0.2617698339774236,-0.329763390723983,0.064552292611454,-1.5755493330414962,1.3136126598306066,-1.213934457288018,-0.9154123258550612,0.285970759412303,66
1.1278255641170531,-1.1644682878634187,-1.5328147384142965,-1.5755493330414962,-1.5621457376183063,-0.4012416860546675,1.6642973081497967,0.285970759412303,65
-1.037313761232021,-0.329763390723983,0.5507074759671171,1.2885735018478053,-0.1242665388938497,-0.4012416860546675,0.3744424911473677,-1.060721191718906,65
-0.6042858961622058,-0.4967043701518701,0.6896089569258781,-0.1434879155968454,1.3136126598306066,0.4114510851786828,-0.9154123258550612,-1.060721191718906,66
-1.2971304802739094,-0.8305863290076444,-0.2132506693060677,1.2885735018478053,1.3136126598306066,0.4114510851786828,1.6642973081497967,-1.060721191718906,63
-0.5176803231482429,0.0041185681317912,-1.6717162193730573,-0.1434879155968454,-0.1242665388938497,0.4114510851786828,0.3744424911473677,0.285970759412303,65
-0.257863604106354,0.1710595475596783,1.453567102199063,-1.5755493330414962,-0.1242665388938497,0.4114510851786828,-0.9154123258550612,-1.060721191718906,68
-0.344469177120317,0.0041185681317912,0.7590596974052585,1.2885735018478053,-0.1242665388938497,0.4114510851786828,-0.9154123258550612,0.285970759412303,68
0.6081921260332754,0.1710595475596783,-0.6299551121823505,-0.1434879155968454,-1.5621457376183063,-0.4012416860546675,-0.9154123258550612,-1.060721191718906,65
-1.037313761232021,0.0041185681317912,1.453567102199063,1.2885735018478053,-0.1242665388938497,-1.213934457288018,-0.9154123258550612,-1.060721191718906,66
0.9546144180891272,0.3380005269875655,-0.9772088145792528,1.2885735018478053,-0.1242665388938497,1.2241438564120333,1.6642973081497967,-1.060721191718906,70
1.474247856172905,0.3380005269875655,-0.0048984478679264,-0.1434879155968454,-1.5621457376183063,-0.4012416860546675,1.6642973081497967,0.285970759412303,71
-1.037313761232021,0.3380005269875655,1.175764140281541,1.2885735018478053,-0.1242665388938497,0.4114510851786828,-0.9154123258550612,1.632662710543512,68
0.1751642609634607,-0.6636453495797573,1.6619193236372043,-0.1434879155968454,-0.1242665388938497,1.2241438564120333,-0.9154123258550612,1.632662710543512,69
-0.9507081882180576,0.5049415064154527,-0.6299551121823505,-1.5755493330414962,-0.1242665388938497,-0.4012416860546675,0.3744424911473677,0.285970759412303,63
-0.7774970421901317,0.5049415064154527,-1.324462516976155,-0.1434879155968454,-0.1242665388938497,-0.4012416860546675,0.3744424911473677,0.285970759412303,65
-1.3837360532878724,0.8388234652712269,0.9674119188433998,1.2885735018478053,-0.1242665388938497,0.4114510851786828,0.3744424911473677,0.285970759412303,66
-0.0846524580784281,-1.1644682878634187,-1.046659555058633,1.2885735018478053,1.3136126598306066,-0.4012416860546675,0.3744424911473677,-1.060721191718906,66
0.1751642609634607,1.005764444699114,0.2729045140495953,-1.5755493330414962,1.3136126598306066,-0.4012416860546675,1.6642973081497967,0.285970759412303,69
-1.037313761232021,0.1710595475596783,-0.6299551121823505,-0.1434879155968454,-1.5621457376183063,0.4114510851786828,-0.9154123258550612,1.632662710543512,64
-1.1239193342459837,-3.000819061570177,-0.1437999288266873,-0.1434879155968454,-0.1242665388938497,-0.4012416860546675,0.3744424911473677,-1.060721191718906,58
-1.037313761232021,-0.4967043701518701,0.2034537735702149,-1.5755493330414962,-0.1242665388938497,2.036836627645384,0.3744424911473677,-1.060721191718906,64
-0.1712580310923911,0.3380005269875655,1.175764140281541,1.2885735018478053,1.3136126598306066,-0.4012416860546675,-0.9154123258550612,1.632662710543512,70
0.0885586879494977,-1.8322322055749671,1.6619193236372043,-0.1434879155968454,-0.1242665388938497,0.4114510851786828,-0.9154123258550612,-1.060721191718906,64
0.7814032720612014,-0.1628224112960958,-1.6022654788936768,-0.1434879155968454,1.3136126598306066,0.4114510851786828,-0.9154123258550612,0.285970759412303,68
-1.2971304802739094,-0.8305863290076444,-1.324462516976155,-1.5755493330414962,1.3136126598306066,1.2241438564120333,-0.9154123258550612,1.632662710543512,61
0.4349809800053495,-1.1644682878634187,-0.2132506693060677,-1.5755493330414962,1.3136126598306066,0.4114510851786828,0.3744424911473677,-1.060721191718906,66
-1.2971304802739094,0.1710595475596783,0.5507074759671171,1.2885735018478053,-1.5621457376183063,1.2241438564120333,-0.9154123258550612,-1.060721191718906,65
0.3483754069913866,-1.498350246719193,0.6896089569258781,-0.1434879155968454,-0.1242665388938497,1.2241438564120333,0.3744424911473677,0.285970759412303,67
0.0019531149355348,1.3396464035548885,-0.6994058526617309,-0.1434879155968454,-1.5621457376183063,0.4114510851786828,0.3744424911473677,-1.060721191718906,67
-1.4703416263018354,0.3380005269875655,1.5230178426784435,-0.1434879155968454,-0.1242665388938497,-0.4012416860546675,-0.9154123258550612,1.632662710543512,66
0.6947976990472384,-0.6636453495797573,-1.6022654788936768,-0.1434879155968454,-0.1242665388938497,0.4114510851786828,-0.9154123258550612,1.632662710543512,68
-1.3837360532878724,-0.329763390723983,1.5230178426784435,1.2885735018478053,-1.5621457376183063,0.4114510851786828,-0.9154123258550612,0.285970759412303,64
0.1751642609634607,0.5049415064154527,-0.4216028907442091,-0.1434879155968454,-0.1242665388938497,-1.213934457288018,-0.9154123258550612,1.632662710543512,68
-0.4310747501342799,-1.9991731850028545,1.175764140281541,-0.1434879155968454,-0.1242665388938497,2.849529398878734,-0.9154123258550612,1.632662710543512,66
-1.5569471993157984,-0.9975273084355316,-0.8383073336204918,1.2885735018478053,-0.1242665388938497,0.4114510851786828,0.3744424911473677,-1.060721191718906,62
-0.4310747501342799,0.6718824858433398,-1.6717162193730573,1.2885735018478053,1.3136126598306066,-0.4012416860546675,-0.9154123258550612,0.285970759412303,67
0.6081921260332754,0.0041185681317912,0.9674119188433998,-0.1434879155968454,-0.1242665388938497,0.4114510851786828,-0.9154123258550612,0.285970759412303,68
0.4349809800053495,-2.3330551438586284,-0.3521521502648286,-0.1434879155968454,1.3136126598306066,-1.213934457288018,1.6642973081497967,-1.060721191718906,64
-1.037313761232021,2.341292280122211,-0.5605043717029701,-0.1434879155968454,-0.1242665388938497,-1.213934457288018,-0.9154123258550612,0.285970759412303,67
1.474247856172905,-1.1644682878634187,0.4118059950083562,-0.1434879155968454,-0.1242665388938497,1.2241438564120333,-0.9154123258550612,-1.060721191718906,68
-0.344469177120317,1.005764444699114,0.1340030330908344,-0.1434879155968454,-1.5621457376183063,-0.4012416860546675,-0.9154123258550612,0.285970759412303,68
0.2617698339774236,0.0041185681317912,1.7313700641165848,-0.1434879155968454,-1.5621457376183063,2.036836627645384,0.3744424911473677,-1.060721191718906,68
-0.1712580310923911,-0.1628224112960958,-0.0743491883473068,-0.1434879155968454,-0.1242665388938497,0.4114510851786828,-0.9154123258550612,-1.060721191718906,66
-1.4703416263018354,-0.6636453495797573,-1.2550117764967743,-0.1434879155968454,-1.5621457376183063,0.4114510851786828,1.6642973081497967,-1.060721191718906,61
0.2617698339774236,-1.3314092672913058,-0.9772088145792528,1.2885735018478053,-0.1242665388938497,1.2241438564120333,-0.9154123258550612,1.632662710543512,66
-1.6435527723297614,-1.3314092672913058,1.175764140281541,-0.1434879155968454,-1.5621457376183063,0.4114510851786828,-0.9154123258550612,1.632662710543512,60
-1.1239193342459837,0.3380005269875655,-1.185561036017394,1.2885735018478053,1.3136126598306066,0.4114510851786828,1.6642973081497967,1.632662710543512,67
0.3483754069913866,1.005764444699114,0.9674119188433998,1.2885735018478053,-0.1242665388938497,-1.213934457288018,-0.9154123258550612,-1.060721191718906,70
-0.6908914691761688,0.0041185681317912,-1.046659555058633,-1.5755493330414962,1.3136126598306066,-1.213934457288018,-0.9154123258550612,-1.060721191718906,63
-0.4310747501342799,-0.1628224112960958,1.453567102199063,1.2885735018478053,1.3136126598306066,0.4114510851786828,-0.9154123258550612,0.285970759412303,70
0.3483754069913866,2.508233259550098,1.175764140281541,-0.1434879155968454,-1.5621457376183063,3.6622221701120847,-0.9154123258550612,-1.060721191718906,74
-1.037313761232021,-0.8305863290076444,-0.2132506693060677,-0.1434879155968454,-1.5621457376183063,1.2241438564120333,-0.9154123258550612,1.632662710543512,62
-1.4703416263018354,0.3380005269875655,-1.5328147384142965,1.2885735018478053,1.3136126598306066,1.2241438564120333,-0.9154123258550612,-1.060721191718906,66
0.8680088450751643,-1.9991731850028545,0.2729045140495953,1.2885735018478053,1.3136126598306066,0.4114510851786828,0.3744424911473677,-1.060721191718906,68
0.6081921260332754,0.5049415064154527,0.2729045140495953,-1.5755493330414962,-0.1242665388938497,0.4114510851786828,-0.9154123258550612,0.285970759412303,67
-0.344469177120317,-0.329763390723983,1.3841163617196826,-1.5755493330414962,-0.1242665388938497,0.4114510851786828,1.6642973081497967,1.632662710543512,69
-1.1239193342459837,-0.8305863290076444,1.314665621240302,-1.5755493330414962,-0.1242665388938497,-1.213934457288018,1.6642973081497967,0.285970759412303,64
-0.9507081882180576,0.3380005269875655,0.9674119188433998,-0.1434879155968454,-0.1242665388938497,-1.213934457288018,-0.9154123258550612,-1.060721191718906,64
1.7340645752147938,0.5049415064154527,1.2452148807609216,-0.1434879155968454,-1.5621457376183063,2.036836627645384,1.6642973081497967,-1.060721191718906,73
1.3010367101449791,0.8388234652712269,-1.2550117764967743,1.2885735018478053,1.3136126598306066,0.4114510851786828,0.3744424911473677,1.632662710543512,73
-0.257863604106354,-1.1644682878634187,0.064552292611454,-0.1434879155968454,-1.5621457376183063,-0.4012416860546675,0.3744424911473677,0.285970759412303,62
-0.6042858961622058,0.0041185681317912,0.4812567354877367,-0.1434879155968454,-0.1242665388938497,-0.4012416860546675,0.3744424911473677,0.285970759412303,65
-0.5176803231482429,-0.329763390723983,0.2034537735702149,-0.1434879155968454,-0.1242665388938497,-1.213934457288018,-0.9154123258550612,1.632662710543512,65
1.560853429186868,-0.9975273084355316,1.6619193236372043,-0.1434879155968454,-0.1242665388938497,-1.213934457288018,-0.9154123258550612,1.632662710543512,69
1.560853429186868,0.8388234652712269,0.6201582164464976,-0.1434879155968454,-0.1242665388938497,-0.4012416860546675,1.6642973081497967,0.285970759412303,73
1.474247856172905,0.1710595475596783,-0.2827014097854482,-0.1434879155968454,-0.1242665388938497,0.4114510851786828,0.3744424911473677,1.632662710543512,72
-0.7774970421901317,0.5049415064154527,-1.7411669598524375,1.2885735018478053,-0.1242665388938497,-1.213934457288018,-0.9154123258550612,1.632662710543512,64
-1.2105249072599464,-0.6636453495797573,1.6619193236372043,1.2885735018478053,1.3136126598306066,-0.4012416860546675,-0.9154123258550612,-1.060721191718906,66
-1.037313761232021,0.1710595475596783,0.6896089569258781,-0.1434879155968454,-0.1242665388938497,1.2241438564120333,0.3744424911473677,1.632662710543512,66
0.6947976990472384,0.1710595475596783,1.1063133998021608,-0.1434879155968454,1.3136126598306066,0.4114510851786828,-0.9154123258550612,1.632662710543512,70
-1.2971304802739094,0.0041185681317912,-0.9077580740998724,-1.5755493330414962,-0.1242665388938497,-1.213934457288018,1.6642973081497967,0.285970759412303,80
1.387642283158942,0.5049415064154527,0.7590596974052585,1.2885735018478053,-0.1242665388938497,1.2241438564120333,0.3744424911473677,0.285970759412303,74
-0.8641026152040947,-0.329763390723983,0.7590596974052585,-0.1434879155968454,-0.1242665388938497,2.849529398878734,-0.9154123258550612,1.632662710543512,67
-1.1239193342459837,-0.6636453495797573,0.8979611783640193,-0.1434879155968454,1.3136126598306066,-1.213934457288018,0.3744424911473677,1.632662710543512,65
-1.037313761232021,-0.1628224112960958,-1.6717162193730573,1.2885735018478053,1.3136126598306066,-0.4012416860546675,-0.9154123258550612,1.632662710543512,64
1.6474590022008309,-0.6636453495797573,0.1340030330908344,1.2885735018478053,-1.5621457376183063,-1.213934457288018,-0.9154123258550612,-1.060721191718906,68
-0.6042858961622058,-1.1644682878634187,1.2452148807609216,1.2885735018478053,-0.1242665388938497,-1.213934457288018,1.6642973081497967,1.632662710543512,65
0.7814032720612014,-0.6636453495797573,-1.185561036017394,-0.1434879155968454,1.3136126598306066,0.4114510851786828,0.3744424911473677,-1.060721191718906,67
0.0885586879494977,0.0041185681317912,-1.3939132574555355,-0.1434879155968454,1.3136126598306066,-0.4012416860546675,1.6642973081497967,1.632662710543512,68
0.7814032720612014,0.3380005269875655,1.5230178426784435,1.2885735018478053,-0.1242665388938497,0.4114510851786828,-0.9154123258550612,0.285970759412303,72
1.387642283158942,-1.3314092672913058,-0.2827014097854482,-0.1434879155968454,-1.5621457376183063,0.4114510851786828,0.3744424911473677,0.285970759412303,68
-0.7774970421901317,0.3380005269875655,-1.046659555058633,-0.1434879155968454,-0.1242665388938497,-0.4012416860546675,-0.9154123258550612,0.285970759412303,65
0.4349809800053495,0.8388234652712269,1.3841163617196826,-0.1434879155968454,-1.5621457376183063,-1.213934457288018,0.3744424911473677,0.285970759412303,69
-0.257863604106354,0.8388234652712269,0.6896089569258781,1.2885735018478053,1.3136126598306066,0.4114510851786828,0.3744424911473677,0.285970759412303,71
-1.2971304802739094,-0.1628224112960958,-0.6299551121823505,-0.1434879155968454,-0.1242665388938497,-1.213934457288018,-0.9154123258550612,-1.060721191718906,62
-1.037313761232021,1.8404693418385496,0.7590596974052585,-0.1434879155968454,1.3136126598306066,-0.4012416860546675,-0.9154123258550612,-1.060721191718906,68
0.5215865530193126,1.005764444699114,-0.6994058526617309,-1.5755493330414962,-1.5621457376183063,-1.213934457288018,-0.9154123258550612,-1.060721191718906,66
1.214431137131016,-1.3314092672913058,0.2034537735702149,-0.1434879155968454,-0.1242665388938497,-0.4012416860546675,-0.9154123258550612,0.285970759412303,68
0.3483754069913866,-0.4967043701518701,1.5924685831578238,-1.5755493330414962,-0.1242665388938497,-0.4012416860546675,0.3744424911473677,-1.060721191718906,67
1.214431137131016,-0.6636453495797573,1.314665621240302,1.2885735018478053,-0.1242665388938497,0.4114510851786828,-0.9154123258550612,-1.060721191718906,71
0.6947976990472384,-1.1644682878634187,-0.6299551121823505,-0.1434879155968454,1.3136126598306066,-0.4012416860546675,-0.9154123258550612,-1.060721191718906,67
-1.3837360532878724,-0.9975273084355316,-0.9077580740998724,1.2885735018478053,-0.1242665388938497,-0.4012416860546675,-0.9154123258550612,0.285970759412303,61
-0.257863604106354,-0.1628224112960958,-1.4633639979349158,-0.1434879155968454,1.3136126598306066,1.2241438564120333,0.3744424911473677,1.632662710543512,66
-0.8641026152040947,0.3380005269875655,-1.5328147384142965,-0.1434879155968454,-1.5621457376183063,-0.4012416860546675,-0.9154123258550612,-1.060721191718906,83
-0.6908914691761688,-0.4967043701518701,-0.9772088145792528,1.2885735018478053,1.3136126598306066,-0.4012416860546675,-0.9154123258550612,0.285970759412303,65
-0.6908914691761688,-0.4967043701518701,-0.6994058526617309,1.2885735018478053,1.3136126598306066,1.2241438564120333,1.6642973081497967,-1.060721191718906,67
1.474247856172905,-1.3314092672913058,-0.4216028907442091,-1.5755493330414962,-0.1242665388938497,-1.213934457288018,-0.9154123258550612,-1.060721191718906,67
-0.344469177120317,1.6735283624106625,-0.0048984478679264,-0.1434879155968454,-0.1242665388938497,1.2241438564120333,0.3744424911473677,1.632662710543512,71
-0.7774970421901317,0.1710595475596783,-1.3939132574555355,-0.1434879155968454,1.3136126598306066,0.4114510851786828,1.6642973081497967,1.632662710543512,67
1.6474590022008309,0.0041185681317912,-0.0048984478679264,-0.1434879155968454,-0.1242665388938497,0.4114510851786828,1.6642973081497967,-1.060721191718906,70
-1.037313761232021,-0.9975273084355316,-1.6717162193730573,1.2885735018478053,1.3136126598306066,-0.4012416860546675,-0.9154123258550612,1.632662710543512,63
1.560853429186868,1.5065873829827754,-1.046659555058633,-0.1434879155968454,-0.1242665388938497,-1.213934457288018,-0.9154123258550612,-1.060721191718906,70
-1.037313761232021,-0.1628224112960958,-0.6299551121823505,1.2885735018478053,1.3136126598306066,0.4114510851786828,-0.9154123258550612,0.285970759412303,65
-1.6435527723297614,0.3380005269875655,1.5230178426784435,-0.1434879155968454,-0.1242665388938497,-1.213934457288018,-0.9154123258550612,-1.060721191718906,63
-1.4703416263018354,-1.498350246719193,-1.6717162193730573,1.2885735018478053,-0.1242665388938497,-1.213934457288018,0.3744424911473677,-1.060721191718906,58
1.3010367101449791,-0.8305863290076444,0.8979611783640193,-1.5755493330414962,-1.5621457376183063,-0.4012416860546675,-0.9154123258550612,-1.060721191718906,66
-0.344469177120317,1.3396464035548885,-1.046659555058633,-0.1434879155968454,-0.1242665388938497,-0.4012416860546675,-0.9154123258550612,-1.060721191718906,66
-1.3837360532878724,-2.6669371027144027,-0.6994058526617309,1.2885735018478053,-0.1242665388938497,-0.4012416860546675,-0.9154123258550612,0.285970759412303,59
0.5215865530193126,-0.4967043701518701,-1.046659555058633,-1.5755493330414962,1.3136126598306066,0.4114510851786828,0.3744424911473677,1.632662710543512,67
-1.3837360532878724,-1.498350246719193,-0.0048984478679264,-0.1434879155968454,-0.1242665388938497,-0.4012416860546675,-0.9154123258550612,1.632662710543512,60
1.387642283158942,0.1710595475596783,0.7590596974052585,-1.5755493330414962,1.3136126598306066,-0.4012416860546675,0.3744424911473677,-1.060721191718906,71
-1.4703416263018354,0.5049415064154527,1.314665621240302,-0.1434879155968454,-0.1242665388938497,0.4114510851786828,1.6642973081497967,0.285970759412303,68
-0.257863604106354,1.005764444699114,1.7313700641165848,-0.1434879155968454,-0.1242665388938497,-0.4012416860546675,-0.9154123258550612,-1.060721191718906,70
0.9546144180891272,1.6735283624106625,0.2034537735702149,-0.1434879155968454,-0.1242665388938497,1.2241438564120333,1.6642973081497967,0.285970759412303,75
-0.1712580310923911,1.005764444699114,0.2034537735702149,1.2885735018478053,-1.5621457376183063,2.036836627645384,-0.9154123258550612,0.285970759412303,69
0.6947976990472384,1.6735283624106625,-0.4910536312235896,-0.1434879155968454,-0.1242665388938497,-0.4012416860546675,0.3744424911473677,0.285970759412303,72
0.8680088450751643,0.5049415064154527,-0.1437999288266873,-0.1434879155968454,-0.1242665388938497,-0.4012416860546675,-0.9154123258550612,1.632662710543512,69
-0.6042858961622058,-0.4967043701518701,-1.185561036017394,-1.5755493330414962,-0.1242665388938497,2.036836627645384,0.3744424911473677,0.285970759412303,64
0.0885586879494977,0.6718824858433398,-0.8383073336204918,-1.5755493330414962,-0.1242665388938497,-0.4012416860546675,-0.9154123258550612,-1.060721191718906,66
-0.257863604106354,-1.1644682878634187,-0.4910536312235896,-0.1434879155968454,-0.1242665388938497,1.2241438564120333,-0.9154123258550612,1.632662710543512,65
-0.4310747501342799,1.1727054241270012,-1.2550117764967743,-1.5755493330414962,-0.1242665388938497,1.2241438564120333,-0.9154123258550612,1.632662710543512,66
-1.6435527723297614,2.341292280122211,-0.8383073336204918,-1.5755493330414962,-0.1242665388938497,0.4114510851786828,-0.9154123258550612,0.285970759412303,65
0.0885586879494977,-0.4967043701518701,0.828510437884639,-0.1434879155968454,-0.1242665388938497,-1.213934457288018,0.3744424911473677,-1.060721191718906,67
-0.4310747501342799,0.6718824858433398,-0.6994058526617309,-0.1434879155968454,-1.5621457376183063,-1.213934457288018,0.3744424911473677,0.285970759412303,65
0.6947976990472384,0.3380005269875655,-0.9077580740998724,-0.1434879155968454,-1.5621457376183063,-0.4012416860546675,0.3744424911473677,1.632662710543512,68
0.0019531149355348,-1.3314092672913058,-0.2827014097854482,-1.5755493330414962,-1.5621457376183063,-0.4012416860546675,-0.9154123258550612,-1.060721191718906,60
-1.037313761232021,-0.329763390723983,1.453567102199063,1.2885735018478053,-1.5621457376183063,-0.4012416860546675,-0.9154123258550612,1.632662710543512,65
-0.7774970421901317,-0.9975273084355316,0.6896089569258781,-0.1434879155968454,-0.1242665388938497,0.4114510851786828,-0.9154123258550612,0.285970759412303,64
1.1278255641170531,0.1710595475596783,-0.5605043717029701,-0.1434879155968454,-0.1242665388938497,-0.4012416860546675,-0.9154123258550612,1.632662710543512,69
1.560853429186868,-0.4967043701518701,0.828510437884639,1.2885735018478053,-1.5621457376183063,1.2241438564120333,0.3744424911473677,0.285970759412303,71
0.0019531149355348,3.0090561978337598,0.2034537735702149,-0.1434879155968454,1.3136126598306066,-0.4012416860546675,0.3744424911473677,-1.060721191718906,72
-1.3837360532878724,0.5049415064154527,0.3423552545289758,-0.1434879155968454,1.3136126598306066,1.2241438564120333,0.3744424911473677,0.285970759412303,65
-0.9507081882180576,-0.1628224112960958,-0.5605043717029701,-0.1434879155968454,-0.1242665388938497,2.036836627645384,1.6642973081497967,1.632662710543512,66
-1.2971304802739094,-0.9975273084355316,-0.8383073336204918,-0.1434879155968454,1.3136126598306066,0.4114510851786828,-0.9154123258550612,-1.060721191718906,61
-1.5569471993157984,-0.329763390723983,0.9674119188433998,1.2885735018478053,-0.1242665388938497,-1.213934457288018,1.6642973081497967,1.632662710543512,66
-0.6908914691761688,0.6718824858433398,-0.1437999288266873,1.2885735018478053,-1.5621457376183063,0.4114510851786828,-0.9154123258550612,0.285970759412303,67
-0.8641026152040947,0.3380005269875655,0.4118059950083562,-0.1434879155968454,1.3136126598306066,1.2241438564120333,1.6642973081497967,0.285970759412303,68
-0.1712580310923911,0.1710595475596783,1.5230178426784435,-0.1434879155968454,1.3136126598306066,-1.213934457288018,-0.9154123258550612,0.285970759412303,69
0.8680088450751643,1.1727054241270012,-1.6022654788936768,-0.1434879155968454,-1.5621457376183063,0.4114510851786828,0.3744424911473677,-1.060721191718906,86
0.6947976990472384,-0.8305863290076444,-0.9772088145792528,-0.1434879155968454,-1.5621457376183063,-1.213934457288018,1.6642973081497967,1.632662710543512,65
-0.6908914691761688,1.3396464035548885,-1.046659555058633,-0.1434879155968454,-1.5621457376183063,2.036836627645384,1.6642973081497967,1.632662710543512,69
0.3483754069913866,0.1710595475596783,-1.6022654788936768,-0.1434879155968454,-0.1242665388938497,0.4114510851786828,-0.9154123258550612,1.632662710543512,68
-0.9507081882180576,1.3396464035548885,1.5924685831578238,-1.5755493330414962,-0.1242665388938497,-1.213934457288018,-0.9154123258550612,0.285970759412303,67
0.6947976990472384,1.6735283624106625,-0.7688565931411113,-0.1434879155968454,1.3136126598306066,-0.4012416860546675,0.3744424911473677,1.632662710543512,73
-0.0846524580784281,-0.4967043701518701,0.2034537735702149,1.2885735018478053,1.3136126598306066,0.4114510851786828,-0.9154123258550612,1.632662710543512,70
-0.9507081882180576,0.3380005269875655,1.5924685831578238,-0.1434879155968454,-1.5621457376183063,-1.213934457288018,1.6642973081497967,-1.060721191718906,64
-1.730158345343724,0.0041185681317912,0.3423552545289758,-0.1434879155968454,-0.1242665388938497,0.4114510851786828,0.3744424911473677,1.632662710543512,63
0.3483754069913866,0.0041185681317912,-0.4910536312235896,-0.1434879155968454,1.3136126598306066,-1.213934457288018,1.6642973081497967,-1.060721191718906,69
-0.6042858961622058,1.3396464035548885,1.2452148807609216,-1.5755493330414962,-1.5621457376183063,0.4114510851786828,0.3744424911473677,-1.060721191718906,68
-1.6435527723297614,-0.329763390723983,-1.4633639979349158,-1.5755493330414962,-1.5621457376183063,-1.213934457288018,0.3744424911473677,0.285970759412303,59
0.3483754069913866,-1.498350246719193,0.064552292611454,-0.1434879155968454,1.3136126598306066,1.2241438564120333,-0.9154123258550612,-1.060721191718906,67
0.6947976990472384,-0.1628224112960958,1.314665621240302,1.2885735018478053,-0.1242665388938497,-0.4012416860546675,-0.9154123258550612,0.285970759412303,70
0.1751642609634607,-0.4967043701518701,-0.8383073336204918,-0.1434879155968454,-1.5621457376183063,0.4114510851786828,0.3744424911473677,-1.060721191718906,65
0.6081921260332754,2.0074103212664367,1.7313700641165848,1.2885735018478053,-0.1242665388938497,0.4114510851786828,1.6642973081497967,0.285970759412303,74
-0.344469177120317,-0.6636453495797573,0.2729045140495953,-0.1434879155968454,-1.5621457376183063,-1.213934457288018,1.6642973081497967,-1.060721191718906,65
-0.0846524580784281,1.1727054241270012,1.0368626593227803,1.2885735018478053,1.3136126598306066,1.2241438564120333,-0.9154123258550612,0.285970759412303,73
0.6081921260332754,0.5049415064154527,-1.2550117764967743,-1.5755493330414962,-0.1242665388938497,0.4114510851786828,-0.9154123258550612,1.632662710543512,67
1.7340645752147938,-1.1644682878634187,-1.4633639979349158,-1.5755493330414962,-0.1242665388938497,-1.213934457288018,0.3744424911473677,0.285970759412303,68
-0.8641026152040947,0.8388234652712269,-0.1437999288266873,1.2885735018478053,-1.5621457376183063,0.4114510851786828,1.6642973081497967,0.285970759412303,67
1.0412199911030902,-0.4967043701518701,-0.0048984478679264,-1.5755493330414962,-1.5621457376183063,0.4114510851786828,1.6642973081497967,0.285970759412303,68
0.6947976990472384,0.6718824858433398,-0.0743491883473068,1.2885735018478053,-0.1242665388938497,-1.213934457288018,1.6642973081497967,-1.060721191718906,71
0.9546144180891272,-0.6636453495797573,1.175764140281541,1.2885735018478053,1.3136126598306066,0.4114510851786828,-0.9154123258550612,-1.060721191718906,71
-1.3837360532878724,2.174351300694324,-1.6022654788936768,-0.1434879155968454,-0.1242665388938497,1.2241438564120333,-0.9154123258550612,1.632662710543512,67
-0.6908914691761688,-0.1628224112960958,1.453567102199063,-0.1434879155968454,-0.1242665388938497,-0.4012416860546675,1.6642973081497967,0.285970759412303,67
-1.2971304802739094,0.8388234652712269,0.6896089569258781,-1.5755493330414962,1.3136126598306066,0.4114510851786828,1.6642973081497967,-1.060721191718906,66
1.474247856172905,-1.9991731850028545,-0.3521521502648286,-0.1434879155968454,1.3136126598306066,-1.213934457288018,-0.9154123258550612,-1.060721191718906,66
0.6081921260332754,-0.4967043701518701,-0.2827014097854482,-1.5755493330414962,-1.5621457376183063,0.4114510851786828,0.3744424911473677,-1.060721191718906,65
-1.730158345343724,0.8388234652712269,1.5924685831578238,1.2885735018478053,-1.5621457376183063,-0.4012416860546675,1.6642973081497967,0.285970759412303,67
1.387642283158942,-1.3314092672913058,0.6201582164464976,1.2885735018478053,1.3136126598306066,1.2241438564120333,1.6642973081497967,1.632662710543512,73
1.214431137131016,-0.329763390723983,-1.5328147384142965,-0.1434879155968454,-1.5621457376183063,1.2241438564120333,0.3744424911473677,-1.060721191718906,67
-0.6042858961622058,-0.329763390723983,0.8979611783640193,-0.1434879155968454,-1.5621457376183063,1.2241438564120333,0.3744424911473677,-1.060721191718906,65
-0.6042858961622058,-2.4999961232865155,0.9674119188433998,-1.5755493330414962,1.3136126598306066,-0.4012416860546675,-0.9154123258550612,0.285970759412303,62
0.8680088450751643,0.0041185681317912,0.4812567354877367,1.2885735018478053,1.3136126598306066,0.4114510851786828,-0.9154123258550612,1.632662710543512,70
0.1751642609634607,-0.4967043701518701,-1.1161102955380136,-0.1434879155968454,-0.1242665388938497,1.2241438564120333,0.3744424911473677,0.285970759412303,68
0.0885586879494977,0.8388234652712269,-1.1161102955380136,-0.1434879155968454,-1.5621457376183063,1.2241438564120333,0.3744424911473677,-1.060721191718906,68
0.9546144180891272,1.1727054241270012,-0.3521521502648286,1.2885735018478053,-1.5621457376183063,-0.4012416860546675,-0.9154123258550612,0.285970759412303,70
1.3010367101449791,1.5065873829827754,0.8979611783640193,-1.5755493330414962,-0.1242665388938497,-1.213934457288018,-0.9154123258550612,0.285970759412303,72
-0.0846524580784281,-0.1628224112960958,-0.6299551121823505,1.2885735018478053,-0.1242665388938497,1.2241438564120333,-0.9154123258550612,1.632662710543512,67
-1.4703416263018354,0.3380005269875655,1.6619193236372043,-0.1434879155968454,-0.1242665388938497,1.2241438564120333,-0.9154123258550612,0.285970759412303,65
0.0019531149355348,-2.6669371027144027,-1.6717162193730573,-0.1434879155968454,-1.5621457376183063,2.036836627645384,-0.9154123258550612,0.285970759412303,62
-0.4310747501342799,0.0041185681317912,0.4812567354877367,-0.1434879155968454,-0.1242665388938497,-1.213934457288018,0.3744424911473677,-1.060721191718906,66
1.6474590022008309,-0.1628224112960958,0.6201582164464976,-0.1434879155968454,1.3136126598306066,-1.213934457288018,-0.9154123258550612,1.632662710543512,73
-1.037313761232021,-0.8305863290076444,-0.5605043717029701,-0.1434879155968454,-0.1242665388938497,1.2241438564120333,1.6642973081497967,0.285970759412303,64
1.387642283158942,-0.8305863290076444,-1.1161102955380136,1.2885735018478053,-0.1242665388938497,0.4114510851786828,-0.9154123258550612,0.285970759412303,70
0.3483754069913866,-0.4967043701518701,0.9674119188433998,1.2885735018478053,-1.5621457376183063,0.4114510851786828,-0.9154123258550612,1.632662710543512,68
-0.5176803231482429,0.8388234652712269,1.314665621240302,1.2885735018478053,-1.5621457376183063,-1.213934457288018,-0.9154123258550612,-1.060721191718906,68
1.6474590022008309,1.3396464035548885,1.7313700641165848,-0.1434879155968454,-1.5621457376183063,-1.213934457288018,-0.9154123258550612,0.285970759412303,72
-0.6908914691761688,-1.3314092672913058,0.2729045140495953,-0.1434879155968454,-0.1242665388938497,-0.4012416860546675,0.3744424911473677,1.632662710543512,64
1.474247856172905,0.1710595475596783,-1.5328147384142965,-0.1434879155968454,-0.1242665388938497,-1.213934457288018,-0.9154123258550612,1.632662710543512,69
-1.3837360532878724,-0.8305863290076444,1.175764140281541,-0.1434879155968454,-0.1242665388938497,1.2241438564120333,0.3744424911473677,-1.060721191718906,63
-0.1712580310923911,1.005764444699114,-0.6994058526617309,-0.1434879155968454,1.3136126598306066,1.2241438564120333,0.3744424911473677,0.285970759412303,70
0.9546144180891272,2.341292280122211,1.3841163617196826,-0.1434879155968454,-1.5621457376183063,-0.4012416860546675,0.3744424911473677,0.285970759412303,70
-1.2971304802739094,0.0041185681317912,1.5230178426784435,1.2885735018478053,1.3136126598306066,-1.213934457288018,-0.9154123258550612,-1.060721191718906,65
-1.4703416263018354,1.5065873829827754,1.5230178426784435,-1.5755493330414962,-1.5621457376183063,1.2241438564120333,-0.9154123258550612,0.285970759412303,66
-1.037313761232021,0.0041185681317912,0.9674119188433998,-0.1434879155968454,-0.1242665388938497,-1.213934457288018,-0.9154123258550612,0.285970759412303,65
-0.4310747501342799,-1.1644682878634187,-1.6717162193730573,1.2885735018478053,1.3136126598306066,1.2241438564120333,-0.9154123258550612,0.285970759412303,65
-1.037313761232021,0.8388234652712269,-1.5328147384142965,-0.1434879155968454,-1.5621457376183063,0.4114510851786828,0.3744424911473677,0.285970759412303,64
0.8680088450751643,-0.9975273084355316,-1.7411669598524375,-0.1434879155968454,-1.5621457376183063,-1.213934457288018,0.3744424911473677,0.285970759412303,65
0.1751642609634607,1.1727054241270012,-1.6717162193730573,1.2885735018478053,-0.1242665388938497,-0.4012416860546675,-0.9154123258550612,-1.060721191718906,66
1.1278255641170531,1.005764444699114,-0.4216028907442091,-0.1434879155968454,-1.5621457376183063,0.4114510851786828,-0.9154123258550612,-1.060721191718906,70
0.0885586879494977,1.6735283624106625,-0.2132506693060677,1.2885735018478053,-0.1242665388938497,-1.213934457288018,-0.9154123258550612,-1.060721191718906,68
-1.1239193342459837,-0.4967043701518701,1.314665621240302,1.2885735018478053,1.3136126598306066,0.4114510851786828,-0.9154123258550612,-1.060721191718906,66
0.8680088450751643,0.0041185681317912,-0.0743491883473068,-0.1434879155968454,1.3136126598306066,-1.213934457288018,1.6642973081497967,1.632662710543512,68
0.7814032720612014,1.3396464035548885,-0.0048984478679264,-0.1434879155968454,-0.1242665388938497,-0.4012416860546675,-0.9154123258550612,-1.060721191718906,68
-1.730158345343724,-0.9975273084355316,-0.6994058526617309,-1.5755493330414962,-0.1242665388938497,-1.213934457288018,0.3744424911473677,1.632662710543512,60
0.3483754069913866,0.0041185681317912,1.453567102199063,-0.1434879155968454,-1.5621457376183063,-0.4012416860546675,-0.9154123258550612,-1.060721191718906,65
0.9546144180891272,1.1727054241270012,0.828510437884639,1.2885735018478053,-1.5621457376183063,-1.213934457288018,-0.9154123258550612,0.285970759412303,69
0.0019531149355348,-0.4967043701518701,1.175764140281541,-0.1434879155968454,-0.1242665388938497,-1.213934457288018,1.6642973081497967,-1.060721191718906,67
-1.037313761232021,0.6718824858433398,1.175764140281541,1.2885735018478053,-0.1242665388938497,-0.4012416860546675,-0.9154123258550612,-1.060721191718906,67
1.1278255641170531,0.0041185681317912,-1.046659555058633,-0.1434879155968454,1.3136126598306066,-1.213934457288018,-0.9154123258550612,-1.060721191718906,69
-1.1239193342459837,1.005764444699114,-1.2550117764967743,-0.1434879155968454,-1.5621457376183063,-1.213934457288018,0.3744424911473677,0.285970759412303,62
-0.6908914691761688,-0.8305863290076444,-0.4910536312235896,-0.1434879155968454,-0.1242665388938497,-1.213934457288018,-0.9154123258550612,0.285970759412303,64
0.1751642609634607,0.3380005269875655,-0.2827014097854482,-0.1434879155968454,1.3136126598306066,-0.4012416860546675,-0.9154123258550612,1.632662710543512,69
-0.7774970421901317,1.1727054241270012,-1.6717162193730573,-0.1434879155968454,-0.1242665388938497,1.2241438564120333,0.3744424911473677,1.632662710543512,66
0.5215865530193126,-0.8305863290076444,1.5230178426784435,1.2885735018478053,-0.1242665388938497,2.036836627645384,-0.9154123258550612,1.632662710543512,71
1.474247856172905,0.0041185681317912,-0.8383073336204918,1.2885735018478053,-0.1242665388938497,-1.213934457288018,0.3744424911473677,-1.060721191718906,69
1.474247856172905,-0.1628224112960958,1.314665621240302,-1.5755493330414962,-0.1242665388938497,0.4114510851786828,1.6642973081497967,1.632662710543512,72
1.3010367101449791,0.0041185681317912,-0.0743491883473068,-0.1434879155968454,-0.1242665388938497,-0.4012416860546675,-0.9154123258550612,1.632662710543512,70
1.6474590022008309,-0.6636453495797573,1.6619193236372043,-0.1434879155968454,-0.1242665388938497,-1.213934457288018,0.3744424911473677,-1.060721191718906,68
-0.4310747501342799,-0.8305863290076444,-0.6994058526617309,1.2885735018478053,-0.1242665388938497,-0.4012416860546675,1.6642973081497967,-1.060721191718906,66
-1.2971304802739094,-0.1628224112960958,-1.046659555058633,1.2885735018478053,-0.1242665388938497,-0.4012416860546675,1.6642973081497967,-1.060721191718906,63
1.214431137131016,-1.9991731850028545,0.9674119188433998,-1.5755493330414962,1.3136126598306066,-1.213934457288018,-0.9154123258550612,0.285970759412303,66
0.1751642609634607,-1.1644682878634187,-1.046659555058633,1.2885735018478053,-0.1242665388938497,-0.4012416860546675,0.3744424911473677,-1.060721191718906,64
-1.730158345343724,-0.8305863290076444,0.4118059950083562,-0.1434879155968454,-0.1242665388938497,2.036836627645384,-0.9154123258550612,-1.060721191718906,63
-0.9507081882180576,-0.1628224112960958,-0.9772088145792528,-0.1434879155968454,-0.1242665388938497,1.2241438564120333,-0.9154123258550612,1.632662710543512,66
-0.344469177120317,0.5049415064154527,0.2034537735702149,-0.1434879155968454,-1.5621457376183063,0.4114510851786828,-0.9154123258550612,1.632662710543512,66
-0.9507081882180576,-1.1644682878634187,-0.1437999288266873,1.2885735018478053,1.3136126598306066,-0.4012416860546675,-0.9154123258550612,0.285970759412303,62
1.387642283158942,-0.4967043701518701,-0.9772088145792528,1.2885735018478053,1.3136126598306066,-0.4012416860546675,0.3744424911473677,-1.060721191718906,69
0.6947976990472384,0.3380005269875655,-0.2132506693060677,-0.1434879155968454,-0.1242665388938497,2.036836627645384,1.6642973081497967,1.632662710543512,70
-1.1239193342459837,0.6718824858433398,0.7590596974052585,-1.5755493330414962,1.3136126598306066,3.6622221701120847,1.6642973081497967,-1.060721191718906,67
0.9546144180891272,-0.9975273084355316,-1.046659555058633,-0.1434879155968454,1.3136126598306066,-1.213934457288018,-0.9154123258550612,1.632662710543512,67
1.3010367101449791,0.1710595475596783,-0.3521521502648286,-0.1434879155968454,-1.5621457376183063,1.2241438564120333,-0.9154123258550612,1.632662710543512,71
1.0412199911030902,-1.3314092672913058,1.175764140281541,-0.1434879155968454,-0.1242665388938497,0.4114510851786828,-0.9154123258550612,0.285970759412303,67
1.214431137131016,-1.3314092672913058,1.1063133998021608,1.2885735018478053,-0.1242665388938497,1.2241438564120333,1.6642973081497967,0.285970759412303,71
-1.037313761232021,0.5049415064154527,-1.3939132574555355,-0.1434879155968454,1.3136126598306066,-0.4012416860546675,-0.9154123258550612,0.285970759412303,65
-1.6435527723297614,-1.498350246719193,0.4118059950083562,-1.5755493330414962,-0.1242665388938497,2.849529398878734,-0.9154123258550612,0.285970759412303,61
-1.2105249072599464,0.1710595475596783,-0.9772088145792528,-0.1434879155968454,1.3136126598306066,0.4114510851786828,0.3744424911473677,1.632662710543512,66
0.4349809800053495,0.8388234652712269,1.314665621240302,-1.5755493330414962,-0.1242665388938497,1.2241438564120333,-0.9154123258550612,0.285970759412303,71
-0.1712580310923911,0.5049415064154527,0.4118059950083562,1.2885735018478053,-1.5621457376183063,-1.213934457288018,-0.9154123258550612,-1.060721191718906,66
0.9546144180891272,0.1710595475596783,-0.6299551121823505,-0.1434879155968454,-0.1242665388938497,-1.213934457288018,0.3744424911473677,0.285970759412303,68
-1.5569471993157984,-2.1661141644307413,1.0368626593227803,1.2885735018478053,-1.5621457376183063,-0.4012416860546675,0.3744424911473677,0.285970759412303,60
-1.2971304802739094,0.0041185681317912,-0.0743491883473068,-1.5755493330414962,-0.1242665388938497,-1.213934457288018,0.3744424911473677,0.285970759412303,62
-1.1239193342459837,0.1710595475596783,0.8979611783640193,-0.1434879155968454,-0.1242665388938497,-0.4012416860546675,1.6642973081497967,-1.060721191718906,95
1.214431137131016,-0.6636453495797573,-1.324462516976155,-1.5755493330414962,-1.5621457376183063,0.4114510851786828,0.3744424911473677,-1.060721191718906,66
0.0019531149355348,0.1710595475596783,-1.6022654788936768,-1.5755493330414962,1.3136126598306066,-0.4012416860546675,-0.9154123258550612,-1.060721191718906,65
-0.9507081882180576,-0.4967043701518701,-0.3521521502648286,-0.1434879155968454,-0.1242665388938497,-1.213934457288018,0.3744424911473677,-1.060721191718906,61
-1.1239193342459837,-0.4967043701518701,-1.1161102955380136,-0.1434879155968454,-0.1242665388938497,-1.213934457288018,-0.9154123258550612,0.285970759412303,61
0.8680088450751643,-0.329763390723983,0.8979611783640193,-0.1434879155968454,-1.5621457376183063,-0.4012416860546675,-0.9154123258550612,0.285970759412303,65
1.3010367101449791,-0.6636453495797573,-0.6994058526617309,-0.1434879155968454,-1.5621457376183063,-1.213934457288018,0.3744424911473677,0.285970759412303,68
-0.5176803231482429,-0.6636453495797573,0.3423552545289758,-0.1434879155968454,1.3136126598306066,-1.213934457288018,1.6642973081497967,-1.060721191718906,66
-0.5176803231482429,0.5049415064154527,1.2452148807609216,1.2885735018478053,-0.1242665388938497,2.036836627645384,-0.9154123258550612,1.632662710543512,70
1.387642283158942,-1.8322322055749671,-0.8383073336204918,1.2885735018478053,-0.1242665388938497,-0.4012416860546675,-0.9154123258550612,1.632662710543512,67
0.9546144180891272,-1.9991731850028545,1.5924685831578238,-1.5755493330414962,1.3136126598306066,-0.4012416860546675,-0.9154123258550612,0.285970759412303,67
0.8680088450751643,0.1710595475596783,-1.3939132574555355,-1.5755493330414962,-0.1242665388938497,0.4114510851786828,0.3744424911473677,0.285970759412303,68
1.1278255641170531,1.8404693418385496,0.3423552545289758,-0.1434879155968454,1.3136126598306066,1.2241438564120333,-0.9154123258550612,0.285970759412303,74
1.6474590022008309,2.341292280122211,-1.5328147384142965,-0.1434879155968454,-0.1242665388938497,-1.213934457288018,0.3744424911473677,0.285970759412303,75
1.1278255641170531,0.5049415064154527,-1.5328147384142965,1.2885735018478053,1.3136126598306066,-0.4012416860546675,0.3744424911473677,-1.060721191718906,72
-0.0846524580784281,-0.9975273084355316,-1.1161102955380136,-0.1434879155968454,1.3136126598306066,2.849529398878734,1.6642973081497967,0.285970759412303,68
-0.0846524580784281,2.341292280122211,0.2729045140495953,-1.5755493330414962,1.3136126598306066,1.2241438564120333,-0.9154123258550612,0.285970759412303,70
-1.730158345343724,-0.8305863290076444,-0.6994058526617309,-1.5755493330414962,-0.1242665388938497,-0.4012416860546675,0.3744424911473677,0.285970759412303,60
0.6947976990472384,-0.329763390723983,0.6201582164464976,-1.5755493330414962,1.3136126598306066,-0.4012416860546675,1.6642973081497967,0.285970759412303,70
1.3010367101449791,0.8388234652712269,0.064552292611454,1.2885735018478053,-1.5621457376183063,-0.4012416860546675,-0.9154123258550612,-1.060721191718906,71
1.1278255641170531,1.8404693418385496,0.4812567354877367,-1.5755493330414962,-0.1242665388938497,0.4114510851786828,-0.9154123258550612,1.632662710543512,72
-1.037313761232021,-0.1628224112960958,-0.0048984478679264,-1.5755493330414962,-0.1242665388938497,-0.4012416860546675,1.6642973081497967,0.285970759412303,64
1.387642283158942,0.5049415064154527,-0.9077580740998724,-0.1434879155968454,-0.1242665388938497,-1.213934457288018,-0.9154123258550612,-1.060721191718906,69
0.4349809800053495,0.8388234652712269,0.064552292611454,-0.1434879155968454,-0.1242665388938497,0.4114510851786828,0.3744424911473677,1.632662710543512,71
0.6081921260332754,0.5049415064154527,1.2452148807609216,-1.5755493330414962,-0.1242665388938497,-0.4012416860546675,1.6642973081497967,1.632662710543512,72
0.5215865530193126,0.1710595475596783,0.7590596974052585,-0.1434879155968454,-0.1242665388938497,0.4114510851786828,1.6642973081497967,0.285970759412303,71
-1.4703416263018354,-0.1628224112960958,-1.3939132574555355,-0.1434879155968454,1.3136126598306066,-1.213934457288018,0.3744424911473677,0.285970759412303,63
-0.1712580310923911,1.3396464035548885,-0.1437999288266873,-0.1434879155968454,1.3136126598306066,0.4114510851786828,0.3744424911473677,0.285970759412303,70
-0.8641026152040947,1.005764444699114,-0.9077580740998724,1.2885735018478053,-0.1242665388938497,-1.213934457288018,0.3744424911473677,-1.060721191718906,66
0.6081921260332754,0.8388234652712269,-1.6717162193730573,-1.5755493330414962,1.3136126598306066,1.2241438564120333,1.6642973081497967,0.285970759412303,70
0.9546144180891272,0.1710595475596783,-0.6299551121823505,1.2885735018478053,-0.1242665388938497,1.2241438564120333,0.3744424911473677,-1.060721191718906,70
0.9546144180891272,-0.329763390723983,-1.6022654788936768,-0.1434879155968454,-0.1242665388938497,0.4114510851786828,-0.9154123258550612,0.285970759412303,66
0.6947976990472384,-0.8305863290076444,-0.5605043717029701,-0.1434879155968454,-1.5621457376183063,-0.4012416860546675,-0.9154123258550612,0.285970759412303,66
0.9546144180891272,0.1710595475596783,-0.2132506693060677,1.2885735018478053,-0.1242665388938497,1.2241438564120333,-0.9154123258550612,-1.060721191718906,69
-0.7774970421901317,1.1727054241270012,-0.4910536312235896,1.2885735018478053,-0.1242665388938497,-0.4012416860546675,-0.9154123258550612,-1.060721191718906,66
0.3483754069913866,-0.8305863290076444,-1.3939132574555355,1.2885735018478053,-0.1242665388938497,-0.4012416860546675,-0.9154123258550612,0.285970759412303,64
-1.037313761232021,0.6718824858433398,0.6201582164464976,-1.5755493330414962,1.3136126598306066,-0.4012416860546675,-0.9154123258550612,-1.060721191718906,66
0.3483754069913866,-1.1644682878634187,1.314665621240302,-0.1434879155968454,-0.1242665388938497,1.2241438564120333,-0.9154123258550612,0.285970759412303,66
0.9546144180891272,-0.8305863290076444,1.1063133998021608,-1.5755493330414962,-0.1242665388938497,-1.213934457288018,0.3744424911473677,0.285970759412303,67
-0.7774970421901317,-1.3314092672913058,1.7313700641165848,-1.5755493330414962,-0.1242665388938497,0.4114510851786828,0.3744424911473677,1.632662710543512,63
-0.257863604106354,1.8404693418385496,-1.5328147384142965,-1.5755493330414962,1.3136126598306066,-0.4012416860546675,-0.9154123258550612,0.285970759412303,68
-0.6042858961622058,0.0041185681317912,0.9674119188433998,-0.1434879155968454,1.3136126598306066,0.4114510851786828,-0.9154123258550612,0.285970759412303,68
-0.257863604106354,0.0041185681317912,1.3841163617196826,-1.5755493330414962,-0.1242665388938497,-1.213934457288018,-0.9154123258550612,0.285970759412303,66
0.6081921260332754,-0.4967043701518701,1.314665621240302,1.2885735018478053,1.3136126598306066,0.4114510851786828,-0.9154123258550612,-1.060721191718906,70
-1.2971304802739094,0.3380005269875655,0.4118059950083562,-0.1434879155968454,-0.1242665388938497,2.849529398878734,0.3744424911473677,0.285970759412303,68
0.7814032720612014,-0.329763390723983,-0.1437999288266873,-0.1434879155968454,1.3136126598306066,1.2241438564120333,0.3744424911473677,1.632662710543512,100
1.214431137131016,0.3380005269875655,0.3423552545289758,1.2885735018478053,-0.1242665388938497,-1.213934457288018,1.6642973081497967,1.632662710543512,72
-1.4703416263018354,1.005764444699114,-0.8383073336204918,1.2885735018478053,-0.1242665388938497,-0.4012416860546675,1.6642973081497967,1.632662710543512,67
0.0019531149355348,0.5049415064154527,-0.6299551121823505,-1.5755493330414962,-0.1242665388938497,-0.4012416860546675,0.3744424911473677,1.632662710543512,69
1.1278255641170531,-0.329763390723983,0.6896089569258781,1.2885735018478053,-0.1242665388938497,-1.213934457288018,-0.9154123258550612,-1.060721191718906,70
-1.2105249072599464,-1.1644682878634187,-0.6299551121823505,-0.1434879155968454,-0.1242665388938497,1.2241438564120333,0.3744424911473677,0.285970759412303,62
-1.2105249072599464,0.1710595475596783,-0.3521521502648286,-0.1434879155968454,-0.1242665388938497,-0.4012416860546675,-0.9154123258550612,-1.060721191718906,65
0.0019531149355348,0.8388234652712269,-1.2550117764967743,-0.1434879155968454,-0.1242665388938497,0.4114510851786828,-0.9154123258550612,-1.060721191718906,68
1.214431137131016,0.1710595475596783,-0.6994058526617309,-0.1434879155968454,-0.1242665388938497,2.849529398878734,-0.9154123258550612,1.632662710543512,71
-0.257863604106354,0.5049415064154527,0.2729045140495953,-0.1434879155968454,-0.1242665388938497,-1.213934457288018,-0.9154123258550612,-1.060721191718906,66
1.3010367101449791,-0.9975273084355316,0.8979611783640193,-0.1434879155968454,1.3136126598306066,0.4114510851786828,-0.9154123258550612,-1.060721191718906,68
0.4349809800053495,-0.1628224112960958,1.5924685831578238,-0.1434879155968454,-0.1242665388938497,0.4114510851786828,-0.9154123258550612,0.285970759412303,68
-0.5176803231482429,-0.329763390723983,-0.4216028907442091,-0.1434879155968454,1.3136126598306066,-1.213934457288018,-0.9154123258550612,-1.060721191718906,65
1.7340645752147938,1.005764444699114,-1.046659555058633,-0.1434879155968454,-1.5621457376183063,0.4114510851786828,-0.9154123258550612,0.285970759412303,72
-1.730158345343724,0.8388234652712269,-0.5605043717029701,1.2885735018478053,-0.1242665388938497,-0.4012416860546675,0.3744424911473677,0.285970759412303,66
-1.2105249072599464,1.3396464035548885,-1.6022654788936768,-0.1434879155968454,-0.1242665388938497,-1.213934457288018,-0.9154123258550612,-1.060721191718906,64
-0.5176803231482429,0.0041185681317912,0.9674119188433998,1.2885735018478053,-0.1242665388938497,-0.4012416860546675,0.3744424911473677,0.285970759412303,66
-0.4310747501342799,1.1727054241270012,0.7590596974052585,-0.1434879155968454,-1.5621457376183063,1.2241438564120333,1.6642973081497967,0.285970759412303,69
-1.037313761232021,-0.6636453495797573,1.175764140281541,-0.1434879155968454,-1.5621457376183063,-0.4012416860546675,0.3744424911473677,0.285970759412303,62
-0.6042858961622058,-1.1644682878634187,-1.046659555058633,1.2885735018478053,-0.1242665388938497,-1.213934457288018,0.3744424911473677,1.632662710543512,65
0.6081921260332754,0.8388234652712269,0.9674119188433998,1.2885735018478053,-1.5621457376183063,-0.4012416860546675,-0.9154123258550612,-1.060721191718906,69
1.6474590022008309,1.6735283624106625,-0.3521521502648286,-0.1434879155968454,-0.1242665388938497,0.4114510851786828,-0.9154123258550612,0.285970759412303,74
0.7814032720612014,-0.9975273084355316,-1.1161102955380136,1.2885735018478053,-1.5621457376183063,0.4114510851786828,1.6642973081497967,-1.060721191718906,66
-0.0846524580784281,0.3380005269875655,1.453567102199063,1.2885735018478053,-1.5621457376183063,-0.4012416860546675,0.3744424911473677,1.632662710543512,68
1.7340645752147938,-0.329763390723983,0.8979611783640193,-0.1434879155968454,-0.1242665388938497,0.4114510851786828,0.3744424911473677,0.285970759412303,71
0.0019531149355348,0.1710595475596783,-0.6994058526617309,1.2885735018478053,-0.1242665388938497,0.4114510851786828,1.6642973081497967,0.285970759412303,68
-1.2971304802739094,0.3380005269875655,1.1063133998021608,-1.5755493330414962,1.3136126598306066,0.4114510851786828,0.3744424911473677,1.632662710543512,65
0.8680088450751643,-0.329763390723983,-0.9077580740998724,-0.1434879155968454,-1.5621457376183063,1.2241438564120333,-0.9154123258550612,0.285970759412303,67
-0.9507081882180576,0.3380005269875655,0.7590596974052585,1.2885735018478053,1.3136126598306066,-0.4012416860546675,-0.9154123258550612,1.632662710543512,67
-1.037313761232021,2.508233259550098,-0.7688565931411113,1.2885735018478053,-1.5621457376183063,-1.213934457288018,-0.9154123258550612,1.632662710543512,67
0.9546144180891272,0.8388234652712269,1.453567102199063,-0.1434879155968454,-1.5621457376183063,1.2241438564120333,-0.9154123258550612,0.285970759412303,72
-1.5569471993157984,-1.8322322055749671,-1.185561036017394,1.2885735018478053,-1.5621457376183063,-1.213934457288018,0.3744424911473677,0.285970759412303,59
0.7814032720612014,-0.4967043701518701,-1.6022654788936768,-0.1434879155968454,1.3136126598306066,-1.213934457288018,0.3744424911473677,-1.060721191718906,67
-1.5569471993157984,-2.6669371027144027,0.2034537735702149,-0.1434879155968454,-0.1242665388938497,1.2241438564120333,-0.9154123258550612,1.632662710543512,58
-1.1239193342459837,0.5049415064154527,1.0368626593227803,1.2885735018478053,1.3136126598306066,0.4114510851786828,-0.9154123258550612,1.632662710543512,69
0.3483754069913866,1.3396464035548885,0.4118059950083562,-0.1434879155968454,-0.1242665388938497,-0.4012416860546675,0.3744424911473677,0.285970759412303,71
-0.9507081882180576,1.1727054241270012,0.3423552545289758,1.2885735018478053,1.3136126598306066,-0.4012416860546675,-0.9154123258550612,0.285970759412303,68
-0.7774970421901317,-0.9975273084355316,0.9674119188433998,1.2885735018478053,1.3136126598306066,-1.213934457288018,1.6642973081497967,0.285970759412303,66
0.1751642609634607,2.0074103212664367,0.8979611783640193,-0.1434879155968454,-1.5621457376183063,-1.213934457288018,0.3744424911473677,1.632662710543512,71
-1.3837360532878724,-2.1661141644307413,-0.3521521502648286,1.2885735018478053,-0.1242665388938497,2.036836627645384,-0.9154123258550612,-1.060721191718906,59
0.3483754069913866,2.0074103212664367,-0.4910536312235896,1.2885735018478053,-0.1242665388938497,-0.4012416860546675,-0.9154123258550612,-1.060721191718906,73
-0.0846524580784281,0.5049415064154527,0.4812567354877367,1.2885735018478053,1.3136126598306066,1.2241438564120333,1.6642973081497967,0.285970759412303,69
-0.6042858961622058,-1.9991731850028545,-1.046659555058633,-0.1434879155968454,-0.1242665388938497,-1.213934457288018,-0.9154123258550612,1.632662710543512,60
-0.5176803231482429,-1.1644682878634187,0.8979611783640193,1.2885735018478053,1.3136126598306066,1.2241438564120333,0.3744424911473677,-1.060721191718906,66
-0.8641026152040947,0.1710595475596783,0.5507074759671171,-0.1434879155968454,-0.1242665388938497,-0.4012416860546675,-0.9154123258550612,0.285970759412303,65
1.560853429186868,-2.3330551438586284,-0.0048984478679264,-1.5755493330414962,-0.1242665388938497,-0.4012416860546675,1.6642973081497967,1.632662710543512,64
1.1278255641170531,0.0041185681317912,-0.4216028907442091,-1.5755493330414962,-1.5621457376183063,0.4114510851786828,-0.9154123258550612,-1.060721191718906,67
0.6947976990472384,0.5049415064154527,-0.6299551121823505,-0.1434879155968454,-0.1242665388938497,0.4114510851786828,0.3744424911473677,0.285970759412303,69
1.387642283158942,-0.4967043701518701,0.6201582164464976,-0.1434879155968454,1.3136126598306066,0.4114510851786828,0.3744424911473677,-1.060721191718906,72
-1.2971304802739094,-1.9991731850028545,-0.0743491883473068,-0.1434879155968454,-0.1242665388938497,-0.4012416860546675,-0.9154123258550612,0.285970759412303,61
0.0885586879494977,-0.9975273084355316,0.2034537735702149,1.2885735018478053,1.3136126598306066,-1.213934457288018,0.3744424911473677,0.285970759412303,68
-1.5569471993157984,0.5049415064154527,1.175764140281541,-0.1434879155968454,1.3136126598306066,-1.213934457288018,0.3744424911473677,1.632662710543512,65
-0.9507081882180576,0.0041185681317912,1.5230178426784435,1.2885735018478053,-0.1242665388938497,1.2241438564120333,0.3744424911473677,0.285970759412303,68
1.3010367101449791,-1.1644682878634187,0.5507074759671171,-0.1434879155968454,-0.1242665388938497,-0.4012416860546675,0.3744424911473677,-1.060721191718906,67
1.474247856172905,-0.4967043701518701,1.0368626593227803,1.2885735018478053,-1.5621457376183063,0.4114510851786828,-0.9154123258550612,0.285970759412303,69
1.214431137131016,-0.4967043701518701,1.5924685831578238,-1.5755493330414962,-0.1242665388938497,-0.4012416860546675,-0.9154123258550612,0.285970759412303,68
-0.0846524580784281,0.3380005269875655,1.314665621240302,-0.1434879155968454,-0.1242665388938497,-0.4012416860546675,-0.9154123258550612,0.285970759412303,68
0.4349809800053495,-1.1644682878634187,-0.1437999288266873,1.2885735018478053,-1.5621457376183063,1.2241438564120333,1.6642973081497967,0.285970759412303,68
-0.5176803231482429,0.5049415064154527,0.8979611783640193,1.2885735018478053,-0.1242665388938497,-1.213934457288018,-0.9154123258550612,0.285970759412303,66
0.2617698339774236,0.6718824858433398,-0.6299551121823505,-0.1434879155968454,1.3136126598306066,0.4114510851786828,1.6642973081497967,0.285970759412303,70
0.0885586879494977,1.3396464035548885,-0.6994058526617309,-1.5755493330414962,-0.1242665388938497,-0.4012416860546675,-0.9154123258550612,-1.060721191718906,67
-0.9507081882180576,-1.66529122614708,1.5230178426784435,-0.1434879155968454,-1.5621457376183063,-0.4012416860546675,-0.9154123258550612,0.285970759412303,61
1.3010367101449791,-1.1644682878634187,-0.4216028907442091,-0.1434879155968454,-0.1242665388938497,-0.4012416860546675,1.6642973081497967,-1.060721191718906,66
-0.6908914691761688,0.3380005269875655,0.3423552545289758,-1.5755493330414962,-1.5621457376183063,0.4114510851786828,0.3744424911473677,-1.060721191718906,65
1.560853429186868,1.005764444699114,-0.4910536312235896,-0.1434879155968454,-0.1242665388938497,2.036836627645384,-0.9154123258550612,-1.060721191718906,73
-1.037313761232021,0.6718824858433398,1.453567102199063,-0.1434879155968454,-0.1242665388938497,-0.4012416860546675,-0.9154123258550612,-1.060721191718906,67
0.0885586879494977,1.3396464035548885,-1.3939132574555355,-0.1434879155968454,-0.1242665388938497,0.4114510851786828,-0.9154123258550612,0.285970759412303,68
-0.4310747501342799,-2.4999961232865155,0.6201582164464976,-1.5755493330414962,-0.1242665388938497,-1.213934457288018,1.6642973081497967,1.632662710543512,62
1.0412199911030902,1.1727054241270012,1.7313700641165848,-1.5755493330414962,-0.1242665388938497,0.4114510851786828,1.6642973081497967,0.285970759412303,73
1.387642283158942,0.8388234652712269,-0.4216028907442091,1.2885735018478053,-1.5621457376183063,1.2241438564120333,1.6642973081497967,1.632662710543512,74
0.6947976990472384,0.3380005269875655,-1.046659555058633,-0.1434879155968454,-0.1242665388938497,-0.4012416860546675,-0.9154123258550612,-1.060721191718906,67
0.8680088450751643,2.174351300694324,0.1340030330908344,-0.1434879155968454,-1.5621457376183063,1.2241438564120333,1.6642973081497967,0.285970759412303,73
1.0412199911030902,-0.329763390723983,-0.4910536312235896,-0.1434879155968454,-0.1242665388938497,0.4114510851786828,-0.9154123258550612,1.632662710543512,70
0.3483754069913866,-0.9975273084355316,-1.6717162193730573,-0.1434879155968454,1.3136126598306066,2.036836627645384,-0.9154123258550612,1.632662710543512,67
1.7340645752147938,-1.66529122614708,1.2452148807609216,-0.1434879155968454,-1.5621457376183063,0.4114510851786828,-0.9154123258550612,0.285970759412303,65
-1.6435527723297614,-0.8305863290076444,-1.6022654788936768,-1.5755493330414962,1.3136126598306066,-0.4012416860546675,-0.9154123258550612,0.285970759412303,60
-1.037313761232021,1.1727054241270012,1.3841163617196826,-0.1434879155968454,-0.1242665388938497,-1.213934457288018,-0.9154123258550612,0.285970759412303,67
0.6947976990472384,0.1710595475596783,1.2452148807609216,1.2885735018478053,-0.1242665388938497,2.036836627645384,-0.9154123258550612,-1.060721191718906,72
0.5215865530193126,0.0041185681317912,0.9674119188433998,-0.1434879155968454,-0.1242665388938497,-0.4012416860546675,1.6642973081497967,-1.060721191718906,69
-1.1239193342459837,0.6718824858433398,0.2034537735702149,-0.1434879155968454,1.3136126598306066,-0.4012416860546675,-0.9154123258550612,-1.060721191718906,67
0.7814032720612014,-1.3314092672913058,-1.1161102955380136,-1.5755493330414962,1.3136126598306066,0.4114510851786828,-0.9154123258550612,-1.060721191718906,65
-1.2971304802739094,-0.329763390723983,-1.046659555058633,1.2885735018478053,-0.1242665388938497,-1.213934457288018,-0.9154123258550612,0.285970759412303,62
-0.344469177120317,1.005764444699114,-0.5605043717029701,-0.1434879155968454,-0.1242665388938497,-0.4012416860546675,-0.9154123258550612,-1.060721191718906,67
0.6081921260332754,2.341292280122211,-0.4216028907442091,-1.5755493330414962,-0.1242665388938497,1.2241438564120333,0.3744424911473677,-1.060721191718906,72
-0.344469177120317,-0.8305863290076444,0.064552292611454,1.2885735018478053,1.3136126598306066,-0.4012416860546675,1.6642973081497967,0.285970759412303,67
-0.6908914691761688,1.1727054241270012,1.2452148807609216,1.2885735018478053,-0.1242665388938497,-0.4012416860546675,0.3744424911473677,1.632662710543512,70
1.0412199911030902,-2.1661141644307413,-1.6717162193730573,-0.1434879155968454,-1.5621457376183063,-1.213934457288018,-0.9154123258550612,1.632662710543512,63
-0.9507081882180576,-1.8322322055749671,0.4812567354877367,-0.1434879155968454,1.3136126598306066,-0.4012416860546675,-0.9154123258550612,1.632662710543512,65
-0.257863604106354,-0.4967043701518701,-0.5605043717029701,-0.1434879155968454,-0.1242665388938497,-0.4012416860546675,0.3744424911473677,-1.060721191718906,64
-1.2971304802739094,-0.4967043701518701,-0.0048984478679264,1.2885735018478053,-1.5621457376183063,0.4114510851786828,-0.9154123258550612,-1.060721191718906,63
-1.3837360532878724,-0.8305863290076444,0.4812567354877367,-0.1434879155968454,-0.1242665388938497,-1.213934457288018,-0.9154123258550612,-1.060721191718906,61
1.474247856172905,2.341292280122211,-1.046659555058633,-0.1434879155968454,-0.1242665388938497,0.4114510851786828,-0.9154123258550612,0.285970759412303,74
-1.2971304802739094,0.5049415064154527,-1.2550117764967743,1.2885735018478053,1.3136126598306066,-0.4012416860546675,-0.9154123258550612,1.632662710543512,65
0.7814032720612014,-0.8305863290076444,-1.324462516976155,-0.1434879155968454,-0.1242665388938497,0.4114510851786828,0.3744424911473677,0.285970759412303,67
-1.2971304802739094,0.5049415064154527,-1.185561036017394,1.2885735018478053,-0.1242665388938497,-0.4012416860546675,0.3744424911473677,-1.060721191718906,63
1.0412199911030902,-0.329763390723983,0.8979611783640193,-0.1434879155968454,-0.1242665388938497,1.2241438564120333,-0.9154123258550612,1.632662710543512,69
-0.7774970421901317,-1.498350246719193,-1.3939132574555355,-0.1434879155968454,-1.5621457376183063,-0.4012416860546675,0.3744424911473677,-1.060721191718906,87
0.3483754069913866,-0.1628224112960958,1.0368626593227803,-0.1434879155968454,-1.5621457376183063,0.4114510851786828,1.6642973081497967,-1.060721191718906,67
1.560853429186868,2.0074103212664367,0.9674119188433998,1.2885735018478053,-1.5621457376183063,0.4114510851786828,0.3744424911473677,1.632662710543512,76
-1.037313761232021,-0.329763390723983,0.064552292611454,-0.1434879155968454,-0.1242665388938497,0.4114510851786828,1.6642973081497967,1.632662710543512,66
-1.3837360532878724,1.8404693418385496,1.2452148807609216,1.2885735018478053,-0.1242665388938497,-0.4012416860546675,-0.9154123258550612,-1.060721191718906,69
1.387642283158942,-2.1661141644307413,-0.4910536312235896,-0.1434879155968454,1.3136126598306066,0.4114510851786828,-0.9154123258550612,-1.060721191718906,67
1.7340645752147938,-1.3314092672913058,-0.6994058526617309,-0.1434879155968454,-1.5621457376183063,-0.4012416860546675,-0.9154123258550612,-1.060721191718906,67
-0.344469177120317,0.5049415064154527,1.5924685831578238,-0.1434879155968454,-1.5621457376183063,-0.4012416860546675,0.3744424911473677,-1.060721191718906,67
-1.4703416263018354,1.6735283624106625,1.453567102199063,1.2885735018478053,-0.1242665388938497,2.036836627645384,1.6642973081497967,-1.060721191718906,71
0.1751642609634607,3.0090561978337598,1.5230178426784435,-1.5755493330414962,-0.1242665388938497,0.4114510851786828,0.3744424911473677,-1.060721191718906,72
-0.9507081882180576,-1.1644682878634187,-0.3521521502648286,-1.5755493330414962,-0.1242665388938497,-1.213934457288018,0.3744424911473677,0.285970759412303,61
-0.344469177120317,1.8404693418385496,0.5507074759671171,-0.1434879155968454,-0.1242665388938497,0.4114510851786828,-0.9154123258550612,1.632662710543512,70
-0.344469177120317,1.1727054241270012,-1.3939132574555355,1.2885735018478053,1.3136126598306066,1.2241438564120333,-0.9154123258550612,-1.060721191718906,69
-0.344469177120317,-0.9975273084355316,0.6896089569258781,-0.1434879155968454,-0.1242665388938497,1.2241438564120333,0.3744424911473677,-1.060721191718906,66
1.474247856172905,0.0041185681317912,1.2452148807609216,-1.5755493330414962,1.3136126598306066,-0.4012416860546675,0.3744424911473677,1.632662710543512,71
1.560853429186868,0.3380005269875655,-0.1437999288266873,-1.5755493330414962,-0.1242665388938497,-0.4012416860546675,0.3744424911473677,-1.060721191718906,68
0.9546144180891272,1.1727054241270012,-0.5605043717029701,1.2885735018478053,-1.5621457376183063,-0.4012416860546675,-0.9154123258550612,1.632662710543512,71
0.2617698339774236,0.1710595475596783,-0.0048984478679264,-1.5755493330414962,-0.1242665388938497,-0.4012416860546675,0.3744424911473677,0.285970759412303,66
-0.344469177120317,0.8388234652712269,0.8979611783640193,-1.5755493330414962,-0.1242665388938497,-0.4012416860546675,0.3744424911473677,0.285970759412303,66
0.6947976990472384,-0.8305863290076444,-1.2550117764967743,-0.1434879155968454,-0.1242665388938497,-0.4012416860546675,-0.9154123258550612,1.632662710543512,66
0.0019531149355348,-0.9975273084355316,0.4118059950083562,-0.1434879155968454,1.3136126598306066,-0.4012416860546675,1.6642973081497967,-1.060721191718906,67
-0.0846524580784281,1.5065873829827754,0.9674119188433998,1.2885735018478053,-0.1242665388938497,-1.213934457288018,1.6642973081497967,1.632662710543512,72
0.1751642609634607,-0.4967043701518701,0.8979611783640193,-1.5755493330414962,-0.1242665388938497,0.4114510851786828,1.6642973081497967,-1.060721191718906,65
0.7814032720612014,0.3380005269875655,-1.1161102955380136,1.2885735018478053,-0.1242665388938497,2.849529398878734,-0.9154123258550612,0.285970759412303,71
1.6474590022008309,0.1710595475596783,-1.4633639979349158,-0.1434879155968454,-0.1242665388938497,-0.4012416860546675,0.3744424911473677,-1.060721191718906,70
0.1751642609634607,-0.6636453495797573,-1.1161102955380136,-0.1434879155968454,-0.1242665388938497,-0.4012416860546675,-0.9154123258550612,0.285970759412303,65
1.3010367101449791,2.0074103212664367,-1.185561036017394,1.2885735018478053,-0.1242665388938497,0.4114510851786828,-0.9154123258550612,0.285970759412303,75
-0.9507081882180576,-0.1628224112960958,-0.2132506693060677,1.2885735018478053,-0.1242665388938497,-0.4012416860546675,0.3744424911473677,-1.060721191718906,64
0.9546144180891272,-0.1628224112960958,-0.0743491883473068,-1.5755493330414962,-0.1242665388938497,2.036836627645384,1.6642973081497967,0.285970759412303,69
-0.9507081882180576,-0.1628224112960958,-0.2132506693060677,-1.5755493330414962,-0.1242665388938497,-0.4012416860546675,-0.9154123258550612,-1.060721191718906,61
-0.6042858961622058,0.8388234652712269,-1.5328147384142965,1.2885735018478053,-0.1242665388938497,-1.213934457288018,1.6642973081497967,-1.060721191718906,66
1.214431137131016,-0.329763390723983,-1.324462516976155,-0.1434879155968454,1.3136126598306066,-0.4012416860546675,1.6642973081497967,-1.060721191718906,69
0.6947976990472384,0.3380005269875655,0.2034537735702149,1.2885735018478053,1.3136126598306066,-1.213934457288018,-0.9154123258550612,0.285970759412303,71
1.1278255641170531,0.6718824858433398,-0.9077580740998724,1.2885735018478053,-0.1242665388938497,-0.4012416860546675,0.3744424911473677,-1.060721191718906,70
-1.730158345343724,-0.9975273084355316,0.9674119188433998,-1.5755493330414962,-0.1242665388938497,0.4114510851786828,-0.9154123258550612,0.285970759412303,60
-1.037313761232021,1.005764444699114,-0.3521521502648286,-1.5755493330414962,1.3136126598306066,-0.4012416860546675,0.3744424911473677,-1.060721191718906,67
-0.0846524580784281,0.1710595475596783,-0.1437999288266873,-1.5755493330414962,-0.1242665388938497,-0.4012416860546675,-0.9154123258550612,-1.060721191718906,64
0.8680088450751643,-2.1661141644307413,1.2452148807609216,-0.1434879155968454,-1.5621457376183063,2.036836627645384,0.3744424911473677,0.285970759412303,66
0.2617698339774236,1.005764444699114,1.5230178426784435,-0.1434879155968454,-0.1242665388938497,0.4114510851786828,0.3744424911473677,-1.060721191718906,70
1.560853429186868,-0.6636453495797573,0.6896089569258781,-0.1434879155968454,-0.1242665388938497,-1.213934457288018,0.3744424911473677,-1.060721191718906,69
0.5215865530193126,0.6718824858433398,1.5924685831578238,-1.5755493330414962,-1.5621457376183063,0.4114510851786828,1.6642973081497967,1.632662710543512,71
-0.257863604106354,-0.4967043701518701,-1.1161102955380136,-0.1434879155968454,-1.5621457376183063,0.4114510851786828,-0.9154123258550612,0.285970759412303,65
-1.730158345343724,0.6718824858433398,-0.1437999288266873,1.2885735018478053,1.3136126598306066,-0.4012416860546675,1.6642973081497967,-1.060721191718906,66
-0.344469177120317,-0.1628224112960958,0.2034537735702149,-1.5755493330414962,1.3136126598306066,-0.4012416860546675,1.6642973081497967,-1.060721191718906,65
1.6474590022008309,-0.6636453495797573,0.5507074759671171,-0.1434879155968454,-1.5621457376183063,-1.213934457288018,1.6642973081497967,-1.060721191718906,69
0.3483754069913866,-0.9975273084355316,-0.3521521502648286,1.2885735018478053,-0.1242665388938497,0.4114510851786828,0.3744424911473677,1.632662710543512,69
-0.8641026152040947,-0.1628224112960958,0.7590596974052585,-1.5755493330414962,-0.1242665388938497,0.4114510851786828,-0.9154123258550612,1.632662710543512,63
-1.4703416263018354,1.1727054241270012,1.5924685831578238,-0.1434879155968454,1.3136126598306066,-0.4012416860546675,-0.9154123258550612,-1.060721191718906,67
-1.4703416263018354,0.1710595475596783,-0.8383073336204918,-0.1434879155968454,1.3136126598306066,0.4114510851786828,-0.9154123258550612,0.285970759412303,63
-0.0846524580784281,-0.6636453495797573,-0.0743491883473068,-0.1434879155968454,1.3136126598306066,1.2241438564120333,1.6642973081497967,0.285970759412303,68
-0.0846524580784281,-0.6636453495797573,0.2729045140495953,-0.1434879155968454,1.3136126598306066,0.4114510851786828,-0.9154123258550612,1.632662710543512,68
1.1278255641170531,-2.3330551438586284,-1.6022654788936768,-0.1434879155968454,-0.1242665388938497,-1.213934457288018,0.3744424911473677,0.285970759412303,64
-0.1712580310923911,0.5049415064154527,-1.4633639979349158,-0.1434879155968454,-0.1242665388938497,-1.213934457288018,1.6642973081497967,-1.060721191718906,67
0.0019531149355348,0.6718824858433398,1.6619193236372043,1.2885735018478053,-0.1242665388938497,0.4114510851786828,-0.9154123258550612,0.285970759412303,69
-1.2971304802739094,-0.9975273084355316,-0.4216028907442091,1.2885735018478053,-0.1242665388938497,2.036836627645384,0.3744424911473677,0.285970759412303,64
-0.344469177120317,1.1727054241270012,-0.5605043717029701,1.2885735018478053,1.3136126598306066,-0.4012416860546675,-0.9154123258550612,-1.060721191718906,68
0.9546144180891272,0.1710595475596783,0.2034537735702149,-0.1434879155968454,-0.1242665388938497,0.4114510851786828,-0.9154123258550612,-1.060721191718906,70
-0.0846524580784281,-1.3314092672913058,-0.4216028907442091,-0.1434879155968454,-1.5621457376183063,0.4114510851786828,1.6642973081497967,-1.060721191718906,65
1.1278255641170531,1.3396464035548885,0.2729045140495953,-0.1434879155968454,-0.1242665388938497,-1.213934457288018,1.6642973081497967,0.285970759412303,74
-1.1239193342459837,0.6718824858433398,0.7590596974052585,1.2885735018478053,1.3136126598306066,0.4114510851786828,0.3744424911473677,0.285970759412303,68
1.560853429186868,0.3380005269875655,1.5230178426784435,-0.1434879155968454,-0.1242665388938497,-0.4012416860546675,1.6642973081497967,1.632662710543512,72
1.1278255641170531,0.1710595475596783,-0.5605043717029701,1.2885735018478053,-0.1242665388938497,-0.4012416860546675,1.6642973081497967,0.285970759412303,73
-0.4310747501342799,-1.1644682878634187,0.064552292611454,1.2885735018478053,-0.1242665388938497,-0.4012416860546675,0.3744424911473677,0.285970759412303,64
-1.1239193342459837,-1.66529122614708,-0.6994058526617309,-0.1434879155968454,-0.1242665388938497,1.2241438564120333,-0.9154123258550612,0.285970759412303,61
-1.4703416263018354,-0.6636453495797573,0.4812567354877367,-0.1434879155968454,-0.1242665388938497,-1.213934457288018,-0.9154123258550612,1.632662710543512,63
-1.5569471993157984,-0.329763390723983,0.064552292611454,-0.1434879155968454,1.3136126598306066,0.4114510851786828,0.3744424911473677,0.285970759412303,63
1.6474590022008309,0.3380005269875655,1.175764140281541,-1.5755493330414962,-0.1242665388938497,1.2241438564120333,1.6642973081497967,0.285970759412303,72
-0.7774970421901317,-0.4967043701518701,0.6896089569258781,1.2885735018478053,-0.1242665388938497,0.4114510851786828,0.3744424911473677,-1.060721191718906,65
0.5215865530193126,0.0041185681317912,-0.1437999288266873,1.2885735018478053,1.3136126598306066,1.2241438564120333,-0.9154123258550612,-1.060721191718906,69
-0.4310747501342799,-1.3314092672913058,-1.4633639979349158,1.2885735018478053,-0.1242665388938497,-0.4012416860546675,-0.9154123258550612,0.285970759412303,62
-0.9507081882180576,1.3396464035548885,-0.9772088145792528,-1.5755493330414962,1.3136126598306066,0.4114510851786828,-0.9154123258550612,0.285970759412303,65
-0.1712580310923911,-1.8322322055749671,1.5924685831578238,-0.1434879155968454,-0.1242665388938497,1.2241438564120333,-0.9154123258550612,-1.060721191718906,64
-0.344469177120317,0.6718824858433398,-0.4216028907442091,-1.5755493330414962,1.3136126598306066,1.2241438564120333,-0.9154123258550612,-1.060721191718906,65
-0.344469177120317,-0.4967043701518701,1.314665621240302,-0.1434879155968454,1.3136126598306066,1.2241438564120333,-0.9154123258550612,0.285970759412303,68
0.0885586879494977,1.3396464035548885,1.453567102199063,1.2885735018478053,-0.1242665388938497,-1.213934457288018,-0.9154123258550612,0.285970759412303,70
-1.3837360532878724,-0.329763390723983,0.3423552545289758,-0.1434879155968454,-0.1242665388938497,-0.4012416860546675,-0.9154123258550612,0.285970759412303,63
-1.4703416263018354,-1.498350246719193,1.7313700641165848,-0.1434879155968454,-0.1242665388938497,-1.213934457288018,-0.9154123258550612,0.285970759412303,61
1.387642283158942,0.8388234652712269,-0.4216028907442091,1.2885735018478053,-0.1242665388938497,-1.213934457288018,-0.9154123258550612,-1.060721191718906,71
1.214431137131016,0.5049415064154527,1.7313700641165848,1.2885735018478053,-0.1242665388938497,0.4114510851786828,1.6642973081497967,0.285970759412303,73
-1.037313761232021,0.0041185681317912,0.6896089569258781,-0.1434879155968454,1.3136126598306066,-0.4012416860546675,0.3744424911473677,0.285970759412303,65
-0.8641026152040947,0.1710595475596783,-0.1437999288266873,-1.5755493330414962,-1.5621457376183063,-1.213934457288018,0.3744424911473677,1.632662710543512,63
0.2617698339774236,-0.1628224112960958,1.0368626593227803,-0.1434879155968454,1.3136126598306066,1.2241438564120333,0.3744424911473677,-1.060721191718906,69
1.560853429186868,-0.6636453495797573,1.7313700641165848,-1.5755493330414962,-0.1242665388938497,0.4114510851786828,0.3744424911473677,-1.060721191718906,69
-0.9507081882180576,-0.329763390723983,1.7313700641165848,-0.1434879155968454,1.3136126598306066,1.2241438564120333,-0.9154123258550612,0.285970759412303,67
-1.6435527723297614,-0.329763390723983,-0.2827014097854482,-1.5755493330414962,1.3136126598306066,1.2241438564120333,0.3744424911473677,1.632662710543512,64
-1.5569471993157984,-1.1644682878634187,-1.324462516976155,-0.1434879155968454,-0.1242665388938497,-0.4012416860546675,-0.9154123258550612,-1.060721191718906,60
0.9546144180891272,0.6718824858433398,1.2452148807609216,-0.1434879155968454,1.3136126598306066,-1.213934457288018,-0.9154123258550612,0.285970759412303,71
0.5215865530193126,-0.4967043701518701,-1.3939132574555355,-1.5755493330414962,1.3136126598306066,0.4114510851786828,0.3744424911473677,1.632662710543512,66
0.7814032720612014,-0.1628224112960958,-0.2827014097854482,-0.1434879155968454,-1.5621457376183063,0.4114510851786828,-0.9154123258550612,-1.060721191718906,68
-0.6042858961622058,0.0041185681317912,-0.3521521502648286,1.2885735018478053,1.3136126598306066,-0.4012416860546675,-0.9154123258550612,-1.060721191718906,66
-1.1239193342459837,-0.8305863290076444,0.7590596974052585,-0.1434879155968454,-0.1242665388938497,-0.4012416860546675,1.6642973081497967,1.632662710543512,66
1.0412199911030902,-0.1628224112960958,0.9674119188433998,-0.1434879155968454,-0.1242665388938497,-1.213934457288018,1.6642973081497967,-1.060721191718906,69
0.9546144180891272,0.6718824858433398,-1.3939132574555355,-0.1434879155968454,-0.1242665388938497,-1.213934457288018,0.3744424911473677,0.285970759412303,67
-0.6042858961622058,1.3396464035548885,-0.1437999288266873,-0.1434879155968454,-1.5621457376183063,0.4114510851786828,1.6642973081497967,1.632662710543512,70
0.9546144180891272,0.6718824858433398,0.064552292611454,1.2885735018478053,1.3136126598306066,-1.213934457288018,-0.9154123258550612,0.285970759412303,72
1.387642283158942,0.6718824858433398,-0.4216028907442091,1.2885735018478053,-0.1242665388938497,-0.4012416860546675,-0.9154123258550612,-1.060721191718906,72
1.214431137131016,1.6735283624106625,0.8979611783640193,-0.1434879155968454,-1.5621457376183063,0.4114510851786828,0.3744424911473677,-1.060721191718906,72
0.5215865530193126,0.3380005269875655,-1.3939132574555355,-0.1434879155968454,1.3136126598306066,2.849529398878734,1.6642973081497967,1.632662710543512,71
1.1278255641170531,2.341292280122211,1.1063133998021608,-0.1434879155968454,-1.5621457376183063,0.4114510851786828,0.3744424911473677,1.632662710543512,73
-1.3837360532878724,1.1727054241270012,-1.6717162193730573,-0.1434879155968454,-0.1242665388938497,-0.4012416860546675,-0.9154123258550612,-1.060721191718906,64
1.6474590022008309,-1.498350246719193,-1.6022654788936768,-0.1434879155968454,1.3136126598306066,-1.213934457288018,0.3744424911473677,1.632662710543512,69
0.0019531149355348,1.6735283624106625,0.3423552545289758,1.2885735018478053,1.3136126598306066,-1.213934457288018,1.6642973081497967,-1.060721191718906,72
-0.1712580310923911,0.3380005269875655,1.1063133998021608,-0.1434879155968454,-0.1242665388938497,-1.213934457288018,1.6642973081497967,0.285970759412303,68
1.214431137131016,-0.329763390723983,0.2729045140495953,-1.5755493330414962,1.3136126598306066,0.4114510851786828,-0.9154123258550612,1.632662710543512,70
-0.7774970421901317,-0.1628224112960958,-1.2550117764967743,-0.1434879155968454,-0.1242665388938497,0.4114510851786828,-0.9154123258550612,0.285970759412303,65
-1.6435527723297614,1.8404693418385496,0.6201582164464976,-0.1434879155968454,1.3136126598306066,0.4114510851786828,-0.9154123258550612,0.285970759412303,68
0.2617698339774236,0.1710595475596783,-0.7688565931411113,1.2885735018478053,1.3136126598306066,0.4114510851786828,-0.9154123258550612,0.285970759412303,68
0.4349809800053495,-0.4967043701518701,-0.6299551121823505,-0.1434879155968454,1.3136126598306066,-0.4012416860546675,1.6642973081497967,1.632662710543512,67
0.0019531149355348,0.1710595475596783,0.2034537735702149,-1.5755493330414962,-0.1242665388938497,-1.213934457288018,1.6642973081497967,0.285970759412303,66
1.474247856172905,0.6718824858433398,-1.6717162193730573,-0.1434879155968454,1.3136126598306066,1.2241438564120333,1.6642973081497967,-1.060721191718906,73
-1.5569471993157984,0.6718824858433398,-1.7411669598524375,-1.5755493330414962,-0.1242665388938497,-0.4012416860546675,1.6642973081497967,1.632662710543512,64
1.214431137131016,0.3380005269875655,0.4118059950083562,1.2885735018478053,-1.5621457376183063,0.4114510851786828,-0.9154123258550612,0.285970759412303,71
0.7814032720612014,-0.1628224112960958,-1.3939132574555355,-0.1434879155968454,-0.1242665388938497,-0.4012416860546675,1.6642973081497967,-1.060721191718906,67
-1.4703416263018354,-2.1661141644307413,1.5230178426784435,-0.1434879155968454,-1.5621457376183063,-0.4012416860546675,-0.9154123258550612,-1.060721191718906,59
0.8680088450751643,0.3380005269875655,-0.2132506693060677,-1.5755493330414962,-0.1242665388938497,-1.213934457288018,0.3744424911473677,-1.060721191718906,68
-0.344469177120317,-1.66529122614708,0.3423552545289758,-0.1434879155968454,-0.1242665388938497,-0.4012416860546675,1.6642973081497967,-1.060721191718906,65
-1.1239193342459837,0.0041185681317912,0.064552292611454,-0.1434879155968454,-1.5621457376183063,-1.213934457288018,-0.9154123258550612,0.285970759412303,63
0.0019531149355348,-0.6636453495797573,1.5924685831578238,-0.1434879155968454,1.3136126598306066,0.4114510851786828,1.6642973081497967,0.285970759412303,71
-0.0846524580784281,0.5049415064154527,1.5924685831578238,-1.5755493330414962,1.3136126598306066,-1.213934457288018,0.3744424911473677,0.285970759412303,69
1.474247856172905,-1.8322322055749671,-1.2550117764967743,-0.1434879155968454,-1.5621457376183063,2.036836627645384,-0.9154123258550612,0.285970759412303,67
-1.4703416263018354,0.0041185681317912,1.314665621240302,-0.1434879155968454,-0.1242665388938497,0.4114510851786828,-0.9154123258550612,0.285970759412303,63
-0.6042858961622058,-0.1628224112960958,1.314665621240302,-0.1434879155968454,-0.1242665388938497,-0.4012416860546675,0.3744424911473677,1.632662710543512,67
-1.3837360532878724,-0.9975273084355316,1.0368626593227803,1.2885735018478053,1.3136126598306066,-1.213934457288018,-0.9154123258550612,-1.060721191718906,63
-0.1712580310923911,-1.1644682878634187,0.4812567354877367,1.2885735018478053,-0.1242665388938497,-1.213934457288018,0.3744424911473677,-1.060721191718906,65
1.0412199911030902,-1.3314092672913058,1.0368626593227803,-0.1434879155968454,1.3136126598306066,0.4114510851786828,-0.9154123258550612,0.285970759412303,69
-0.344469177120317,0.0041185681317912,1.3841163617196826,-0.1434879155968454,-1.5621457376183063,2.036836627645384,-0.9154123258550612,-1.060721191718906,68
1.0412199911030902,0.0041185681317912,0.3423552545289758,1.2885735018478053,-0.1242665388938497,-1.213934457288018,0.3744424911473677,0.285970759412303,71
0.7814032720612014,0.8388234652712269,0.4118059950083562,-0.1434879155968454,-0.1242665388938497,1.2241438564120333,0.3744424911473677,0.285970759412303,71
0.4349809800053495,-0.4967043701518701,-0.4216028907442091,1.2885735018478053,1.3136126598306066,2.036836627645384,-0.9154123258550612,-1.060721191718906,70
0.7814032720612014,0.0041185681317912,-0.5605043717029701,1.2885735018478053,-0.1242665388938497,0.4114510851786828,0.3744424911473677,-1.060721191718906,69
-1.037313761232021,-0.8305863290076444,-1.3939132574555355,1.2885735018478053,-0.1242665388938497,-1.213934457288018,-0.9154123258550612,1.632662710543512,62
-1.6435527723297614,-1.1644682878634187,-0.4910536312235896,-1.5755493330414962,1.3136126598306066,-0.4012416860546675,-0.9154123258550612,0.285970759412303,58
1.7340645752147938,0.1710595475596783,1.175764140281541,-0.1434879155968454,-0.1242665388938497,1.2241438564120333,1.6642973081497967,-1.060721191718906,71
-0.257863604106354,-0.329763390723983,-1.3939132574555355,1.2885735018478053,-0.1242665388938497,1.2241438564120333,-0.9154123258550612,1.632662710543512,66
1.3010367101449791,1.8404693418385496,1.6619193236372043,-0.1434879155968454,-0.1242665388938497,-0.4012416860546675,-0.9154123258550612,0.285970759412303,74
1.0412199911030902,-1.3314092672913058,0.2034537735702149,-1.5755493330414962,-1.5621457376183063,1.2241438564120333,0.3744424911473677,0.285970759412303,67
1.560853429186868,1.1727054241270012,-1.185561036017394,1.2885735018478053,1.3136126598306066,-0.4012416860546675,1.6642973081497967,1.632662710543512,74
-1.3837360532878724,1.1727054241270012,-0.3521521502648286,-0.1434879155968454,-1.5621457376183063,-1.213934457288018,-0.9154123258550612,-1.060721191718906,65
1.387642283158942,0.1710595475596783,0.2034537735702149,1.2885735018478053,-1.5621457376183063,0.4114510851786828,-0.9154123258550612,0.285970759412303,71
1.387642283158942,-0.8305863290076444,0.4812567354877367,1.2885735018478053,1.3136126598306066,0.4114510851786828,-0.9154123258550612,-1.060721191718906,70
-0.5176803231482429,0.1710595475596783,0.1340030330908344,1.2885735018478053,-0.1242665388938497,-1.213934457288018,0.3744424911473677,0.285970759412303,66
-0.7774970421901317,0.5049415064154527,-0.8383073336204918,-0.1434879155968454,-0.1242665388938497,-0.4012416860546675,0.3744424911473677,-1.060721191718906,66
0.5215865530193126,-0.329763390723983,-1.5328147384142965,-0.1434879155968454,1.3136126598306066,2.849529398878734,-0.9154123258550612,-1.060721191718906,68
0.7814032720612014,0.0041185681317912,0.6201582164464976,1.2885735018478053,-0.1242665388938497,2.849529398878734,1.6642973081497967,1.632662710543512,72
-0.0846524580784281,0.1710595475596783,0.3423552545289758,-0.1434879155968454,-1.5621457376183063,-0.4012416860546675,0.3744424911473677,-1.060721191718906,67
0.1751642609634607,-0.4967043701518701,0.6201582164464976,-1.5755493330414962,-0.1242665388938497,0.4114510851786828,-0.9154123258550612,-1.060721191718906,65
1.0412199911030902,-0.4967043701518701,-0.6299551121823505,-0.1434879155968454,-0.1242665388938497,0.4114510851786828,-0.9154123258550612,-1.060721191718906,66
0.8680088450751643,-0.1628224112960958,1.0368626593227803,1.2885735018478053,-0.1242665388938497,-1.213934457288018,0.3744424911473677,-1.060721191718906,94
1.387642283158942,-0.1628224112960958,-1.4633639979349158,-0.1434879155968454,-0.1242665388938497,-0.4012416860546675,0.3744424911473677,-1.060721191718906,69
-0.1712580310923911,-0.329763390723983,0.1340030330908344,-1.5755493330414962,-1.5621457376183063,0.4114510851786828,0.3744424911473677,0.285970759412303,66
-0.344469177120317,-1.66529122614708,0.064552292611454,-1.5755493330414962,-0.1242665388938497,-0.4012416860546675,1.6642973081497967,1.632662710543512,80
-1.1239193342459837,0.0041185681317912,-1.5328147384142965,1.2885735018478053,-0.1242665388938497,-0.4012416860546675,1.6642973081497967,-1.060721191718906,65
1.3010367101449791,-0.9975273084355316,-1.2550117764967743,-0.1434879155968454,1.3136126598306066,0.4114510851786828,0.3744424911473677,-1.060721191718906,68
-0.7774970421901317,0.6718824858433398,0.4118059950083562,-0.1434879155968454,-0.1242665388938497,-1.213934457288018,-0.9154123258550612,-1.060721191718906,66
-1.730158345343724,1.5065873829827754,-0.8383073336204918,1.2885735018478053,-1.5621457376183063,-1.213934457288018,1.6642973081497967,-1.060721191718906,64
-1.4703416263018354,-0.329763390723983,-1.3939132574555355,1.2885735018478053,1.3136126598306066,0.4114510851786828,1.6642973081497967,1.632662710543512,66
-1.5569471993157984,-0.6636453495797573,1.0368626593227803,-0.1434879155968454,-1.5621457376183063,0.4114510851786828,1.6642973081497967,1.632662710543512,62
-1.5569471993157984,0.1710595475596783,-0.1437999288266873,1.2885735018478053,1.3136126598306066,0.4114510851786828,0.3744424911473677,1.632662710543512,66
-0.4310747501342799,-0.4967043701518701,-1.5328147384142965,1.2885735018478053,-1.5621457376183063,-0.4012416860546675,0.3744424911473677,-1.060721191718906,65
0.4349809800053495,0.6718824858433398,1.3841163617196826,-0.1434879155968454,-0.1242665388938497,0.4114510851786828,-0.9154123258550612,0.285970759412303,70
-0.5176803231482429,-0.6636453495797573,1.0368626593227803,1.2885735018478053,1.3136126598306066,-0.4012416860546675,-0.9154123258550612,-1.060721191718906,66
1.474247856172905,1.6735283624106625,-0.3521521502648286,1.2885735018478053,1.3136126598306066,-1.213934457288018,1.6642973081497967,1.632662710543512,76
1.387642283158942,0.6718824858433398,0.1340030330908344,-0.1434879155968454,-0.1242665388938497,-1.213934457288018,-0.9154123258550612,-1.060721191718906,67
-0.257863604106354,-1.8322322055749671,0.3423552545289758,-1.5755493330414962,-1.5621457376183063,1.2241438564120333,-0.9154123258550612,0.285970759412303,61
1.0412199911030902,0.8388234652712269,-0.2132506693060677,1.2885735018478053,-1.5621457376183063,-0.4012416860546675,-0.9154123258550612,0.285970759412303,71
-0.7774970421901317,0.6718824858433398,-1.6022654788936768,-0.1434879155968454,-1.5621457376183063,0.4114510851786828,0.3744424911473677,0.285970759412303,63
-1.1239193342459837,-1.3314092672913058,-1.2550117764967743,-0.1434879155968454,1.3136126598306066,-1.213934457288018,0.3744424911473677,-1.060721191718906,61
1.3010367101449791,-0.4967043701518701,-1.4633639979349158,-0.1434879155968454,1.3136126598306066,0.4114510851786828,0.3744424911473677,1.632662710543512,69
-0.0846524580784281,-1.498350246719193,-0.2827014097854482,-0.1434879155968454,-0.1242665388938497,-0.4012416860546675,0.3744424911473677,0.285970759412303,63
0.6947976990472384,0.8388234652712269,1.5924685831578238,-0.1434879155968454,-1.5621457376183063,-0.4012416860546675,1.6642973081497967,-1.060721191718906,69
0.1751642609634607,-0.1628224112960958,1.0368626593227803,-0.1434879155968454,-0.1242665388938497,-0.4012416860546675,0.3744424911473677,1.632662710543512,68
1.6474590022008309,0.8388234652712269,-1.2550117764967743,-0.1434879155968454,-1.5621457376183063,-0.4012416860546675,1.6642973081497967,0.285970759412303,70
-0.6042858961622058,-1.66529122614708,1.2452148807609216,-0.1434879155968454,-0.1242665388938497,1.2241438564120333,0.3744424911473677,-1.060721191718906,64
-1.2105249072599464,0.0041185681317912,1.1063133998021608,1.2885735018478053,-0.1242665388938497,-1.213934457288018,-0.9154123258550612,0.285970759412303,65
-1.1239193342459837,0.3380005269875655,-1.185561036017394,-0.1434879155968454,-0.1242665388938497,-0.4012416860546675,1.6642973081497967,-1.060721191718906,64
-0.8641026152040947,0.8388234652712269,-1.6022654788936768,-0.1434879155968454,-0.1242665388938497,-0.4012416860546675,1.6642973081497967,0.285970759412303,66
-0.5176803231482429,-0.1628224112960958,0.7590596974052585,-0.1434879155968454,-0.1242665388938497,-0.4012416860546675,1.6642973081497967,1.632662710543512,68
-1.1239193342459837,-1.8322322055749671,-1.4633639979349158,1.2885735018478053,-0.1242665388938497,1.2241438564120333,0.3744424911473677,0.285970759412303,63
0.0019531149355348,1.1727054241270012,1.314665621240302,-1.5755493330414962,-1.5621457376183063,1.2241438564120333,-0.9154123258550612,1.632662710543512,69
-0.8641026152040947,2.174351300694324,0.4812567354877367,-0.1434879155968454,-0.1242665388938497,-0.4012416860546675,0.3744424911473677,-1.060721191718906,69
1.1278255641170531,0.6718824858433398,-1.6717162193730573,-0.1434879155968454,1.3136126598306066,2.036836627645384,-0.9154123258550612,0.285970759412303,72
-0.5176803231482429,-0.329763390723983,-0.5605043717029701,-1.5755493330414962,-0.1242665388938497,0.4114510851786828,-0.9154123258550612,-1.060721191718906,64
-0.5176803231482429,-0.8305863290076444,1.175764140281541,-0.1434879155968454,-0.1242665388938497,-0.4012416860546675,1.6642973081497967,0.285970759412303,66
0.7814032720612014,0.0041185681317912,-0.3521521502648286,-0.1434879155968454,1.3136126598306066,-0.4012416860546675,-0.9154123258550612,-1.060721191718906,68
-0.5176803231482429,-1.3314092672913058,1.5924685831578238,-0.1434879155968454,-0.1242665388938497,0.4114510851786828,0.3744424911473677,-1.060721191718906,65
0.4349809800053495,0.8388234652712269,-1.185561036017394,-0.1434879155968454,-0.1242665388938497,0.4114510851786828,0.3744424911473677,0.285970759412303,70
0.6081921260332754,1.005764444699114,0.4812567354877367,-0.1434879155968454,-0.1242665388938497,-0.4012416860546675,1.6642973081497967,-1.060721191718906,71
0.3483754069913866,-0.4967043701518701,0.6896089569258781,1.2885735018478053,-1.5621457376183063,-1.213934457288018,0.3744424911473677,0.285970759412303,67
0.2617698339774236,0.8388234652712269,0.5507074759671171,-0.1434879155968454,-0.1242665388938497,0.4114510851786828,-0.9154123258550612,-1.060721191718906,67
-1.6435527723297614,1.1727054241270012,-0.3521521502648286,-0.1434879155968454,-0.1242665388938497,0.4114510851786828,0.3744424911473677,-1.060721191718906,64
1.387642283158942,-1.8322322055749671,-0.0048984478679264,-1.5755493330414962,-0.1242665388938497,-0.4012416860546675,-0.9154123258550612,-1.060721191718906,65
-1.1239193342459837,-0.4967043701518701,0.6201582164464976,-0.1434879155968454,-0.1242665388938497,-0.4012416860546675,1.6642973081497967,1.632662710543512,66
-1.1239193342459837,0.1710595475596783,0.064552292611454,-0.1434879155968454,1.3136126598306066,-0.4012416860546675,-0.9154123258550612,0.285970759412303,65
1.474247856172905,-0.1628224112960958,0.2034537735702149,1.2885735018478053,-1.5621457376183063,-1.213934457288018,-0.9154123258550612,0.285970759412303,68
-0.6908914691761688,-0.4967043701518701,-0.9772088145792528,-0.1434879155968454,-0.1242665388938497,-0.4012416860546675,1.6642973081497967,0.285970759412303,64
0.4349809800053495,-0.329763390723983,-1.2550117764967743,-0.1434879155968454,-0.1242665388938497,0.4114510851786828,1.6642973081497967,0.285970759412303,67
0.8680088450751643,-0.1628224112960958,0.6896089569258781,1.2885735018478053,1.3136126598306066,0.4114510851786828,0.3744424911473677,0.285970759412303,72
0.0885586879494977,1.6735283624106625,0.064552292611454,1.2885735018478053,-0.1242665388938497,-1.213934457288018,1.6642973081497967,1.632662710543512,72
-0.1712580310923911,-0.1628224112960958,0.2034537735702149,1.2885735018478053,-1.5621457376183063,0.4114510851786828,0.3744424911473677,-1.060721191718906,67
1.6474590022008309,-1.1644682878634187,-0.0048984478679264,-0.1434879155968454,1.3136126598306066,-0.4012416860546675,0.3744424911473677,0.285970759412303,68
1.214431137131016,-0.329763390723983,-1.6717162193730573,-0.1434879155968454,-0.1242665388938497,-1.213934457288018,0.3744424911473677,1.632662710543512,67
1.7340645752147938,0.5049415064154527,-0.6994058526617309,-0.1434879155968454,-0.1242665388938497,-0.4012416860546675,-0.9154123258550612,0.285970759412303,70
-0.6908914691761688,0.3380005269875655,-0.7688565931411113,-0.1434879155968454,1.3136126598306066,-0.4012416860546675,0.3744424911473677,0.285970759412303,66
0.0885586879494977,-0.9975273084355316,0.6896089569258781,-0.1434879155968454,1.3136126598306066,1.2241438564120333,1.6642973081497967,0.285970759412303,69
-0.1712580310923911,-0.329763390723983,1.453567102199063,-0.1434879155968454,-1.5621457376183063,2.036836627645384,0.3744424911473677,1.632662710543512,68
0.0019531149355348,0.6718824858433398,-1.046659555058633,-0.1434879155968454,-0.1242665388938497,-0.4012416860546675,-0.9154123258550612,1.632662710543512,68
-0.8641026152040947,-1.3314092672913058,-1.5328147384142965,1.2885735018478053,-1.5621457376183063,0.4114510851786828,-0.9154123258550612,-1.060721191718906,60
0.0885586879494977,1.8404693418385496,-0.3521521502648286,-0.1434879155968454,-0.1242665388938497,-0.4012416860546675,1.6642973081497967,-1.060721191718906,70
-0.7774970421901317,-1.8322322055749671,0.9674119188433998,1.2885735018478053,-1.5621457376183063,-1.213934457288018,-0.9154123258550612,-1.060721191718906,61
-0.5176803231482429,1.005764444699114,0.9674119188433998,-1.5755493330414962,-1.5621457376183063,1.2241438564120333,-0.9154123258550612,1.632662710543512,66
1.474247856172905,-0.329763390723983,-0.3521521502648286,-0.1434879155968454,-1.5621457376183063,-1.213934457288018,-0.9154123258550612,1.632662710543512,66
0.6081921260332754,-0.4967043701518701,1.1063133998021608,-0.1434879155968454,-0.1242665388938497,1.2241438564120333,0.3744424911473677,-1.060721191718906,70
-1.6435527723297614,2.0074103212664367,0.3423552545289758,1.2885735018478053,1.3136126598306066,-1.213934457288018,0.3744424911473677,-1.060721191718906,68
0.1751642609634607,-0.1628224112960958,0.4812567354877367,-0.1434879155968454,1.3136126598306066,0.4114510851786828,1.6642973081497967,-1.060721191718906,68
1.474247856172905,-1.3314092672913058,-1.2550117764967743,1.2885735018478053,-0.1242665388938497,-1.213934457288018,0.3744424911473677,-1.060721191718906,67
1.0412199911030902,0.8388234652712269,-0.0743491883473068,-0.1434879155968454,-0.1242665388938497,1.2241438564120333,-0.9154123258550612,-1.060721191718906,71
1.214431137131016,0.6718824858433398,-1.046659555058633,-0.1434879155968454,-1.5621457376183063,-1.213934457288018,-0.9154123258550612,0.285970759412303,68
-0.6042858961622058,0.8388234652712269,0.3423552545289758,-0.1434879155968454,1.3136126598306066,1.2241438564120333,-0.9154123258550612,1.632662710543512,69
0.1751642609634607,-0.1628224112960958,-1.185561036017394,-0.1434879155968454,1.3136126598306066,0.4114510851786828,0.3744424911473677,0.285970759412303,68
-0.257863604106354,0.5049415064154527,-0.4910536312235896,-0.1434879155968454,1.3136126598306066,-1.213934457288018,-0.9154123258550612,1.632662710543512,67
-0.8641026152040947,-2.1661141644307413,-1.6717162193730573,-0.1434879155968454,-0.1242665388938497,-1.213934457288018,-0.9154123258550612,1.632662710543512,59
0.2617698339774236,-0.8305863290076444,-0.0048984478679264,-1.5755493330414962,-1.5621457376183063,-0.4012416860546675,-0.9154123258550612,0.285970759412303,63
0.4349809800053495,0.3380005269875655,-0.6299551121823505,-0.1434879155968454,1.3136126598306066,-1.213934457288018,0.3744424911473677,-1.060721191718906,68
0.2617698339774236,0.3380005269875655,-1.5328147384142965,1.2885735018478053,-1.5621457376183063,-1.213934457288018,1.6642973081497967,-1.060721191718906,65
1.6474590022008309,0.0041185681317912,0.064552292611454,-1.5755493330414962,1.3136126598306066,0.4114510851786828,0.3744424911473677,-1.060721191718906,71
0.5215865530193126,-2.1661141644307413,-0.4910536312235896,-0.1434879155968454,1.3136126598306066,2.849529398878734,1.6642973081497967,-1.060721191718906,67
1.560853429186868,-0.4967043701518701,0.8979611783640193,-0.1434879155968454,1.3136126598306066,0.4114510851786828,-0.9154123258550612,-1.060721191718906,70
1.474247856172905,0.5049415064154527,-1.3939132574555355,1.2885735018478053,-1.5621457376183063,-1.213934457288018,-0.9154123258550612,0.285970759412303,69
-0.257863604106354,-1.66529122614708,-0.7688565931411113,1.2885735018478053,-1.5621457376183063,-0.4012416860546675,0.3744424911473677,-1.060721191718906,62
0.3483754069913866,1.5065873829827754,-1.324462516976155,-0.1434879155968454,1.3136126598306066,1.2241438564120333,1.6642973081497967,-1.060721191718906,72
0.6081921260332754,1.005764444699114,0.4118059950083562,-0.1434879155968454,-0.1242665388938497,-0.4012416860546675,-0.9154123258550612,1.632662710543512,70
1.7340645752147938,-0.329763390723983,-0.6299551121823505,-1.5755493330414962,-0.1242665388938497,1.2241438564120333,0.3744424911473677,-1.060721191718906,69
1.6474590022008309,0.0041185681317912,-0.7688565931411113,-1.5755493330414962,-0.1242665388938497,-0.4012416860546675,-0.9154123258550612,1.632662710543512,69
-1.730158345343724,0.3380005269875655,0.9674119188433998,-0.1434879155968454,1.3136126598306066,0.4114510851786828,0.3744424911473677,0.285970759412303,66
-1.6435527723297614,-0.4967043701518701,-0.4216028907442091,-0.1434879155968454,1.3136126598306066,-0.4012416860546675,-0.9154123258550612,0.285970759412303,64
0.4349809800053495,1.6735283624106625,0.5507074759671171,-0.1434879155968454,-1.5621457376183063,0.4114510851786828,0.3744424911473677,0.285970759412303,71
-0.5176803231482429,0.6718824858433398,1.3841163617196826,1.2885735018478053,1.3136126598306066,-0.4012416860546675,1.6642973081497967,1.632662710543512,71
0.1751642609634607,0.8388234652712269,-1.4633639979349158,1.2885735018478053,-0.1242665388938497,-1.213934457288018,-0.9154123258550612,0.285970759412303,67
0.7814032720612014,1.005764444699114,-0.6299551121823505,-0.1434879155968454,1.3136126598306066,-1.213934457288018,0.3744424911473677,-1.060721191718906,70
-0.4310747501342799,2.0074103212664367,1.1063133998021608,1.2885735018478053,-1.5621457376183063,-0.4012416860546675,0.3744424911473677,1.632662710543512,70
-1.3837360532878724,-0.329763390723983,-0.4216028907442091,1.2885735018478053,1.3136126598306066,1.2241438564120333,0.3744424911473677,1.632662710543512,66
1.474247856172905,0.5049415064154527,0.6201582164464976,1.2885735018478053,-0.1242665388938497,-0.4012416860546675,-0.9154123258550612,1.632662710543512,71
1.3010367101449791,0.5049415064154527,1.175764140281541,-1.5755493330414962,1.3136126598306066,-0.4012416860546675,-0.9154123258550612,-1.060721191718906,71
-0.257863604106354,-1.66529122614708,0.6201582164464976,1.2885735018478053,1.3136126598306066,0.4114510851786828,-0.9154123258550612,-1.060721191718906,64
0.6947976990472384,0.6718824858433398,-1.185561036017394,-0.1434879155968454,-1.5621457376183063,-0.4012416860546675,-0.9154123258550612,-1.060721191718906,67
-1.1239193342459837,1.6735283624106625,0.3423552545289758,1.2885735018478053,-0.1242665388938497,-1.213934457288018,0.3744424911473677,-1.060721191718906,68
-1.1239193342459837,-0.4967043701518701,1.5230178426784435,-0.1434879155968454,-0.1242665388938497,-0.4012416860546675,1.6642973081497967,0.285970759412303,64
1.387642283158942,-0.1628224112960958,0.2034537735702149,-0.1434879155968454,-1.5621457376183063,-0.4012416860546675,-0.9154123258550612,-1.060721191718906,67
-1.4703416263018354,0.0041185681317912,-0.2132506693060677,-0.1434879155968454,-0.1242665388938497,1.2241438564120333,1.6642973081497967,-1.060721191718906,63
-0.6908914691761688,-0.6636453495797573,0.064552292611454,-0.1434879155968454,1.3136126598306066,3.6622221701120847,-0.9154123258550612,-1.060721191718906,67
1.6474590022008309,0.5049415064154527,0.3423552545289758,-0.1434879155968454,-0.1242665388938497,1.2241438564120333,-0.9154123258550612,-1.060721191718906,71
1.387642283158942,1.5065873829827754,0.6896089569258781,-0.1434879155968454,1.3136126598306066,1.2241438564120333,1.6642973081497967,1.632662710543512,76
0.3483754069913866,-1.498350246719193,0.4118059950083562,-0.1434879155968454,1.3136126598306066,-0.4012416860546675,-0.9154123258550612,-1.060721191718906,64
-0.344469177120317,1.5065873829827754,1.453567102199063,-0.1434879155968454,-0.1242665388938497,0.4114510851786828,1.6642973081497967,-1.060721191718906,94
0.0885586879494977,-0.6636453495797573,-1.4633639979349158,1.2885735018478053,-0.1242665388938497,1.2241438564120333,1.6642973081497967,0.285970759412303,67
1.6474590022008309,0.5049415064154527,0.9674119188433998,1.2885735018478053,-0.1242665388938497,-0.4012416860546675,-0.9154123258550612,0.285970759412303,73
-1.5569471993157984,-1.1644682878634187,0.7590596974052585,-1.5755493330414962,-0.1242665388938497,0.4114510851786828,-0.9154123258550612,-1.060721191718906,61
-0.0846524580784281,-1.8322322055749671,1.0368626593227803,-1.5755493330414962,-0.1242665388938497,-0.4012416860546675,-0.9154123258550612,1.632662710543512,63
0.3483754069913866,-0.329763390723983,1.314665621240302,1.2885735018478053,1.3136126598306066,1.2241438564120333,-0.9154123258550612,1.632662710543512,71
0.0019531149355348,0.1710595475596783,0.6896089569258781,1.2885735018478053,1.3136126598306066,-0.4012416860546675,0.3744424911473677,1.632662710543512,70
1.560853429186868,0.3380005269875655,0.2729045140495953,1.2885735018478053,-0.1242665388938497,0.4114510851786828,-0.9154123258550612,1.632662710543512,72
-0.6908914691761688,1.6735283624106625,-0.8383073336204918,1.2885735018478053,1.3136126598306066,-0.4012416860546675,1.6642973081497967,-1.060721191718906,70
1.214431137131016,-0.4967043701518701,-0.0048984478679264,-0.1434879155968454,-0.1242665388938497,-0.4012416860546675,1.6642973081497967,-1.060721191718906,70
-1.6435527723297614,0.6718824858433398,-1.4633639979349158,-0.1434879155968454,-0.1242665388938497,-0.4012416860546675,0.3744424911473677,-1.060721191718906,61
-1.1239193342459837,1.1727054241270012,-0.2827014097854482,-0.1434879155968454,1.3136126598306066,-0.4012416860546675,-0.9154123258550612,-1.060721191718906,67
-0.9507081882180576,0.6718824858433398,-1.3939132574555355,1.2885735018478053,-0.1242665388938497,1.2241438564120333,-0.9154123258550612,0.285970759412303,67
-0.9507081882180576,-1.498350246719193,1.2452148807609216,-0.1434879155968454,-0.1242665388938497,-1.213934457288018,0.3744424911473677,0.285970759412303,63
1.387642283158942,1.005764444699114,0.5507074759671171,-0.1434879155968454,1.3136126598306066,-1.213934457288018,-0.9154123258550612,0.285970759412303,72
1.474247856172905,-1.498350246719193,-1.046659555058633,-0.1434879155968454,-1.5621457376183063,0.4114510851786828,0.3744424911473677,-1.060721191718906,66
1.3010367101449791,-0.8305863290076444,-1.324462516976155,-0.1434879155968454,-0.1242665388938497,1.2241438564120333,-0.9154123258550612,-1.060721191718906,67
1.1278255641170531,0.1710595475596783,-0.3521521502648286,-0.1434879155968454,-1.5621457376183063,-1.213934457288018,1.6642973081497967,0.285970759412303,68
1.3010367101449791,-0.6636453495797573,-0.8383073336204918,1.2885735018478053,1.3136126598306066,-1.213934457288018,-0.9154123258550612,0.285970759412303,68
-1.1239193342459837,-0.6636453495797573,-1.324462516976155,-0.1434879155968454,-0.1242665388938497,-0.4012416860546675,0.3744424911473677,-1.060721191718906,61
0.3483754069913866,-0.329763390723983,1.5924685831578238,1.2885735018478053,-1.5621457376183063,1.2241438564120333,-0.9154123258550612,0.285970759412303,69
0.4349809800053495,0.1710595475596783,-0.9772088145792528,-0.1434879155968454,1.3136126598306066,0.4114510851786828,-0.9154123258550612,0.285970759412303,68
-1.037313761232021,0.5049415064154527,-0.2827014097854482,1.2885735018478053,-0.1242665388938497,1.2241438564120333,-0.9154123258550612,0.285970759412303,68
0.0019531149355348,0.5049415064154527,0.2729045140495953,-0.1434879155968454,1.3136126598306066,-0.4012416860546675,1.6642973081497967,0.285970759412303,69
1.474247856172905,-0.8305863290076444,-0.8383073336204918,-0.1434879155968454,1.3136126598306066,0.4114510851786828,-0.9154123258550612,0.285970759412303,69
0.8680088450751643,0.0041185681317912,1.5230178426784435,-1.5755493330414962,-0.1242665388938497,0.4114510851786828,0.3744424911473677,1.632662710543512,71
-0.6042858961622058,0.8388234652712269,-0.1437999288266873,-1.5755493330414962,-0.1242665388938497,-0.4012416860546675,-0.9154123258550612,0.285970759412303,66
-0.6908914691761688,1.005764444699114,-0.2132506693060677,-1.5755493330414962,-0.1242665388938497,0.4114510851786828,-0.9154123258550612,0.285970759412303,65
-0.1712580310923911,-1.9991731850028545,0.6201582164464976,-0.1434879155968454,1.3136126598306066,-1.213934457288018,0.3744424911473677,0.285970759412303,65
1.474247856172905,-0.1628224112960958,-1.046659555058633,-0.1434879155968454,1.3136126598306066,1.2241438564120333,1.6642973081497967,0.285970759412303,72
0.6081921260332754,-0.4967043701518701,-0.4910536312235896,1.2885735018478053,1.3136126598306066,-0.4012416860546675,-0.9154123258550612,0.285970759412303,70
0.3483754069913866,1.1727054241270012,-0.4910536312235896,1.2885735018478053,1.3136126598306066,1.2241438564120333,1.6642973081497967,-1.060721191718906,72
0.0885586879494977,0.1710595475596783,1.314665621240302,-0.1434879155968454,1.3136126598306066,1.2241438564120333,1.6642973081497967,0.285970759412303,70
-1.6435527723297614,-1.9991731850028545,0.2034537735702149,-1.5755493330414962,-0.1242665388938497,-1.213934457288018,-0.9154123258550612,0.285970759412303,59
-1.5569471993157984,1.005764444699114,-0.4216028907442091,-0.1434879155968454,-0.1242665388938497,0.4114510851786828,0.3744424911473677,0.285970759412303,66
-0.257863604106354,0.6718824858433398,0.3423552545289758,1.2885735018478053,-0.1242665388938497,-0.4012416860546675,-0.9154123258550612,-1.060721191718906,68
0.8680088450751643,0.3380005269875655,-0.0048984478679264,1.2885735018478053,1.3136126598306066,-0.4012416860546675,0.3744424911473677,-1.060721191718906,70
-1.2971304802739094,-1.8322322055749671,0.8979611783640193,-0.1434879155968454,-0.1242665388938497,-0.4012416860546675,0.3744424911473677,-1.060721191718906,61
0.6947976990472384,1.8404693418385496,0.5507074759671171,1.2885735018478053,-0.1242665388938497,-1.213934457288018,-0.9154123258550612,-1.060721191718906,72
0.3483754069913866,-1.3314092672913058,1.5924685831578238,-0.1434879155968454,1.3136126598306066,-0.4012416860546675,-0.9154123258550612,-1.060721191718906,68
1.560853429186868,0.6718824858433398,-1.5328147384142965,-0.1434879155968454,-1.5621457376183063,-0.4012416860546675,-0.9154123258550612,0.285970759412303,69
-0.9507081882180576,0.1710595475596783,-0.9077580740998724,-0.1434879155968454,-0.1242665388938497,0.4114510851786828,-0.9154123258550612,-1.060721191718906,65
-0.5176803231482429,1.3396464035548885,-0.9077580740998724,-1.5755493330414962,-0.1242665388938497,-0.4012416860546675,-0.9154123258550612,-1.060721191718906,65
0.5215865530193126,1.6735283624106625,0.828510437884639,1.2885735018478053,1.3136126598306066,-1.213934457288018,0.3744424911473677,-1.060721191718906,73
-0.344469177120317,0.6718824858433398,0.2034537735702149,-0.1434879155968454,-1.5621457376183063,-0.4012416860546675,-0.9154123258550612,0.285970759412303,65
-0.344469177120317,-0.1628224112960958,-1.5328147384142965,-0.1434879155968454,-0.1242665388938497,0.4114510851786828,-0.9154123258550612,0.285970759412303,66
1.3010367101449791,-0.329763390723983,0.828510437884639,-0.1434879155968454,1.3136126598306066,2.849529398878734,0.3744424911473677,0.285970759412303,74
1.387642283158942,-0.4967043701518701,0.828510437884639,1.2885735018478053,-0.1242665388938497,-1.213934457288018,-0.9154123258550612,0.285970759412303,71
0.7814032720612014,0.5049415064154527,0.6896089569258781,-0.1434879155968454,-1.5621457376183063,-1.213934457288018,1.6642973081497967,-1.060721191718906,68
0.4349809800053495,-0.329763390723983,-1.324462516976155,-0.1434879155968454,-1.5621457376183063,-1.213934457288018,-0.9154123258550612,-1.060721191718906,64
0.8680088450751643,0.5049415064154527,-1.7411669598524375,-1.5755493330414962,-1.5621457376183063,2.036836627645384,-0.9154123258550612,0.285970759412303,67
0.9546144180891272,-2.6669371027144027,0.7590596974052585,-0.1434879155968454,-0.1242665388938497,1.2241438564120333,0.3744424911473677,-1.060721191718906,64
-0.0846524580784281,0.1710595475596783,0.8979611783640193,-0.1434879155968454,-1.5621457376183063,-1.213934457288018,-0.9154123258550612,-1.060721191718906,65
0.6947976990472384,0.6718824858433398,1.314665621240302,-0.1434879155968454,-0.1242665388938497,-1.213934457288018,1.6642973081497967,-1.060721191718906,69
-0.9507081882180576,0.1710595475596783,0.7590596974052585,1.2885735018478053,1.3136126598306066,0.4114510851786828,-0.9154123258550612,-1.060721191718906,68
-0.9507081882180576,-1.1644682878634187,-0.4910536312235896,-1.5755493330414962,-0.1242665388938497,-1.213934457288018,-0.9154123258550612,1.632662710543512,59
-1.2105249072599464,-0.4967043701518701,-0.9772088145792528,1.2885735018478053,-1.5621457376183063,-0.4012416860546675,1.6642973081497967,1.632662710543512,65
-1.1239193342459837,-0.329763390723983,-0.9077580740998724,-0.1434879155968454,1.3136126598306066,-0.4012416860546675,-0.9154123258550612,-1.060721191718906,63
-0.5176803231482429,-0.8305863290076444,-0.4910536312235896,1.2885735018478053,-1.5621457376183063,1.2241438564120333,-0.9154123258550612,-1.060721191718906,64
0.5215865530193126,-0.9975273084355316,0.1340030330908344,-1.5755493330414962,-1.5621457376183063,1.2241438564120333,-0.9154123258550612,1.632662710543512,65
0.6081921260332754,-1.8322322055749671,-0.7688565931411113,-0.1434879155968454,-1.5621457376183063,-0.4012416860546675,-0.9154123258550612,1.632662710543512,64
-1.2105249072599464,-2.6669371027144027,0.6201582164464976,1.2885735018478053,-1.5621457376183063,0.4114510851786828,1.6642973081497967,-1.060721191718906,60
1.6474590022008309,0.5049415064154527,-0.9772088145792528,-0.1434879155968454,-1.5621457376183063,0.4114510851786828,-0.9154123258550612,1.632662710543512,70
1.387642283158942,0.8388234652712269,-1.3939132574555355,-1.5755493330414962,-0.1242665388938497,0.4114510851786828,-0.9154123258550612,0.285970759412303,71
0.0019531149355348,0.0041185681317912,-1.1161102955380136,-1.5755493330414962,-1.5621457376183063,0.4114510851786828,-0.9154123258550612,0.285970759412303,65
1.560853429186868,1.005764444699114,0.4118059950083562,-0.1434879155968454,-0.1242665388938497,-0.4012416860546675,1.6642973081497967,-1.060721191718906,73
-0.4310747501342799,-0.8305863290076444,0.5507074759671171,1.2885735018478053,-0.1242665388938497,-0.4012416860546675,-0.9154123258550612,1.632662710543512,65
0.6081921260332754,-1.1644682878634187,1.5924685831578238,-0.1434879155968454,-1.5621457376183063,-1.213934457288018,1.6642973081497967,1.632662710543512,66
-0.1712580310923911,1.6735283624106625,1.5230178426784435,1.2885735018478053,-0.1242665388938497,-0.4012416860546675,-0.9154123258550612,-1.060721191718906,70
1.474247856172905,0.5049415064154527,0.4118059950083562,1.2885735018478053,-1.5621457376183063,0.4114510851786828,-0.9154123258550612,0.285970759412303,72
1.214431137131016,1.3396464035548885,0.3423552545289758,1.2885735018478053,-0.1242665388938497,1.2241438564120333,1.6642973081497967,-1.060721191718906,75
1.474247856172905,0.1710595475596783,0.3423552545289758,-0.1434879155968454,-0.1242665388938497,0.4114510851786828,0.3744424911473677,0.285970759412303,72
1.6474590022008309,-0.1628224112960958,0.6201582164464976,1.2885735018478053,-0.1242665388938497,-0.4012416860546675,-0.9154123258550612,0.285970759412303,72
-0.6908914691761688,-0.4967043701518701,1.314665621240302,-0.1434879155968454,-1.5621457376183063,2.036836627645384,-0.9154123258550612,0.285970759412303,64
1.387642283158942,1.8404693418385496,-0.5605043717029701,-1.5755493330414962,-0.1242665388938497,0.4114510851786828,0.3744424911473677,0.285970759412303,73
-0.9507081882180576,-0.8305863290076444,0.9674119188433998,-0.1434879155968454,-0.1242665388938497,-0.4012416860546675,0.3744424911473677,-1.060721191718906,63
0.8680088450751643,1.005764444699114,0.4118059950083562,1.2885735018478053,-1.5621457376183063,-0.4012416860546675,1.6642973081497967,-1.060721191718906,71
0.4349809800053495,-0.4967043701518701,1.314665621240302,-1.5755493330414962,-0.1242665388938497,2.036836627645384,0.3744424911473677,-1.060721191718906,69
1.560853429186868,0.8388234652712269,-1.6717162193730573,1.2885735018478053,-0.1242665388938497,-1.213934457288018,0.3744424911473677,0.285970759412303,72
0.9546144180891272,-0.8305863290076444,-0.9772088145792528,-0.1434879155968454,-0.1242665388938497,-0.4012416860546675,-0.9154123258550612,0.285970759412303,66
-0.6042858961622058,1.3396464035548885,1.453567102199063,1.2885735018478053,-0.1242665388938497,-0.4012416860546675,1.6642973081497967,0.285970759412303,70
0.6947976990472384,0.5049415064154527,-1.185561036017394,-1.5755493330414962,1.3136126598306066,0.4114510851786828,-0.9154123258550612,-1.060721191718906,68
-0.0846524580784281,-1.1644682878634187,-0.3521521502648286,1.2885735018478053,-0.1242665388938497,2.036836627645384,-0.9154123258550612,-1.060721191718906,66
0.6081921260332754,0.1710595475596783,0.6201582164464976,-0.1434879155968454,-0.1242665388938497,-0.4012416860546675,0.3744424911473677,-1.060721191718906,69
1.1278255641170531,1.005764444699114,1.314665621240302,1.2885735018478053,1.3136126598306066,-0.4012416860546675,-0.9154123258550612,0.285970759412303,74
-1.2105249072599464,-0.6636453495797573,-1.324462516976155,-1.5755493330414962,-0.1242665388938497,-1.213934457288018,0.3744424911473677,-1.060721191718906,60
1.214431137131016,0.5049415064154527,0.064552292611454,1.2885735018478053,-0.1242665388938497,1.2241438564120333,-0.9154123258550612,0.285970759412303,72
-0.6042858961622058,-0.4967043701518701,1.175764140281541,1.2885735018478053,1.3136126598306066,0.4114510851786828,-0.9154123258550612,1.632662710543512,67
-1.2971304802739094,0.5049415064154527,1.453567102199063,-0.1434879155968454,-0.1242665388938497,-1.213934457288018,-0.9154123258550612,-1.060721191718906,65
0.7814032720612014,-0.329763390723983,-0.6299551121823505,-0.1434879155968454,-0.1242665388938497,0.4114510851786828,0.3744424911473677,0.285970759412303,68
1.1278255641170531,0.0041185681317912,0.2034537735702149,-0.1434879155968454,1.3136126598306066,-0.4012416860546675,0.3744424911473677,-1.060721191718906,70
-0.344469177120317,-0.4967043701518701,0.4118059950083562,-1.5755493330414962,-0.1242665388938497,2.036836627645384,-0.9154123258550612,1.632662710543512,65
-0.4310747501342799,-0.1628224112960958,0.1340030330908344,1.2885735018478053,-0.1242665388938497,-0.4012416860546675,-0.9154123258550612,-1.060721191718906,66
-1.3837360532878724,-0.6636453495797573,0.2729045140495953,-0.1434879155968454,1.3136126598306066,1.2241438564120333,1.6642973081497967,0.285970759412303,66
-1.037313761232021,-0.9975273084355316,0.064552292611454,1.2885735018478053,-0.1242665388938497,0.4114510851786828,-0.9154123258550612,1.632662710543512,65
-1.3837360532878724,-0.329763390723983,1.5230178426784435,-1.5755493330414962,-1.5621457376183063,0.4114510851786828,0.3744424911473677,0.285970759412303,62
-1.6435527723297614,2.0074103212664367,-0.4216028907442091,-0.1434879155968454,1.3136126598306066,-1.213934457288018,-0.9154123258550612,1.632662710543512,68
-0.6908914691761688,0.6718824858433398,-1.5328147384142965,-1.5755493330414962,-0.1242665388938497,-1.213934457288018,-0.9154123258550612,-1.060721191718906,62
-0.6042858961622058,0.5049415064154527,0.6896089569258781,1.2885735018478053,-0.1242665388938497,-0.4012416860546675,0.3744424911473677,-1.060721191718906,67
-1.730158345343724,0.0041185681317912,-0.1437999288266873,-1.5755493330414962,-0.1242665388938497,-1.213934457288018,1.6642973081497967,-1.060721191718906,60
1.474247856172905,-0.4967043701518701,0.1340030330908344,1.2885735018478053,-0.1242665388938497,-1.213934457288018,0.3744424911473677,-1.060721191718906,68
0.1751642609634607,0.6718824858433398,-1.7411669598524375,1.2885735018478053,-0.1242665388938497,-1.213934457288018,1.6642973081497967,0.285970759412303,68
0.0019531149355348,-0.6636453495797573,0.064552292611454,-0.1434879155968454,1.3136126598306066,-0.4012416860546675,0.3744424911473677,0.285970759412303,68
0.1751642609634607,-0.6636453495797573,1.1063133998021608,-0.1434879155968454,-0.1242665388938497,-1.213934457288018,-0.9154123258550612,-1.060721191718906,66
0.1751642609634607,-0.6636453495797573,-0.0048984478679264,1.2885735018478053,1.3136126598306066,1.2241438564120333,0.3744424911473677,0.285970759412303,68
0.0019531149355348,0.1710595475596783,1.0368626593227803,-0.1434879155968454,-0.1242665388938497,-1.213934457288018,0.3744424911473677,0.285970759412303,68
0.7814032720612014,0.1710595475596783,-1.2550117764967743,-0.1434879155968454,-0.1242665388938497,-0.4012416860546675,-0.9154123258550612,1.632662710543512,68
1.1278255641170531,0.1710595475596783,0.2034537735702149,1.2885735018478053,-1.5621457376183063,-0.4012416860546675,-0.9154123258550612,0.285970759412303,67
0.9546144180891272,-0.329763390723983,1.453567102199063,1.2885735018478053,-1.5621457376183063,0.4114510851786828,1.6642973081497967,-1.060721191718906,71
1.7340645752147938,-0.8305863290076444,-0.0743491883473068,-0.1434879155968454,1.3136126598306066,0.4114510851786828,1.6642973081497967,1.632662710543512,72
-0.7774970421901317,0.3380005269875655,1.5924685831578238,-1.5755493330414962,-0.1242665388938497,0.4114510851786828,-0.9154123258550612,-1.060721191718906,65
1.387642283158942,-0.8305863290076444,-1.185561036017394,-0.1434879155968454,-0.1242665388938497,1.2241438564120333,1.6642973081497967,0.285970759412303,70
0.0885586879494977,-0.6636453495797573,-0.6299551121823505,-0.1434879155968454,1.3136126598306066,1.2241438564120333,-0.9154123258550612,1.632662710543512,69
-1.3837360532878724,-0.8305863290076444,1.2452148807609216,-0.1434879155968454,-0.1242665388938497,-1.213934457288018,-0.9154123258550612,-1.060721191718906,61
-1.3837360532878724,2.341292280122211,-0.2827014097854482,-0.1434879155968454,-0.1242665388938497,-1.213934457288018,-0.9154123258550612,-1.060721191718906,67
-0.257863604106354,-2.1661141644307413,-1.5328147384142965,-0.1434879155968454,-1.5621457376183063,2.036836627645384,0.3744424911473677,-1.060721191718906,62
-0.6042858961622058,-1.3314092672913058,0.4812567354877367,-0.1434879155968454,-1.5621457376183063,-0.4012416860546675,-0.9154123258550612,-1.060721191718906,60
1.560853429186868,0.5049415064154527,-1.6022654788936768,1.2885735018478053,-0.1242665388938497,0.4114510851786828,-0.9154123258550612,-1.060721191718906,71
0.6947976990472384,0.1710595475596783,1.0368626593227803,-0.1434879155968454,1.3136126598306066,0.4114510851786828,-0.9154123258550612,1.632662710543512,72
-0.257863604106354,0.6718824858433398,0.8979611783640193,1.2885735018478053,1.3136126598306066,-0.4012416860546675,0.3744424911473677,1.632662710543512,71
-1.2105249072599464,-0.8305863290076444,1.0368626593227803,-0.1434879155968454,-0.1242665388938497,0.4114510851786828,0.3744424911473677,0.285970759412303,62
1.387642283158942,2.675174238977985,1.453567102199063,-1.5755493330414962,-0.1242665388938497,-0.4012416860546675,0.3744424911473677,-1.060721191718906,75
0.3483754069913866,0.3380005269875655,0.4118059950083562,-0.1434879155968454,1.3136126598306066,-0.4012416860546675,-0.9154123258550612,0.285970759412303,69
0.6081921260332754,-1.8322322055749671,-1.324462516976155,-0.1434879155968454,-0.1242665388938497,-0.4012416860546675,0.3744424911473677,0.285970759412303,65
0.9546144180891272,-1.498350246719193,-1.5328147384142965,-0.1434879155968454,-0.1242665388938497,-1.213934457288018,1.6642973081497967,-1.060721191718906,64
1.214431137131016,-1.498350246719193,0.8979611783640193,1.2885735018478053,1.3136126598306066,0.4114510851786828,-0.9154123258550612,0.285970759412303,70
1.474247856172905,-0.329763390723983,0.2729045140495953,1.2885735018478053,-1.5621457376183063,0.4114510851786828,0.3744424911473677,-1.060721191718906,70
-0.5176803231482429,1.1727054241270012,1.6619193236372043,-0.1434879155968454,1.3136126598306066,1.2241438564120333,-0.9154123258550612,0.285970759412303,71
-0.4310747501342799,0.1710595475596783,-0.3521521502648286,1.2885735018478053,1.3136126598306066,-0.4012416860546675,1.6642973081497967,0.285970759412303,69
0.2617698339774236,-0.8305863290076444,1.5230178426784435,-0.1434879155968454,-0.1242665388938497,0.4114510851786828,-0.9154123258550612,-1.060721191718906,97
0.2617698339774236,0.8388234652712269,1.314665621240302,1.2885735018478053,1.3136126598306066,0.4114510851786828,0.3744424911473677,-1.060721191718906,72
0.4349809800053495,-0.8305863290076444,-1.185561036017394,-0.1434879155968454,-0.1242665388938497,-0.4012416860546675,0.3744424911473677,-1.060721191718906,65
0.3483754069913866,-0.4967043701518701,-1.046659555058633,1.2885735018478053,-0.1242665388938497,-1.213934457288018,0.3744424911473677,-1.060721191718906,67
0.5215865530193126,-0.9975273084355316,1.0368626593227803,-1.5755493330414962,-0.1242665388938497,1.2241438564120333,1.6642973081497967,0.285970759412303,65
-1.2105249072599464,1.5065873829827754,-0.6299551121823505,1.2885735018478053,1.3136126598306066,-1.213934457288018,1.6642973081497967,0.285970759412303,68
0.4349809800053495,0.5049415064154527,-1.1161102955380136,-1.5755493330414962,1.3136126598306066,-0.4012416860546675,0.3744424911473677,0.285970759412303,68
-0.257863604106354,2.508233259550098,0.9674119188433998,1.2885735018478053,1.3136126598306066,2.849529398878734,0.3744424911473677,1.632662710543512,77
0.6081921260332754,-0.4967043701518701,1.6619193236372043,-0.1434879155968454,-0.1242665388938497,0.4114510851786828,1.6642973081497967,-1.060721191718906,69
0.0019531149355348,0.3380005269875655,-0.6994058526617309,-0.1434879155968454,1.3136126598306066,0.4114510851786828,-0.9154123258550612,1.632662710543512,68
-0.4310747501342799,0.1710595475596783,-0.0048984478679264,-1.5755493330414962,-0.1242665388938497,-0.4012416860546675,-0.9154123258550612,0.285970759412303,65
0.4349809800053495,-1.498350246719193,0.2729045140495953,-0.1434879155968454,-0.1242665388938497,0.4114510851786828,-0.9154123258550612,1.632662710543512,65
-1.2971304802739094,-0.1628224112960958,0.064552292611454,1.2885735018478053,-0.1242665388938497,-1.213934457288018,1.6642973081497967,0.285970759412303,64
-1.730158345343724,0.0041185681317912,0.4812567354877367,1.2885735018478053,-1.5621457376183063,0.4114510851786828,-0.9154123258550612,-1.060721191718906,63
-1.4703416263018354,-0.8305863290076444,-0.6299551121823505,1.2885735018478053,-0.1242665388938497,-0.4012416860546675,0.3744424911473677,-1.060721191718906,62
0.4349809800053495,0.3380005269875655,1.453567102199063,-0.1434879155968454,1.3136126598306066,-1.213934457288018,0.3744424911473677,-1.060721191718906,69
-0.9507081882180576,1.8404693418385496,-1.6022654788936768,-0.1434879155968454,-0.1242665388938497,0.4114510851786828,0.3744424911473677,1.632662710543512,92
0.2617698339774236,1.1727054241270012,1.3841163617196826,-0.1434879155968454,-0.1242665388938497,-1.213934457288018,-0.9154123258550612,1.632662710543512,69
1.0412199911030902,-0.4967043701518701,0.2729045140495953,-0.1434879155968454,-0.1242665388938497,-0.4012416860546675,1.6642973081497967,-1.060721191718906,70
-1.037313761232021,1.5065873829827754,-0.0743491883473068,1.2885735018478053,-1.5621457376183063,1.2241438564120333,1.6642973081497967,1.632662710543512,69
-1.2971304802739094,-1.66529122614708,-1.3939132574555355,1.2885735018478053,-1.5621457376183063,-1.213934457288018,-0.9154123258550612,-1.060721191718906,59
0.0019531149355348,-0.9975273084355316,1.5924685831578238,-1.5755493330414962,1.3136126598306066,0.4114510851786828,-0.9154123258550612,-1.060721191718906,66
0.6947976990472384,-0.1628224112960958,0.064552292611454,-0.1434879155968454,-0.1242665388938497,-0.4012416860546675,-0.9154123258550612,0.285970759412303,68
0.8680088450751643,0.5049415064154527,-1.5328147384142965,1.2885735018478053,-0.1242665388938497,0.4114510851786828,-0.9154123258550612,0.285970759412303,70
-1.5569471993157984,0.5049415064154527,1.314665621240302,-1.5755493330414962,1.3136126598306066,-1.213934457288018,1.6642973081497967,0.285970759412303,64
-0.1712580310923911,-0.8305863290076444,1.5230178426784435,1.2885735018478053,-0.1242665388938497,-0.4012416860546675,1.6642973081497967,0.285970759412303,68
0.6081921260332754,1.5065873829827754,1.2452148807609216,1.2885735018478053,-0.1242665388938497,-0.4012416860546675,-0.9154123258550612,-1.060721191718906,72
1.214431137131016,0.5049415064154527,-0.9077580740998724,-1.5755493330414962,-0.1242665388938497,0.4114510851786828,1.6642973081497967,-1.060721191718906,69
0.8680088450751643,-2.3330551438586284,-0.6299551121823505,-0.1434879155968454,-0.1242665388938497,0.4114510851786828,-0.9154123258550612,0.285970759412303,65
0.0885586879494977,0.3380005269875655,-1.7411669598524375,1.2885735018478053,-1.5621457376183063,2.036836627645384,-0.9154123258550612,0.285970759412303,68
0.2617698339774236,0.1710595475596783,-0.0048984478679264,-0.1434879155968454,-0.1242665388938497,-0.4012416860546675,-0.9154123258550612,-1.060721191718906,67
-1.1239193342459837,0.0041185681317912,1.2452148807609216,-0.1434879155968454,-0.1242665388938497,-0.4012416860546675,0.3744424911473677,-1.060721191718906,62
-0.5176803231482429,-0.6636453495797573,0.3423552545289758,1.2885735018478053,-0.1242665388938497,-1.213934457288018,-0.9154123258550612,0.285970759412303,64
-0.5176803231482429,-0.6636453495797573,0.064552292611454,1.2885735018478053,-1.5621457376183063,2.849529398878734,0.3744424911473677,-1.060721191718906,65
0.8680088450751643,0.0041185681317912,-0.6994058526617309,-1.5755493330414962,-0.1242665388938497,1.2241438564120333,1.6642973081497967,-1.060721191718906,68
-0.8641026152040947,-0.6636453495797573,0.6896089569258781,1.2885735018478053,-1.5621457376183063,-1.213934457288018,-0.9154123258550612,0.285970759412303,64
-0.344469177120317,-0.1628224112960958,-1.5328147384142965,-0.1434879155968454,1.3136126598306066,-0.4012416860546675,0.3744424911473677,0.285970759412303,66
0.5215865530193126,0.6718824858433398,-1.046659555058633,1.2885735018478053,-1.5621457376183063,-1.213934457288018,0.3744424911473677,-1.060721191718906,68
-1.4703416263018354,0.3380005269875655,1.5230178426784435,1.2885735018478053,-0.1242665388938497,2.849529398878734,-0.9154123258550612,0.285970759412303,69
0.9546144180891272,0.3380005269875655,-0.1437999288266873,1.2885735018478053,1.3136126598306066,1.2241438564120333,1.6642973081497967,1.632662710543512,74
1.214431137131016,-0.4967043701518701,1.175764140281541,-0.1434879155968454,-0.1242665388938497,0.4114510851786828,-0.9154123258550612,-1.060721191718906,68
-0.8641026152040947,0.1710595475596783,-0.9077580740998724,1.2885735018478053,-0.1242665388938497,0.4114510851786828,0.3744424911473677,-1.060721191718906,66
1.387642283158942,-0.4967043701518701,0.1340030330908344,-0.1434879155968454,-0.1242665388938497,-0.4012416860546675,1.6642973081497967,0.285970759412303,70
-0.8641026152040947,0.5049415064154527,-0.0048984478679264,1.2885735018478053,-1.5621457376183063,-1.213934457288018,0.3744424911473677,-1.060721191718906,66
0.2617698339774236,1.3396464035548885,0.4118059950083562,-1.5755493330414962,1.3136126598306066,-1.213934457288018,-0.9154123258550612,-1.060721191718906,68
0.0885586879494977,-0.1628224112960958,1.453567102199063,-1.5755493330414962,-0.1242665388938497,-0.4012416860546675,1.6642973081497967,-1.060721191718906,67
-1.5569471993157984,-1.1644682878634187,1.6619193236372043,1.2885735018478053,-1.5621457376183063,2.036836627645384,1.6642973081497967,0.285970759412303,63
0.1751642609634607,0.3380005269875655,-0.4910536312235896,-0.1434879155968454,1.3136126598306066,0.4114510851786828,1.6642973081497967,-1.060721191718906,70
-1.2971304802739094,1.3396464035548885,0.1340030330908344,-0.1434879155968454,-1.5621457376183063,-0.4012416860546675,0.3744424911473677,-1.060721191718906,67
0.2617698339774236,-0.1628224112960958,-1.4633639979349158,-1.5755493330414962,1.3136126598306066,-0.4012416860546675,-0.9154123258550612,-1.060721191718906,66
-1.037313761232021,-1.498350246719193,0.6896089569258781,1.2885735018478053,-0.1242665388938497,0.4114510851786828,0.3744424911473677,0.285970759412303,63
0.2617698339774236,0.3380005269875655,0.7590596974052585,-1.5755493330414962,-0.1242665388938497,1.2241438564120333,-0.9154123258550612,0.285970759412303,68
0.0019531149355348,0.5049415064154527,-1.4633639979349158,-1.5755493330414962,-1.5621457376183063,-1.213934457288018,0.3744424911473677,0.285970759412303,65
0.9546144180891272,0.8388234652712269,-0.2132506693060677,-0.1434879155968454,-1.5621457376183063,-0.4012416860546675,0.3744424911473677,0.285970759412303,69
-0.0846524580784281,0.3380005269875655,1.5924685831578238,-0.1434879155968454,-0.1242665388938497,-1.213934457288018,-0.9154123258550612,1.632662710543512,69
1.6474590022008309,-0.8305863290076444,-1.7411669598524375,1.2885735018478053,-1.5621457376183063,2.036836627645384,-0.9154123258550612,-1.060721191718906,68
0.5215865530193126,-0.4967043701518701,-0.9772088145792528,-0.1434879155968454,-0.1242665388938497,0.4114510851786828,-0.9154123258550612,1.632662710543512,66
1.560853429186868,-2.1661141644307413,-1.4633639979349158,-0.1434879155968454,-0.1242665388938497,-1.213934457288018,-0.9154123258550612,0.285970759412303,66
-0.4310747501342799,1.005764444699114,-0.3521521502648286,-0.1434879155968454,1.3136126598306066,-1.213934457288018,1.6642973081497967,1.632662710543512,68
-1.1239193342459837,1.3396464035548885,-1.6717162193730573,-0.1434879155968454,1.3136126598306066,0.4114510851786828,-0.9154123258550612,0.285970759412303,67
-0.6908914691761688,0.5049415064154527,0.6201582164464976,-1.5755493330414962,1.3136126598306066,0.4114510851786828,-0.9154123258550612,-1.060721191718906,65
-1.4703416263018354,0.3380005269875655,-1.3939132574555355,-1.5755493330414962,1.3136126598306066,0.4114510851786828,-0.9154123258550612,0.285970759412303,64
0.0019531149355348,0.3380005269875655,-0.2132506693060677,1.2885735018478053,-0.1242665388938497,0.4114510851786828,0.3744424911473677,0.285970759412303,69
1.3010367101449791,0.5049415064154527,-1.2550117764967743,-0.1434879155968454,1.3136126598306066,-0.4012416860546675,-0.9154123258550612,-1.060721191718906,70
-0.0846524580784281,1.1727054241270012,-0.6994058526617309,-1.5755493330414962,-0.1242665388938497,-1.213934457288018,0.3744424911473677,0.285970759412303,66
1.214431137131016,-0.9975273084355316,-1.046659555058633,-0.1434879155968454,-1.5621457376183063,1.2241438564120333,0.3744424911473677,1.632662710543512,68
1.560853429186868,-0.329763390723983,-0.9077580740998724,-0.1434879155968454,1.3136126598306066,1.2241438564120333,-0.9154123258550612,0.285970759412303,71
-1.2971304802739094,0.1710595475596783,0.8979611783640193,1.2885735018478053,1.3136126598306066,0.4114510851786828,0.3744424911473677,-1.060721191718906,65
-0.6908914691761688,-0.9975273084355316,-1.5328147384142965,1.2885735018478053,-0.1242665388938497,2.036836627645384,1.6642973081497967,0.285970759412303,65
-0.6908914691761688,-1.3314092672913058,0.6201582164464976,-0.1434879155968454,-1.5621457376183063,-0.4012416860546675,-0.9154123258550612,-1.060721191718906,63
0.6081921260332754,-0.6636453495797573,-1.324462516976155,-0.1434879155968454,-1.5621457376183063,0.4114510851786828,1.6642973081497967,0.285970759412303,65
-1.730158345343724,0.0041185681317912,-0.3521521502648286,-0.1434879155968454,-0.1242665388938497,0.4114510851786828,1.6642973081497967,-1.060721191718906,63
0.7814032720612014,-1.66529122614708,-0.4216028907442091,-1.5755493330414962,-1.5621457376183063,1.2241438564120333,0.3744424911473677,-1.060721191718906,63
-1.2105249072599464,0.3380005269875655,1.3841163617196826,1.2885735018478053,-0.1242665388938497,1.2241438564120333,-0.9154123258550612,0.285970759412303,67
0.0885586879494977,-0.329763390723983,-0.1437999288266873,-1.5755493330414962,1.3136126598306066,-0.4012416860546675,-0.9154123258550612,0.285970759412303,67
-0.1712580310923911,-0.8305863290076444,0.1340030330908344,-1.5755493330414962,1.3136126598306066,-1.213934457288018,0.3744424911473677,1.632662710543512,65
-1.6435527723297614,-0.8305863290076444,-1.1161102955380136,-0.1434879155968454,-0.1242665388938497,-1.213934457288018,-0.9154123258550612,-1.060721191718906,61
-1.730158345343724,-0.329763390723983,1.1063133998021608,1.2885735018478053,-0.1242665388938497,0.4114510851786828,-0.9154123258550612,-1.060721191718906,62
-0.4310747501342799,0.1710595475596783,0.2729045140495953,1.2885735018478053,-1.5621457376183063,-1.213934457288018,-0.9154123258550612,-1.060721191718906,65
0.6081921260332754,-0.1628224112960958,-0.0743491883473068,-0.1434879155968454,-0.1242665388938497,-0.4012416860546675,0.3744424911473677,1.632662710543512,69
0.7814032720612014,-1.8322322055749671,1.453567102199063,-0.1434879155968454,-0.1242665388938497,-1.213934457288018,-0.9154123258550612,1.632662710543512,66
-0.6908914691761688,0.5049415064154527,-0.6299551121823505,-0.1434879155968454,-1.5621457376183063,1.2241438564120333,1.6642973081497967,-1.060721191718906,66
-0.8641026152040947,-0.1628224112960958,-1.4633639979349158,-1.5755493330414962,-0.1242665388938497,-1.213934457288018,-0.9154123258550612,0.285970759412303,89
1.214431137131016,0.6718824858433398,-0.8383073336204918,-0.1434879155968454,-0.1242665388938497,-0.4012416860546675,-0.9154123258550612,-1.060721191718906,70
1.0412199911030902,-0.6636453495797573,-1.185561036017394,-1.5755493330414962,1.3136126598306066,-1.213934457288018,-0.9154123258550612,1.632662710543512,67
-0.6908914691761688,-0.329763390723983,0.2729045140495953,-0.1434879155968454,-1.5621457376183063,-0.4012416860546675,-0.9154123258550612,0.285970759412303,65
-1.2971304802739094,-0.4967043701518701,-1.3939132574555355,1.2885735018478053,1.3136126598306066,-0.4012416860546675,-0.9154123258550612,0.285970759412303,64
-0.7774970421901317,0.0041185681317912,-0.6299551121823505,-0.1434879155968454,-0.1242665388938497,-0.4012416860546675,0.3744424911473677,0.285970759412303,63
-1.6435527723297614,0.1710595475596783,1.0368626593227803,-0.1434879155968454,-0.1242665388938497,0.4114510851786828,-0.9154123258550612,0.285970759412303,63
-1.2971304802739094,0.3380005269875655,0.4118059950083562,-1.5755493330414962,-1.5621457376183063,-0.4012416860546675,1.6642973081497967,-1.060721191718906,63
1.560853429186868,0.6718824858433398,-0.9772088145792528,1.2885735018478053,-0.1242665388938497,3.6622221701120847,-0.9154123258550612,0.285970759412303,75
-1.3837360532878724,0.5049415064154527,-1.046659555058633,-0.1434879155968454,1.3136126598306066,0.4114510851786828,0.3744424911473677,0.285970759412303,65
0.8680088450751643,-1.1644682878634187,0.4118059950083562,-0.1434879155968454,1.3136126598306066,-1.213934457288018,-0.9154123258550612,0.285970759412303,67
1.7340645752147938,0.0041185681317912,-0.7688565931411113,-0.1434879155968454,-0.1242665388938497,-1.213934457288018,-0.9154123258550612,-1.060721191718906,69
1.560853429186868,0.0041185681317912,0.3423552545289758,-0.1434879155968454,-0.1242665388938497,-1.213934457288018,0.3744424911473677,0.285970759412303,70
-1.2105249072599464,-1.1644682878634187,-0.4216028907442091,-0.1434879155968454,-1.5621457376183063,0.4114510851786828,-0.9154123258550612,-1.060721191718906,61
-1.6435527723297614,0.0041185681317912,-1.6022654788936768,-0.1434879155968454,-1.5621457376183063,0.4114510851786828,1.6642973081497967,-1.060721191718906,60
0.0885586879494977,-0.9975273084355316,-1.185561036017394,-0.1434879155968454,-0.1242665388938497,1.2241438564120333,1.6642973081497967,-1.060721191718906,66
-0.344469177120317,-0.8305863290076444,-1.5328147384142965,1.2885735018478053,1.3136126598306066,-0.4012416860546675,0.3744424911473677,-1.060721191718906,65
-0.4310747501342799,0.0041185681317912,-0.8383073336204918,-0.1434879155968454,-0.1242665388938497,2.036836627645384,1.6642973081497967,0.285970759412303,67
-1.6435527723297614,1.5065873829827754,-1.6022654788936768,1.2885735018478053,-0.1242665388938497,1.2241438564120333,0.3744424911473677,-1.060721191718906,67
-0.9507081882180576,-2.4999961232865155,0.1340030330908344,-0.1434879155968454,-0.1242665388938497,0.4114510851786828,0.3744424911473677,-1.060721191718906,60
1.1278255641170531,0.5049415064154527,-0.4216028907442091,-1.5755493330414962,1.3136126598306066,-1.213934457288018,1.6642973081497967,0.285970759412303,69
0.5215865530193126,-0.329763390723983,0.8979611783640193,-0.1434879155968454,-0.1242665388938497,0.4114510851786828,0.3744424911473677,0.285970759412303,68
1.0412199911030902,0.3380005269875655,-0.0743491883473068,-1.5755493330414962,-0.1242665388938497,0.4114510851786828,0.3744424911473677,0.285970759412303,70
-0.9507081882180576,-0.9975273084355316,1.2452148807609216,1.2885735018478053,-0.1242665388938497,0.4114510851786828,-0.9154123258550612,-1.060721191718906,63
1.214431137131016,1.3396464035548885,0.3423552545289758,-1.5755493330414962,-0.1242665388938497,0.4114510851786828,-0.9154123258550612,1.632662710543512,71
-0.4310747501342799,0.5049415064154527,-0.6299551121823505,-1.5755493330414962,-0.1242665388938497,2.849529398878734,-0.9154123258550612,0.285970759412303,67
-0.1712580310923911,1.5065873829827754,0.3423552545289758,1.2885735018478053,-0.1242665388938497,0.4114510851786828,1.6642973081497967,0.285970759412303,73
-1.4703416263018354,-0.4967043701518701,1.2452148807609216,-0.1434879155968454,-0.1242665388938497,-1.213934457288018,1.6642973081497967,-1.060721191718906,63
1.214431137131016,-0.1628224112960958,-1.6717162193730573,-0.1434879155968454,-1.5621457376183063,1.2241438564120333,1.6642973081497967,0.285970759412303,69
-1.6435527723297614,1.3396464035548885,0.4812567354877367,-1.5755493330414962,-1.5621457376183063,-1.213934457288018,0.3744424911473677,0.285970759412303,64
0.8680088450751643,1.5065873829827754,1.314665621240302,-0.1434879155968454,1.3136126598306066,-0.4012416860546675,-0.9154123258550612,-1.060721191718906,73
0.2617698339774236,-0.4967043701518701,-1.6717162193730573,1.2885735018478053,-0.1242665388938497,-1.213934457288018,-0.9154123258550612,-1.060721191718906,64
-0.5176803231482429,-1.1644682878634187,-0.9772088145792528,1.2885735018478053,1.3136126598306066,0.4114510851786828,-0.9154123258550612,-1.060721191718906,65
-1.6435527723297614,1.005764444699114,-0.4216028907442091,-0.1434879155968454,-0.1242665388938497,0.4114510851786828,-0.9154123258550612,0.285970759412303,66
-1.2971304802739094,0.5049415064154527,0.4118059950083562,-0.1434879155968454,-1.5621457376183063,0.4114510851786828,-0.9154123258550612,-1.060721191718906,63
1.214431137131016,-1.3314092672913058,0.9674119188433998,-1.5755493330414962,-0.1242665388938497,-0.4012416860546675,-0.9154123258550612,-1.060721191718906,66
-0.7774970421901317,0.3380005269875655,1.314665621240302,1.2885735018478053,-0.1242665388938497,-0.4012416860546675,-0.9154123258550612,0.285970759412303,68
-0.9507081882180576,-0.329763390723983,1.5230178426784435,1.2885735018478053,1.3136126598306066,0.4114510851786828,0.3744424911473677,0.285970759412303,69
1.387642283158942,1.1727054241270012,0.828510437884639,1.2885735018478053,-0.1242665388938497,-1.213934457288018,0.3744424911473677,0.285970759412303,72
-1.037313761232021,-0.4967043701518701,-1.5328147384142965,1.2885735018478053,-1.5621457376183063,-1.213934457288018,0.3744424911473677,-1.060721191718906,61
-1.2105249072599464,-0.8305863290076444,-0.8383073336204918,-0.1434879155968454,-0.1242665388938497,1.2241438564120333,-0.9154123258550612,0.285970759412303,63
-0.7774970421901317,0.3380005269875655,-1.324462516976155,-0.1434879155968454,-0.1242665388938497,-1.213934457288018,1.6642973081497967,0.285970759412303,65
-1.5569471993157984,1.5065873829827754,-1.5328147384142965,1.2885735018478053,-1.5621457376183063,-1.213934457288018,0.3744424911473677,-1.060721191718906,65
-0.1712580310923911,0.8388234652712269,1.1063133998021608,-1.5755493330414962,1.3136126598306066,1.2241438564120333,-0.9154123258550612,-1.060721191718906,69
0.0885586879494977,2.341292280122211,0.4812567354877367,-0.1434879155968454,-0.1242665388938497,-0.4012416860546675,-0.9154123258550612,0.285970759412303,71
0.8680088450751643,-0.4967043701518701,0.4812567354877367,-0.1434879155968454,1.3136126598306066,-1.213934457288018,0.3744424911473677,0.285970759412303,70
1.214431137131016,-0.4967043701518701,0.2034537735702149,-0.1434879155968454,1.3136126598306066,-0.4012416860546675,0.3744424911473677,-1.060721191718906,70
0.9546144180891272,-1.1644682878634187,-0.0743491883473068,-0.1434879155968454,-0.1242665388938497,-0.4012416860546675,1.6642973081497967,-1.060721191718906,68
1.560853429186868,-2.1661141644307413,-1.185561036017394,-1.5755493330414962,-0.1242665388938497,0.4114510851786828,0.3744424911473677,0.285970759412303,65
-0.257863604106354,0.8388234652712269,-0.2827014097854482,-0.1434879155968454,-1.5621457376183063,-1.213934457288018,-0.9154123258550612,0.285970759412303,66
0.0019531149355348,0.5049415064154527,-0.0743491883473068,1.2885735018478053,-0.1242665388938497,2.036836627645384,-0.9154123258550612,0.285970759412303,69
0.6947976990472384,0.1710595475596783,-0.8383073336204918,-0.1434879155968454,-0.1242665388938497,-0.4012416860546675,-0.9154123258550612,0.285970759412303,68
-0.344469177120317,-1.498350246719193,1.1063133998021608,-0.1434879155968454,-0.1242665388938497,-0.4012416860546675,0.3744424911473677,1.632662710543512,64
-1.3837360532878724,-0.4967043701518701,1.175764140281541,1.2885735018478053,1.3136126598306066,-1.213934457288018,1.6642973081497967,0.285970759412303,66
1.1278255641170531,1.5065873829827754,-0.0743491883473068,1.2885735018478053,1.3136126598306066,1.2241438564120333,-0.9154123258550612,0.285970759412303,76
0.0019531149355348,0.8388234652712269,-1.5328147384142965,-1.5755493330414962,1.3136126598306066,-0.4012416860546675,0.3744424911473677,0.285970759412303,67
-0.6042858961622058,1.5065873829827754,0.064552292611454,-0.1434879155968454,-0.1242665388938497,0.4114510851786828,-0.9154123258550612,-1.060721191718906,68
-0.1712580310923911,-1.1644682878634187,0.8979611783640193,1.2885735018478053,-0.1242665388938497,-1.213934457288018,0.3744424911473677,1.632662710543512,66
0.4349809800053495,0.1710595475596783,-0.0743491883473068,1.2885735018478053,1.3136126598306066,0.4114510851786828,-0.9154123258550612,0.285970759412303,71
0.1751642609634607,0.1710595475596783,-1.5328147384142965,1.2885735018478053,1.3136126598306066,-1.213934457288018,1.6642973081497967,1.632662710543512,69
1.560853429186868,0.1710595475596783,-0.2132506693060677,-0.1434879155968454,-0.1242665388938497,1.2241438564120333,-0.9154123258550612,-1.060721191718906,71
0.8680088450751643,1.1727054241270012,-1.5328147384142965,-0.1434879155968454,1.3136126598306066,-0.4012416860546675,1.6642973081497967,0.285970759412303,73
0.2617698339774236,-0.4967043701518701,-0.4216028907442091,-1.5755493330414962,-0.1242665388938497,2.036836627645384,0.3744424911473677,-1.060721191718906,67
0.3483754069913866,-0.329763390723983,-1.7411669598524375,-1.5755493330414962,-0.1242665388938497,2.036836627645384,1.6642973081497967,1.632662710543512,68
-0.7774970421901317,-1.3314092672913058,-1.4633639979349158,-0.1434879155968454,-0.1242665388938497,-1.213934457288018,0.3744424911473677,-1.060721191718906,61
-0.8641026152040947,-0.1628224112960958,-0.8383073336204918,-0.1434879155968454,-0.1242665388938497,1.2241438564120333,-0.9154123258550612,-1.060721191718906,63
-1.5569471993157984,0.3380005269875655,1.3841163617196826,1.2885735018478053,-0.1242665388938497,0.4114510851786828,-0.9154123258550612,0.285970759412303,66
0.2617698339774236,1.005764444699114,-0.3521521502648286,-1.5755493330414962,-1.5621457376183063,0.4114510851786828,-0.9154123258550612,0.285970759412303,65
0.6947976990472384,0.1710595475596783,-0.4216028907442091,-1.5755493330414962,1.3136126598306066,2.036836627645384,0.3744424911473677,0.285970759412303,71
-1.2105249072599464,0.0041185681317912,-0.1437999288266873,1.2885735018478053,1.3136126598306066,-0.4012416860546675,0.3744424911473677,0.285970759412303,65
1.474247856172905,-0.1628224112960958,-0.7688565931411113,-1.5755493330414962,1.3136126598306066,0.4114510851786828,-0.9154123258550612,-1.060721191718906,71
-0.7774970421901317,1.3396464035548885,-1.2550117764967743,-0.1434879155968454,-0.1242665388938497,-0.4012416860546675,1.6642973081497967,-1.060721191718906,69
0.7814032720612014,1.3396464035548885,0.4812567354877367,1.2885735018478053,1.3136126598306066,-1.213934457288018,1.6642973081497967,0.285970759412303,72
-1.2971304802739094,0.0041185681317912,-1.185561036017394,-0.1434879155968454,1.3136126598306066,1.2241438564120333,-0.9154123258550612,-1.060721191718906,63
0.3483754069913866,-1.498350246719193,-1.3939132574555355,-0.1434879155968454,-1.5621457376183063,-1.213934457288018,0.3744424911473677,0.285970759412303,63
1.3010367101449791,-0.329763390723983,1.453567102199063,1.2885735018478053,-0.1242665388938497,1.2241438564120333,1.6642973081497967,0.285970759412303,73
-1.1239193342459837,-0.1628224112960958,1.1063133998021608,-0.1434879155968454,-0.1242665388938497,-0.4012416860546675,-0.9154123258550612,-1.060721191718906,65
-1.2105249072599464,-0.329763390723983,1.2452148807609216,-0.1434879155968454,-1.5621457376183063,-0.4012416860546675,0.3744424911473677,-1.060721191718906,63
1.3010367101449791,-0.6636453495797573,-1.6022654788936768,1.2885735018478053,-0.1242665388938497,-1.213934457288018,1.6642973081497967,-1.060721191718906,69
1.387642283158942,0.1710595475596783,-1.7411669598524375,-0.1434879155968454,-0.1242665388938497,-0.4012416860546675,1.6642973081497967,-1.060721191718906,69
1.474247856172905,-1.1644682878634187,-0.3521521502648286,1.2885735018478053,1.3136126598306066,-0.4012416860546675,1.6642973081497967,-1.060721191718906,71
-0.0846524580784281,0.0041185681317912,0.5507074759671171,-0.1434879155968454,1.3136126598306066,0.4114510851786828,-0.9154123258550612,0.285970759412303,69
-0.8641026152040947,-1.3314092672913058,0.6896089569258781,-0.1434879155968454,1.3136126598306066,-0.4012416860546675,1.6642973081497967,1.632662710543512,66
1.214431137131016,-1.498350246719193,-0.6299551121823505,-0.1434879155968454,-0.1242665388938497,0.4114510851786828,-0.9154123258550612,-1.060721191718906,65
-1.2105249072599464,0.3380005269875655,-0.0743491883473068,-1.5755493330414962,-0.1242665388938497,1.2241438564120333,1.6642973081497967,-1.060721191718906,65
0.3483754069913866,0.1710595475596783,1.0368626593227803,1.2885735018478053,1.3136126598306066,0.4114510851786828,-0.9154123258550612,0.285970759412303,69
0.4349809800053495,-1.1644682878634187,0.6201582164464976,1.2885735018478053,-1.5621457376183063,-1.213934457288018,-0.9154123258550612,-1.060721191718906,64
-0.6042858961622058,1.8404693418385496,-0.4910536312235896,1.2885735018478053,-0.1242665388938497,-0.4012416860546675,-0.9154123258550612,0.285970759412303,70
1.560853429186868,0.0041185681317912,-0.2132506693060677,-0.1434879155968454,-0.1242665388938497,-0.4012416860546675,-0.9154123258550612,1.632662710543512,70
1.560853429186868,0.0041185681317912,-0.5605043717029701,1.2885735018478053,-1.5621457376183063,-1.213934457288018,-0.9154123258550612,1.632662710543512,71
-1.4703416263018354,0.5049415064154527,1.2452148807609216,-0.1434879155968454,-1.5621457376183063,0.4114510851786828,-0.9154123258550612,0.285970759412303,65
0.6947976990472384,1.005764444699114,-0.5605043717029701,-1.5755493330414962,-1.5621457376183063,-1.213934457288018,-0.9154123258550612,-1.060721191718906,65
0.7814032720612014,0.5049415064154527,-0.4216028907442091,1.2885735018478053,-1.5621457376183063,2.849529398878734,-0.9154123258550612,0.285970759412303,71
-1.037313761232021,1.5065873829827754,-1.5328147384142965,1.2885735018478053,-0.1242665388938497,-0.4012416860546675,-0.9154123258550612,0.285970759412303,66
0.2617698339774236,0.0041185681317912,-0.4910536312235896,-0.1434879155968454,-0.1242665388938497,-0.4012416860546675,-0.9154123258550612,0.285970759412303,67
0.6081921260332754,-1.9991731850028545,1.5230178426784435,1.2885735018478053,1.3136126598306066,0.4114510851786828,-0.9154123258550612,-1.060721191718906,67
0.9546144180891272,-0.329763390723983,0.4812567354877367,1.2885735018478053,-0.1242665388938497,1.2241438564120333,-0.9154123258550612,0.285970759412303,70
-1.2971304802739094,0.8388234652712269,1.2452148807609216,1.2885735018478053,-0.1242665388938497,0.4114510851786828,0.3744424911473677,0.285970759412303,66
-0.8641026152040947,0.0041185681317912,-0.1437999288266873,-0.1434879155968454,-1.5621457376183063,-1.213934457288018,-0.9154123258550612,-1.060721191718906,62
-0.257863604106354,-0.9975273084355316,0.4118059950083562,-0.1434879155968454,-0.1242665388938497,1.2241438564120333,0.3744424911473677,0.285970759412303,66
1.6474590022008309,1.1727054241270012,-0.4216028907442091,-0.1434879155968454,-0.1242665388938497,0.4114510851786828,1.6642973081497967,0.285970759412303,73
1.387642283158942,0.3380005269875655,1.6619193236372043,1.2885735018478053,-1.5621457376183063,2.036836627645384,0.3744424911473677,-1.060721191718906,74
-0.1712580310923911,-0.6636453495797573,1.0368626593227803,1.2885735018478053,-1.5621457376183063,1.2241438564120333,1.6642973081497967,-1.060721191718906,66
-1.037313761232021,-0.8305863290076444,1.314665621240302,-0.1434879155968454,-1.5621457376183063,-1.213934457288018,1.6642973081497967,0.285970759412303,64
1.6474590022008309,0.1710595475596783,-1.6717162193730573,1.2885735018478053,-0.1242665388938497,0.4114510851786828,1.6642973081497967,0.285970759412303,72
-0.4310747501342799,0.6718824858433398,1.314665621240302,-1.5755493330414962,-0.1242665388938497,0.4114510851786828,-0.9154123258550612,0.285970759412303,67
-0.0846524580784281,-0.6636453495797573,-0.5605043717029701,-0.1434879155968454,-0.1242665388938497,0.4114510851786828,0.3744424911473677,0.285970759412303,65
0.4349809800053495,-1.498350246719193,1.175764140281541,-0.1434879155968454,-0.1242665388938497,0.4114510851786828,-0.9154123258550612,0.285970759412303,65
-1.3837360532878724,-1.1644682878634187,-0.9077580740998724,1.2885735018478053,1.3136126598306066,-0.4012416860546675,0.3744424911473677,-1.060721191718906,62
-0.344469177120317,-0.4967043701518701,0.2729045140495953,-0.1434879155968454,-0.1242665388938497,-0.4012416860546675,1.6642973081497967,-1.060721191718906,63
1.1278255641170531,-0.8305863290076444,-0.7688565931411113,-0.1434879155968454,1.3136126598306066,0.4114510851786828,1.6642973081497967,0.285970759412303,71
0.6081921260332754,1.005764444699114,-0.3521521502648286,1.2885735018478053,-0.1242665388938497,-0.4012416860546675,-0.9154123258550612,-1.060721191718906,70
0.3483754069913866,-0.329763390723983,-0.6994058526617309,-0.1434879155968454,-0.1242665388938497,0.4114510851786828,-0.9154123258550612,0.285970759412303,66
1.0412199911030902,-1.66529122614708,-1.046659555058633,-0.1434879155968454,-0.1242665388938497,1.2241438564120333,0.3744424911473677,-1.060721191718906,66
-1.4703416263018354,0.5049415064154527,-0.4216028907442091,-0.1434879155968454,-0.1242665388938497,0.4114510851786828,-0.9154123258550612,0.285970759412303,63
-1.730158345343724,-0.1628224112960958,-0.2132506693060677,1.2885735018478053,-0.1242665388938497,1.2241438564120333,-0.9154123258550612,-1.060721191718906,65
0.1751642609634607,-1.9991731850028545,0.7590596974052585,1.2885735018478053,-0.1242665388938497,-1.213934457288018,1.6642973081497967,-1.060721191718906,64
0.6081921260332754,1.1727054241270012,1.1063133998021608,-1.5755493330414962,1.3136126598306066,2.036836627645384,-0.9154123258550612,1.632662710543512,72
-0.6908914691761688,-1.3314092672913058,-0.2132506693060677,-1.5755493330414962,-0.1242665388938497,0.4114510851786828,-0.9154123258550612,-1.060721191718906,61
0.9546144180891272,0.1710595475596783,-1.5328147384142965,-0.1434879155968454,1.3136126598306066,-0.4012416860546675,1.6642973081497967,0.285970759412303,71
1.474247856172905,1.1727054241270012,-0.6299551121823505,1.2885735018478053,1.3136126598306066,-0.4012416860546675,-0.9154123258550612,-1.060721191718906,73
1.214431137131016,0.5049415064154527,1.1063133998021608,-1.5755493330414962,-0.1242665388938497,-0.4012416860546675,-0.9154123258550612,0.285970759412303,71
0.1751642609634607,-0.329763390723983,-0.0048984478679264,-0.1434879155968454,-0.1242665388938497,-1.213934457288018,0.3744424911473677,-1.060721191718906,66
-0.5176803231482429,-0.4967043701518701,0.828510437884639,-0.1434879155968454,-0.1242665388938497,2.036836627645384,0.3744424911473677,-1.060721191718906,67
0.7814032720612014,1.1727054241270012,-0.5605043717029701,-1.5755493330414962,-0.1242665388938497,0.4114510851786828,0.3744424911473677,-1.060721191718906,69
-0.1712580310923911,-0.1628224112960958,0.064552292611454,-0.1434879155968454,-0.1242665388938497,0.4114510851786828,0.3744424911473677,0.285970759412303,66
0.0019531149355348,0.3380005269875655,-1.6717162193730573,1.2885735018478053,-0.1242665388938497,0.4114510851786828,1.6642973081497967,0.285970759412303,68
1.0412199911030902,1.005764444699114,-0.7688565931411113,-0.1434879155968454,-0.1242665388938497,-0.4012416860546675,-0.9154123258550612,0.285970759412303,71
0.0019531149355348,0.5049415064154527,-1.2550117764967743,-0.1434879155968454,1.3136126598306066,0.4114510851786828,1.6642973081497967,0.285970759412303,68
0.6081921260332754,-0.8305863290076444,0.5507074759671171,-0.1434879155968454,-0.1242665388938497,-0.4012416860546675,-0.9154123258550612,1.632662710543512,68
1.7340645752147938,-0.6636453495797573,-0.8383073336204918,-1.5755493330414962,1.3136126598306066,0.4114510851786828,-0.9154123258550612,-1.060721191718906,69
-1.2105249072599464,0.0041185681317912,-0.1437999288266873,1.2885735018478053,-0.1242665388938497,-1.213934457288018,-0.9154123258550612,1.632662710543512,65
-1.730158345343724,0.6718824858433398,-0.6299551121823505,-1.5755493330414962,-1.5621457376183063,-0.4012416860546675,0.3744424911473677,0.285970759412303,62
0.0885586879494977,0.5049415064154527,-0.4216028907442091,-0.1434879155968454,1.3136126598306066,2.849529398878734,-0.9154123258550612,0.285970759412303,69
0.8680088450751643,-0.6636453495797573,1.0368626593227803,-1.5755493330414962,1.3136126598306066,0.4114510851786828,-0.9154123258550612,1.632662710543512,69
-0.9507081882180576,-0.1628224112960958,-1.3939132574555355,-0.1434879155968454,-0.1242665388938497,-0.4012416860546675,0.3744424911473677,-1.060721191718906,63
-1.5569471993157984,0.5049415064154527,-1.4633639979349158,1.2885735018478053,1.3136126598306066,1.2241438564120333,-0.9154123258550612,-1.060721191718906,65
0.6081921260332754,-1.1644682878634187,-0.2132506693060677,-1.5755493330414962,1.3136126598306066,0.4114510851786828,-0.9154123258550612,0.285970759412303,67
0.0885586879494977,-1.3314092672913058,-1.5328147384142965,-0.1434879155968454,1.3136126598306066,-0.4012416860546675,0.3744424911473677,0.285970759412303,65
0.3483754069913866,1.3396464035548885,0.064552292611454,1.2885735018478053,1.3136126598306066,-1.213934457288018,-0.9154123258550612,1.632662710543512,72
-1.1239193342459837,0.8388234652712269,1.3841163617196826,-0.1434879155968454,-1.5621457376183063,-1.213934457288018,1.6642973081497967,0.285970759412303,65
-1.5569471993157984,0.0041185681317912,-1.1161102955380136,-0.1434879155968454,-0.1242665388938497,1.2241438564120333,-0.9154123258550612,0.285970759412303,64
-0.0846524580784281,-0.9975273084355316,-0.0743491883473068,-0.1434879155968454,-0.1242665388938497,-0.4012416860546675,-0.9154123258550612,0.285970759412303,64
0.1751642609634607,-0.9975273084355316,0.5507074759671171,-0.1434879155968454,-0.1242665388938497,-1.213934457288018,-0.9154123258550612,0.285970759412303,64
1.387642283158942,0.1710595475596783,-1.185561036017394,1.2885735018478053,1.3136126598306066,-1.213934457288018,0.3744424911473677,1.632662710543512,72
-1.037313761232021,0.3380005269875655,0.828510437884639,-0.1434879155968454,-0.1242665388938497,0.4114510851786828,1.6642973081497967,0.285970759412303,66
-0.257863604106354,-0.4967043701518701,-0.5605043717029701,-0.1434879155968454,-1.5621457376183063,-1.213934457288018,-0.9154123258550612,-1.060721191718906,62
-0.0846524580784281,-0.6636453495797573,0.828510437884639,-0.1434879155968454,-1.5621457376183063,-0.4012416860546675,0.3744424911473677,-1.060721191718906,64
-0.257863604106354,-0.1628224112960958,-1.3939132574555355,-0.1434879155968454,-1.5621457376183063,-1.213934457288018,0.3744424911473677,0.285970759412303,64
1.6474590022008309,0.0041185681317912,-0.4910536312235896,-1.5755493330414962,-0.1242665388938497,-0.4012416860546675,1.6642973081497967,-1.060721191718906,69
-0.5176803231482429,0.1710595475596783,-0.6299551121823505,1.2885735018478053,-0.1242665388938497,-0.4012416860546675,-0.9154123258550612,0.285970759412303,66
0.8680088450751643,-0.329763390723983,-1.4633639979349158,1.2885735018478053,1.3136126598306066,-0.4012416860546675,-0.9154123258550612,0.285970759412303,95
-1.3837360532878724,-0.4967043701518701,-0.4216028907442091,1.2885735018478053,-1.5621457376183063,-0.4012416860546675,-0.9154123258550612,0.285970759412303,62
0.1751642609634607,-0.1628224112960958,-0.0743491883473068,-1.5755493330414962,-1.5621457376183063,-0.4012416860546675,-0.9154123258550612,0.285970759412303,64
-1.4703416263018354,-0.329763390723983,-1.6022654788936768,-1.5755493330414962,-0.1242665388938497,0.4114510851786828,1.6642973081497967,1.632662710543512,63
1.560853429186868,0.6718824858433398,1.6619193236372043,-1.5755493330414962,-0.1242665388938497,0.4114510851786828,1.6642973081497967,-1.060721191718906,73
0.4349809800053495,-1.66529122614708,-1.5328147384142965,-1.5755493330414962,-1.5621457376183063,-0.4012416860546675,-0.9154123258550612,-1.060721191718906,60
0.8680088450751643,0.5049415064154527,-0.9077580740998724,-0.1434879155968454,1.3136126598306066,1.2241438564120333,1.6642973081497967,0.285970759412303,71
0.6081921260332754,1.1727054241270012,0.8979611783640193,-0.1434879155968454,1.3136126598306066,-0.4012416860546675,0.3744424911473677,-1.060721191718906,72
0.8680088450751643,1.3396464035548885,1.1063133998021608,-0.1434879155968454,-1.5621457376183063,-1.213934457288018,0.3744424911473677,0.285970759412303,98
0.6947976990472384,0.3380005269875655,-1.185561036017394,-0.1434879155968454,-0.1242665388938497,1.2241438564120333,0.3744424911473677,-1.060721191718906,68
-1.4703416263018354,0.6718824858433398,1.0368626593227803,-0.1434879155968454,-0.1242665388938497,0.4114510851786828,1.6642973081497967,-1.060721191718906,66
0.0885586879494977,0.0041185681317912,-1.5328147384142965,-1.5755493330414962,-0.1242665388938497,-1.213934457288018,0.3744424911473677,0.285970759412303,63
-1.2105249072599464,0.6718824858433398,0.4118059950083562,-1.5755493330414962,1.3136126598306066,-0.4012416860546675,-0.9154123258550612,0.285970759412303,65
1.0412199911030902,-0.8305863290076444,-0.2132506693060677,-1.5755493330414962,-0.1242665388938497,-0.4012416860546675,-0.9154123258550612,0.285970759412303,66
-1.1239193342459837,0.3380005269875655,-0.2827014097854482,-0.1434879155968454,-1.5621457376183063,-0.4012416860546675,0.3744424911473677,0.285970759412303,64
-0.344469177120317,0.6718824858433398,-0.1437999288266873,-1.5755493330414962,1.3136126598306066,2.036836627645384,-0.9154123258550612,0.285970759412303,68
-0.0846524580784281,-0.1628224112960958,1.175764140281541,-0.1434879155968454,-0.1242665388938497,-0.4012416860546675,-0.9154123258550612,0.285970759412303,68
-1.037313761232021,0.6718824858433398,-0.5605043717029701,-1.5755493330414962,-1.5621457376183063,-1.213934457288018,-0.9154123258550612,-1.060721191718906,60
-1.4703416263018354,0.0041185681317912,1.3841163617196826,1.2885735018478053,1.3136126598306066,0.4114510851786828,0.3744424911473677,1.632662710543512,69
0.2617698339774236,-0.9975273084355316,1.3841163617196826,-0.1434879155968454,1.3136126598306066,-0.4012416860546675,-0.9154123258550612,-1.060721191718906,65
0.4349809800053495,0.6718824858433398,-1.4633639979349158,-0.1434879155968454,-1.5621457376183063,0.4114510851786828,0.3744424911473677,0.285970759412303,66
1.474247856172905,0.5049415064154527,-0.1437999288266873,1.2885735018478053,-0.1242665388938497,1.2241438564120333,-0.9154123258550612,-1.060721191718906,69
1.7340645752147938,0.3380005269875655,1.3841163617196826,-0.1434879155968454,1.3136126598306066,0.4114510851786828,0.3744424911473677,-1.060721191718906,74
-0.344469177120317,0.6718824858433398,-0.2132506693060677,1.2885735018478053,-1.5621457376183063,1.2241438564120333,-0.9154123258550612,0.285970759412303,67
1.1278255641170531,2.341292280122211,1.2452148807609216,-0.1434879155968454,1.3136126598306066,0.4114510851786828,-0.9154123258550612,-1.060721191718906,77
0.0019531149355348,-0.1628224112960958,1.7313700641165848,1.2885735018478053,1.3136126598306066,-0.4012416860546675,-0.9154123258550612,0.285970759412303,70
1.3010367101449791,1.005764444699114,-0.9772088145792528,-1.5755493330414962,-0.1242665388938497,0.4114510851786828,1.6642973081497967,0.285970759412303,71
0.9546144180891272,-0.329763390723983,-1.046659555058633,-0.1434879155968454,-1.5621457376183063,-1.213934457288018,-0.9154123258550612,1.632662710543512,67
1.6474590022008309,0.0041185681317912,0.3423552545289758,-0.1434879155968454,-1.5621457376183063,-1.213934457288018,1.6642973081497967,0.285970759412303,71
1.560853429186868,0.5049415064154527,-1.4633639979349158,-1.5755493330414962,-0.1242665388938497,-1.213934457288018,0.3744424911473677,0.285970759412303,68
-1.6435527723297614,-0.1628224112960958,-0.5605043717029701,-1.5755493330414962,1.3136126598306066,-0.4012416860546675,1.6642973081497967,0.285970759412303,63
0.0885586879494977,0.0041185681317912,-1.4633639979349158,-0.1434879155968454,-1.5621457376183063,-1.213934457288018,0.3744424911473677,-1.060721191718906,63
-1.5569471993157984,-2.4999961232865155,-0.2827014097854482,1.2885735018478053,1.3136126598306066,-0.4012416860546675,0.3744424911473677,-1.060721191718906,59
0.1751642609634607,-0.4967043701518701,-0.6994058526617309,1.2885735018478053,-0.1242665388938497,2.036836627645384,-0.9154123258550612,-1.060721191718906,67
-1.6435527723297614,1.1727054241270012,-1.6717162193730573,-1.5755493330414962,1.3136126598306066,-0.4012416860546675,0.3744424911473677,-1.060721191718906,63
0.8680088450751643,-0.329763390723983,0.6201582164464976,-1.5755493330414962,-0.1242665388938497,0.4114510851786828,-0.9154123258550612,-1.060721191718906,68
1.0412199911030902,0.3380005269875655,1.3841163617196826,-1.5755493330414962,1.3136126598306066,-1.213934457288018,1.6642973081497967,-1.060721191718906,70
1.6474590022008309,0.5049415064154527,-1.1161102955380136,-1.5755493330414962,-1.5621457376183063,-0.4012416860546675,-0.9154123258550612,0.285970759412303,68
-1.5569471993157984,-1.66529122614708,-0.4910536312235896,-1.5755493330414962,-0.1242665388938497,1.2241438564120333,1.6642973081497967,0.285970759412303,61
-0.7774970421901317,0.6718824858433398,1.0368626593227803,-0.1434879155968454,1.3136126598306066,1.2241438564120333,0.3744424911473677,0.285970759412303,69
-1.5569471993157984,0.8388234652712269,0.1340030330908344,-1.5755493330414962,-0.1242665388938497,-1.213934457288018,0.3744424911473677,0.285970759412303,62
-1.5569471993157984,-1.66529122614708,-1.6717162193730573,1.2885735018478053,1.3136126598306066,-0.4012416860546675,-0.9154123258550612,0.285970759412303,61
0.8680088450751643,-1.3314092672913058,0.828510437884639,-1.5755493330414962,-0.1242665388938497,0.4114510851786828,1.6642973081497967,-1.060721191718906,66
0.8680088450751643,-0.1628224112960958,-1.6717162193730573,-1.5755493330414962,-1.5621457376183063,-0.4012416860546675,1.6642973081497967,-1.060721191718906,65
-1.5569471993157984,0.1710595475596783,0.7590596974052585,-0.1434879155968454,1.3136126598306066,0.4114510851786828,-0.9154123258550612,0.285970759412303,67
-0.6908914691761688,1.005764444699114,0.064552292611454,-0.1434879155968454,-0.1242665388938497,-0.4012416860546675,1.6642973081497967,0.285970759412303,68
0.0019531149355348,-1.8322322055749671,-1.046659555058633,-1.5755493330414962,1.3136126598306066,0.4114510851786828,-0.9154123258550612,-1.060721191718906,62
0.8680088450751643,-1.1644682878634187,-0.8383073336204918,-0.1434879155968454,-0.1242665388938497,-1.213934457288018,-0.9154123258550612,-1.060721191718906,64
0.6081921260332754,0.8388234652712269,0.6201582164464976,1.2885735018478053,1.3136126598306066,0.4114510851786828,0.3744424911473677,1.632662710543512,73
1.1278255641170531,0.0041185681317912,-1.7411669598524375,-0.1434879155968454,-0.1242665388938497,-0.4012416860546675,0.3744424911473677,1.632662710543512,71
-1.6435527723297614,0.0041185681317912,1.175764140281541,-1.5755493330414962,-1.5621457376183063,-1.213934457288018,-0.9154123258550612,0.285970759412303,61
1.214431137131016,-1.498350246719193,1.175764140281541,1.2885735018478053,-1.5621457376183063,-1.213934457288018,-0.9154123258550612,0.285970759412303,68
-0.1712580310923911,0.3380005269875655,-0.4216028907442091,1.2885735018478053,-1.5621457376183063,0.4114510851786828,-0.9154123258550612,-1.060721191718906,67
-0.344469177120317,-1.3314092672913058,-1.6717162193730573,-1.5755493330414962,-0.1242665388938497,-1.213934457288018,-0.9154123258550612,-1.060721191718906,60
-0.257863604106354,-1.8322322055749671,-1.2550117764967743,-0.1434879155968454,-0.1242665388938497,0.4114510851786828,-0.9154123258550612,0.285970759412303,61
-1.1239193342459837,0.5049415064154527,1.5924685831578238,-0.1434879155968454,-0.1242665388938497,2.036836627645384,-0.9154123258550612,-1.060721191718906,66
0.5215865530193126,-0.9975273084355316,0.2034537735702149,-0.1434879155968454,-1.5621457376183063,1.2241438564120333,-0.9154123258550612,0.285970759412303,66
-0.7774970421901317,-1.66529122614708,-1.3939132574555355,-0.1434879155968454,-0.1242665388938497,0.4114510851786828,0.3744424911473677,-1.060721191718906,63
0.0019531149355348,1.005764444699114,-0.1437999288266873,-1.5755493330414962,1.3136126598306066,-0.4012416860546675,-0.9154123258550612,0.285970759412303,69
-1.2971304802739094,-0.8305863290076444,1.2452148807609216,1.2885735018478053,-0.1242665388938497,0.4114510851786828,0.3744424911473677,-1.060721191718906,64
-0.1712580310923911,-1.498350246719193,-1.6717162193730573,1.2885735018478053,-0.1242665388938497,0.4114510851786828,1.6642973081497967,-1.060721191718906,64
0.8680088450751643,0.5049415064154527,0.2034537735702149,1.2885735018478053,-0.1242665388938497,-0.4012416860546675,-0.9154123258550612,0.285970759412303,70
0.3483754069913866,1.8404693418385496,-1.7411669598524375,-0.1434879155968454,-0.1242665388938497,0.4114510851786828,-0.9154123258550612,-1.060721191718906,69
0.4349809800053495,0.0041185681317912,0.4118059950083562,-1.5755493330414962,-0.1242665388938497,-0.4012416860546675,0.3744424911473677,1.632662710543512,68
0.8680088450751643,-0.4967043701518701,0.5507074759671171,-0.1434879155968454,-0.1242665388938497,2.849529398878734,-0.9154123258550612,0.285970759412303,68
-1.2971304802739094,-0.8305863290076444,-0.9077580740998724,-0.1434879155968454,-0.1242665388938497,-0.4012416860546675,-0.9154123258550612,0.285970759412303,61
-1.2971304802739094,-1.9991731850028545,0.5507074759671171,-0.1434879155968454,-0.1242665388938497,1.2241438564120333,-0.9154123258550612,0.285970759412303,60
-1.4703416263018354,1.5065873829827754,1.314665621240302,1.2885735018478053,-0.1242665388938497,-1.213934457288018,1.6642973081497967,0.285970759412303,69
0.0019531149355348,-1.9991731850028545,0.7590596974052585,-0.1434879155968454,1.3136126598306066,0.4114510851786828,-0.9154123258550612,-1.060721191718906,64
-0.4310747501342799,-2.1661141644307413,0.064552292611454,1.2885735018478053,-0.1242665388938497,-1.213934457288018,0.3744424911473677,0.285970759412303,63
0.3483754069913866,0.5049415064154527,0.2034537735702149,-0.1434879155968454,1.3136126598306066,0.4114510851786828,-0.9154123258550612,-1.060721191718906,68
0.3483754069913866,0.5049415064154527,1.2452148807609216,1.2885735018478053,1.3136126598306066,-0.4012416860546675,1.6642973081497967,1.632662710543512,72
1.560853429186868,-1.1644682878634187,0.9674119188433998,-0.1434879155968454,1.3136126598306066,-0.4012416860546675,-0.9154123258550612,1.632662710543512,70
-1.2971304802739094,0.3380005269875655,0.4812567354877367,-0.1434879155968454,-1.5621457376183063,0.4114510851786828,0.3744424911473677,0.285970759412303,65
-1.037313761232021,-0.9975273084355316,-1.5328147384142965,-0.1434879155968454,-0.1242665388938497,-0.4012416860546675,0.3744424911473677,0.285970759412303,63
-0.1712580310923911,1.1727054241270012,0.1340030330908344,-1.5755493330414962,1.3136126598306066,-1.213934457288018,1.6642973081497967,0.285970759412303,69
0.6081921260332754,-0.329763390723983,-0.9772088145792528,-0.1434879155968454,-0.1242665388938497,0.4114510851786828,-0.9154123258550612,0.285970759412303,68
0.1751642609634607,-0.6636453495797573,0.4812567354877367,-0.1434879155968454,-0.1242665388938497,-0.4012416860546675,1.6642973081497967,0.285970759412303,66
1.387642283158942,1.1727054241270012,0.6201582164464976,-1.5755493330414962,1.3136126598306066,-0.4012416860546675,0.3744424911473677,1.632662710543512,74
1.1278255641170531,0.8388234652712269,-0.9077580740998724,-0.1434879155968454,-0.1242665388938497,-1.213934457288018,-0.9154123258550612,-1.060721191718906,68
0.9546144180891272,0.5049415064154527,-1.2550117764967743,-0.1434879155968454,-0.1242665388938497,0.4114510851786828,-0.9154123258550612,-1.060721191718906,69
-0.8641026152040947,0.3380005269875655,-0.9772088145792528,-0.1434879155968454,-1.5621457376183063,-0.4012416860546675,0.3744424911473677,-1.060721191718906,63
-1.2105249072599464,-0.6636453495797573,0.828510437884639,-0.1434879155968454,-1.5621457376183063,1.2241438564120333,-0.9154123258550612,0.285970759412303,64
0.0019531149355348,0.3380005269875655,-0.8383073336204918,1.2885735018478053,-0.1242665388938497,-0.4012416860546675,0.3744424911473677,1.632662710543512,69
1.560853429186868,0.1710595475596783,-1.6717162193730573,1.2885735018478053,-1.5621457376183063,-1.213934457288018,-0.9154123258550612,0.285970759412303,69
1.214431137131016,0.1710595475596783,-0.1437999288266873,-0.1434879155968454,-0.1242665388938497,0.4114510851786828,1.6642973081497967,-1.060721191718906,71
1.387642283158942,-0.329763390723983,1.175764140281541,1.2885735018478053,-0.1242665388938497,0.4114510851786828,-0.9154123258550612,0.285970759412303,71
-0.1712580310923911,-0.6636453495797573,-1.2550117764967743,-1.5755493330414962,1.3136126598306066,-0.4012416860546675,0.3744424911473677,0.285970759412303,65
-1.2971304802739094,-0.329763390723983,-0.8383073336204918,-0.1434879155968454,1.3136126598306066,-0.4012416860546675,-0.9154123258550612,-1.060721191718906,62
0.7814032720612014,0.1710595475596783,0.064552292611454,-0.1434879155968454,-1.5621457376183063,1.2241438564120333,-0.9154123258550612,1.632662710543512,68
-0.7774970421901317,-0.6636453495797573,0.1340030330908344,-1.5755493330414962,1.3136126598306066,2.036836627645384,0.3744424911473677,0.285970759412303,64
0.3483754069913866,-1.1644682878634187,-0.2827014097854482,-0.1434879155968454,-1.5621457376183063,-0.4012416860546675,0.3744424911473677,0.285970759412303,64
-1.3837360532878724,-1.3314092672913058,0.4118059950083562,1.2885735018478053,1.3136126598306066,-0.4012416860546675,-0.9154123258550612,1.632662710543512,63
0.0019531149355348,0.8388234652712269,0.8979611783640193,-0.1434879155968454,-0.1242665388938497,-1.213934457288018,0.3744424911473677,-1.060721191718906,67
1.1278255641170531,-0.4967043701518701,-1.7411669598524375,-1.5755493330414962,-0.1242665388938497,1.2241438564120333,-0.9154123258550612,1.632662710543512,67
1.7340645752147938,0.1710595475596783,-1.185561036017394,-0.1434879155968454,-0.1242665388938497,0.4114510851786828,-0.9154123258550612,0.285970759412303,69
-0.4310747501342799,1.6735283624106625,-0.1437999288266873,-0.1434879155968454,-0.1242665388938497,-0.4012416860546675,0.3744424911473677,0.285970759412303,69
1.0412199911030902,0.3380005269875655,-1.5328147384142965,-0.1434879155968454,-0.1242665388938497,2.036836627645384,-0.9154123258550612,1.632662710543512,69
-0.4310747501342799,2.0074103212664367,-1.324462516976155,-1.5755493330414962,-0.1242665388938497,1.2241438564120333,0.3744424911473677,0.285970759412303,68
-0.7774970421901317,0.8388234652712269,-1.6022654788936768,1.2885735018478053,-0.1242665388938497,1.2241438564120333,-0.9154123258550612,-1.060721191718906,67
0.7814032720612014,-0.329763390723983,-1.6022654788936768,-1.5755493330414962,1.3136126598306066,-0.4012416860546675,1.6642973081497967,1.632662710543512,69
0.9546144180891272,1.005764444699114,-0.2827014097854482,-1.5755493330414962,-0.1242665388938497,-1.213934457288018,-0.9154123258550612,-1.060721191718906,68
-0.0846524580784281,-0.329763390723983,1.175764140281541,1.2885735018478053,-0.1242665388938497,-0.4012416860546675,0.3744424911473677,-1.060721191718906,67
-1.5569471993157984,-0.6636453495797573,-0.0743491883473068,-0.1434879155968454,-1.5621457376183063,0.4114510851786828,-0.9154123258550612,1.632662710543512,62
-0.4310747501342799,-0.6636453495797573,1.314665621240302,-0.1434879155968454,-0.1242665388938497,-1.213934457288018,-0.9154123258550612,0.285970759412303,65
-1.5569471993157984,0.3380005269875655,0.064552292611454,-1.5755493330414962,1.3136126598306066,-0.4012416860546675,-0.9154123258550612,0.285970759412303,63
0.1751642609634607,1.3396464035548885,0.4812567354877367,1.2885735018478053,-0.1242665388938497,-0.4012416860546675,1.6642973081497967,0.285970759412303,71
1.7340645752147938,-0.1628224112960958,-0.6299551121823505,-1.5755493330414962,-0.1242665388938497,-0.4012416860546675,1.6642973081497967,1.632662710543512,69
-0.9507081882180576,-0.8305863290076444,-0.1437999288266873,-0.1434879155968454,-1.5621457376183063,0.4114510851786828,-0.9154123258550612,0.285970759412303,61
-1.6435527723297614,0.5049415064154527,0.6896089569258781,1.2885735018478053,-0.1242665388938497,-0.4012416860546675,-0.9154123258550612,0.285970759412303,66
1.1278255641170531,0.5049415064154527,1.5230178426784435,-0.1434879155968454,-0.1242665388938497,-0.4012416860546675,0.3744424911473677,0.285970759412303,70
-1.3837360532878724,1.1727054241270012,-0.5605043717029701,1.2885735018478053,-0.1242665388938497,-1.213934457288018,-0.9154123258550612,-1.060721191718906,65
1.1278255641170531,-1.1644682878634187,-0.2132506693060677,-1.5755493330414962,-1.5621457376183063,0.4114510851786828,1.6642973081497967,0.285970759412303,67
1.214431137131016,1.005764444699114,1.175764140281541,1.2885735018478053,-1.5621457376183063,-0.4012416860546675,-0.9154123258550612,-1.060721191718906,72
1.387642283158942,-0.9975273084355316,-0.7688565931411113,1.2885735018478053,-1.5621457376183063,0.4114510851786828,1.6642973081497967,-1.060721191718906,69
-1.1239193342459837,0.1710595475596783,-0.3521521502648286,1.2885735018478053,-1.5621457376183063,0.4114510851786828,1.6642973081497967,-1.060721191718906,63
-1.2971304802739094,0.1710595475596783,1.5924685831578238,-1.5755493330414962,-0.1242665388938497,0.4114510851786828,1.6642973081497967,-1.060721191718906,66
1.6474590022008309,0.8388234652712269,0.5507074759671171,-0.1434879155968454,-0.1242665388938497,-0.4012416860546675,0.3744424911473677,0.285970759412303,72
1.560853429186868,-0.8305863290076444,-0.4216028907442091,1.2885735018478053,-1.5621457376183063,0.4114510851786828,-0.9154123258550612,-1.060721191718906,68
0.2617698339774236,0.0041185681317912,-1.6717162193730573,-0.1434879155968454,-0.1242665388938497,0.4114510851786828,1.6642973081497967,-1.060721191718906,67
1.3010367101449791,0.1710595475596783,-1.3939132574555355,-0.1434879155968454,1.3136126598306066,0.4114510851786828,0.3744424911473677,0.285970759412303,71
-0.5176803231482429,0.0041185681317912,1.1063133998021608,-0.1434879155968454,-0.1242665388938497,-0.4012416860546675,-0.9154123258550612,-1.060721191718906,66
0.2617698339774236,1.005764444699114,0.2729045140495953,-0.1434879155968454,-0.1242665388938497,-0.4012416860546675,-0.9154123258550612,1.632662710543512,69
1.387642283158942,-1.3314092672913058,-0.9077580740998724,1.2885735018478053,-1.5621457376183063,0.4114510851786828,0.3744424911473677,0.285970759412303,68
-0.6908914691761688,-0.329763390723983,-1.185561036017394,1.2885735018478053,-1.5621457376183063,3.6622221701120847,-0.9154123258550612,-1.060721191718906,64
-1.4703416263018354,2.508233259550098,1.0368626593227803,1.2885735018478053,1.3136126598306066,-1.213934457288018,0.3744424911473677,0.285970759412303,71
0.6081921260332754,-0.9975273084355316,0.064552292611454,-0.1434879155968454,-0.1242665388938497,-0.4012416860546675,0.3744424911473677,-1.060721191718906,66
-0.4310747501342799,-0.1628224112960958,0.5507074759671171,1.2885735018478053,-0.1242665388938497,0.4114510851786828,-0.9154123258550612,1.632662710543512,68
1.474247856172905,0.3380005269875655,0.8979611783640193,-0.1434879155968454,-0.1242665388938497,-0.4012416860546675,0.3744424911473677,-1.060721191718906,72
0.0885586879494977,-0.4967043701518701,-1.5328147384142965,-1.5755493330414962,1.3136126598306066,-1.213934457288018,-0.9154123258550612,0.285970759412303,64
-0.6042858961622058,-1.66529122614708,-1.185561036017394,-1.5755493330414962,-0.1242665388938497,2.849529398878734,-0.9154123258550612,-1.060721191718906,61
0.3483754069913866,-0.4967043701518701,0.2034537735702149,-0.1434879155968454,-1.5621457376183063,-1.213934457288018,0.3744424911473677,1.632662710543512,65
-1.1239193342459837,-0.9975273084355316,0.828510437884639,-1.5755493330414962,1.3136126598306066,-0.4012416860546675,-0.9154123258550612,0.285970759412303,63
-1.2971304802739094,-1.1644682878634187,-0.1437999288266873,1.2885735018478053,-1.5621457376183063,-1.213934457288018,1.6642973081497967,-1.060721191718906,62
-1.5569471993157984,0.0041185681317912,0.3423552545289758,-1.5755493330414962,-0.1242665388938497,-0.4012416860546675,0.3744424911473677,0.285970759412303,62
-0.7774970421901317,0.6718824858433398,1.2452148807609216,1.2885735018478053,1.3136126598306066,0.4114510851786828,0.3744424911473677,0.285970759412303,69
-1.6435527723297614,-1.498350246719193,1.5924685831578238,-0.1434879155968454,-0.1242665388938497,-1.213934457288018,-0.9154123258550612,0.285970759412303,61
-1.2105249072599464,-0.6636453495797573,1.7313700641165848,-0.1434879155968454,-0.1242665388938497,-0.4012416860546675,-0.9154123258550612,0.285970759412303,64
1.387642283158942,-2.8338780821422898,-1.1161102955380136,1.2885735018478053,1.3136126598306066,0.4114510851786828,0.3744424911473677,-1.060721191718906,66
1.474247856172905,2.0074103212664367,-0.1437999288266873,-0.1434879155968454,1.3136126598306066,-1.213934457288018,0.3744424911473677,1.632662710543512,75
-1.2105249072599464,0.0041185681317912,-1.3939132574555355,-0.1434879155968454,-0.1242665388938497,-0.4012416860546675,1.6642973081497967,1.632662710543512,64
1.0412199911030902,0.0041185681317912,0.4812567354877367,1.2885735018478053,-0.1242665388938497,-1.213934457288018,1.6642973081497967,0.285970759412303,72
-1.4703416263018354,1.005764444699114,0.2729045140495953,1.2885735018478053,1.3136126598306066,-0.4012416860546675,-0.9154123258550612,-1.060721191718906,67
0.1751642609634607,-0.4967043701518701,-0.9772088145792528,1.2885735018478053,1.3136126598306066,1.2241438564120333,1.6642973081497967,0.285970759412303,69
-1.4703416263018354,0.0041185681317912,0.5507074759671171,-1.5755493330414962,-0.1242665388938497,2.036836627645384,1.6642973081497967,0.285970759412303,64
-0.6042858961622058,1.1727054241270012,1.6619193236372043,-0.1434879155968454,-0.1242665388938497,-0.4012416860546675,0.3744424911473677,-1.060721191718906,68
-0.6042858961622058,-0.8305863290076444,1.453567102199063,1.2885735018478053,-0.1242665388938497,-0.4012416860546675,0.3744424911473677,-1.060721191718906,64
-0.0846524580784281,0.3380005269875655,-0.0048984478679264,-0.1434879155968454,-1.5621457376183063,-0.4012416860546675,-0.9154123258550612,-1.060721191718906,65
-1.1239193342459837,1.5065873829827754,-0.0048984478679264,-1.5755493330414962,1.3136126598306066,1.2241438564120333,-0.9154123258550612,-1.060721191718906,65
0.3483754069913866,-1.9991731850028545,-1.324462516976155,-1.5755493330414962,-0.1242665388938497,-0.4012416860546675,-0.9154123258550612,-1.060721191718906,61
0.0019531149355348,0.1710595475596783,-1.3939132574555355,-0.1434879155968454,-0.1242665388938497,-0.4012416860546675,1.6642973081497967,1.632662710543512,68
0.5215865530193126,-0.8305863290076444,-0.6299551121823505,-0.1434879155968454,1.3136126598306066,-1.213934457288018,0.3744424911473677,0.285970759412303,68
-1.3837360532878724,-0.4967043701518701,0.3423552545289758,1.2885735018478053,-0.1242665388938497,-1.213934457288018,1.6642973081497967,1.632662710543512,65
0.2617698339774236,-0.9975273084355316,0.4812567354877367,-1.5755493330414962,-0.1242665388938497,-1.213934457288018,-0.9154123258550612,0.285970759412303,65
-0.4310747501342799,-0.1628224112960958,-0.6994058526617309,-0.1434879155968454,-0.1242665388938497,-1.213934457288018,-0.9154123258550612,-1.060721191718906,63
1.474247856172905,-0.329763390723983,0.8979611783640193,-1.5755493330414962,-0.1242665388938497,-1.213934457288018,-0.9154123258550612,-1.060721191718906,67
-1.5569471993157984,0.0041185681317912,1.1063133998021608,-0.1434879155968454,1.3136126598306066,-0.4012416860546675,0.3744424911473677,0.285970759412303,64
0.4349809800053495,0.1710595475596783,0.3423552545289758,-0.1434879155968454,-0.1242665388938497,1.2241438564120333,0.3744424911473677,-1.060721191718906,68
-0.0846524580784281,-0.6636453495797573,-0.7688565931411113,-0.1434879155968454,1.3136126598306066,2.036836627645384,0.3744424911473677,-1.060721191718906,67
-0.9507081882180576,0.8388234652712269,-0.6299551121823505,-0.1434879155968454,-0.1242665388938497,-1.213934457288018,0.3744424911473677,-1.060721191718906,62
1.0412199911030902,1.1727054241270012,0.5507074759671171,-0.1434879155968454,-1.5621457376183063,0.4114510851786828,0.3744424911473677,-1.060721191718906,70
-0.6908914691761688,0.0041185681317912,1.2452148807609216,-1.5755493330414962,1.3136126598306066,2.036836627645384,-0.9154123258550612,-1.060721191718906,68
0.5215865530193126,0.5049415064154527,-0.2827014097854482,-0.1434879155968454,-0.1242665388938497,1.2241438564120333,0.3744424911473677,0.285970759412303,71
1.3010367101449791,1.005764444699114,-1.6717162193730573,-0.1434879155968454,-0.1242665388938497,-0.4012416860546675,-0.9154123258550612,-1.060721191718906,70
1.387642283158942,-0.329763390723983,-0.5605043717029701,1.2885735018478053,-0.1242665388938497,-0.4012416860546675,-0.9154123258550612,1.632662710543512,71
-0.8641026152040947,1.005764444699114,0.4118059950083562,-0.1434879155968454,1.3136126598306066,-1.213934457288018,-0.9154123258550612,-1.060721191718906,66
-0.5176803231482429,-0.4967043701518701,-1.324462516976155,-0.1434879155968454,-0.1242665388938497,-0.4012416860546675,-0.9154123258550612,0.285970759412303,63
-0.9507081882180576,-2.1661141644307413,0.8979611783640193,-0.1434879155968454,-1.5621457376183063,-1.213934457288018,1.6642973081497967,-1.060721191718906,61
-0.5176803231482429,-2.1661141644307413,-0.4216028907442091,-0.1434879155968454,1.3136126598306066,-0.4012416860546675,-0.9154123258550612,1.632662710543512,64
-1.5569471993157984,-0.6636453495797573,0.9674119188433998,-0.1434879155968454,1.3136126598306066,1.2241438564120333,0.3744424911473677,-1.060721191718906,65
0.0885586879494977,0.1710595475596783,-1.6717162193730573,-0.1434879155968454,1.3136126598306066,-1.213934457288018,0.3744424911473677,0.285970759412303,67
1.6474590022008309,-0.1628224112960958,0.2729045140495953,-1.5755493330414962,-1.5621457376183063,1.2241438564120333,-0.9154123258550612,0.285970759412303,70
1.3010367101449791,-0.8305863290076444,1.2452148807609216,-0.1434879155968454,-0.1242665388938497,0.4114510851786828,0.3744424911473677,-1.060721191718906,70
0.0019531149355348,0.6718824858433398,0.4812567354877367,-1.5755493330414962,1.3136126598306066,-0.4012416860546675,0.3744424911473677,-1.060721191718906,68
0.5215865530193126,-0.6636453495797573,1.5924685831578238,-0.1434879155968454,-0.1242665388938497,-0.4012416860546675,1.6642973081497967,-1.060721191718906,68
0.7814032720612014,-0.329763390723983,-0.2132506693060677,1.2885735018478053,-0.1242665388938497,2.036836627645384,-0.9154123258550612,0.285970759412303,69
-0.257863604106354,0.5049415064154527,1.453567102199063,-0.1434879155968454,-1.5621457376183063,-0.4012416860546675,0.3744424911473677,1.632662710543512,67
-0.9507081882180576,-1.1644682878634187,1.314665621240302,-1.5755493330414962,1.3136126598306066,1.2241438564120333,-0.9154123258550612,-1.060721191718906,62
0.8680088450751643,0.1710595475596783,-0.9077580740998724,-0.1434879155968454,-1.5621457376183063,0.4114510851786828,-0.9154123258550612,0.285970759412303,67
-0.7774970421901317,0.8388234652712269,1.5924685831578238,-0.1434879155968454,-0.1242665388938497,-1.213934457288018,1.6642973081497967,-1.060721191718906,66
0.4349809800053495,-0.1628224112960958,1.175764140281541,1.2885735018478053,1.3136126598306066,1.2241438564120333,0.3744424911473677,0.285970759412303,71
1.214431137131016,0.6718824858433398,-0.0048984478679264,-0.1434879155968454,-1.5621457376183063,-0.4012416860546675,-0.9154123258550612,-1.060721191718906,69
-1.6435527723297614,0.0041185681317912,0.4118059950083562,1.2885735018478053,-0.1242665388938497,-1.213934457288018,-0.9154123258550612,1.632662710543512,63
0.4349809800053495,-0.329763390723983,-1.3939132574555355,-1.5755493330414962,-0.1242665388938497,1.2241438564120333,-0.9154123258550612,0.285970759412303,67
0.8680088450751643,-1.3314092672913058,-1.4633639979349158,-1.5755493330414962,-0.1242665388938497,-0.4012416860546675,-0.9154123258550612,1.632662710543512,64
-0.7774970421901317,-0.6636453495797573,-0.1437999288266873,-0.1434879155968454,1.3136126598306066,-0.4012416860546675,-0.9154123258550612,0.285970759412303,63
0.6081921260332754,1.3396464035548885,1.3841163617196826,-0.1434879155968454,-0.1242665388938497,0.4114510851786828,1.6642973081497967,0.285970759412303,73
1.214431137131016,-0.6636453495797573,-1.185561036017394,-0.1434879155968454,-1.5621457376183063,0.4114510851786828,0.3744424911473677,-1.060721191718906,67
0.0019531149355348,-0.9975273084355316,-0.9077580740998724,-0.1434879155968454,1.3136126598306066,-1.213934457288018,1.6642973081497967,1.632662710543512,65
0.0019531149355348,-0.8305863290076444,0.3423552545289758,-0.1434879155968454,1.3136126598306066,-1.213934457288018,-0.9154123258550612,-1.060721191718906,65
-1.2971304802739094,2.0074103212664367,-1.2550117764967743,-0.1434879155968454,1.3136126598306066,-0.4012416860546675,-0.9154123258550612,1.632662710543512,67
0.3483754069913866,-1.498350246719193,-1.1161102955380136,-1.5755493330414962,-0.1242665388938497,0.4114510851786828,-0.9154123258550612,0.285970759412303,64
0.2617698339774236,0.1710595475596783,0.9674119188433998,-1.5755493330414962,1.3136126598306066,-1.213934457288018,0.3744424911473677,-1.060721191718906,65
1.6474590022008309,-1.1644682878634187,-1.2550117764967743,-0.1434879155968454,-0.1242665388938497,-0.4012416860546675,0.3744424911473677,-1.060721191718906,68
0.6947976990472384,0.5049415064154527,-1.1161102955380136,-0.1434879155968454,-1.5621457376183063,-0.4012416860546675,-0.9154123258550612,0.285970759412303,67
0.1751642609634607,-1.3314092672913058,-0.9077580740998724,-1.5755493330414962,1.3136126598306066,0.4114510851786828,-0.9154123258550612,0.285970759412303,64
-0.257863604106354,0.5049415064154527,1.314665621240302,1.2885735018478053,-1.5621457376183063,-1.213934457288018,1.6642973081497967,1.632662710543512,70
0.6947976990472384,0.6718824858433398,-1.6717162193730573,-0.1434879155968454,-0.1242665388938497,2.036836627645384,-0.9154123258550612,0.285970759412303,71
-0.257863604106354,-1.1644682878634187,-0.4216028907442091,1.2885735018478053,1.3136126598306066,0.4114510851786828,0.3744424911473677,-1.060721191718906,67
-0.0846524580784281,-2.8338780821422898,-0.7688565931411113,-0.1434879155968454,-1.5621457376183063,-1.213934457288018,1.6642973081497967,0.285970759412303,58
-0.344469177120317,-0.1628224112960958,-0.6299551121823505,1.2885735018478053,1.3136126598306066,-1.213934457288018,-0.9154123258550612,-1.060721191718906,65
-0.4310747501342799,1.6735283624106625,0.2729045140495953,-0.1434879155968454,-0.1242665388938497,-1.213934457288018,-0.9154123258550612,0.285970759412303,67
-0.8641026152040947,0.0041185681317912,0.6201582164464976,-0.1434879155968454,-0.1242665388938497,0.4114510851786828,0.3744424911473677,0.285970759412303,65
-0.257863604106354,0.0041185681317912,-0.4910536312235896,-1.5755493330414962,-0.1242665388938497,-1.213934457288018,0.3744424911473677,0.285970759412303,65
1.474247856172905,0.3380005269875655,-0.4910536312235896,-0.1434879155968454,1.3136126598306066,4.474914941345435,0.3744424911473677,0.285970759412303,75
-0.6908914691761688,0.8388234652712269,0.828510437884639,-0.1434879155968454,-0.1242665388938497,1.2241438564120333,1.6642973081497967,0.285970759412303,68
-0.7774970421901317,0.8388234652712269,1.453567102199063,-0.1434879155968454,1.3136126598306066,0.4114510851786828,-0.9154123258550612,-1.060721191718906,69
1.3010367101449791,0.8388234652712269,1.453567102199063,-0.1434879155968454,1.3136126598306066,-0.4012416860546675,1.6642973081497967,0.285970759412303,74
1.214431137131016,-0.329763390723983,0.1340030330908344,1.2885735018478053,-0.1242665388938497,-0.4012416860546675,0.3744424911473677,0.285970759412303,70
-1.6435527723297614,0.5049415064154527,-0.1437999288266873,-1.5755493330414962,1.3136126598306066,-0.4012416860546675,0.3744424911473677,0.285970759412303,65
0.1751642609634607,1.1727054241270012,-0.5605043717029701,-0.1434879155968454,-0.1242665388938497,-0.4012416860546675,-0.9154123258550612,-1.060721191718906,68
-0.5176803231482429,-0.8305863290076444,0.064552292611454,-0.1434879155968454,1.3136126598306066,-0.4012416860546675,-0.9154123258550612,0.285970759412303,64
-0.9507081882180576,-0.329763390723983,-1.046659555058633,1.2885735018478053,-0.1242665388938497,1.2241438564120333,0.3744424911473677,-1.060721191718906,64
-1.037313761232021,1.1727054241270012,-0.3521521502648286,-0.1434879155968454,1.3136126598306066,-1.213934457288018,1.6642973081497967,0.285970759412303,68
-0.6042858961622058,-0.4967043701518701,1.5230178426784435,-0.1434879155968454,-0.1242665388938497,-0.4012416860546675,-0.9154123258550612,0.285970759412303,67
-1.3837360532878724,-0.6636453495797573,0.8979611783640193,-1.5755493330414962,1.3136126598306066,-0.4012416860546675,-0.9154123258550612,0.285970759412303,64
0.3483754069913866,-0.329763390723983,-0.7688565931411113,-1.5755493330414962,1.3136126598306066,0.4114510851786828,-0.9154123258550612,-1.060721191718906,67
0.5215865530193126,-0.4967043701518701,1.5924685831578238,1.2885735018478053,-0.1242665388938497,0.4114510851786828,1.6642973081497967,-1.060721191718906,71
-1.2971304802739094,-1.3314092672913058,-0.0048984478679264,1.2885735018478053,-0.1242665388938497,-1.213934457288018,-0.9154123258550612,1.632662710543512,62
-0.4310747501342799,-0.329763390723983,-1.5328147384142965,-1.5755493330414962,-0.1242665388938497,-1.213934457288018,-0.9154123258550612,1.632662710543512,63
1.1278255641170531,-0.4967043701518701,-1.2550117764967743,-0.1434879155968454,-1.5621457376183063,1.2241438564120333,0.3744424911473677,-1.060721191718906,69
-0.344469177120317,1.1727054241270012,-1.185561036017394,-0.1434879155968454,-0.1242665388938497,-0.4012416860546675,0.3744424911473677,0.285970759412303,68
1.0412199911030902,-0.9975273084355316,-0.9772088145792528,-0.1434879155968454,1.3136126598306066,-1.213934457288018,0.3744424911473677,-1.060721191718906,67
1.1278255641170531,-0.8305863290076444,-1.6022654788936768,-0.1434879155968454,-0.1242665388938497,1.2241438564120333,0.3744424911473677,-1.060721191718906,68
1.387642283158942,0.5049415064154527,0.3423552545289758,-0.1434879155968454,-1.5621457376183063,1.2241438564120333,-0.9154123258550612,-1.060721191718906,71
1.387642283158942,-2.8338780821422898,-0.9077580740998724,1.2885735018478053,1.3136126598306066,1.2241438564120333,-0.9154123258550612,-1.060721191718906,66
1.474247856172905,-0.329763390723983,-0.6299551121823505,1.2885735018478053,-0.1242665388938497,0.4114510851786828,0.3744424911473677,0.285970759412303,70
-0.6042858961622058,0.1710595475596783,-1.046659555058633,-0.1434879155968454,-1.5621457376183063,0.4114510851786828,0.3744424911473677,0.285970759412303,66
-0.257863604106354,-0.8305863290076444,-1.2550117764967743,-0.1434879155968454,-0.1242665388938497,-0.4012416860546675,0.3744424911473677,-1.060721191718906,63
-1.2105249072599464,-0.1628224112960958,1.314665621240302,1.2885735018478053,-0.1242665388938497,-0.4012416860546675,-0.9154123258550612,1.632662710543512,65
0.9546144180891272,0.6718824858433398,-1.324462516976155,1.2885735018478053,-1.5621457376183063,-0.4012416860546675,0.3744424911473677,-1.060721191718906,70
-0.6042858961622058,-1.8322322055749671,1.453567102199063,-0.1434879155968454,-0.1242665388938497,-1.213934457288018,-0.9154123258550612,-1.060721191718906,62
0.4349809800053495,-0.329763390723983,0.7590596974052585,1.2885735018478053,-0.1242665388938497,-0.4012416860546675,-0.9154123258550612,0.285970759412303,68
-0.344469177120317,0.3380005269875655,0.4812567354877367,-0.1434879155968454,-0.1242665388938497,-1.213934457288018,-0.9154123258550612,0.285970759412303,67
-0.5176803231482429,-0.329763390723983,-0.5605043717029701,-0.1434879155968454,-1.5621457376183063,-1.213934457288018,-0.9154123258550612,-1.060721191718906,63
1.3010367101449791,-2.3330551438586284,1.453567102199063,-0.1434879155968454,1.3136126598306066,2.036836627645384,-0.9154123258550612,-1.060721191718906,68
0.8680088450751643,3.0090561978337598,-1.046659555058633,-0.1434879155968454,1.3136126598306066,0.4114510851786828,0.3744424911473677,-1.060721191718906,74
1.6474590022008309,-1.498350246719193,0.8979611783640193,1.2885735018478053,-0.1242665388938497,2.036836627645384,0.3744424911473677,0.285970759412303,71
1.7340645752147938,-0.6636453495797573,-0.6994058526617309,-0.1434879155968454,-0.1242665388938497,-0.4012416860546675,0.3744424911473677,1.632662710543512,69
-0.0846524580784281,-0.4967043701518701,0.6201582164464976,1.2885735018478053,-0.1242665388938497,-1.213934457288018,-0.9154123258550612,0.285970759412303,66
1.3010367101449791,-0.8305863290076444,-1.1161102955380136,-0.1434879155968454,-0.1242665388938497,-1.213934457288018,-0.9154123258550612,0.285970759412303,66
0.7814032720612014,1.3396464035548885,0.2729045140495953,1.2885735018478053,-1.5621457376183063,-1.213934457288018,0.3744424911473677,-1.060721191718906,71
1.3010367101449791,1.5065873829827754,1.1063133998021608,-0.1434879155968454,1.3136126598306066,-0.4012416860546675,-0.9154123258550612,-1.060721191718906,73
-0.4310747501342799,-0.329763390723983,0.7590596974052585,-0.1434879155968454,-0.1242665388938497,-0.4012416860546675,-0.9154123258550612,-1.060721191718906,64
-0.4310747501342799,0.3380005269875655,-1.6022654788936768,-0.1434879155968454,1.3136126598306066,-1.213934457288018,0.3744424911473677,-1.060721191718906,66
-0.1712580310923911,-0.4967043701518701,-1.6717162193730573,-1.5755493330414962,-0.1242665388938497,-0.4012416860546675,-0.9154123258550612,-1.060721191718906,63
-0.344469177120317,0.6718824858433398,1.175764140281541,-0.1434879155968454,-0.1242665388938497,-0.4012416860546675,1.6642973081497967,0.285970759412303,68
0.4349809800053495,-1.498350246719193,0.3423552545289758,-1.5755493330414962,-0.1242665388938497,-1.213934457288018,0.3744424911473677,-1.060721191718906,63
1.214431137131016,1.005764444699114,0.2729045140495953,1.2885735018478053,-0.1242665388938497,-0.4012416860546675,1.6642973081497967,-1.060721191718906,74
-1.1239193342459837,0.6718824858433398,-1.3939132574555355,-0.1434879155968454,1.3136126598306066,0.4114510851786828,0.3744424911473677,-1.060721191718906,65
-0.5176803231482429,-1.1644682878634187,-0.7688565931411113,-0.1434879155968454,-0.1242665388938497,2.036836627645384,-0.9154123258550612,1.632662710543512,63
-0.9507081882180576,-1.3314092672913058,-0.3521521502648286,-1.5755493330414962,1.3136126598306066,-0.4012416860546675,-0.9154123258550612,0.285970759412303,62
-1.5569471993157984,0.1710595475596783,1.314665621240302,-0.1434879155968454,-0.1242665388938497,-0.4012416860546675,0.3744424911473677,-1.060721191718906,64
-0.0846524580784281,1.6735283624106625,-0.6994058526617309,-0.1434879155968454,1.3136126598306066,-0.4012416860546675,1.6642973081497967,-1.060721191718906,70
-0.257863604106354,0.0041185681317912,-1.185561036017394,1.2885735018478053,-1.5621457376183063,-1.213934457288018,-0.9154123258550612,1.632662710543512,66
0.3483754069913866,1.6735283624106625,-1.6717162193730573,-0.1434879155968454,1.3136126598306066,-0.4012416860546675,1.6642973081497967,-1.060721191718906,69
-0.6042858961622058,0.8388234652712269,0.4812567354877367,-0.1434879155968454,1.3136126598306066,-0.4012416860546675,-0.9154123258550612,0.285970759412303,66
1.3010367101449791,0.0041185681317912,-0.9077580740998724,-1.5755493330414962,-0.1242665388938497,0.4114510851786828,0.3744424911473677,-1.060721191718906,68
0.9546144180891272,0.8388234652712269,-0.2132506693060677,-0.1434879155968454,-0.1242665388938497,0.4114510851786828,1.6642973081497967,0.285970759412303,71
1.1278255641170531,0.0041185681317912,1.3841163617196826,-0.1434879155968454,-0.1242665388938497,-0.4012416860546675,0.3744424911473677,0.285970759412303,70
-0.5176803231482429,0.1710595475596783,-1.6022654788936768,-0.1434879155968454,-0.1242665388938497,1.2241438564120333,-0.9154123258550612,0.285970759412303,66
-0.0846524580784281,0.8388234652712269,-1.4633639979349158,-1.5755493330414962,-0.1242665388938497,-0.4012416860546675,1.6642973081497967,-1.060721191718906,66
-1.4703416263018354,1.1727054241270012,0.3423552545289758,-1.5755493330414962,-0.1242665388938497,-0.4012416860546675,-0.9154123258550612,0.285970759412303,65
-0.344469177120317,-1.8322322055749671,-0.2827014097854482,-0.1434879155968454,-0.1242665388938497,-0.4012416860546675,0.3744424911473677,0.285970759412303,63
-1.5569471993157984,0.0041185681317912,0.6896089569258781,-0.1434879155968454,1.3136126598306066,0.4114510851786828,0.3744424911473677,0.285970759412303,66
0.7814032720612014,0.6718824858433398,-1.5328147384142965,-1.5755493330414962,-0.1242665388938497,-0.4012416860546675,-0.9154123258550612,-1.060721191718906,68
-0.8641026152040947,1.8404693418385496,-0.6299551121823505,1.2885735018478053,-0.1242665388938497,-0.4012416860546675,0.3744424911473677,1.632662710543512,69
0.1751642609634607,1.5065873829827754,1.3841163617196826,1.2885735018478053,1.3136126598306066,0.4114510851786828,0.3744424911473677,0.285970759412303,74
-0.1712580310923911,-0.329763390723983,0.6896089569258781,1.2885735018478053,-0.1242665388938497,-0.4012416860546675,1.6642973081497967,-1.060721191718906,68
-0.257863604106354,-0.329763390723983,1.7313700641165848,-0.1434879155968454,-1.5621457376183063,0.4114510851786828,-0.9154123258550612,1.632662710543512,67
-0.7774970421901317,-1.1644682878634187,-0.1437999288266873,-1.5755493330414962,-1.5621457376183063,-0.4012416860546675,-0.9154123258550612,1.632662710543512,61
-0.9507081882180576,0.3380005269875655,0.2729045140495953,-0.1434879155968454,-0.1242665388938497,-0.4012416860546675,0.3744424911473677,-1.060721191718906,66
-1.4703416263018354,3.0090561978337598,-1.6022654788936768,1.2885735018478053,-0.1242665388938497,-0.4012416860546675,0.3744424911473677,0.285970759412303,69
-1.5569471993157984,-1.498350246719193,-0.4910536312235896,1.2885735018478053,-0.1242665388938497,0.4114510851786828,-0.9154123258550612,1.632662710543512,61
-0.0846524580784281,-0.4967043701518701,-0.5605043717029701,-0.1434879155968454,-0.1242665388938497,-0.4012416860546675,-0.9154123258550612,-1.060721191718906,64
1.0412199911030902,0.3380005269875655,-1.3939132574555355,1.2885735018478053,-1.5621457376183063,-0.4012416860546675,-0.9154123258550612,-1.060721191718906,68
1.387642283158942,-0.329763390723983,-0.6994058526617309,-0.1434879155968454,1.3136126598306066,1.2241438564120333,0.3744424911473677,0.285970759412303,71
1.1278255641170531,-1.3314092672913058,-1.7411669598524375,1.2885735018478053,1.3136126598306066,2.036836627645384,1.6642973081497967,1.632662710543512,71
0.9546144180891272,0.6718824858433398,0.064552292611454,-1.5755493330414962,-0.1242665388938497,-0.4012416860546675,0.3744424911473677,-1.060721191718906,70
1.214431137131016,-0.9975273084355316,0.9674119188433998,-0.1434879155968454,1.3136126598306066,-1.213934457288018,1.6642973081497967,0.285970759412303,70
0.6081921260332754,0.5049415064154527,-0.4910536312235896,-1.5755493330414962,1.3136126598306066,-1.213934457288018,0.3744424911473677,1.632662710543512,68
0.1751642609634607,1.005764444699114,1.314665621240302,-0.1434879155968454,-1.5621457376183063,-1.213934457288018,-0.9154123258550612,-1.060721191718906,67
-1.2105249072599464,-0.329763390723983,1.175764140281541,-0.1434879155968454,1.3136126598306066,0.4114510851786828,-0.9154123258550612,-1.060721191718906,65
0.8680088450751643,0.0041185681317912,1.5230178426784435,-1.5755493330414962,-0.1242665388938497,-0.4012416860546675,-0.9154123258550612,0.285970759412303,68
-0.1712580310923911,-0.4967043701518701,-0.6994058526617309,-0.1434879155968454,-0.1242665388938497,-0.4012416860546675,-0.9154123258550612,0.285970759412303,65
1.1278255641170531,-0.4967043701518701,-0.7688565931411113,-0.1434879155968454,-0.1242665388938497,-0.4012416860546675,-0.9154123258550612,0.285970759412303,67
-0.0846524580784281,-1.3314092672913058,-1.3939132574555355,1.2885735018478053,-1.5621457376183063,-0.4012416860546675,0.3744424911473677,-1.060721191718906,62
0.7814032720612014,0.8388234652712269,0.4812567354877367,-1.5755493330414962,-1.5621457376183063,0.4114510851786828,1.6642973081497967,-1.060721191718906,71
1.214431137131016,-1.498350246719193,-0.5605043717029701,-0.1434879155968454,-0.1242665388938497,0.4114510851786828,-0.9154123258550612,1.632662710543512,67
-0.8641026152040947,-0.329763390723983,0.2729045140495953,-1.5755493330414962,1.3136126598306066,-0.4012416860546675,0.3744424911473677,0.285970759412303,65
1.3010367101449791,0.6718824858433398,0.828510437884639,-1.5755493330414962,-0.1242665388938497,-1.213934457288018,-0.9154123258550612,-1.060721191718906,68
-1.1239193342459837,-1.9991731850028545,0.1340030330908344,-1.5755493330414962,-1.5621457376183063,-0.4012416860546675,0.3744424911473677,0.285970759412303,59
-1.2971304802739094,1.1727054241270012,-1.6717162193730573,-0.1434879155968454,-0.1242665388938497,0.4114510851786828,1.6642973081497967,1.632662710543512,66
-0.0846524580784281,-0.1628224112960958,-0.8383073336204918,1.2885735018478053,-0.1242665388938497,2.036836627645384,-0.9154123258550612,-1.060721191718906,68
-1.4703416263018354,-0.8305863290076444,0.7590596974052585,-0.1434879155968454,-0.1242665388938497,2.036836627645384,-0.9154123258550612,1.632662710543512,65
0.5215865530193126,-0.9975273084355316,1.0368626593227803,-1.5755493330414962,-1.5621457376183063,-1.213934457288018,-0.9154123258550612,-1.060721191718906,63
0.2617698339774236,2.0074103212664367,1.175764140281541,-0.1434879155968454,-0.1242665388938497,-0.4012416860546675,-0.9154123258550612,1.632662710543512,72
0.9546144180891272,-0.4967043701518701,-1.4633639979349158,-0.1434879155968454,-1.5621457376183063,1.2241438564120333,0.3744424911473677,-1.060721191718906,67
0.0885586879494977,0.5049415064154527,1.1063133998021608,1.2885735018478053,1.3136126598306066,-1.213934457288018,-0.9154123258550612,1.632662710543512,70
-0.6042858961622058,-0.6636453495797573,1.314665621240302,-1.5755493330414962,-1.5621457376183063,-0.4012416860546675,0.3744424911473677,-1.060721191718906,61
0.0885586879494977,-0.9975273084355316,1.0368626593227803,1.2885735018478053,-0.1242665388938497,1.2241438564120333,1.6642973081497967,1.632662710543512,69
-0.344469177120317,-0.1628224112960958,-0.6299551121823505,-1.5755493330414962,-0.1242665388938497,0.4114510851786828,0.3744424911473677,0.285970759412303,66
-1.1239193342459837,0.1710595475596783,-1.3939132574555355,1.2885735018478053,-1.5621457376183063,0.4114510851786828,-0.9154123258550612,1.632662710543512,66
1.214431137131016,-0.6636453495797573,0.064552292611454,-0.1434879155968454,-0.1242665388938497,0.4114510851786828,-0.9154123258550612,0.285970759412303,67
-1.2971304802739094,-2.4999961232865155,-0.2827014097854482,1.2885735018478053,-1.5621457376183063,-1.213934457288018,0.3744424911473677,-1.060721191718906,56
-0.0846524580784281,0.1710595475596783,0.4118059950083562,-1.5755493330414962,-0.1242665388938497,0.4114510851786828,-0.9154123258550612,0.285970759412303,67
-0.6908914691761688,-1.3314092672913058,1.6619193236372043,-1.5755493330414962,-1.5621457376183063,-1.213934457288018,0.3744424911473677,-1.060721191718906,62
-0.257863604106354,-0.8305863290076444,-1.185561036017394,-0.1434879155968454,-0.1242665388938497,-0.4012416860546675,0.3744424911473677,-1.060721191718906,64
-1.2105249072599464,-0.329763390723983,1.0368626593227803,-0.1434879155968454,-0.1242665388938497,-1.213934457288018,1.6642973081497967,0.285970759412303,64
1.387642283158942,-0.329763390723983,1.2452148807609216,-0.1434879155968454,-0.1242665388938497,-1.213934457288018,0.3744424911473677,0.285970759412303,72
1.214431137131016,-0.6636453495797573,-0.6299551121823505,-0.1434879155968454,-1.5621457376183063,1.2241438564120333,0.3744424911473677,0.285970759412303,69
-1.2105249072599464,-0.8305863290076444,-1.5328147384142965,-0.1434879155968454,-1.5621457376183063,0.4114510851786828,0.3744424911473677,0.285970759412303,61
0.9546144180891272,1.1727054241270012,0.4812567354877367,1.2885735018478053,-1.5621457376183063,-1.213934457288018,-0.9154123258550612,-1.060721191718906,69
-1.5569471993157984,-0.4967043701518701,1.6619193236372043,-1.5755493330414962,1.3136126598306066,0.4114510851786828,-0.9154123258550612,0.285970759412303,62
0.6947976990472384,-0.4967043701518701,1.7313700641165848,1.2885735018478053,-0.1242665388938497,-0.4012416860546675,1.6642973081497967,-1.060721191718906,71
-1.2105249072599464,0.3380005269875655,1.3841163617196826,-1.5755493330414962,-0.1242665388938497,-0.4012416860546675,-0.9154123258550612,0.285970759412303,64
1.214431137131016,0.1710595475596783,0.6896089569258781,-1.5755493330414962,1.3136126598306066,-0.4012416860546675,0.3744424911473677,0.285970759412303,70
1.474247856172905,-0.1628224112960958,-0.6299551121823505,-0.1434879155968454,1.3136126598306066,0.4114510851786828,0.3744424911473677,0.285970759412303,72
0.5215865530193126,-0.6636453495797573,1.314665621240302,-0.1434879155968454,1.3136126598306066,-1.213934457288018,-0.9154123258550612,0.285970759412303,68
0.7814032720612014,0.1710595475596783,1.0368626593227803,-0.1434879155968454,-1.5621457376183063,2.036836627645384,1.6642973081497967,1.632662710543512,70
1.6474590022008309,-1.9991731850028545,0.5507074759671171,1.2885735018478053,-1.5621457376183063,0.4114510851786828,1.6642973081497967,0.285970759412303,70
-0.7774970421901317,0.1710595475596783,-1.185561036017394,-1.5755493330414962,1.3136126598306066,-0.4012416860546675,0.3744424911473677,0.285970759412303,64
-1.1239193342459837,0.6718824858433398,-1.5328147384142965,-0.1434879155968454,-1.5621457376183063,-1.213934457288018,0.3744424911473677,0.285970759412303,63
0.2617698339774236,-1.1644682878634187,0.4118059950083562,-0.1434879155968454,-1.5621457376183063,2.036836627645384,0.3744424911473677,-1.060721191718906,66
0.5215865530193126,-0.8305863290076444,1.0368626593227803,-1.5755493330414962,-0.1242665388938497,-1.213934457288018,1.6642973081497967,0.285970759412303,66
-1.2105249072599464,0.5049415064154527,-0.8383073336204918,-1.5755493330414962,1.3136126598306066,-1.213934457288018,0.3744424911473677,-1.060721191718906,64
0.6081921260332754,-1.498350246719193,-1.5328147384142965,-0.1434879155968454,-1.5621457376183063,-0.4012416860546675,-0.9154123258550612,0.285970759412303,64
-0.4310747501342799,0.0041185681317912,-1.1161102955380136,-1.5755493330414962,-0.1242665388938497,0.4114510851786828,1.6642973081497967,0.285970759412303,64
-0.7774970421901317,-1.1644682878634187,-0.6994058526617309,1.2885735018478053,-0.1242665388938497,0.4114510851786828,1.6642973081497967,0.285970759412303,66
0.2617698339774236,0.1710595475596783,1.3841163617196826,-0.1434879155968454,-0.1242665388938497,2.036836627645384,-0.9154123258550612,1.632662710543512,70
0.2617698339774236,-1.3314092672913058,0.2729045140495953,-0.1434879155968454,-0.1242665388938497,-0.4012416860546675,-0.9154123258550612,1.632662710543512,65
-1.5569471993157984,0.0041185681317912,1.3841163617196826,-0.1434879155968454,-0.1242665388938497,-1.213934457288018,-0.9154123258550612,0.285970759412303,62
0.3483754069913866,0.1710595475596783,1.5230178426784435,-0.1434879155968454,-1.5621457376183063,0.4114510851786828,-0.9154123258550612,-1.060721191718906,67
0.9546144180891272,-0.1628224112960958,-1.1161102955380136,-0.1434879155968454,-0.1242665388938497,-0.4012416860546675,1.6642973081497967,1.632662710543512,69
0.9546144180891272,0.1710595475596783,-0.0743491883473068,-0.1434879155968454,1.3136126598306066,0.4114510851786828,0.3744424911473677,-1.060721191718906,69
-1.6435527723297614,1.6735283624106625,1.0368626593227803,1.2885735018478053,-1.5621457376183063,0.4114510851786828,-0.9154123258550612,-1.060721191718906,66
-1.2105249072599464,0.0041185681317912,-1.1161102955380136,1.2885735018478053,-0.1242665388938497,2.036836627645384,0.3744424911473677,0.285970759412303,66
-0.344469177120317,0.6718824858433398,0.5507074759671171,1.2885735018478053,-1.5621457376183063,-0.4012416860546675,-0.9154123258550612,1.632662710543512,69
-0.6042858961622058,0.0041185681317912,1.6619193236372043,-0.1434879155968454,-0.1242665388938497,-0.4012416860546675,-0.9154123258550612,0.285970759412303,66
-1.6435527723297614,1.005764444699114,0.828510437884639,-1.5755493330414962,-0.1242665388938497,1.2241438564120333,-0.9154123258550612,1.632662710543512,66
-1.4703416263018354,0.3380005269875655,0.6896089569258781,1.2885735018478053,-0.1242665388938497,2.036836627645384,0.3744424911473677,1.632662710543512,68
0.1751642609634607,0.8388234652712269,0.4118059950083562,1.2885735018478053,-0.1242665388938497,0.4114510851786828,1.6642973081497967,0.285970759412303,71
1.6474590022008309,0.8388234652712269,-0.3521521502648286,-0.1434879155968454,-1.5621457376183063,-0.4012416860546675,0.3744424911473677,0.285970759412303,71
-1.4703416263018354,0.8388234652712269,-1.185561036017394,-0.1434879155968454,-1.5621457376183063,-0.4012416860546675,0.3744424911473677,1.632662710543512,64
1.3010367101449791,-0.329763390723983,-0.6994058526617309,-0.1434879155968454,-1.5621457376183063,-0.4012416860546675,-0.9154123258550612,-1.060721191718906,68
-0.4310747501342799,-0.329763390723983,0.828510437884639,-0.1434879155968454,-0.1242665388938497,1.2241438564120333,1.6642973081497967,-1.060721191718906,67
1.474247856172905,0.5049415064154527,1.453567102199063,-0.1434879155968454,-0.1242665388938497,0.4114510851786828,0.3744424911473677,0.285970759412303,74
0.6081921260332754,0.0041185681317912,-0.0048984478679264,1.2885735018478053,-0.1242665388938497,1.2241438564120333,0.3744424911473677,0.285970759412303,70
-1.4703416263018354,1.1727054241270012,-1.6717162193730573,1.2885735018478053,-0.1242665388938497,-1.213934457288018,1.6642973081497967,-1.060721191718906,64
1.214431137131016,-0.329763390723983,-0.2827014097854482,-0.1434879155968454,-0.1242665388938497,1.2241438564120333,0.3744424911473677,1.632662710543512,71
-0.9507081882180576,0.1710595475596783,-1.6022654788936768,-0.1434879155968454,1.3136126598306066,-1.213934457288018,1.6642973081497967,-1.060721191718906,64
-0.344469177120317,-2.3330551438586284,-0.8383073336204918,-0.1434879155968454,-0.1242665388938497,2.849529398878734,0.3744424911473677,0.285970759412303,64
0.2617698339774236,-0.6636453495797573,-1.324462516976155,1.2885735018478053,-0.1242665388938497,2.036836627645384,-0.9154123258550612,1.632662710543512,68
0.4349809800053495,0.1710595475596783,-1.6717162193730573,-0.1434879155968454,-0.1242665388938497,0.4114510851786828,0.3744424911473677,-1.060721191718906,66
1.387642283158942,-0.329763390723983,0.3423552545289758,1.2885735018478053,-0.1242665388938497,-0.4012416860546675,0.3744424911473677,-1.060721191718906,72
1.7340645752147938,1.3396464035548885,-0.2132506693060677,-1.5755493330414962,1.3136126598306066,-0.4012416860546675,1.6642973081497967,-1.060721191718906,73
1.387642283158942,-0.1628224112960958,0.4812567354877367,-0.1434879155968454,-0.1242665388938497,-0.4012416860546675,1.6642973081497967,1.632662710543512,71
0.8680088450751643,-0.8305863290076444,-1.6717162193730573,1.2885735018478053,1.3136126598306066,0.4114510851786828,-0.9154123258550612,1.632662710543512,68
1.387642283158942,1.1727054241270012,1.2452148807609216,-0.1434879155968454,-0.1242665388938497,0.4114510851786828,0.3744424911473677,0.285970759412303,74
-0.8641026152040947,0.6718824858433398,-0.2827014097854482,-0.1434879155968454,-0.1242665388938497,-0.4012416860546675,-0.9154123258550612,0.285970759412303,65
-0.7774970421901317,0.8388234652712269,-0.1437999288266873,1.2885735018478053,-0.1242665388938497,-0.4012416860546675,-0.9154123258550612,-1.060721191718906,67
-0.6042858961622058,-0.329763390723983,-0.2132506693060677,1.2885735018478053,-0.1242665388938497,-0.4012416860546675,-0.9154123258550612,0.285970759412303,63
1.0412199911030902,-0.1628224112960958,-0.3521521502648286,-0.1434879155968454,1.3136126598306066,0.4114510851786828,0.3744424911473677,0.285970759412303,71
-0.5176803231482429,-0.1628224112960958,-0.4910536312235896,1.2885735018478053,-0.1242665388938497,0.4114510851786828,-0.9154123258550612,-1.060721191718906,66
-0.5176803231482429,0.0041185681317912,0.2729045140495953,-0.1434879155968454,-1.5621457376183063,-0.4012416860546675,0.3744424911473677,1.632662710543512,64
-1.1239193342459837,-0.6636453495797573,1.314665621240302,1.2885735018478053,-0.1242665388938497,-0.4012416860546675,1.6642973081497967,0.285970759412303,66
-0.5176803231482429,0.6718824858433398,-0.6994058526617309,-0.1434879155968454,-0.1242665388938497,1.2241438564120333,0.3744424911473677,0.285970759412303,68
-0.6042858961622058,0.0041185681317912,-1.046659555058633,1.2885735018478053,-0.1242665388938497,-0.4012416860546675,-0.9154123258550612,-1.060721191718906,64
1.6474590022008309,-0.8305863290076444,-0.0048984478679264,-0.1434879155968454,-1.5621457376183063,0.4114510851786828,0.3744424911473677,0.285970759412303,67
1.474247856172905,1.3396464035548885,0.8979611783640193,-0.1434879155968454,-0.1242665388938497,0.4114510851786828,-0.9154123258550612,0.285970759412303,74
1.0412199911030902,0.5049415064154527,-1.4633639979349158,-1.5755493330414962,-0.1242665388938497,1.2241438564120333,1.6642973081497967,0.285970759412303,70
-0.4310747501342799,0.0041185681317912,0.2034537735702149,-0.1434879155968454,-0.1242665388938497,-1.213934457288018,0.3744424911473677,-1.060721191718906,64
-1.6435527723297614,-0.1628224112960958,-0.0743491883473068,-0.1434879155968454,-0.1242665388938497,0.4114510851786828,1.6642973081497967,1.632662710543512,62
0.6947976990472384,-0.6636453495797573,-1.3939132574555355,-0.1434879155968454,-1.5621457376183063,1.2241438564120333,1.6642973081497967,-1.060721191718906,66
-0.1712580310923911,-0.8305863290076444,-0.0048984478679264,1.2885735018478053,1.3136126598306066,-0.4012416860546675,-0.9154123258550612,-1.060721191718906,65
0.5215865530193126,2.174351300694324,0.3423552545289758,-0.1434879155968454,-1.5621457376183063,-1.213934457288018,1.6642973081497967,-1.060721191718906,72
0.8680088450751643,-1.66529122614708,0.3423552545289758,-0.1434879155968454,1.3136126598306066,-1.213934457288018,-0.9154123258550612,0.285970759412303,67
1.214431137131016,0.5049415064154527,0.5507074759671171,-1.5755493330414962,-1.5621457376183063,0.4114510851786828,-0.9154123258550612,-1.060721191718906,69
-0.5176803231482429,0.5049415064154527,0.064552292611454,1.2885735018478053,1.3136126598306066,-0.4012416860546675,0.3744424911473677,0.285970759412303,67
-0.8641026152040947,0.8388234652712269,-0.1437999288266873,1.2885735018478053,-1.5621457376183063,-0.4012416860546675,1.6642973081497967,-1.060721191718906,65
0.1751642609634607,-0.6636453495797573,-0.4216028907442091,1.2885735018478053,-0.1242665388938497,0.4114510851786828,0.3744424911473677,-1.060721191718906,68
1.1278255641170531,0.3380005269875655,-1.1161102955380136,1.2885735018478053,-0.1242665388938497,1.2241438564120333,1.6642973081497967,-1.060721191718906,72
-0.8641026152040947,-1.3314092672913058,0.4118059950083562,-0.1434879155968454,-0.1242665388938497,-0.4012416860546675,-0.9154123258550612,-1.060721191718906,59
0.3483754069913866,0.3380005269875655,-1.1161102955380136,-0.1434879155968454,-0.1242665388938497,-1.213934457288018,0.3744424911473677,1.632662710543512,69
1.474247856172905,1.1727054241270012,-0.2132506693060677,1.2885735018478053,1.3136126598306066,3.6622221701120847,0.3744424911473677,-1.060721191718906,76
0.4349809800053495,-1.1644682878634187,0.9674119188433998,-0.1434879155968454,1.3136126598306066,-1.213934457288018,-0.9154123258550612,1.632662710543512,65
-0.257863604106354,0.1710595475596783,-0.6994058526617309,-0.1434879155968454,-1.5621457376183063,0.4114510851786828,-0.9154123258550612,-1.060721191718906,64
1.3010367101449791,2.0074103212664367,-0.6299551121823505,-0.1434879155968454,-0.1242665388938497,2.849529398878734,0.3744424911473677,1.632662710543512,76
-1.1239193342459837,-0.4967043701518701,-0.2827014097854482,-0.1434879155968454,-0.1242665388938497,1.2241438564120333,-0.9154123258550612,0.285970759412303,63
-1.3837360532878724,-1.8322322055749671,-0.4910536312235896,-1.5755493330414962,-0.1242665388938497,-1.213934457288018,-0.9154123258550612,0.285970759412303,57
0.5215865530193126,-0.8305863290076444,1.5230178426784435,-0.1434879155968454,-1.5621457376183063,0.4114510851786828,-0.9154123258550612,0.285970759412303,67
0.1751642609634607,1.3396464035548885,-0.2827014097854482,1.2885735018478053,-0.1242665388938497,-0.4012416860546675,-0.9154123258550612,0.285970759412303,70
-1.5569471993157984,0.1710595475596783,-1.185561036017394,-1.5755493330414962,1.3136126598306066,0.4114510851786828,0.3744424911473677,-1.060721191718906,64
-0.5176803231482429,-1.1644682878634187,1.5924685831578238,1.2885735018478053,-0.1242665388938497,-0.4012416860546675,-0.9154123258550612,1.632662710543512,66
-1.3837360532878724,2.174351300694324,-1.3939132574555355,-0.1434879155968454,1.3136126598306066,-0.4012416860546675,0.3744424911473677,0.285970759412303,68
0.9546144180891272,1.005764444699114,-0.2132506693060677,-0.1434879155968454,-1.5621457376183063,2.036836627645384,0.3744424911473677,1.632662710543512,71
-0.1712580310923911,1.3396464035548885,-0.1437999288266873,-1.5755493330414962,1.3136126598306066,1.2241438564120333,-0.9154123258550612,-1.060721191718906,68
-0.7774970421901317,0.0041185681317912,-0.3521521502648286,-0.1434879155968454,-0.1242665388938497,-1.213934457288018,-0.9154123258550612,1.632662710543512,65
1.387642283158942,0.1710595475596783,1.7313700641165848,1.2885735018478053,-0.1242665388938497,-0.4012416860546675,0.3744424911473677,1.632662710543512,73
-0.257863604106354,1.3396464035548885,-1.4633639979349158,-0.1434879155968454,1.3136126598306066,-0.4012416860546675,1.6642973081497967,1.632662710543512,70
1.560853429186868,-0.1628224112960958,-0.1437999288266873,-1.5755493330414962,-0.1242665388938497,1.2241438564120333,0.3744424911473677,-1.060721191718906,69
-0.1712580310923911,-0.8305863290076444,0.4118059950083562,-0.1434879155968454,-0.1242665388938497,-1.213934457288018,-0.9154123258550612,0.285970759412303,64
0.1751642609634607,0.1710595475596783,-1.185561036017394,1.2885735018478053,-1.5621457376183063,-1.213934457288018,-0.9154123258550612,0.285970759412303,65
-1.5569471993157984,0.6718824858433398,-1.324462516976155,-0.1434879155968454,-0.1242665388938497,-1.213934457288018,0.3744424911473677,0.285970759412303,63
-0.5176803231482429,1.5065873829827754,-0.4216028907442091,1.2885735018478053,-0.1242665388938497,-0.4012416860546675,0.3744424911473677,-1.060721191718906,67
-0.9507081882180576,-0.6636453495797573,-1.324462516976155,-0.1434879155968454,-0.1242665388938497,0.4114510851786828,1.6642973081497967,0.285970759412303,63
1.474247856172905,0.8388234652712269,0.4812567354877367,1.2885735018478053,-0.1242665388938497,-0.4012416860546675,0.3744424911473677,-1.060721191718906,73
0.7814032720612014,-0.8305863290076444,-1.3939132574555355,-0.1434879155968454,-0.1242665388938497,-0.4012416860546675,-0.9154123258550612,-1.060721191718906,66
-1.6435527723297614,-0.6636453495797573,0.4118059950083562,-1.5755493330414962,-0.1242665388938497,-1.213934457288018,0.3744424911473677,0.285970759412303,60
0.0885586879494977,-0.4967043701518701,-0.4910536312235896,-1.5755493330414962,1.3136126598306066,-0.4012416860546675,0.3744424911473677,-1.060721191718906,66
1.474247856172905,-0.329763390723983,0.8979611783640193,1.2885735018478053,-0.1242665388938497,-0.4012416860546675,-0.9154123258550612,1.632662710543512,70
-1.5569471993157984,1.1727054241270012,-0.0048984478679264,-0.1434879155968454,1.3136126598306066,0.4114510851786828,0.3744424911473677,0.285970759412303,67
-0.7774970421901317,0.0041185681317912,-1.324462516976155,1.2885735018478053,-1.5621457376183063,2.849529398878734,0.3744424911473677,0.285970759412303,68
-1.4703416263018354,-0.329763390723983,-0.9077580740998724,1.2885735018478053,1.3136126598306066,0.4114510851786828,-0.9154123258550612,1.632662710543512,65
0.0885586879494977,0.1710595475596783,-0.6994058526617309,-1.5755493330414962,-0.1242665388938497,-0.4012416860546675,0.3744424911473677,0.285970759412303,67
1.6474590022008309,-0.8305863290076444,-0.1437999288266873,1.2885735018478053,-0.1242665388938497,-0.4012416860546675,1.6642973081497967,1.632662710543512,72
0.3483754069913866,-1.1644682878634187,-1.185561036017394,-0.1434879155968454,-0.1242665388938497,0.4114510851786828,1.6642973081497967,-1.060721191718906,66
-0.0846524580784281,0.3380005269875655,1.7313700641165848,-0.1434879155968454,1.3136126598306066,2.036836627645384,0.3744424911473677,1.632662710543512,72
1.214431137131016,-1.66529122614708,-0.1437999288266873,1.2885735018478053,-0.1242665388938497,-0.4012416860546675,-0.9154123258550612,0.285970759412303,66
0.6081921260332754,0.8388234652712269,1.453567102199063,1.2885735018478053,1.3136126598306066,1.2241438564120333,-0.9154123258550612,0.285970759412303,72
-1.3837360532878724,-0.8305863290076444,0.2034537735702149,-0.1434879155968454,1.3136126598306066,0.4114510851786828,-0.9154123258550612,-1.060721191718906,63
-1.5569471993157984,0.6718824858433398,0.5507074759671171,1.2885735018478053,-0.1242665388938497,-0.4012416860546675,0.3744424911473677,0.285970759412303,64
-0.6908914691761688,-0.1628224112960958,0.064552292611454,-0.1434879155968454,1.3136126598306066,-0.4012416860546675,-0.9154123258550612,0.285970759412303,66
-0.0846524580784281,0.0041185681317912,0.828510437884639,-1.5755493330414962,1.3136126598306066,0.4114510851786828,-0.9154123258550612,0.285970759412303,66
-0.344469177120317,0.1710595475596783,0.4118059950083562,-0.1434879155968454,-0.1242665388938497,-1.213934457288018,0.3744424911473677,0.285970759412303,67
-1.3837360532878724,1.005764444699114,1.1063133998021608,1.2885735018478053,-0.1242665388938497,-0.4012416860546675,-0.9154123258550612,-1.060721191718906,66
0.7814032720612014,-1.1644682878634187,-1.1161102955380136,1.2885735018478053,1.3136126598306066,-1.213934457288018,1.6642973081497967,-1.060721191718906,66
0.6947976990472384,-0.329763390723983,0.828510437884639,-0.1434879155968454,-1.5621457376183063,0.4114510851786828,1.6642973081497967,0.285970759412303,68
1.560853429186868,-0.9975273084355316,-1.6717162193730573,1.2885735018478053,1.3136126598306066,-1.213934457288018,-0.9154123258550612,0.285970759412303,67
-0.344469177120317,0.3380005269875655,-0.2827014097854482,-0.1434879155968454,-0.1242665388938497,-1.213934457288018,-0.9154123258550612,-1.060721191718906,65
1.387642283158942,-0.1628224112960958,1.5230178426784435,-0.1434879155968454,-0.1242665388938497,1.2241438564120333,-0.9154123258550612,0.285970759412303,71
0.7814032720612014,0.0041185681317912,0.6896089569258781,-0.1434879155968454,-1.5621457376183063,0.4114510851786828,1.6642973081497967,0.285970759412303,70
-0.9507081882180576,-0.1628224112960958,-1.1161102955380136,1.2885735018478053,-0.1242665388938497,0.4114510851786828,1.6642973081497967,-1.060721191718906,64
0.9546144180891272,0.1710595475596783,0.6201582164464976,1.2885735018478053,-0.1242665388938497,-0.4012416860546675,-0.9154123258550612,1.632662710543512,70
-0.0846524580784281,-0.4967043701518701,0.3423552545289758,-0.1434879155968454,-0.1242665388938497,-0.4012416860546675,0.3744424911473677,1.632662710543512,67
-1.2971304802739094,-0.4967043701518701,1.453567102199063,-0.1434879155968454,-0.1242665388938497,0.4114510851786828,0.3744424911473677,0.285970759412303,65
-1.2971304802739094,-1.3314092672913058,-1.2550117764967743,-0.1434879155968454,-0.1242665388938497,-0.4012416860546675,-0.9154123258550612,1.632662710543512,61
-1.5569471993157984,0.8388234652712269,-0.9772088145792528,-1.5755493330414962,-0.1242665388938497,-0.4012416860546675,1.6642973081497967,0.285970759412303,64
0.0019531149355348,-0.1628224112960958,-0.8383073336204918,-1.5755493330414962,1.3136126598306066,-0.4012416860546675,-0.9154123258550612,-1.060721191718906,64
1.1278255641170531,1.6735283624106625,-1.5328147384142965,1.2885735018478053,1.3136126598306066,1.2241438564120333,1.6642973081497967,-1.060721191718906,74
-1.730158345343724,-0.9975273084355316,-0.5605043717029701,-1.5755493330414962,-1.5621457376183063,1.2241438564120333,-0.9154123258550612,1.632662710543512,61
-0.6042858961622058,1.005764444699114,0.1340030330908344,1.2885735018478053,-0.1242665388938497,-1.213934457288018,0.3744424911473677,0.285970759412303,68
-0.0846524580784281,0.5049415064154527,0.828510437884639,-0.1434879155968454,-0.1242665388938497,0.4114510851786828,0.3744424911473677,-1.060721191718906,68
0.1751642609634607,-0.1628224112960958,-0.5605043717029701,-0.1434879155968454,-0.1242665388938497,-1.213934457288018,1.6642973081497967,-1.060721191718906,65
0.0885586879494977,-0.1628224112960958,1.453567102199063,-0.1434879155968454,-1.5621457376183063,-1.213934457288018,1.6642973081497967,0.285970759412303,69
0.2617698339774236,0.6718824858433398,-1.6022654788936768,-0.1434879155968454,1.3136126598306066,-0.4012416860546675,0.3744424911473677,0.285970759412303,71
-0.8641026152040947,1.5065873829827754,1.5230178426784435,1.2885735018478053,-1.5621457376183063,1.2241438564120333,1.6642973081497967,-1.060721191718906,70
-1.2971304802739094,0.0041185681317912,-0.2827014097854482,-0.1434879155968454,1.3136126598306066,0.4114510851786828,0.3744424911473677,-1.060721191718906,63
-0.8641026152040947,-1.1644682878634187,0.4118059950083562,1.2885735018478053,1.3136126598306066,0.4114510851786828,1.6642973081497967,0.285970759412303,66
-0.344469177120317,-0.4967043701518701,-0.1437999288266873,-0.1434879155968454,-0.1242665388938497,1.2241438564120333,1.6642973081497967,-1.060721191718906,67
-0.1712580310923911,-0.4967043701518701,0.8979611783640193,-0.1434879155968454,-0.1242665388938497,-0.4012416860546675,0.3744424911473677,0.285970759412303,68
-0.257863604106354,-1.3314092672913058,0.6896089569258781,-1.5755493330414962,-1.5621457376183063,-0.4012416860546675,0.3744424911473677,0.285970759412303,62
-0.257863604106354,-1.1644682878634187,0.6896089569258781,1.2885735018478053,-1.5621457376183063,0.4114510851786828,1.6642973081497967,-1.060721191718906,65
1.387642283158942,1.1727054241270012,-0.2827014097854482,1.2885735018478053,-0.1242665388938497,-1.213934457288018,0.3744424911473677,-1.060721191718906,72
0.8680088450751643,1.1727054241270012,1.175764140281541,1.2885735018478053,1.3136126598306066,-1.213934457288018,-0.9154123258550612,-1.060721191718906,72
-0.5176803231482429,-1.8322322055749671,-0.4216028907442091,-1.5755493330414962,-0.1242665388938497,1.2241438564120333,0.3744424911473677,-1.060721191718906,61
-1.2971304802739094,0.6718824858433398,-1.3939132574555355,-0.1434879155968454,-0.1242665388938497,-0.4012416860546675,-0.9154123258550612,-1.060721191718906,63
1.3010367101449791,0.5049415064154527,1.314665621240302,-0.1434879155968454,-0.1242665388938497,-0.4012416860546675,-0.9154123258550612,0.285970759412303,73
-0.6908914691761688,-1.3314092672913058,-1.7411669598524375,-0.1434879155968454,-0.1242665388938497,-0.4012416860546675,0.3744424911473677,-1.060721191718906,62
1.387642283158942,-1.3314092672913058,0.8979611783640193,1.2885735018478053,1.3136126598306066,-1.213934457288018,0.3744424911473677,0.285970759412303,70
-0.8641026152040947,0.8388234652712269,-0.9772088145792528,-0.1434879155968454,-1.5621457376183063,1.2241438564120333,0.3744424911473677,-1.060721191718906,64
0.2617698339774236,2.0074103212664367,-0.4910536312235896,-0.1434879155968454,1.3136126598306066,1.2241438564120333,-0.9154123258550612,-1.060721191718906,71
0.0019531149355348,1.6735283624106625,-1.4633639979349158,1.2885735018478053,1.3136126598306066,-0.4012416860546675,-0.9154123258550612,1.632662710543512,71
-0.9507081882180576,1.1727054241270012,1.2452148807609216,-1.5755493330414962,-0.1242665388938497,-0.4012416860546675,0.3744424911473677,0.285970759412303,67
-0.5176803231482429,-0.1628224112960958,0.9674119188433998,-1.5755493330414962,-0.1242665388938497,-1.213934457288018,-0.9154123258550612,1.632662710543512,63
-1.3837360532878724,0.5049415064154527,-0.2827014097854482,1.2885735018478053,-0.1242665388938497,0.4114510851786828,1.6642973081497967,0.285970759412303,65
-0.257863604106354,-0.6636453495797573,-0.0743491883473068,1.2885735018478053,-0.1242665388938497,-1.213934457288018,0.3744424911473677,1.632662710543512,65
-0.6042858961622058,-1.9991731850028545,-0.6994058526617309,-0.1434879155968454,-1.5621457376183063,-0.4012416860546675,0.3744424911473677,-1.060721191718906,61
-0.6042858961622058,-0.329763390723983,0.8979611783640193,-1.5755493330414962,-0.1242665388938497,-0.4012416860546675,0.3744424911473677,0.285970759412303,66
0.2617698339774236,0.3380005269875655,0.3423552545289758,1.2885735018478053,-1.5621457376183063,0.4114510851786828,-0.9154123258550612,0.285970759412303,69
-0.4310747501342799,-1.498350246719193,0.9674119188433998,-0.1434879155968454,-0.1242665388938497,0.4114510851786828,0.3744424911473677,1.632662710543512,65
0.1751642609634607,0.0041185681317912,0.3423552545289758,-0.1434879155968454,1.3136126598306066,1.2241438564120333,0.3744424911473677,-1.060721191718906,68
-0.0846524580784281,-0.329763390723983,0.4118059950083562,-0.1434879155968454,-0.1242665388938497,-0.4012416860546675,0.3744424911473677,0.285970759412303,66
0.0019531149355348,0.3380005269875655,-0.2827014097854482,-0.1434879155968454,-0.1242665388938497,0.4114510851786828,-0.9154123258550612,-1.060721191718906,68
1.214431137131016,0.1710595475596783,0.8979611783640193,-0.1434879155968454,-0.1242665388938497,-0.4012416860546675,0.3744424911473677,0.285970759412303,71
1.474247856172905,3.1759971772616464,1.1063133998021608,1.2885735018478053,1.3136126598306066,0.4114510851786828,-0.9154123258550612,-1.060721191718906,79
0.3483754069913866,0.8388234652712269,1.1063133998021608,-0.1434879155968454,1.3136126598306066,-0.4012416860546675,1.6642973081497967,0.285970759412303,70
-1.1239193342459837,0.3380005269875655,-1.6022654788936768,-0.1434879155968454,-1.5621457376183063,-0.4012416860546675,0.3744424911473677,0.285970759412303,60
0.5215865530193126,0.5049415064154527,-1.4633639979349158,-0.1434879155968454,1.3136126598306066,0.4114510851786828,-0.9154123258550612,0.285970759412303,67
0.2617698339774236,-0.6636453495797573,0.7590596974052585,-0.1434879155968454,-0.1242665388938497,2.849529398878734,-0.9154123258550612,-1.060721191718906,68
-0.6042858961622058,-0.9975273084355316,-1.2550117764967743,-0.1434879155968454,1.3136126598306066,0.4114510851786828,-0.9154123258550612,0.285970759412303,64
0.1751642609634607,-0.6636453495797573,-1.324462516976155,-0.1434879155968454,-0.1242665388938497,-1.213934457288018,-0.9154123258550612,1.632662710543512,79
0.0019531149355348,1.1727054241270012,-0.6994058526617309,-1.5755493330414962,-1.5621457376183063,-0.4012416860546675,1.6642973081497967,-1.060721191718906,67
0.1751642609634607,0.6718824858433398,-0.6299551121823505,-0.1434879155968454,1.3136126598306066,-1.213934457288018,1.6642973081497967,0.285970759412303,69
-1.2105249072599464,0.8388234652712269,1.1063133998021608,1.2885735018478053,-0.1242665388938497,0.4114510851786828,0.3744424911473677,-1.060721191718906,68
0.9546144180891272,1.3396464035548885,0.2034537735702149,-0.1434879155968454,1.3136126598306066,-0.4012416860546675,-0.9154123258550612,0.285970759412303,72
-1.3837360532878724,0.0041185681317912,0.3423552545289758,-0.1434879155968454,-0.1242665388938497,-0.4012416860546675,-0.9154123258550612,0.285970759412303,65
-0.6908914691761688,0.6718824858433398,-0.0048984478679264,-0.1434879155968454,-0.1242665388938497,1.2241438564120333,0.3744424911473677,1.632662710543512,68
-0.4310747501342799,0.3380005269875655,-0.6299551121823505,1.2885735018478053,1.3136126598306066,-1.213934457288018,1.6642973081497967,-1.060721191718906,67
-0.6042858961622058,-0.6636453495797573,-0.6994058526617309,1.2885735018478053,1.3136126598306066,-0.4012416860546675,0.3744424911473677,0.285970759412303,66
-1.3837360532878724,0.0041185681317912,-1.2550117764967743,-0.1434879155968454,-0.1242665388938497,1.2241438564120333,0.3744424911473677,-1.060721191718906,65
-0.4310747501342799,0.5049415064154527,-0.9772088145792528,-1.5755493330414962,-1.5621457376183063,0.4114510851786828,-0.9154123258550612,-1.060721191718906,64
-0.9507081882180576,0.5049415064154527,-1.046659555058633,1.2885735018478053,-0.1242665388938497,0.4114510851786828,-0.9154123258550612,-1.060721191718906,66
1.1278255641170531,0.0041185681317912,-0.4910536312235896,-0.1434879155968454,-0.1242665388938497,-0.4012416860546675,-0.9154123258550612,-1.060721191718906,68
0.9546144180891272,1.5065873829827754,0.3423552545289758,-0.1434879155968454,-0.1242665388938497,-1.213934457288018,-0.9154123258550612,-1.060721191718906,70
1.474247856172905,-0.1628224112960958,1.5924685831578238,-1.5755493330414962,-0.1242665388938497,-0.4012416860546675,-0.9154123258550612,-1.060721191718906,68
0.8680088450751643,-0.1628224112960958,0.2034537735702149,-0.1434879155968454,-0.1242665388938497,-0.4012416860546675,-0.9154123258550612,-1.060721191718906,67
1.560853429186868,0.1710595475596783,-0.3521521502648286,1.2885735018478053,-0.1242665388938497,-1.213934457288018,0.3744424911473677,-1.060721191718906,72
-1.037313761232021,0.6718824858433398,-0.2827014097854482,-0.1434879155968454,-0.1242665388938497,0.4114510851786828,0.3744424911473677,0.285970759412303,66
1.3010367101449791,-0.6636453495797573,0.7590596974052585,-0.1434879155968454,1.3136126598306066,-1.213934457288018,-0.9154123258550612,-1.060721191718906,69
1.387642283158942,1.3396464035548885,1.5924685831578238,-0.1434879155968454,-0.1242665388938497,2.849529398878734,-0.9154123258550612,-1.060721191718906,73
1.387642283158942,-0.9975273084355316,1.5230178426784435,1.2885735018478053,-0.1242665388938497,0.4114510851786828,-0.9154123258550612,0.285970759412303,70
-1.4703416263018354,0.8388234652712269,-0.2132506693060677,1.2885735018478053,-0.1242665388938497,1.2241438564120333,0.3744424911473677,0.285970759412303,67
-1.1239193342459837,0.5049415064154527,-0.2827014097854482,-0.1434879155968454,-0.1242665388938497,0.4114510851786828,0.3744424911473677,0.285970759412303,66
1.1278255641170531,1.005764444699114,0.6896089569258781,-0.1434879155968454,1.3136126598306066,-0.4012416860546675,0.3744424911473677,1.632662710543512,73
1.560853429186868,0.5049415064154527,-0.2827014097854482,-0.1434879155968454,-0.1242665388938497,-1.213934457288018,-0.9154123258550612,1.632662710543512,72
0.9546144180891272,0.3380005269875655,-0.0743491883473068,-0.1434879155968454,-0.1242665388938497,-0.4012416860546675,0.3744424911473677,0.285970759412303,67
-0.5176803231482429,0.6718824858433398,0.2034537735702149,-0.1434879155968454,1.3136126598306066,1.2241438564120333,0.3744424911473677,-1.060721191718906,70
-0.9507081882180576,-0.4967043701518701,-1.4633639979349158,-0.1434879155968454,-0.1242665388938497,-0.4012416860546675,-0.9154123258550612,1.632662710543512,63
-0.257863604106354,0.8388234652712269,-1.4633639979349158,-0.1434879155968454,-1.5621457376183063,0.4114510851786828,0.3744424911473677,0.285970759412303,66
-0.5176803231482429,-0.4967043701518701,-0.9077580740998724,-0.1434879155968454,-0.1242665388938497,0.4114510851786828,-0.9154123258550612,1.632662710543512,66
1.3010367101449791,-0.8305863290076444,-0.5605043717029701,-1.5755493330414962,-1.5621457376183063,1.2241438564120333,-0.9154123258550612,0.285970759412303,67
-0.5176803231482429,1.1727054241270012,0.6201582164464976,1.2885735018478053,-0.1242665388938497,1.2241438564120333,0.3744424911473677,1.632662710543512,70
-0.1712580310923911,0.5049415064154527,0.6201582164464976,-0.1434879155968454,-1.5621457376183063,-1.213934457288018,0.3744424911473677,-1.060721191718906,66
0.1751642609634607,-1.66529122614708,-0.3521521502648286,-1.5755493330414962,-0.1242665388938497,1.2241438564120333,1.6642973081497967,-1.060721191718906,64
-0.9507081882180576,-0.6636453495797573,-0.4910536312235896,-0.1434879155968454,-0.1242665388938497,-1.213934457288018,0.3744424911473677,0.285970759412303,63
0.4349809800053495,-1.3314092672913058,0.8979611783640193,1.2885735018478053,1.3136126598306066,-0.4012416860546675,0.3744424911473677,-1.060721191718906,67
-0.1712580310923911,-0.329763390723983,-0.9772088145792528,1.2885735018478053,1.3136126598306066,-0.4012416860546675,-0.9154123258550612,-1.060721191718906,67
-0.1712580310923911,0.1710595475596783,0.2034537735702149,-0.1434879155968454,1.3136126598306066,0.4114510851786828,0.3744424911473677,1.632662710543512,68
-0.7774970421901317,-0.329763390723983,0.6201582164464976,-0.1434879155968454,-0.1242665388938497,0.4114510851786828,1.6642973081497967,0.285970759412303,65
-0.6042858961622058,0.5049415064154527,-0.0048984478679264,-0.1434879155968454,1.3136126598306066,-1.213934457288018,-0.9154123258550612,1.632662710543512,68
-0.1712580310923911,0.0041185681317912,0.3423552545289758,-0.1434879155968454,1.3136126598306066,0.4114510851786828,0.3744424911473677,1.632662710543512,70
-0.257863604106354,0.3380005269875655,-0.2132506693060677,-0.1434879155968454,-0.1242665388938497,0.4114510851786828,-0.9154123258550612,0.285970759412303,67
0.0885586879494977,-0.4967043701518701,0.3423552545289758,1.2885735018478053,-0.1242665388938497,-0.4012416860546675,1.6642973081497967,-1.060721191718906,67
-1.2105249072599464,-0.6636453495797573,-1.6022654788936768,-0.1434879155968454,-1.5621457376183063,-0.4012416860546675,-0.9154123258550612,0.285970759412303,59
0.7814032720612014,-0.329763390723983,0.8979611783640193,1.2885735018478053,-1.5621457376183063,-1.213934457288018,0.3744424911473677,1.632662710543512,67
-0.9507081882180576,-0.9975273084355316,1.1063133998021608,-0.1434879155968454,-1.5621457376183063,-1.213934457288018,0.3744424911473677,1.632662710543512,63
1.1278255641170531,0.6718824858433398,0.064552292611454,-0.1434879155968454,-0.1242665388938497,0.4114510851786828,-0.9154123258550612,-1.060721191718906,70
0.4349809800053495,0.3380005269875655,0.4812567354877367,1.2885735018478053,-0.1242665388938497,-0.4012416860546675,1.6642973081497967,0.285970759412303,71
1.560853429186868,0.3380005269875655,-1.185561036017394,-0.1434879155968454,-0.1242665388938497,-1.213934457288018,0.3744424911473677,0.285970759412303,70
1.387642283158942,-0.8305863290076444,0.6201582164464976,1.2885735018478053,-0.1242665388938497,1.2241438564120333,1.6642973081497967,0.285970759412303,72
-1.2971304802739094,-0.9975273084355316,-0.2132506693060677,1.2885735018478053,-0.1242665388938497,1.2241438564120333,-0.9154123258550612,-1.060721191718906,62
0.7814032720612014,0.6718824858433398,0.5507074759671171,-0.1434879155968454,-1.5621457376183063,-0.4012416860546675,-0.9154123258550612,-1.060721191718906,66
0.0885586879494977,-0.4967043701518701,-1.4633639979349158,-0.1434879155968454,1.3136126598306066,2.036836627645384,-0.9154123258550612,-1.060721191718906,67
0.3483754069913866,0.6718824858433398,0.4812567354877367,-0.1434879155968454,-0.1242665388938497,-0.4012416860546675,-0.9154123258550612,0.285970759412303,68
0.1751642609634607,0.3380005269875655,-0.5605043717029701,-0.1434879155968454,-1.5621457376183063,-0.4012416860546675,1.6642973081497967,-1.060721191718906,65
-1.6435527723297614,-0.6636453495797573,0.7590596974052585,-0.1434879155968454,-0.1242665388938497,0.4114510851786828,-0.9154123258550612,-1.060721191718906,62
0.9546144180891272,-1.3314092672913058,0.4118059950083562,-1.5755493330414962,-0.1242665388938497,-1.213934457288018,-0.9154123258550612,-1.060721191718906,64
-0.9507081882180576,0.1710595475596783,0.6896089569258781,-1.5755493330414962,-0.1242665388938497,0.4114510851786828,1.6642973081497967,0.285970759412303,66
0.9546144180891272,2.341292280122211,1.5924685831578238,-1.5755493330414962,-0.1242665388938497,-1.213934457288018,0.3744424911473677,0.285970759412303,72
-0.0846524580784281,0.1710595475596783,0.6201582164464976,-0.1434879155968454,-1.5621457376183063,0.4114510851786828,-0.9154123258550612,0.285970759412303,66
0.0885586879494977,0.8388234652712269,0.4118059950083562,-1.5755493330414962,1.3136126598306066,0.4114510851786828,-0.9154123258550612,-1.060721191718906,68
0.2617698339774236,-0.329763390723983,0.3423552545289758,-0.1434879155968454,1.3136126598306066,-0.4012416860546675,0.3744424911473677,1.632662710543512,70
0.4349809800053495,-0.6636453495797573,1.2452148807609216,-0.1434879155968454,-1.5621457376183063,-0.4012416860546675,-0.9154123258550612,0.285970759412303,68
-0.4310747501342799,0.5049415064154527,-0.7688565931411113,-0.1434879155968454,-0.1242665388938497,-0.4012416860546675,-0.9154123258550612,-1.060721191718906,64
1.0412199911030902,-0.4967043701518701,1.0368626593227803,-1.5755493330414962,-0.1242665388938497,-0.4012416860546675,-0.9154123258550612,1.632662710543512,68
-0.6908914691761688,0.0041185681317912,-0.6299551121823505,-0.1434879155968454,-0.1242665388938497,1.2241438564120333,1.6642973081497967,-1.060721191718906,67
0.9546144180891272,0.6718824858433398,-1.6022654788936768,-0.1434879155968454,-1.5621457376183063,-0.4012416860546675,-0.9154123258550612,-1.060721191718906,68
0.5215865530193126,1.005764444699114,-0.6994058526617309,-1.5755493330414962,-0.1242665388938497,0.4114510851786828,1.6642973081497967,1.632662710543512,71
-1.6435527723297614,0.0041185681317912,0.3423552545289758,-0.1434879155968454,1.3136126598306066,-0.4012416860546675,-0.9154123258550612,-1.060721191718906,65
-0.7774970421901317,-0.329763390723983,1.2452148807609216,1.2885735018478053,1.3136126598306066,-0.4012416860546675,0.3744424911473677,-1.060721191718906,68
-1.2971304802739094,0.1710595475596783,1.5924685831578238,-0.1434879155968454,-1.5621457376183063,-0.4012416860546675,-0.9154123258550612,0.285970759412303,64
-0.1712580310923911,1.005764444699114,-0.1437999288266873,1.2885735018478053,1.3136126598306066,0.4114510851786828,0.3744424911473677,-1.060721191718906,71
-0.4310747501342799,1.005764444699114,0.4118059950083562,1.2885735018478053,-1.5621457376183063,1.2241438564120333,-0.9154123258550612,0.285970759412303,70
-0.344469177120317,-1.8322322055749671,0.2729045140495953,-0.1434879155968454,-0.1242665388938497,-0.4012416860546675,0.3744424911473677,0.285970759412303,63
0.0019531149355348,-1.1644682878634187,1.314665621240302,-0.1434879155968454,-0.1242665388938497,-0.4012416860546675,-0.9154123258550612,0.285970759412303,67
-0.8641026152040947,1.3396464035548885,0.828510437884639,-1.5755493330414962,1.3136126598306066,1.2241438564120333,1.6642973081497967,-1.060721191718906,70
0.7814032720612014,-0.329763390723983,-0.2132506693060677,-0.1434879155968454,1.3136126598306066,1.2241438564120333,0.3744424911473677,0.285970759412303,69
1.387642283158942,-0.4967043701518701,-1.7411669598524375,-0.1434879155968454,-0.1242665388938497,-0.4012416860546675,-0.9154123258550612,0.285970759412303,67
-0.344469177120317,0.6718824858433398,-1.1161102955380136,-1.5755493330414962,-0.1242665388938497,0.4114510851786828,0.3744424911473677,0.285970759412303,66
0.5215865530193126,-0.1628224112960958,0.2034537735702149,-0.1434879155968454,1.3136126598306066,0.4114510851786828,0.3744424911473677,0.285970759412303,69
-0.7774970421901317,0.0041185681317912,1.175764140281541,-1.5755493330414962,-0.1242665388938497,-0.4012416860546675,0.3744424911473677,-1.060721191718906,65
-0.344469177120317,-0.1628224112960958,-0.2132506693060677,1.2885735018478053,1.3136126598306066,0.4114510851786828,0.3744424911473677,1.632662710543512,68
1.214431137131016,-0.4967043701518701,0.064552292611454,-1.5755493330414962,-1.5621457376183063,1.2241438564120333,0.3744424911473677,-1.060721191718906,67
-0.6908914691761688,-0.4967043701518701,1.453567102199063,-0.1434879155968454,-1.5621457376183063,1.2241438564120333,-0.9154123258550612,1.632662710543512,65
0.4349809800053495,1.5065873829827754,-0.6994058526617309,-0.1434879155968454,1.3136126598306066,2.036836627645384,1.6642973081497967,-1.060721191718906,72
-0.0846524580784281,0.6718824858433398,-0.4910536312235896,-1.5755493330414962,-1.5621457376183063,0.4114510851786828,-0.9154123258550612,-1.060721191718906,65
0.9546144180891272,0.1710595475596783,-1.3939132574555355,-0.1434879155968454,-0.1242665388938497,0.4114510851786828,-0.9154123258550612,1.632662710543512,70
0.8680088450751643,-0.4967043701518701,-0.6994058526617309,1.2885735018478053,1.3136126598306066,0.4114510851786828,1.6642973081497967,-1.060721191718906,71
1.7340645752147938,-0.4967043701518701,-0.8383073336204918,1.2885735018478053,1.3136126598306066,-0.4012416860546675,-0.9154123258550612,-1.060721191718906,71
0.4349809800053495,-0.9975273084355316,-1.5328147384142965,-1.5755493330414962,-0.1242665388938497,2.036836627645384,-0.9154123258550612,0.285970759412303,65
-1.6435527723297614,-1.1644682878634187,0.9674119188433998,-0.1434879155968454,-0.1242665388938497,2.036836627645384,-0.9154123258550612,-1.060721191718906,62
-1.037313761232021,-2.1661141644307413,-0.0743491883473068,-0.1434879155968454,1.3136126598306066,-0.4012416860546675,-0.9154123258550612,-1.060721191718906,62
-1.037313761232021,-0.9975273084355316,0.6896089569258781,-0.1434879155968454,-1.5621457376183063,0.4114510851786828,-0.9154123258550612,0.285970759412303,63
1.7340645752147938,1.1727054241270012,0.2034537735702149,-1.5755493330414962,-1.5621457376183063,0.4114510851786828,-0.9154123258550612,0.285970759412303,70
0.8680088450751643,0.8388234652712269,0.5507074759671171,1.2885735018478053,1.3136126598306066,0.4114510851786828,0.3744424911473677,0.285970759412303,73
-0.4310747501342799,0.0041185681317912,-0.5605043717029701,1.2885735018478053,-1.5621457376183063,-0.4012416860546675,0.3744424911473677,1.632662710543512,66
1.3010367101449791,0.1710595475596783,-0.9077580740998724,-0.1434879155968454,-0.1242665388938497,-0.4012416860546675,-0.9154123258550612,0.285970759412303,70
-1.037313761232021,-0.329763390723983,0.4812567354877367,1.2885735018478053,1.3136126598306066,-1.213934457288018,-0.9154123258550612,0.285970759412303,66
1.560853429186868,-0.329763390723983,0.3423552545289758,1.2885735018478053,1.3136126598306066,1.2241438564120333,0.3744424911473677,-1.060721191718906,72
-0.8641026152040947,-0.4967043701518701,0.4812567354877367,-0.1434879155968454,1.3136126598306066,0.4114510851786828,-0.9154123258550612,1.632662710543512,64
0.1751642609634607,2.341292280122211,0.828510437884639,1.2885735018478053,-0.1242665388938497,1.2241438564120333,-0.9154123258550612,-1.060721191718906,75
-1.037313761232021,-0.4967043701518701,1.6619193236372043,-1.5755493330414962,-0.1242665388938497,0.4114510851786828,-0.9154123258550612,0.285970759412303,65
0.9546144180891272,0.3380005269875655,0.064552292611454,-0.1434879155968454,1.3136126598306066,0.4114510851786828,0.3744424911473677,0.285970759412303,71
-0.1712580310923911,0.1710595475596783,0.5507074759671171,-1.5755493330414962,-0.1242665388938497,0.4114510851786828,-0.9154123258550612,0.285970759412303,65
1.214431137131016,0.0041185681317912,0.9674119188433998,1.2885735018478053,-1.5621457376183063,-0.4012416860546675,-0.9154123258550612,-1.060721191718906,71
1.6474590022008309,0.3380005269875655,-0.6994058526617309,-1.5755493330414962,1.3136126598306066,1.2241438564120333,1.6642973081497967,-1.060721191718906,71
1.560853429186868,1.6735283624106625,0.5507074759671171,1.2885735018478053,1.3136126598306066,-0.4012416860546675,-0.9154123258550612,-1.060721191718906,76
-1.2105249072599464,-0.6636453495797573,1.5230178426784435,-0.1434879155968454,-0.1242665388938497,2.849529398878734,1.6642973081497967,-1.060721191718906,68
0.3483754069913866,-0.6636453495797573,-0.0048984478679264,-0.1434879155968454,-1.5621457376183063,0.4114510851786828,-0.9154123258550612,0.285970759412303,65
-1.2105249072599464,1.1727054241270012,1.3841163617196826,-0.1434879155968454,-0.1242665388938497,-0.4012416860546675,0.3744424911473677,0.285970759412303,68
1.1278255641170531,-0.1628224112960958,1.3841163617196826,1.2885735018478053,-0.1242665388938497,1.2241438564120333,-0.9154123258550612,0.285970759412303,71
0.6947976990472384,0.3380005269875655,-0.4910536312235896,-0.1434879155968454,-0.1242665388938497,0.4114510851786828,-0.9154123258550612,0.285970759412303,66
0.5215865530193126,0.8388234652712269,-0.6994058526617309,-0.1434879155968454,1.3136126598306066,0.4114510851786828,-0.9154123258550612,0.285970759412303,71
-1.5569471993157984,1.6735283624106625,1.5230178426784435,-1.5755493330414962,-1.5621457376183063,-1.213934457288018,0.3744424911473677,1.632662710543512,66
-1.5569471993157984,1.005764444699114,-1.1161102955380136,-0.1434879155968454,-0.1242665388938497,-0.4012416860546675,-0.9154123258550612,0.285970759412303,63
-0.6908914691761688,0.3380005269875655,-0.6994058526617309,-1.5755493330414962,-0.1242665388938497,-1.213934457288018,-0.9154123258550612,0.285970759412303,64
0.0885586879494977,1.1727054241270012,1.2452148807609216,1.2885735018478053,-0.1242665388938497,-1.213934457288018,0.3744424911473677,1.632662710543512,72
1.3010367101449791,-1.8322322055749671,1.5230178426784435,-0.1434879155968454,-0.1242665388938497,-0.4012416860546675,0.3744424911473677,-1.060721191718906,67
0.3483754069913866,0.3380005269875655,0.9674119188433998,-0.1434879155968454,1.3136126598306066,0.4114510851786828,-0.9154123258550612,0.285970759412303,71
-0.5176803231482429,2.341292280122211,0.064552292611454,-1.5755493330414962,1.3136126598306066,0.4114510851786828,0.3744424911473677,-1.060721191718906,71
1.214431137131016,-0.329763390723983,-1.6022654788936768,-0.1434879155968454,-1.5621457376183063,-0.4012416860546675,0.3744424911473677,0.285970759412303,68
-1.6435527723297614,2.341292280122211,-0.5605043717029701,-0.1434879155968454,-0.1242665388938497,-0.4012416860546675,1.6642973081497967,1.632662710543512,68
0.0885586879494977,1.5065873829827754,-1.6717162193730573,-0.1434879155968454,-1.5621457376183063,0.4114510851786828,1.6642973081497967,0.285970759412303,70
0.2617698339774236,0.5049415064154527,-1.6717162193730573,-0.1434879155968454,-0.1242665388938497,1.2241438564120333,0.3744424911473677,0.285970759412303,68
-1.4703416263018354,0.0041185681317912,0.064552292611454,-1.5755493330414962,-1.5621457376183063,1.2241438564120333,1.6642973081497967,0.285970759412303,64
0.9546144180891272,1.5065873829827754,0.828510437884639,1.2885735018478053,-0.1242665388938497,0.4114510851786828,0.3744424911473677,0.285970759412303,74
1.387642283158942,-0.329763390723983,-0.0048984478679264,1.2885735018478053,1.3136126598306066,0.4114510851786828,0.3744424911473677,0.285970759412303,72
-1.2971304802739094,0.0041185681317912,-1.7411669598524375,1.2885735018478053,-0.1242665388938497,-1.213934457288018,-0.9154123258550612,-1.060721191718906,64
1.3010367101449791,0.0041185681317912,0.064552292611454,-0.1434879155968454,-0.1242665388938497,-1.213934457288018,-0.9154123258550612,-1.060721191718906,69
0.9546144180891272,-1.8322322055749671,-1.1161102955380136,-0.1434879155968454,-0.1242665388938497,-1.213934457288018,0.3744424911473677,-1.060721191718906,64
-1.5569471993157984,-0.6636453495797573,0.8979611783640193,-0.1434879155968454,-0.1242665388938497,-0.4012416860546675,-0.9154123258550612,-1.060721191718906,62
-1.4703416263018354,0.1710595475596783,-0.0743491883473068,-1.5755493330414962,-0.1242665388938497,-1.213934457288018,-0.9154123258550612,-1.060721191718906,61
0.1751642609634607,0.1710595475596783,1.3841163617196826,-0.1434879155968454,-0.1242665388938497,1.2241438564120333,-0.9154123258550612,-1.060721191718906,68
-1.6435527723297614,-2.4999961232865155,0.6201582164464976,-0.1434879155968454,1.3136126598306066,-0.4012416860546675,0.3744424911473677,0.285970759412303,60
-0.6042858961622058,-1.498350246719193,0.2729045140495953,1.2885735018478053,-0.1242665388938497,-0.4012416860546675,-0.9154123258550612,-1.060721191718906,64
0.6081921260332754,0.5049415064154527,0.4118059950083562,-1.5755493330414962,1.3136126598306066,2.849529398878734,-0.9154123258550612,0.285970759412303,70
-0.4310747501342799,-1.1644682878634187,1.7313700641165848,1.2885735018478053,-1.5621457376183063,-0.4012416860546675,1.6642973081497967,0.285970759412303,67
-1.6435527723297614,-0.6636453495797573,1.1063133998021608,-1.5755493330414962,-0.1242665388938497,0.4114510851786828,0.3744424911473677,0.285970759412303,63
-1.6435527723297614,-0.6636453495797573,0.4118059950083562,-0.1434879155968454,1.3136126598306066,0.4114510851786828,-0.9154123258550612,0.285970759412303,63
0.6081921260332754,0.3380005269875655,-0.7688565931411113,1.2885735018478053,1.3136126598306066,0.4114510851786828,-0.9154123258550612,0.285970759412303,70
-0.6042858961622058,-0.6636453495797573,0.4118059950083562,-0.1434879155968454,1.3136126598306066,-0.4012416860546675,1.6642973081497967,1.632662710543512,67
0.8680088450751643,-0.9975273084355316,0.6201582164464976,-0.1434879155968454,1.3136126598306066,-1.213934457288018,1.6642973081497967,-1.060721191718906,68
-0.7774970421901317,0.0041185681317912,0.8979611783640193,-0.1434879155968454,-0.1242665388938497,-0.4012416860546675,0.3744424911473677,-1.060721191718906,65
-1.1239193342459837,-0.8305863290076444,1.314665621240302,1.2885735018478053,-0.1242665388938497,-0.4012416860546675,-0.9154123258550612,0.285970759412303,65
0.4349809800053495,-0.6636453495797573,1.1063133998021608,1.2885735018478053,-0.1242665388938497,-1.213934457288018,1.6642973081497967,0.285970759412303,69
-0.9507081882180576,1.005764444699114,0.828510437884639,-1.5755493330414962,1.3136126598306066,0.4114510851786828,1.6642973081497967,0.285970759412303,67
1.214431137131016,-0.1628224112960958,-0.0048984478679264,-0.1434879155968454,-1.5621457376183063,-0.4012416860546675,0.3744424911473677,0.285970759412303,68
1.214431137131016,-0.1628224112960958,-0.9077580740998724,-0.1434879155968454,-1.5621457376183063,-1.213934457288018,-0.9154123258550612,0.285970759412303,65
-0.0846524580784281,0.5049415064154527,-0.3521521502648286,-0.1434879155968454,-1.5621457376183063,1.2241438564120333,1.6642973081497967,0.285970759412303,68
0.9546144180891272,-0.4967043701518701,0.7590596974052585,-1.5755493330414962,-0.1242665388938497,-0.4012416860546675,1.6642973081497967,0.285970759412303,67
-0.4310747501342799,0.8388234652712269,-0.8383073336204918,-0.1434879155968454,-0.1242665388938497,1.2241438564120333,-0.9154123258550612,1.632662710543512,68
0.8680088450751643,-0.1628224112960958,-0.4910536312235896,-0.1434879155968454,-0.1242665388938497,-1.213934457288018,-0.9154123258550612,1.632662710543512,66
0.2617698339774236,-0.6636453495797573,-1.2550117764967743,-0.1434879155968454,-1.5621457376183063,-1.213934457288018,-0.9154123258550612,1.632662710543512,63
0.7814032720612014,1.5065873829827754,0.9674119188433998,-1.5755493330414962,-0.1242665388938497,-0.4012416860546675,-0.9154123258550612,0.285970759412303,71
1.560853429186868,0.0041185681317912,-0.7688565931411113,-0.1434879155968454,-0.1242665388938497,-0.4012416860546675,1.6642973081497967,1.632662710543512,72
-0.5176803231482429,0.0041185681317912,0.6896089569258781,-0.1434879155968454,1.3136126598306066,0.4114510851786828,-0.9154123258550612,-1.060721191718906,67
1.560853429186868,0.1710595475596783,-0.8383073336204918,1.2885735018478053,-0.1242665388938497,-1.213934457288018,1.6642973081497967,-1.060721191718906,70
-0.6908914691761688,-0.329763390723983,0.6896089569258781,1.2885735018478053,1.3136126598306066,-0.4012416860546675,-0.9154123258550612,1.632662710543512,68
0.6081921260332754,-0.8305863290076444,0.3423552545289758,-1.5755493330414962,1.3136126598306066,-1.213934457288018,0.3744424911473677,-1.060721191718906,67
0.1751642609634607,-0.8305863290076444,-1.4633639979349158,-0.1434879155968454,-0.1242665388938497,-0.4012416860546675,0.3744424911473677,0.285970759412303,66
-1.4703416263018354,0.3380005269875655,1.2452148807609216,-0.1434879155968454,1.3136126598306066,-1.213934457288018,-0.9154123258550612,0.285970759412303,64
-1.037313761232021,1.1727054241270012,0.2729045140495953,-0.1434879155968454,-1.5621457376183063,0.4114510851786828,1.6642973081497967,-1.060721191718906,64
1.474247856172905,1.6735283624106625,-0.2132506693060677,-0.1434879155968454,1.3136126598306066,-0.4012416860546675,-0.9154123258550612,-1.060721191718906,74
-0.5176803231482429,1.5065873829827754,-1.324462516976155,-0.1434879155968454,-0.1242665388938497,0.4114510851786828,1.6642973081497967,-1.060721191718906,68
-1.5569471993157984,0.6718824858433398,1.1063133998021608,1.2885735018478053,-1.5621457376183063,0.4114510851786828,-0.9154123258550612,0.285970759412303,65
1.474247856172905,-0.4967043701518701,0.8979611783640193,1.2885735018478053,-0.1242665388938497,-1.213934457288018,-0.9154123258550612,0.285970759412303,70
-1.037313761232021,-0.4967043701518701,-0.6299551121823505,1.2885735018478053,-0.1242665388938497,-0.4012416860546675,-0.9154123258550612,1.632662710543512,64
-0.6042858961622058,0.3380005269875655,-0.5605043717029701,-0.1434879155968454,-1.5621457376183063,1.2241438564120333,-0.9154123258550612,1.632662710543512,65
-1.3837360532878724,-0.1628224112960958,0.4118059950083562,-0.1434879155968454,-0.1242665388938497,-0.4012416860546675,-0.9154123258550612,0.285970759412303,62
-1.037313761232021,-0.4967043701518701,1.7313700641165848,-0.1434879155968454,-1.5621457376183063,-0.4012416860546675,-0.9154123258550612,0.285970759412303,64
1.387642283158942,-1.8322322055749671,0.4812567354877367,-0.1434879155968454,-0.1242665388938497,-1.213934457288018,0.3744424911473677,-1.060721191718906,67
1.560853429186868,-0.8305863290076444,-0.9772088145792528,1.2885735018478053,-0.1242665388938497,2.036836627645384,-0.9154123258550612,-1.060721191718906,70
-0.0846524580784281,0.1710595475596783,1.3841163617196826,-0.1434879155968454,-0.1242665388938497,-1.213934457288018,1.6642973081497967,0.285970759412303,69
-0.9507081882180576,-1.1644682878634187,-0.2132506693060677,-0.1434879155968454,-0.1242665388938497,0.4114510851786828,-0.9154123258550612,1.632662710543512,63
-0.7774970421901317,-0.8305863290076444,-1.046659555058633,-0.1434879155968454,-1.5621457376183063,2.849529398878734,-0.9154123258550612,-1.060721191718906,63
-1.1239193342459837,1.3396464035548885,0.4812567354877367,1.2885735018478053,1.3136126598306066,-0.4012416860546675,-0.9154123258550612,1.632662710543512,68
0.6081921260332754,0.8388234652712269,0.064552292611454,1.2885735018478053,-0.1242665388938497,-0.4012416860546675,0.3744424911473677,-1.060721191718906,70
-1.2105249072599464,-1.66529122614708,-0.0743491883473068,-0.1434879155968454,-0.1242665388938497,0.4114510851786828,-0.9154123258550612,-1.060721191718906,59
-1.2105249072599464,1.3396464035548885,-0.1437999288266873,-0.1434879155968454,1.3136126598306066,0.4114510851786828,0.3744424911473677,-1.060721191718906,68
-1.3837360532878724,-1.1644682878634187,0.8979611783640193,-1.5755493330414962,-1.5621457376183063,-0.4012416860546675,0.3744424911473677,0.285970759412303,59
-0.6042858961622058,-1.3314092672913058,-1.046659555058633,-0.1434879155968454,1.3136126598306066,-0.4012416860546675,-0.9154123258550612,-1.060721191718906,62
-0.6042858961622058,-0.8305863290076444,-0.4910536312235896,-0.1434879155968454,-0.1242665388938497,-0.4012416860546675,0.3744424911473677,1.632662710543512,64
1.560853429186868,1.005764444699114,-0.1437999288266873,-1.5755493330414962,-0.1242665388938497,-0.4012416860546675,1.6642973081497967,1.632662710543512,73
-0.1712580310923911,-0.329763390723983,-0.2827014097854482,-0.1434879155968454,1.3136126598306066,1.2241438564120333,-0.9154123258550612,0.285970759412303,67
-0.8641026152040947,-2.4999961232865155,-1.3939132574555355,1.2885735018478053,1.3136126598306066,1.2241438564120333,-0.9154123258550612,-1.060721191718906,62
0.4349809800053495,0.8388234652712269,-1.3939132574555355,-0.1434879155968454,-1.5621457376183063,1.2241438564120333,-0.9154123258550612,1.632662710543512,67
0.2617698339774236,-0.1628224112960958,-1.324462516976155,1.2885735018478053,-0.1242665388938497,-0.4012416860546675,0.3744424911473677,0.285970759412303,67
-0.257863604106354,0.6718824858433398,-1.6022654788936768,-0.1434879155968454,-0.1242665388938497,-1.213934457288018,-0.9154123258550612,0.285970759412303,66
1.387642283158942,-0.329763390723983,0.8979611783640193,-0.1434879155968454,-0.1242665388938497,-0.4012416860546675,-0.9154123258550612,0.285970759412303,70
-0.7774970421901317,-0.4967043701518701,-1.5328147384142965,-0.1434879155968454,-0.1242665388938497,-1.213934457288018,-0.9154123258550612,-1.060721191718906,61
0.9546144180891272,0.8388234652712269,-0.0743491883473068,-0.1434879155968454,-0.1242665388938497,-0.4012416860546675,0.3744424911473677,0.285970759412303,71
0.8680088450751643,-0.6636453495797573,-0.6299551121823505,-0.1434879155968454,1.3136126598306066,-1.213934457288018,-0.9154123258550612,1.632662710543512,67
-0.1712580310923911,0.5049415064154527,1.314665621240302,-0.1434879155968454,1.3136126598306066,-0.4012416860546675,-0.9154123258550612,1.632662710543512,68
0.6081921260332754,-1.3314092672913058,-0.9077580740998724,-1.5755493330414962,-0.1242665388938497,0.4114510851786828,-0.9154123258550612,0.285970759412303,64
1.474247856172905,-0.6636453495797573,-1.046659555058633,-1.5755493330414962,1.3136126598306066,-1.213934457288018,-0.9154123258550612,-1.060721191718906,69
-1.5569471993157984,-0.1628224112960958,0.4812567354877367,1.2885735018478053,-0.1242665388938497,-1.213934457288018,0.3744424911473677,-1.060721191718906,62
1.214431137131016,2.508233259550098,-0.8383073336204918,-0.1434879155968454,1.3136126598306066,-0.4012416860546675,0.3744424911473677,-1.060721191718906,75
-1.730158345343724,-1.498350246719193,-1.1161102955380136,1.2885735018478053,-0.1242665388938497,0.4114510851786828,0.3744424911473677,-1.060721191718906,60
-0.5176803231482429,1.005764444699114,-0.4216028907442091,-0.1434879155968454,-0.1242665388938497,0.4114510851786828,1.6642973081497967,-1.060721191718906,68
1.3010367101449791,-0.329763390723983,0.4118059950083562,-0.1434879155968454,-0.1242665388938497,-1.213934457288018,-0.9154123258550612,-1.060721191718906,68
1.560853429186868,1.6735283624106625,1.2452148807609216,-1.5755493330414962,-0.1242665388938497,-0.4012416860546675,-0.9154123258550612,-1.060721191718906,88
-0.6908914691761688,1.1727054241270012,0.2729045140495953,-1.5755493330414962,-1.5621457376183063,0.4114510851786828,1.6642973081497967,1.632662710543512,68
0.4349809800053495,2.508233259550098,-0.1437999288266873,1.2885735018478053,-0.1242665388938497,-0.4012416860546675,-0.9154123258550612,1.632662710543512,74
-1.6435527723297614,-1.498350246719193,1.0368626593227803,-0.1434879155968454,-1.5621457376183063,-1.213934457288018,-0.9154123258550612,0.285970759412303,61
-1.1239193342459837,-0.1628224112960958,-1.7411669598524375,-1.5755493330414962,-0.1242665388938497,-1.213934457288018,-0.9154123258550612,1.632662710543512,62
-0.5176803231482429,0.5049415064154527,-0.9772088145792528,-1.5755493330414962,-1.5621457376183063,-1.213934457288018,1.6642973081497967,0.285970759412303,64
-0.344469177120317,-0.329763390723983,0.4812567354877367,1.2885735018478053,-0.1242665388938497,0.4114510851786828,1.6642973081497967,0.285970759412303,70
1.560853429186868,0.0041185681317912,-0.0048984478679264,-0.1434879155968454,-1.5621457376183063,2.036836627645384,0.3744424911473677,0.285970759412303,72
0.3483754069913866,1.005764444699114,-1.324462516976155,-0.1434879155968454,-0.1242665388938497,-0.4012416860546675,0.3744424911473677,0.285970759412303,67
0.0019531149355348,1.1727054241270012,-0.6994058526617309,-0.1434879155968454,-0.1242665388938497,-0.4012416860546675,0.3744424911473677,1.632662710543512,68
0.3483754069913866,-0.9975273084355316,-0.9772088145792528,1.2885735018478053,-1.5621457376183063,-0.4012416860546675,0.3744424911473677,1.632662710543512,64
0.8680088450751643,0.5049415064154527,0.9674119188433998,-0.1434879155968454,-0.1242665388938497,0.4114510851786828,0.3744424911473677,1.632662710543512,71
-0.0846524580784281,-0.1628224112960958,-1.3939132574555355,1.2885735018478053,-0.1242665388938497,1.2241438564120333,1.6642973081497967,0.285970759412303,68
1.6474590022008309,0.1710595475596783,-1.5328147384142965,1.2885735018478053,-0.1242665388938497,-1.213934457288018,1.6642973081497967,0.285970759412303,71
-0.5176803231482429,1.005764444699114,0.7590596974052585,-0.1434879155968454,-0.1242665388938497,0.4114510851786828,0.3744424911473677,-1.060721191718906,69
1.1278255641170531,1.3396464035548885,1.0368626593227803,1.2885735018478053,-1.5621457376183063,-0.4012416860546675,-0.9154123258550612,-1.060721191718906,71
-1.2105249072599464,-0.6636453495797573,1.2452148807609216,-0.1434879155968454,-1.5621457376183063,4.474914941345435,-0.9154123258550612,-1.060721191718906,63
-1.4703416263018354,0.0041185681317912,-1.3939132574555355,-0.1434879155968454,-0.1242665388938497,0.4114510851786828,-0.9154123258550612,-1.060721191718906,63
1.0412199911030902,-0.8305863290076444,-0.5605043717029701,-1.5755493330414962,1.3136126598306066,-0.4012416860546675,1.6642973081497967,1.632662710543512,69
0.6947976990472384,-0.8305863290076444,-0.2827014097854482,-1.5755493330414962,-1.5621457376183063,-0.4012416860546675,1.6642973081497967,-1.060721191718906,64
0.0019531149355348,-0.8305863290076444,1.1063133998021608,-0.1434879155968454,-0.1242665388938497,1.2241438564120333,0.3744424911473677,-1.060721191718906,67
1.214431137131016,0.1710595475596783,1.6619193236372043,1.2885735018478053,-0.1242665388938497,-0.4012416860546675,-0.9154123258550612,0.285970759412303,72
0.2617698339774236,-0.6636453495797573,1.3841163617196826,1.2885735018478053,-0.1242665388938497,0.4114510851786828,0.3744424911473677,-1.060721191718906,69
1.1278255641170531,-0.1628224112960958,-0.6994058526617309,1.2885735018478053,-0.1242665388938497,-1.213934457288018,-0.9154123258550612,0.285970759412303,69
-0.344469177120317,0.1710595475596783,0.5507074759671171,1.2885735018478053,-0.1242665388938497,-1.213934457288018,-0.9154123258550612,-1.060721191718906,68
-0.257863604106354,-0.8305863290076444,0.2034537735702149,1.2885735018478053,-0.1242665388938497,-1.213934457288018,-0.9154123258550612,-1.060721191718906,65
-0.6908914691761688,0.3380005269875655,-0.3521521502648286,-0.1434879155968454,-1.5621457376183063,-0.4012416860546675,1.6642973081497967,1.632662710543512,64
1.3010367101449791,0.6718824858433398,-0.6299551121823505,-0.1434879155968454,1.3136126598306066,0.4114510851786828,-0.9154123258550612,1.632662710543512,71
-0.1712580310923911,1.1727054241270012,0.6896089569258781,1.2885735018478053,1.3136126598306066,-1.213934457288018,0.3744424911473677,1.632662710543512,72
1.6474590022008309,2.508233259550098,0.6896089569258781,1.2885735018478053,1.3136126598306066,0.4114510851786828,1.6642973081497967,0.285970759412303,79
-0.257863604106354,0.0041185681317912,1.5924685831578238,-0.1434879155968454,-0.1242665388938497,0.4114510851786828,1.6642973081497967,-1.060721191718906,67
-0.5176803231482429,-0.329763390723983,-1.324462516976155,-0.1434879155968454,-0.1242665388938497,-0.4012416860546675,0.3744424911473677,0.285970759412303,64
1.214431137131016,1.005764444699114,-1.1161102955380136,-0.1434879155968454,-1.5621457376183063,2.036836627645384,-0.9154123258550612,-1.060721191718906,71
-0.6042858961622058,-1.498350246719193,-0.5605043717029701,-0.1434879155968454,-0.1242665388938497,1.2241438564120333,1.6642973081497967,0.285970759412303,63
-0.257863604106354,0.0041185681317912,-0.9772088145792528,-1.5755493330414962,-0.1242665388938497,0.4114510851786828,-0.9154123258550612,0.285970759412303,65
1.7340645752147938,2.0074103212664367,-0.5605043717029701,1.2885735018478053,-1.5621457376183063,2.036836627645384,-0.9154123258550612,0.285970759412303,74
1.560853429186868,-0.8305863290076444,0.9674119188433998,-0.1434879155968454,-0.1242665388938497,0.4114510851786828,0.3744424911473677,-1.060721191718906,68
-0.9507081882180576,-0.329763390723983,-1.4633639979349158,-1.5755493330414962,-0.1242665388938497,-0.4012416860546675,-0.9154123258550612,-1.060721191718906,61
1.6474590022008309,-0.1628224112960958,-1.5328147384142965,1.2885735018478053,1.3136126598306066,-0.4012416860546675,0.3744424911473677,0.285970759412303,72
0.3483754069913866,0.6718824858433398,1.2452148807609216,1.2885735018478053,1.3136126598306066,1.2241438564120333,-0.9154123258550612,1.632662710543512,72
0.1751642609634607,-0.8305863290076444,1.0368626593227803,1.2885735018478053,-0.1242665388938497,0.4114510851786828,-0.9154123258550612,1.632662710543512,68
-0.6042858961622058,0.8388234652712269,-1.324462516976155,-0.1434879155968454,-0.1242665388938497,0.4114510851786828,-0.9154123258550612,1.632662710543512,93
-1.1239193342459837,1.3396464035548885,-1.046659555058633,-0.1434879155968454,-0.1242665388938497,-1.213934457288018,-0.9154123258550612,0.285970759412303,65
0.6081921260332754,1.6735283624106625,-1.185561036017394,-0.1434879155968454,1.3136126598306066,-0.4012416860546675,0.3744424911473677,-1.060721191718906,71
0.1751642609634607,-1.3314092672913058,1.1063133998021608,-0.1434879155968454,-1.5621457376183063,1.2241438564120333,1.6642973081497967,-1.060721191718906,66
0.0885586879494977,-1.3314092672913058,-0.4910536312235896,-0.1434879155968454,-1.5621457376183063,-1.213934457288018,-0.9154123258550612,-1.060721191718906,62
-1.5569471993157984,0.5049415064154527,1.1063133998021608,-0.1434879155968454,-0.1242665388938497,1.2241438564120333,-0.9154123258550612,1.632662710543512,64
0.5215865530193126,0.3380005269875655,0.4812567354877367,-0.1434879155968454,-1.5621457376183063,-0.4012416860546675,0.3744424911473677,-1.060721191718906,67
0.4349809800053495,-1.9991731850028545,-1.4633639979349158,-1.5755493330414962,-0.1242665388938497,-0.4012416860546675,-0.9154123258550612,-1.060721191718906,62
1.7340645752147938,1.5065873829827754,0.9674119188433998,1.2885735018478053,1.3136126598306066,0.4114510851786828,-0.9154123258550612,0.285970759412303,76
1.560853429186868,1.6735283624106625,0.064552292611454,1.2885735018478053,-0.1242665388938497,-0.4012416860546675,0.3744424911473677,-1.060721191718906,74
-0.6908914691761688,0.1710595475596783,0.3423552545289758,-0.1434879155968454,-0.1242665388938497,1.2241438564120333,-0.9154123258550612,-1.060721191718906,67
0.8680088450751643,0.8388234652712269,1.453567102199063,-0.1434879155968454,-0.1242665388938497,-0.4012416860546675,0.3744424911473677,0.285970759412303,72
0.8680088450751643,-0.329763390723983,-0.4216028907442091,1.2885735018478053,-0.1242665388938497,-0.4012416860546675,0.3744424911473677,1.632662710543512,71
0.4349809800053495,0.0041185681317912,0.3423552545289758,-1.5755493330414962,1.3136126598306066,1.2241438564120333,1.6642973081497967,-1.060721191718906,69
-0.257863604106354,0.8388234652712269,1.0368626593227803,-0.1434879155968454,-0.1242665388938497,-0.4012416860546675,-0.9154123258550612,-1.060721191718906,68
-1.730158345343724,0.8388234652712269,-0.1437999288266873,-1.5755493330414962,-0.1242665388938497,-0.4012416860546675,-0.9154123258550612,0.285970759412303,62
-1.1239193342459837,-1.1644682878634187,0.064552292611454,1.2885735018478053,1.3136126598306066,0.4114510851786828,-0.9154123258550612,-1.060721191718906,65
-0.6908914691761688,-0.329763390723983,-0.4216028907442091,-0.1434879155968454,1.3136126598306066,0.4114510851786828,-0.9154123258550612,1.632662710543512,64
0.8680088450751643,2.0074103212664367,1.5924685831578238,-0.1434879155968454,-0.1242665388938497,-1.213934457288018,0.3744424911473677,0.285970759412303,74
1.0412199911030902,0.0041185681317912,1.2452148807609216,-0.1434879155968454,-0.1242665388938497,1.2241438564120333,0.3744424911473677,1.632662710543512,72
0.1751642609634607,-0.4967043701518701,-1.324462516976155,-1.5755493330414962,1.3136126598306066,1.2241438564120333,-0.9154123258550612,1.632662710543512,66
-0.4310747501342799,0.3380005269875655,-1.324462516976155,-0.1434879155968454,-0.1242665388938497,1.2241438564120333,-0.9154123258550612,0.285970759412303,65
-1.1239193342459837,1.1727054241270012,-1.4633639979349158,-0.1434879155968454,-1.5621457376183063,-1.213934457288018,-0.9154123258550612,0.285970759412303,61
-1.6435527723297614,-0.1628224112960958,1.5230178426784435,1.2885735018478053,-0.1242665388938497,-1.213934457288018,0.3744424911473677,0.285970759412303,62
0.6081921260332754,-0.8305863290076444,1.1063133998021608,-0.1434879155968454,1.3136126598306066,-0.4012416860546675,-0.9154123258550612,-1.060721191718906,67
-1.6435527723297614,0.3380005269875655,0.064552292611454,-1.5755493330414962,-1.5621457376183063,-0.4012416860546675,0.3744424911473677,1.632662710543512,64
1.6474590022008309,-1.498350246719193,0.9674119188433998,-0.1434879155968454,1.3136126598306066,1.2241438564120333,0.3744424911473677,-1.060721191718906,72
0.3483754069913866,-1.3314092672913058,-0.0743491883473068,1.2885735018478053,-0.1242665388938497,-0.4012416860546675,0.3744424911473677,0.285970759412303,67
-1.3837360532878724,2.0074103212664367,1.5230178426784435,-1.5755493330414962,-1.5621457376183063,-0.4012416860546675,0.3744424911473677,0.285970759412303,66
1.560853429186868,-0.9975273084355316,0.5507074759671171,1.2885735018478053,1.3136126598306066,1.2241438564120333,0.3744424911473677,-1.060721191718906,72
0.6947976990472384,0.6718824858433398,0.8979611783640193,-1.5755493330414962,-0.1242665388938497,0.4114510851786828,1.6642973081497967,0.285970759412303,71
0.1751642609634607,0.6718824858433398,0.1340030330908344,-0.1434879155968454,-0.1242665388938497,1.2241438564120333,-0.9154123258550612,0.285970759412303,69
0.9546144180891272,1.1727054241270012,-1.2550117764967743,-1.5755493330414962,-0.1242665388938497,-1.213934457288018,1.6642973081497967,-1.060721191718906,68
1.387642283158942,-0.9975273084355316,0.064552292611454,-1.5755493330414962,-0.1242665388938497,-1.213934457288018,-0.9154123258550612,-1.060721191718906,66
-1.6435527723297614,-0.1628224112960958,-0.9077580740998724,-1.5755493330414962,-0.1242665388938497,0.4114510851786828,-0.9154123258550612,0.285970759412303,60
0.2617698339774236,-2.6669371027144027,1.6619193236372043,-0.1434879155968454,1.3136126598306066,-0.4012416860546675,0.3744424911473677,-1.060721191718906,64
0.6081921260332754,-1.3314092672913058,-0.0048984478679264,1.2885735018478053,1.3136126598306066,-0.4012416860546675,0.3744424911473677,-1.060721191718906,65
-0.344469177120317,0.1710595475596783,0.2034537735702149,-1.5755493330414962,-0.1242665388938497,-1.213934457288018,-0.9154123258550612,-1.060721191718906,65
-1.037313761232021,-0.329763390723983,0.828510437884639,1.2885735018478053,1.3136126598306066,1.2241438564120333,-0.9154123258550612,0.285970759412303,69
0.5215865530193126,1.005764444699114,-0.5605043717029701,-1.5755493330414962,-0.1242665388938497,0.4114510851786828,-0.9154123258550612,-1.060721191718906,68
-0.4310747501342799,0.5049415064154527,0.828510437884639,-0.1434879155968454,1.3136126598306066,-0.4012416860546675,0.3744424911473677,0.285970759412303,69
0.8680088450751643,0.1710595475596783,-1.046659555058633,-0.1434879155968454,-1.5621457376183063,-0.4012416860546675,0.3744424911473677,-1.060721191718906,66
1.214431137131016,-0.6636453495797573,0.064552292611454,1.2885735018478053,1.3136126598306066,-1.213934457288018,-0.9154123258550612,-1.060721191718906,70
1.387642283158942,0.0041185681317912,-1.2550117764967743,1.2885735018478053,1.3136126598306066,-0.4012416860546675,-0.9154123258550612,-1.060721191718906,70
0.0885586879494977,0.0041185681317912,-0.9772088145792528,-0.1434879155968454,-1.5621457376183063,-1.213934457288018,-0.9154123258550612,-1.060721191718906,63
0.5215865530193126,-0.4967043701518701,-1.1161102955380136,-0.1434879155968454,1.3136126598306066,1.2241438564120333,1.6642973081497967,-1.060721191718906,68
1.387642283158942,-0.1628224112960958,-0.3521521502648286,-1.5755493330414962,-1.5621457376183063,-1.213934457288018,-0.9154123258550612,-1.060721191718906,66
1.3010367101449791,-1.498350246719193,0.4118059950083562,-0.1434879155968454,-0.1242665388938497,0.4114510851786828,-0.9154123258550612,-1.060721191718906,67
-1.1239193342459837,1.005764444699114,1.314665621240302,1.2885735018478053,-0.1242665388938497,-1.213934457288018,0.3744424911473677,0.285970759412303,68
-1.037313761232021,1.1727054241270012,-1.324462516976155,1.2885735018478053,-1.5621457376183063,-1.213934457288018,0.3744424911473677,-1.060721191718906,64
0.4349809800053495,-0.4967043701518701,0.6201582164464976,-0.1434879155968454,-1.5621457376183063,1.2241438564120333,0.3744424911473677,0.285970759412303,67
0.6081921260332754,1.6735283624106625,-1.1161102955380136,-0.1434879155968454,-1.5621457376183063,0.4114510851786828,-0.9154123258550612,0.285970759412303,69
-0.6042858961622058,1.1727054241270012,1.1063133998021608,-0.1434879155968454,-1.5621457376183063,0.4114510851786828,0.3744424911473677,1.632662710543512,68
-1.4703416263018354,0.5049415064154527,0.6201582164464976,-0.1434879155968454,-1.5621457376183063,-1.213934457288018,-0.9154123258550612,1.632662710543512,64
-0.1712580310923911,-0.1628224112960958,-1.3939132574555355,-0.1434879155968454,-0.1242665388938497,-1.213934457288018,0.3744424911473677,0.285970759412303,65
-0.8641026152040947,-1.8322322055749671,0.4118059950083562,-0.1434879155968454,1.3136126598306066,-0.4012416860546675,1.6642973081497967,1.632662710543512,65
-1.730158345343724,-0.329763390723983,-0.4216028907442091,-0.1434879155968454,-0.1242665388938497,-1.213934457288018,1.6642973081497967,0.285970759412303,62
-1.2105249072599464,-0.329763390723983,0.7590596974052585,1.2885735018478053,-0.1242665388938497,0.4114510851786828,0.3744424911473677,0.285970759412303,66
-1.5569471993157984,1.3396464035548885,0.8979611783640193,-0.1434879155968454,1.3136126598306066,-1.213934457288018,1.6642973081497967,-1.060721191718906,67
0.0019531149355348,0.0041185681317912,0.6201582164464976,-0.1434879155968454,-0.1242665388938497,-0.4012416860546675,0.3744424911473677,0.285970759412303,68
1.3010367101449791,-0.6636453495797573,0.7590596974052585,-1.5755493330414962,-1.5621457376183063,2.036836627645384,0.3744424911473677,1.632662710543512,70
-0.257863604106354,0.1710595475596783,-1.1161102955380136,-1.5755493330414962,-0.1242665388938497,1.2241438564120333,-0.9154123258550612,-1.060721191718906,66
0.6947976990472384,0.3380005269875655,-0.3521521502648286,-1.5755493330414962,-0.1242665388938497,1.2241438564120333,-0.9154123258550612,-1.060721191718906,69
1.0412199911030902,-0.6636453495797573,-0.6299551121823505,-0.1434879155968454,-0.1242665388938497,0.4114510851786828,1.6642973081497967,0.285970759412303,70
-1.1239193342459837,-0.1628224112960958,1.2452148807609216,-0.1434879155968454,-1.5621457376183063,-1.213934457288018,1.6642973081497967,0.285970759412303,66
-0.5176803231482429,0.3380005269875655,0.2729045140495953,-1.5755493330414962,1.3136126598306066,1.2241438564120333,-0.9154123258550612,0.285970759412303,67
1.560853429186868,-0.8305863290076444,-0.3521521502648286,-0.1434879155968454,-0.1242665388938497,-0.4012416860546675,-0.9154123258550612,0.285970759412303,68
-1.2971304802739094,0.5049415064154527,-0.0743491883473068,-0.1434879155968454,1.3136126598306066,0.4114510851786828,0.3744424911473677,0.285970759412303,67
1.387642283158942,0.5049415064154527,1.6619193236372043,-0.1434879155968454,-0.1242665388938497,1.2241438564120333,-0.9154123258550612,-1.060721191718906,74
1.560853429186868,1.1727054241270012,1.2452148807609216,-1.5755493330414962,1.3136126598306066,-1.213934457288018,-0.9154123258550612,-1.060721191718906,72
1.474247856172905,0.3380005269875655,-1.4633639979349158,-0.1434879155968454,-0.1242665388938497,0.4114510851786828,0.3744424911473677,1.632662710543512,70
1.6474590022008309,-0.4967043701518701,0.7590596974052585,-0.1434879155968454,-0.1242665388938497,-0.4012416860546675,0.3744424911473677,0.285970759412303,70
0.5215865530193126,0.6718824858433398,0.8979611783640193,-0.1434879155968454,-0.1242665388938497,-0.4012416860546675,-0.9154123258550612,-1.060721191718906,69
-0.6042858961622058,0.5049415064154527,-1.7411669598524375,1.2885735018478053,1.3136126598306066,-0.4012416860546675,0.3744424911473677,0.285970759412303,68
-0.344469177120317,0.8388234652712269,-1.5328147384142965,1.2885735018478053,-0.1242665388938497,-0.4012416860546675,-0.9154123258550612,1.632662710543512,67
-0.5176803231482429,2.174351300694324,-0.7688565931411113,-0.1434879155968454,-0.1242665388938497,0.4114510851786828,1.6642973081497967,0.285970759412303,70
-0.0846524580784281,-0.4967043701518701,-0.4216028907442091,1.2885735018478053,1.3136126598306066,2.036836627645384,1.6642973081497967,-1.060721191718906,68
-1.2105249072599464,-1.8322322055749671,1.7313700641165848,-0.1434879155968454,-1.5621457376183063,1.2241438564120333,0.3744424911473677,0.285970759412303,62
-0.8641026152040947,-1.498350246719193,1.5924685831578238,-0.1434879155968454,-0.1242665388938497,1.2241438564120333,1.6642973081497967,1.632662710543512,66
0.8680088450751643,-0.6636453495797573,1.7313700641165848,-0.1434879155968454,-0.1242665388938497,-0.4012416860546675,-0.9154123258550612,-1.060721191718906,68
-0.7774970421901317,-0.329763390723983,0.6896089569258781,-1.5755493330414962,-0.1242665388938497,-0.4012416860546675,-0.9154123258550612,-1.060721191718906,62
-1.1239193342459837,0.0041185681317912,1.5924685831578238,-1.5755493330414962,-1.5621457376183063,-0.4012416860546675,0.3744424911473677,0.285970759412303,64
-0.9507081882180576,1.005764444699114,1.3841163617196826,-0.1434879155968454,-0.1242665388938497,-0.4012416860546675,1.6642973081497967,-1.060721191718906,67
0.8680088450751643,1.005764444699114,0.6201582164464976,-1.5755493330414962,-0.1242665388938497,-0.4012416860546675,-0.9154123258550612,0.285970759412303,70
1.0412199911030902,1.5065873829827754,1.1063133998021608,-0.1434879155968454,1.3136126598306066,-0.4012416860546675,-0.9154123258550612,1.632662710543512,75
0.3483754069913866,-0.8305863290076444,0.4812567354877367,-0.1434879155968454,-0.1242665388938497,-0.4012416860546675,-0.9154123258550612,1.632662710543512,64
1.387642283158942,0.3380005269875655,-0.3521521502648286,1.2885735018478053,-0.1242665388938497,0.4114510851786828,0.3744424911473677,0.285970759412303,70
0.3483754069913866,0.5049415064154527,-0.1437999288266873,1.2885735018478053,-1.5621457376183063,-1.213934457288018,-0.9154123258550612,-1.060721191718906,67
-0.0846524580784281,-0.329763390723983,0.2729045140495953,-0.1434879155968454,-0.1242665388938497,-1.213934457288018,0.3744424911473677,-1.060721191718906,65
0.6947976990472384,-1.3314092672913058,-1.324462516976155,-0.1434879155968454,-1.5621457376183063,-1.213934457288018,-0.9154123258550612,-1.060721191718906,62
-1.1239193342459837,-0.4967043701518701,-0.9077580740998724,1.2885735018478053,-1.5621457376183063,1.2241438564120333,-0.9154123258550612,0.285970759412303,65
1.560853429186868,-1.66529122614708,-0.6299551121823505,-1.5755493330414962,-0.1242665388938497,-0.4012416860546675,0.3744424911473677,-1.060721191718906,66
0.0885586879494977,-0.4967043701518701,0.2034537735702149,1.2885735018478053,-0.1242665388938497,0.4114510851786828,-0.9154123258550612,-1.060721191718906,67
0.8680088450751643,0.0041185681317912,0.6896089569258781,-0.1434879155968454,-1.5621457376183063,1.2241438564120333,0.3744424911473677,-1.060721191718906,69
1.214431137131016,1.1727054241270012,0.9674119188433998,-0.1434879155968454,-1.5621457376183063,1.2241438564120333,0.3744424911473677,-1.060721191718906,73
-0.344469177120317,-0.6636453495797573,0.6201582164464976,-0.1434879155968454,-0.1242665388938497,-0.4012416860546675,-0.9154123258550612,1.632662710543512,66
-0.7774970421901317,0.6718824858433398,-1.3939132574555355,1.2885735018478053,-0.1242665388938497,0.4114510851786828,0.3744424911473677,1.632662710543512,67
0.0885586879494977,0.3380005269875655,0.3423552545289758,-1.5755493330414962,-0.1242665388938497,-0.4012416860546675,0.3744424911473677,0.285970759412303,67
-0.257863604106354,-0.6636453495797573,1.175764140281541,-0.1434879155968454,-0.1242665388938497,2.849529398878734,1.6642973081497967,-1.060721191718906,70
1.3010367101449791,1.005764444699114,-0.0743491883473068,1.2885735018478053,-0.1242665388938497,1.2241438564120333,-0.9154123258550612,-1.060721191718906,71
-1.4703416263018354,-0.4967043701518701,-1.1161102955380136,-0.1434879155968454,-0.1242665388938497,-0.4012416860546675,1.6642973081497967,-1.060721191718906,62
0.0019531149355348,-0.1628224112960958,1.6619193236372043,-1.5755493330414962,-1.5621457376183063,-0.4012416860546675,1.6642973081497967,-1.060721191718906,67
-1.3837360532878724,-1.498350246719193,0.2034537735702149,-0.1434879155968454,1.3136126598306066,0.4114510851786828,0.3744424911473677,-1.060721191718906,62
0.0885586879494977,0.3380005269875655,-0.2827014097854482,-0.1434879155968454,1.3136126598306066,0.4114510851786828,-0.9154123258550612,1.632662710543512,69
1.1278255641170531,0.8388234652712269,-0.8383073336204918,1.2885735018478053,1.3136126598306066,0.4114510851786828,1.6642973081497967,1.632662710543512,75
0.0019531149355348,1.3396464035548885,0.8979611783640193,1.2885735018478053,1.3136126598306066,0.4114510851786828,-0.9154123258550612,1.632662710543512,72
-0.8641026152040947,-0.1628224112960958,-0.5605043717029701,-0.1434879155968454,-0.1242665388938497,2.849529398878734,1.6642973081497967,0.285970759412303,67
0.6947976990472384,2.174351300694324,0.6201582164464976,-1.5755493330414962,-0.1242665388938497,-0.4012416860546675,-0.9154123258550612,-1.060721191718906,70
0.3483754069913866,0.0041185681317912,1.6619193236372043,-0.1434879155968454,-0.1242665388938497,0.4114510851786828,-0.9154123258550612,0.285970759412303,69
-0.1712580310923911,0.5049415064154527,0.3423552545289758,1.2885735018478053,1.3136126598306066,-1.213934457288018,-0.9154123258550612,-1.060721191718906,68
1.387642283158942,-1.1644682878634187,-0.3521521502648286,-0.1434879155968454,-0.1242665388938497,-0.4012416860546675,0.3744424911473677,-1.060721191718906,68
-0.6908914691761688,0.5049415064154527,0.6201582164464976,1.2885735018478053,-1.5621457376183063,-0.4012416860546675,-0.9154123258550612,1.632662710543512,67
-0.0846524580784281,-1.3314092672913058,1.6619193236372043,-0.1434879155968454,-0.1242665388938497,0.4114510851786828,-0.9154123258550612,0.285970759412303,64
1.3010367101449791,0.3380005269875655,-0.4216028907442091,1.2885735018478053,-0.1242665388938497,-0.4012416860546675,0.3744424911473677,-1.060721191718906,72
0.7814032720612014,2.174351300694324,1.6619193236372043,-0.1434879155968454,-1.5621457376183063,0.4114510851786828,0.3744424911473677,1.632662710543512,75
1.0412199911030902,-0.1628224112960958,-0.5605043717029701,1.2885735018478053,-0.1242665388938497,0.4114510851786828,-0.9154123258550612,0.285970759412303,69
-0.6908914691761688,0.8388234652712269,0.9674119188433998,-0.1434879155968454,-0.1242665388938497,1.2241438564120333,-0.9154123258550612,-1.060721191718906,68
-1.1239193342459837,1.005764444699114,0.1340030330908344,-0.1434879155968454,-1.5621457376183063,0.4114510851786828,-0.9154123258550612,-1.060721191718906,64
1.0412199911030902,1.5065873829827754,1.1063133998021608,-0.1434879155968454,-1.5621457376183063,0.4114510851786828,1.6642973081497967,0.285970759412303,72
1.1278255641170531,0.0041185681317912,-0.8383073336204918,-1.5755493330414962,-0.1242665388938497,-1.213934457288018,-0.9154123258550612,-1.060721191718906,66
-1.6435527723297614,0.3380005269875655,0.064552292611454,1.2885735018478053,-1.5621457376183063,-0.4012416860546675,0.3744424911473677,1.632662710543512,65
-0.257863604106354,0.3380005269875655,-0.3521521502648286,-1.5755493330414962,1.3136126598306066,0.4114510851786828,1.6642973081497967,0.285970759412303,69
0.8680088450751643,1.1727054241270012,1.453567102199063,-0.1434879155968454,1.3136126598306066,-1.213934457288018,-0.9154123258550612,0.285970759412303,72
-0.257863604106354,0.6718824858433398,0.828510437884639,-0.1434879155968454,-0.1242665388938497,0.4114510851786828,1.6642973081497967,-1.060721191718906,68
0.6947976990472384,-0.329763390723983,1.453567102199063,1.2885735018478053,1.3136126598306066,-0.4012416860546675,-0.9154123258550612,-1.060721191718906,69
-0.5176803231482429,-0.6636453495797573,0.2729045140495953,-1.5755493330414962,1.3136126598306066,-1.213934457288018,1.6642973081497967,1.632662710543512,65
-0.4310747501342799,0.3380005269875655,-1.4633639979349158,1.2885735018478053,-0.1242665388938497,2.036836627645384,-0.9154123258550612,-1.060721191718906,68
0.8680088450751643,0.0041185681317912,-1.185561036017394,-0.1434879155968454,-0.1242665388938497,-0.4012416860546675,-0.9154123258550612,1.632662710543512,70
-0.9507081882180576,1.3396464035548885,0.8979611783640193,1.2885735018478053,1.3136126598306066,0.4114510851786828,-0.9154123258550612,-1.060721191718906,68
1.0412199911030902,1.005764444699114,0.6201582164464976,1.2885735018478053,1.3136126598306066,-1.213934457288018,1.6642973081497967,0.285970759412303,74
-0.257863604106354,-0.1628224112960958,1.175764140281541,-1.5755493330414962,1.3136126598306066,0.4114510851786828,-0.9154123258550612,-1.060721191718906,67
1.560853429186868,-0.1628224112960958,0.828510437884639,1.2885735018478053,-0.1242665388938497,-0.4012416860546675,1.6642973081497967,0.285970759412303,74
-0.1712580310923911,0.6718824858433398,1.3841163617196826,-0.1434879155968454,1.3136126598306066,-0.4012416860546675,0.3744424911473677,-1.060721191718906,69
1.560853429186868,1.5065873829827754,0.8979611783640193,1.2885735018478053,-0.1242665388938497,1.2241438564120333,0.3744424911473677,-1.060721191718906,75
-0.344469177120317,0.5049415064154527,1.5924685831578238,1.2885735018478053,-0.1242665388938497,-1.213934457288018,1.6642973081497967,0.285970759412303,69
-0.6908914691761688,1.005764444699114,0.4118059950083562,-0.1434879155968454,1.3136126598306066,-1.213934457288018,-0.9154123258550612,0.285970759412303,68
-0.9507081882180576,0.8388234652712269,-1.6022654788936768,-1.5755493330414962,1.3136126598306066,-0.4012416860546675,-0.9154123258550612,-1.060721191718906,65
-1.037313761232021,1.005764444699114,1.453567102199063,1.2885735018478053,-0.1242665388938497,-0.4012416860546675,-0.9154123258550612,0.285970759412303,69
-1.4703416263018354,0.6718824858433398,-1.046659555058633,-0.1434879155968454,-0.1242665388938497,1.2241438564120333,-0.9154123258550612,1.632662710543512,65
-1.730158345343724,-0.6636453495797573,-0.3521521502648286,1.2885735018478053,-0.1242665388938497,1.2241438564120333,-0.9154123258550612,1.632662710543512,63
-0.344469177120317,0.0041185681317912,0.828510437884639,1.2885735018478053,1.3136126598306066,-0.4012416860546675,1.6642973081497967,-1.060721191718906,68
1.6474590022008309,-1.1644682878634187,1.3841163617196826,1.2885735018478053,-1.5621457376183063,-1.213934457288018,1.6642973081497967,-1.060721191718906,69
-1.3837360532878724,0.0041185681317912,1.3841163617196826,-1.5755493330414962,1.3136126598306066,2.036836627645384,-0.9154123258550612,0.285970759412303,66
0.6081921260332754,0.3380005269875655,0.5507074759671171,-0.1434879155968454,-1.5621457376183063,-0.4012416860546675,0.3744424911473677,-1.060721191718906,66
-1.2971304802739094,-1.8322322055749671,-0.5605043717029701,1.2885735018478053,-0.1242665388938497,-0.4012416860546675,-0.9154123258550612,1.632662710543512,62
-0.9507081882180576,-0.329763390723983,0.6201582164464976,-0.1434879155968454,-0.1242665388938497,0.4114510851786828,-0.9154123258550612,-1.060721191718906,65
0.9546144180891272,0.6718824858433398,-1.6717162193730573,1.2885735018478053,1.3136126598306066,0.4114510851786828,-0.9154123258550612,0.285970759412303,72
-0.0846524580784281,0.5049415064154527,1.5230178426784435,1.2885735018478053,-0.1242665388938497,-0.4012416860546675,-0.9154123258550612,1.632662710543512,69
0.9546144180891272,0.6718824858433398,-0.1437999288266873,-0.1434879155968454,-1.5621457376183063,0.4114510851786828,1.6642973081497967,-1.060721191718906,70
0.4349809800053495,1.3396464035548885,-0.7688565931411113,-0.1434879155968454,-0.1242665388938497,-0.4012416860546675,-0.9154123258550612,-1.060721191718906,68
0.3483754069913866,-0.6636453495797573,0.8979611783640193,1.2885735018478053,1.3136126598306066,-0.4012416860546675,-0.9154123258550612,0.285970759412303,66
0.0019531149355348,-0.8305863290076444,-1.2550117764967743,-0.1434879155968454,-0.1242665388938497,-0.4012416860546675,-0.9154123258550612,-1.060721191718906,63
-0.257863604106354,-1.3314092672913058,1.0368626593227803,-1.5755493330414962,-0.1242665388938497,0.4114510851786828,-0.9154123258550612,0.285970759412303,63
-0.4310747501342799,-0.1628224112960958,-0.7688565931411113,1.2885735018478053,-0.1242665388938497,0.4114510851786828,1.6642973081497967,1.632662710543512,67
1.6474590022008309,-0.1628224112960958,0.2729045140495953,-0.1434879155968454,-1.5621457376183063,0.4114510851786828,1.6642973081497967,-1.060721191718906,70
0.9546144180891272,0.0041185681317912,0.4812567354877367,-1.5755493330414962,1.3136126598306066,-1.213934457288018,0.3744424911473677,0.285970759412303,70
-0.1712580310923911,-0.329763390723983,-1.3939132574555355,1.2885735018478053,-0.1242665388938497,-1.213934457288018,-0.9154123258550612,1.632662710543512,65
-0.5176803231482429,-0.8305863290076444,0.2729045140495953,-0.1434879155968454,1.3136126598306066,-1.213934457288018,0.3744424911473677,1.632662710543512,65
-0.257863604106354,-0.9975273084355316,0.1340030330908344,-0.1434879155968454,-0.1242665388938497,-0.4012416860546675,0.3744424911473677,-1.060721191718906,64
-0.344469177120317,-0.8305863290076444,0.2729045140495953,1.2885735018478053,1.3136126598306066,2.036836627645384,1.6642973081497967,0.285970759412303,69
-1.2971304802739094,0.5049415064154527,-0.5605043717029701,-0.1434879155968454,1.3136126598306066,1.2241438564120333,-0.9154123258550612,0.285970759412303,65
-1.037313761232021,0.3380005269875655,-1.5328147384142965,-0.1434879155968454,1.3136126598306066,-0.4012416860546675,-0.9154123258550612,0.285970759412303,65
0.2617698339774236,-0.6636453495797573,-1.324462516976155,1.2885735018478053,1.3136126598306066,1.2241438564120333,-0.9154123258550612,0.285970759412303,68
-1.4703416263018354,2.341292280122211,0.5507074759671171,1.2885735018478053,-0.1242665388938497,0.4114510851786828,0.3744424911473677,0.285970759412303,69
1.560853429186868,-1.498350246719193,0.4812567354877367,1.2885735018478053,1.3136126598306066,-0.4012416860546675,1.6642973081497967,0.285970759412303,71
-1.730158345343724,-0.1628224112960958,1.314665621240302,-1.5755493330414962,-0.1242665388938497,-0.4012416860546675,-0.9154123258550612,-1.060721191718906,62
0.5215865530193126,3.8437610949731953,1.5230178426784435,-0.1434879155968454,1.3136126598306066,0.4114510851786828,-0.9154123258550612,0.285970759412303,78
0.9546144180891272,-1.8322322055749671,-0.6994058526617309,-0.1434879155968454,-0.1242665388938497,-1.213934457288018,-0.9154123258550612,0.285970759412303,65
0.0019531149355348,0.6718824858433398,-0.6299551121823505,1.2885735018478053,-0.1242665388938497,-0.4012416860546675,0.3744424911473677,0.285970759412303,69
-0.6908914691761688,-1.9991731850028545,1.2452148807609216,1.2885735018478053,1.3136126598306066,2.036836627645384,-0.9154123258550612,0.285970759412303,68
-1.6435527723297614,0.1710595475596783,0.5507074759671171,-0.1434879155968454,1.3136126598306066,-0.4012416860546675,0.3744424911473677,-1.060721191718906,65
0.7814032720612014,-2.4999961232865155,0.064552292611454,-0.1434879155968454,-0.1242665388938497,0.4114510851786828,0.3744424911473677,0.285970759412303,65
1.560853429186868,-0.8305863290076444,1.5924685831578238,-0.1434879155968454,-0.1242665388938497,-1.213934457288018,-0.9154123258550612,0.285970759412303,71
-1.4703416263018354,0.3380005269875655,0.5507074759671171,-1.5755493330414962,-1.5621457376183063,1.2241438564120333,0.3744424911473677,0.285970759412303,63
-1.037313761232021,0.0041185681317912,-0.6994058526617309,-1.5755493330414962,-0.1242665388938497,-0.4012416860546675,0.3744424911473677,1.632662710543512,63
-0.257863604106354,-0.329763390723983,0.6896089569258781,-0.1434879155968454,1.3136126598306066,0.4114510851786828,1.6642973081497967,0.285970759412303,68
1.214431137131016,-0.1628224112960958,-0.0048984478679264,-1.5755493330414962,1.3136126598306066,0.4114510851786828,0.3744424911473677,1.632662710543512,71
0.8680088450751643,0.1710595475596783,-0.0743491883473068,1.2885735018478053,-0.1242665388938497,2.036836627645384,-0.9154123258550612,-1.060721191718906,71
-1.6435527723297614,-0.4967043701518701,-1.3939132574555355,-0.1434879155968454,1.3136126598306066,-0.4012416860546675,0.3744424911473677,0.285970759412303,62
0.4349809800053495,-0.1628224112960958,-0.3521521502648286,-0.1434879155968454,-0.1242665388938497,2.036836627645384,-0.9154123258550612,1.632662710543512,68
0.5215865530193126,1.3396464035548885,0.6896089569258781,-0.1434879155968454,-1.5621457376183063,3.6622221701120847,-0.9154123258550612,-1.060721191718906,72
1.7340645752147938,-0.6636453495797573,-1.3939132574555355,1.2885735018478053,1.3136126598306066,-0.4012416860546675,0.3744424911473677,-1.060721191718906,69
0.6081921260332754,-0.8305863290076444,-1.4633639979349158,-0.1434879155968454,-1.5621457376183063,-0.4012416860546675,0.3744424911473677,0.285970759412303,65
0.7814032720612014,-0.1628224112960958,1.0368626593227803,-0.1434879155968454,1.3136126598306066,-1.213934457288018,0.3744424911473677,-1.060721191718906,70
-0.8641026152040947,0.0041185681317912,0.2729045140495953,-0.1434879155968454,-1.5621457376183063,2.036836627645384,1.6642973081497967,0.285970759412303,67
0.7814032720612014,1.5065873829827754,1.5924685831578238,-0.1434879155968454,-1.5621457376183063,-0.4012416860546675,-0.9154123258550612,0.285970759412303,71
0.5215865530193126,-1.3314092672913058,0.064552292611454,-0.1434879155968454,1.3136126598306066,0.4114510851786828,1.6642973081497967,1.632662710543512,68
0.7814032720612014,0.1710595475596783,1.6619193236372043,-0.1434879155968454,-0.1242665388938497,-1.213934457288018,-0.9154123258550612,0.285970759412303,69
-0.8641026152040947,-0.9975273084355316,-1.6717162193730573,-0.1434879155968454,-0.1242665388938497,-0.4012416860546675,0.3744424911473677,-1.060721191718906,62
0.0019531149355348,-0.329763390723983,-1.3939132574555355,-0.1434879155968454,-0.1242665388938497,0.4114510851786828,-0.9154123258550612,-1.060721191718906,63
-0.257863604106354,1.6735283624106625,-0.3521521502648286,-1.5755493330414962,-0.1242665388938497,-1.213934457288018,-0.9154123258550612,0.285970759412303,67
0.0885586879494977,0.1710595475596783,0.6896089569258781,-0.1434879155968454,-0.1242665388938497,-0.4012416860546675,1.6642973081497967,-1.060721191718906,68
0.7814032720612014,-0.1628224112960958,-1.046659555058633,-0.1434879155968454,-1.5621457376183063,2.036836627645384,1.6642973081497967,0.285970759412303,69
-0.6908914691761688,0.8388234652712269,-0.9077580740998724,1.2885735018478053,-0.1242665388938497,0.4114510851786828,-0.9154123258550612,-1.060721191718906,67
1.387642283158942,1.3396464035548885,1.5924685831578238,-1.5755493330414962,1.3136126598306066,-0.4012416860546675,-0.9154123258550612,1.632662710543512,98
1.387642283158942,-1.1644682878634187,1.7313700641165848,1.2885735018478053,-0.1242665388938497,2.036836627645384,-0.9154123258550612,0.285970759412303,71
1.387642283158942,0.0041185681317912,0.2034537735702149,-0.1434879155968454,-0.1242665388938497,-0.4012416860546675,-0.9154123258550612,1.632662710543512,70
-1.730158345343724,0.6718824858433398,1.6619193236372043,-0.1434879155968454,-0.1242665388938497,0.4114510851786828,-0.9154123258550612,-1.060721191718906,64
1.0412199911030902,-0.6636453495797573,-0.8383073336204918,1.2885735018478053,-1.5621457376183063,0.4114510851786828,0.3744424911473677,-1.060721191718906,68
0.0885586879494977,2.0074103212664367,-1.1161102955380136,-0.1434879155968454,1.3136126598306066,0.4114510851786828,-0.9154123258550612,1.632662710543512,71
-0.0846524580784281,-0.1628224112960958,-1.1161102955380136,1.2885735018478053,-0.1242665388938497,0.4114510851786828,1.6642973081497967,-1.060721191718906,66
0.0019531149355348,-0.4967043701518701,-1.1161102955380136,-1.5755493330414962,1.3136126598306066,-1.213934457288018,0.3744424911473677,1.632662710543512,66
-0.9507081882180576,1.005764444699114,-0.9772088145792528,-0.1434879155968454,-0.1242665388938497,-0.4012416860546675,0.3744424911473677,1.632662710543512,67
0.8680088450751643,0.5049415064154527,1.0368626593227803,-0.1434879155968454,-0.1242665388938497,1.2241438564120333,-0.9154123258550612,-1.060721191718906,72
0.9546144180891272,0.1710595475596783,1.175764140281541,1.2885735018478053,-0.1242665388938497,2.849529398878734,-0.9154123258550612,-1.060721191718906,72
1.560853429186868,-0.4967043701518701,-0.0048984478679264,1.2885735018478053,-1.5621457376183063,-0.4012416860546675,0.3744424911473677,-1.060721191718906,67
-0.344469177120317,0.5049415064154527,0.4118059950083562,-0.1434879155968454,1.3136126598306066,1.2241438564120333,-0.9154123258550612,-1.060721191718906,69
-1.6435527723297614,0.8388234652712269,-0.6994058526617309,1.2885735018478053,-0.1242665388938497,0.4114510851786828,-0.9154123258550612,0.285970759412303,64
0.3483754069913866,-0.8305863290076444,0.9674119188433998,-1.5755493330414962,-1.5621457376183063,-0.4012416860546675,-0.9154123258550612,-1.060721191718906,65
0.8680088450751643,0.5049415064154527,-0.6299551121823505,-0.1434879155968454,1.3136126598306066,0.4114510851786828,-0.9154123258550612,1.632662710543512,71
-0.257863604106354,1.005764444699114,-0.2827014097854482,-1.5755493330414962,-1.5621457376183063,-0.4012416860546675,1.6642973081497967,0.285970759412303,66
1.6474590022008309,1.5065873829827754,-1.3939132574555355,-0.1434879155968454,-0.1242665388938497,-1.213934457288018,-0.9154123258550612,0.285970759412303,71
-1.5569471993157984,-0.8305863290076444,-0.0743491883473068,-0.1434879155968454,-0.1242665388938497,-1.213934457288018,1.6642973081497967,-1.060721191718906,61
0.0019531149355348,0.1710595475596783,-1.046659555058633,1.2885735018478053,-1.5621457376183063,-0.4012416860546675,0.3744424911473677,0.285970759412303,67
0.3483754069913866,0.5049415064154527,0.3423552545289758,-1.5755493330414962,-0.1242665388938497,-0.4012416860546675,0.3744424911473677,0.285970759412303,69
0.0885586879494977,-0.1628224112960958,-0.1437999288266873,1.2885735018478053,1.3136126598306066,-0.4012416860546675,-0.9154123258550612,-1.060721191718906,67
1.560853429186868,1.005764444699114,1.5924685831578238,1.2885735018478053,-1.5621457376183063,2.036836627645384,0.3744424911473677,-1.060721191718906,74
1.0412199911030902,1.005764444699114,-1.4633639979349158,1.2885735018478053,-0.1242665388938497,0.4114510851786828,-0.9154123258550612,1.632662710543512,72
-0.1712580310923911,0.1710595475596783,1.1063133998021608,-1.5755493330414962,-0.1242665388938497,-1.213934457288018,-0.9154123258550612,0.285970759412303,64
1.3010367101449791,0.3380005269875655,0.6896089569258781,-0.1434879155968454,-0.1242665388938497,-1.213934457288018,0.3744424911473677,0.285970759412303,71
0.6947976990472384,0.3380005269875655,0.828510437884639,-0.1434879155968454,-0.1242665388938497,-0.4012416860546675,1.6642973081497967,-1.060721191718906,70
-1.2105249072599464,0.5049415064154527,0.3423552545289758,1.2885735018478053,1.3136126598306066,-0.4012416860546675,0.3744424911473677,0.285970759412303,68
-0.344469177120317,0.5049415064154527,0.6201582164464976,-0.1434879155968454,-0.1242665388938497,0.4114510851786828,0.3744424911473677,1.632662710543512,70
-0.1712580310923911,-0.6636453495797573,1.6619193236372043,1.2885735018478053,-0.1242665388938497,-1.213934457288018,-0.9154123258550612,-1.060721191718906,65
1.214431137131016,0.6718824858433398,0.3423552545289758,-1.5755493330414962,1.3136126598306066,-0.4012416860546675,-0.9154123258550612,-1.060721191718906,70
0.9546144180891272,-0.329763390723983,1.3841163617196826,-0.1434879155968454,-1.5621457376183063,0.4114510851786828,1.6642973081497967,-1.060721191718906,70
0.4349809800053495,-0.329763390723983,-0.0743491883473068,-0.1434879155968454,1.3136126598306066,1.2241438564120333,0.3744424911473677,-1.060721191718906,67
-0.257863604106354,-0.6636453495797573,-0.4216028907442091,-1.5755493330414962,-0.1242665388938497,-0.4012416860546675,-0.9154123258550612,0.285970759412303,64
-0.1712580310923911,0.1710595475596783,1.1063133998021608,1.2885735018478053,-1.5621457376183063,-0.4012416860546675,1.6642973081497967,0.285970759412303,67
0.0019531149355348,1.5065873829827754,1.0368626593227803,-1.5755493330414962,-0.1242665388938497,0.4114510851786828,0.3744424911473677,0.285970759412303,70
-0.7774970421901317,-0.1628224112960958,1.314665621240302,1.2885735018478053,-0.1242665388938497,-0.4012416860546675,-0.9154123258550612,1.632662710543512,68
0.4349809800053495,-0.9975273084355316,-0.0048984478679264,-0.1434879155968454,-0.1242665388938497,0.4114510851786828,-0.9154123258550612,1.632662710543512,64
0.8680088450751643,-0.4967043701518701,0.8979611783640193,1.2885735018478053,-1.5621457376183063,-0.4012416860546675,0.3744424911473677,0.285970759412303,68
-0.4310747501342799,0.6718824858433398,0.9674119188433998,-0.1434879155968454,-1.5621457376183063,-1.213934457288018,0.3744424911473677,0.285970759412303,67
-0.344469177120317,-1.1644682878634187,1.5230178426784435,-0.1434879155968454,-1.5621457376183063,2.036836627645384,0.3744424911473677,-1.060721191718906,65
-0.344469177120317,0.8388234652712269,0.9674119188433998,1.2885735018478053,-0.1242665388938497,1.2241438564120333,0.3744424911473677,-1.060721191718906,70
1.560853429186868,-0.4967043701518701,-1.324462516976155,-0.1434879155968454,1.3136126598306066,0.4114510851786828,-0.9154123258550612,-1.060721191718906,69
-1.3837360532878724,-0.1628224112960958,0.4118059950083562,-0.1434879155968454,-1.5621457376183063,-1.213934457288018,-0.9154123258550612,0.285970759412303,62
0.0019531149355348,2.0074103212664367,0.1340030330908344,-0.1434879155968454,1.3136126598306066,-1.213934457288018,0.3744424911473677,0.285970759412303,71
-1.2105249072599464,0.0041185681317912,0.2729045140495953,-1.5755493330414962,-1.5621457376183063,0.4114510851786828,-0.9154123258550612,0.285970759412303,63
1.214431137131016,0.5049415064154527,0.7590596974052585,1.2885735018478053,-0.1242665388938497,-0.4012416860546675,0.3744424911473677,-1.060721191718906,70
0.0019531149355348,-0.1628224112960958,0.4812567354877367,-1.5755493330414962,-1.5621457376183063,2.849529398878734,0.3744424911473677,-1.060721191718906,67
0.6081921260332754,1.1727054241270012,-1.324462516976155,-0.1434879155968454,-0.1242665388938497,1.2241438564120333,1.6642973081497967,0.285970759412303,72
0.9546144180891272,0.5049415064154527,-1.2550117764967743,-1.5755493330414962,1.3136126598306066,0.4114510851786828,-0.9154123258550612,-1.060721191718906,69
-0.344469177120317,-2.6669371027144027,1.0368626593227803,-0.1434879155968454,-0.1242665388938497,0.4114510851786828,-0.9154123258550612,1.632662710543512,63
0.8680088450751643,-1.9991731850028545,-0.1437999288266873,-0.1434879155968454,-0.1242665388938497,1.2241438564120333,1.6642973081497967,1.632662710543512,67
1.1278255641170531,-1.498350246719193,1.314665621240302,-0.1434879155968454,1.3136126598306066,2.036836627645384,-0.9154123258550612,-1.060721191718906,69
1.3010367101449791,-0.6636453495797573,0.8979611783640193,-1.5755493330414962,-0.1242665388938497,0.4114510851786828,-0.9154123258550612,1.632662710543512,70
-0.257863604106354,-0.4967043701518701,1.453567102199063,-0.1434879155968454,1.3136126598306066,-0.4012416860546675,0.3744424911473677,-1.060721191718906,67
-0.6042858961622058,-0.4967043701518701,-0.4910536312235896,-0.1434879155968454,-1.5621457376183063,0.4114510851786828,0.3744424911473677,0.285970759412303,63
0.4349809800053495,-0.9975273084355316,0.9674119188433998,-0.1434879155968454,-1.5621457376183063,0.4114510851786828,0.3744424911473677,0.285970759412303,67
0.8680088450751643,-1.3314092672913058,0.1340030330908344,1.2885735018478053,-0.1242665388938497,1.2241438564120333,1.6642973081497967,0.285970759412303,70
0.3483754069913866,0.1710595475596783,-0.0048984478679264,-0.1434879155968454,-0.1242665388938497,-0.4012416860546675,0.3744424911473677,1.632662710543512,67
0.5215865530193126,-1.66529122614708,1.1063133998021608,1.2885735018478053,1.3136126598306066,0.4114510851786828,-0.9154123258550612,-1.060721191718906,68
-0.5176803231482429,-0.9975273084355316,-0.2132506693060677,-0.1434879155968454,1.3136126598306066,0.4114510851786828,0.3744424911473677,0.285970759412303,65
1.0412199911030902,0.0041185681317912,-1.5328147384142965,-1.5755493330414962,-0.1242665388938497,0.4114510851786828,0.3744424911473677,0.285970759412303,68
0.0019531149355348,-0.4967043701518701,0.4118059950083562,-0.1434879155968454,-0.1242665388938497,-0.4012416860546675,0.3744424911473677,0.285970759412303,65
-1.1239193342459837,0.5049415064154527,1.5230178426784435,-1.5755493330414962,-0.1242665388938497,-0.4012416860546675,0.3744424911473677,0.285970759412303,66
0.3483754069913866,-0.1628224112960958,-0.8383073336204918,-0.1434879155968454,-0.1242665388938497,-0.4012416860546675,-0.9154123258550612,1.632662710543512,67
-1.037313761232021,-0.4967043701518701,-0.3521521502648286,-0.1434879155968454,-0.1242665388938497,0.4114510851786828,-0.9154123258550612,0.285970759412303,64
1.3010367101449791,-0.4967043701518701,0.6896089569258781,-1.5755493330414962,-0.1242665388938497,-0.4012416860546675,0.3744424911473677,-1.060721191718906,66
-1.4703416263018354,-0.6636453495797573,1.175764140281541,-1.5755493330414962,-0.1242665388938497,-1.213934457288018,0.3744424911473677,-1.060721191718906,61
0.2617698339774236,-0.329763390723983,-0.9077580740998724,-1.5755493330414962,-0.1242665388938497,0.4114510851786828,-0.9154123258550612,-1.060721191718906,65
1.6474590022008309,0.1710595475596783,1.1063133998021608,-0.1434879155968454,1.3136126598306066,1.2241438564120333,0.3744424911473677,0.285970759412303,74
0.7814032720612014,1.1727054241270012,-0.9077580740998724,-0.1434879155968454,-0.1242665388938497,-1.213934457288018,-0.9154123258550612,-1.060721191718906,69
1.3010367101449791,-1.1644682878634187,-0.8383073336204918,1.2885735018478053,-0.1242665388938497,1.2241438564120333,1.6642973081497967,0.285970759412303,70
-1.037313761232021,-0.4967043701518701,1.6619193236372043,-0.1434879155968454,-0.1242665388938497,-0.4012416860546675,1.6642973081497967,0.285970759412303,65
-0.6908914691761688,-0.329763390723983,-0.1437999288266873,1.2885735018478053,1.3136126598306066,-1.213934457288018,-0.9154123258550612,0.285970759412303,66
1.474247856172905,-0.9975273084355316,-1.4633639979349158,-0.1434879155968454,-0.1242665388938497,1.2241438564120333,0.3744424911473677,0.285970759412303,68
0.5215865530193126,3.0090561978337598,0.2729045140495953,1.2885735018478053,-1.5621457376183063,1.2241438564120333,-0.9154123258550612,-1.060721191718906,73
-0.1712580310923911,-0.329763390723983,0.1340030330908344,-0.1434879155968454,1.3136126598306066,0.4114510851786828,-0.9154123258550612,0.285970759412303,66
1.7340645752147938,-1.1644682878634187,0.064552292611454,-0.1434879155968454,1.3136126598306066,-1.213934457288018,1.6642973081497967,-1.060721191718906,69
-0.8641026152040947,0.5049415064154527,-0.1437999288266873,1.2885735018478053,-0.1242665388938497,-0.4012416860546675,1.6642973081497967,-1.060721191718906,68
0.7814032720612014,0.6718824858433398,-0.8383073336204918,1.2885735018478053,-0.1242665388938497,0.4114510851786828,0.3744424911473677,1.632662710543512,72
0.5215865530193126,2.508233259550098,-1.1161102955380136,-0.1434879155968454,-1.5621457376183063,0.4114510851786828,0.3744424911473677,-1.060721191718906,70
1.0412199911030902,-1.3314092672913058,-1.185561036017394,-0.1434879155968454,1.3136126598306066,0.4114510851786828,0.3744424911473677,0.285970759412303,66
1.387642283158942,-1.498350246719193,-0.6299551121823505,1.2885735018478053,-0.1242665388938497,0.4114510851786828,-0.9154123258550612,-1.060721191718906,68
1.474247856172905,-0.4967043701518701,-1.324462516976155,-0.1434879155968454,-0.1242665388938497,0.4114510851786828,-0.9154123258550612,1.632662710543512,69
-1.1239193342459837,1.6735283624106625,-1.6022654788936768,1.2885735018478053,-0.1242665388938497,-0.4012416860546675,-0.9154123258550612,-1.060721191718906,66
-0.0846524580784281,0.0041185681317912,-1.1161102955380136,-0.1434879155968454,-1.5621457376183063,-1.213934457288018,-0.9154123258550612,-1.060721191718906,64
1.1278255641170531,-2.4999961232865155,-0.8383073336204918,-1.5755493330414962,-1.5621457376183063,0.4114510851786828,1.6642973081497967,0.285970759412303,64
1.3010367101449791,2.174351300694324,0.1340030330908344,-1.5755493330414962,-1.5621457376183063,0.4114510851786828,-0.9154123258550612,1.632662710543512,73
-0.8641026152040947,-1.3314092672913058,-1.5328147384142965,1.2885735018478053,-0.1242665388938497,0.4114510851786828,0.3744424911473677,-1.060721191718906,63
-0.257863604106354,-0.1628224112960958,-1.4633639979349158,-1.5755493330414962,-0.1242665388938497,0.4114510851786828,-0.9154123258550612,-1.060721191718906,64
-0.6908914691761688,0.6718824858433398,0.2034537735702149,1.2885735018478053,1.3136126598306066,-1.213934457288018,-0.9154123258550612,-1.060721191718906,68
1.1278255641170531,0.1710595475596783,0.3423552545289758,1.2885735018478053,-0.1242665388938497,-1.213934457288018,0.3744424911473677,1.632662710543512,71
-1.2105249072599464,-0.1628224112960958,-1.1161102955380136,1.2885735018478053,-0.1242665388938497,-0.4012416860546675,-0.9154123258550612,1.632662710543512,62
-1.4703416263018354,1.1727054241270012,-1.3939132574555355,-0.1434879155968454,-0.1242665388938497,-0.4012416860546675,1.6642973081497967,0.285970759412303,65
1.1278255641170531,0.3380005269875655,-0.5605043717029701,-0.1434879155968454,-1.5621457376183063,-1.213934457288018,0.3744424911473677,0.285970759412303,68
-1.2105249072599464,0.6718824858433398,-0.7688565931411113,-0.1434879155968454,-0.1242665388938497,-1.213934457288018,-0.9154123258550612,0.285970759412303,64
-0.7774970421901317,-0.4967043701518701,1.6619193236372043,-1.5755493330414962,-0.1242665388938497,2.036836627645384,1.6642973081497967,0.285970759412303,66
-0.1712580310923911,0.5049415064154527,0.9674119188433998,1.2885735018478053,-0.1242665388938497,-0.4012416860546675,-0.9154123258550612,0.285970759412303,67
0.8680088450751643,0.0041185681317912,-1.324462516976155,-0.1434879155968454,1.3136126598306066,-1.213934457288018,-0.9154123258550612,-1.060721191718906,68
0.0019531149355348,-2.3330551438586284,1.175764140281541,-0.1434879155968454,-0.1242665388938497,2.849529398878734,1.6642973081497967,-1.060721191718906,65
-1.037313761232021,0.6718824858433398,-0.1437999288266873,-0.1434879155968454,-0.1242665388938497,-0.4012416860546675,-0.9154123258550612,0.285970759412303,64
0.0885586879494977,1.005764444699114,0.4812567354877367,-0.1434879155968454,-1.5621457376183063,-1.213934457288018,1.6642973081497967,0.285970759412303,67
-0.5176803231482429,0.5049415064154527,-0.6299551121823505,-1.5755493330414962,-0.1242665388938497,-1.213934457288018,1.6642973081497967,1.632662710543512,65
0.0885586879494977,-0.4967043701518701,-0.9772088145792528,-1.5755493330414962,1.3136126598306066,0.4114510851786828,0.3744424911473677,1.632662710543512,67
-0.9507081882180576,0.6718824858433398,1.453567102199063,-1.5755493330414962,1.3136126598306066,2.036836627645384,0.3744424911473677,1.632662710543512,70
0.2617698339774236,-0.1628224112960958,-0.7688565931411113,1.2885735018478053,1.3136126598306066,-1.213934457288018,1.6642973081497967,0.285970759412303,68
-1.6435527723297614,-0.329763390723983,-0.5605043717029701,-0.1434879155968454,-1.5621457376183063,2.849529398878734,1.6642973081497967,1.632662710543512,66
-1.5569471993157984,-0.1628224112960958,1.0368626593227803,-0.1434879155968454,-0.1242665388938497,0.4114510851786828,0.3744424911473677,-1.060721191718906,64
1.560853429186868,0.0041185681317912,0.5507074759671171,1.2885735018478053,-1.5621457376183063,-1.213934457288018,-0.9154123258550612,-1.060721191718906,68
0.0885586879494977,1.005764444699114,1.5924685831578238,-0.1434879155968454,1.3136126598306066,-0.4012416860546675,-0.9154123258550612,0.285970759412303,69
1.560853429186868,-0.1628224112960958,0.828510437884639,-0.1434879155968454,-0.1242665388938497,-1.213934457288018,-0.9154123258550612,0.285970759412303,70
1.6474590022008309,0.0041185681317912,1.5230178426784435,-0.1434879155968454,-1.5621457376183063,0.4114510851786828,-0.9154123258550612,-1.060721191718906,70
0.6081921260332754,-0.9975273084355316,-0.0743491883473068,-1.5755493330414962,-0.1242665388938497,-1.213934457288018,0.3744424911473677,0.285970759412303,64
0.4349809800053495,0.3380005269875655,0.2729045140495953,-0.1434879155968454,-0.1242665388938497,-0.4012416860546675,-0.9154123258550612,-1.060721191718906,68
-0.7774970421901317,1.005764444699114,0.5507074759671171,-1.5755493330414962,1.3136126598306066,-0.4012416860546675,0.3744424911473677,0.285970759412303,66
0.0885586879494977,0.1710595475596783,-0.9772088145792528,-0.1434879155968454,-1.5621457376183063,1.2241438564120333,-0.9154123258550612,0.285970759412303,66
0.4349809800053495,1.8404693418385496,-0.2827014097854482,-0.1434879155968454,-0.1242665388938497,-1.213934457288018,0.3744424911473677,0.285970759412303,69
0.6081921260332754,-0.9975273084355316,-1.3939132574555355,-0.1434879155968454,-0.1242665388938497,0.4114510851786828,1.6642973081497967,-1.060721191718906,68
-0.1712580310923911,0.1710595475596783,-1.046659555058633,1.2885735018478053,-0.1242665388938497,-0.4012416860546675,0.3744424911473677,-1.060721191718906,67
-0.8641026152040947,0.0041185681317912,1.175764140281541,1.2885735018478053,-0.1242665388938497,0.4114510851786828,-0.9154123258550612,0.285970759412303,67
-0.257863604106354,-0.6636453495797573,0.064552292611454,1.2885735018478053,-1.5621457376183063,-0.4012416860546675,1.6642973081497967,-1.060721191718906,64
-1.3837360532878724,0.5049415064154527,-0.2132506693060677,-0.1434879155968454,1.3136126598306066,-1.213934457288018,0.3744424911473677,-1.060721191718906,66
1.1278255641170531,0.5049415064154527,-1.6717162193730573,-1.5755493330414962,-0.1242665388938497,-1.213934457288018,-0.9154123258550612,-1.060721191718906,67
-0.6042858961622058,-0.1628224112960958,-0.7688565931411113,-0.1434879155968454,-0.1242665388938497,-0.4012416860546675,0.3744424911473677,1.632662710543512,65
-0.6908914691761688,0.6718824858433398,0.064552292611454,1.2885735018478053,-0.1242665388938497,-0.4012416860546675,-0.9154123258550612,-1.060721191718906,66
-0.257863604106354,-0.1628224112960958,-1.5328147384142965,-1.5755493330414962,1.3136126598306066,-0.4012416860546675,-0.9154123258550612,-1.060721191718906,64
0.2617698339774236,1.005764444699114,-1.6022654788936768,-1.5755493330414962,1.3136126598306066,-1.213934457288018,-0.9154123258550612,-1.060721191718906,67
-1.4703416263018354,0.3380005269875655,1.314665621240302,-1.5755493330414962,-1.5621457376183063,-1.213934457288018,-0.9154123258550612,0.285970759412303,61
-0.344469177120317,0.3380005269875655,-1.2550117764967743,-0.1434879155968454,-0.1242665388938497,-0.4012416860546675,-0.9154123258550612,0.285970759412303,66
-1.3837360532878724,-0.1628224112960958,-1.1161102955380136,-0.1434879155968454,-1.5621457376183063,0.4114510851786828,0.3744424911473677,0.285970759412303,61
0.8680088450751643,-0.329763390723983,-0.2827014097854482,1.2885735018478053,1.3136126598306066,-1.213934457288018,-0.9154123258550612,-1.060721191718906,68
0.6947976990472384,0.8388234652712269,-0.3521521502648286,-0.1434879155968454,-0.1242665388938497,-0.4012416860546675,1.6642973081497967,0.285970759412303,70
0.5215865530193126,1.3396464035548885,1.453567102199063,-0.1434879155968454,-0.1242665388938497,0.4114510851786828,-0.9154123258550612,0.285970759412303,71
0.4349809800053495,0.3380005269875655,0.2729045140495953,-0.1434879155968454,-1.5621457376183063,-0.4012416860546675,0.3744424911473677,1.632662710543512,68
1.6474590022008309,0.0041185681317912,-0.7688565931411113,-1.5755493330414962,-0.1242665388938497,-1.213934457288018,-0.9154123258550612,0.285970759412303,70
-1.1239193342459837,3.1759971772616464,0.064552292611454,1.2885735018478053,1.3136126598306066,0.4114510851786828,0.3744424911473677,0.285970759412303,71
1.3010367101449791,-0.6636453495797573,-0.4910536312235896,-1.5755493330414962,-0.1242665388938497,0.4114510851786828,-0.9154123258550612,0.285970759412303,66
1.7340645752147938,-2.6669371027144027,-1.046659555058633,1.2885735018478053,1.3136126598306066,-1.213934457288018,0.3744424911473677,0.285970759412303,69
-1.6435527723297614,-0.8305863290076444,1.2452148807609216,-0.1434879155968454,-0.1242665388938497,-1.213934457288018,-0.9154123258550612,0.285970759412303,63
1.3010367101449791,0.8388234652712269,0.2034537735702149,-0.1434879155968454,-1.5621457376183063,4.474914941345435,-0.9154123258550612,-1.060721191718906,73
-1.730158345343724,-0.8305863290076444,-0.8383073336204918,-0.1434879155968454,1.3136126598306066,-1.213934457288018,-0.9154123258550612,-1.060721191718906,58
0.1751642609634607,0.0041185681317912,-1.046659555058633,-1.5755493330414962,-1.5621457376183063,1.2241438564120333,-0.9154123258550612,0.285970759412303,66
1.3010367101449791,-1.3314092672913058,0.4812567354877367,-0.1434879155968454,-1.5621457376183063,0.4114510851786828,-0.9154123258550612,-1.060721191718906,66
-0.344469177120317,1.5065873829827754,-1.046659555058633,1.2885735018478053,-1.5621457376183063,0.4114510851786828,-0.9154123258550612,0.285970759412303,68
1.387642283158942,-0.329763390723983,-1.324462516976155,-0.1434879155968454,1.3136126598306066,0.4114510851786828,0.3744424911473677,0.285970759412303,69
-0.5176803231482429,-0.9975273084355316,-1.4633639979349158,-0.1434879155968454,-0.1242665388938497,0.4114510851786828,-0.9154123258550612,-1.060721191718906,62
0.9546144180891272,0.0041185681317912,1.1063133998021608,-0.1434879155968454,1.3136126598306066,1.2241438564120333,-0.9154123258550612,1.632662710543512,72
0.2617698339774236,1.5065873829827754,0.1340030330908344,-1.5755493330414962,-0.1242665388938497,-0.4012416860546675,-0.9154123258550612,0.285970759412303,70
1.0412199911030902,0.6718824858433398,-1.2550117764967743,-1.5755493330414962,1.3136126598306066,1.2241438564120333,0.3744424911473677,0.285970759412303,71
-0.6908914691761688,0.0041185681317912,1.0368626593227803,-1.5755493330414962,1.3136126598306066,-1.213934457288018,1.6642973081497967,-1.060721191718906,66
1.1278255641170531,-0.1628224112960958,0.6201582164464976,1.2885735018478053,1.3136126598306066,2.849529398878734,-0.9154123258550612,-1.060721191718906,73
0.2617698339774236,-0.8305863290076444,1.7313700641165848,1.2885735018478053,1.3136126598306066,-1.213934457288018,0.3744424911473677,0.285970759412303,70
-1.2105249072599464,-0.329763390723983,0.828510437884639,1.2885735018478053,-0.1242665388938497,-0.4012416860546675,-0.9154123258550612,0.285970759412303,64
-1.1239193342459837,-0.6636453495797573,0.828510437884639,1.2885735018478053,-0.1242665388938497,2.849529398878734,0.3744424911473677,1.632662710543512,69
-0.6042858961622058,-0.6636453495797573,-0.2827014097854482,1.2885735018478053,1.3136126598306066,-1.213934457288018,1.6642973081497967,-1.060721191718906,67
0.7814032720612014,0.3380005269875655,0.064552292611454,-0.1434879155968454,1.3136126598306066,0.4114510851786828,-0.9154123258550612,-1.060721191718906,70
0.3483754069913866,0.8388234652712269,-0.7688565931411113,-0.1434879155968454,-0.1242665388938497,-1.213934457288018,0.3744424911473677,-1.060721191718906,67
-1.5569471993157984,-0.9975273084355316,1.7313700641165848,-0.1434879155968454,1.3136126598306066,-0.4012416860546675,-0.9154123258550612,-1.060721191718906,62
1.560853429186868,-0.1628224112960958,-0.9077580740998724,-1.5755493330414962,1.3136126598306066,-0.4012416860546675,-0.9154123258550612,-1.060721191718906,70
0.4349809800053495,-0.8305863290076444,-0.9772088145792528,1.2885735018478053,1.3136126598306066,-0.4012416860546675,-0.9154123258550612,0.285970759412303,68
0.0019531149355348,-1.3314092672913058,-0.2132506693060677,-0.1434879155968454,1.3136126598306066,-0.4012416860546675,-0.9154123258550612,1.632662710543512,65
0.8680088450751643,-0.9975273084355316,-1.324462516976155,-0.1434879155968454,-0.1242665388938497,-1.213934457288018,-0.9154123258550612,-1.060721191718906,65
1.387642283158942,0.1710595475596783,-1.5328147384142965,1.2885735018478053,-0.1242665388938497,-1.213934457288018,0.3744424911473677,-1.060721191718906,70
-1.037313761232021,0.6718824858433398,-1.6717162193730573,1.2885735018478053,-1.5621457376183063,-1.213934457288018,-0.9154123258550612,-1.060721191718906,63
-1.4703416263018354,0.1710595475596783,0.1340030330908344,-0.1434879155968454,-1.5621457376183063,1.2241438564120333,-0.9154123258550612,0.285970759412303,63
0.6081921260332754,0.5049415064154527,0.2729045140495953,-0.1434879155968454,-0.1242665388938497,0.4114510851786828,1.6642973081497967,-1.060721191718906,71
0.9546144180891272,0.3380005269875655,0.064552292611454,-1.5755493330414962,-0.1242665388938497,-0.4012416860546675,0.3744424911473677,-1.060721191718906,69
0.4349809800053495,-1.66529122614708,-0.7688565931411113,-0.1434879155968454,1.3136126598306066,0.4114510851786828,1.6642973081497967,1.632662710543512,67
-1.2971304802739094,-0.329763390723983,-0.8383073336204918,1.2885735018478053,-0.1242665388938497,-0.4012416860546675,-0.9154123258550612,0.285970759412303,63
1.6474590022008309,0.8388234652712269,-1.185561036017394,1.2885735018478053,-0.1242665388938497,-1.213934457288018,-0.9154123258550612,0.285970759412303,72
-1.6435527723297614,-0.4967043701518701,0.828510437884639,-0.1434879155968454,-0.1242665388938497,2.849529398878734,-0.9154123258550612,0.285970759412303,65
-1.4703416263018354,0.1710595475596783,1.3841163617196826,1.2885735018478053,-1.5621457376183063,0.4114510851786828,-0.9154123258550612,1.632662710543512,66
-0.7774970421901317,0.0041185681317912,-0.9077580740998724,1.2885735018478053,-1.5621457376183063,0.4114510851786828,0.3744424911473677,0.285970759412303,66
-0.0846524580784281,-0.8305863290076444,-0.6299551121823505,1.2885735018478053,-0.1242665388938497,0.4114510851786828,0.3744424911473677,-1.060721191718906,66
-1.037313761232021,-0.8305863290076444,-0.1437999288266873,-1.5755493330414962,1.3136126598306066,-1.213934457288018,0.3744424911473677,0.285970759412303,62
-0.6042858961622058,0.3380005269875655,1.175764140281541,1.2885735018478053,-1.5621457376183063,-1.213934457288018,1.6642973081497967,-1.060721191718906,67
1.560853429186868,-0.329763390723983,1.175764140281541,-0.1434879155968454,1.3136126598306066,0.4114510851786828,-0.9154123258550612,-1.060721191718906,73
1.474247856172905,0.8388234652712269,-1.1161102955380136,1.2885735018478053,1.3136126598306066,-1.213934457288018,-0.9154123258550612,-1.060721191718906,72
-1.1239193342459837,-0.8305863290076444,-0.0048984478679264,-0.1434879155968454,-0.1242665388938497,-1.213934457288018,1.6642973081497967,1.632662710543512,63
0.1751642609634607,0.0041185681317912,-0.6299551121823505,-0.1434879155968454,-1.5621457376183063,-1.213934457288018,1.6642973081497967,1.632662710543512,66
0.5215865530193126,0.6718824858433398,-0.4910536312235896,1.2885735018478053,-0.1242665388938497,1.2241438564120333,0.3744424911473677,-1.060721191718906,70
-1.3837360532878724,0.3380005269875655,-1.6022654788936768,1.2885735018478053,-0.1242665388938497,0.4114510851786828,0.3744424911473677,1.632662710543512,64
-1.037313761232021,0.6718824858433398,1.3841163617196826,-0.1434879155968454,1.3136126598306066,1.2241438564120333,-0.9154123258550612,0.285970759412303,67
-1.6435527723297614,1.005764444699114,-1.6717162193730573,-0.1434879155968454,-1.5621457376183063,-1.213934457288018,-0.9154123258550612,-1.060721191718906,62
0.8680088450751643,1.1727054241270012,0.4812567354877367,-0.1434879155968454,-0.1242665388938497,-1.213934457288018,0.3744424911473677,0.285970759412303,71
0.4349809800053495,0.0041185681317912,-1.185561036017394,-0.1434879155968454,-0.1242665388938497,-1.213934457288018,1.6642973081497967,-1.060721191718906,65
0.4349809800053495,0.5049415064154527,-1.046659555058633,1.2885735018478053,-1.5621457376183063,0.4114510851786828,0.3744424911473677,0.285970759412303,68
-0.0846524580784281,-0.6636453495797573,0.9674119188433998,-0.1434879155968454,-0.1242665388938497,-1.213934457288018,-0.9154123258550612,-1.060721191718906,65
-0.7774970421901317,-0.329763390723983,0.4118059950083562,1.2885735018478053,-0.1242665388938497,-0.4012416860546675,-0.9154123258550612,-1.060721191718906,66
-1.037313761232021,0.0041185681317912,0.064552292611454,1.2885735018478053,1.3136126598306066,0.4114510851786828,-0.9154123258550612,0.285970759412303,66
-1.6435527723297614,-1.3314092672913058,-1.6022654788936768,-1.5755493330414962,-0.1242665388938497,0.4114510851786828,-0.9154123258550612,-1.060721191718906,58
1.474247856172905,0.3380005269875655,0.2729045140495953,-0.1434879155968454,-0.1242665388938497,0.4114510851786828,-0.9154123258550612,0.285970759412303,71
1.214431137131016,-0.4967043701518701,-1.2550117764967743,1.2885735018478053,1.3136126598306066,2.036836627645384,-0.9154123258550612,0.285970759412303,72
0.1751642609634607,1.3396464035548885,1.3841163617196826,-0.1434879155968454,-1.5621457376183063,-1.213934457288018,-0.9154123258550612,1.632662710543512,69
-0.4310747501342799,0.1710595475596783,1.1063133998021608,-0.1434879155968454,-1.5621457376183063,0.4114510851786828,-0.9154123258550612,-1.060721191718906,66
-1.2971304802739094,-1.3314092672913058,0.7590596974052585,-1.5755493330414962,-0.1242665388938497,-0.4012416860546675,1.6642973081497967,0.285970759412303,62
-0.5176803231482429,1.1727054241270012,-0.0743491883473068,-0.1434879155968454,-0.1242665388938497,0.4114510851786828,0.3744424911473677,0.285970759412303,68
0.7814032720612014,-1.3314092672913058,-0.8383073336204918,-0.1434879155968454,-1.5621457376183063,2.036836627645384,0.3744424911473677,-1.060721191718906,67
0.5215865530193126,-0.8305863290076444,-0.4910536312235896,-0.1434879155968454,1.3136126598306066,-1.213934457288018,-0.9154123258550612,0.285970759412303,67
-0.1712580310923911,3.1759971772616464,-0.1437999288266873,-0.1434879155968454,-0.1242665388938497,-1.213934457288018,0.3744424911473677,-1.060721191718906,70
0.2617698339774236,0.6718824858433398,-1.1161102955380136,-1.5755493330414962,1.3136126598306066,-0.4012416860546675,-0.9154123258550612,-1.060721191718906,68
-0.9507081882180576,0.8388234652712269,0.2034537735702149,1.2885735018478053,-1.5621457376183063,-1.213934457288018,-0.9154123258550612,-1.060721191718906,64
0.5215865530193126,1.1727054241270012,-0.5605043717029701,-0.1434879155968454,1.3136126598306066,-0.4012416860546675,0.3744424911473677,-1.060721191718906,71
-0.344469177120317,-0.8305863290076444,0.4118059950083562,1.2885735018478053,-0.1242665388938497,0.4114510851786828,1.6642973081497967,-1.060721191718906,67
1.214431137131016,0.5049415064154527,0.2034537735702149,-1.5755493330414962,-0.1242665388938497,0.4114510851786828,-0.9154123258550612,1.632662710543512,71
1.6474590022008309,0.6718824858433398,-1.5328147384142965,-0.1434879155968454,1.3136126598306066,-0.4012416860546675,-0.9154123258550612,-1.060721191718906,70
0.3483754069913866,1.8404693418385496,0.828510437884639,-0.1434879155968454,-0.1242665388938497,-1.213934457288018,0.3744424911473677,0.285970759412303,71
-0.6042858961622058,0.8388234652712269,-0.3521521502648286,1.2885735018478053,-0.1242665388938497,-1.213934457288018,1.6642973081497967,-1.060721191718906,67
-1.6435527723297614,-1.3314092672913058,0.4118059950083562,-0.1434879155968454,-0.1242665388938497,0.4114510851786828,0.3744424911473677,1.632662710543512,62
-0.344469177120317,1.3396464035548885,-0.2827014097854482,-0.1434879155968454,-0.1242665388938497,1.2241438564120333,-0.9154123258550612,-1.060721191718906,68
0.2617698339774236,0.8388234652712269,0.8979611783640193,-0.1434879155968454,-1.5621457376183063,-0.4012416860546675,0.3744424911473677,0.285970759412303,68
1.560853429186868,-0.4967043701518701,1.314665621240302,1.2885735018478053,1.3136126598306066,-1.213934457288018,0.3744424911473677,1.632662710543512,71
0.0019531149355348,-0.4967043701518701,-0.4910536312235896,-0.1434879155968454,-0.1242665388938497,-1.213934457288018,0.3744424911473677,0.285970759412303,65
1.7340645752147938,-0.4967043701518701,-1.5328147384142965,1.2885735018478053,-0.1242665388938497,-0.4012416860546675,-0.9154123258550612,0.285970759412303,70
-1.037313761232021,-1.66529122614708,1.453567102199063,-0.1434879155968454,-1.5621457376183063,-0.4012416860546675,0.3744424911473677,1.632662710543512,61
1.474247856172905,-0.8305863290076444,-1.046659555058633,-0.1434879155968454,-1.5621457376183063,2.036836627645384,-0.9154123258550612,0.285970759412303,67
-0.9507081882180576,-0.9975273084355316,-1.3939132574555355,-0.1434879155968454,1.3136126598306066,1.2241438564120333,-0.9154123258550612,-1.060721191718906,62
1.214431137131016,1.1727054241270012,-0.8383073336204918,1.2885735018478053,-0.1242665388938497,-1.213934457288018,0.3744424911473677,-1.060721191718906,72
1.7340645752147938,-2.6669371027144027,-0.2827014097854482,-1.5755493330414962,1.3136126598306066,0.4114510851786828,-0.9154123258550612,-1.060721191718906,64
1.3010367101449791,0.6718824858433398,-0.8383073336204918,-1.5755493330414962,-0.1242665388938497,1.2241438564120333,-0.9154123258550612,-1.060721191718906,70
0.2617698339774236,-0.1628224112960958,-0.3521521502648286,-0.1434879155968454,-0.1242665388938497,0.4114510851786828,1.6642973081497967,-1.060721191718906,67
0.9546144180891272,0.3380005269875655,0.6896089569258781,-0.1434879155968454,1.3136126598306066,0.4114510851786828,-0.9154123258550612,0.285970759412303,71
-1.6435527723297614,1.8404693418385496,0.2729045140495953,-0.1434879155968454,-0.1242665388938497,-1.213934457288018,-0.9154123258550612,-1.060721191718906,65
-0.4310747501342799,-0.4967043701518701,0.3423552545289758,1.2885735018478053,-0.1242665388938497,-0.4012416860546675,-0.9154123258550612,-1.060721191718906,65
-1.2971304802739094,1.005764444699114,-0.0743491883473068,-1.5755493330414962,1.3136126598306066,0.4114510851786828,-0.9154123258550612,-1.060721191718906,65
1.7340645752147938,0.0041185681317912,-0.1437999288266873,-0.1434879155968454,-0.1242665388938497,-0.4012416860546675,0.3744424911473677,-1.060721191718906,71
-1.4703416263018354,-0.1628224112960958,0.2034537735702149,-0.1434879155968454,-0.1242665388938497,1.2241438564120333,0.3744424911473677,0.285970759412303,63
-0.0846524580784281,1.6735283624106625,0.2034537735702149,1.2885735018478053,-0.1242665388938497,1.2241438564120333,1.6642973081497967,1.632662710543512,72
-1.3837360532878724,0.3380005269875655,0.1340030330908344,-0.1434879155968454,1.3136126598306066,-0.4012416860546675,-0.9154123258550612,-1.060721191718906,66
0.6081921260332754,-0.6636453495797573,0.6896089569258781,1.2885735018478053,1.3136126598306066,0.4114510851786828,-0.9154123258550612,0.285970759412303,69
1.0412199911030902,-0.6636453495797573,-0.2827014097854482,-1.5755493330414962,-0.1242665388938497,0.4114510851786828,-0.9154123258550612,-1.060721191718906,66
-0.4310747501342799,0.3380005269875655,0.6201582164464976,-0.1434879155968454,1.3136126598306066,1.2241438564120333,0.3744424911473677,1.632662710543512,69
0.2617698339774236,0.3380005269875655,-0.3521521502648286,-0.1434879155968454,-1.5621457376183063,0.4114510851786828,0.3744424911473677,-1.060721191718906,67
1.387642283158942,0.3380005269875655,-1.1161102955380136,-1.5755493330414962,-1.5621457376183063,-1.213934457288018,-0.9154123258550612,0.285970759412303,67
-1.2105249072599464,1.005764444699114,-0.2827014097854482,1.2885735018478053,1.3136126598306066,0.4114510851786828,-0.9154123258550612,0.285970759412303,68
-1.037313761232021,1.005764444699114,1.5924685831578238,1.2885735018478053,-0.1242665388938497,0.4114510851786828,0.3744424911473677,0.285970759412303,67
0.4349809800053495,1.8404693418385496,-1.5328147384142965,-0.1434879155968454,1.3136126598306066,0.4114510851786828,-0.9154123258550612,-1.060721191718906,72
-1.2105249072599464,0.8388234652712269,-0.2827014097854482,1.2885735018478053,-0.1242665388938497,-1.213934457288018,-0.9154123258550612,0.285970759412303,64
-0.4310747501342799,-0.9975273084355316,-0.9077580740998724,-1.5755493330414962,-0.1242665388938497,-1.213934457288018,-0.9154123258550612,1.632662710543512,61
0.2617698339774236,-1.1644682878634187,0.9674119188433998,-0.1434879155968454,1.3136126598306066,-0.4012416860546675,1.6642973081497967,-1.060721191718906,68
-1.037313761232021,-0.1628224112960958,-0.2132506693060677,1.2885735018478053,-1.5621457376183063,0.4114510851786828,0.3744424911473677,-1.060721191718906,64
1.0412199911030902,-0.329763390723983,-0.3521521502648286,-0.1434879155968454,1.3136126598306066,-0.4012416860546675,-0.9154123258550612,-1.060721191718906,69
-1.4703416263018354,0.1710595475596783,-0.7688565931411113,-0.1434879155968454,-0.1242665388938497,-1.213934457288018,-0.9154123258550612,-1.060721191718906,62
-1.1239193342459837,-0.8305863290076444,-1.1161102955380136,-0.1434879155968454,-1.5621457376183063,-1.213934457288018,-0.9154123258550612,-1.060721191718906,59
-0.6042858961622058,-0.4967043701518701,-0.9077580740998724,1.2885735018478053,-0.1242665388938497,0.4114510851786828,0.3744424911473677,-1.060721191718906,64
-0.0846524580784281,0.1710595475596783,-0.7688565931411113,-0.1434879155968454,1.3136126598306066,-1.213934457288018,0.3744424911473677,-1.060721191718906,66
0.9546144180891272,0.5049415064154527,-0.9077580740998724,1.2885735018478053,-0.1242665388938497,-0.4012416860546675,0.3744424911473677,0.285970759412303,70
-0.257863604106354,-0.9975273084355316,1.453567102199063,-0.1434879155968454,1.3136126598306066,1.2241438564120333,1.6642973081497967,0.285970759412303,68
1.3010367101449791,-0.8305863290076444,-0.3521521502648286,-1.5755493330414962,1.3136126598306066,0.4114510851786828,-0.9154123258550612,1.632662710543512,68
1.387642283158942,0.6718824858433398,1.453567102199063,-0.1434879155968454,-0.1242665388938497,0.4114510851786828,0.3744424911473677,-1.060721191718906,72
-1.6435527723297614,0.0041185681317912,1.6619193236372043,-0.1434879155968454,1.3136126598306066,-1.213934457288018,0.3744424911473677,0.285970759412303,65
-1.3837360532878724,0.5049415064154527,1.314665621240302,-0.1434879155968454,-0.1242665388938497,0.4114510851786828,-0.9154123258550612,0.285970759412303,66
-1.037313761232021,-0.329763390723983,0.6896089569258781,1.2885735018478053,-0.1242665388938497,1.2241438564120333,-0.9154123258550612,-1.060721191718906,66
1.387642283158942,-0.6636453495797573,1.5230178426784435,-0.1434879155968454,1.3136126598306066,-1.213934457288018,0.3744424911473677,0.285970759412303,72
1.1278255641170531,-0.4967043701518701,1.2452148807609216,-0.1434879155968454,-1.5621457376183063,-1.213934457288018,0.3744424911473677,-1.060721191718906,66
0.5215865530193126,-0.1628224112960958,-1.4633639979349158,-1.5755493330414962,-0.1242665388938497,-0.4012416860546675,1.6642973081497967,1.632662710543512,68
0.0885586879494977,0.6718824858433398,-0.7688565931411113,1.2885735018478053,-0.1242665388938497,0.4114510851786828,-0.9154123258550612,1.632662710543512,70
1.3010367101449791,0.6718824858433398,0.2034537735702149,1.2885735018478053,1.3136126598306066,0.4114510851786828,1.6642973081497967,-1.060721191718906,73
-0.5176803231482429,-0.9975273084355316,1.7313700641165848,-0.1434879155968454,1.3136126598306066,-0.4012416860546675,0.3744424911473677,-1.060721191718906,66
-0.257863604106354,0.8388234652712269,-0.3521521502648286,-0.1434879155968454,1.3136126598306066,-1.213934457288018,-0.9154123258550612,0.285970759412303,68
-1.5569471993157984,0.0041185681317912,1.175764140281541,-1.5755493330414962,-1.5621457376183063,0.4114510851786828,1.6642973081497967,0.285970759412303,63
-1.730158345343724,0.3380005269875655,1.175764140281541,-0.1434879155968454,-0.1242665388938497,0.4114510851786828,-0.9154123258550612,-1.060721191718906,63
0.0019531149355348,-0.329763390723983,1.175764140281541,-1.5755493330414962,-0.1242665388938497,-1.213934457288018,0.3744424911473677,0.285970759412303,67
0.6947976990472384,1.1727054241270012,1.2452148807609216,1.2885735018478053,-0.1242665388938497,-1.213934457288018,-0.9154123258550612,-1.060721191718906,71
0.2617698339774236,-1.498350246719193,-0.8383073336204918,-0.1434879155968454,-0.1242665388938497,0.4114510851786828,0.3744424911473677,-1.060721191718906,65
-0.344469177120317,-0.6636453495797573,1.0368626593227803,-0.1434879155968454,-0.1242665388938497,-1.213934457288018,1.6642973081497967,-1.060721191718906,65
-0.8641026152040947,0.3380005269875655,1.0368626593227803,1.2885735018478053,-0.1242665388938497,-0.4012416860546675,0.3744424911473677,0.285970759412303,68
1.7340645752147938,0.8388234652712269,0.6896089569258781,-1.5755493330414962,1.3136126598306066,-0.4012416860546675,-0.9154123258550612,0.285970759412303,72
-1.1239193342459837,0.3380005269875655,-0.5605043717029701,1.2885735018478053,-0.1242665388938497,-0.4012416860546675,0.3744424911473677,-1.060721191718906,66
-1.2971304802739094,-2.4999961232865155,1.5924685831578238,1.2885735018478053,-0.1242665388938497,-0.4012416860546675,-0.9154123258550612,-1.060721191718906,59
-0.7774970421901317,0.3380005269875655,-0.8383073336204918,-0.1434879155968454,1.3136126598306066,0.4114510851786828,-0.9154123258550612,0.285970759412303,66
-0.6042858961622058,-0.329763390723983,1.314665621240302,1.2885735018478053,-0.1242665388938497,-0.4012416860546675,1.6642973081497967,1.632662710543512,68
-1.2105249072599464,0.8388234652712269,1.6619193236372043,-0.1434879155968454,-0.1242665388938497,0.4114510851786828,0.3744424911473677,0.285970759412303,68
1.214431137131016,0.0041185681317912,1.1063133998021608,-0.1434879155968454,-0.1242665388938497,-0.4012416860546675,1.6642973081497967,-1.060721191718906,71
0.0885586879494977,-1.3314092672913058,0.7590596974052585,-0.1434879155968454,1.3136126598306066,0.4114510851786828,1.6642973081497967,0.285970759412303,68
0.7814032720612014,-0.8305863290076444,-0.2827014097854482,-0.1434879155968454,-0.1242665388938497,-0.4012416860546675,-0.9154123258550612,0.285970759412303,68
-0.9507081882180576,0.5049415064154527,-1.1161102955380136,-0.1434879155968454,-0.1242665388938497,1.2241438564120333,1.6642973081497967,1.632662710543512,67
-0.4310747501342799,-0.4967043701518701,-0.1437999288266873,-1.5755493330414962,-0.1242665388938497,-1.213934457288018,-0.9154123258550612,-1.060721191718906,63
0.0885586879494977,0.6718824858433398,0.1340030330908344,-0.1434879155968454,-0.1242665388938497,-1.213934457288018,-0.9154123258550612,1.632662710543512,68
-1.730158345343724,0.3380005269875655,-1.6022654788936768,-0.1434879155968454,-0.1242665388938497,-1.213934457288018,-0.9154123258550612,-1.060721191718906,61
-0.6908914691761688,0.8388234652712269,0.7590596974052585,-0.1434879155968454,-0.1242665388938497,-1.213934457288018,-0.9154123258550612,0.285970759412303,66
-0.257863604106354,-0.1628224112960958,1.5230178426784435,-1.5755493330414962,1.3136126598306066,2.036836627645384,-0.9154123258550612,-1.060721191718906,66
0.5215865530193126,-0.8305863290076444,0.2729045140495953,-0.1434879155968454,-0.1242665388938497,-0.4012416860546675,-0.9154123258550612,-1.060721191718906,64
-0.4310747501342799,1.6735283624106625,1.3841163617196826,-1.5755493330414962,-0.1242665388938497,-0.4012416860546675,1.6642973081497967,1.632662710543512,70
-1.3837360532878724,1.6735283624106625,0.7590596974052585,-0.1434879155968454,-0.1242665388938497,-0.4012416860546675,1.6642973081497967,0.285970759412303,66
-0.6908914691761688,-0.329763390723983,-0.7688565931411113,-0.1434879155968454,1.3136126598306066,2.036836627645384,1.6642973081497967,-1.060721191718906,68
1.560853429186868,0.8388234652712269,1.5924685831578238,-0.1434879155968454,-1.5621457376183063,-0.4012416860546675,1.6642973081497967,0.285970759412303,72
0.1751642609634607,-0.6636453495797573,1.6619193236372043,1.2885735018478053,1.3136126598306066,1.2241438564120333,1.6642973081497967,0.285970759412303,70
-1.3837360532878724,-0.4967043701518701,0.2034537735702149,-0.1434879155968454,-0.1242665388938497,-0.4012416860546675,-0.9154123258550612,0.285970759412303,64
-0.5176803231482429,-0.8305863290076444,-0.2132506693060677,-1.5755493330414962,1.3136126598306066,0.4114510851786828,-0.9154123258550612,-1.060721191718906,64
1.3010367101449791,0.0041185681317912,-0.6994058526617309,-0.1434879155968454,-0.1242665388938497,0.4114510851786828,0.3744424911473677,-1.060721191718906,70
-0.6042858961622058,-0.8305863290076444,-0.8383073336204918,1.2885735018478053,-0.1242665388938497,0.4114510851786828,1.6642973081497967,0.285970759412303,65
-1.037313761232021,1.1727054241270012,0.3423552545289758,-1.5755493330414962,-1.5621457376183063,1.2241438564120333,-0.9154123258550612,0.285970759412303,66
-1.6435527723297614,-0.8305863290076444,0.7590596974052585,-0.1434879155968454,1.3136126598306066,0.4114510851786828,-0.9154123258550612,1.632662710543512,65
1.214431137131016,-0.329763390723983,-1.5328147384142965,-1.5755493330414962,-0.1242665388938497,2.036836627645384,-0.9154123258550612,0.285970759412303,68
-1.2971304802739094,-0.1628224112960958,-1.2550117764967743,-0.1434879155968454,-0.1242665388938497,-0.4012416860546675,-0.9154123258550612,0.285970759412303,61
-0.9507081882180576,1.3396464035548885,0.1340030330908344,-0.1434879155968454,-1.5621457376183063,1.2241438564120333,0.3744424911473677,0.285970759412303,67
1.3010367101449791,-0.329763390723983,1.1063133998021608,-0.1434879155968454,-0.1242665388938497,-1.213934457288018,1.6642973081497967,-1.060721191718906,69
0.0019531149355348,-0.4967043701518701,-0.7688565931411113,-0.1434879155968454,-1.5621457376183063,-0.4012416860546675,1.6642973081497967,-1.060721191718906,65
0.4349809800053495,1.1727054241270012,-0.8383073336204918,1.2885735018478053,-1.5621457376183063,-0.4012416860546675,0.3744424911473677,-1.060721191718906,68
1.0412199911030902,-0.9975273084355316,-1.185561036017394,1.2885735018478053,-0.1242665388938497,-0.4012416860546675,-0.9154123258550612,1.632662710543512,69
-1.5569471993157984,1.3396464035548885,-0.7688565931411113,-0.1434879155968454,-0.1242665388938497,-0.4012416860546675,1.6642973081497967,-1.060721191718906,65
-0.9507081882180576,-0.329763390723983,0.6896089569258781,1.2885735018478053,-0.1242665388938497,0.4114510851786828,0.3744424911473677,1.632662710543512,66
-0.8641026152040947,0.0041185681317912,-0.3521521502648286,-0.1434879155968454,-0.1242665388938497,-1.213934457288018,1.6642973081497967,-1.060721191718906,65
1.6474590022008309,-0.9975273084355316,-0.0743491883473068,-0.1434879155968454,1.3136126598306066,0.4114510851786828,0.3744424911473677,0.285970759412303,71
-0.0846524580784281,-0.4967043701518701,0.4812567354877367,1.2885735018478053,-1.5621457376183063,-1.213934457288018,0.3744424911473677,0.285970759412303,66
-1.1239193342459837,0.5049415064154527,0.8979611783640193,-1.5755493330414962,1.3136126598306066,-0.4012416860546675,-0.9154123258550612,-1.060721191718906,66
1.474247856172905,1.005764444699114,-0.6299551121823505,-1.5755493330414962,1.3136126598306066,0.4114510851786828,0.3744424911473677,0.285970759412303,73
1.3010367101449791,-0.1628224112960958,1.5230178426784435,1.2885735018478053,-1.5621457376183063,-1.213934457288018,1.6642973081497967,0.285970759412303,71
0.2617698339774236,-0.329763390723983,-0.7688565931411113,1.2885735018478053,-0.1242665388938497,-0.4012416860546675,-0.9154123258550612,0.285970759412303,66
-1.2105249072599464,-0.1628224112960958,-0.0743491883473068,-0.1434879155968454,-0.1242665388938497,-0.4012416860546675,-0.9154123258550612,1.632662710543512,64
0.9546144180891272,0.5049415064154527,-0.2827014097854482,-1.5755493330414962,-0.1242665388938497,2.849529398878734,-0.9154123258550612,-1.060721191718906,70
-0.5176803231482429,2.174351300694324,-0.7688565931411113,-1.5755493330414962,-0.1242665388938497,-1.213934457288018,-0.9154123258550612,0.285970759412303,66
-0.6908914691761688,-0.8305863290076444,-1.7411669598524375,1.2885735018478053,1.3136126598306066,0.4114510851786828,-0.9154123258550612,0.285970759412303,65
-0.6908914691761688,0.3380005269875655,-0.5605043717029701,-0.1434879155968454,1.3136126598306066,0.4114510851786828,0.3744424911473677,0.285970759412303,67
-0.8641026152040947,-0.8305863290076444,-0.1437999288266873,-0.1434879155968454,-0.1242665388938497,0.4114510851786828,0.3744424911473677,0.285970759412303,63
-0.4310747501342799,1.1727054241270012,-1.4633639979349158,-1.5755493330414962,-0.1242665388938497,0.4114510851786828,1.6642973081497967,0.285970759412303,66
1.387642283158942,1.3396464035548885,-0.8383073336204918,1.2885735018478053,-1.5621457376183063,-0.4012416860546675,-0.9154123258550612,1.632662710543512,71
-1.037313761232021,0.5049415064154527,1.1063133998021608,1.2885735018478053,-0.1242665388938497,2.849529398878734,0.3744424911473677,-1.060721191718906,68
0.3483754069913866,-0.329763390723983,-0.2827014097854482,1.2885735018478053,-0.1242665388938497,2.036836627645384,-0.9154123258550612,0.285970759412303,69
0.1751642609634607,1.005764444699114,-0.0743491883473068,-1.5755493330414962,-1.5621457376183063,0.4114510851786828,-0.9154123258550612,0.285970759412303,68
0.0019531149355348,0.6718824858433398,1.7313700641165848,1.2885735018478053,-0.1242665388938497,-0.4012416860546675,1.6642973081497967,1.632662710543512,72
1.6474590022008309,-0.1628224112960958,-1.4633639979349158,1.2885735018478053,-0.1242665388938497,-1.213934457288018,1.6642973081497967,0.285970759412303,70
1.387642283158942,1.5065873829827754,-0.2132506693060677,-1.5755493330414962,-0.1242665388938497,-0.4012416860546675,-0.9154123258550612,-1.060721191718906,71
0.1751642609634607,-1.8322322055749671,-0.2132506693060677,-0.1434879155968454,-0.1242665388938497,0.4114510851786828,1.6642973081497967,0.285970759412303,66
0.7814032720612014,0.0041185681317912,-1.185561036017394,-0.1434879155968454,-0.1242665388938497,-0.4012416860546675,-0.9154123258550612,0.285970759412303,67
-0.5176803231482429,-0.8305863290076444,1.6619193236372043,1.2885735018478053,-1.5621457376183063,-1.213934457288018,0.3744424911473677,-1.060721191718906,63
-1.037313761232021,1.8404693418385496,-0.6299551121823505,1.2885735018478053,-1.5621457376183063,-1.213934457288018,-0.9154123258550612,-1.060721191718906,66
0.0885586879494977,-0.4967043701518701,0.2034537735702149,-0.1434879155968454,-1.5621457376183063,-0.4012416860546675,0.3744424911473677,-1.060721191718906,66
0.6947976990472384,-0.8305863290076444,-1.3939132574555355,-0.1434879155968454,1.3136126598306066,-0.4012416860546675,-0.9154123258550612,1.632662710543512,67
-0.8641026152040947,0.6718824858433398,-0.8383073336204918,1.2885735018478053,1.3136126598306066,-1.213934457288018,-0.9154123258550612,-1.060721191718906,65
-1.5569471993157984,-0.4967043701518701,-0.6299551121823505,-0.1434879155968454,-0.1242665388938497,0.4114510851786828,-0.9154123258550612,1.632662710543512,63
1.0412199911030902,1.1727054241270012,1.6619193236372043,-0.1434879155968454,1.3136126598306066,2.036836627645384,-0.9154123258550612,-1.060721191718906,74
-0.1712580310923911,0.0041185681317912,1.175764140281541,-0.1434879155968454,-1.5621457376183063,-0.4012416860546675,-0.9154123258550612,0.285970759412303,65
0.9546144180891272,-1.8322322055749671,0.8979611783640193,-1.5755493330414962,-0.1242665388938497,0.4114510851786828,1.6642973081497967,0.285970759412303,65
0.7814032720612014,-0.6636453495797573,-0.0743491883473068,-0.1434879155968454,-0.1242665388938497,-0.4012416860546675,-0.9154123258550612,-1.060721191718906,65
-0.7774970421901317,-0.6636453495797573,-1.1161102955380136,-1.5755493330414962,-1.5621457376183063,-0.4012416860546675,1.6642973081497967,-1.060721191718906,82
0.0019531149355348,-0.8305863290076444,1.0368626593227803,-0.1434879155968454,1.3136126598306066,2.036836627645384,-0.9154123258550612,0.285970759412303,69
1.214431137131016,0.0041185681317912,1.5230178426784435,-1.5755493330414962,-1.5621457376183063,0.4114510851786828,0.3744424911473677,0.285970759412303,70
-0.4310747501342799,-0.329763390723983,1.7313700641165848,-1.5755493330414962,-0.1242665388938497,0.4114510851786828,-0.9154123258550612,-1.060721191718906,67
1.387642283158942,-0.8305863290076444,-0.1437999288266873,1.2885735018478053,1.3136126598306066,1.2241438564120333,0.3744424911473677,0.285970759412303,71
0.2617698339774236,0.5049415064154527,0.6896089569258781,-1.5755493330414962,-1.5621457376183063,0.4114510851786828,-0.9154123258550612,-1.060721191718906,65
1.560853429186868,-0.9975273084355316,0.064552292611454,-0.1434879155968454,-0.1242665388938497,-1.213934457288018,0.3744424911473677,0.285970759412303,69
-1.1239193342459837,-0.6636453495797573,-1.5328147384142965,-0.1434879155968454,-0.1242665388938497,0.4114510851786828,-0.9154123258550612,0.285970759412303,62
0.3483754069913866,-3.000819061570177,-1.4633639979349158,1.2885735018478053,-1.5621457376183063,1.2241438564120333,0.3744424911473677,-1.060721191718906,62
-1.730158345343724,-1.8322322055749671,1.2452148807609216,-1.5755493330414962,-0.1242665388938497,1.2241438564120333,-0.9154123258550612,-1.060721191718906,60
-0.9507081882180576,-0.6636453495797573,0.6896089569258781,1.2885735018478053,1.3136126598306066,-1.213934457288018,-0.9154123258550612,1.632662710543512,66
1.387642283158942,-1.1644682878634187,-0.4216028907442091,-0.1434879155968454,-0.1242665388938497,0.4114510851786828,-0.9154123258550612,0.285970759412303,68
0.9546144180891272,0.6718824858433398,-0.2132506693060677,-0.1434879155968454,-0.1242665388938497,1.2241438564120333,-0.9154123258550612,0.285970759412303,71
-0.344469177120317,-0.329763390723983,-1.324462516976155,1.2885735018478053,-0.1242665388938497,-0.4012416860546675,0.3744424911473677,-1.060721191718906,63
-0.7774970421901317,-0.6636453495797573,-1.6717162193730573,-0.1434879155968454,-0.1242665388938497,-1.213934457288018,1.6642973081497967,-1.060721191718906,61
0.8680088450751643,0.6718824858433398,-1.185561036017394,-0.1434879155968454,-0.1242665388938497,0.4114510851786828,1.6642973081497967,-1.060721191718906,70
-1.2971304802739094,-0.9975273084355316,0.4812567354877367,1.2885735018478053,-1.5621457376183063,-0.4012416860546675,-0.9154123258550612,-1.060721191718906,60
-0.7774970421901317,-0.4967043701518701,-1.2550117764967743,-1.5755493330414962,-0.1242665388938497,1.2241438564120333,-0.9154123258550612,0.285970759412303,64
0.6081921260332754,0.0041185681317912,-1.324462516976155,-1.5755493330414962,-1.5621457376183063,-0.4012416860546675,0.3744424911473677,1.632662710543512,64
0.7814032720612014,-0.9975273084355316,1.314665621240302,1.2885735018478053,-0.1242665388938497,-1.213934457288018,1.6642973081497967,-1.060721191718906,68
-0.257863604106354,1.3396464035548885,0.6896089569258781,-0.1434879155968454,1.3136126598306066,-1.213934457288018,1.6642973081497967,-1.060721191718906,69
-1.037313761232021,-0.6636453495797573,-0.2827014097854482,1.2885735018478053,-0.1242665388938497,-0.4012416860546675,-0.9154123258550612,1.632662710543512,65
-1.3837360532878724,-0.6636453495797573,-0.3521521502648286,-0.1434879155968454,1.3136126598306066,1.2241438564120333,-0.9154123258550612,1.632662710543512,63
-1.4703416263018354,1.3396464035548885,1.1063133998021608,-0.1434879155968454,-0.1242665388938497,-0.4012416860546675,-0.9154123258550612,-1.060721191718906,65
-0.1712580310923911,0.1710595475596783,0.6201582164464976,-0.1434879155968454,1.3136126598306066,-0.4012416860546675,-0.9154123258550612,1.632662710543512,68
0.3483754069913866,0.6718824858433398,-0.6994058526617309,-1.5755493330414962,1.3136126598306066,1.2241438564120333,-0.9154123258550612,0.285970759412303,69
1.560853429186868,0.0041185681317912,0.9674119188433998,-0.1434879155968454,-0.1242665388938497,1.2241438564120333,0.3744424911473677,1.632662710543512,72
-1.3837360532878724,0.6718824858433398,1.0368626593227803,-0.1434879155968454,-0.1242665388938497,-1.213934457288018,-0.9154123258550612,-1.060721191718906,65
-1.5569471993157984,-0.6636453495797573,-0.1437999288266873,-0.1434879155968454,-0.1242665388938497,1.2241438564120333,-0.9154123258550612,1.632662710543512,62
0.1751642609634607,0.0041185681317912,-0.4216028907442091,1.2885735018478053,-0.1242665388938497,-0.4012416860546675,0.3744424911473677,0.285970759412303,69
-1.5569471993157984,1.8404693418385496,-1.6717162193730573,-0.1434879155968454,-0.1242665388938497,0.4114510851786828,0.3744424911473677,0.285970759412303,65
-1.6435527723297614,2.174351300694324,1.6619193236372043,-0.1434879155968454,-0.1242665388938497,0.4114510851786828,0.3744424911473677,0.285970759412303,70
1.6474590022008309,-0.1628224112960958,-0.5605043717029701,1.2885735018478053,-1.5621457376183063,1.2241438564120333,0.3744424911473677,1.632662710543512,70
-0.6908914691761688,0.8388234652712269,-1.6022654788936768,-0.1434879155968454,-0.1242665388938497,-1.213934457288018,1.6642973081497967,0.285970759412303,66
-1.2105249072599464,-0.6636453495797573,-1.5328147384142965,-0.1434879155968454,-0.1242665388938497,0.4114510851786828,1.6642973081497967,0.285970759412303,62
-0.7774970421901317,0.0041185681317912,0.3423552545289758,1.2885735018478053,1.3136126598306066,0.4114510851786828,-0.9154123258550612,1.632662710543512,68
-0.6908914691761688,1.8404693418385496,1.314665621240302,1.2885735018478053,-1.5621457376183063,0.4114510851786828,-0.9154123258550612,-1.060721191718906,70
1.387642283158942,-0.8305863290076444,-0.3521521502648286,-1.5755493330414962,-0.1242665388938497,2.036836627645384,0.3744424911473677,-1.060721191718906,70
-0.9507081882180576,0.0041185681317912,1.453567102199063,-0.1434879155968454,-0.1242665388938497,0.4114510851786828,-0.9154123258550612,0.285970759412303,67
-0.0846524580784281,0.0041185681317912,-0.6299551121823505,-0.1434879155968454,1.3136126598306066,1.2241438564120333,0.3744424911473677,1.632662710543512,68
-1.6435527723297614,-0.1628224112960958,1.3841163617196826,1.2885735018478053,-0.1242665388938497,2.036836627645384,0.3744424911473677,0.285970759412303,68
0.6081921260332754,0.0041185681317912,-1.185561036017394,-0.1434879155968454,1.3136126598306066,0.4114510851786828,1.6642973081497967,-1.060721191718906,67
-0.6908914691761688,0.1710595475596783,1.453567102199063,-1.5755493330414962,-0.1242665388938497,2.036836627645384,0.3744424911473677,1.632662710543512,66
0.7814032720612014,-0.8305863290076444,-1.185561036017394,-1.5755493330414962,1.3136126598306066,0.4114510851786828,-0.9154123258550612,-1.060721191718906,65
-0.6908914691761688,-0.329763390723983,1.3841163617196826,1.2885735018478053,1.3136126598306066,-0.4012416860546675,-0.9154123258550612,0.285970759412303,67
-1.2971304802739094,-1.498350246719193,-0.9077580740998724,-1.5755493330414962,-0.1242665388938497,0.4114510851786828,0.3744424911473677,0.285970759412303,60
-0.6042858961622058,1.005764444699114,-1.3939132574555355,-0.1434879155968454,-0.1242665388938497,-0.4012416860546675,1.6642973081497967,0.285970759412303,67
0.7814032720612014,0.5049415064154527,-1.185561036017394,1.2885735018478053,1.3136126598306066,0.4114510851786828,1.6642973081497967,0.285970759412303,73
-0.5176803231482429,-0.1628224112960958,1.2452148807609216,1.2885735018478053,1.3136126598306066,-0.4012416860546675,-0.9154123258550612,0.285970759412303,68
-0.7774970421901317,0.1710595475596783,-1.4633639979349158,-0.1434879155968454,-0.1242665388938497,-0.4012416860546675,-0.9154123258550612,0.285970759412303,64
-1.5569471993157984,-0.6636453495797573,0.2729045140495953,-0.1434879155968454,-0.1242665388938497,0.4114510851786828,-0.9154123258550612,0.285970759412303,63
0.6081921260332754,-0.4967043701518701,-0.4910536312235896,1.2885735018478053,-0.1242665388938497,0.4114510851786828,1.6642973081497967,-1.060721191718906,68
0.6081921260332754,0.1710595475596783,1.7313700641165848,1.2885735018478053,-0.1242665388938497,-0.4012416860546675,-0.9154123258550612,-1.060721191718906,70
-0.9507081882180576,-0.9975273084355316,0.2729045140495953,-1.5755493330414962,-0.1242665388938497,-0.4012416860546675,1.6642973081497967,1.632662710543512,62
0.8680088450751643,1.5065873829827754,0.064552292611454,-1.5755493330414962,1.3136126598306066,-0.4012416860546675,-0.9154123258550612,0.285970759412303,71
0.7814032720612014,0.8388234652712269,-1.1161102955380136,-1.5755493330414962,-0.1242665388938497,0.4114510851786828,0.3744424911473677,-1.060721191718906,69
1.3010367101449791,0.0041185681317912,-0.4216028907442091,1.2885735018478053,-0.1242665388938497,-1.213934457288018,-0.9154123258550612,0.285970759412303,70
0.8680088450751643,-0.8305863290076444,-1.3939132574555355,-0.1434879155968454,-0.1242665388938497,-0.4012416860546675,0.3744424911473677,-1.060721191718906,66
-1.037313761232021,-1.3314092672913058,1.5924685831578238,1.2885735018478053,-0.1242665388938497,-0.4012416860546675,-0.9154123258550612,0.285970759412303,65
0.6947976990472384,0.1710595475596783,-1.1161102955380136,-0.1434879155968454,-0.1242665388938497,0.4114510851786828,1.6642973081497967,0.285970759412303,67
0.3483754069913866,-0.1628224112960958,-0.0048984478679264,1.2885735018478053,-0.1242665388938497,-0.4012416860546675,0.3744424911473677,-1.060721191718906,66
-1.037313761232021,1.3396464035548885,-0.8383073336204918,-0.1434879155968454,1.3136126598306066,-1.213934457288018,0.3744424911473677,-1.060721191718906,67
-0.344469177120317,1.005764444699114,-0.7688565931411113,-0.1434879155968454,-0.1242665388938497,-1.213934457288018,0.3744424911473677,0.285970759412303,66
-0.4310747501342799,-0.4967043701518701,-0.4216028907442091,-1.5755493330414962,1.3136126598306066,-0.4012416860546675,-0.9154123258550612,1.632662710543512,66
1.560853429186868,0.3380005269875655,-1.046659555058633,-0.1434879155968454,1.3136126598306066,-0.4012416860546675,-0.9154123258550612,1.632662710543512,72
0.6081921260332754,0.0041185681317912,-0.0048984478679264,1.2885735018478053,-1.5621457376183063,-1.213934457288018,1.6642973081497967,-1.060721191718906,68
1.214431137131016,-1.1644682878634187,-1.324462516976155,-0.1434879155968454,-1.5621457376183063,0.4114510851786828,0.3744424911473677,-1.060721191718906,67
-0.7774970421901317,-1.9991731850028545,-0.0048984478679264,-1.5755493330414962,1.3136126598306066,-1.213934457288018,-0.9154123258550612,0.285970759412303,61
0.6081921260332754,0.1710595475596783,0.2034537735702149,1.2885735018478053,-1.5621457376183063,-0.4012416860546675,-0.9154123258550612,-1.060721191718906,69
0.6947976990472384,1.005764444699114,-0.9077580740998724,1.2885735018478053,-1.5621457376183063,-0.4012416860546675,-0.9154123258550612,1.632662710543512,70
-1.3837360532878724,-1.3314092672913058,-1.6717162193730573,-0.1434879155968454,-0.1242665388938497,0.4114510851786828,0.3744424911473677,-1.060721191718906,59
0.0885586879494977,-0.329763390723983,-0.7688565931411113,-0.1434879155968454,-1.5621457376183063,-0.4012416860546675,-0.9154123258550612,0.285970759412303,65
-1.1239193342459837,-0.329763390723983,-1.6022654788936768,-0.1434879155968454,1.3136126598306066,-1.213934457288018,1.6642973081497967,0.285970759412303,64
-0.5176803231482429,-2.1661141644307413,-0.6299551121823505,-0.1434879155968454,-0.1242665388938497,-0.4012416860546675,-0.9154123258550612,-1.060721191718906,61
1.1278255641170531,1.1727054241270012,-1.1161102955380136,-1.5755493330414962,1.3136126598306066,0.4114510851786828,-0.9154123258550612,-1.060721191718906,70
-1.3837360532878724,0.0041185681317912,0.7590596974052585,-0.1434879155968454,-1.5621457376183063,-1.213934457288018,-0.9154123258550612,-1.060721191718906,63
-0.0846524580784281,0.3380005269875655,0.064552292611454,-0.1434879155968454,-0.1242665388938497,-0.4012416860546675,-0.9154123258550612,-1.060721191718906,67
-1.730158345343724,-1.1644682878634187,1.3841163617196826,1.2885735018478053,-1.5621457376183063,-0.4012416860546675,-0.9154123258550612,-1.060721191718906,61
1.0412199911030902,-2.8338780821422898,1.3841163617196826,-1.5755493330414962,1.3136126598306066,1.2241438564120333,1.6642973081497967,0.285970759412303,67
-1.2105249072599464,0.8388234652712269,-1.3939132574555355,-0.1434879155968454,1.3136126598306066,2.036836627645384,-0.9154123258550612,0.285970759412303,84
1.214431137131016,1.6735283624106625,-1.6022654788936768,-0.1434879155968454,-0.1242665388938497,-0.4012416860546675,-0.9154123258550612,0.285970759412303,71
0.2617698339774236,-0.4967043701518701,-0.7688565931411113,-0.1434879155968454,-1.5621457376183063,-0.4012416860546675,-0.9154123258550612,0.285970759412303,65
0.9546144180891272,1.3396464035548885,-0.1437999288266873,-0.1434879155968454,-1.5621457376183063,0.4114510851786828,-0.9154123258550612,0.285970759412303,69
1.7340645752147938,-0.4967043701518701,-0.2827014097854482,1.2885735018478053,-0.1242665388938497,0.4114510851786828,-0.9154123258550612,-1.060721191718906,70
-0.4310747501342799,0.3380005269875655,0.1340030330908344,-0.1434879155968454,-0.1242665388938497,0.4114510851786828,-0.9154123258550612,-1.060721191718906,66
1.3010367101449791,0.1710595475596783,0.6201582164464976,-1.5755493330414962,-1.5621457376183063,-1.213934457288018,-0.9154123258550612,1.632662710543512,67
0.1751642609634607,-1.498350246719193,-0.9772088145792528,-1.5755493330414962,-1.5621457376183063,0.4114510851786828,-0.9154123258550612,0.285970759412303,61
-1.2105249072599464,2.174351300694324,-1.1161102955380136,-0.1434879155968454,-0.1242665388938497,1.2241438564120333,1.6642973081497967,1.632662710543512,70
-1.3837360532878724,-0.1628224112960958,1.314665621240302,1.2885735018478053,-0.1242665388938497,1.2241438564120333,1.6642973081497967,0.285970759412303,66
0.6081921260332754,0.5049415064154527,-1.1161102955380136,1.2885735018478053,-0.1242665388938497,-0.4012416860546675,0.3744424911473677,1.632662710543512,70
0.5215865530193126,0.6718824858433398,-1.4633639979349158,-1.5755493330414962,1.3136126598306066,-1.213934457288018,0.3744424911473677,-1.060721191718906,68
0.6081921260332754,2.0074103212664367,-0.2827014097854482,1.2885735018478053,-0.1242665388938497,-1.213934457288018,0.3744424911473677,1.632662710543512,72
0.9546144180891272,-0.329763390723983,0.064552292611454,-0.1434879155968454,-1.5621457376183063,-0.4012416860546675,-0.9154123258550612,0.285970759412303,68
0.5215865530193126,0.0041185681317912,0.3423552545289758,-0.1434879155968454,-0.1242665388938497,0.4114510851786828,0.3744424911473677,0.285970759412303,70
-0.6042858961622058,1.005764444699114,-0.4910536312235896,-0.1434879155968454,-0.1242665388938497,2.036836627645384,-0.9154123258550612,0.285970759412303,68
-0.7774970421901317,1.3396464035548885,-0.6299551121823505,1.2885735018478053,-0.1242665388938497,0.4114510851786828,0.3744424911473677,-1.060721191718906,69
0.0885586879494977,-1.498350246719193,0.4812567354877367,-0.1434879155968454,-0.1242665388938497,1.2241438564120333,-0.9154123258550612,0.285970759412303,67
-0.344469177120317,0.5049415064154527,1.2452148807609216,1.2885735018478053,1.3136126598306066,-1.213934457288018,-0.9154123258550612,0.285970759412303,68
-0.6908914691761688,1.3396464035548885,0.6896089569258781,-1.5755493330414962,-1.5621457376183063,2.036836627645384,-0.9154123258550612,-1.060721191718906,66
-0.6908914691761688,-1.3314092672913058,-1.046659555058633,-0.1434879155968454,-1.5621457376183063,-1.213934457288018,1.6642973081497967,-1.060721191718906,62
0.3483754069913866,2.508233259550098,0.7590596974052585,-0.1434879155968454,-0.1242665388938497,-0.4012416860546675,-0.9154123258550612,0.285970759412303,72
1.3010367101449791,-0.329763390723983,1.453567102199063,1.2885735018478053,-1.5621457376183063,0.4114510851786828,-0.9154123258550612,0.285970759412303,70
1.1278255641170531,1.5065873829827754,-1.4633639979349158,-0.1434879155968454,-1.5621457376183063,2.036836627645384,-0.9154123258550612,-1.060721191718906,71
1.474247856172905,1.3396464035548885,1.2452148807609216,-0.1434879155968454,-0.1242665388938497,1.2241438564120333,-0.9154123258550612,0.285970759412303,74
1.6474590022008309,0.5049415064154527,-0.1437999288266873,-0.1434879155968454,-1.5621457376183063,-1.213934457288018,0.3744424911473677,-1.060721191718906,69
1.474247856172905,0.0041185681317912,0.4118059950083562,-0.1434879155968454,-0.1242665388938497,1.2241438564120333,0.3744424911473677,0.285970759412303,71
-1.1239193342459837,0.0041185681317912,1.453567102199063,-0.1434879155968454,1.3136126598306066,-0.4012416860546675,-0.9154123258550612,1.632662710543512,68
-0.257863604106354,0.3380005269875655,-0.4910536312235896,-0.1434879155968454,-1.5621457376183063,1.2241438564120333,-0.9154123258550612,1.632662710543512,68
-1.4703416263018354,0.5049415064154527,0.064552292611454,-0.1434879155968454,1.3136126598306066,0.4114510851786828,-0.9154123258550612,0.285970759412303,65
-0.9507081882180576,-0.9975273084355316,1.175764140281541,-0.1434879155968454,-0.1242665388938497,1.2241438564120333,1.6642973081497967,-1.060721191718906,64
-1.037313761232021,0.6718824858433398,-0.3521521502648286,-1.5755493330414962,-0.1242665388938497,-0.4012416860546675,0.3744424911473677,-1.060721191718906,64
-0.0846524580784281,2.0074103212664367,-0.9772088145792528,1.2885735018478053,-1.5621457376183063,-1.213934457288018,0.3744424911473677,-1.060721191718906,70
-0.6908914691761688,0.6718824858433398,0.4812567354877367,-0.1434879155968454,-0.1242665388938497,0.4114510851786828,-0.9154123258550612,0.285970759412303,67
1.560853429186868,-1.3314092672913058,-0.7688565931411113,-1.5755493330414962,1.3136126598306066,2.849529398878734,0.3744424911473677,-1.060721191718906,69
0.0885586879494977,-0.9975273084355316,0.2034537735702149,-0.1434879155968454,-1.5621457376183063,0.4114510851786828,1.6642973081497967,1.632662710543512,68
1.560853429186868,-1.66529122614708,1.5924685831578238,-0.1434879155968454,-0.1242665388938497,-1.213934457288018,0.3744424911473677,0.285970759412303,66
0.1751642609634607,0.6718824858433398,0.6896089569258781,-0.1434879155968454,-0.1242665388938497,-0.4012416860546675,-0.9154123258550612,-1.060721191718906,66
0.1751642609634607,-0.9975273084355316,1.314665621240302,1.2885735018478053,-0.1242665388938497,4.474914941345435,1.6642973081497967,0.285970759412303,71
-0.344469177120317,1.5065873829827754,-1.1161102955380136,1.2885735018478053,-0.1242665388938497,2.036836627645384,1.6642973081497967,-1.060721191718906,71
0.0019531149355348,-0.6636453495797573,-0.1437999288266873,-0.1434879155968454,-0.1242665388938497,0.4114510851786828,0.3744424911473677,0.285970759412303,66
1.387642283158942,-1.3314092672913058,0.064552292611454,-1.5755493330414962,-0.1242665388938497,0.4114510851786828,-0.9154123258550612,0.285970759412303,68
0.9546144180891272,-0.9975273084355316,1.2452148807609216,-0.1434879155968454,-0.1242665388938497,-1.213934457288018,-0.9154123258550612,0.285970759412303,67
1.3010367101449791,0.8388234652712269,-0.4910536312235896,-1.5755493330414962,-0.1242665388938497,-0.4012416860546675,-0.9154123258550612,0.285970759412303,70
0.3483754069913866,-1.9991731850028545,0.3423552545289758,1.2885735018478053,1.3136126598306066,-0.4012416860546675,-0.9154123258550612,1.632662710543512,67
-1.1239193342459837,0.3380005269875655,-1.3939132574555355,1.2885735018478053,1.3136126598306066,-0.4012416860546675,-0.9154123258550612,-1.060721191718906,65
0.6947976990472384,2.675174238977985,1.6619193236372043,1.2885735018478053,-0.1242665388938497,-1.213934457288018,0.3744424911473677,-1.060721191718906,74
-0.8641026152040947,1.6735283624106625,0.6201582164464976,-1.5755493330414962,1.3136126598306066,0.4114510851786828,1.6642973081497967,0.285970759412303,70
1.387642283158942,-0.6636453495797573,-1.185561036017394,-0.1434879155968454,1.3136126598306066,0.4114510851786828,1.6642973081497967,1.632662710543512,71
1.387642283158942,2.0074103212664367,1.5230178426784435,-1.5755493330414962,-0.1242665388938497,-0.4012416860546675,0.3744424911473677,-1.060721191718906,73
-0.6042858961622058,-0.8305863290076444,-1.046659555058633,-0.1434879155968454,-0.1242665388938497,1.2241438564120333,0.3744424911473677,0.285970759412303,66
-0.1712580310923911,-1.1644682878634187,-0.1437999288266873,-0.1434879155968454,-0.1242665388938497,-1.213934457288018,-0.9154123258550612,0.285970759412303,64
-1.3837360532878724,1.005764444699114,-0.9077580740998724,1.2885735018478053,-1.5621457376183063,-0.4012416860546675,-0.9154123258550612,-1.060721191718906,64
-1.2971304802739094,0.8388234652712269,1.314665621240302,-1.5755493330414962,-0.1242665388938497,-0.4012416860546675,-0.9154123258550612,-1.060721191718906,64
-1.3837360532878724,0.0041185681317912,0.7590596974052585,-0.1434879155968454,1.3136126598306066,-0.4012416860546675,1.6642973081497967,0.285970759412303,66
0.1751642609634607,0.8388234652712269,-0.4910536312235896,-1.5755493330414962,1.3136126598306066,-0.4012416860546675,0.3744424911473677,-1.060721191718906,68
-0.344469177120317,1.3396464035548885,1.1063133998021608,-0.1434879155968454,-0.1242665388938497,-1.213934457288018,-0.9154123258550612,-1.060721191718906,68
-0.5176803231482429,1.5065873829827754,-0.4910536312235896,-0.1434879155968454,1.3136126598306066,-1.213934457288018,-0.9154123258550612,0.285970759412303,69
0.0885586879494977,-3.167760040998064,-0.6299551121823505,-0.1434879155968454,-0.1242665388938497,-0.4012416860546675,0.3744424911473677,-1.060721191718906,60
-0.6908914691761688,-1.3314092672913058,0.8979611783640193,-0.1434879155968454,-0.1242665388938497,0.4114510851786828,-0.9154123258550612,1.632662710543512,65
1.0412199911030902,-1.66529122614708,-1.6717162193730573,1.2885735018478053,-1.5621457376183063,-0.4012416860546675,-0.9154123258550612,0.285970759412303,65
0.0019531149355348,1.5065873829827754,-1.6022654788936768,1.2885735018478053,-0.1242665388938497,2.036836627645384,-0.9154123258550612,-1.060721191718906,71
-0.1712580310923911,-0.329763390723983,-0.4216028907442091,-0.1434879155968454,-0.1242665388938497,-0.4012416860546675,1.6642973081497967,0.285970759412303,66
-0.257863604106354,-0.9975273084355316,-1.3939132574555355,-0.1434879155968454,-0.1242665388938497,0.4114510851786828,-0.9154123258550612,1.632662710543512,65
1.1278255641170531,0.6718824858433398,0.2034537735702149,1.2885735018478053,-1.5621457376183063,-0.4012416860546675,-0.9154123258550612,1.632662710543512,72
-0.4310747501342799,-0.8305863290076444,0.6896089569258781,-0.1434879155968454,1.3136126598306066,-0.4012416860546675,-0.9154123258550612,-1.060721191718906,65
-0.1712580310923911,-1.66529122614708,-0.0743491883473068,1.2885735018478053,-0.1242665388938497,-0.4012416860546675,1.6642973081497967,-1.060721191718906,65
-0.5176803231482429,0.1710595475596783,-1.6022654788936768,-1.5755493330414962,-0.1242665388938497,-0.4012416860546675,-0.9154123258550612,1.632662710543512,62
-1.3837360532878724,0.3380005269875655,-0.6299551121823505,1.2885735018478053,-0.1242665388938497,-0.4012416860546675,0.3744424911473677,0.285970759412303,64
1.7340645752147938,-0.1628224112960958,-0.6299551121823505,-1.5755493330414962,-0.1242665388938497,-1.213934457288018,0.3744424911473677,-1.060721191718906,68
-0.7774970421901317,-0.1628224112960958,0.4118059950083562,-0.1434879155968454,1.3136126598306066,0.4114510851786828,-0.9154123258550612,0.285970759412303,68
-0.0846524580784281,0.0041185681317912,-1.3939132574555355,-1.5755493330414962,-0.1242665388938497,1.2241438564120333,-0.9154123258550612,-1.060721191718906,66
-0.0846524580784281,-2.1661141644307413,0.6896089569258781,1.2885735018478053,-1.5621457376183063,-1.213934457288018,-0.9154123258550612,0.285970759412303,62
-0.6908914691761688,-1.1644682878634187,1.2452148807609216,-0.1434879155968454,-1.5621457376183063,-0.4012416860546675,-0.9154123258550612,-1.060721191718906,61
0.4349809800053495,0.5049415064154527,-0.6299551121823505,1.2885735018478053,-0.1242665388938497,-1.213934457288018,0.3744424911473677,1.632662710543512,68
1.560853429186868,-1.8322322055749671,1.175764140281541,-0.1434879155968454,-0.1242665388938497,-1.213934457288018,-0.9154123258550612,0.285970759412303,67
-0.0846524580784281,-0.329763390723983,-1.185561036017394,-0.1434879155968454,-1.5621457376183063,1.2241438564120333,-0.9154123258550612,0.285970759412303,65
0.7814032720612014,-0.9975273084355316,1.453567102199063,-1.5755493330414962,-0.1242665388938497,0.4114510851786828,0.3744424911473677,-1.060721191718906,66
0.3483754069913866,-0.1628224112960958,-0.2132506693060677,-1.5755493330414962,-0.1242665388938497,-0.4012416860546675,-0.9154123258550612,-1.060721191718906,65
-0.7774970421901317,1.005764444699114,0.064552292611454,-0.1434879155968454,1.3136126598306066,1.2241438564120333,1.6642973081497967,-1.060721191718906,69
-0.8641026152040947,0.6718824858433398,-0.4216028907442091,-1.5755493330414962,-1.5621457376183063,-0.4012416860546675,-0.9154123258550612,1.632662710543512,64
-1.037313761232021,0.6718824858433398,1.5924685831578238,-0.1434879155968454,-0.1242665388938497,0.4114510851786828,-0.9154123258550612,0.285970759412303,68
0.6081921260332754,1.1727054241270012,-1.4633639979349158,-0.1434879155968454,1.3136126598306066,-1.213934457288018,-0.9154123258550612,0.285970759412303,70
0.7814032720612014,0.8388234652712269,-1.1161102955380136,1.2885735018478053,-0.1242665388938497,-0.4012416860546675,-0.9154123258550612,-1.060721191718906,68
0.7814032720612014,0.0041185681317912,-1.6717162193730573,-0.1434879155968454,-0.1242665388938497,1.2241438564120333,1.6642973081497967,0.285970759412303,70
1.3010367101449791,1.1727054241270012,-1.2550117764967743,-0.1434879155968454,-0.1242665388938497,-0.4012416860546675,-0.9154123258550612,0.285970759412303,71
0.6947976990472384,1.005764444699114,0.2729045140495953,-0.1434879155968454,1.3136126598306066,-0.4012416860546675,-0.9154123258550612,-1.060721191718906,71
0.9546144180891272,0.6718824858433398,-1.6022654788936768,-0.1434879155968454,-0.1242665388938497,-1.213934457288018,0.3744424911473677,1.632662710543512,69
-0.344469177120317,-0.9975273084355316,0.1340030330908344,-1.5755493330414962,1.3136126598306066,0.4114510851786828,0.3744424911473677,1.632662710543512,65
0.4349809800053495,0.1710595475596783,-1.6022654788936768,1.2885735018478053,-1.5621457376183063,2.849529398878734,1.6642973081497967,1.632662710543512,71
-1.5569471993157984,1.1727054241270012,1.453567102199063,-1.5755493330414962,1.3136126598306066,0.4114510851786828,-0.9154123258550612,-1.060721191718906,66
-1.2971304802739094,0.0041185681317912,1.7313700641165848,1.2885735018478053,-0.1242665388938497,0.4114510851786828,-0.9154123258550612,-1.060721191718906,67
-0.8641026152040947,0.3380005269875655,-0.0743491883473068,1.2885735018478053,-0.1242665388938497,0.4114510851786828,0.3744424911473677,-1.060721191718906,65
1.0412199911030902,0.3380005269875655,1.314665621240302,-0.1434879155968454,-0.1242665388938497,-0.4012416860546675,-0.9154123258550612,0.285970759412303,71
1.1278255641170531,-1.66529122614708,1.0368626593227803,-0.1434879155968454,-1.5621457376183063,-1.213934457288018,-0.9154123258550612,-1.060721191718906,66
-0.1712580310923911,-0.8305863290076444,-0.8383073336204918,1.2885735018478053,-0.1242665388938497,0.4114510851786828,1.6642973081497967,0.285970759412303,65
-1.730158345343724,-0.6636453495797573,-0.5605043717029701,1.2885735018478053,-0.1242665388938497,-1.213934457288018,-0.9154123258550612,-1.060721191718906,61
0.6947976990472384,-0.4967043701518701,-0.5605043717029701,-1.5755493330414962,-1.5621457376183063,-1.213934457288018,1.6642973081497967,0.285970759412303,65
-0.7774970421901317,0.5049415064154527,-0.4216028907442091,-0.1434879155968454,-0.1242665388938497,1.2241438564120333,0.3744424911473677,-1.060721191718906,66
-1.2105249072599464,-0.1628224112960958,0.5507074759671171,-0.1434879155968454,-0.1242665388938497,0.4114510851786828,-0.9154123258550612,0.285970759412303,65
-1.1239193342459837,-0.4967043701518701,-0.2827014097854482,-1.5755493330414962,1.3136126598306066,-0.4012416860546675,-0.9154123258550612,0.285970759412303,63
1.0412199911030902,0.6718824858433398,0.7590596974052585,-0.1434879155968454,-0.1242665388938497,1.2241438564120333,-0.9154123258550612,0.285970759412303,73
1.0412199911030902,1.3396464035548885,1.453567102199063,1.2885735018478053,-1.5621457376183063,-0.4012416860546675,0.3744424911473677,0.285970759412303,72
-0.1712580310923911,-0.4967043701518701,-0.6299551121823505,-0.1434879155968454,1.3136126598306066,0.4114510851786828,0.3744424911473677,-1.060721191718906,67
0.6081921260332754,0.8388234652712269,0.5507074759671171,-0.1434879155968454,1.3136126598306066,-1.213934457288018,0.3744424911473677,0.285970759412303,72
-1.037313761232021,0.6718824858433398,1.1063133998021608,-0.1434879155968454,-0.1242665388938497,-0.4012416860546675,0.3744424911473677,1.632662710543512,68
-0.257863604106354,1.005764444699114,-0.9772088145792528,-0.1434879155968454,-0.1242665388938497,-0.4012416860546675,0.3744424911473677,-1.060721191718906,67
0.6947976990472384,0.5049415064154527,1.314665621240302,1.2885735018478053,1.3136126598306066,1.2241438564120333,-0.9154123258550612,-1.060721191718906,71
1.6474590022008309,-1.1644682878634187,0.1340030330908344,-0.1434879155968454,-0.1242665388938497,-1.213934457288018,0.3744424911473677,0.285970759412303,68
-1.3837360532878724,-0.8305863290076444,-1.1161102955380136,-0.1434879155968454,1.3136126598306066,-1.213934457288018,-0.9154123258550612,-1.060721191718906,59
-1.2971304802739094,2.0074103212664367,-1.2550117764967743,-1.5755493330414962,-0.1242665388938497,0.4114510851786828,-0.9154123258550612,-1.060721191718906,65
-1.2105249072599464,-0.1628224112960958,0.1340030330908344,-0.1434879155968454,1.3136126598306066,1.2241438564120333,0.3744424911473677,0.285970759412303,64
-0.257863604106354,0.5049415064154527,-1.4633639979349158,1.2885735018478053,1.3136126598306066,-0.4012416860546675,0.3744424911473677,-1.060721191718906,67
0.1751642609634607,-0.6636453495797573,0.6896089569258781,-0.1434879155968454,-0.1242665388938497,-0.4012416860546675,-0.9154123258550612,1.632662710543512,67
1.3010367101449791,0.6718824858433398,-1.1161102955380136,-1.5755493330414962,1.3136126598306066,0.4114510851786828,0.3744424911473677,-1.060721191718906,70
-0.6908914691761688,-0.329763390723983,-0.9772088145792528,-1.5755493330414962,-1.5621457376183063,-0.4012416860546675,0.3744424911473677,0.285970759412303,61
0.2617698339774236,-0.329763390723983,-0.6994058526617309,1.2885735018478053,-0.1242665388938497,1.2241438564120333,0.3744424911473677,-1.060721191718906,68
-0.1712580310923911,-0.4967043701518701,0.7590596974052585,-0.1434879155968454,-0.1242665388938497,-1.213934457288018,0.3744424911473677,-1.060721191718906,63
-1.4703416263018354,-1.3314092672913058,-1.324462516976155,-0.1434879155968454,-0.1242665388938497,2.036836627645384,0.3744424911473677,0.285970759412303,61
1.560853429186868,1.5065873829827754,0.7590596974052585,1.2885735018478053,-0.1242665388938497,0.4114510851786828,-0.9154123258550612,0.285970759412303,73
0.2617698339774236,1.1727054241270012,1.314665621240302,1.2885735018478053,-0.1242665388938497,0.4114510851786828,-0.9154123258550612,-1.060721191718906,72
-0.4310747501342799,1.6735283624106625,-1.2550117764967743,1.2885735018478053,1.3136126598306066,-1.213934457288018,0.3744424911473677,-1.060721191718906,68
-1.2971304802739094,0.3380005269875655,1.5230178426784435,-0.1434879155968454,-1.5621457376183063,0.4114510851786828,-0.9154123258550612,0.285970759412303,64
-1.3837360532878724,0.1710595475596783,0.5507074759671171,-1.5755493330414962,1.3136126598306066,0.4114510851786828,-0.9154123258550612,-1.060721191718906,64
0.6081921260332754,-0.8305863290076444,-0.8383073336204918,1.2885735018478053,1.3136126598306066,-1.213934457288018,0.3744424911473677,1.632662710543512,69
-1.3837360532878724,0.0041185681317912,-0.1437999288266873,-1.5755493330414962,-0.1242665388938497,1.2241438564120333,1.6642973081497967,0.285970759412303,65
-0.7774970421901317,0.0041185681317912,-0.2132506693060677,-0.1434879155968454,-1.5621457376183063,2.036836627645384,1.6642973081497967,0.285970759412303,66
-1.037313761232021,-0.4967043701518701,0.828510437884639,1.2885735018478053,-1.5621457376183063,-1.213934457288018,0.3744424911473677,-1.060721191718906,64
1.3010367101449791,0.3380005269875655,-1.1161102955380136,-0.1434879155968454,1.3136126598306066,0.4114510851786828,-0.9154123258550612,-1.060721191718906,69
-0.6042858961622058,-0.329763390723983,-1.5328147384142965,1.2885735018478053,-0.1242665388938497,-0.4012416860546675,1.6642973081497967,-1.060721191718906,64
0.0019531149355348,-0.1628224112960958,-0.8383073336204918,-0.1434879155968454,-1.5621457376183063,-0.4012416860546675,0.3744424911473677,0.285970759412303,65
1.560853429186868,-0.4967043701518701,-0.3521521502648286,1.2885735018478053,-0.1242665388938497,-0.4012416860546675,-0.9154123258550612,1.632662710543512,70
0.1751642609634607,1.005764444699114,-1.046659555058633,1.2885735018478053,-1.5621457376183063,1.2241438564120333,1.6642973081497967,-1.060721191718906,68
0.6081921260332754,1.6735283624106625,-0.9772088145792528,-0.1434879155968454,1.3136126598306066,0.4114510851786828,-0.9154123258550612,0.285970759412303,73
1.474247856172905,-0.6636453495797573,0.828510437884639,-0.1434879155968454,-0.1242665388938497,-0.4012416860546675,-0.9154123258550612,1.632662710543512,70
0.6081921260332754,0.0041185681317912,0.6201582164464976,-1.5755493330414962,-0.1242665388938497,0.4114510851786828,-0.9154123258550612,0.285970759412303,68
-0.9507081882180576,0.0041185681317912,0.4118059950083562,-0.1434879155968454,-0.1242665388938497,0.4114510851786828,-0.9154123258550612,0.285970759412303,67
0.7814032720612014,-1.498350246719193,-0.4216028907442091,1.2885735018478053,-1.5621457376183063,-0.4012416860546675,-0.9154123258550612,-1.060721191718906,64
-1.1239193342459837,1.8404693418385496,0.064552292611454,1.2885735018478053,-1.5621457376183063,0.4114510851786828,0.3744424911473677,0.285970759412303,70
0.2617698339774236,1.005764444699114,0.5507074759671171,-1.5755493330414962,1.3136126598306066,0.4114510851786828,0.3744424911473677,-1.060721191718906,71
-1.6435527723297614,0.6718824858433398,1.314665621240302,-0.1434879155968454,-1.5621457376183063,1.2241438564120333,0.3744424911473677,0.285970759412303,64
1.3010367101449791,-0.8305863290076444,1.6619193236372043,-0.1434879155968454,-1.5621457376183063,-1.213934457288018,-0.9154123258550612,1.632662710543512,68
-0.1712580310923911,-0.6636453495797573,0.6896089569258781,-1.5755493330414962,-0.1242665388938497,2.036836627645384,-0.9154123258550612,0.285970759412303,65
0.9546144180891272,-0.1628224112960958,-1.185561036017394,-1.5755493330414962,-0.1242665388938497,0.4114510851786828,0.3744424911473677,-1.060721191718906,68
-0.5176803231482429,-0.9975273084355316,1.453567102199063,1.2885735018478053,1.3136126598306066,0.4114510851786828,0.3744424911473677,-1.060721191718906,68
-0.6042858961622058,0.1710595475596783,1.6619193236372043,-0.1434879155968454,-0.1242665388938497,-0.4012416860546675,-0.9154123258550612,-1.060721191718906,65
-0.9507081882180576,0.3380005269875655,-1.6717162193730573,1.2885735018478053,-1.5621457376183063,-0.4012416860546675,-0.9154123258550612,-1.060721191718906,65
-1.1239193342459837,0.1710595475596783,-1.6022654788936768,1.2885735018478053,-0.1242665388938497,1.2241438564120333,-0.9154123258550612,-1.060721191718906,62
-0.6908914691761688,-0.1628224112960958,-1.185561036017394,-1.5755493330414962,-0.1242665388938497,-1.213934457288018,-0.9154123258550612,0.285970759412303,62
-1.2105249072599464,-1.498350246719193,-0.0743491883473068,-0.1434879155968454,-0.1242665388938497,1.2241438564120333,-0.9154123258550612,0.285970759412303,62
0.8680088450751643,0.8388234652712269,-0.7688565931411113,-0.1434879155968454,-0.1242665388938497,0.4114510851786828,-0.9154123258550612,0.285970759412303,71
0.6947976990472384,-0.1628224112960958,1.3841163617196826,-0.1434879155968454,1.3136126598306066,0.4114510851786828,0.3744424911473677,-1.060721191718906,69
1.3010367101449791,1.3396464035548885,1.453567102199063,-0.1434879155968454,-0.1242665388938497,-0.4012416860546675,1.6642973081497967,0.285970759412303,73
-0.6908914691761688,0.5049415064154527,-1.185561036017394,-0.1434879155968454,1.3136126598306066,0.4114510851786828,0.3744424911473677,-1.060721191718906,66
-1.3837360532878724,-1.8322322055749671,-0.1437999288266873,-0.1434879155968454,-0.1242665388938497,-0.4012416860546675,0.3744424911473677,0.285970759412303,61
-0.0846524580784281,-0.6636453495797573,0.4812567354877367,-0.1434879155968454,-0.1242665388938497,0.4114510851786828,1.6642973081497967,-1.060721191718906,64
-0.344469177120317,0.8388234652712269,1.453567102199063,-1.5755493330414962,-0.1242665388938497,1.2241438564120333,-0.9154123258550612,0.285970759412303,68
1.560853429186868,-1.3314092672913058,-1.1161102955380136,-0.1434879155968454,-1.5621457376183063,-0.4012416860546675,1.6642973081497967,1.632662710543512,67
-0.257863604106354,0.3380005269875655,-0.6299551121823505,-1.5755493330414962,-1.5621457376183063,0.4114510851786828,0.3744424911473677,-1.060721191718906,64
-0.9507081882180576,0.1710595475596783,0.6896089569258781,-0.1434879155968454,-0.1242665388938497,1.2241438564120333,0.3744424911473677,-1.060721191718906,64
-0.6908914691761688,-1.1644682878634187,-1.6022654788936768,1.2885735018478053,-1.5621457376183063,1.2241438564120333,-0.9154123258550612,1.632662710543512,65
-0.4310747501342799,0.8388234652712269,-0.6299551121823505,1.2885735018478053,1.3136126598306066,-1.213934457288018,-0.9154123258550612,-1.060721191718906,68
-0.5176803231482429,-0.329763390723983,1.1063133998021608,1.2885735018478053,-0.1242665388938497,-1.213934457288018,-0.9154123258550612,0.285970759412303,67
1.474247856172905,-1.9991731850028545,0.828510437884639,1.2885735018478053,-0.1242665388938497,-1.213934457288018,-0.9154123258550612,0.285970759412303,67
-0.6908914691761688,2.174351300694324,0.5507074759671171,-0.1434879155968454,1.3136126598306066,1.2241438564120333,-0.9154123258550612,-1.060721191718906,71
-0.9507081882180576,0.8388234652712269,-0.7688565931411113,-0.1434879155968454,-0.1242665388938497,-0.4012416860546675,1.6642973081497967,1.632662710543512,66
-0.257863604106354,-0.8305863290076444,-1.6022654788936768,-0.1434879155968454,-0.1242665388938497,-0.4012416860546675,0.3744424911473677,0.285970759412303,64
-0.0846524580784281,0.6718824858433398,1.6619193236372043,1.2885735018478053,-1.5621457376183063,0.4114510851786828,-0.9154123258550612,-1.060721191718906,68
1.6474590022008309,1.8404693418385496,-1.2550117764967743,-1.5755493330414962,-0.1242665388938497,-0.4012416860546675,1.6642973081497967,1.632662710543512,74
1.214431137131016,2.0074103212664367,-1.3939132574555355,1.2885735018478053,-0.1242665388938497,2.036836627645384,-0.9154123258550612,0.285970759412303,75
-0.5176803231482429,-0.1628224112960958,0.064552292611454,-0.1434879155968454,-0.1242665388938497,-0.4012416860546675,0.3744424911473677,1.632662710543512,66
1.1278255641170531,0.6718824858433398,-1.324462516976155,1.2885735018478053,-1.5621457376183063,-0.4012416860546675,0.3744424911473677,-1.060721191718906,69
-0.5176803231482429,0.1710595475596783,0.8979611783640193,-0.1434879155968454,-1.5621457376183063,-0.4012416860546675,0.3744424911473677,0.285970759412303,66
0.0885586879494977,-0.6636453495797573,0.6896089569258781,1.2885735018478053,-0.1242665388938497,0.4114510851786828,0.3744424911473677,-1.060721191718906,68
1.0412199911030902,1.1727054241270012,1.314665621240302,-0.1434879155968454,-0.1242665388938497,-0.4012416860546675,0.3744424911473677,-1.060721191718906,70
-1.2105249072599464,-0.6636453495797573,1.3841163617196826,-0.1434879155968454,-0.1242665388938497,-0.4012416860546675,0.3744424911473677,0.285970759412303,65
1.1278255641170531,-0.6636453495797573,-1.185561036017394,-0.1434879155968454,-0.1242665388938497,-0.4012416860546675,0.3744424911473677,1.632662710543512,70
-0.4310747501342799,0.3380005269875655,0.8979611783640193,-0.1434879155968454,-0.1242665388938497,-1.213934457288018,1.6642973081497967,-1.060721191718906,65
-1.037313761232021,1.005764444699114,1.0368626593227803,1.2885735018478053,-0.1242665388938497,2.036836627645384,-0.9154123258550612,-1.060721191718906,70
-0.344469177120317,-0.329763390723983,0.8979611783640193,-0.1434879155968454,-0.1242665388938497,-0.4012416860546675,0.3744424911473677,0.285970759412303,66
0.3483754069913866,2.341292280122211,1.3841163617196826,1.2885735018478053,-0.1242665388938497,-0.4012416860546675,1.6642973081497967,-1.060721191718906,73
-1.1239193342459837,0.6718824858433398,-0.7688565931411113,-0.1434879155968454,-0.1242665388938497,-0.4012416860546675,0.3744424911473677,-1.060721191718906,62
-1.6435527723297614,0.3380005269875655,0.6201582164464976,-0.1434879155968454,-0.1242665388938497,-1.213934457288018,1.6642973081497967,0.285970759412303,64
1.3010367101449791,-1.66529122614708,1.2452148807609216,1.2885735018478053,-0.1242665388938497,-1.213934457288018,-0.9154123258550612,-1.060721191718906,69
1.474247856172905,-0.329763390723983,0.064552292611454,1.2885735018478053,1.3136126598306066,-1.213934457288018,-0.9154123258550612,0.285970759412303,72
-0.5176803231482429,0.0041185681317912,-0.4216028907442091,1.2885735018478053,1.3136126598306066,0.4114510851786828,0.3744424911473677,1.632662710543512,68
-0.0846524580784281,0.3380005269875655,-0.8383073336204918,-0.1434879155968454,1.3136126598306066,-0.4012416860546675,-0.9154123258550612,0.285970759412303,68
1.7340645752147938,0.5049415064154527,-0.4216028907442091,-1.5755493330414962,1.3136126598306066,-1.213934457288018,1.6642973081497967,-1.060721191718906,72
0.1751642609634607,-0.4967043701518701,0.8979611783640193,-0.1434879155968454,1.3136126598306066,-0.4012416860546675,-0.9154123258550612,0.285970759412303,66
0.4349809800053495,-0.6636453495797573,0.2729045140495953,-1.5755493330414962,-0.1242665388938497,-0.4012416860546675,0.3744424911473677,1.632662710543512,66
1.1278255641170531,-1.1644682878634187,-1.6022654788936768,-0.1434879155968454,-0.1242665388938497,0.4114510851786828,0.3744424911473677,0.285970759412303,67
-1.5569471993157984,0.8388234652712269,-0.2827014097854482,-0.1434879155968454,1.3136126598306066,-1.213934457288018,-0.9154123258550612,-1.060721191718906,65
-0.6908914691761688,1.5065873829827754,-0.4910536312235896,-0.1434879155968454,-0.1242665388938497,-1.213934457288018,0.3744424911473677,-1.060721191718906,67
-0.8641026152040947,0.8388234652712269,0.6896089569258781,-0.1434879155968454,-0.1242665388938497,-0.4012416860546675,-0.9154123258550612,0.285970759412303,66
-1.730158345343724,0.3380005269875655,0.5507074759671171,-1.5755493330414962,-1.5621457376183063,1.2241438564120333,0.3744424911473677,0.285970759412303,62
-1.2971304802739094,0.1710595475596783,1.7313700641165848,-0.1434879155968454,-0.1242665388938497,1.2241438564120333,1.6642973081497967,0.285970759412303,67
-0.9507081882180576,-0.6636453495797573,-1.3939132574555355,1.2885735018478053,-0.1242665388938497,-0.4012416860546675,-0.9154123258550612,0.285970759412303,62
0.6081921260332754,-0.329763390723983,-1.2550117764967743,-1.5755493330414962,-1.5621457376183063,1.2241438564120333,-0.9154123258550612,1.632662710543512,66
1.1278255641170531,-0.1628224112960958,0.5507074759671171,-0.1434879155968454,-1.5621457376183063,-0.4012416860546675,-0.9154123258550612,0.285970759412303,69
1.474247856172905,-0.4967043701518701,-0.1437999288266873,-1.5755493330414962,-0.1242665388938497,-0.4012416860546675,0.3744424911473677,0.285970759412303,69
-0.257863604106354,-1.1644682878634187,-0.3521521502648286,-0.1434879155968454,-0.1242665388938497,1.2241438564120333,-0.9154123258550612,0.285970759412303,64
-0.257863604106354,-1.1644682878634187,0.5507074759671171,1.2885735018478053,-0.1242665388938497,-0.4012416860546675,1.6642973081497967,0.285970759412303,65
0.6081921260332754,0.5049415064154527,-1.1161102955380136,-1.5755493330414962,1.3136126598306066,2.036836627645384,-0.9154123258550612,0.285970759412303,70
-0.4310747501342799,1.6735283624106625,0.1340030330908344,-0.1434879155968454,-0.1242665388938497,-1.213934457288018,-0.9154123258550612,-1.060721191718906,67
-0.6042858961622058,-0.1628224112960958,-0.7688565931411113,-0.1434879155968454,-0.1242665388938497,2.036836627645384,0.3744424911473677,0.285970759412303,66
-1.3837360532878724,0.5049415064154527,1.3841163617196826,-1.5755493330414962,-0.1242665388938497,-0.4012416860546675,0.3744424911473677,-1.060721191718906,63
-0.9507081882180576,0.8388234652712269,-0.3521521502648286,-0.1434879155968454,-0.1242665388938497,-0.4012416860546675,-0.9154123258550612,1.632662710543512,65
-1.4703416263018354,0.1710595475596783,-1.046659555058633,-1.5755493330414962,1.3136126598306066,0.4114510851786828,1.6642973081497967,0.285970759412303,64
0.5215865530193126,3.0090561978337598,0.8979611783640193,-0.1434879155968454,1.3136126598306066,-0.4012416860546675,-0.9154123258550612,-1.060721191718906,74
-0.5176803231482429,2.174351300694324,0.8979611783640193,-0.1434879155968454,-0.1242665388938497,0.4114510851786828,0.3744424911473677,0.285970759412303,71
0.1751642609634607,-2.1661141644307413,-1.324462516976155,1.2885735018478053,1.3136126598306066,-1.213934457288018,-0.9154123258550612,-1.060721191718906,62
0.7814032720612014,-0.1628224112960958,0.8979611783640193,-0.1434879155968454,-0.1242665388938497,-0.4012416860546675,-0.9154123258550612,0.285970759412303,69
-0.257863604106354,-0.1628224112960958,0.8979611783640193,-0.1434879155968454,1.3136126598306066,1.2241438564120333,0.3744424911473677,-1.060721191718906,67
0.1751642609634607,-0.329763390723983,0.9674119188433998,-1.5755493330414962,1.3136126598306066,-1.213934457288018,0.3744424911473677,0.285970759412303,66
-1.2105249072599464,-0.9975273084355316,1.2452148807609216,-0.1434879155968454,-0.1242665388938497,-0.4012416860546675,-0.9154123258550612,0.285970759412303,62
0.5215865530193126,-0.6636453495797573,1.6619193236372043,1.2885735018478053,1.3136126598306066,2.036836627645384,0.3744424911473677,-1.060721191718906,72
-0.6908914691761688,-1.1644682878634187,-1.324462516976155,1.2885735018478053,-0.1242665388938497,-0.4012416860546675,1.6642973081497967,-1.060721191718906,64
1.7340645752147938,1.005764444699114,-0.0743491883473068,1.2885735018478053,-0.1242665388938497,-0.4012416860546675,-0.9154123258550612,0.285970759412303,74
1.474247856172905,0.5049415064154527,1.314665621240302,-1.5755493330414962,1.3136126598306066,0.4114510851786828,-0.9154123258550612,-1.060721191718906,73
0.9546144180891272,-0.9975273084355316,-0.9077580740998724,-0.1434879155968454,-0.1242665388938497,0.4114510851786828,0.3744424911473677,-1.060721191718906,68
-1.2971304802739094,-0.4967043701518701,-1.3939132574555355,-1.5755493330414962,-1.5621457376183063,0.4114510851786828,-0.9154123258550612,-1.060721191718906,61
-1.4703416263018354,-1.498350246719193,-1.3939132574555355,-0.1434879155968454,1.3136126598306066,1.2241438564120333,1.6642973081497967,1.632662710543512,62
-0.6042858961622058,-2.6669371027144027,1.5230178426784435,-0.1434879155968454,-1.5621457376183063,-0.4012416860546675,-0.9154123258550612,-1.060721191718906,60
1.0412199911030902,-0.1628224112960958,-0.3521521502648286,-0.1434879155968454,-1.5621457376183063,0.4114510851786828,0.3744424911473677,1.632662710543512,69
0.4349809800053495,-0.6636453495797573,0.6896089569258781,-0.1434879155968454,-1.5621457376183063,-0.4012416860546675,-0.9154123258550612,0.285970759412303,66
