Communication_Skills,CGPA,Prev_Sem_Result,IQ,Projects_Completed,Extra_Curricular_Score,Internship_Experience,Academic_Performance,Placement
-0.5483054353915534,-1.876551032343772,-1.694304099897201,0.765135393083266,-1.4681733166191775,-1.5759148960008476,1.2204302056910403,-0.8875112663966895,0
0.1440316905772939,-1.305339723146915,-1.1484576584167825,-1.8302693716304017,-0.3013697918819543,1.2765332794800484,-0.8193831940055707,-1.237483629099341,0
0.4902002535617175,1.4691152072378149,1.573865100358976,-0.7654879296965893,0.8654337328552689,-0.6250988375072156,-0.8193831940055707,-0.1875665409913863,0
-0.5483054353915534,0.6598991858756021,0.7032745734408403,2.029563355379668,-0.3013697918819543,-1.2589762098363035,-0.8193831940055707,0.5123781844139168,1
-0.894473998375977,-0.9925335300153032,-0.9204458537477468,0.0996469918746332,0.8654337328552689,-0.6250988375072156,-0.8193831940055707,-0.8875112663966895,0
-1.2406425613604006,-0.6117259905507327,-0.450603347157007,-0.9651344500591792,1.4488354952238804,-0.6250988375072156,-0.8193831940055707,-0.1875665409913863,0
-1.2406425613604006,-1.52974416604568,-1.569934024623182,1.2975261140501722,0.8654337328552689,0.0087785348218723,1.2204302056910403,1.5622952725218715,0
1.5287059425149885,-0.1765173740197948,0.1574281319604211,0.6320377128415394,-0.3013697918819543,-0.3081601513426716,1.2204302056910403,-1.5874559918019926,0
-1.2406425613604006,0.891103763407663,1.1869359772842487,-1.0316832901800423,-1.4681733166191775,-1.2589762098363035,-0.8193831940055707,-0.1875665409913863,0
-1.5868111243448242,-0.6185261251840285,-0.5957017683100296,0.2327446721163597,0.2820319704866573,-1.2589762098363035,1.2204302056910403,-1.237483629099341,0
1.1825373795305647,-0.3805214130186719,-0.6647962545733734,0.765135393083266,0.2820319704866573,0.9595945933155045,-0.8193831940055707,0.1624058217112652,1
-0.2021368724071297,-1.4957434928792006,-1.2659182850644677,0.6985865529624027,-0.3013697918819543,-1.2589762098363035,1.2204302056910403,1.21232290981922,0
-0.2021368724071297,-0.2717192588859373,-0.132768710345624,0.4323911924789496,0.8654337328552689,0.6426559071509603,1.2204302056910403,-0.8875112663966895,0
-1.5868111243448242,0.9319045712074387,1.0625659020102296,-0.1665483686088198,1.4488354952238804,0.6426559071509603,-0.8193831940055707,0.5123781844139168,0
1.5287059425149885,-0.3057199320524167,-0.5611545251783577,-0.0999995284879566,0.2820319704866573,0.6426559071509603,-0.8193831940055707,1.21232290981922,0
-0.2021368724071297,0.4626952815100214,0.4268966283874637,0.299293512237223,-0.8847715542505659,-0.6250988375072156,1.2204302056910403,0.5123781844139168,0
-1.2406425613604006,-0.4281223554517429,-0.6786151518260426,0.565488872720676,0.2820319704866573,0.6426559071509603,1.2204302056910403,-0.8875112663966895,0
1.5287059425149885,0.0886878766787459,-0.0014891864452699,-0.8320367698174526,1.4488354952238804,-0.3081601513426716,1.2204302056910403,0.8623505471165683,0
-0.894473998375977,-0.4213222208184471,-0.1604065048509617,0.299293512237223,-0.8847715542505659,0.9595945933155045,-0.8193831940055707,1.21232290981922,0
1.5287059425149885,1.0407067253401734,1.2007548745369172,-0.7654879296965893,0.2820319704866573,-1.5759148960008476,-0.8193831940055707,-0.8875112663966895,1
-0.2021368724071297,0.4354947429768371,0.7240029193198432,0.6320377128415394,1.4488354952238804,-0.9420375236717596,-0.8193831940055707,0.8623505471165683,0
0.4902002535617175,-0.0949157584202438,0.1159714402024149,0.765135393083266,0.8654337328552689,0.0087785348218723,-0.8193831940055707,1.5622952725218715,0
-0.2021368724071297,1.3535129184717845,1.6775068297539926,1.4971726344127618,0.2820319704866573,-1.5759148960008476,1.2204302056910403,1.21232290981922,1
1.5287059425149885,0.2246905693446642,-0.0429458782032767,0.1661958319954964,0.2820319704866573,0.9595945933155045,-0.8193831940055707,-1.237483629099341,0
1.5287059425149885,-1.4481425504461292,-1.5215678842388407,0.299293512237223,-1.4681733166191775,0.3257172209864163,-0.8193831940055707,1.5622952725218715,0
-1.5868111243448242,0.7006999936753779,0.7240029193198432,2.029563355379668,0.8654337328552689,0.6426559071509603,-0.8193831940055707,1.5622952725218715,1
-0.2021368724071297,-0.8021297602830183,-0.7615285353420557,-0.2330972087296831,0.2820319704866573,-1.2589762098363035,1.2204302056910403,0.5123781844139168,0
-0.5483054353915534,-0.7817293563831305,-0.7960757784737276,1.4971726344127618,0.8654337328552689,1.5934719656445924,-0.8193831940055707,-0.8875112663966895,0
1.5287059425149885,-0.0269144120872844,-0.0429458782032767,0.8982330733249925,0.8654337328552689,0.6426559071509603,-0.8193831940055707,-1.237483629099341,1
-1.2406425613604006,-1.11493595341463,-0.9964497886374256,-0.0334506883670933,-1.4681733166191775,0.3257172209864163,1.2204302056910403,1.21232290981922,0
-0.5483054353915534,0.1906898961781842,0.5236289091561446,1.0978795936875825,0.8654337328552689,1.2765332794800484,1.2204302056910403,0.5123781844139168,0
0.1440316905772939,-0.6865274715169879,-1.00335923726376,1.430623794291899,1.4488354952238804,1.2765332794800484,-0.8193831940055707,0.1624058217112652,0
-0.894473998375977,-0.1153161623201311,0.0261486080600677,0.4323911924789496,0.8654337328552689,1.5934719656445924,-0.8193831940055707,-0.8875112663966895,0
1.1825373795305647,-1.5093437621457928,-1.659756856765529,-0.5658414093339995,-0.8847715542505659,-1.2589762098363035,-0.8193831940055707,-1.5874559918019926,0
1.1825373795305647,1.9315243623019365,1.6567784838749886,-0.8320367698174526,0.2820319704866573,-1.2589762098363035,1.2204302056910403,0.8623505471165683,1
0.1440316905772939,-1.339340396313395,-1.5146584356125063,-0.2330972087296831,0.2820319704866573,-1.5759148960008476,1.2204302056910403,0.5123781844139168,0
0.4902002535617175,0.8979038980409587,0.931286378109876,-1.1647809704217689,0.2820319704866573,1.2765332794800484,-0.8193831940055707,0.8623505471165683,0
0.8363688165461411,1.367113187738376,1.0971131451419007,-0.1665483686088198,-1.4681733166191775,1.5934719656445924,1.2204302056910403,-1.237483629099341,0
-0.5483054353915534,-0.2513188549860494,-0.3400521691356563,0.9647819134458556,-0.8847715542505659,-0.3081601513426716,-0.8193831940055707,-0.5375389036940379,0
0.4902002535617175,0.3946939351770613,0.1159714402024149,-0.7654879296965893,1.4488354952238804,-1.2589762098363035,1.2204302056910403,-0.1875665409913863,0
-1.5868111243448242,1.210710091172571,1.1869359772842487,1.0978795936875825,-0.8847715542505659,-1.5759148960008476,-0.8193831940055707,-0.8875112663966895,0
-0.894473998375977,-1.1081358187813335,-1.3488316685804804,0.1661958319954964,-0.8847715542505659,0.0087785348218723,-0.8193831940055707,-0.1875665409913863,0
-1.2406425613604006,0.7415008014751525,0.9589241726152132,-0.4327437290922729,-1.4681733166191775,0.6426559071509603,1.2204302056910403,-0.1875665409913863,0
-1.2406425613604006,0.4898958200432045,0.3508926934977843,-0.0334506883670933,-0.8847715542505659,-1.5759148960008476,1.2204302056910403,-0.8875112663966895,0
-1.2406425613604006,0.6462989166090106,0.5443572550351486,-0.4327437290922729,0.2820319704866573,0.6426559071509603,1.2204302056910403,0.5123781844139168,0
-0.5483054353915534,-0.7205281446834674,-0.699343497705046,-1.7637205315095383,-0.3013697918819543,0.9595945933155045,-0.8193831940055707,0.8623505471165683,0
-1.2406425613604006,-0.0745153545203559,-0.049855326829611,0.6320377128415394,-1.4681733166191775,0.9595945933155045,1.2204302056910403,-1.237483629099341,0
0.8363688165461411,0.6870997244087852,0.6065422926721582,1.0978795936875825,-0.8847715542505659,-1.5759148960008476,-0.8193831940055707,1.5622952725218715,1
-0.2021368724071297,-1.6045456470119352,-1.7219418944025386,0.2327446721163597,1.4488354952238804,-0.6250988375072156,1.2204302056910403,1.5622952725218715,0
0.8363688165461411,0.0478870688789702,0.1850659264657588,0.0330981517537699,-0.8847715542505659,-0.6250988375072156,-0.8193831940055707,0.1624058217112652,0
0.1440316905772939,-0.5573249134843654,-0.2778671314986466,-0.1665483686088198,-0.8847715542505659,1.2765332794800484,-0.8193831940055707,-1.5874559918019926,0
-1.2406425613604006,-1.4413424158128334,-1.127729312537779,-1.6971716913886752,-0.3013697918819543,-1.2589762098363035,-0.8193831940055707,-1.237483629099341,0
-0.894473998375977,0.1838897615448884,0.364711590750454,0.0996469918746332,-0.3013697918819543,0.3257172209864163,-0.8193831940055707,0.1624058217112652,0
-0.5483054353915534,0.8503029556078872,0.7240029193198432,0.299293512237223,-0.3013697918819543,0.9595945933155045,-0.8193831940055707,-1.5874559918019926,0
0.8363688165461411,1.5099160150375908,1.4633139223376257,0.0996469918746332,0.2820319704866573,-1.2589762098363035,1.2204302056910403,-1.5874559918019926,1
0.1440316905772939,0.2518911078778479,0.2334320668500999,-0.8985856099383158,0.2820319704866573,-0.3081601513426716,-0.8193831940055707,-0.8875112663966895,0
-1.5868111243448242,1.373913322371673,1.1523887341525765,0.6320377128415394,-0.8847715542505659,-1.2589762098363035,-0.8193831940055707,1.5622952725218715,0
-0.894473998375977,0.5102962239430917,0.4752627687718047,0.0330981517537699,0.2820319704866573,0.6426559071509603,1.2204302056910403,0.8623505471165683,0
-0.894473998375977,1.0203063214402848,0.7170934706935089,0.2327446721163597,-0.8847715542505659,0.0087785348218723,1.2204302056910403,0.5123781844139168,0
-1.5868111243448242,1.210710091172571,1.2007548745369172,-0.0334506883670933,0.2820319704866573,-0.6250988375072156,-0.8193831940055707,-1.237483629099341,0
0.4902002535617175,-0.3193202013190088,-0.616430114189033,0.8316842332041292,0.2820319704866573,-0.9420375236717596,1.2204302056910403,-0.5375389036940379,0
0.4902002535617175,0.2178904347113679,0.2956171044871095,-0.698939089575726,-0.8847715542505659,1.2765332794800484,1.2204302056910403,-1.237483629099341,0
-1.2406425613604006,0.23149070397796,-0.0844025699612829,-1.430976330905222,0.8654337328552689,1.5934719656445924,-0.8193831940055707,0.1624058217112652,0
0.1440316905772939,0.5850977049093475,0.5581761522878171,0.3658423523580862,0.8654337328552689,1.2765332794800484,-0.8193831940055707,-0.1875665409913863,0
-0.894473998375977,-0.4213222208184471,-0.4298750012780036,-0.6323902494548628,-0.8847715542505659,0.9595945933155045,1.2204302056910403,-0.1875665409913863,0
1.5287059425149885,1.7343204579363556,1.5116800627219664,-0.5658414093339995,1.4488354952238804,1.5934719656445924,-0.8193831940055707,-0.8875112663966895,1
0.1440316905772939,-1.3529406655799865,-1.2935560795698051,0.6320377128415394,1.4488354952238804,-0.3081601513426716,-0.8193831940055707,0.1624058217112652,0
-0.2021368724071297,0.0614873381455623,0.1366997860814184,-0.0334506883670933,1.4488354952238804,1.2765332794800484,1.2204302056910403,1.21232290981922,0
1.1825373795305647,0.9795055136405104,0.8621918918465309,0.9647819134458556,0.2820319704866573,-0.9420375236717596,1.2204302056910403,-0.1875665409913863,1
-1.2406425613604006,-0.4213222208184471,-0.3538710663883254,0.0996469918746332,0.2820319704866573,-0.3081601513426716,-0.8193831940055707,0.5123781844139168,0
-0.894473998375977,1.530316418937478,1.242211566294924,1.8964656751379412,-0.3013697918819543,0.9595945933155045,1.2204302056910403,0.5123781844139168,1
-0.2021368724071297,0.5986979741759391,0.8276446487148595,-0.7654879296965893,-0.8847715542505659,0.9595945933155045,1.2204302056910403,1.5622952725218715,0
-1.2406425613604006,-0.9041317797824566,-1.2313710419327957,-0.9651344500591792,-1.4681733166191775,-0.6250988375072156,1.2204302056910403,0.5123781844139168,0
0.1440316905772939,1.435114534071336,1.4356761278322872,0.565488872720676,0.2820319704866573,0.6426559071509603,1.2204302056910403,0.8623505471165683,0
0.4902002535617175,-1.339340396313395,-1.5561151273705127,0.2327446721163597,-0.8847715542505659,0.0087785348218723,1.2204302056910403,1.5622952725218715,0
0.1440316905772939,0.8979038980409587,0.6341800871774953,0.2327446721163597,-0.8847715542505659,1.2765332794800484,-0.8193831940055707,0.1624058217112652,0
1.5287059425149885,0.5850977049093475,0.6410895358038308,-1.2313298105426322,-0.3013697918819543,-1.5759148960008476,-0.8193831940055707,0.5123781844139168,1
-0.2021368724071297,0.2654913771444394,0.081424197070743,0.299293512237223,0.2820319704866573,1.2765332794800484,-0.8193831940055707,0.8623505471165683,0
0.8363688165461411,0.2246905693446642,0.0123297108073985,0.4989400325998128,1.4488354952238804,0.6426559071509603,-0.8193831940055707,0.5123781844139168,0
0.1440316905772939,-1.6181459162785268,-1.53538678149151,0.3658423523580862,0.2820319704866573,1.5934719656445924,-0.8193831940055707,0.1624058217112652,0
-0.2021368724071297,0.7959018785415198,0.8691013404728651,1.0978795936875825,0.8654337328552689,1.5934719656445924,-0.8193831940055707,0.1624058217112652,1
0.1440316905772939,1.1019079370398364,0.813825751462191,-0.4992925692131362,1.4488354952238804,-0.3081601513426716,1.2204302056910403,-0.8875112663966895,0
-0.2021368724071297,0.4014940698103571,0.4130777311347951,0.299293512237223,0.2820319704866573,-0.9420375236717596,1.2204302056910403,-1.5874559918019926,0
-1.5868111243448242,0.564697301009459,0.6341800871774953,-0.7654879296965893,-1.4681733166191775,-0.3081601513426716,-0.8193831940055707,0.8623505471165683,0
-0.5483054353915534,0.0410869342456744,-0.2364104397406398,-2.0299158919929914,-1.4681733166191775,-1.5759148960008476,1.2204302056910403,-0.5375389036940379,0
-1.5868111243448242,-1.1897374343808846,-1.459382846601831,0.4989400325998128,0.2820319704866573,1.2765332794800484,-0.8193831940055707,1.5622952725218715,0
-0.894473998375977,1.9043238237687532,1.64295958662232,-1.430976330905222,0.2820319704866573,-1.2589762098363035,-0.8193831940055707,-0.8875112663966895,0
1.5287059425149885,-0.135716566220019,-0.0291269809506076,0.2327446721163597,-0.3013697918819543,-0.6250988375072156,-0.8193831940055707,1.21232290981922,0
1.1825373795305647,-0.9925335300153032,-0.733890740836718,-1.0982321303009055,-1.4681733166191775,-1.5759148960008476,1.2204302056910403,-0.5375389036940379,0
-1.5868111243448242,-0.1765173740197948,-0.0429458782032767,0.8982330733249925,1.4488354952238804,-0.6250988375072156,1.2204302056910403,0.5123781844139168,0
-1.2406425613604006,-0.1561169701199069,-0.1949537479826336,0.4989400325998128,1.4488354952238804,1.5934719656445924,-0.8193831940055707,-0.5375389036940379,0
-0.5483054353915534,0.5102962239430917,0.2057942723447622,-0.9651344500591792,0.8654337328552689,0.6426559071509603,-0.8193831940055707,-0.5375389036940379,0
1.1825373795305647,0.8163022824414083,0.7930974055831871,0.0996469918746332,-0.8847715542505659,0.6426559071509603,1.2204302056910403,0.1624058217112652,0
1.1825373795305647,1.9383244969352331,1.6775068297539926,-0.8985856099383158,1.4488354952238804,0.3257172209864163,-0.8193831940055707,0.1624058217112652,1
-0.2021368724071297,1.605117899903734,1.6775068297539926,0.4323911924789496,0.8654337328552689,0.0087785348218723,1.2204302056910403,-1.237483629099341,0
-0.5483054353915534,0.8027020131748168,0.8414635459675281,-0.8320367698174526,-0.3013697918819543,1.2765332794800484,1.2204302056910403,1.5622952725218715,0
1.1825373795305647,1.462315072604519,1.2629399121739269,0.4989400325998128,0.8654337328552689,-1.5759148960008476,1.2204302056910403,0.1624058217112652,1
-0.2021368724071297,-0.4689231632515186,-0.167315953477296,-1.0316832901800423,0.2820319704866573,1.2765332794800484,-0.8193831940055707,-1.237483629099341,0
1.5287059425149885,-1.692947397244782,-1.4870206411071687,0.9647819134458556,0.8654337328552689,-0.3081601513426716,-0.8193831940055707,0.1624058217112652,1
1.5287059425149885,1.169909283372795,1.4425855764586215,1.430623794291899,0.2820319704866573,0.0087785348218723,1.2204302056910403,0.1624058217112652,1
1.5287059425149885,0.952304975107326,1.0211092102522228,-0.4992925692131362,-0.8847715542505659,1.5934719656445924,1.2204302056910403,0.8623505471165683,0
-0.5483054353915534,0.0818877420454502,0.3025265531134438,0.6320377128415394,1.4488354952238804,-1.2589762098363035,-0.8193831940055707,-1.5874559918019926,0
-0.894473998375977,1.4487148033379276,1.553136754479972,-0.3661948889714096,-1.4681733166191775,-0.6250988375072156,-0.8193831940055707,-0.8875112663966895,0
0.4902002535617175,-0.1289164315867232,0.1574281319604211,-1.3644274907843588,0.2820319704866573,-0.3081601513426716,-0.8193831940055707,0.5123781844139168,0
0.1440316905772939,-0.2717192588859373,-0.0360364295769419,-0.698939089575726,0.2820319704866573,0.0087785348218723,1.2204302056910403,-0.8875112663966895,0
-0.894473998375977,-1.0605348763482627,-0.8789891619897406,-0.5658414093339995,-1.4681733166191775,0.3257172209864163,-0.8193831940055707,1.21232290981922,0
-1.2406425613604006,-0.441722624718335,-0.1811348507299651,0.299293512237223,0.2820319704866573,0.3257172209864163,1.2204302056910403,-1.237483629099341,0
1.5287059425149885,-0.5029238364179981,-0.450603347157007,2.029563355379668,-0.8847715542505659,-1.5759148960008476,-0.8193831940055707,-0.8875112663966895,0
1.1825373795305647,0.5306966278429802,0.6687273303091679,-1.0316832901800423,0.2820319704866573,-0.3081601513426716,-0.8193831940055707,-0.5375389036940379,1
1.1825373795305647,-1.1489366265811094,-1.252099387811799,0.565488872720676,-0.3013697918819543,1.2765332794800484,-0.8193831940055707,0.5123781844139168,0
0.8363688165461411,-1.3121398577802117,-1.2313710419327957,-2.2295624123555813,0.2820319704866573,0.9595945933155045,-0.8193831940055707,-1.237483629099341,0
-0.2021368724071297,-1.2169379729140684,-1.00335923726376,1.8299168350170785,0.2820319704866573,-0.9420375236717596,-0.8193831940055707,-1.237483629099341,0
0.4902002535617175,-0.7409285485833547,-0.6647962545733734,-0.0999995284879566,-0.8847715542505659,-0.9420375236717596,-0.8193831940055707,0.8623505471165683,0
1.5287059425149885,-0.7749292217498347,-0.7546190867157208,-1.6306228512678118,1.4488354952238804,-1.2589762098363035,-0.8193831940055707,1.5622952725218715,0
0.4902002535617175,0.4694954161433172,0.2403415154764342,-1.2978786506634954,1.4488354952238804,-0.3081601513426716,1.2204302056910403,-0.5375389036940379,0
-0.2021368724071297,-0.8361304334494978,-1.1208198639114448,-0.9651344500591792,0.2820319704866573,-0.9420375236717596,1.2204302056910403,-0.1875665409913863,0
-1.5868111243448242,1.31271211067201,1.4909517168429625,0.8982330733249925,-0.8847715542505659,0.3257172209864163,1.2204302056910403,-0.5375389036940379,0
0.4902002535617175,0.068287472778858,0.34398324487145,1.2309772739293088,0.2820319704866573,0.6426559071509603,-0.8193831940055707,0.1624058217112652,0
-1.5868111243448242,-0.4077219515518556,-0.2640482342459775,1.0978795936875825,0.2820319704866573,-0.9420375236717596,-0.8193831940055707,1.5622952725218715,0
1.5287059425149885,0.9795055136405104,0.7240029193198432,0.0330981517537699,0.8654337328552689,0.9595945933155045,-0.8193831940055707,-0.8875112663966895,1
-1.2406425613604006,0.2178904347113679,0.1366997860814184,-1.4975251710260853,1.4488354952238804,-0.3081601513426716,1.2204302056910403,-0.1875665409913863,0
-1.5868111243448242,-0.8157300295496098,-0.5887923196836954,-0.8985856099383158,0.2820319704866573,0.0087785348218723,-0.8193831940055707,-1.5874559918019926,0
1.5287059425149885,1.8703231506022733,1.684416278380327,-0.2330972087296831,0.8654337328552689,-0.9420375236717596,1.2204302056910403,-1.237483629099341,1
-0.5483054353915534,0.5918978395426433,0.8000068542095213,0.1661958319954964,-1.4681733166191775,1.5934719656445924,-0.8193831940055707,0.8623505471165683,0
-1.2406425613604006,-0.7885294910164262,-0.5266072820466857,-0.1665483686088198,1.4488354952238804,-0.6250988375072156,-0.8193831940055707,1.5622952725218715,0
0.8363688165461411,0.9795055136405104,0.7309123679461774,-0.4327437290922729,-0.3013697918819543,-0.9420375236717596,-0.8193831940055707,-1.5874559918019926,1
0.8363688165461411,0.5782975702760518,0.5374478064088143,0.0996469918746332,1.4488354952238804,-1.5759148960008476,1.2204302056910403,-0.5375389036940379,1
-0.2021368724071297,-1.590945377745343,-1.3971978089648216,-0.6323902494548628,0.8654337328552689,-1.2589762098363035,1.2204302056910403,0.5123781844139168,0
0.8363688165461411,1.2311104950724585,1.0349281075048913,1.4971726344127618,0.2820319704866573,0.0087785348218723,1.2204302056910403,1.5622952725218715,1
1.1825373795305647,-0.7749292217498347,-1.0655442749007695,1.0978795936875825,1.4488354952238804,-0.9420375236717596,-0.8193831940055707,0.1624058217112652,1
1.1825373795305647,1.6391185730702127,1.5254989599746351,1.0978795936875825,0.8654337328552689,-1.5759148960008476,-0.8193831940055707,1.5622952725218715,1
-0.894473998375977,-1.08093528024815,-1.1484576584167825,0.9647819134458556,-0.3013697918819543,0.9595945933155045,-0.8193831940055707,-1.237483629099341,0
0.8363688165461411,-0.2309184510861615,0.1021525429497458,-0.2996460488505464,0.8654337328552689,-1.5759148960008476,-0.8193831940055707,0.5123781844139168,0
-1.5868111243448242,1.7819214003694273,1.477132819590294,0.1661958319954964,-1.4681733166191775,-0.6250988375072156,-0.8193831940055707,-1.5874559918019926,0
-1.2406425613604006,0.0546872035122665,0.2403415154764342,0.6320377128415394,-0.8847715542505659,-0.6250988375072156,1.2204302056910403,1.5622952725218715,0
-0.2021368724071297,0.0750876074121538,0.1297903374550835,1.3640749541710353,0.8654337328552689,0.3257172209864163,-0.8193831940055707,-1.237483629099341,0
1.5287059425149885,1.1427087448396125,0.8276446487148595,0.4989400325998128,-0.3013697918819543,1.5934719656445924,-0.8193831940055707,-0.8875112663966895,1
-1.2406425613604006,1.0475068599734692,0.882920237725535,-1.8968182117512649,1.4488354952238804,-0.9420375236717596,1.2204302056910403,0.8623505471165683,0
0.1440316905772939,-0.6593269329838043,-0.333142720509322,1.1644284338084456,1.4488354952238804,-0.3081601513426716,1.2204302056910403,1.21232290981922,0
1.1825373795305647,0.9183043019408472,1.0211092102522228,-1.0316832901800423,1.4488354952238804,0.9595945933155045,-0.8193831940055707,-0.1875665409913863,1
-1.2406425613604006,1.3263123799386014,1.0487470047575609,0.565488872720676,-0.3013697918819543,-1.5759148960008476,1.2204302056910403,0.8623505471165683,0
1.5287059425149885,1.3195122453053056,1.2767588094265967,0.565488872720676,-0.3013697918819543,0.0087785348218723,-0.8193831940055707,0.8623505471165683,1
0.1440316905772939,-0.0949157584202438,0.1781564778394246,-0.8320367698174526,1.4488354952238804,-0.6250988375072156,1.2204302056910403,1.21232290981922,0
0.8363688165461411,-0.0677152198870601,-0.0774931213349487,-0.2996460488505464,-0.3013697918819543,0.9595945933155045,-0.8193831940055707,-0.8875112663966895,0
1.5287059425149885,0.925104436574143,0.9174674808572064,-0.5658414093339995,-0.8847715542505659,0.0087785348218723,-0.8193831940055707,1.21232290981922,0
0.4902002535617175,-1.6181459162785268,-1.3626505658331496,-0.5658414093339995,-1.4681733166191775,1.2765332794800484,-0.8193831940055707,1.21232290981922,0
1.1825373795305647,-0.2105180471862742,-0.1120403644666206,-1.0982321303009055,0.8654337328552689,0.0087785348218723,1.2204302056910403,0.1624058217112652,0
0.1440316905772939,0.5850977049093475,0.7792785083305185,1.6968191547753515,-1.4681733166191775,-0.9420375236717596,-0.8193831940055707,0.1624058217112652,0
0.4902002535617175,-1.6861472626114862,-1.5630245759968475,0.8982330733249925,0.8654337328552689,-0.3081601513426716,1.2204302056910403,-1.237483629099341,0
-0.2021368724071297,1.258311033605643,1.2698493608002612,-0.2330972087296831,-0.8847715542505659,-0.6250988375072156,-0.8193831940055707,1.21232290981922,0
0.8363688165461411,1.6799193808699884,1.3942194360742817,-0.4992925692131362,1.4488354952238804,-0.9420375236717596,-0.8193831940055707,1.5622952725218715,1
1.1825373795305647,1.4759153418711106,1.3734910901952777,-1.2978786506634954,-1.4681733166191775,1.5934719656445924,1.2204302056910403,-0.5375389036940379,0
-0.5483054353915534,-0.5233242403178859,-0.6095206655626981,-1.5640740111469489,0.2820319704866573,0.9595945933155045,-0.8193831940055707,0.8623505471165683,0
-0.2021368724071297,-0.1833175086530905,-0.2571387856196432,-1.0982321303009055,-1.4681733166191775,-0.3081601513426716,-0.8193831940055707,-1.237483629099341,0
-0.5483054353915534,1.4487148033379276,1.387309987447946,1.6968191547753515,-0.8847715542505659,-0.3081601513426716,-0.8193831940055707,-1.237483629099341,0
-1.5868111243448242,-1.2645389153471398,-1.0309970317690975,0.299293512237223,0.8654337328552689,0.6426559071509603,-0.8193831940055707,-1.5874559918019926,0
1.1825373795305647,-1.3733410694798744,-1.6044812677548537,-1.2978786506634954,0.8654337328552689,-0.3081601513426716,-0.8193831940055707,-0.5375389036940379,0
-0.894473998375977,-0.4485227593516308,-0.1189498130929549,0.4989400325998128,0.8654337328552689,0.6426559071509603,-0.8193831940055707,-0.1875665409913863,0
-1.5868111243448242,0.3538931273772868,0.3508926934977843,-0.4327437290922729,0.2820319704866573,1.2765332794800484,-0.8193831940055707,1.21232290981922,0
-0.2021368724071297,-0.9313323183156402,-1.141548209790448,1.430623794291899,-0.8847715542505659,1.5934719656445924,1.2204302056910403,-1.5874559918019926,0
-0.5483054353915534,-1.998953455743098,-1.728851343028873,-0.0999995284879566,-1.4681733166191775,1.5934719656445924,-0.8193831940055707,1.5622952725218715,0
-0.5483054353915534,-0.5369245095844775,-0.5058789361676823,-0.4327437290922729,0.8654337328552689,0.0087785348218723,-0.8193831940055707,-0.5375389036940379,0
0.8363688165461411,0.7143002629419695,1.0625659020102296,-0.1665483686088198,1.4488354952238804,0.9595945933155045,1.2204302056910403,0.5123781844139168,1
-1.5868111243448242,-0.747728683216651,-0.7822568812210584,-0.0999995284879566,0.8654337328552689,0.9595945933155045,-0.8193831940055707,-1.5874559918019926,0
1.5287059425149885,0.1090882805786338,0.0952430943234115,-1.4975251710260853,0.2820319704866573,-0.3081601513426716,-0.8193831940055707,-0.8875112663966895,0
-1.2406425613604006,1.0271064560735803,1.2283926690422555,1.3640749541710353,-0.8847715542505659,0.0087785348218723,-0.8193831940055707,-1.5874559918019926,0
1.5287059425149885,-1.5977455123786397,-1.5492056787441784,-0.3661948889714096,1.4488354952238804,-0.6250988375072156,1.2204302056910403,0.5123781844139168,0
0.4902002535617175,-0.6321263944506206,-0.6095206655626981,-1.1647809704217689,-0.3013697918819543,0.3257172209864163,-0.8193831940055707,-0.8875112663966895,0
-0.2021368724071297,0.7551010707417453,0.8760107890992007,1.0313307535667189,0.2820319704866573,-0.3081601513426716,-0.8193831940055707,-0.8875112663966895,1
0.4902002535617175,-1.1693370304809974,-1.100091518032441,-0.3661948889714096,-0.8847715542505659,-0.9420375236717596,-0.8193831940055707,-0.8875112663966895,0
-1.5868111243448242,1.435114534071336,1.2145737717895857,0.0996469918746332,1.4488354952238804,0.0087785348218723,-0.8193831940055707,0.1624058217112652,0
-0.894473998375977,1.659518976970101,1.4702233709639596,-1.2978786506634954,-1.4681733166191775,-0.3081601513426716,-0.8193831940055707,-1.5874559918019926,0
0.1440316905772939,-0.6865274715169879,-0.934264751000416,-0.6323902494548628,-0.3013697918819543,1.2765332794800484,1.2204302056910403,1.5622952725218715,0
-1.2406425613604006,0.537496762476276,0.7447312651988459,0.4989400325998128,-0.3013697918819543,0.3257172209864163,1.2204302056910403,-0.5375389036940379,0
1.5287059425149885,-1.2985395885136193,-1.2728277336908016,-0.5658414093339995,1.4488354952238804,1.5934719656445924,-0.8193831940055707,-1.5874559918019926,0
1.1825373795305647,-0.9109319144157524,-0.7753474325947242,-0.2996460488505464,-0.8847715542505659,-1.5759148960008476,1.2204302056910403,0.8623505471165683,0
-1.2406425613604006,-1.4481425504461292,-1.376469463085818,-1.0316832901800423,-0.3013697918819543,0.3257172209864163,1.2204302056910403,-0.8875112663966895,0
-0.894473998375977,1.4691152072378149,1.7051446242593296,1.430623794291899,1.4488354952238804,0.3257172209864163,-0.8193831940055707,-0.1875665409913863,1
-0.5483054353915534,-0.9245321836823444,-0.6924340490787112,-0.1665483686088198,0.2820319704866573,-1.5759148960008476,-0.8193831940055707,0.5123781844139168,0
1.5287059425149885,1.7411205925696511,1.6498690352486542,0.6320377128415394,0.2820319704866573,0.0087785348218723,1.2204302056910403,-1.237483629099341,1
-0.894473998375977,1.5847174960038453,1.6498690352486542,-1.4975251710260853,-0.3013697918819543,1.5934719656445924,-0.8193831940055707,-1.237483629099341,0
-0.2021368724071297,0.4762955507766129,0.3785304880031225,2.0961121955005315,0.8654337328552689,0.0087785348218723,-0.8193831940055707,1.21232290981922,1
-0.2021368724071297,0.1634893576450005,0.2127037209710965,0.4989400325998128,-0.8847715542505659,-1.5759148960008476,1.2204302056910403,-0.5375389036940379,0
1.1825373795305647,1.2855115721388255,1.0487470047575609,1.5637214745336252,0.2820319704866573,1.5934719656445924,1.2204302056910403,1.5622952725218715,1
0.4902002535617175,1.2039099565392752,1.311306052558268,-0.4992925692131362,0.2820319704866573,-0.3081601513426716,1.2204302056910403,-0.8875112663966895,0
-0.2021368724071297,-1.0741351456148542,-1.1968237988011234,-0.0334506883670933,1.4488354952238804,0.9595945933155045,1.2204302056910403,-0.5375389036940379,0
0.4902002535617175,-1.5433444353122725,-1.252099387811799,-0.4327437290922729,0.2820319704866573,1.5934719656445924,-0.8193831940055707,-0.8875112663966895,0
1.5287059425149885,-1.8221499552774043,-1.5422962301178442,0.8982330733249925,-0.3013697918819543,-1.2589762098363035,-0.8193831940055707,0.5123781844139168,1
-0.2021368724071297,0.2518911078778479,-0.0844025699612829,-0.0334506883670933,-0.8847715542505659,0.6426559071509603,-0.8193831940055707,-1.5874559918019926,0
1.1825373795305647,0.2382908386112558,0.4476249742664664,0.4989400325998128,1.4488354952238804,-1.5759148960008476,1.2204302056910403,0.1624058217112652,0
-0.5483054353915534,-1.2985395885136193,-1.2382804905591298,0.1661958319954964,1.4488354952238804,-1.5759148960008476,1.2204302056910403,-0.5375389036940379,0
-1.5868111243448242,1.0883076677732448,1.0971131451419007,-0.8320367698174526,0.2820319704866573,-0.9420375236717596,-0.8193831940055707,-0.8875112663966895,0
1.5287059425149885,-0.972133126115416,-1.224461593306461,-0.3661948889714096,1.4488354952238804,0.3257172209864163,-0.8193831940055707,0.8623505471165683,0
1.5287059425149885,1.7751212657361315,1.5807745489853104,-2.0299158919929914,-1.4681733166191775,-0.3081601513426716,-0.8193831940055707,-0.1875665409913863,0
-0.894473998375977,-1.4141418772796497,-1.632119062260191,0.565488872720676,-1.4681733166191775,1.2765332794800484,1.2204302056910403,-0.5375389036940379,0
-0.2021368724071297,-0.5097239710512939,-0.4022372067726659,-2.362660092597308,-1.4681733166191775,1.5934719656445924,-0.8193831940055707,0.5123781844139168,0
1.5287059425149885,0.23149070397796,0.0330580566864019,1.1644284338084456,0.2820319704866573,1.5934719656445924,1.2204302056910403,-1.5874559918019926,1
0.1440316905772939,-1.3937414733797615,-1.5975718191285195,-0.3661948889714096,0.2820319704866573,0.0087785348218723,-0.8193831940055707,0.1624058217112652,0
1.1825373795305647,1.2991118414054172,1.0141997616258884,0.0330981517537699,0.8654337328552689,0.6426559071509603,1.2204302056910403,-0.8875112663966895,1
0.8363688165461411,-1.5025436275124964,-1.3902883603384872,-1.3644274907843588,-0.8847715542505659,1.2765332794800484,-0.8193831940055707,-0.5375389036940379,0
-1.2406425613604006,0.6938998590420822,0.4683533201454705,-0.0999995284879566,1.4488354952238804,-0.9420375236717596,-0.8193831940055707,0.5123781844139168,0
0.1440316905772939,0.7891017439082241,0.9520147239888788,1.0313307535667189,-0.8847715542505659,1.5934719656445924,-0.8193831940055707,-1.5874559918019926,0
-0.5483054353915534,-0.0881156237869474,-0.3884183095199974,2.229209875742258,0.2820319704866573,-1.2589762098363035,1.2204302056910403,1.21232290981922,0
-0.5483054353915534,1.2311104950724585,1.2491210149212584,0.0330981517537699,0.2820319704866573,-0.9420375236717596,1.2204302056910403,1.5622952725218715,0
1.1825373795305647,-0.0677152198870601,0.0883336456970773,-3.2277950141685303,-0.3013697918819543,-0.3081601513426716,-0.8193831940055707,0.8623505471165683,0
1.5287059425149885,0.8979038980409587,0.9865619671205512,0.3658423523580862,1.4488354952238804,1.5934719656445924,1.2204302056910403,-1.237483629099341,1
1.5287059425149885,-1.5161438967790886,-1.3695600144594835,-1.2978786506634954,0.2820319704866573,-1.5759148960008476,-0.8193831940055707,-1.237483629099341,0
1.5287059425149885,0.1838897615448884,-0.1258592617192898,0.565488872720676,-0.3013697918819543,1.2765332794800484,-0.8193831940055707,-0.8875112663966895,0
0.4902002535617175,-0.6321263944506206,-0.3953277581463316,-0.9651344500591792,-1.4681733166191775,-0.6250988375072156,-0.8193831940055707,-0.5375389036940379,0
-1.2406425613604006,0.6190983780758263,0.6756367789355021,0.4323911924789496,-0.8847715542505659,-1.5759148960008476,-0.8193831940055707,-1.237483629099341,0
-0.5483054353915534,-1.590945377745343,-1.3695600144594835,0.0330981517537699,-0.3013697918819543,1.2765332794800484,-0.8193831940055707,0.5123781844139168,0
-1.5868111243448242,0.0410869342456744,0.0054202621810642,1.6302703146544884,-0.8847715542505659,-1.2589762098363035,1.2204302056910403,0.1624058217112652,0
-1.5868111243448242,0.3742935312771741,0.3578021421241197,-0.4992925692131362,0.8654337328552689,0.6426559071509603,1.2204302056910403,0.8623505471165683,0
-0.894473998375977,-0.4961237017847023,-0.7408001894630523,0.2327446721163597,1.4488354952238804,0.0087785348218723,1.2204302056910403,-0.5375389036940379,0
-1.5868111243448242,-1.6181459162785268,-1.53538678149151,0.4323911924789496,0.8654337328552689,1.5934719656445924,-0.8193831940055707,-0.8875112663966895,0
0.8363688165461411,1.4759153418711106,1.3043966039319337,-1.2313298105426322,0.8654337328552689,-1.5759148960008476,-0.8193831940055707,-0.5375389036940379,1
-0.2021368724071297,-0.1561169701199069,0.0606958511917396,0.0996469918746332,-0.3013697918819543,-1.5759148960008476,1.2204302056910403,-1.5874559918019926,0
1.1825373795305647,1.2855115721388255,1.0694753506365635,0.1661958319954964,0.2820319704866573,0.9595945933155045,-0.8193831940055707,-0.8875112663966895,1
-1.5868111243448242,0.4082942044436541,0.0952430943234115,-0.4327437290922729,-0.3013697918819543,-0.3081601513426716,1.2204302056910403,-0.5375389036940379,0
1.5287059425149885,0.1566892230117048,0.34398324487145,1.7633679948962149,0.2820319704866573,-1.5759148960008476,-0.8193831940055707,-0.1875665409913863,1
1.5287059425149885,1.530316418937478,1.6982351756329954,0.565488872720676,-1.4681733166191775,0.3257172209864163,-0.8193831940055707,0.8623505471165683,0
0.1440316905772939,0.4014940698103571,0.7309123679461774,-0.1665483686088198,-0.8847715542505659,0.0087785348218723,1.2204302056910403,0.1624058217112652,0
1.1825373795305647,0.9795055136405104,1.0487470047575609,-1.2978786506634954,0.8654337328552689,-0.3081601513426716,-0.8193831940055707,0.8623505471165683,1
0.4902002535617175,-0.6525267983505079,-0.8582608161107372,0.6320377128415394,-1.4681733166191775,0.0087785348218723,1.2204302056910403,-0.1875665409913863,0
-0.5483054353915534,-1.196537569014181,-1.445563949349162,-0.2330972087296831,-0.8847715542505659,-1.5759148960008476,-0.8193831940055707,-0.1875665409913863,0
1.5287059425149885,1.1223083409397236,1.0418375561312254,0.3658423523580862,1.4488354952238804,1.5934719656445924,-0.8193831940055707,-0.5375389036940379,1
-0.5483054353915534,0.7075001283086737,0.7378218165725117,0.0996469918746332,0.8654337328552689,0.6426559071509603,-0.8193831940055707,-0.5375389036940379,0
-1.2406425613604006,0.8299025517079999,1.1592981827789115,0.0996469918746332,1.4488354952238804,1.2765332794800484,1.2204302056910403,-1.5874559918019926,0
-0.5483054353915534,-0.5641250481176612,-0.3884183095199974,-0.6323902494548628,-1.4681733166191775,1.5934719656445924,1.2204302056910403,-0.8875112663966895,0
-0.5483054353915534,0.23149070397796,0.2127037209710965,-0.4992925692131362,-0.3013697918819543,0.6426559071509603,-0.8193831940055707,0.8623505471165683,0
0.1440316905772939,-0.0337145467205801,-0.1811348507299651,0.4323911924789496,-0.8847715542505659,-1.2589762098363035,1.2204302056910403,0.5123781844139168,0
1.5287059425149885,-0.1289164315867232,0.1574281319604211,-0.3661948889714096,-0.3013697918819543,0.3257172209864163,-0.8193831940055707,-1.237483629099341,0
0.4902002535617175,-0.8225301641829056,-0.9964497886374256,-1.430976330905222,-1.4681733166191775,1.5934719656445924,1.2204302056910403,-0.5375389036940379,0
0.4902002535617175,1.0679072638733564,1.2836682580529308,0.3658423523580862,0.8654337328552689,0.9595945933155045,-0.8193831940055707,-0.5375389036940379,0
-1.2406425613604006,0.4762955507766129,0.3508926934977843,0.4989400325998128,0.2820319704866573,0.0087785348218723,-0.8193831940055707,-0.1875665409913863,0
-1.2406425613604006,0.5238964932096845,0.3992588338821253,0.6985865529624027,0.8654337328552689,1.5934719656445924,-0.8193831940055707,-0.1875665409913863,0
0.8363688165461411,-1.4617428197127211,-1.17609545292212,0.8982330733249925,0.8654337328552689,0.6426559071509603,1.2204302056910403,-1.237483629099341,1
1.5287059425149885,1.31271211067201,1.1385698368999075,0.1661958319954964,-0.8847715542505659,0.6426559071509603,-0.8193831940055707,-0.1875665409913863,0
0.1440316905772939,0.8435028209745914,0.8414635459675281,-2.2295624123555813,1.4488354952238804,1.5934719656445924,-0.8193831940055707,-0.1875665409913863,0
-0.894473998375977,-1.4957434928792006,-1.2797371823171366,0.565488872720676,-0.3013697918819543,-1.5759148960008476,-0.8193831940055707,0.5123781844139168,0
0.4902002535617175,-0.4349224900850392,-0.2571387856196432,0.6320377128415394,-1.4681733166191775,1.5934719656445924,1.2204302056910403,1.5622952725218715,0
0.4902002535617175,0.503496089309796,0.482172217398139,-1.4975251710260853,0.2820319704866573,-0.9420375236717596,-0.8193831940055707,1.21232290981922,0
-0.894473998375977,0.4898958200432045,0.2472509641027684,0.6320377128415394,0.8654337328552689,0.6426559071509603,1.2204302056910403,0.1624058217112652,0
0.8363688165461411,-1.1489366265811094,-1.2866466309434708,-0.698939089575726,-1.4681733166191775,0.3257172209864163,-0.8193831940055707,-0.5375389036940379,0
-1.2406425613604006,1.605117899903734,1.4149477819532843,-0.0334506883670933,-0.8847715542505659,-0.6250988375072156,-0.8193831940055707,0.8623505471165683,0
-0.2021368724071297,1.0883076677732448,1.242211566294924,-2.362660092597308,-1.4681733166191775,0.0087785348218723,-0.8193831940055707,0.5123781844139168,0
1.1825373795305647,0.5714974356427548,0.7170934706935089,0.4323911924789496,0.2820319704866573,-1.5759148960008476,-0.8193831940055707,-1.5874559918019926,1
-0.894473998375977,-1.0265342031817832,-0.927355302374081,0.8316842332041292,1.4488354952238804,-0.9420375236717596,-0.8193831940055707,-1.5874559918019926,0
1.1825373795305647,-1.5025436275124964,-1.4248356034701593,-0.698939089575726,-0.3013697918819543,-0.6250988375072156,-0.8193831940055707,-1.5874559918019926,0
-0.5483054353915534,-0.6661270676171,-0.3953277581463316,1.2309772739293088,-1.4681733166191775,-0.6250988375072156,-0.8193831940055707,0.1624058217112652,0
-1.2406425613604006,-0.4621230286182229,-0.3400521691356563,0.2327446721163597,0.8654337328552689,-0.6250988375072156,-0.8193831940055707,-0.5375389036940379,0
0.8363688165461411,-0.1289164315867232,-0.0567647754559453,1.1644284338084456,-1.4681733166191775,-0.9420375236717596,-0.8193831940055707,1.21232290981922,0
-1.2406425613604006,0.503496089309796,0.6756367789355021,0.4323911924789496,-1.4681733166191775,-0.9420375236717596,-0.8193831940055707,0.5123781844139168,0
0.4902002535617175,-0.9789332607487118,-1.1968237988011234,-1.8302693716304017,-0.8847715542505659,-1.5759148960008476,-0.8193831940055707,0.8623505471165683,0
1.1825373795305647,-0.2513188549860494,-0.367689963640994,-0.3661948889714096,1.4488354952238804,1.2765332794800484,1.2204302056910403,-0.8875112663966895,0
-1.5868111243448242,-0.7205281446834674,-0.9135364051214124,-1.3644274907843588,0.2820319704866573,0.9595945933155045,-0.8193831940055707,0.5123781844139168,0
1.1825373795305647,1.2311104950724585,1.4702233709639596,-0.1665483686088198,-1.4681733166191775,-1.5759148960008476,-0.8193831940055707,0.1624058217112652,0
-1.5868111243448242,0.9659052443739176,0.9036485836045376,1.0978795936875825,-0.8847715542505659,-0.3081601513426716,-0.8193831940055707,-1.237483629099341,0
-0.894473998375977,-0.3465207398521925,-0.3884183095199974,-0.4327437290922729,-0.3013697918819543,0.6426559071509603,-0.8193831940055707,-1.237483629099341,0
1.5287059425149885,-1.1829372997475889,-1.0931820694061072,-2.895050813564214,-0.8847715542505659,-1.5759148960008476,-0.8193831940055707,-1.237483629099341,0
-0.894473998375977,-0.6865274715169879,-1.0379064803954317,1.1644284338084456,0.8654337328552689,-1.2589762098363035,-0.8193831940055707,0.1624058217112652,0
1.5287059425149885,-0.1017158930535396,0.0537864025654053,0.9647819134458556,-0.8847715542505659,-0.3081601513426716,-0.8193831940055707,0.5123781844139168,0
1.5287059425149885,0.8299025517079999,0.9727430698678816,-1.2978786506634954,0.2820319704866573,-0.9420375236717596,-0.8193831940055707,-0.5375389036940379,1
0.8363688165461411,-0.1017158930535396,-0.1051309158402863,0.0996469918746332,-0.3013697918819543,-1.2589762098363035,-0.8193831940055707,-1.5874559918019926,0
0.4902002535617175,1.9383244969352331,1.6291406893696514,-0.4327437290922729,-0.3013697918819543,0.0087785348218723,1.2204302056910403,0.5123781844139168,0
-1.5868111243448242,-0.7409285485833547,-0.8582608161107372,0.2327446721163597,-0.8847715542505659,0.3257172209864163,-0.8193831940055707,0.8623505471165683,0
1.5287059425149885,0.1566892230117048,0.3301643476187815,-1.2978786506634954,-0.3013697918819543,-0.6250988375072156,-0.8193831940055707,-1.237483629099341,0
-0.894473998375977,-0.2241183164528657,-0.450603347157007,-1.0982321303009055,1.4488354952238804,0.0087785348218723,-0.8193831940055707,1.21232290981922,0
1.1825373795305647,-1.3937414733797615,-1.2382804905591298,-0.8985856099383158,0.2820319704866573,0.0087785348218723,1.2204302056910403,1.21232290981922,0
1.5287059425149885,-0.8225301641829056,-0.5611545251783577,0.6985865529624027,-0.3013697918819543,0.0087785348218723,-0.8193831940055707,0.8623505471165683,0
-1.5868111243448242,-0.135716566220019,-0.2985954773776501,0.8316842332041292,-0.8847715542505659,-0.9420375236717596,1.2204302056910403,-0.5375389036940379,0
0.4902002535617175,-0.9109319144157524,-0.7891663298473933,-0.6323902494548628,-1.4681733166191775,1.2765332794800484,1.2204302056910403,1.21232290981922,0
-0.894473998375977,-1.386941338746466,-1.4732017438544995,0.1661958319954964,-0.8847715542505659,0.0087785348218723,-0.8193831940055707,-1.237483629099341,0
0.1440316905772939,1.8703231506022733,1.6222312407433173,-0.8320367698174526,-0.3013697918819543,0.3257172209864163,-0.8193831940055707,-0.1875665409913863,0
0.1440316905772939,0.2110903000780721,0.0745147484444081,-1.2313298105426322,-0.8847715542505659,0.9595945933155045,-0.8193831940055707,-0.5375389036940379,0
0.1440316905772939,-0.8361304334494978,-0.616430114189033,-1.1647809704217689,1.4488354952238804,-0.9420375236717596,-0.8193831940055707,-0.8875112663966895,0
0.4902002535617175,1.3535129184717845,1.6982351756329954,0.6985865529624027,0.2820319704866573,-1.2589762098363035,-0.8193831940055707,0.5123781844139168,0
-0.5483054353915534,0.8707033595077757,0.9243769294835406,-0.9651344500591792,0.2820319704866573,0.0087785348218723,-0.8193831940055707,-1.237483629099341,0
0.4902002535617175,-1.121736088047926,-0.8858986106160749,0.299293512237223,0.2820319704866573,1.5934719656445924,1.2204302056910403,1.21232290981922,0
-0.2021368724071297,1.4963157457709992,1.4149477819532843,0.299293512237223,0.2820319704866573,1.5934719656445924,1.2204302056910403,-0.1875665409913863,0
1.1825373795305647,-0.2377185857194579,-0.4920600389150132,2.029563355379668,-0.3013697918819543,0.0087785348218723,1.2204302056910403,1.5622952725218715,1
0.4902002535617175,1.0407067253401734,1.1592981827789115,0.565488872720676,-0.8847715542505659,1.2765332794800484,-0.8193831940055707,-1.5874559918019926,0
-0.2021368724071297,0.2246905693446642,0.1436092347077526,0.0996469918746332,1.4488354952238804,0.9595945933155045,1.2204302056910403,-1.5874559918019926,0
0.4902002535617175,-0.7749292217498347,-0.9480836482530844,0.1661958319954964,-0.3013697918819543,0.9595945933155045,-0.8193831940055707,-1.237483629099341,0
-0.2021368724071297,-0.1629171047532026,-0.0913120185876172,0.4323911924789496,0.2820319704866573,1.5934719656445924,-0.8193831940055707,0.1624058217112652,0
0.4902002535617175,0.9727053790072144,1.242211566294924,-0.1665483686088198,0.2820319704866573,0.9595945933155045,-0.8193831940055707,-0.1875665409913863,0
0.4902002535617175,1.3875135916382646,1.3527627443162749,0.4323911924789496,0.2820319704866573,-0.3081601513426716,1.2204302056910403,0.5123781844139168,0
-0.2021368724071297,1.632318438436917,1.5393178572273036,-1.0316832901800423,-0.8847715542505659,1.5934719656445924,-0.8193831940055707,-0.1875665409913863,0
0.1440316905772939,-1.0129339339151913,-0.8444419188580686,2.428856396104848,0.8654337328552689,1.5934719656445924,1.2204302056910403,-1.5874559918019926,0
0.1440316905772939,0.9931057829071018,1.297487155305599,0.8316842332041292,-0.8847715542505659,-0.3081601513426716,-0.8193831940055707,-1.5874559918019926,0
1.5287059425149885,0.7687013400083368,0.7101840220671747,0.299293512237223,-1.4681733166191775,0.3257172209864163,-0.8193831940055707,-0.5375389036940379,0
1.1825373795305647,-1.339340396313395,-1.2382804905591298,-0.0334506883670933,1.4488354952238804,1.2765332794800484,1.2204302056910403,0.5123781844139168,0
1.5287059425149885,0.8299025517079999,0.7378218165725117,0.6320377128415394,0.8654337328552689,1.2765332794800484,-0.8193831940055707,-1.237483629099341,1
1.1825373795305647,-1.3937414733797615,-1.2935560795698051,-1.7637205315095383,-0.3013697918819543,0.3257172209864163,-0.8193831940055707,-0.8875112663966895,0
1.5287059425149885,-0.3397206052188961,-0.1949537479826336,0.6985865529624027,0.8654337328552689,-0.6250988375072156,1.2204302056910403,-0.1875665409913863,0
0.4902002535617175,1.7615209964695389,1.553136754479972,-0.6323902494548628,-0.3013697918819543,-0.6250988375072156,-0.8193831940055707,1.5622952725218715,0
-0.894473998375977,1.3195122453053056,1.4287666792059528,1.0313307535667189,0.8654337328552689,0.9595945933155045,1.2204302056910403,-0.8875112663966895,1
0.4902002535617175,-1.121736088047926,-0.8997175078687434,0.565488872720676,-0.3013697918819543,0.6426559071509603,1.2204302056910403,1.5622952725218715,0
0.1440316905772939,0.8231024170747041,0.7240029193198432,-2.362660092597308,1.4488354952238804,0.3257172209864163,1.2204302056910403,0.8623505471165683,0
-1.2406425613604006,-0.7817293563831305,-0.8789891619897406,-0.4327437290922729,0.2820319704866573,-0.3081601513426716,-0.8193831940055707,0.1624058217112652,0
1.5287059425149885,-0.3193202013190088,-0.568063973804692,1.0978795936875825,-1.4681733166191775,-1.5759148960008476,-0.8193831940055707,0.1624058217112652,0
-1.2406425613604006,-0.1425167008533148,-0.0222175323242733,0.1661958319954964,1.4488354952238804,0.0087785348218723,-0.8193831940055707,-0.5375389036940379,0
-1.5868111243448242,-0.3193202013190088,-0.4298750012780036,-0.4992925692131362,0.8654337328552689,0.6426559071509603,-0.8193831940055707,0.1624058217112652,0
0.8363688165461411,-1.6045456470119352,-1.694304099897201,0.0996469918746332,0.8654337328552689,0.6426559071509603,-0.8193831940055707,0.5123781844139168,0
-0.2021368724071297,-1.5977455123786397,-1.7150324457762045,0.2327446721163597,-0.3013697918819543,0.9595945933155045,1.2204302056910403,-1.237483629099341,0
-0.894473998375977,-0.9789332607487118,-0.9204458537477468,1.4971726344127618,-0.3013697918819543,0.3257172209864163,-0.8193831940055707,0.1624058217112652,0
-0.894473998375977,1.4827154765044075,1.5393178572273036,1.0313307535667189,-1.4681733166191775,0.3257172209864163,-0.8193831940055707,0.8623505471165683,0
1.5287059425149885,1.9383244969352331,1.6982351756329954,0.6985865529624027,-1.4681733166191775,-0.6250988375072156,-0.8193831940055707,-0.5375389036940379,0
-0.5483054353915534,-0.4553228939849265,-0.7477096380893865,1.4971726344127618,1.4488354952238804,0.9595945933155045,-0.8193831940055707,-1.237483629099341,0
0.8363688165461411,-1.896951436243659,-1.6735757540181977,0.0330981517537699,-0.3013697918819543,0.6426559071509603,1.2204302056910403,0.8623505471165683,0
-0.894473998375977,-0.7273282793167631,-0.4367844499043378,-1.1647809704217689,-0.8847715542505659,0.9595945933155045,-0.8193831940055707,1.5622952725218715,0
-0.2021368724071297,1.2515108989723456,1.4909517168429625,-0.4992925692131362,0.2820319704866573,1.5934719656445924,1.2204302056910403,0.1624058217112652,0
-0.894473998375977,-0.8157300295496098,-0.8098946757263961,-0.8320367698174526,0.2820319704866573,-0.9420375236717596,-0.8193831940055707,1.5622952725218715,0
-0.2021368724071297,-1.278139184613731,-1.1691860042957858,-2.0299158919929914,0.2820319704866573,1.2765332794800484,1.2204302056910403,0.1624058217112652,0
-0.2021368724071297,0.9931057829071018,1.076384799262898,-0.2996460488505464,-0.3013697918819543,-0.3081601513426716,1.2204302056910403,-1.5874559918019926,0
1.5287059425149885,-0.3669211437520798,-0.2778671314986466,0.2327446721163597,1.4488354952238804,1.5934719656445924,1.2204302056910403,1.5622952725218715,0
1.5287059425149885,1.0203063214402848,0.6963651248145049,-0.0999995284879566,-0.3013697918819543,1.5934719656445924,1.2204302056910403,-0.1875665409913863,1
-0.894473998375977,-1.3325402616800988,-1.528477332865175,-0.2330972087296831,1.4488354952238804,0.0087785348218723,1.2204302056910403,-1.237483629099341,0
-1.5868111243448242,1.31271211067201,1.4080383333269502,-0.7654879296965893,-1.4681733166191775,0.9595945933155045,-0.8193831940055707,1.5622952725218715,0
-0.2021368724071297,-0.3533208744854882,-0.1465876075982926,0.8982330733249925,-0.3013697918819543,0.3257172209864163,-0.8193831940055707,-1.5874559918019926,0
-0.5483054353915534,0.4218944737102456,0.7032745734408403,-1.6971716913886752,-0.8847715542505659,-0.3081601513426716,-0.8193831940055707,-0.5375389036940379,0
1.1825373795305647,1.081507533139948,1.0902036965155666,-1.0982321303009055,0.2820319704866573,-1.2589762098363035,-0.8193831940055707,0.1624058217112652,1
1.5287059425149885,0.6122982434425306,0.8207352000885253,0.6985865529624027,0.2820319704866573,0.9595945933155045,-0.8193831940055707,-1.237483629099341,1
-1.2406425613604006,0.5714974356427548,0.5581761522878171,-0.0334506883670933,0.8654337328552689,-1.2589762098363035,-0.8193831940055707,-1.5874559918019926,0
1.5287059425149885,0.7755014746416325,1.1316603882735734,-0.1665483686088198,-0.3013697918819543,0.9595945933155045,1.2204302056910403,1.5622952725218715,1
-0.2021368724071297,0.564697301009459,0.627270638551161,1.6968191547753515,1.4488354952238804,-1.2589762098363035,1.2204302056910403,0.8623505471165683,1
0.1440316905772939,0.0274866649790829,-0.2156820938616371,-0.8320367698174526,-0.3013697918819543,-1.2589762098363035,1.2204302056910403,-0.8875112663966895,0
0.8363688165461411,-1.162536895847701,-1.2037332474274578,1.0978795936875825,-1.4681733166191775,-0.3081601513426716,1.2204302056910403,-0.5375389036940379,0
0.4902002535617175,-0.2649191242526415,-0.2778671314986466,0.2327446721163597,0.8654337328552689,-1.5759148960008476,-0.8193831940055707,-0.1875665409913863,0
-1.5868111243448242,1.0407067253401734,1.3251249498109363,-0.0334506883670933,-0.3013697918819543,-0.3081601513426716,-0.8193831940055707,-0.5375389036940379,0
-0.894473998375977,1.917924093035345,1.684416278380327,-1.4975251710260853,-0.3013697918819543,-1.2589762098363035,1.2204302056910403,0.1624058217112652,0
-1.5868111243448242,-1.7405483396778536,-1.528477332865175,0.8316842332041292,0.2820319704866573,-0.9420375236717596,1.2204302056910403,-0.1875665409913863,0
0.4902002535617175,0.8367026863412956,0.5374478064088143,1.3640749541710353,-1.4681733166191775,0.9595945933155045,-0.8193831940055707,1.5622952725218715,0
0.8363688165461411,-1.4209420119129454,-1.2313710419327957,-1.8302693716304017,-1.4681733166191775,1.2765332794800484,-0.8193831940055707,-0.5375389036940379,0
1.1825373795305647,0.5170963585763875,0.647998984430165,0.1661958319954964,-0.3013697918819543,-0.6250988375072156,-0.8193831940055707,-1.5874559918019926,1
-1.5868111243448242,-1.3121398577802117,-1.1139104152851105,-1.2313298105426322,-0.8847715542505659,1.2765332794800484,-0.8193831940055707,0.1624058217112652,0
-1.5868111243448242,-0.0813154891536517,-0.1396781589719583,-2.2295624123555813,1.4488354952238804,0.0087785348218723,-0.8193831940055707,-0.5375389036940379,0
0.4902002535617175,1.2243103604391623,1.193845425910583,0.4323911924789496,-1.4681733166191775,-1.5759148960008476,-0.8193831940055707,-0.8875112663966895,0
-0.5483054353915534,-1.815349820644108,-1.5837529218758504,2.561954076346574,0.2820319704866573,1.2765332794800484,-0.8193831940055707,-1.5874559918019926,0
0.8363688165461411,-1.101335684148038,-0.7891663298473933,0.6320377128415394,-0.3013697918819543,-1.2589762098363035,1.2204302056910403,1.5622952725218715,0
-0.5483054353915534,1.1291084755730194,0.8276446487148595,-0.1665483686088198,-0.8847715542505659,0.3257172209864163,-0.8193831940055707,1.21232290981922,0
1.1825373795305647,-0.4485227593516308,-0.2985954773776501,-1.0316832901800423,-0.3013697918819543,1.5934719656445924,-0.8193831940055707,1.21232290981922,0
0.8363688165461411,-1.611345781645231,-1.7357607916552078,0.3658423523580862,1.4488354952238804,0.0087785348218723,1.2204302056910403,0.1624058217112652,0
0.4902002535617175,0.7755014746416325,0.76545961107785,0.0996469918746332,-1.4681733166191775,-1.5759148960008476,1.2204302056910403,-0.5375389036940379,0
-0.894473998375977,1.0067060521736932,0.8483729945938624,-0.0334506883670933,-0.8847715542505659,1.5934719656445924,-0.8193831940055707,0.8623505471165683,0
1.5287059425149885,-1.4141418772796497,-1.2313710419327957,1.5637214745336252,-0.3013697918819543,0.3257172209864163,1.2204302056910403,0.1624058217112652,1
1.5287059425149885,0.3742935312771741,0.6065422926721582,-0.7654879296965893,1.4488354952238804,-1.5759148960008476,1.2204302056910403,-1.237483629099341,1
-1.2406425613604006,-1.1897374343808846,-1.0240875831427632,-0.5658414093339995,0.8654337328552689,-0.9420375236717596,1.2204302056910403,-0.5375389036940379,0
-1.2406425613604006,1.3535129184717845,1.5254989599746351,0.9647819134458556,1.4488354952238804,-0.6250988375072156,1.2204302056910403,-0.1875665409913863,1
1.5287059425149885,1.115508206306428,0.7861879569568527,-1.430976330905222,-0.3013697918819543,1.5934719656445924,1.2204302056910403,0.5123781844139168,1
-0.5483054353915534,-1.2033377036474768,-1.53538678149151,-0.698939089575726,-0.3013697918819543,0.0087785348218723,1.2204302056910403,0.1624058217112652,0
-1.2406425613604006,0.4626952815100214,0.8069163028358556,-1.8968182117512649,0.2820319704866573,-1.2589762098363035,-0.8193831940055707,1.21232290981922,0
-0.5483054353915534,-0.2105180471862742,-0.1396781589719583,1.2975261140501722,0.8654337328552689,-1.2589762098363035,1.2204302056910403,0.1624058217112652,0
-1.2406425613604006,0.0886878766787459,0.1712470292130903,1.9630145152588048,1.4488354952238804,-0.3081601513426716,-0.8193831940055707,-0.1875665409913863,0
-0.2021368724071297,0.8571030902411829,0.7309123679461774,0.8316842332041292,-0.3013697918819543,-0.6250988375072156,-0.8193831940055707,-0.5375389036940379,1
-0.5483054353915534,-0.7341284139500589,-0.9549930968794188,1.6302703146544884,-1.4681733166191775,0.6426559071509603,1.2204302056910403,0.1624058217112652,0
-0.5483054353915534,0.952304975107326,0.7447312651988459,-0.1665483686088198,-0.8847715542505659,0.0087785348218723,-0.8193831940055707,0.1624058217112652,0
-0.2021368724071297,-2.0125537250096897,-1.70812299714987,-0.1665483686088198,-0.3013697918819543,0.6426559071509603,-0.8193831940055707,0.1624058217112652,0
-1.5868111243448242,-1.4141418772796497,-1.5837529218758504,-0.4992925692131362,-0.8847715542505659,0.9595945933155045,1.2204302056910403,1.5622952725218715,0
-1.2406425613604006,1.4419146687046318,1.64295958662232,0.9647819134458556,-0.8847715542505659,1.2765332794800484,-0.8193831940055707,-1.237483629099341,0
0.1440316905772939,1.5711172267372535,1.3942194360742817,-0.0334506883670933,0.8654337328552689,0.3257172209864163,-0.8193831940055707,0.1624058217112652,0
0.4902002535617175,1.0951078024065406,1.2560304635475923,-1.1647809704217689,-0.3013697918819543,0.6426559071509603,1.2204302056910403,-1.237483629099341,0
1.5287059425149885,0.8367026863412956,1.0902036965155666,-0.2996460488505464,1.4488354952238804,-0.6250988375072156,-0.8193831940055707,-0.5375389036940379,1
0.4902002535617175,-0.8089298949163141,-0.5058789361676823,-0.4327437290922729,-0.8847715542505659,-1.5759148960008476,1.2204302056910403,-0.1875665409913863,0
-0.894473998375977,-1.8289500899107003,-1.53538678149151,-0.3661948889714096,1.4488354952238804,-1.2589762098363035,-0.8193831940055707,-0.5375389036940379,0
-1.5868111243448242,-1.2101378382807726,-1.328103322701477,0.765135393083266,-1.4681733166191775,-1.5759148960008476,1.2204302056910403,-0.5375389036940379,0
-1.5868111243448242,1.3195122453053056,1.2491210149212584,-0.8320367698174526,1.4488354952238804,-1.5759148960008476,-0.8193831940055707,-0.5375389036940379,0
0.4902002535617175,0.1430889537451133,-0.132768710345624,-0.0999995284879566,0.2820319704866573,0.0087785348218723,1.2204302056910403,-0.8875112663966895,0
-0.2021368724071297,1.1019079370398364,0.8276446487148595,-0.698939089575726,1.4488354952238804,1.2765332794800484,-0.8193831940055707,0.5123781844139168,0
-0.5483054353915534,-1.5229440314123843,-1.452473397975497,-1.3644274907843588,0.8654337328552689,1.2765332794800484,-0.8193831940055707,0.8623505471165683,0
1.1825373795305647,1.0475068599734692,1.332034398437272,-1.0982321303009055,-1.4681733166191775,0.0087785348218723,1.2204302056910403,1.5622952725218715,0
0.1440316905772939,-0.3873215476519677,-0.7062529463313802,-3.893283415377163,1.4488354952238804,1.5934719656445924,1.2204302056910403,-1.237483629099341,0
0.4902002535617175,0.4082942044436541,0.3578021421241197,0.9647819134458556,0.8654337328552689,0.0087785348218723,1.2204302056910403,1.21232290981922,1
0.8363688165461411,-1.6045456470119352,-1.6528474081391948,0.4323911924789496,0.2820319704866573,0.9595945933155045,1.2204302056910403,1.5622952725218715,0
0.1440316905772939,0.8163022824414083,0.7585501624515157,0.6985865529624027,-1.4681733166191775,-1.5759148960008476,1.2204302056910403,0.8623505471165683,0
0.1440316905772939,-0.3873215476519677,-0.5818828710573605,-1.8968182117512649,1.4488354952238804,0.9595945933155045,-0.8193831940055707,0.8623505471165683,0
1.5287059425149885,0.5170963585763875,0.5719950495404856,-0.698939089575726,1.4488354952238804,-1.5759148960008476,1.2204302056910403,-0.1875665409913863,1
-0.5483054353915534,-1.2373383768139563,-1.17609545292212,0.1661958319954964,-1.4681733166191775,-1.5759148960008476,1.2204302056910403,0.5123781844139168,0
-0.894473998375977,1.2175102258058668,1.2560304635475923,-0.7654879296965893,0.8654337328552689,0.9595945933155045,-0.8193831940055707,-1.5874559918019926,0
0.4902002535617175,-0.5437246442177732,-0.7200718435840489,0.299293512237223,-0.3013697918819543,-1.2589762098363035,-0.8193831940055707,-0.1875665409913863,0
0.4902002535617175,-1.4549426850794254,-1.5422962301178442,0.4323911924789496,1.4488354952238804,0.3257172209864163,-0.8193831940055707,-1.5874559918019926,0
1.1825373795305647,-1.0537347417149665,-0.7546190867157208,-0.4327437290922729,-0.8847715542505659,-0.6250988375072156,1.2204302056910403,0.1624058217112652,0
-0.2021368724071297,-0.2513188549860494,-0.132768710345624,1.0313307535667189,-0.8847715542505659,-0.3081601513426716,-0.8193831940055707,0.5123781844139168,0
0.4902002535617175,-0.972133126115416,-0.927355302374081,-1.6306228512678118,0.8654337328552689,-1.5759148960008476,1.2204302056910403,1.5622952725218715,0
-0.894473998375977,-0.7205281446834674,-0.53351673067302,1.2309772739293088,-0.3013697918819543,1.5934719656445924,1.2204302056910403,-0.8875112663966895,0
1.5287059425149885,0.4082942044436541,0.5374478064088143,1.1644284338084456,0.2820319704866573,-0.9420375236717596,1.2204302056910403,0.1624058217112652,1
1.5287059425149885,0.4082942044436541,0.647998984430165,-0.0999995284879566,-0.8847715542505659,1.5934719656445924,-0.8193831940055707,-1.237483629099341,0
0.8363688165461411,-0.0881156237869474,0.1436092347077526,0.9647819134458556,0.2820319704866573,0.9595945933155045,1.2204302056910403,-0.1875665409913863,1
-1.2406425613604006,-0.8021297602830183,-0.6095206655626981,1.2309772739293088,-1.4681733166191775,-0.6250988375072156,-0.8193831940055707,1.21232290981922,0
-1.5868111243448242,1.7547208618362429,1.5462273058536378,-0.5658414093339995,0.8654337328552689,1.5934719656445924,-0.8193831940055707,0.1624058217112652,0
1.1825373795305647,0.4762955507766129,0.3992588338821253,1.1644284338084456,0.8654337328552689,-0.6250988375072156,1.2204302056910403,-1.5874559918019926,1
0.1440316905772939,-1.0877354148814464,-0.9619025455057536,-0.0334506883670933,-0.3013697918819543,-0.6250988375072156,-0.8193831940055707,-0.1875665409913863,0
1.5287059425149885,1.2243103604391623,0.8967391349782035,-0.4327437290922729,-0.3013697918819543,1.5934719656445924,-0.8193831940055707,-1.5874559918019926,1
1.1825373795305647,1.815922073535906,1.5807745489853104,2.8281494368300275,0.2820319704866573,0.9595945933155045,-0.8193831940055707,0.1624058217112652,1
1.1825373795305647,-0.3057199320524167,-0.616430114189033,0.299293512237223,-0.3013697918819543,0.6426559071509603,-0.8193831940055707,-1.5874559918019926,0
0.8363688165461411,-1.5977455123786397,-1.5215678842388407,0.8982330733249925,-0.3013697918819543,1.2765332794800484,1.2204302056910403,0.8623505471165683,1
0.4902002535617175,-1.11493595341463,-1.3902883603384872,1.2309772739293088,-0.3013697918819543,0.9595945933155045,1.2204302056910403,-1.5874559918019926,0
1.5287059425149885,-1.1897374343808846,-1.141548209790448,-0.2330972087296831,-0.3013697918819543,-1.2589762098363035,-0.8193831940055707,0.1624058217112652,0
0.4902002535617175,-1.2985395885136193,-1.53538678149151,0.565488872720676,1.4488354952238804,-0.3081601513426716,1.2204302056910403,0.8623505471165683,0
-1.5868111243448242,-0.1425167008533148,-0.0774931213349487,-0.0999995284879566,0.8654337328552689,0.0087785348218723,-0.8193831940055707,0.1624058217112652,0
-0.894473998375977,-1.427742146546242,-1.694304099897201,-0.0334506883670933,-0.8847715542505659,-0.3081601513426716,-0.8193831940055707,-0.5375389036940379,0
-0.894473998375977,1.1835095526393868,1.4149477819532843,0.565488872720676,0.8654337328552689,0.9595945933155045,-0.8193831940055707,0.5123781844139168,0
-0.894473998375977,-1.1829372997475889,-1.459382846601831,-0.3661948889714096,-1.4681733166191775,1.5934719656445924,1.2204302056910403,0.5123781844139168,0
-0.5483054353915534,1.543916688204071,1.5047706140956325,0.0996469918746332,0.2820319704866573,1.2765332794800484,-0.8193831940055707,-0.8875112663966895,0
0.4902002535617175,1.27871143750553,1.4080383333269502,-0.4327437290922729,-0.3013697918819543,-1.5759148960008476,-0.8193831940055707,0.1624058217112652,0
0.8363688165461411,0.1294886844785211,-0.1396781589719583,1.0978795936875825,-0.8847715542505659,-0.9420375236717596,-0.8193831940055707,-1.5874559918019926,0
0.1440316905772939,1.2039099565392752,0.9381958267362104,-0.4992925692131362,0.2820319704866573,1.2765332794800484,-0.8193831940055707,0.5123781844139168,0
0.8363688165461411,-0.2853195281525288,-0.0360364295769419,0.299293512237223,-0.8847715542505659,1.2765332794800484,-0.8193831940055707,-1.237483629099341,0
0.4902002535617175,0.2926919156776231,0.6341800871774953,2.0961121955005315,-0.8847715542505659,0.3257172209864163,-0.8193831940055707,0.1624058217112652,0
-0.894473998375977,-1.5841452431120473,-1.7012135485235351,-0.8985856099383158,0.8654337328552689,0.0087785348218723,1.2204302056910403,-0.8875112663966895,0
-1.5868111243448242,-0.0065140081873971,-0.0360364295769419,2.029563355379668,0.8654337328552689,0.9595945933155045,1.2204302056910403,-0.8875112663966895,0
-0.5483054353915534,-1.4005416080130582,-1.5906623705021845,-1.2313298105426322,0.8654337328552689,-0.3081601513426716,1.2204302056910403,-1.5874559918019926,0
0.8363688165461411,1.0475068599734692,1.3043966039319337,-1.3644274907843588,-0.8847715542505659,-0.9420375236717596,-0.8193831940055707,-0.1875665409913863,0
-1.5868111243448242,0.4014940698103571,0.1366997860814184,0.1661958319954964,0.2820319704866573,0.0087785348218723,-0.8193831940055707,0.1624058217112652,0
-0.5483054353915534,0.9795055136405104,0.7309123679461774,-1.430976330905222,0.2820319704866573,-0.3081601513426716,-0.8193831940055707,-0.8875112663966895,0
1.5287059425149885,1.169909283372795,1.1731170800315802,1.1644284338084456,-0.3013697918819543,0.3257172209864163,1.2204302056910403,-0.8875112663966895,1
1.1825373795305647,0.1294886844785211,-0.0567647754559453,0.9647819134458556,0.8654337328552689,0.3257172209864163,-0.8193831940055707,0.8623505471165683,1
-0.2021368724071297,-0.4621230286182229,-0.8098946757263961,0.565488872720676,-0.8847715542505659,-0.3081601513426716,1.2204302056910403,-0.5375389036940379,0
0.1440316905772939,-1.1421364919478136,-1.335012771327812,0.299293512237223,1.4488354952238804,0.0087785348218723,-0.8193831940055707,1.5622952725218715,0
-0.2021368724071297,-0.4553228939849265,-0.3538710663883254,-0.1665483686088198,-1.4681733166191775,0.3257172209864163,1.2204302056910403,0.5123781844139168,0
0.1440316905772939,-0.951732722215528,-0.9135364051214124,-0.0334506883670933,-0.8847715542505659,1.5934719656445924,1.2204302056910403,1.5622952725218715,0
0.4902002535617175,0.8367026863412956,0.7240029193198432,0.1661958319954964,0.2820319704866573,1.2765332794800484,-0.8193831940055707,-0.5375389036940379,0
-0.5483054353915534,-1.2305382421806603,-1.5906623705021845,-0.2330972087296831,-0.3013697918819543,0.0087785348218723,-0.8193831940055707,-0.5375389036940379,0
1.5287059425149885,0.9727053790072144,1.242211566294924,0.4989400325998128,0.8654337328552689,-0.9420375236717596,-0.8193831940055707,0.5123781844139168,1
-1.5868111243448242,-0.21731818181957,0.0468769539390705,-1.0982321303009055,-0.8847715542505659,0.6426559071509603,-0.8193831940055707,1.21232290981922,0
-0.894473998375977,0.6666993205088979,0.6065422926721582,1.0313307535667189,-0.8847715542505659,1.2765332794800484,-0.8193831940055707,-1.237483629099341,0
-0.2021368724071297,-0.1085160276868353,-0.0291269809506076,0.565488872720676,1.4488354952238804,-0.6250988375072156,1.2204302056910403,0.8623505471165683,0
-1.5868111243448242,0.3266925888441025,0.3094360017397787,-0.6323902494548628,0.2820319704866573,-0.6250988375072156,1.2204302056910403,0.5123781844139168,0
-1.5868111243448242,1.7411205925696511,1.684416278380327,0.2327446721163597,0.8654337328552689,-0.9420375236717596,-0.8193831940055707,-0.1875665409913863,0
-0.5483054353915534,-0.6253262598173243,-0.6371584600680358,0.565488872720676,-0.8847715542505659,1.5934719656445924,1.2204302056910403,-1.237483629099341,0
-0.5483054353915534,1.407913995538152,1.449495025084957,0.9647819134458556,0.8654337328552689,1.2765332794800484,-0.8193831940055707,-0.5375389036940379,1
-1.5868111243448242,0.4014940698103571,0.2057942723447622,-1.0982321303009055,0.2820319704866573,0.3257172209864163,1.2204302056910403,-0.5375389036940379,0
-0.894473998375977,-1.4005416080130582,-1.1622765556694516,1.430623794291899,1.4488354952238804,-1.2589762098363035,-0.8193831940055707,0.1624058217112652,0
1.1825373795305647,0.2178904347113679,0.1919753750920931,-0.8320367698174526,-1.4681733166191775,-0.9420375236717596,1.2204302056910403,-0.1875665409913863,0
-0.5483054353915534,-1.2373383768139563,-1.528477332865175,0.565488872720676,-0.8847715542505659,-0.9420375236717596,1.2204302056910403,-0.5375389036940379,0
0.1440316905772939,1.2039099565392752,1.0556564533838952,-1.5640740111469489,-1.4681733166191775,-0.9420375236717596,-0.8193831940055707,1.21232290981922,0
-0.2021368724071297,1.4895156111377037,1.4287666792059528,-0.0334506883670933,-1.4681733166191775,-1.5759148960008476,1.2204302056910403,0.1624058217112652,0
0.8363688165461411,1.5371165535707738,1.5324084086009693,-0.8320367698174526,-0.3013697918819543,0.3257172209864163,1.2204302056910403,1.5622952725218715,1
1.5287059425149885,1.0203063214402848,0.7861879569568527,1.430623794291899,1.4488354952238804,1.5934719656445924,-0.8193831940055707,0.8623505471165683,1
-1.5868111243448242,1.339912649205193,1.1316603882735734,-0.4992925692131362,-0.3013697918819543,1.5934719656445924,-0.8193831940055707,0.8623505471165683,0
1.1825373795305647,-1.5977455123786397,-1.576843473249516,1.0978795936875825,0.2820319704866573,-0.6250988375072156,-0.8193831940055707,0.1624058217112652,1
1.5287059425149885,-1.4005416080130582,-1.5077489869861722,1.6302703146544884,0.2820319704866573,-1.2589762098363035,-0.8193831940055707,1.5622952725218715,1
-0.5483054353915534,0.7415008014751525,0.7378218165725117,1.6968191547753515,-0.8847715542505659,0.6426559071509603,1.2204302056910403,-0.5375389036940379,0
0.1440316905772939,-1.305339723146915,-1.2106426960537922,-1.7637205315095383,0.2820319704866573,0.3257172209864163,-0.8193831940055707,-0.1875665409913863,0
1.1825373795305647,-0.3125200666857124,-0.3884183095199974,-1.3644274907843588,-0.8847715542505659,1.2765332794800484,-0.8193831940055707,0.1624058217112652,0
1.1825373795305647,0.4014940698103571,0.1090619915760807,-0.8985856099383158,0.2820319704866573,0.6426559071509603,-0.8193831940055707,0.5123781844139168,1
-1.2406425613604006,-0.3805214130186719,-0.3124143746303186,0.565488872720676,1.4488354952238804,0.9595945933155045,1.2204302056910403,-1.237483629099341,0
-0.2021368724071297,-0.7545288178499467,-0.8375324702317338,-0.8320367698174526,-0.8847715542505659,1.5934719656445924,-0.8193831940055707,1.21232290981922,0
-1.5868111243448242,-1.5773451084787515,-1.6804852026445325,0.4989400325998128,-0.3013697918819543,0.0087785348218723,-0.8193831940055707,-1.237483629099341,0
-1.2406425613604006,0.9795055136405104,1.297487155305599,1.0313307535667189,-0.3013697918819543,0.0087785348218723,-0.8193831940055707,1.21232290981922,1
-1.2406425613604006,0.5442968971095717,0.3578021421241197,-0.2996460488505464,-1.4681733166191775,0.9595945933155045,-0.8193831940055707,0.5123781844139168,0
-0.894473998375977,1.5507168228373664,1.5876839976116446,-0.698939089575726,0.8654337328552689,0.3257172209864163,1.2204302056910403,-0.1875665409913863,0
0.4902002535617175,-0.7409285485833547,-0.616430114189033,0.299293512237223,-0.3013697918819543,1.5934719656445924,-0.8193831940055707,-0.8875112663966895,0
-0.5483054353915534,1.1971098219059784,1.359672192942609,0.0330981517537699,-0.8847715542505659,-1.2589762098363035,1.2204302056910403,0.8623505471165683,0
0.1440316905772939,-0.9925335300153032,-1.1208198639114448,1.8299168350170785,-1.4681733166191775,-1.5759148960008476,1.2204302056910403,-1.237483629099341,0
-1.2406425613604006,0.6598991858756021,0.3854399366294568,0.0996469918746332,-1.4681733166191775,1.2765332794800484,-0.8193831940055707,-0.1875665409913863,0
-0.2021368724071297,0.0206865303457865,0.2403415154764342,-0.3661948889714096,-0.3013697918819543,-1.5759148960008476,-0.8193831940055707,-0.1875665409913863,0
-1.2406425613604006,-1.9309521094101385,-1.7495796889078763,-0.7654879296965893,-1.4681733166191775,-1.5759148960008476,-0.8193831940055707,-0.8875112663966895,0
-1.5868111243448242,1.339912649205193,1.23530211766859,-1.0316832901800423,0.2820319704866573,-0.9420375236717596,1.2204302056910403,1.21232290981922,0
-0.894473998375977,-1.3597408002132825,-1.6252096136338572,1.2975261140501722,-0.3013697918819543,1.5934719656445924,1.2204302056910403,0.1624058217112652,0
1.1825373795305647,-1.1693370304809974,-1.3073749768224745,-0.2330972087296831,1.4488354952238804,-0.3081601513426716,-0.8193831940055707,0.1624058217112652,0
-0.5483054353915534,1.5099160150375908,1.4356761278322872,-2.0299158919929914,-1.4681733166191775,0.3257172209864163,-0.8193831940055707,-1.237483629099341,0
-1.2406425613604006,0.6870997244087852,0.5098100119034761,-0.9651344500591792,-0.3013697918819543,-1.5759148960008476,1.2204302056910403,-0.5375389036940379,0
-0.894473998375977,-0.1153161623201311,0.0192391594337328,-3.161246174047667,0.2820319704866573,-0.3081601513426716,-0.8193831940055707,1.21232290981922,0
0.4902002535617175,-0.3533208744854882,-0.5957017683100296,0.9647819134458556,-0.3013697918819543,-0.9420375236717596,-0.8193831940055707,-0.1875665409913863,0
1.1825373795305647,1.3263123799386014,1.387309987447946,1.9630145152588048,-0.3013697918819543,1.5934719656445924,-0.8193831940055707,0.1624058217112652,1
0.4902002535617175,-1.842550359177292,-1.6044812677548537,0.6320377128415394,-0.8847715542505659,0.9595945933155045,1.2204302056910403,-0.1875665409913863,0
-1.5868111243448242,1.4419146687046318,1.145479285526242,-0.3661948889714096,-0.3013697918819543,0.9595945933155045,-0.8193831940055707,-0.8875112663966895,0
1.5287059425149885,1.2175102258058668,1.0349281075048913,1.6968191547753515,0.8654337328552689,0.6426559071509603,-0.8193831940055707,1.21232290981922,1
-0.5483054353915534,-0.3397206052188961,-0.333142720509322,-1.963367051872128,0.8654337328552689,0.0087785348218723,1.2204302056910403,1.21232290981922,0
-0.894473998375977,0.1158884152119296,0.0054202621810642,-0.5658414093339995,-0.3013697918819543,1.2765332794800484,-0.8193831940055707,0.1624058217112652,0
0.1440316905772939,1.0067060521736932,0.76545961107785,0.2327446721163597,-0.8847715542505659,0.9595945933155045,1.2204302056910403,0.5123781844139168,0
-0.5483054353915534,-0.5505247788510697,-0.2847765801249809,0.1661958319954964,-1.4681733166191775,1.2765332794800484,-0.8193831940055707,-0.1875665409913863,0
0.8363688165461411,0.0138863957124907,0.1021525429497458,-1.4975251710260853,0.8654337328552689,-0.6250988375072156,1.2204302056910403,0.5123781844139168,0
-1.5868111243448242,0.149889088378409,0.482172217398139,-0.1665483686088198,-1.4681733166191775,0.6426559071509603,1.2204302056910403,0.8623505471165683,0
-1.2406425613604006,-0.4961237017847023,-0.367689963640994,0.3658423523580862,-0.3013697918819543,0.3257172209864163,1.2204302056910403,-0.5375389036940379,0
-0.5483054353915534,1.5847174960038453,1.7051446242593296,-0.6323902494548628,1.4488354952238804,-1.5759148960008476,-0.8193831940055707,-0.1875665409913863,0
-0.2021368724071297,1.176709418006091,0.8552824432201966,-1.963367051872128,-1.4681733166191775,-1.5759148960008476,-0.8193831940055707,-1.5874559918019926,0
-1.2406425613604006,0.3334927234773983,0.0399675053127362,-0.5658414093339995,-0.8847715542505659,0.0087785348218723,-0.8193831940055707,0.8623505471165683,0
-0.2021368724071297,1.7139200540364683,1.5462273058536378,0.0330981517537699,-1.4681733166191775,0.6426559071509603,-0.8193831940055707,-0.8875112663966895,0
0.4902002535617175,0.0206865303457865,0.0606958511917396,0.4989400325998128,-0.8847715542505659,-0.6250988375072156,-0.8193831940055707,-0.8875112663966895,0
-1.5868111243448242,0.7687013400083368,0.4683533201454705,0.9647819134458556,-1.4681733166191775,-0.9420375236717596,-0.8193831940055707,0.1624058217112652,0
0.4902002535617175,1.8023218042693143,1.5462273058536378,1.6302703146544884,0.2820319704866573,0.9595945933155045,1.2204302056910403,0.8623505471165683,1
1.1825373795305647,-0.2377185857194579,-0.416056104025335,-1.1647809704217689,0.2820319704866573,0.3257172209864163,-0.8193831940055707,-1.237483629099341,0
-1.5868111243448242,0.5986979741759391,0.7930974055831871,-1.7637205315095383,-1.4681733166191775,0.0087785348218723,1.2204302056910403,0.1624058217112652,0
0.1440316905772939,-1.1693370304809974,-1.0724537235271037,0.765135393083266,1.4488354952238804,-0.3081601513426716,-0.8193831940055707,1.5622952725218715,0
0.1440316905772939,0.5238964932096845,0.34398324487145,0.765135393083266,1.4488354952238804,-0.3081601513426716,1.2204302056910403,0.8623505471165683,1
1.1825373795305647,0.5510970317428675,0.6134517412984924,0.4323911924789496,0.8654337328552689,1.5934719656445924,1.2204302056910403,0.5123781844139168,1
0.8363688165461411,-0.5777253173842533,-0.5404261792993543,-1.430976330905222,-0.3013697918819543,-0.9420375236717596,-0.8193831940055707,-1.5874559918019926,0
0.4902002535617175,1.4215142648047434,1.6982351756329954,-0.698939089575726,-1.4681733166191775,-1.2589762098363035,-0.8193831940055707,1.5622952725218715,0
-0.894473998375977,1.27871143750553,1.297487155305599,-0.0999995284879566,-0.8847715542505659,1.2765332794800484,1.2204302056910403,-0.1875665409913863,0
-0.2021368724071297,-1.257738780713844,-1.252099387811799,-0.0999995284879566,-0.8847715542505659,0.9595945933155045,-0.8193831940055707,0.8623505471165683,0
-0.5483054353915534,0.5306966278429802,0.7585501624515157,-0.8320367698174526,-0.3013697918819543,1.2765332794800484,-0.8193831940055707,0.1624058217112652,0
0.8363688165461411,0.4830956854099087,0.1505186833340869,0.3658423523580862,-0.3013697918819543,-0.9420375236717596,1.2204302056910403,0.5123781844139168,1
-1.2406425613604006,1.462315072604519,1.5462273058536378,-1.0982321303009055,0.2820319704866573,-0.9420375236717596,-0.8193831940055707,-1.5874559918019926,0
-1.2406425613604006,-0.7001277407835794,-0.8237135729790652,-0.4992925692131362,-0.8847715542505659,0.0087785348218723,-0.8193831940055707,-1.5874559918019926,0
0.8363688165461411,0.8979038980409587,0.6341800871774953,-1.6306228512678118,0.2820319704866573,0.3257172209864163,1.2204302056910403,1.21232290981922,1
0.4902002535617175,-1.0741351456148542,-1.100091518032441,0.565488872720676,0.8654337328552689,0.9595945933155045,-0.8193831940055707,1.5622952725218715,0
0.4902002535617175,1.917924093035345,1.6360501379959858,-1.0316832901800423,-0.3013697918819543,1.5934719656445924,1.2204302056910403,1.5622952725218715,0
-0.2021368724071297,-0.5233242403178859,-0.7477096380893865,1.2309772739293088,1.4488354952238804,-0.3081601513426716,1.2204302056910403,0.5123781844139168,0
-0.2021368724071297,-0.8633309719826814,-0.6509773573207049,0.6985865529624027,0.8654337328552689,0.9595945933155045,-0.8193831940055707,-0.8875112663966895,0
-1.5868111243448242,0.5578971663761633,0.2334320668500999,-0.2330972087296831,1.4488354952238804,1.5934719656445924,-0.8193831940055707,0.1624058217112652,0
0.1440316905772939,-1.019734068548487,-1.1968237988011234,0.8982330733249925,-0.3013697918819543,-0.6250988375072156,1.2204302056910403,1.21232290981922,0
-0.894473998375977,1.0271064560735803,0.7101840220671747,1.5637214745336252,-0.3013697918819543,0.9595945933155045,1.2204302056910403,-0.5375389036940379,1
-1.5868111243448242,0.8979038980409587,1.0902036965155666,0.1661958319954964,0.8654337328552689,1.2765332794800484,-0.8193831940055707,-0.1875665409913863,0
-1.5868111243448242,-0.6253262598173243,-0.7753474325947242,0.4323911924789496,0.2820319704866573,0.9595945933155045,1.2204302056910403,1.21232290981922,0
0.1440316905772939,-1.08093528024815,-1.376469463085818,0.2327446721163597,0.2820319704866573,0.0087785348218723,-0.8193831940055707,1.5622952725218715,0
0.1440316905772939,-1.101335684148038,-0.9066269564950784,1.8964656751379412,0.8654337328552689,1.2765332794800484,-0.8193831940055707,0.8623505471165683,0
-1.2406425613604006,0.6122982434425306,0.813825751462191,0.0996469918746332,0.8654337328552689,1.5934719656445924,-0.8193831940055707,1.21232290981922,0
-0.5483054353915534,1.530316418937478,1.3182155011846022,-0.1665483686088198,0.8654337328552689,0.0087785348218723,1.2204302056910403,0.8623505471165683,0
0.4902002535617175,1.7615209964695389,1.6775068297539926,1.3640749541710353,0.8654337328552689,-0.6250988375072156,-0.8193831940055707,0.5123781844139168,1
1.1825373795305647,-0.1561169701199069,-0.2640482342459775,-0.2330972087296831,0.8654337328552689,1.5934719656445924,-0.8193831940055707,1.21232290981922,0
-0.894473998375977,1.1631091487394996,0.9451052753625444,0.0330981517537699,0.8654337328552689,-0.3081601513426716,1.2204302056910403,-0.5375389036940379,0
0.8363688165461411,1.7955216696360188,1.4909517168429625,-1.2313298105426322,0.2820319704866573,1.2765332794800484,1.2204302056910403,-1.5874559918019926,1
1.5287059425149885,0.0410869342456744,0.364711590750454,-0.698939089575726,1.4488354952238804,1.5934719656445924,-0.8193831940055707,-0.5375389036940379,0
0.1440316905772939,-0.8021297602830183,-0.9135364051214124,-1.2978786506634954,0.2820319704866573,0.0087785348218723,-0.8193831940055707,0.5123781844139168,0
-1.5868111243448242,-0.1561169701199069,-0.2225915424879713,0.565488872720676,-0.8847715542505659,0.0087785348218723,-0.8193831940055707,-0.8875112663966895,0
0.4902002535617175,0.9183043019408472,0.9243769294835406,1.2309772739293088,-0.3013697918819543,-1.5759148960008476,-0.8193831940055707,0.8623505471165683,1
1.1825373795305647,0.2926919156776231,-0.0153080836979391,-2.8285019734433505,-1.4681733166191775,-1.5759148960008476,-0.8193831940055707,-1.237483629099341,0
-1.2406425613604006,0.6190983780758263,0.9589241726152132,0.565488872720676,1.4488354952238804,-0.6250988375072156,1.2204302056910403,1.21232290981922,0
-0.2021368724071297,-0.9789332607487118,-1.1622765556694516,-0.4327437290922729,-0.8847715542505659,-1.5759148960008476,1.2204302056910403,-0.8875112663966895,0
-0.5483054353915534,1.747920727202947,1.5116800627219664,1.2975261140501722,1.4488354952238804,0.6426559071509603,-0.8193831940055707,1.5622952725218715,1
-1.5868111243448242,1.3331125145718972,1.124750939647239,1.0313307535667189,1.4488354952238804,-0.6250988375072156,-0.8193831940055707,0.1624058217112652,1
1.5287059425149885,-0.4689231632515186,-0.2295009911143056,-0.0334506883670933,1.4488354952238804,-1.5759148960008476,1.2204302056910403,-1.237483629099341,0
-0.894473998375977,1.305911976038713,1.4287666792059528,0.6985865529624027,0.8654337328552689,1.5934719656445924,-0.8193831940055707,0.5123781844139168,0
0.1440316905772939,1.2991118414054172,1.0902036965155666,-0.698939089575726,-0.3013697918819543,0.0087785348218723,-0.8193831940055707,-1.237483629099341,0
-1.2406425613604006,1.652718842336805,1.5185895113483008,-1.2978786506634954,-1.4681733166191775,-1.2589762098363035,-0.8193831940055707,-0.5375389036940379,0
0.4902002535617175,-1.1081358187813335,-1.4662922952281654,0.8316842332041292,-0.3013697918819543,-1.5759148960008476,1.2204302056910403,1.5622952725218715,0
-0.2021368724071297,-0.8021297602830183,-0.5957017683100296,-1.5640740111469489,0.2820319704866573,-0.3081601513426716,1.2204302056910403,1.21232290981922,0
-0.894473998375977,0.9183043019408472,0.6134517412984924,-0.0334506883670933,0.8654337328552689,0.3257172209864163,-0.8193831940055707,1.5622952725218715,0
-1.5868111243448242,-0.5029238364179981,-0.3193238232566529,-2.9615996536850773,-1.4681733166191775,-1.2589762098363035,1.2204302056910403,-0.8875112663966895,0
-1.2406425613604006,-0.3669211437520798,-0.3262332718829878,0.3658423523580862,0.8654337328552689,0.0087785348218723,1.2204302056910403,-1.237483629099341,0
0.1440316905772939,0.952304975107326,0.979652518494216,-0.7654879296965893,0.2820319704866573,0.6426559071509603,1.2204302056910403,0.1624058217112652,0
0.8363688165461411,-0.972133126115416,-1.2728277336908016,0.4989400325998128,-0.8847715542505659,0.0087785348218723,-0.8193831940055707,-0.1875665409913863,0
-0.894473998375977,-1.366540934846579,-1.53538678149151,0.765135393083266,-1.4681733166191775,0.3257172209864163,1.2204302056910403,-0.1875665409913863,0
0.8363688165461411,0.7483009361084495,0.9381958267362104,-0.0999995284879566,1.4488354952238804,-1.2589762098363035,-0.8193831940055707,1.5622952725218715,1
0.1440316905772939,-0.9449325875822324,-1.1622765556694516,1.2975261140501722,0.8654337328552689,-0.3081601513426716,1.2204302056910403,1.21232290981922,0
1.5287059425149885,1.27871143750553,1.2214832204159212,0.4323911924789496,0.8654337328552689,-1.2589762098363035,1.2204302056910403,0.8623505471165683,1
1.5287059425149885,-1.1557367612144052,-1.5146584356125063,0.3658423523580862,1.4488354952238804,-0.3081601513426716,-0.8193831940055707,0.5123781844139168,0
-0.894473998375977,0.7891017439082241,0.9520147239888788,1.4971726344127618,0.8654337328552689,0.0087785348218723,-0.8193831940055707,-0.8875112663966895,1
1.1825373795305647,-0.1629171047532026,0.1090619915760807,-0.7654879296965893,0.2820319704866573,0.9595945933155045,-0.8193831940055707,0.5123781844139168,0
-1.2406425613604006,-1.611345781645231,-1.6804852026445325,1.0978795936875825,-0.8847715542505659,-1.5759148960008476,-0.8193831940055707,0.8623505471165683,0
0.1440316905772939,-1.7269480704112614,-1.5492056787441784,-0.0334506883670933,-1.4681733166191775,1.2765332794800484,-0.8193831940055707,-0.5375389036940379,0
-0.2021368724071297,-0.2717192588859373,-0.6026112169363639,1.4971726344127618,1.4488354952238804,1.2765332794800484,-0.8193831940055707,0.1624058217112652,0
0.4902002535617175,-0.1153161623201311,0.1919753750920931,0.565488872720676,1.4488354952238804,-0.9420375236717596,-0.8193831940055707,-0.5375389036940379,0
-1.2406425613604006,-0.5777253173842533,-0.7269812922103831,-1.4975251710260853,-1.4681733166191775,0.9595945933155045,-0.8193831940055707,0.8623505471165683,0
-0.2021368724071297,-0.7681290871165383,-0.8444419188580686,0.2327446721163597,-0.3013697918819543,0.6426559071509603,1.2204302056910403,0.8623505471165683,0
-1.5868111243448242,1.543916688204071,1.6291406893696514,-2.0299158919929914,-1.4681733166191775,1.5934719656445924,-0.8193831940055707,0.5123781844139168,0
1.5287059425149885,-1.590945377745343,-1.2797371823171366,0.3658423523580862,-0.8847715542505659,0.6426559071509603,-0.8193831940055707,-1.237483629099341,0
-0.5483054353915534,-0.4893235671514065,-0.250229336993309,-1.2313298105426322,-1.4681733166191775,-0.9420375236717596,1.2204302056910403,-1.237483629099341,0
-0.2021368724071297,0.7755014746416325,0.7032745734408403,-1.963367051872128,0.2820319704866573,0.6426559071509603,-0.8193831940055707,-0.5375389036940379,0
-0.894473998375977,1.4759153418711106,1.4287666792059528,0.0330981517537699,-0.3013697918819543,1.2765332794800484,-0.8193831940055707,0.8623505471165683,0
-1.2406425613604006,0.7551010707417453,0.8760107890992007,-0.6323902494548628,0.2820319704866573,1.5934719656445924,-0.8193831940055707,1.21232290981922,0
-0.894473998375977,0.7755014746416325,0.4545344228928007,0.565488872720676,1.4488354952238804,0.6426559071509603,1.2204302056910403,-1.237483629099341,0
-0.2021368724071297,-1.2305382421806603,-1.0931820694061072,0.299293512237223,0.2820319704866573,-1.5759148960008476,1.2204302056910403,-0.8875112663966895,0
-0.894473998375977,0.0886878766787459,0.0192391594337328,1.9630145152588048,-0.3013697918819543,-1.5759148960008476,-0.8193831940055707,0.1624058217112652,0
-1.5868111243448242,-1.0265342031817832,-1.2313710419327957,2.229209875742258,-0.3013697918819543,-0.6250988375072156,1.2204302056910403,-1.5874559918019926,0
-1.2406425613604006,0.9931057829071018,1.1040225937682364,0.6985865529624027,0.8654337328552689,-0.6250988375072156,-0.8193831940055707,-1.237483629099341,0
0.1440316905772939,0.8435028209745914,0.5167194605298103,0.0330981517537699,-0.3013697918819543,-0.3081601513426716,1.2204302056910403,-0.8875112663966895,0
-0.5483054353915534,-0.8565308373493856,-1.0586348262744352,0.299293512237223,0.8654337328552689,-0.3081601513426716,-0.8193831940055707,-0.1875665409913863,0
0.4902002535617175,-0.4553228939849265,-0.7753474325947242,-1.3644274907843588,-1.4681733166191775,1.2765332794800484,-0.8193831940055707,1.21232290981922,0
-1.5868111243448242,1.455514937971223,1.242211566294924,-0.4327437290922729,-1.4681733166191775,-0.3081601513426716,-0.8193831940055707,0.5123781844139168,0
1.5287059425149885,-0.5165241056845902,-0.7477096380893865,-0.1665483686088198,-1.4681733166191775,-1.5759148960008476,-0.8193831940055707,-1.5874559918019926,0
0.4902002535617175,1.305911976038713,1.573865100358976,0.299293512237223,1.4488354952238804,0.3257172209864163,-0.8193831940055707,1.5622952725218715,0
-1.5868111243448242,-0.9041317797824566,-1.127729312537779,-0.0334506883670933,-0.8847715542505659,0.9595945933155045,1.2204302056910403,0.8623505471165683,0
1.1825373795305647,1.5371165535707738,1.6982351756329954,-0.4992925692131362,0.8654337328552689,1.2765332794800484,1.2204302056910403,-1.5874559918019926,1
1.5287059425149885,-1.6385463201784147,-1.5630245759968475,-1.4975251710260853,-0.8847715542505659,-1.2589762098363035,1.2204302056910403,0.1624058217112652,0
-0.5483054353915534,0.1634893576450005,0.1919753750920931,1.2975261140501722,1.4488354952238804,0.9595945933155045,1.2204302056910403,0.1624058217112652,0
-1.2406425613604006,1.081507533139948,0.882920237725535,0.0330981517537699,1.4488354952238804,1.5934719656445924,-0.8193831940055707,-0.8875112663966895,0
0.8363688165461411,0.4558951468767244,0.7032745734408403,-0.1665483686088198,0.8654337328552689,-0.9420375236717596,-0.8193831940055707,-1.237483629099341,1
-0.2021368724071297,1.237910629705754,1.4840422682166283,0.4989400325998128,-1.4681733166191775,1.2765332794800484,1.2204302056910403,-1.5874559918019926,0
-1.5868111243448242,0.7075001283086737,0.6203611899248267,-1.2978786506634954,-1.4681733166191775,-0.9420375236717596,-0.8193831940055707,1.21232290981922,0
-0.2021368724071297,-0.2989197974191209,-0.4782411416623446,1.0313307535667189,-0.8847715542505659,-1.2589762098363035,1.2204302056910403,0.8623505471165683,0
-0.894473998375977,-0.441722624718335,-0.3953277581463316,-0.0334506883670933,-1.4681733166191775,-0.9420375236717596,-0.8193831940055707,1.21232290981922,0
1.5287059425149885,-0.1493168354866111,-0.416056104025335,0.4989400325998128,-0.3013697918819543,0.0087785348218723,-0.8193831940055707,0.8623505471165683,0
0.1440316905772939,-0.0473148159871723,0.2057942723447622,0.565488872720676,-0.8847715542505659,0.0087785348218723,-0.8193831940055707,-0.1875665409913863,0
-0.2021368724071297,-0.6321263944506206,-0.4575127957833412,0.6320377128415394,-1.4681733166191775,-1.2589762098363035,1.2204302056910403,1.21232290981922,0
0.4902002535617175,-1.468542954346017,-1.1899143501747893,3.094344797313481,0.2820319704866573,0.9595945933155045,1.2204302056910403,0.8623505471165683,0
0.8363688165461411,0.9455048404740304,1.007290312999554,0.8316842332041292,-0.3013697918819543,0.3257172209864163,-0.8193831940055707,-0.5375389036940379,1
1.1825373795305647,-0.1289164315867232,0.0537864025654053,0.8316842332041292,0.2820319704866573,-0.9420375236717596,1.2204302056910403,-0.1875665409913863,1
0.4902002535617175,-1.1829372997475889,-1.4041072575911555,1.3640749541710353,-0.3013697918819543,-0.9420375236717596,-0.8193831940055707,-1.5874559918019926,0
-0.5483054353915534,-0.3057199320524167,-0.2571387856196432,0.299293512237223,0.2820319704866573,1.2765332794800484,-0.8193831940055707,-0.5375389036940379,0
-0.894473998375977,-0.4213222208184471,-0.3262332718829878,-0.8985856099383158,-1.4681733166191775,-0.3081601513426716,-0.8193831940055707,-0.1875665409913863,0
1.5287059425149885,0.8435028209745914,1.007290312999554,0.299293512237223,0.8654337328552689,-0.3081601513426716,-0.8193831940055707,1.21232290981922,1
-0.5483054353915534,-0.0337145467205801,-0.1189498130929549,1.7633679948962149,1.4488354952238804,-1.2589762098363035,-0.8193831940055707,-1.237483629099341,0
-1.2406425613604006,0.6666993205088979,0.9381958267362104,0.1661958319954964,-0.3013697918819543,0.3257172209864163,1.2204302056910403,1.21232290981922,0
0.1440316905772939,-0.8837313758825687,-0.7753474325947242,1.1644284338084456,-0.3013697918819543,0.3257172209864163,-0.8193831940055707,0.5123781844139168,0
0.1440316905772939,0.7075001283086737,0.8760107890992007,-0.5658414093339995,1.4488354952238804,-1.2589762098363035,1.2204302056910403,-0.5375389036940379,0
0.8363688165461411,0.7687013400083368,0.9727430698678816,-1.1647809704217689,-0.3013697918819543,0.6426559071509603,-0.8193831940055707,-0.8875112663966895,1
-0.894473998375977,-0.747728683216651,-0.4713316930360104,0.3658423523580862,-0.3013697918819543,0.0087785348218723,-0.8193831940055707,1.21232290981922,0
-0.2021368724071297,-1.1421364919478136,-1.1691860042957858,0.8982330733249925,0.2820319704866573,-1.5759148960008476,-0.8193831940055707,-0.1875665409913863,0
-1.5868111243448242,0.1430889537451133,0.0606958511917396,1.2309772739293088,0.2820319704866573,1.2765332794800484,-0.8193831940055707,0.8623505471165683,0
1.1825373795305647,1.061107129240061,0.910558032230872,2.029563355379668,0.2820319704866573,0.0087785348218723,-0.8193831940055707,-1.5874559918019926,1
1.5287059425149885,-1.652146589445007,-1.4317450520964934,-0.6323902494548628,-0.3013697918819543,0.9595945933155045,-0.8193831940055707,-1.237483629099341,0
0.4902002535617175,-1.5977455123786397,-1.3488316685804804,-0.0334506883670933,0.8654337328552689,0.9595945933155045,1.2204302056910403,-0.1875665409913863,0
-1.5868111243448242,0.6666993205088979,0.7447312651988459,1.0978795936875825,1.4488354952238804,-1.2589762098363035,-0.8193831940055707,-0.5375389036940379,1
-1.2406425613604006,-0.5505247788510697,-0.7200718435840489,0.4323911924789496,0.2820319704866573,-0.3081601513426716,1.2204302056910403,0.5123781844139168,0
-1.5868111243448242,-0.135716566220019,-0.2916860287513152,0.2327446721163597,0.2820319704866573,1.2765332794800484,-0.8193831940055707,-1.5874559918019926,0
0.1440316905772939,0.2518911078778479,0.0952430943234115,0.8316842332041292,0.8654337328552689,-1.2589762098363035,-0.8193831940055707,-1.237483629099341,0
0.1440316905772939,0.4490950122434287,0.1781564778394246,-0.4327437290922729,-0.8847715542505659,0.6426559071509603,1.2204302056910403,-0.1875665409913863,0
1.5287059425149885,-1.4549426850794254,-1.376469463085818,0.8982330733249925,-1.4681733166191775,1.5934719656445924,-0.8193831940055707,0.5123781844139168,0
1.1825373795305647,0.6394987819757149,0.8207352000885253,-0.2996460488505464,0.2820319704866573,0.0087785348218723,-0.8193831940055707,-0.8875112663966895,1
-1.2406425613604006,-0.2037179125529778,-0.3262332718829878,-1.2313298105426322,0.2820319704866573,-0.6250988375072156,1.2204302056910403,-0.1875665409913863,0
1.1825373795305647,-1.5773451084787515,-1.6735757540181977,-0.7654879296965893,-1.4681733166191775,-0.3081601513426716,1.2204302056910403,-0.8875112663966895,0
1.1825373795305647,0.7211003975752652,0.6410895358038308,1.8964656751379412,-0.8847715542505659,0.0087785348218723,-0.8193831940055707,-1.237483629099341,1
-0.5483054353915534,0.8367026863412956,0.9174674808572064,-0.2330972087296831,1.4488354952238804,0.9595945933155045,-0.8193831940055707,-0.8875112663966895,0
0.1440316905772939,1.605117899903734,1.6567784838749886,-0.3661948889714096,0.8654337328552689,0.6426559071509603,-0.8193831940055707,-0.5375389036940379,0
-1.5868111243448242,-0.1561169701199069,-0.367689963640994,-0.0334506883670933,0.2820319704866573,-0.9420375236717596,1.2204302056910403,-0.1875665409913863,0
-0.5483054353915534,-0.7205281446834674,-0.6509773573207049,1.8964656751379412,0.8654337328552689,0.0087785348218723,1.2204302056910403,-1.237483629099341,0
-0.2021368724071297,1.2311104950724585,1.1592981827789115,0.4323911924789496,0.2820319704866573,0.6426559071509603,-0.8193831940055707,-0.5375389036940379,0
0.8363688165461411,1.7071199194031714,1.4149477819532843,0.0330981517537699,-1.4681733166191775,0.9595945933155045,1.2204302056910403,0.8623505471165683,0
-1.5868111243448242,-0.604925855917437,-0.8098946757263961,0.765135393083266,-1.4681733166191775,-1.5759148960008476,1.2204302056910403,1.21232290981922,0
1.5287059425149885,0.7755014746416325,0.8207352000885253,0.299293512237223,-0.8847715542505659,0.0087785348218723,-0.8193831940055707,1.21232290981922,0
-0.5483054353915534,0.0886878766787459,-0.2156820938616371,0.4323911924789496,-0.8847715542505659,1.5934719656445924,-0.8193831940055707,-0.5375389036940379,0
0.8363688165461411,-0.6253262598173243,-0.568063973804692,-0.3661948889714096,-0.3013697918819543,0.0087785348218723,1.2204302056910403,0.5123781844139168,0
-0.5483054353915534,-0.3669211437520798,-0.1742254021036302,0.299293512237223,1.4488354952238804,0.9595945933155045,-0.8193831940055707,-0.8875112663966895,0
-0.894473998375977,-0.7817293563831305,-0.8582608161107372,-0.6323902494548628,-0.8847715542505659,-0.9420375236717596,1.2204302056910403,1.21232290981922,0
-1.5868111243448242,-0.9585328568488238,-1.0793631721534385,-0.9651344500591792,-0.3013697918819543,0.0087785348218723,1.2204302056910403,1.21232290981922,0
-1.2406425613604006,0.4014940698103571,0.5167194605298103,1.4971726344127618,-0.3013697918819543,0.3257172209864163,1.2204302056910403,1.5622952725218715,1
1.5287059425149885,1.8363224774357945,1.6982351756329954,-1.1647809704217689,-1.4681733166191775,0.3257172209864163,-0.8193831940055707,-0.8875112663966895,0
-0.2021368724071297,-1.1421364919478136,-1.017178134516429,-0.7654879296965893,0.2820319704866573,0.6426559071509603,-0.8193831940055707,1.5622952725218715,0
0.1440316905772939,0.8435028209745914,1.166207631405246,0.2327446721163597,-0.8847715542505659,0.3257172209864163,-0.8193831940055707,0.8623505471165683,0
-1.5868111243448242,-0.5913255866508448,-0.4436938985306727,0.0330981517537699,0.2820319704866573,-0.9420375236717596,-0.8193831940055707,0.8623505471165683,0
0.8363688165461411,-1.1353363573145174,-0.8720797133634063,-0.7654879296965893,-1.4681733166191775,-1.5759148960008476,-0.8193831940055707,0.8623505471165683,0
-0.894473998375977,-1.1353363573145174,-0.816804124352731,-0.8320367698174526,0.2820319704866573,0.6426559071509603,-0.8193831940055707,-1.237483629099341,0
1.1825373795305647,-1.1285362226812217,-1.2935560795698051,-1.0316832901800423,0.2820319704866573,-1.2589762098363035,-0.8193831940055707,-1.237483629099341,0
0.1440316905772939,0.313092319577511,0.6618178816828335,-0.2330972087296831,-0.3013697918819543,-0.6250988375072156,-0.8193831940055707,-0.1875665409913863,0
-0.894473998375977,0.8503029556078872,0.7447312651988459,1.3640749541710353,-0.3013697918819543,0.0087785348218723,1.2204302056910403,-0.1875665409913863,1
-0.5483054353915534,0.4014940698103571,0.3094360017397787,-0.4327437290922729,0.2820319704866573,1.2765332794800484,-0.8193831940055707,-1.237483629099341,0
0.1440316905772939,-1.0945355495147422,-1.224461593306461,1.430623794291899,0.8654337328552689,1.5934719656445924,1.2204302056910403,-0.5375389036940379,0
-1.2406425613604006,-1.4957434928792006,-1.1968237988011234,-0.6323902494548628,1.4488354952238804,1.5934719656445924,-0.8193831940055707,-1.5874559918019926,0
-1.2406425613604006,-0.5505247788510697,-0.8029852271000618,1.0978795936875825,0.2820319704866573,-0.6250988375072156,-0.8193831940055707,0.1624058217112652,0
0.1440316905772939,-0.8633309719826814,-0.6026112169363639,-0.4327437290922729,1.4488354952238804,0.9595945933155045,-0.8193831940055707,-0.5375389036940379,0
0.8363688165461411,-1.71334780114467,-1.4317450520964934,0.1661958319954964,-0.8847715542505659,-0.6250988375072156,-0.8193831940055707,-0.1875665409913863,0
1.1825373795305647,1.7071199194031714,1.6982351756329954,0.4989400325998128,0.8654337328552689,0.0087785348218723,1.2204302056910403,1.5622952725218715,1
-1.5868111243448242,0.8163022824414083,0.627270638551161,1.4971726344127618,0.8654337328552689,-1.5759148960008476,1.2204302056910403,0.8623505471165683,1
0.4902002535617175,-0.6797273368836916,-0.7684379839683899,-0.1665483686088198,1.4488354952238804,0.9595945933155045,-0.8193831940055707,1.21232290981922,0
-1.5868111243448242,-1.1489366265811094,-1.1139104152851105,2.6950517565883008,1.4488354952238804,0.6426559071509603,-0.8193831940055707,0.1624058217112652,0
0.8363688165461411,-1.4141418772796497,-1.5906623705021845,0.0996469918746332,1.4488354952238804,0.3257172209864163,1.2204302056910403,-0.8875112663966895,0
-0.2021368724071297,-0.9789332607487118,-0.7615285353420557,-0.9651344500591792,0.8654337328552689,-0.9420375236717596,-0.8193831940055707,1.5622952725218715,0
1.5287059425149885,-0.2445187203527536,-0.3055049260039844,-0.1665483686088198,-0.8847715542505659,-0.9420375236717596,1.2204302056910403,-1.237483629099341,0
-1.2406425613604006,-0.5505247788510697,-0.6578868059470392,0.9647819134458556,1.4488354952238804,0.3257172209864163,-0.8193831940055707,-0.8875112663966895,0
0.1440316905772939,0.7415008014751525,0.4614438715191349,0.4989400325998128,-0.8847715542505659,-0.6250988375072156,1.2204302056910403,-0.5375389036940379,0
0.1440316905772939,-1.856150628443884,-1.6666663053918631,-0.4327437290922729,-0.8847715542505659,0.3257172209864163,-0.8193831940055707,-0.1875665409913863,0
0.1440316905772939,-0.4893235671514065,-0.7131623949577146,0.1661958319954964,0.8654337328552689,-1.2589762098363035,-0.8193831940055707,-1.237483629099341,0
0.1440316905772939,-0.0881156237869474,0.2127037209710965,0.4989400325998128,0.2820319704866573,-1.2589762098363035,-0.8193831940055707,-0.8875112663966895,0
0.1440316905772939,1.1563090141062038,1.3804005388216118,1.9630145152588048,-0.3013697918819543,1.5934719656445924,1.2204302056910403,0.5123781844139168,1
-0.2021368724071297,-1.611345781645231,-1.7357607916552078,-0.0334506883670933,0.2820319704866573,0.3257172209864163,1.2204302056910403,-1.5874559918019926,0
-0.5483054353915534,-1.9445523786767307,-1.7012135485235351,-0.2330972087296831,-1.4681733166191775,-0.3081601513426716,-0.8193831940055707,1.21232290981922,0
0.4902002535617175,-0.7409285485833547,-0.8928080592424091,2.1626610356213947,1.4488354952238804,-0.9420375236717596,-0.8193831940055707,-0.1875665409913863,0
0.4902002535617175,1.5575169574706622,1.359672192942609,-1.2978786506634954,1.4488354952238804,-0.3081601513426716,-0.8193831940055707,1.5622952725218715,0
0.1440316905772939,0.1634893576450005,0.3923493852557911,-1.0316832901800423,-1.4681733166191775,-0.9420375236717596,-0.8193831940055707,-1.5874559918019926,0
-0.2021368724071297,-0.8225301641829056,-0.6440679086943707,-0.2330972087296831,-0.8847715542505659,1.5934719656445924,1.2204302056910403,0.5123781844139168,0
-1.2406425613604006,1.407913995538152,1.3182155011846022,0.2327446721163597,-0.3013697918819543,0.9595945933155045,-0.8193831940055707,0.5123781844139168,0
1.5287059425149885,-1.121736088047926,-1.1139104152851105,1.3640749541710353,1.4488354952238804,1.5934719656445924,-0.8193831940055707,-1.237483629099341,1
-1.5868111243448242,0.6870997244087852,0.9243769294835406,2.362307555983985,-0.3013697918819543,1.2765332794800484,-0.8193831940055707,0.1624058217112652,1
1.5287059425149885,1.1359086102063152,0.9727430698678816,1.0313307535667189,-0.3013697918819543,-0.9420375236717596,-0.8193831940055707,0.1624058217112652,1
-0.894473998375977,-0.8633309719826814,-0.5542450765520228,1.4971726344127618,1.4488354952238804,-0.9420375236717596,-0.8193831940055707,-0.1875665409913863,0
-0.5483054353915534,0.8843036287743672,0.8552824432201966,-1.3644274907843588,-1.4681733166191775,-1.5759148960008476,-0.8193831940055707,-0.1875665409913863,0
1.5287059425149885,-0.3397206052188961,-0.3262332718829878,-0.6323902494548628,-0.3013697918819543,-0.3081601513426716,-0.8193831940055707,0.5123781844139168,0
-1.2406425613604006,0.6122982434425306,0.6963651248145049,-0.4327437290922729,0.2820319704866573,0.6426559071509603,-0.8193831940055707,1.21232290981922,0
-1.5868111243448242,-0.4009218169185592,-0.1949537479826336,-0.5658414093339995,-1.4681733166191775,-1.2589762098363035,1.2204302056910403,1.21232290981922,0
1.1825373795305647,-0.9925335300153032,-1.1622765556694516,-1.0316832901800423,0.8654337328552689,-1.5759148960008476,1.2204302056910403,-0.5375389036940379,0
-0.894473998375977,-0.0405146813538765,-0.2709576828723124,0.4989400325998128,0.2820319704866573,1.2765332794800484,-0.8193831940055707,-1.237483629099341,0
-0.5483054353915534,0.0206865303457865,0.281798207234441,-1.8968182117512649,0.2820319704866573,-0.6250988375072156,1.2204302056910403,-0.1875665409913863,0
0.1440316905772939,1.1427087448396125,1.4356761278322872,-0.6323902494548628,-0.8847715542505659,0.3257172209864163,-0.8193831940055707,1.5622952725218715,0
-0.2021368724071297,0.2110903000780721,0.3163454503661129,-0.1665483686088198,-0.3013697918819543,-0.6250988375072156,-0.8193831940055707,-1.237483629099341,0
-0.894473998375977,0.0614873381455623,-0.0774931213349487,-1.8968182117512649,0.8654337328552689,1.5934719656445924,-0.8193831940055707,-0.8875112663966895,0
-0.2021368724071297,1.2719113028722342,1.3251249498109363,0.4989400325998128,-0.3013697918819543,0.9595945933155045,-0.8193831940055707,1.5622952725218715,0
-0.894473998375977,0.3742935312771741,0.5167194605298103,0.9647819134458556,0.2820319704866573,-0.6250988375072156,1.2204302056910403,0.8623505471165683,1
1.1825373795305647,1.2923117067721217,1.2560304635475923,0.2327446721163597,0.2820319704866573,0.6426559071509603,1.2204302056910403,-0.1875665409913863,1
1.5287059425149885,1.0475068599734692,1.0971131451419007,0.0996469918746332,0.8654337328552689,0.0087785348218723,-0.8193831940055707,-1.237483629099341,1
0.8363688165461411,-0.7341284139500589,-0.699343497705046,-1.3644274907843588,-1.4681733166191775,0.9595945933155045,1.2204302056910403,0.1624058217112652,0
0.1440316905772939,1.5779173613705495,1.6982351756329954,-0.7654879296965893,0.8654337328552689,0.6426559071509603,1.2204302056910403,0.1624058217112652,0
-0.5483054353915534,-1.7949494167442208,-1.6873946512708669,-0.9651344500591792,-1.4681733166191775,-0.9420375236717596,-0.8193831940055707,1.21232290981922,0
-0.894473998375977,1.1291084755730194,1.1109320423945706,0.2327446721163597,-0.8847715542505659,-0.6250988375072156,1.2204302056910403,-1.5874559918019926,0
-1.5868111243448242,1.1427087448396125,1.387309987447946,0.9647819134458556,0.2820319704866573,-0.3081601513426716,1.2204302056910403,0.1624058217112652,1
1.1825373795305647,0.1634893576450005,0.0537864025654053,1.430623794291899,1.4488354952238804,-1.5759148960008476,-0.8193831940055707,1.21232290981922,1
0.8363688165461411,-0.278519393519233,-0.2225915424879713,-0.4992925692131362,0.8654337328552689,-0.6250988375072156,-0.8193831940055707,1.21232290981922,0
-1.5868111243448242,-1.5025436275124964,-1.611390716381188,-1.5640740111469489,0.2820319704866573,1.5934719656445924,-0.8193831940055707,0.5123781844139168,0
0.4902002535617175,-0.2717192588859373,-0.2571387856196432,1.5637214745336252,-0.3013697918819543,-0.9420375236717596,1.2204302056910403,1.5622952725218715,0
-1.5868111243448242,1.3195122453053056,1.6360501379959858,-0.4327437290922729,0.8654337328552689,-0.6250988375072156,-0.8193831940055707,-0.5375389036940379,0
0.4902002535617175,1.237910629705754,1.2767588094265967,-0.0999995284879566,0.2820319704866573,-1.5759148960008476,1.2204302056910403,0.8623505471165683,0
1.5287059425149885,0.4558951468767244,0.3508926934977843,-0.2330972087296831,-1.4681733166191775,-1.2589762098363035,1.2204302056910403,1.5622952725218715,0
1.1825373795305647,0.1158884152119296,0.3094360017397787,1.7633679948962149,-0.3013697918819543,0.9595945933155045,-0.8193831940055707,-1.237483629099341,1
-1.2406425613604006,0.6462989166090106,0.7378218165725117,1.2975261140501722,-0.8847715542505659,-0.9420375236717596,-0.8193831940055707,-0.1875665409913863,0
-1.5868111243448242,0.5510970317428675,0.281798207234441,-1.5640740111469489,0.8654337328552689,0.3257172209864163,1.2204302056910403,-1.5874559918019926,0
-1.5868111243448242,-1.1285362226812217,-0.8237135729790652,1.430623794291899,0.8654337328552689,-1.5759148960008476,1.2204302056910403,1.21232290981922,0
0.1440316905772939,1.8703231506022733,1.6360501379959858,-1.2978786506634954,-0.8847715542505659,0.3257172209864163,-0.8193831940055707,0.8623505471165683,0
0.4902002535617175,-1.4753430889793129,-1.6044812677548537,0.2327446721163597,-0.3013697918819543,-1.2589762098363035,1.2204302056910403,-0.5375389036940379,0
-0.5483054353915534,1.5847174960038453,1.2767588094265967,0.6985865529624027,0.8654337328552689,1.2765332794800484,1.2204302056910403,0.5123781844139168,0
1.5287059425149885,0.6054981088092348,0.8345540973411939,0.2327446721163597,-0.8847715542505659,1.2765332794800484,-0.8193831940055707,-0.1875665409913863,0
-1.5868111243448242,-0.4893235671514065,-0.3193238232566529,0.9647819134458556,-0.8847715542505659,-0.6250988375072156,-0.8193831940055707,0.1624058217112652,0
-0.2021368724071297,1.4759153418711106,1.3251249498109363,0.0330981517537699,-0.8847715542505659,1.2765332794800484,-0.8193831940055707,0.1624058217112652,0
-1.2406425613604006,-1.0945355495147422,-1.4386545007228275,-0.3661948889714096,0.8654337328552689,-1.2589762098363035,-0.8193831940055707,0.8623505471165683,0
0.1440316905772939,1.6255183038036212,1.670597381127657,0.2327446721163597,-1.4681733166191775,-0.3081601513426716,-0.8193831940055707,0.1624058217112652,0
0.4902002535617175,-1.4617428197127211,-1.3971978089648216,1.2975261140501722,0.8654337328552689,-0.6250988375072156,-0.8193831940055707,0.1624058217112652,0
1.5287059425149885,1.4827154765044075,1.2214832204159212,0.8982330733249925,0.2820319704866573,0.6426559071509603,1.2204302056910403,-0.5375389036940379,1
0.4902002535617175,0.2858917810443273,0.34398324487145,-0.0999995284879566,0.8654337328552689,-0.6250988375072156,1.2204302056910403,0.8623505471165683,0
-0.2021368724071297,-1.5365443006789763,-1.252099387811799,0.8316842332041292,-1.4681733166191775,-1.5759148960008476,-0.8193831940055707,-0.1875665409913863,0
1.1825373795305647,-0.8973316451491609,-0.8789891619897406,0.8316842332041292,0.8654337328552689,1.2765332794800484,-0.8193831940055707,-1.5874559918019926,1
1.5287059425149885,-0.9109319144157524,-1.0862726207797728,-0.2330972087296831,-0.8847715542505659,0.0087785348218723,-0.8193831940055707,-0.5375389036940379,0
1.5287059425149885,-1.8085496860108123,-1.7219418944025386,-0.2996460488505464,1.4488354952238804,-0.9420375236717596,-0.8193831940055707,-1.237483629099341,0
-1.5868111243448242,1.1359086102063152,1.2629399121739269,-0.7654879296965893,-0.8847715542505659,-0.3081601513426716,1.2204302056910403,0.5123781844139168,0
-0.894473998375977,-0.5165241056845902,-0.3815088608936625,1.3640749541710353,0.2820319704866573,-0.9420375236717596,-0.8193831940055707,-0.8875112663966895,0
0.4902002535617175,-0.9245321836823444,-1.0655442749007695,-0.2330972087296831,-0.3013697918819543,-0.9420375236717596,-0.8193831940055707,-0.1875665409913863,0
-0.894473998375977,-1.849350493810588,-1.7012135485235351,0.6985865529624027,-0.3013697918819543,0.9595945933155045,-0.8193831940055707,-0.8875112663966895,0
1.1825373795305647,0.2518911078778479,0.0606958511917396,0.4323911924789496,1.4488354952238804,-0.3081601513426716,-0.8193831940055707,0.5123781844139168,0
-1.2406425613604006,1.2243103604391623,1.3734910901952777,-0.0334506883670933,1.4488354952238804,0.6426559071509603,1.2204302056910403,1.21232290981922,0
1.1825373795305647,1.6119180345370296,1.4011288847006158,0.8316842332041292,0.8654337328552689,1.2765332794800484,-0.8193831940055707,0.5123781844139168,1
-1.5868111243448242,0.4898958200432045,0.6341800871774953,0.4323911924789496,-1.4681733166191775,0.6426559071509603,1.2204302056910403,-0.5375389036940379,0
-1.2406425613604006,0.8503029556078872,0.5927233954194897,0.8316842332041292,-1.4681733166191775,-1.2589762098363035,-0.8193831940055707,0.8623505471165683,0
-0.2021368724071297,0.891103763407663,1.1523887341525765,-0.7654879296965893,0.8654337328552689,-0.3081601513426716,-0.8193831940055707,-1.5874559918019926,0
1.1825373795305647,-0.6661270676171,-0.7408001894630523,0.4323911924789496,-0.8847715542505659,-0.6250988375072156,-0.8193831940055707,-0.8875112663966895,0
1.1825373795305647,-0.7545288178499467,-0.9895403400110911,0.765135393083266,0.8654337328552689,0.6426559071509603,1.2204302056910403,-1.5874559918019926,1
-0.2021368724071297,0.068287472778858,-0.132768710345624,0.299293512237223,-0.3013697918819543,-0.3081601513426716,1.2204302056910403,-0.1875665409913863,0
0.4902002535617175,-1.2645389153471398,-1.00335923726376,-0.5658414093339995,0.2820319704866573,-1.5759148960008476,-0.8193831940055707,-0.8875112663966895,0
0.1440316905772939,-1.590945377745343,-1.6044812677548537,0.0330981517537699,-0.3013697918819543,-0.6250988375072156,1.2204302056910403,-1.5874559918019926,0
-1.5868111243448242,-0.7273282793167631,-0.7200718435840489,-0.5658414093339995,-0.3013697918819543,0.6426559071509603,-0.8193831940055707,-0.1875665409913863,0
0.4902002535617175,-1.5569447045788638,-1.4662922952281654,-0.8320367698174526,0.2820319704866573,1.2765332794800484,-0.8193831940055707,-0.8875112663966895,0
0.4902002535617175,-0.3805214130186719,-0.699343497705046,-0.2330972087296831,1.4488354952238804,1.2765332794800484,-0.8193831940055707,-0.8875112663966895,0
1.5287059425149885,-1.339340396313395,-1.4801111924808346,0.0330981517537699,0.2820319704866573,0.0087785348218723,-0.8193831940055707,0.5123781844139168,0
-0.5483054353915534,-1.1761371651142931,-1.4317450520964934,0.8982330733249925,-1.4681733166191775,-1.5759148960008476,1.2204302056910403,1.21232290981922,0
1.5287059425149885,1.3943137262715604,1.5393178572273036,-0.0334506883670933,-1.4681733166191775,-0.3081601513426716,-0.8193831940055707,-0.5375389036940379,0
1.5287059425149885,-0.6457266637172121,-0.3745994122673282,-1.2978786506634954,0.2820319704866573,-0.9420375236717596,1.2204302056910403,-0.5375389036940379,0
0.1440316905772939,1.210710091172571,1.0902036965155666,-0.3661948889714096,0.8654337328552689,0.3257172209864163,-0.8193831940055707,-0.8875112663966895,0
-1.5868111243448242,-0.9177320490490488,-1.0793631721534385,0.6985865529624027,-0.3013697918819543,1.5934719656445924,1.2204302056910403,0.5123781844139168,0
0.4902002535617175,-0.5913255866508448,-0.7753474325947242,0.4989400325998128,0.2820319704866573,1.2765332794800484,1.2204302056910403,-0.1875665409913863,0
-0.894473998375977,1.237910629705754,0.9243769294835406,-1.3644274907843588,-0.3013697918819543,1.2765332794800484,1.2204302056910403,0.5123781844139168,0
-0.2021368724071297,0.7823016092749283,0.9589241726152132,0.3658423523580862,1.4488354952238804,1.5934719656445924,-0.8193831940055707,0.5123781844139168,0
-1.5868111243448242,-0.8565308373493856,-0.9066269564950784,2.029563355379668,0.8654337328552689,1.2765332794800484,-0.8193831940055707,-0.8875112663966895,0
1.5287059425149885,0.7483009361084495,1.0971131451419007,1.0313307535667189,1.4488354952238804,-1.5759148960008476,1.2204302056910403,-1.5874559918019926,1
0.1440316905772939,-1.7201479357779657,-1.7357607916552078,0.8316842332041292,-1.4681733166191775,-1.5759148960008476,-0.8193831940055707,0.8623505471165683,0
1.5287059425149885,-0.9857333953820075,-0.934264751000416,-0.2996460488505464,1.4488354952238804,-0.3081601513426716,-0.8193831940055707,-0.8875112663966895,0
0.1440316905772939,-1.11493595341463,-1.134638761164114,0.2327446721163597,-0.3013697918819543,-1.2589762098363035,1.2204302056910403,0.8623505471165683,0
0.1440316905772939,-1.019734068548487,-1.1070009666587763,0.2327446721163597,-0.8847715542505659,-1.2589762098363035,1.2204302056910403,0.8623505471165683,0
-1.2406425613604006,-1.196537569014181,-0.9549930968794188,0.8316842332041292,-1.4681733166191775,-0.3081601513426716,-0.8193831940055707,1.5622952725218715,0
-0.2021368724071297,0.6054981088092348,0.9381958267362104,-0.1665483686088198,0.2820319704866573,-1.2589762098363035,1.2204302056910403,-0.5375389036940379,0
-1.2406425613604006,1.2855115721388255,1.4633139223376257,-1.0316832901800423,1.4488354952238804,0.9595945933155045,-0.8193831940055707,-0.1875665409913863,0
-0.2021368724071297,-0.6593269329838043,-0.4229655526516693,0.765135393083266,0.8654337328552689,-0.6250988375072156,1.2204302056910403,1.5622952725218715,0
1.1825373795305647,-0.9177320490490488,-0.9895403400110911,-0.1665483686088198,1.4488354952238804,-0.3081601513426716,1.2204302056910403,0.8623505471165683,0
0.4902002535617175,1.0747073985066522,0.7447312651988459,-1.2313298105426322,0.8654337328552689,0.9595945933155045,1.2204302056910403,1.21232290981922,0
-0.5483054353915534,1.7751212657361315,1.670597381127657,-0.6323902494548628,0.2820319704866573,-1.2589762098363035,-0.8193831940055707,-0.8875112663966895,0
0.8363688165461411,-0.4009218169185592,-0.250229336993309,0.565488872720676,-0.8847715542505659,1.2765332794800484,-0.8193831940055707,-1.5874559918019926,0
0.4902002535617175,0.0818877420454502,0.0745147484444081,-0.7654879296965893,-1.4681733166191775,-0.6250988375072156,1.2204302056910403,-0.1875665409913863,0
-0.894473998375977,-1.0265342031817832,-1.341922219954146,-0.4992925692131362,0.8654337328552689,1.2765332794800484,1.2204302056910403,-0.8875112663966895,0
-1.2406425613604006,-0.5097239710512939,-0.2433198883669747,1.2309772739293088,0.8654337328552689,0.3257172209864163,1.2204302056910403,1.21232290981922,0
1.5287059425149885,1.2175102258058668,1.145479285526242,0.765135393083266,0.2820319704866573,-0.6250988375072156,-0.8193831940055707,1.5622952725218715,1
0.8363688165461411,0.7006999936753779,0.979652518494216,0.8982330733249925,-1.4681733166191775,1.2765332794800484,1.2204302056910403,1.5622952725218715,1
-0.894473998375977,-0.5573249134843654,-0.8997175078687434,-0.4992925692131362,0.8654337328552689,-0.3081601513426716,-0.8193831940055707,0.5123781844139168,0
-1.2406425613604006,0.8095021478081126,0.9036485836045376,0.765135393083266,-0.8847715542505659,1.2765332794800484,1.2204302056910403,0.5123781844139168,0
-1.2406425613604006,-1.0741351456148542,-0.8444419188580686,-0.0999995284879566,-1.4681733166191775,-0.6250988375072156,1.2204302056910403,0.5123781844139168,0
-0.5483054353915534,0.0614873381455623,0.0676052998180739,0.8316842332041292,1.4488354952238804,-1.2589762098363035,-0.8193831940055707,-0.8875112663966895,0
0.8363688165461411,0.6394987819757149,0.7309123679461774,0.0330981517537699,0.8654337328552689,-0.3081601513426716,-0.8193831940055707,-0.5375389036940379,1
-0.894473998375977,-0.8429305680827935,-1.0724537235271037,-0.4327437290922729,1.4488354952238804,0.6426559071509603,1.2204302056910403,-0.5375389036940379,0
0.4902002535617175,1.0203063214402848,0.9934714157468856,-1.0316832901800423,-0.3013697918819543,-0.9420375236717596,-0.8193831940055707,1.5622952725218715,0
0.4902002535617175,-1.223738107547364,-1.2382804905591298,0.8316842332041292,0.2820319704866573,0.6426559071509603,1.2204302056910403,-0.5375389036940379,0
0.8363688165461411,-1.0061337992818955,-0.8582608161107372,-0.4327437290922729,-0.8847715542505659,0.3257172209864163,-0.8193831940055707,-0.8875112663966895,0
0.1440316905772939,-1.2917394538803235,-1.017178134516429,-0.4327437290922729,-0.3013697918819543,0.0087785348218723,-0.8193831940055707,-0.1875665409913863,0
0.4902002535617175,-0.1425167008533148,-0.4575127957833412,0.1661958319954964,1.4488354952238804,0.9595945933155045,1.2204302056910403,1.5622952725218715,0
-1.2406425613604006,-0.3057199320524167,-0.0429458782032767,0.8316842332041292,0.8654337328552689,0.0087785348218723,-0.8193831940055707,-1.5874559918019926,0
0.4902002535617175,0.7143002629419695,0.3992588338821253,-0.9651344500591792,0.2820319704866573,1.2765332794800484,-0.8193831940055707,-1.5874559918019926,0
-1.5868111243448242,-0.5505247788510697,-0.6302490114417015,0.0996469918746332,0.8654337328552689,-1.2589762098363035,1.2204302056910403,0.5123781844139168,0
-0.894473998375977,-1.0605348763482627,-1.0586348262744352,0.2327446721163597,0.8654337328552689,-1.5759148960008476,-0.8193831940055707,0.5123781844139168,0
-0.894473998375977,1.2515108989723456,0.979652518494216,0.0996469918746332,-1.4681733166191775,1.5934719656445924,-0.8193831940055707,-0.1875665409913863,0
-1.2406425613604006,0.9795055136405104,1.1109320423945706,0.8982330733249925,0.8654337328552689,0.0087785348218723,1.2204302056910403,-0.8875112663966895,1
-1.5868111243448242,-0.8361304334494978,-1.1070009666587763,1.9630145152588048,-0.3013697918819543,-1.5759148960008476,1.2204302056910403,1.21232290981922,0
0.1440316905772939,1.4147141301714476,1.23530211766859,-0.4327437290922729,-1.4681733166191775,0.0087785348218723,-0.8193831940055707,0.1624058217112652,0
-1.2406425613604006,1.5167161496708863,1.573865100358976,0.3658423523580862,-0.8847715542505659,-1.5759148960008476,-0.8193831940055707,0.5123781844139168,0
-0.2021368724071297,0.4354947429768371,0.4476249742664664,0.565488872720676,0.2820319704866573,0.6426559071509603,-0.8193831940055707,0.1624058217112652,0
0.1440316905772939,-0.3805214130186719,-0.416056104025335,-1.6971716913886752,-0.3013697918819543,-1.2589762098363035,1.2204302056910403,-1.5874559918019926,0
-0.2021368724071297,-1.1693370304809974,-1.3902883603384872,1.0978795936875825,-0.3013697918819543,0.3257172209864163,1.2204302056910403,0.5123781844139168,0
-0.5483054353915534,0.9659052443739176,0.6549084330564993,0.3658423523580862,1.4488354952238804,1.5934719656445924,-0.8193831940055707,0.8623505471165683,0
0.1440316905772939,-1.4345422811795376,-1.5492056787441784,0.4323911924789496,0.8654337328552689,-0.6250988375072156,1.2204302056910403,-0.8875112663966895,0
0.4902002535617175,0.9931057829071018,0.9381958267362104,-0.1665483686088198,0.2820319704866573,-0.9420375236717596,1.2204302056910403,1.5622952725218715,0
-0.894473998375977,1.2855115721388255,1.6360501379959858,0.2327446721163597,0.8654337328552689,1.5934719656445924,1.2204302056910403,0.5123781844139168,0
-1.2406425613604006,-0.7681290871165383,-0.6302490114417015,-1.5640740111469489,-0.3013697918819543,1.5934719656445924,1.2204302056910403,0.8623505471165683,0
-0.5483054353915534,0.4218944737102456,0.6203611899248267,0.3658423523580862,-0.3013697918819543,-0.3081601513426716,1.2204302056910403,0.1624058217112652,0
0.1440316905772939,1.4963157457709992,1.311306052558268,-0.8985856099383158,1.4488354952238804,0.0087785348218723,-0.8193831940055707,0.5123781844139168,0
0.8363688165461411,0.4558951468767244,0.6549084330564993,-0.4992925692131362,-1.4681733166191775,-1.2589762098363035,1.2204302056910403,-0.1875665409913863,0
0.4902002535617175,1.339912649205193,1.0141997616258884,2.029563355379668,-1.4681733166191775,0.0087785348218723,-0.8193831940055707,0.8623505471165683,0
-0.5483054353915534,1.591517630637141,1.5116800627219664,-1.8968182117512649,-1.4681733166191775,0.3257172209864163,1.2204302056910403,-1.5874559918019926,0
-0.5483054353915534,0.8435028209745914,0.5167194605298103,0.8982330733249925,-1.4681733166191775,-0.9420375236717596,-0.8193831940055707,1.5622952725218715,0
0.8363688165461411,0.0342867996123786,0.0606958511917396,0.765135393083266,0.8654337328552689,0.9595945933155045,-0.8193831940055707,1.5622952725218715,1
-0.5483054353915534,-1.7541486089444451,-1.6252096136338572,-0.7654879296965893,-0.8847715542505659,-1.5759148960008476,-0.8193831940055707,1.5622952725218715,0
1.5287059425149885,1.2855115721388255,1.0694753506365635,0.3658423523580862,0.2820319704866573,0.6426559071509603,-0.8193831940055707,-0.1875665409913863,1
-0.2021368724071297,-0.1017158930535396,-0.2364104397406398,0.8982330733249925,0.2820319704866573,-0.6250988375072156,-0.8193831940055707,1.21232290981922,0
-0.5483054353915534,-0.7613289524832425,-1.00335923726376,1.2309772739293088,-0.3013697918819543,-0.6250988375072156,-0.8193831940055707,-0.5375389036940379,0
1.5287059425149885,-0.3805214130186719,-0.2087726452353022,0.0996469918746332,-1.4681733166191775,0.3257172209864163,-0.8193831940055707,1.21232290981922,0
0.8363688165461411,0.6190983780758263,0.3578021421241197,-1.6971716913886752,-0.3013697918819543,-1.5759148960008476,-0.8193831940055707,-0.1875665409913863,1
-1.5868111243448242,-1.8085496860108123,-1.64593795951286,0.8982330733249925,1.4488354952238804,1.2765332794800484,-0.8193831940055707,-1.5874559918019926,0
0.8363688165461411,-0.3329204705856003,-0.1120403644666206,2.6285029164674376,1.4488354952238804,0.3257172209864163,-0.8193831940055707,1.5622952725218715,1
1.5287059425149885,1.6799193808699884,1.6775068297539926,0.8316842332041292,-1.4681733166191775,0.9595945933155045,-0.8193831940055707,0.8623505471165683,1
1.1825373795305647,-0.6797273368836916,-0.934264751000416,0.0996469918746332,-0.8847715542505659,-0.3081601513426716,1.2204302056910403,-1.5874559918019926,0
1.1825373795305647,0.5714974356427548,0.6410895358038308,0.565488872720676,0.8654337328552689,0.3257172209864163,1.2204302056910403,-0.8875112663966895,1
0.8363688165461411,1.462315072604519,1.684416278380327,1.5637214745336252,0.2820319704866573,1.2765332794800484,1.2204302056910403,1.21232290981922,1
-0.5483054353915534,1.061107129240061,1.2283926690422555,0.6320377128415394,-1.4681733166191775,0.6426559071509603,-0.8193831940055707,-0.1875665409913863,0
0.1440316905772939,-1.0673350109815585,-1.00335923726376,1.0313307535667189,-0.8847715542505659,0.3257172209864163,-0.8193831940055707,1.21232290981922,0
-1.5868111243448242,1.2719113028722342,1.0694753506365635,-0.4992925692131362,-1.4681733166191775,-1.5759148960008476,1.2204302056910403,0.1624058217112652,0
-1.5868111243448242,-0.1221162969534275,-0.0705836727086144,0.8316842332041292,1.4488354952238804,-0.6250988375072156,-0.8193831940055707,0.5123781844139168,0
1.5287059425149885,0.6326986473424191,0.7240029193198432,-0.2330972087296831,0.2820319704866573,1.2765332794800484,-0.8193831940055707,0.5123781844139168,1
1.1825373795305647,0.5714974356427548,0.6549084330564993,-0.1665483686088198,-1.4681733166191775,1.2765332794800484,-0.8193831940055707,0.5123781844139168,0
1.1825373795305647,-1.3801412041131702,-1.659756856765529,-0.4992925692131362,-0.8847715542505659,0.3257172209864163,-0.8193831940055707,0.5123781844139168,0
0.4902002535617175,-0.7545288178499467,-0.5818828710573605,0.9647819134458556,1.4488354952238804,0.9595945933155045,-0.8193831940055707,-1.5874559918019926,0
1.1825373795305647,1.0475068599734692,1.166207631405246,-0.0334506883670933,0.8654337328552689,-1.5759148960008476,-0.8193831940055707,0.1624058217112652,1
0.1440316905772939,-0.951732722215528,-1.2797371823171366,-0.4327437290922729,0.8654337328552689,1.5934719656445924,-0.8193831940055707,-0.5375389036940379,0
1.1825373795305647,-1.4957434928792006,-1.3557411172068148,1.3640749541710353,1.4488354952238804,-0.3081601513426716,-0.8193831940055707,1.21232290981922,1
0.1440316905772939,0.2926919156776231,0.2265226182237656,-0.698939089575726,1.4488354952238804,0.6426559071509603,1.2204302056910403,-0.5375389036940379,0
-0.5483054353915534,1.1019079370398364,1.0211092102522228,-1.0316832901800423,-0.3013697918819543,-1.2589762098363035,1.2204302056910403,-1.237483629099341,0
1.5287059425149885,0.3606932620105825,0.5650856009141514,-0.698939089575726,1.4488354952238804,0.6426559071509603,1.2204302056910403,-1.5874559918019926,1
1.1825373795305647,-1.3325402616800988,-1.17609545292212,-0.7654879296965893,-0.3013697918819543,0.6426559071509603,-0.8193831940055707,0.5123781844139168,0
0.8363688165461411,0.1090882805786338,0.1781564778394246,-0.0334506883670933,-1.4681733166191775,0.9595945933155045,-0.8193831940055707,1.21232290981922,0
0.1440316905772939,-1.2917394538803235,-1.1622765556694516,0.0330981517537699,0.8654337328552689,0.6426559071509603,-0.8193831940055707,-0.1875665409913863,0
-1.5868111243448242,-0.9585328568488238,-0.8306230216053995,0.6320377128415394,-1.4681733166191775,1.5934719656445924,-0.8193831940055707,1.5622952725218715,0
-1.2406425613604006,-0.9245321836823444,-1.0379064803954317,0.9647819134458556,-1.4681733166191775,-0.6250988375072156,-0.8193831940055707,-0.5375389036940379,0
-0.5483054353915534,-0.4961237017847023,-0.5542450765520228,0.4989400325998128,-0.3013697918819543,0.9595945933155045,1.2204302056910403,-0.1875665409913863,0
-1.5868111243448242,-1.6861472626114862,-1.528477332865175,0.0996469918746332,-0.3013697918819543,-0.6250988375072156,1.2204302056910403,0.8623505471165683,0
1.5287059425149885,-0.795329625649722,-0.9964497886374256,-0.1665483686088198,-0.8847715542505659,1.2765332794800484,-0.8193831940055707,-1.5874559918019926,0
-1.5868111243448242,1.2447107643390498,1.4978611654692968,-0.9651344500591792,-0.8847715542505659,0.3257172209864163,1.2204302056910403,-0.1875665409913863,0
-0.894473998375977,0.2858917810443273,0.4268966283874637,0.9647819134458556,-0.3013697918819543,0.3257172209864163,1.2204302056910403,0.8623505471165683,0
-1.5868111243448242,-0.5233242403178859,-0.7269812922103831,0.299293512237223,0.2820319704866573,1.2765332794800484,1.2204302056910403,-0.5375389036940379,0
-0.5483054353915534,0.7006999936753779,0.7378218165725117,0.4989400325998128,-0.8847715542505659,0.0087785348218723,1.2204302056910403,0.1624058217112652,0
0.4902002535617175,-0.8225301641829056,-0.8444419188580686,0.0330981517537699,-1.4681733166191775,0.3257172209864163,-0.8193831940055707,-0.1875665409913863,0
-0.5483054353915534,0.8639032248744799,0.7170934706935089,-1.430976330905222,-0.3013697918819543,-0.9420375236717596,1.2204302056910403,0.8623505471165683,0
0.4902002535617175,0.3062921849442152,0.198884823718428,-0.7654879296965893,0.8654337328552689,0.9595945933155045,-0.8193831940055707,-0.5375389036940379,0
-0.894473998375977,-0.8769312412492729,-0.934264751000416,-2.895050813564214,1.4488354952238804,0.3257172209864163,1.2204302056910403,0.8623505471165683,0
1.5287059425149885,0.5986979741759391,0.6618178816828335,-0.4992925692131362,0.8654337328552689,1.5934719656445924,-0.8193831940055707,-0.8875112663966895,1
-0.5483054353915534,-0.9857333953820075,-0.7062529463313802,0.3658423523580862,0.8654337328552689,0.3257172209864163,-0.8193831940055707,-0.8875112663966895,0
-0.2021368724071297,0.9727053790072144,0.8345540973411939,0.4989400325998128,0.2820319704866573,0.9595945933155045,1.2204302056910403,0.8623505471165683,0
0.8363688165461411,-0.4689231632515186,-0.132768710345624,1.3640749541710353,0.2820319704866573,0.9595945933155045,1.2204302056910403,1.21232290981922,1
-0.894473998375977,-0.972133126115416,-1.224461593306461,-1.0982321303009055,-0.3013697918819543,-0.6250988375072156,-0.8193831940055707,-0.1875665409913863,0
0.8363688165461411,-1.278139184613731,-0.9895403400110911,0.0330981517537699,0.2820319704866573,-1.5759148960008476,1.2204302056910403,-1.237483629099341,0
0.4902002535617175,-0.0065140081873971,-0.167315953477296,1.0978795936875825,-1.4681733166191775,-1.2589762098363035,1.2204302056910403,0.1624058217112652,0
1.1825373795305647,1.176709418006091,0.8621918918465309,-1.5640740111469489,-0.8847715542505659,-0.3081601513426716,-0.8193831940055707,-0.8875112663966895,0
0.4902002535617175,0.8163022824414083,0.6618178816828335,1.0313307535667189,-0.8847715542505659,-0.9420375236717596,-0.8193831940055707,-1.5874559918019926,0
-0.5483054353915534,-1.3801412041131702,-1.459382846601831,0.6320377128415394,-0.8847715542505659,1.5934719656445924,-0.8193831940055707,1.5622952725218715,0
0.4902002535617175,-1.4209420119129454,-1.6666663053918631,0.565488872720676,-0.8847715542505659,-0.3081601513426716,1.2204302056910403,1.5622952725218715,0
-0.894473998375977,-0.4009218169185592,-0.7477096380893865,-0.698939089575726,0.2820319704866573,0.6426559071509603,1.2204302056910403,-0.5375389036940379,0
-0.894473998375977,-0.2241183164528657,-0.1604065048509617,-0.2330972087296831,-1.4681733166191775,-0.9420375236717596,1.2204302056910403,0.8623505471165683,0
0.4902002535617175,-0.5641250481176612,-0.2778671314986466,-1.4975251710260853,0.2820319704866573,-0.6250988375072156,1.2204302056910403,0.8623505471165683,0
-0.2021368724071297,1.3875135916382646,1.5393178572273036,1.0313307535667189,-1.4681733166191775,1.5934719656445924,1.2204302056910403,0.1624058217112652,0
0.8363688165461411,-0.5913255866508448,-0.4851505902886789,-1.7637205315095383,1.4488354952238804,-0.9420375236717596,1.2204302056910403,-1.5874559918019926,0
-1.5868111243448242,-0.4485227593516308,-0.3124143746303186,-0.5658414093339995,-0.8847715542505659,-0.6250988375072156,-0.8193831940055707,-0.5375389036940379,0
1.1825373795305647,1.31271211067201,1.2283926690422555,0.8982330733249925,1.4488354952238804,0.6426559071509603,-0.8193831940055707,0.5123781844139168,1
-0.894473998375977,-1.86295076307718,-1.5630245759968475,-0.7654879296965893,-0.3013697918819543,0.0087785348218723,1.2204302056910403,0.1624058217112652,0
0.8363688165461411,0.313092319577511,0.3578021421241197,0.1661958319954964,0.2820319704866573,-1.5759148960008476,1.2204302056910403,-1.237483629099341,0
-1.5868111243448242,-1.7405483396778536,-1.6804852026445325,-0.9651344500591792,0.2820319704866573,-1.2589762098363035,-0.8193831940055707,-1.237483629099341,0
-1.5868111243448242,0.8979038980409587,0.8276446487148595,-0.3661948889714096,1.4488354952238804,0.3257172209864163,-0.8193831940055707,1.5622952725218715,0
0.1440316905772939,1.5779173613705495,1.4011288847006158,0.4989400325998128,-0.8847715542505659,0.0087785348218723,-0.8193831940055707,-0.8875112663966895,0
-0.5483054353915534,1.1971098219059784,1.2007548745369172,0.3658423523580862,0.2820319704866573,-0.6250988375072156,1.2204302056910403,0.1624058217112652,0
0.1440316905772939,0.2994920503109188,-0.0222175323242733,-1.1647809704217689,0.8654337328552689,0.0087785348218723,-0.8193831940055707,1.21232290981922,0
0.1440316905772939,-0.1629171047532026,-0.4436938985306727,0.4989400325998128,0.8654337328552689,0.0087785348218723,1.2204302056910403,-0.5375389036940379,0
-1.2406425613604006,-1.1081358187813335,-1.3833789117121524,-0.0999995284879566,-1.4681733166191775,-1.5759148960008476,-0.8193831940055707,1.21232290981922,0
-1.5868111243448242,1.3467127838384887,1.4149477819532843,-1.2313298105426322,1.4488354952238804,0.0087785348218723,1.2204302056910403,-0.5375389036940379,0
-0.894473998375977,-0.0745153545203559,0.081424197070743,-0.8320367698174526,-0.3013697918819543,0.6426559071509603,-0.8193831940055707,-1.237483629099341,0
-0.894473998375977,-0.9245321836823444,-0.7615285353420557,-0.8985856099383158,-1.4681733166191775,0.0087785348218723,-0.8193831940055707,0.1624058217112652,0
1.1825373795305647,0.4762955507766129,0.5236289091561446,2.0961121955005315,0.2820319704866573,-1.2589762098363035,-0.8193831940055707,-0.5375389036940379,1
-1.2406425613604006,1.081507533139948,0.979652518494216,1.9630145152588048,-0.3013697918819543,-0.6250988375072156,-0.8193831940055707,-1.5874559918019926,1
-0.5483054353915534,1.0679072638733564,1.1385698368999075,1.0978795936875825,1.4488354952238804,0.6426559071509603,1.2204302056910403,-0.5375389036940379,1
-1.5868111243448242,-1.5569447045788638,-1.576843473249516,-0.6323902494548628,1.4488354952238804,0.0087785348218723,1.2204302056910403,-1.237483629099341,0
0.1440316905772939,0.4626952815100214,0.7240029193198432,-1.2978786506634954,-0.3013697918819543,-0.9420375236717596,1.2204302056910403,1.21232290981922,0
0.1440316905772939,0.1838897615448884,0.4614438715191349,0.2327446721163597,1.4488354952238804,0.9595945933155045,-0.8193831940055707,-1.5874559918019926,0
-0.5483054353915534,0.3198924542108067,0.1021525429497458,1.2975261140501722,-0.8847715542505659,0.3257172209864163,1.2204302056910403,1.21232290981922,0
-0.894473998375977,1.2515108989723456,1.00038086437322,0.1661958319954964,0.8654337328552689,1.2765332794800484,-0.8193831940055707,-0.5375389036940379,0
-1.2406425613604006,0.1090882805786338,-0.0982214672139521,-0.2330972087296831,1.4488354952238804,-1.2589762098363035,-0.8193831940055707,0.1624058217112652,0
1.1825373795305647,0.8707033595077757,0.910558032230872,0.565488872720676,-0.8847715542505659,0.3257172209864163,1.2204302056910403,-0.8875112663966895,0
-0.2021368724071297,0.0614873381455623,0.2610698613554376,-0.698939089575726,0.2820319704866573,-1.5759148960008476,1.2204302056910403,-0.1875665409913863,0
0.1440316905772939,0.5442968971095717,0.53053835778248,0.2327446721163597,1.4488354952238804,-0.9420375236717596,1.2204302056910403,0.1624058217112652,0
0.1440316905772939,0.9591051097406218,1.0349281075048913,-0.0999995284879566,-0.8847715542505659,-0.3081601513426716,-0.8193831940055707,0.8623505471165683,0
0.8363688165461411,1.258311033605643,1.23530211766859,-2.895050813564214,-0.3013697918819543,0.3257172209864163,1.2204302056910403,0.5123781844139168,1
0.8363688165461411,0.6598991858756021,0.9036485836045376,0.1661958319954964,1.4488354952238804,1.5934719656445924,1.2204302056910403,-1.5874559918019926,1
1.5287059425149885,-1.4753430889793129,-1.341922219954146,0.565488872720676,-0.3013697918819543,-0.9420375236717596,1.2204302056910403,1.5622952725218715,0
-0.894473998375977,-0.6185261251840285,-0.5266072820466857,-0.2996460488505464,-1.4681733166191775,1.5934719656445924,-0.8193831940055707,-0.8875112663966895,0
0.8363688165461411,-0.0405146813538765,0.2887076558607753,0.565488872720676,-0.3013697918819543,-0.9420375236717596,-0.8193831940055707,1.21232290981922,0
0.1440316905772939,-1.5229440314123843,-1.5975718191285195,-0.3661948889714096,0.2820319704866573,1.5934719656445924,-0.8193831940055707,-1.237483629099341,0
0.8363688165461411,0.9591051097406218,1.297487155305599,-0.6323902494548628,0.2820319704866573,-0.6250988375072156,1.2204302056910403,-1.237483629099341,1
1.5287059425149885,1.2855115721388255,1.4909517168429625,-0.698939089575726,-0.3013697918819543,0.0087785348218723,1.2204302056910403,-0.1875665409913863,1
-0.2021368724071297,-1.0673350109815585,-0.9619025455057536,-2.0964647321138545,1.4488354952238804,0.0087785348218723,-0.8193831940055707,1.21232290981922,0
-1.2406425613604006,0.7483009361084495,0.4752627687718047,0.0996469918746332,0.2820319704866573,0.9595945933155045,1.2204302056910403,1.21232290981922,0
1.5287059425149885,1.591517630637141,1.332034398437272,1.1644284338084456,-1.4681733166191775,-1.2589762098363035,1.2204302056910403,-1.237483629099341,1
0.4902002535617175,0.4830956854099087,0.4338060770137979,0.565488872720676,1.4488354952238804,0.0087785348218723,1.2204302056910403,-0.8875112663966895,0
1.5287059425149885,-1.0129339339151913,-0.699343497705046,1.0978795936875825,-1.4681733166191775,1.2765332794800484,-0.8193831940055707,-1.237483629099341,0
0.1440316905772939,0.1702894922782969,-0.0083986350716048,0.6985865529624027,-1.4681733166191775,1.2765332794800484,-0.8193831940055707,-0.1875665409913863,0
1.5287059425149885,0.7075001283086737,0.5650856009141514,0.6985865529624027,-1.4681733166191775,-0.6250988375072156,1.2204302056910403,-0.1875665409913863,0
-1.2406425613604006,-1.11493595341463,-1.0862726207797728,0.3658423523580862,1.4488354952238804,0.3257172209864163,-0.8193831940055707,-0.8875112663966895,0
1.5287059425149885,0.4354947429768371,0.7170934706935089,-0.698939089575726,-0.3013697918819543,-1.5759148960008476,-0.8193831940055707,-0.5375389036940379,1
0.1440316905772939,1.632318438436917,1.3251249498109363,-1.430976330905222,1.4488354952238804,-1.2589762098363035,-0.8193831940055707,-1.237483629099341,0
0.1440316905772939,-1.2033377036474768,-1.141548209790448,-0.6323902494548628,-1.4681733166191775,0.6426559071509603,1.2204302056910403,0.1624058217112652,0
0.8363688165461411,0.9659052443739176,1.3182155011846022,-0.698939089575726,-0.8847715542505659,1.2765332794800484,1.2204302056910403,0.5123781844139168,0
-0.5483054353915534,0.2518911078778479,0.0606958511917396,-2.0299158919929914,-1.4681733166191775,0.9595945933155045,-0.8193831940055707,-0.8875112663966895,0
-0.894473998375977,-1.611345781645231,-1.5146584356125063,1.2309772739293088,0.8654337328552689,0.0087785348218723,1.2204302056910403,-1.5874559918019926,0
0.4902002535617175,-0.5709251827509569,-0.7200718435840489,-0.0999995284879566,0.8654337328552689,0.0087785348218723,-0.8193831940055707,0.8623505471165683,0
-1.2406425613604006,1.686719515503284,1.4356761278322872,0.299293512237223,0.8654337328552689,1.2765332794800484,1.2204302056910403,1.5622952725218715,0
0.4902002535617175,1.2039099565392752,0.931286378109876,1.5637214745336252,-0.3013697918819543,0.9595945933155045,-0.8193831940055707,-0.8875112663966895,1
0.8363688165461411,0.1974900308114806,0.2610698613554376,-0.2996460488505464,-0.3013697918819543,0.9595945933155045,-0.8193831940055707,0.1624058217112652,0
-0.894473998375977,0.5510970317428675,0.4959911146508075,-1.1647809704217689,-1.4681733166191775,0.3257172209864163,-0.8193831940055707,0.1624058217112652,0
0.1440316905772939,-0.9585328568488238,-0.968811994132088,1.3640749541710353,0.8654337328552689,0.9595945933155045,-0.8193831940055707,1.5622952725218715,0
-0.5483054353915534,1.1563090141062038,0.8967391349782035,-1.1647809704217689,-0.8847715542505659,0.3257172209864163,-0.8193831940055707,-0.8875112663966895,0
-0.894473998375977,-1.550144569945568,-1.328103322701477,-1.0316832901800423,1.4488354952238804,1.2765332794800484,-0.8193831940055707,-0.5375389036940379,0
0.8363688165461411,-1.5161438967790886,-1.3004655281961393,-0.2330972087296831,0.2820319704866573,-0.6250988375072156,1.2204302056910403,0.5123781844139168,0
-0.894473998375977,-1.3597408002132825,-1.5561151273705127,-0.0999995284879566,-1.4681733166191775,-0.9420375236717596,-0.8193831940055707,-1.5874559918019926,0
-1.5868111243448242,-0.8021297602830183,-0.5749734224310262,-0.8985856099383158,-0.3013697918819543,1.2765332794800484,-0.8193831940055707,0.5123781844139168,0
-0.5483054353915534,-1.4617428197127211,-1.53538678149151,-0.0999995284879566,-0.3013697918819543,-1.2589762098363035,-0.8193831940055707,0.1624058217112652,0
0.4902002535617175,0.503496089309796,0.8276446487148595,-0.8985856099383158,-1.4681733166191775,0.3257172209864163,1.2204302056910403,0.1624058217112652,0
-1.5868111243448242,0.0138863957124907,0.0261486080600677,0.299293512237223,1.4488354952238804,0.6426559071509603,-0.8193831940055707,-1.5874559918019926,0
0.1440316905772939,-1.590945377745343,-1.376469463085818,0.1661958319954964,-0.8847715542505659,0.3257172209864163,-0.8193831940055707,0.5123781844139168,0
-1.2406425613604006,-1.3801412041131702,-1.245189939185464,0.0330981517537699,-0.3013697918819543,-0.9420375236717596,-0.8193831940055707,-1.237483629099341,0
0.8363688165461411,-1.5025436275124964,-1.3971978089648216,0.4989400325998128,-0.8847715542505659,-0.3081601513426716,1.2204302056910403,-0.5375389036940379,0
-1.2406425613604006,0.5918978395426433,0.3301643476187815,-1.6306228512678118,-1.4681733166191775,-1.5759148960008476,1.2204302056910403,0.5123781844139168,0
-1.5868111243448242,-0.9245321836823444,-0.6302490114417015,-1.2978786506634954,-0.3013697918819543,-0.6250988375072156,-0.8193831940055707,0.1624058217112652,0
0.1440316905772939,-0.3533208744854882,-0.4298750012780036,-0.3661948889714096,-0.8847715542505659,-0.9420375236717596,-0.8193831940055707,1.5622952725218715,0
-0.894473998375977,-0.0745153545203559,-0.3815088608936625,0.299293512237223,-1.4681733166191775,0.0087785348218723,-0.8193831940055707,0.5123781844139168,0
1.5287059425149885,0.6462989166090106,0.6618178816828335,1.430623794291899,-0.8847715542505659,0.3257172209864163,1.2204302056910403,1.21232290981922,1
-0.2021368724071297,1.2991118414054172,1.6567784838749886,0.4989400325998128,0.2820319704866573,-0.6250988375072156,1.2204302056910403,-0.1875665409913863,0
1.5287059425149885,0.925104436574143,0.8000068542095213,-1.7637205315095383,0.8654337328552689,0.3257172209864163,-0.8193831940055707,-0.8875112663966895,1
0.1440316905772939,-0.8973316451491609,-0.9964497886374256,1.8964656751379412,-1.4681733166191775,-1.2589762098363035,1.2204302056910403,-0.8875112663966895,0
-1.2406425613604006,0.4830956854099087,0.3716210393767883,1.0313307535667189,-0.8847715542505659,-0.9420375236717596,-0.8193831940055707,-0.5375389036940379,0
1.5287059425149885,-1.0265342031817832,-1.3833789117121524,0.0330981517537699,-1.4681733166191775,1.5934719656445924,-0.8193831940055707,-1.237483629099341,0
-0.894473998375977,1.1971098219059784,1.076384799262898,-1.2313298105426322,-0.3013697918819543,0.6426559071509603,-0.8193831940055707,0.5123781844139168,0
-1.5868111243448242,0.761901205375041,0.8898296863518692,-1.3644274907843588,-0.3013697918819543,-1.5759148960008476,-0.8193831940055707,0.5123781844139168,0
-0.894473998375977,-1.7745490128443329,-1.611390716381188,-0.2330972087296831,-0.8847715542505659,-1.2589762098363035,-0.8193831940055707,-0.5375389036940379,0
1.5287059425149885,-0.3533208744854882,-0.049855326829611,-0.8320367698174526,-1.4681733166191775,1.5934719656445924,-0.8193831940055707,-0.1875665409913863,0
0.1440316905772939,0.6326986473424191,0.3992588338821253,0.765135393083266,-0.3013697918819543,1.2765332794800484,-0.8193831940055707,0.8623505471165683,1
-0.894473998375977,-0.5709251827509569,-0.7131623949577146,-0.5658414093339995,1.4488354952238804,1.2765332794800484,-0.8193831940055707,0.8623505471165683,0
-0.894473998375977,-1.7405483396778536,-1.4732017438544995,-0.4992925692131362,1.4488354952238804,0.3257172209864163,-0.8193831940055707,-1.237483629099341,0
1.5287059425149885,-1.4209420119129454,-1.459382846601831,0.0996469918746332,-0.8847715542505659,-1.5759148960008476,-0.8193831940055707,-0.5375389036940379,0
-0.2021368724071297,0.1430889537451133,0.0054202621810642,-1.8302693716304017,1.4488354952238804,1.5934719656445924,1.2204302056910403,-0.8875112663966895,0
-1.5868111243448242,1.605117899903734,1.6153217921169818,0.0996469918746332,-0.8847715542505659,0.3257172209864163,1.2204302056910403,-1.5874559918019926,0
-1.5868111243448242,1.176709418006091,0.910558032230872,1.2975261140501722,-0.8847715542505659,-0.6250988375072156,1.2204302056910403,-1.5874559918019926,0
-1.5868111243448242,1.0203063214402848,1.2283926690422555,1.430623794291899,-0.3013697918819543,-0.9420375236717596,-0.8193831940055707,-0.8875112663966895,1
-0.894473998375977,-0.6593269329838043,-0.416056104025335,1.2975261140501722,-1.4681733166191775,1.2765332794800484,-0.8193831940055707,-0.1875665409913863,0
-0.2021368724071297,0.1634893576450005,-0.1189498130929549,0.9647819134458556,-1.4681733166191775,0.3257172209864163,-0.8193831940055707,-1.237483629099341,0
-0.5483054353915534,0.5714974356427548,0.6134517412984924,2.029563355379668,-1.4681733166191775,-0.9420375236717596,1.2204302056910403,1.21232290981922,0
0.1440316905772939,-1.101335684148038,-1.3971978089648216,-2.761953133322488,0.8654337328552689,-1.2589762098363035,-0.8193831940055707,0.5123781844139168,0
0.4902002535617175,-1.0265342031817832,-0.975721442758422,0.299293512237223,-0.3013697918819543,0.9595945933155045,-0.8193831940055707,-1.237483629099341,0
1.5287059425149885,0.6734994551421937,0.6963651248145049,-0.8985856099383158,-1.4681733166191775,1.5934719656445924,-0.8193831940055707,-0.8875112663966895,0
-0.5483054353915534,0.149889088378409,0.4338060770137979,-0.0999995284879566,1.4488354952238804,-0.6250988375072156,-0.8193831940055707,-1.237483629099341,0
-0.2021368724071297,0.8231024170747041,0.910558032230872,-1.0982321303009055,-1.4681733166191775,1.2765332794800484,-0.8193831940055707,1.5622952725218715,0
0.1440316905772939,0.7483009361084495,0.7516407138251803,0.6320377128415394,0.8654337328552689,0.9595945933155045,-0.8193831940055707,-1.237483629099341,0
1.1825373795305647,1.2243103604391623,1.4840422682166283,-0.8985856099383158,0.2820319704866573,-0.3081601513426716,-0.8193831940055707,0.1624058217112652,1
-1.5868111243448242,0.9183043019408472,0.9036485836045376,-0.1665483686088198,-0.3013697918819543,1.5934719656445924,1.2204302056910403,1.5622952725218715,0
-0.5483054353915534,1.4759153418711106,1.684416278380327,0.299293512237223,0.8654337328552689,1.5934719656445924,-0.8193831940055707,-0.8875112663966895,0
-1.2406425613604006,-0.2921196627858252,-0.0083986350716048,0.4989400325998128,0.8654337328552689,-0.6250988375072156,1.2204302056910403,-0.5375389036940379,0
-1.5868111243448242,-1.1693370304809974,-1.0240875831427632,-0.0999995284879566,-0.3013697918819543,1.2765332794800484,1.2204302056910403,-0.5375389036940379,0
0.1440316905772939,-0.135716566220019,-0.4782411416623446,0.0330981517537699,1.4488354952238804,-0.3081601513426716,-0.8193831940055707,-1.5874559918019926,0
-0.2021368724071297,-1.2373383768139563,-1.4662922952281654,-0.8320367698174526,0.8654337328552689,-1.2589762098363035,-0.8193831940055707,-1.237483629099341,0
0.1440316905772939,-1.767748878211037,-1.6252096136338572,-1.0982321303009055,1.4488354952238804,0.0087785348218723,-0.8193831940055707,1.5622952725218715,0
-1.5868111243448242,-1.7813491474776288,-1.5906623705021845,0.0330981517537699,-0.3013697918819543,0.0087785348218723,-0.8193831940055707,-1.237483629099341,0
0.4902002535617175,-0.4757232978848144,-0.333142720509322,0.3658423523580862,0.8654337328552689,-1.5759148960008476,-0.8193831940055707,-1.5874559918019926,0
1.5287059425149885,0.8367026863412956,1.124750939647239,0.565488872720676,1.4488354952238804,-0.6250988375072156,1.2204302056910403,-0.1875665409913863,1
-0.2021368724071297,-1.5161438967790886,-1.376469463085818,-0.6323902494548628,-0.8847715542505659,0.3257172209864163,-0.8193831940055707,0.5123781844139168,0
0.1440316905772939,1.2175102258058668,1.2145737717895857,-0.8320367698174526,-0.8847715542505659,-1.5759148960008476,-0.8193831940055707,-0.5375389036940379,0
0.4902002535617175,-1.244138511447252,-1.3142844254488084,0.3658423523580862,0.8654337328552689,0.6426559071509603,-0.8193831940055707,-1.5874559918019926,0
-0.2021368724071297,-0.9245321836823444,-1.1691860042957858,-1.1647809704217689,1.4488354952238804,-0.9420375236717596,1.2204302056910403,1.21232290981922,0
0.8363688165461411,1.5099160150375908,1.5185895113483008,0.1661958319954964,1.4488354952238804,-1.2589762098363035,-0.8193831940055707,0.1624058217112652,1
1.5287059425149885,-0.747728683216651,-0.7200718435840489,0.9647819134458556,0.2820319704866573,-0.9420375236717596,-0.8193831940055707,-0.8875112663966895,1
-1.2406425613604006,-0.6933276061502837,-0.5404261792993543,1.430623794291899,0.2820319704866573,-1.5759148960008476,-0.8193831940055707,1.21232290981922,0
-1.5868111243448242,-1.6045456470119352,-1.64593795951286,-0.0334506883670933,-0.3013697918819543,0.9595945933155045,-0.8193831940055707,-0.8875112663966895,0
0.4902002535617175,-0.8429305680827935,-0.9619025455057536,-0.2330972087296831,-0.3013697918819543,-0.3081601513426716,-0.8193831940055707,1.21232290981922,0
-1.5868111243448242,-1.0673350109815585,-1.3557411172068148,-0.2330972087296831,-1.4681733166191775,-0.9420375236717596,-0.8193831940055707,-1.5874559918019926,0
-0.5483054353915534,-0.7001277407835794,-0.9619025455057536,-0.698939089575726,-0.8847715542505659,-0.3081601513426716,1.2204302056910403,1.5622952725218715,0
-1.2406425613604006,0.0206865303457865,-0.2295009911143056,-1.0316832901800423,-0.3013697918819543,-1.5759148960008476,1.2204302056910403,0.1624058217112652,0
1.1825373795305647,-1.339340396313395,-1.1070009666587763,0.8982330733249925,1.4488354952238804,-0.9420375236717596,-0.8193831940055707,1.5622952725218715,1
-1.2406425613604006,0.9795055136405104,0.7930974055831871,2.428856396104848,-1.4681733166191775,-0.6250988375072156,-0.8193831940055707,-0.5375389036940379,0
-0.894473998375977,-0.9313323183156402,-0.6371584600680358,-0.2330972087296831,-1.4681733166191775,-1.2589762098363035,-0.8193831940055707,-0.5375389036940379,0
-0.894473998375977,-0.6457266637172121,-0.9826308913847565,-0.0334506883670933,-0.8847715542505659,0.6426559071509603,1.2204302056910403,1.21232290981922,0
-1.5868111243448242,-0.7613289524832425,-0.4851505902886789,-0.7654879296965893,0.2820319704866573,1.5934719656445924,-0.8193831940055707,0.5123781844139168,0
1.5287059425149885,-1.3733410694798744,-1.576843473249516,0.4989400325998128,1.4488354952238804,0.6426559071509603,1.2204302056910403,-0.1875665409913863,0
-0.5483054353915534,0.5170963585763875,0.8276446487148595,-0.3661948889714096,0.8654337328552689,0.3257172209864163,1.2204302056910403,0.5123781844139168,0
1.1825373795305647,1.5711172267372535,1.4287666792059528,0.1661958319954964,0.2820319704866573,0.3257172209864163,1.2204302056910403,-0.1875665409913863,1
1.5287059425149885,-0.2513188549860494,-0.3815088608936625,0.0996469918746332,0.2820319704866573,0.6426559071509603,-0.8193831940055707,1.5622952725218715,0
1.1825373795305647,-0.1561169701199069,-0.3124143746303186,0.299293512237223,-0.3013697918819543,0.0087785348218723,-0.8193831940055707,-1.237483629099341,0
-0.5483054353915534,-1.3801412041131702,-1.6873946512708669,0.0330981517537699,-0.3013697918819543,0.9595945933155045,1.2204302056910403,0.1624058217112652,0
-0.894473998375977,-0.9653329914821196,-1.2797371823171366,0.1661958319954964,0.8654337328552689,1.2765332794800484,-0.8193831940055707,1.21232290981922,0
-1.5868111243448242,1.5371165535707738,1.2491210149212584,-0.8320367698174526,-1.4681733166191775,1.5934719656445924,1.2204302056910403,1.5622952725218715,0
1.5287059425149885,-0.0201142774539886,0.2956171044871095,0.3658423523580862,0.8654337328552689,0.9595945933155045,-0.8193831940055707,1.5622952725218715,0
-0.2021368724071297,-1.6453464548117105,-1.4248356034701593,-1.5640740111469489,-0.3013697918819543,-0.9420375236717596,-0.8193831940055707,0.1624058217112652,0
1.5287059425149885,-1.5841452431120473,-1.7012135485235351,0.3658423523580862,-0.3013697918819543,-1.5759148960008476,1.2204302056910403,0.5123781844139168,0
0.4902002535617175,0.0478870688789702,0.0399675053127362,-0.4327437290922729,0.2820319704866573,0.3257172209864163,1.2204302056910403,-0.5375389036940379,0
1.1825373795305647,1.9315243623019365,1.691325727006661,0.2327446721163597,-0.3013697918819543,0.0087785348218723,1.2204302056910403,0.5123781844139168,1
0.8363688165461411,1.2175102258058668,1.028018658878557,1.3640749541710353,-0.8847715542505659,-1.2589762098363035,-0.8193831940055707,-0.5375389036940379,1
0.4902002535617175,-1.1557367612144052,-1.0655442749007695,0.1661958319954964,0.8654337328552689,-1.2589762098363035,-0.8193831940055707,1.5622952725218715,0
0.1440316905772939,-0.4893235671514065,-0.4229655526516693,0.4323911924789496,-1.4681733166191775,0.9595945933155045,1.2204302056910403,1.5622952725218715,0
-0.2021368724071297,-0.5573249134843654,-0.367689963640994,0.4989400325998128,0.8654337328552689,1.2765332794800484,1.2204302056910403,1.5622952725218715,0
-0.5483054353915534,1.0475068599734692,0.9174674808572064,-0.1665483686088198,-0.3013697918819543,-1.5759148960008476,1.2204302056910403,-0.1875665409913863,0
-1.2406425613604006,-1.1829372997475889,-1.0655442749007695,-2.2961112524764444,-0.3013697918819543,1.5934719656445924,-0.8193831940055707,-0.5375389036940379,0
-0.5483054353915534,0.2858917810443273,0.3508926934977843,0.3658423523580862,-1.4681733166191775,0.3257172209864163,-0.8193831940055707,-0.1875665409913863,0
0.1440316905772939,-0.4213222208184471,-0.6026112169363639,-0.9651344500591792,0.2820319704866573,0.9595945933155045,1.2204302056910403,-0.8875112663966895,0
0.1440316905772939,0.6258985127091221,0.3025265531134438,0.565488872720676,0.2820319704866573,0.9595945933155045,1.2204302056910403,-1.5874559918019926,0
1.5287059425149885,0.6666993205088979,0.7101840220671747,0.3658423523580862,1.4488354952238804,0.9595945933155045,1.2204302056910403,1.5622952725218715,1
-0.2021368724071297,-1.0265342031817832,-1.044815929021767,0.0330981517537699,0.8654337328552689,-1.5759148960008476,1.2204302056910403,-0.8875112663966895,0
-0.2021368724071297,0.7143002629419695,0.8276446487148595,-1.8302693716304017,-1.4681733166191775,0.9595945933155045,1.2204302056910403,0.5123781844139168,0
1.1825373795305647,1.2311104950724585,1.4564044737112911,-1.2978786506634954,0.8654337328552689,-0.3081601513426716,-0.8193831940055707,-0.8875112663966895,1
1.5287059425149885,-0.5165241056845902,-0.250229336993309,0.2327446721163597,-0.8847715542505659,1.5934719656445924,-0.8193831940055707,0.1624058217112652,0
-1.5868111243448242,-0.829330298816202,-1.1691860042957858,0.4323911924789496,-1.4681733166191775,0.6426559071509603,1.2204302056910403,1.5622952725218715,0
1.5287059425149885,-0.1629171047532026,-0.0913120185876172,-0.0334506883670933,0.2820319704866573,-0.9420375236717596,1.2204302056910403,-1.5874559918019926,0
-1.2406425613604006,1.2515108989723456,1.4356761278322872,-0.7654879296965893,-0.8847715542505659,-0.9420375236717596,1.2204302056910403,0.8623505471165683,0
1.1825373795305647,-0.3397206052188961,-0.1742254021036302,-0.0334506883670933,0.2820319704866573,-1.2589762098363035,-0.8193831940055707,1.21232290981922,0
-0.894473998375977,0.1974900308114806,0.0192391594337328,0.8316842332041292,-1.4681733166191775,0.0087785348218723,1.2204302056910403,0.5123781844139168,0
1.5287059425149885,0.0138863957124907,0.0330580566864019,0.2327446721163597,0.2820319704866573,0.6426559071509603,-0.8193831940055707,1.5622952725218715,0
-1.5868111243448242,-1.3529406655799865,-1.4801111924808346,-0.5658414093339995,-1.4681733166191775,0.9595945933155045,1.2204302056910403,0.1624058217112652,0
0.4902002535617175,1.115508206306428,1.332034398437272,-1.3644274907843588,-0.8847715542505659,0.6426559071509603,-0.8193831940055707,-1.5874559918019926,0
1.5287059425149885,-1.8221499552774043,-1.6735757540181977,-0.4327437290922729,0.2820319704866573,0.3257172209864163,-0.8193831940055707,-0.5375389036940379,0
-1.5868111243448242,-0.8089298949163141,-0.7753474325947242,0.6320377128415394,1.4488354952238804,-1.5759148960008476,-0.8193831940055707,0.8623505471165683,0
-0.2021368724071297,-0.1561169701199069,0.1228808888287492,0.565488872720676,-0.8847715542505659,0.3257172209864163,1.2204302056910403,-1.237483629099341,0
0.8363688165461411,1.0271064560735803,0.9243769294835406,-1.1647809704217689,-0.3013697918819543,1.2765332794800484,1.2204302056910403,-1.237483629099341,1
1.1825373795305647,1.237910629705754,1.3043966039319337,-0.4992925692131362,0.2820319704866573,1.2765332794800484,-0.8193831940055707,-0.5375389036940379,1
1.1825373795305647,0.5918978395426433,0.5789044981668199,-2.2295624123555813,-1.4681733166191775,-1.2589762098363035,1.2204302056910403,1.5622952725218715,0
0.1440316905772939,-1.2713390499804356,-1.1208198639114448,0.2327446721163597,-1.4681733166191775,0.9595945933155045,1.2204302056910403,1.21232290981922,0
1.1825373795305647,0.8707033595077757,1.124750939647239,-0.9651344500591792,0.2820319704866573,0.6426559071509603,1.2204302056910403,-0.5375389036940379,1
-0.5483054353915534,0.564697301009459,0.2610698613554376,0.3658423523580862,-0.3013697918819543,-1.2589762098363035,-0.8193831940055707,-0.8875112663966895,0
-0.894473998375977,0.7823016092749283,0.5374478064088143,-0.4327437290922729,-0.3013697918819543,-0.3081601513426716,1.2204302056910403,0.1624058217112652,0
-0.5483054353915534,-1.2645389153471398,-1.0517253776481008,0.0330981517537699,-0.3013697918819543,-0.6250988375072156,-0.8193831940055707,0.8623505471165683,0
-0.894473998375977,0.2178904347113679,0.1366997860814184,1.0313307535667189,0.8654337328552689,0.6426559071509603,1.2204302056910403,0.5123781844139168,0
-0.894473998375977,0.891103763407663,1.00038086437322,-1.2978786506634954,-1.4681733166191775,-1.2589762098363035,-0.8193831940055707,-0.8875112663966895,0
-0.5483054353915534,-0.0677152198870601,-0.3193238232566529,0.0330981517537699,1.4488354952238804,0.9595945933155045,-0.8193831940055707,0.5123781844139168,0
1.5287059425149885,-0.7273282793167631,-1.0793631721534385,-0.5658414093339995,0.8654337328552689,1.5934719656445924,-0.8193831940055707,0.5123781844139168,0
0.8363688165461411,1.1835095526393868,1.449495025084957,0.3658423523580862,1.4488354952238804,-1.5759148960008476,1.2204302056910403,0.5123781844139168,1
1.5287059425149885,-0.5709251827509569,-0.250229336993309,1.2975261140501722,-0.3013697918819543,0.3257172209864163,-0.8193831940055707,-1.237483629099341,1
0.4902002535617175,-1.1285362226812217,-0.9619025455057536,0.6985865529624027,1.4488354952238804,0.0087785348218723,-0.8193831940055707,-0.5375389036940379,0
1.1825373795305647,1.7275203233030598,1.601502894864313,0.3658423523580862,-0.3013697918819543,-0.9420375236717596,-0.8193831940055707,-1.237483629099341,1
-0.2021368724071297,-0.2037179125529778,-0.4920600389150132,-1.430976330905222,0.8654337328552689,-0.9420375236717596,-0.8193831940055707,-1.237483629099341,0
1.5287059425149885,1.108708071673132,0.9589241726152132,-2.0299158919929914,-0.8847715542505659,-0.9420375236717596,-0.8193831940055707,0.8623505471165683,0
-1.2406425613604006,0.149889088378409,0.3163454503661129,0.4989400325998128,-1.4681733166191775,0.9595945933155045,-0.8193831940055707,1.21232290981922,0
1.1825373795305647,-1.71334780114467,-1.569934024623182,0.299293512237223,0.2820319704866573,-0.6250988375072156,1.2204302056910403,0.1624058217112652,0
0.4902002535617175,0.8163022824414083,1.0349281075048913,-1.6306228512678118,0.2820319704866573,-0.3081601513426716,-0.8193831940055707,1.21232290981922,0
-1.5868111243448242,-1.6385463201784147,-1.452473397975497,-0.8320367698174526,-1.4681733166191775,0.9595945933155045,1.2204302056910403,1.5622952725218715,0
-0.894473998375977,0.2926919156776231,0.6203611899248267,1.8964656751379412,-0.8847715542505659,-0.3081601513426716,-0.8193831940055707,-0.1875665409913863,0
0.1440316905772939,-0.360121009118784,-0.4436938985306727,0.4323911924789496,1.4488354952238804,0.6426559071509603,-0.8193831940055707,0.8623505471165683,0
1.5287059425149885,-0.4009218169185592,-0.2364104397406398,-0.1665483686088198,-0.3013697918819543,-0.9420375236717596,-0.8193831940055707,-0.1875665409913863,0
-0.894473998375977,-0.9109319144157524,-0.6647962545733734,-2.2295624123555813,-1.4681733166191775,-0.6250988375072156,-0.8193831940055707,0.5123781844139168,0
-1.2406425613604006,-0.5505247788510697,-0.7408001894630523,1.1644284338084456,-0.3013697918819543,-0.3081601513426716,-0.8193831940055707,-0.5375389036940379,0
1.1825373795305647,-1.4345422811795376,-1.335012771327812,0.4989400325998128,0.8654337328552689,1.5934719656445924,-0.8193831940055707,-1.5874559918019926,0
1.5287059425149885,0.3266925888441025,0.5236289091561446,-0.7654879296965893,-0.3013697918819543,-0.3081601513426716,1.2204302056910403,0.8623505471165683,1
1.5287059425149885,0.0546872035122665,0.3578021421241197,0.0996469918746332,-1.4681733166191775,1.5934719656445924,-0.8193831940055707,-1.237483629099341,0
-1.5868111243448242,1.1971098219059784,1.1040225937682364,2.029563355379668,0.2820319704866573,0.3257172209864163,-0.8193831940055707,-0.5375389036940379,1
0.1440316905772939,-0.3805214130186719,-0.7131623949577146,0.299293512237223,-0.8847715542505659,0.9595945933155045,-0.8193831940055707,0.1624058217112652,0
1.1825373795305647,1.108708071673132,1.145479285526242,-0.5658414093339995,-0.8847715542505659,-1.5759148960008476,1.2204302056910403,-0.5375389036940379,0
0.4902002535617175,0.0614873381455623,0.2956171044871095,0.9647819134458556,0.8654337328552689,0.6426559071509603,1.2204302056910403,-0.8875112663966895,0
1.5287059425149885,-0.951732722215528,-1.2037332474274578,0.6320377128415394,1.4488354952238804,0.9595945933155045,1.2204302056910403,0.8623505471165683,0
0.4902002535617175,-1.2169379729140684,-1.4041072575911555,0.4323911924789496,1.4488354952238804,1.5934719656445924,1.2204302056910403,0.5123781844139168,0
-0.2021368724071297,1.632318438436917,1.566955651732642,-0.8320367698174526,-1.4681733166191775,0.6426559071509603,1.2204302056910403,0.5123781844139168,0
1.5287059425149885,-0.9789332607487118,-0.975721442758422,0.4323911924789496,1.4488354952238804,-1.2589762098363035,1.2204302056910403,0.5123781844139168,0
-0.894473998375977,-1.325740127046803,-1.141548209790448,0.4989400325998128,1.4488354952238804,-0.3081601513426716,1.2204302056910403,-0.1875665409913863,0
0.4902002535617175,-1.3325402616800988,-1.459382846601831,0.2327446721163597,-1.4681733166191775,-1.5759148960008476,1.2204302056910403,0.5123781844139168,0
-1.5868111243448242,1.149508879472908,0.8552824432201966,1.3640749541710353,1.4488354952238804,0.6426559071509603,-0.8193831940055707,0.1624058217112652,1
0.8363688165461411,-1.0673350109815585,-0.9411741996267502,-1.430976330905222,-0.3013697918819543,1.2765332794800484,1.2204302056910403,-0.1875665409913863,0
0.1440316905772939,1.2719113028722342,1.1869359772842487,1.0313307535667189,-0.8847715542505659,-1.5759148960008476,-0.8193831940055707,-1.237483629099341,0
0.4902002535617175,1.7955216696360188,1.5876839976116446,-0.6323902494548628,1.4488354952238804,-0.9420375236717596,-0.8193831940055707,0.8623505471165683,0
-0.5483054353915534,1.1291084755730194,1.4840422682166283,-0.2330972087296831,-1.4681733166191775,1.5934719656445924,1.2204302056910403,-1.5874559918019926,0
-1.2406425613604006,0.7483009361084495,0.53053835778248,0.0996469918746332,-0.8847715542505659,0.9595945933155045,1.2204302056910403,-0.1875665409913863,0
0.1440316905772939,-1.6045456470119352,-1.5077489869861722,-1.7637205315095383,-1.4681733166191775,-0.6250988375072156,-0.8193831940055707,1.21232290981922,0
0.4902002535617175,0.1362888191118175,0.2610698613554376,0.4323911924789496,-1.4681733166191775,-1.2589762098363035,1.2204302056910403,1.5622952725218715,0
0.1440316905772939,1.815922073535906,1.553136754479972,-1.1647809704217689,1.4488354952238804,0.9595945933155045,-0.8193831940055707,1.5622952725218715,0
0.4902002535617175,0.9115041673075502,1.0971131451419007,0.8316842332041292,-0.3013697918819543,0.9595945933155045,-0.8193831940055707,-0.1875665409913863,1
0.1440316905772939,0.2994920503109188,0.3232548989924472,-0.3661948889714096,-1.4681733166191775,-1.2589762098363035,1.2204302056910403,-1.5874559918019926,0
0.8363688165461411,-0.2445187203527536,-0.0014891864452699,-2.0964647321138545,-1.4681733166191775,0.0087785348218723,1.2204302056910403,-1.5874559918019926,0
-1.2406425613604006,0.891103763407663,0.7101840220671747,1.5637214745336252,0.2820319704866573,-1.2589762098363035,-0.8193831940055707,-0.1875665409913863,1
-0.894473998375977,1.237910629705754,1.1731170800315802,-0.9651344500591792,0.2820319704866573,-1.2589762098363035,-0.8193831940055707,1.5622952725218715,0
0.8363688165461411,-1.407341742646354,-1.3971978089648216,-0.4992925692131362,0.8654337328552689,-0.9420375236717596,1.2204302056910403,0.8623505471165683,0
-0.5483054353915534,-0.135716566220019,-0.2433198883669747,0.299293512237223,1.4488354952238804,1.5934719656445924,1.2204302056910403,-0.1875665409913863,0
-1.5868111243448242,0.9047040326742544,0.910558032230872,-1.2313298105426322,1.4488354952238804,0.9595945933155045,-0.8193831940055707,0.1624058217112652,0
-1.5868111243448242,0.891103763407663,0.8898296863518692,-2.0964647321138545,1.4488354952238804,-1.5759148960008476,1.2204302056910403,1.21232290981922,0
-1.5868111243448242,-1.386941338746466,-1.2382804905591298,1.7633679948962149,0.2820319704866573,-0.9420375236717596,-0.8193831940055707,-1.237483629099341,0
-0.2021368724071297,-1.5093437621457928,-1.2935560795698051,0.8316842332041292,-0.8847715542505659,0.0087785348218723,-0.8193831940055707,-0.5375389036940379,0
-0.5483054353915534,0.7755014746416325,0.813825751462191,0.0330981517537699,0.8654337328552689,0.3257172209864163,-0.8193831940055707,1.5622952725218715,0
-1.2406425613604006,0.2858917810443273,0.3578021421241197,1.0978795936875825,0.2820319704866573,-1.5759148960008476,1.2204302056910403,0.8623505471165683,0
-0.2021368724071297,0.5850977049093475,0.6341800871774953,-0.8320367698174526,0.2820319704866573,-0.3081601513426716,1.2204302056910403,0.5123781844139168,0
0.8363688165461411,-1.3801412041131702,-1.1208198639114448,-0.698939089575726,-1.4681733166191775,1.2765332794800484,1.2204302056910403,0.8623505471165683,0
-0.894473998375977,-1.0945355495147422,-1.1899143501747893,1.6302703146544884,1.4488354952238804,-1.2589762098363035,-0.8193831940055707,1.5622952725218715,0
0.1440316905772939,-1.223738107547364,-1.5215678842388407,-2.2961112524764444,-0.8847715542505659,-0.3081601513426716,1.2204302056910403,-0.8875112663966895,0
0.4902002535617175,-1.386941338746466,-1.1139104152851105,1.1644284338084456,-0.3013697918819543,-1.2589762098363035,-0.8193831940055707,1.21232290981922,0
1.5287059425149885,-1.11493595341463,-1.1830049015484545,-0.0334506883670933,-0.3013697918819543,1.5934719656445924,-0.8193831940055707,-0.1875665409913863,0
-1.2406425613604006,1.2311104950724585,1.338943847063606,0.8316842332041292,-0.3013697918819543,1.2765332794800484,1.2204302056910403,-1.237483629099341,1
0.4902002535617175,-0.3873215476519677,-0.5542450765520228,1.7633679948962149,-0.8847715542505659,1.2765332794800484,-0.8193831940055707,1.21232290981922,0
-0.894473998375977,-0.1901176432863863,0.0054202621810642,0.0330981517537699,-0.3013697918819543,0.6426559071509603,1.2204302056910403,-0.1875665409913863,0
-1.5868111243448242,-1.101335684148038,-1.1968237988011234,0.0996469918746332,-1.4681733166191775,0.9595945933155045,-0.8193831940055707,0.5123781844139168,0
0.1440316905772939,0.8843036287743672,1.0556564533838952,1.0313307535667189,1.4488354952238804,0.9595945933155045,-0.8193831940055707,0.5123781844139168,1
-0.5483054353915534,0.7006999936753779,0.7585501624515157,-0.1665483686088198,-0.8847715542505659,0.9595945933155045,1.2204302056910403,0.1624058217112652,0
1.5287059425149885,0.6462989166090106,0.9589241726152132,0.3658423523580862,0.8654337328552689,-0.6250988375072156,-0.8193831940055707,-0.8875112663966895,1
0.8363688165461411,1.2651111682389384,1.00038086437322,-2.8285019734433505,0.8654337328552689,1.5934719656445924,-0.8193831940055707,-1.5874559918019926,1
0.4902002535617175,0.9795055136405104,1.1592981827789115,-0.8320367698174526,-0.3013697918819543,0.3257172209864163,1.2204302056910403,0.8623505471165683,0
-0.894473998375977,-0.1085160276868353,-0.0360364295769419,-0.3661948889714096,-1.4681733166191775,0.0087785348218723,-0.8193831940055707,0.5123781844139168,0
-0.2021368724071297,0.4966959546765002,0.2057942723447622,0.9647819134458556,-0.8847715542505659,0.9595945933155045,-0.8193831940055707,-0.5375389036940379,0
-0.5483054353915534,-0.0949157584202438,0.1228808888287492,0.8316842332041292,1.4488354952238804,-0.3081601513426716,-0.8193831940055707,-0.8875112663966895,0
-1.5868111243448242,1.108708071673132,1.1592981827789115,-0.3661948889714096,0.8654337328552689,1.2765332794800484,1.2204302056910403,-1.5874559918019926,0
-1.5868111243448242,-0.3397206052188961,-0.1949537479826336,0.4989400325998128,-0.3013697918819543,1.2765332794800484,1.2204302056910403,1.21232290981922,0
1.1825373795305647,0.761901205375041,0.5512667036614829,-1.0982321303009055,-0.3013697918819543,-1.5759148960008476,1.2204302056910403,-1.5874559918019926,1
-0.2021368724071297,-0.4757232978848144,-0.4229655526516693,0.2327446721163597,0.2820319704866573,-0.3081601513426716,-0.8193831940055707,1.5622952725218715,0
-1.2406425613604006,1.5847174960038453,1.6084123434906474,-1.0316832901800423,-0.8847715542505659,0.3257172209864163,-0.8193831940055707,-0.1875665409913863,0
-1.5868111243448242,-0.9177320490490488,-0.9066269564950784,-1.2313298105426322,-1.4681733166191775,-0.9420375236717596,-0.8193831940055707,0.8623505471165683,0
-0.5483054353915534,1.6187181691703254,1.6084123434906474,-0.2330972087296831,-1.4681733166191775,0.3257172209864163,-0.8193831940055707,-0.5375389036940379,0
1.5287059425149885,0.7211003975752652,0.6894556761881706,0.0996469918746332,-0.8847715542505659,-0.3081601513426716,-0.8193831940055707,-0.1875665409913863,0
0.8363688165461411,-1.162536895847701,-0.8997175078687434,1.0313307535667189,-0.3013697918819543,0.0087785348218723,-0.8193831940055707,-0.5375389036940379,1
-0.2021368724071297,-1.1489366265811094,-1.1899143501747893,-0.1665483686088198,1.4488354952238804,-0.3081601513426716,-0.8193831940055707,0.5123781844139168,0
0.1440316905772939,-0.5233242403178859,-0.6233395628153673,0.9647819134458556,1.4488354952238804,1.5934719656445924,-0.8193831940055707,0.5123781844139168,0
-0.5483054353915534,-0.8021297602830183,-1.1622765556694516,-1.0316832901800423,-0.8847715542505659,0.6426559071509603,-0.8193831940055707,-0.1875665409913863,0
-1.5868111243448242,-0.5981257212841405,-0.450603347157007,-0.9651344500591792,0.8654337328552689,0.6426559071509603,-0.8193831940055707,-0.1875665409913863,0
1.5287059425149885,0.1974900308114806,0.3163454503661129,-0.4992925692131362,-0.8847715542505659,1.2765332794800484,1.2204302056910403,-0.5375389036940379,0
1.1825373795305647,-1.4413424158128334,-1.7426702402815422,0.8316842332041292,-0.8847715542505659,1.5934719656445924,-0.8193831940055707,0.5123781844139168,0
0.8363688165461411,0.8571030902411829,0.6894556761881706,-1.1647809704217689,-1.4681733166191775,-0.3081601513426716,-0.8193831940055707,-1.237483629099341,0
0.8363688165461411,-0.0405146813538765,0.0952430943234115,-0.4992925692131362,1.4488354952238804,0.0087785348218723,-0.8193831940055707,-0.5375389036940379,0
-1.2406425613604006,0.9183043019408472,0.5927233954194897,-0.4992925692131362,-1.4681733166191775,0.3257172209864163,1.2204302056910403,-0.1875665409913863,0
-0.894473998375977,1.1563090141062038,1.1592981827789115,0.8982330733249925,-1.4681733166191775,0.3257172209864163,-0.8193831940055707,-0.1875665409913863,0
0.1440316905772939,-0.5777253173842533,-0.8651702647370715,-1.3644274907843588,1.4488354952238804,-0.3081601513426716,-0.8193831940055707,1.5622952725218715,0
0.8363688165461411,-1.08093528024815,-1.376469463085818,2.561954076346574,-0.8847715542505659,-0.9420375236717596,-0.8193831940055707,-0.8875112663966895,0
1.1825373795305647,-1.0945355495147422,-1.1553671070431166,0.4323911924789496,1.4488354952238804,1.5934719656445924,1.2204302056910403,-1.237483629099341,0
-0.2021368724071297,-0.9449325875822324,-0.8928080592424091,0.0996469918746332,-1.4681733166191775,-1.5759148960008476,-0.8193831940055707,1.21232290981922,0
-0.894473998375977,1.543916688204071,1.2560304635475923,-0.2330972087296831,0.8654337328552689,0.0087785348218723,-0.8193831940055707,-0.1875665409913863,0
1.1825373795305647,-0.3873215476519677,-0.5542450765520228,-0.5658414093339995,1.4488354952238804,0.9595945933155045,-0.8193831940055707,-0.8875112663966895,0
-1.5868111243448242,1.4419146687046318,1.2560304635475923,0.4989400325998128,0.2820319704866573,-1.5759148960008476,1.2204302056910403,-0.8875112663966895,0
1.1825373795305647,0.7483009361084495,0.6894556761881706,0.6985865529624027,-0.8847715542505659,-0.6250988375072156,1.2204302056910403,-0.5375389036940379,0
-1.2406425613604006,-0.8021297602830183,-0.5473356279256886,-0.4992925692131362,0.2820319704866573,1.5934719656445924,1.2204302056910403,-1.237483629099341,0
1.1825373795305647,-0.135716566220019,-0.1051309158402863,-0.6323902494548628,0.2820319704866573,1.5934719656445924,-0.8193831940055707,-0.8875112663966895,0
-0.2021368724071297,-1.0469346070816703,-1.2313710419327957,-0.698939089575726,0.8654337328552689,0.6426559071509603,-0.8193831940055707,1.21232290981922,0
-0.2021368724071297,-0.7545288178499467,-0.4644222444096755,1.1644284338084456,0.2820319704866573,0.9595945933155045,-0.8193831940055707,-0.1875665409913863,0
1.5287059425149885,0.7959018785415198,0.6134517412984924,-0.2996460488505464,0.2820319704866573,1.5934719656445924,-0.8193831940055707,-1.5874559918019926,1
0.8363688165461411,-0.1493168354866111,-0.0913120185876172,0.8982330733249925,-1.4681733166191775,-0.9420375236717596,-0.8193831940055707,0.8623505471165683,0
1.5287059425149885,-0.972133126115416,-1.328103322701477,-1.3644274907843588,-0.8847715542505659,0.3257172209864163,1.2204302056910403,1.21232290981922,0
-0.5483054353915534,-0.0473148159871723,-0.2640482342459775,-0.1665483686088198,0.2820319704866573,-0.3081601513426716,-0.8193831940055707,0.8623505471165683,0
0.4902002535617175,0.2246905693446642,0.3163454503661129,-0.2996460488505464,1.4488354952238804,-0.3081601513426716,1.2204302056910403,0.8623505471165683,0
0.8363688165461411,0.0478870688789702,0.364711590750454,-1.0982321303009055,-1.4681733166191775,0.3257172209864163,-0.8193831940055707,-0.5375389036940379,0
-1.5868111243448242,-1.7881492821109246,-1.7150324457762045,0.4323911924789496,0.2820319704866573,-1.2589762098363035,1.2204302056910403,-0.8875112663966895,0
0.4902002535617175,-0.5573249134843654,-0.7408001894630523,0.4989400325998128,0.2820319704866573,0.3257172209864163,-0.8193831940055707,1.21232290981922,0
-0.894473998375977,0.6190983780758263,0.4752627687718047,-1.4975251710260853,-0.3013697918819543,-0.3081601513426716,1.2204302056910403,0.5123781844139168,0
-1.5868111243448242,1.4283143994380405,1.6291406893696514,-0.0999995284879566,-1.4681733166191775,-0.6250988375072156,-0.8193831940055707,-1.5874559918019926,0
0.1440316905772939,-1.5229440314123843,-1.6735757540181977,1.5637214745336252,0.8654337328552689,-1.5759148960008476,1.2204302056910403,-0.1875665409913863,0
1.1825373795305647,1.115508206306428,1.3734910901952777,0.299293512237223,0.2820319704866573,0.6426559071509603,-0.8193831940055707,-0.5375389036940379,1
0.4902002535617175,-0.7817293563831305,-0.4575127957833412,0.6985865529624027,-0.3013697918819543,0.3257172209864163,-0.8193831940055707,-0.5375389036940379,0
-1.5868111243448242,-0.5505247788510697,-0.6578868059470392,-1.8302693716304017,-1.4681733166191775,0.6426559071509603,1.2204302056910403,0.5123781844139168,0
0.4902002535617175,0.3878938005437656,0.4061682825084596,0.8316842332041292,1.4488354952238804,-0.6250988375072156,1.2204302056910403,-0.5375389036940379,1
1.1825373795305647,-0.0813154891536517,0.1505186833340869,-0.2996460488505464,-0.8847715542505659,-0.9420375236717596,1.2204302056910403,0.8623505471165683,0
0.8363688165461411,1.652718842336805,1.3665816415689434,-0.2330972087296831,-0.3013697918819543,0.3257172209864163,1.2204302056910403,0.8623505471165683,1
0.4902002535617175,-0.3669211437520798,-0.3055049260039844,-1.8968182117512649,0.2820319704866573,-1.5759148960008476,-0.8193831940055707,-0.1875665409913863,0
0.4902002535617175,-0.3125200666857124,-0.1465876075982926,1.0313307535667189,-0.3013697918819543,0.0087785348218723,-0.8193831940055707,1.5622952725218715,0
1.5287059425149885,0.6938998590420822,0.7792785083305185,2.029563355379668,1.4488354952238804,-1.2589762098363035,-0.8193831940055707,0.5123781844139168,1
-1.5868111243448242,0.5714974356427548,0.8621918918465309,-1.3644274907843588,1.4488354952238804,0.9595945933155045,-0.8193831940055707,-0.8875112663966895,0
1.5287059425149885,0.6530990512423064,0.8069163028358556,-0.4992925692131362,-1.4681733166191775,-0.9420375236717596,-0.8193831940055707,0.8623505471165683,0
-1.5868111243448242,-0.4485227593516308,-0.5542450765520228,0.6985865529624027,-0.8847715542505659,1.5934719656445924,1.2204302056910403,0.5123781844139168,0
-0.2021368724071297,-1.8017495513775168,-1.632119062260191,-0.0999995284879566,-0.8847715542505659,1.5934719656445924,-0.8193831940055707,-0.8875112663966895,0
-1.2406425613604006,0.7347006668418568,0.6687273303091679,0.8316842332041292,-0.3013697918819543,0.3257172209864163,-0.8193831940055707,0.8623505471165683,1
0.1440316905772939,-0.3465207398521925,-0.3607805150146597,1.7633679948962149,-0.8847715542505659,1.5934719656445924,1.2204302056910403,0.8623505471165683,0
0.4902002535617175,0.0546872035122665,0.281798207234441,-0.6323902494548628,-0.3013697918819543,1.5934719656445924,-0.8193831940055707,-1.237483629099341,0
1.5287059425149885,-1.468542954346017,-1.6735757540181977,-2.2295624123555813,-0.3013697918819543,-0.3081601513426716,-0.8193831940055707,-0.8875112663966895,0
-0.5483054353915534,1.401113860904856,1.5807745489853104,-0.8985856099383158,-1.4681733166191775,-0.9420375236717596,-0.8193831940055707,0.5123781844139168,0
-1.2406425613604006,0.5442968971095717,0.5374478064088143,0.6985865529624027,-1.4681733166191775,-0.6250988375072156,-0.8193831940055707,-0.5375389036940379,0
-0.5483054353915534,-0.0813154891536517,0.2265226182237656,-1.2978786506634954,-0.8847715542505659,0.0087785348218723,-0.8193831940055707,1.21232290981922,0
0.4902002535617175,1.0475068599734692,0.8483729945938624,-0.2996460488505464,-0.3013697918819543,0.9595945933155045,1.2204302056910403,0.8623505471165683,0
0.4902002535617175,0.925104436574143,1.0625659020102296,0.1661958319954964,-0.3013697918819543,1.5934719656445924,-0.8193831940055707,1.5622952725218715,0
0.8363688165461411,0.7823016092749283,0.8760107890992007,0.4989400325998128,-0.3013697918819543,-0.3081601513426716,-0.8193831940055707,-0.5375389036940379,1
1.1825373795305647,-1.7949494167442208,-1.4870206411071687,1.2975261140501722,-0.3013697918819543,-0.3081601513426716,1.2204302056910403,-0.1875665409913863,1
-1.5868111243448242,-0.6389265290839163,-0.5266072820466857,-0.2996460488505464,1.4488354952238804,0.0087785348218723,-0.8193831940055707,0.1624058217112652,0
-0.5483054353915534,1.4147141301714476,1.1316603882735734,-0.0334506883670933,0.2820319704866573,1.5934719656445924,-0.8193831940055707,-1.5874559918019926,0
0.8363688165461411,0.5578971663761633,0.7585501624515157,2.0961121955005315,-0.8847715542505659,0.6426559071509603,1.2204302056910403,0.8623505471165683,1
0.8363688165461411,1.1903096872726826,1.4909517168429625,-0.0334506883670933,1.4488354952238804,0.6426559071509603,-0.8193831940055707,1.21232290981922,1
0.1440316905772939,-0.1629171047532026,0.1297903374550835,-1.1647809704217689,0.2820319704866573,0.9595945933155045,-0.8193831940055707,1.21232290981922,0
-0.894473998375977,-0.6865274715169879,-0.3607805150146597,0.8982330733249925,-0.8847715542505659,0.6426559071509603,-0.8193831940055707,-1.5874559918019926,0
0.8363688165461411,-1.52974416604568,-1.6804852026445325,1.5637214745336252,-0.3013697918819543,1.5934719656445924,-0.8193831940055707,0.5123781844139168,1
-1.2406425613604006,1.564317092103958,1.5116800627219664,-1.0982321303009055,0.2820319704866573,-0.9420375236717596,1.2204302056910403,-1.237483629099341,0
1.1825373795305647,0.4490950122434287,0.6963651248145049,-2.0299158919929914,-0.8847715542505659,-0.9420375236717596,-0.8193831940055707,-0.8875112663966895,0
0.4902002535617175,1.0203063214402848,1.3458532956899405,0.3658423523580862,-0.8847715542505659,-0.6250988375072156,-0.8193831940055707,-0.5375389036940379,0
-0.894473998375977,-1.3189399924135072,-1.6735757540181977,-0.2996460488505464,1.4488354952238804,-1.2589762098363035,-0.8193831940055707,-1.237483629099341,0
0.1440316905772939,-0.6661270676171,-0.8375324702317338,-0.6323902494548628,-0.3013697918819543,1.2765332794800484,1.2204302056910403,0.5123781844139168,0
1.5287059425149885,-1.71334780114467,-1.7150324457762045,0.765135393083266,-0.3013697918819543,-0.6250988375072156,-0.8193831940055707,0.1624058217112652,1
-0.5483054353915534,-1.366540934846579,-1.1139104152851105,1.2975261140501722,0.8654337328552689,-0.6250988375072156,-0.8193831940055707,1.5622952725218715,0
-0.894473998375977,1.2991118414054172,1.4356761278322872,-1.4975251710260853,0.2820319704866573,-0.3081601513426716,-0.8193831940055707,0.8623505471165683,0
-0.2021368724071297,-1.5161438967790886,-1.6252096136338572,-1.2978786506634954,-0.8847715542505659,-0.9420375236717596,-0.8193831940055707,-0.5375389036940379,0
1.1825373795305647,1.0475068599734692,1.3458532956899405,0.3658423523580862,-0.8847715542505659,0.9595945933155045,1.2204302056910403,-0.8875112663966895,0
-0.5483054353915534,1.108708071673132,1.2905777066792652,2.561954076346574,-1.4681733166191775,0.3257172209864163,-0.8193831940055707,0.1624058217112652,0
0.1440316905772939,0.564697301009459,0.5581761522878171,0.299293512237223,0.8654337328552689,-1.5759148960008476,1.2204302056910403,-1.237483629099341,0
0.4902002535617175,-0.8021297602830183,-0.8306230216053995,0.2327446721163597,-1.4681733166191775,-0.3081601513426716,-0.8193831940055707,-1.5874559918019926,0
-1.2406425613604006,0.6462989166090106,0.9520147239888788,0.4989400325998128,0.2820319704866573,0.9595945933155045,1.2204302056910403,-1.237483629099341,0
-0.2021368724071297,0.8095021478081126,0.5374478064088143,-1.4975251710260853,-0.8847715542505659,0.0087785348218723,1.2204302056910403,-1.5874559918019926,0
-0.2021368724071297,0.2722915117777352,0.3094360017397787,0.8316842332041292,1.4488354952238804,0.9595945933155045,1.2204302056910403,0.1624058217112652,0
-0.5483054353915534,-0.441722624718335,-0.616430114189033,1.5637214745336252,-1.4681733166191775,0.3257172209864163,1.2204302056910403,-1.237483629099341,0
-0.5483054353915534,1.2515108989723456,1.3665816415689434,-0.4992925692131362,-0.3013697918819543,-0.3081601513426716,1.2204302056910403,-1.237483629099341,0
-1.2406425613604006,-0.8089298949163141,-1.0862726207797728,1.0313307535667189,-0.3013697918819543,0.9595945933155045,1.2204302056910403,0.8623505471165683,0
1.1825373795305647,-0.360121009118784,-0.2364104397406398,-0.2996460488505464,1.4488354952238804,0.9595945933155045,-0.8193831940055707,-0.5375389036940379,0
-1.2406425613604006,1.7751212657361315,1.691325727006661,0.0330981517537699,1.4488354952238804,1.2765332794800484,-0.8193831940055707,-1.5874559918019926,0
-0.5483054353915534,-1.1897374343808846,-1.044815929021767,0.2327446721163597,-0.8847715542505659,-0.6250988375072156,-0.8193831940055707,-1.237483629099341,0
-1.5868111243448242,-0.0745153545203559,-0.1396781589719583,-0.6323902494548628,0.8654337328552689,-0.9420375236717596,-0.8193831940055707,0.1624058217112652,0
-1.5868111243448242,-0.5913255866508448,-0.2847765801249809,-0.6323902494548628,1.4488354952238804,0.6426559071509603,-0.8193831940055707,-1.5874559918019926,0
-0.894473998375977,0.068287472778858,0.2472509641027684,0.8316842332041292,-0.8847715542505659,-0.6250988375072156,-0.8193831940055707,-0.5375389036940379,0
-1.2406425613604006,0.3946939351770613,0.6756367789355021,1.2309772739293088,1.4488354952238804,-0.9420375236717596,-0.8193831940055707,0.5123781844139168,1
0.8363688165461411,-1.3733410694798744,-1.141548209790448,-1.7637205315095383,-1.4681733166191775,0.0087785348218723,-0.8193831940055707,-1.237483629099341,0
0.1440316905772939,0.4558951468767244,0.1850659264657588,0.9647819134458556,1.4488354952238804,1.2765332794800484,1.2204302056910403,0.1624058217112652,1
-0.894473998375977,-0.5505247788510697,-0.5818828710573605,1.0313307535667189,-1.4681733166191775,-1.5759148960008476,-0.8193831940055707,-0.5375389036940379,0
0.1440316905772939,-0.1085160276868353,-0.2156820938616371,1.6302703146544884,0.2820319704866573,-0.9420375236717596,-0.8193831940055707,1.21232290981922,0
-1.2406425613604006,0.6802995897754894,0.8414635459675281,-0.8985856099383158,0.2820319704866573,-0.3081601513426716,-0.8193831940055707,1.21232290981922,0
-0.894473998375977,-0.0133141428206928,0.2748887586081061,0.8316842332041292,-0.8847715542505659,-1.2589762098363035,1.2204302056910403,0.8623505471165683,0
0.8363688165461411,0.4830956854099087,0.1781564778394246,0.0996469918746332,1.4488354952238804,0.9595945933155045,-0.8193831940055707,-0.5375389036940379,1
-0.5483054353915534,0.0614873381455623,0.2541604127291033,1.4971726344127618,1.4488354952238804,1.5934719656445924,-0.8193831940055707,-0.8875112663966895,0
1.1825373795305647,0.3266925888441025,0.1228808888287492,-0.8985856099383158,-0.3013697918819543,-0.6250988375072156,-0.8193831940055707,0.5123781844139168,1
1.1825373795305647,-0.3465207398521925,-0.2709576828723124,1.3640749541710353,0.8654337328552689,-0.6250988375072156,-0.8193831940055707,1.5622952725218715,1
-0.5483054353915534,-1.0673350109815585,-1.4041072575911555,0.565488872720676,0.2820319704866573,-0.9420375236717596,1.2204302056910403,0.5123781844139168,0
0.1440316905772939,-0.3533208744854882,-0.3193238232566529,0.8316842332041292,0.8654337328552689,-0.9420375236717596,1.2204302056910403,-0.8875112663966895,0
-1.2406425613604006,-1.6385463201784147,-1.3626505658331496,1.5637214745336252,-0.3013697918819543,0.0087785348218723,1.2204302056910403,-1.5874559918019926,0
0.8363688165461411,1.0407067253401734,1.124750939647239,-0.0334506883670933,-1.4681733166191775,-0.6250988375072156,-0.8193831940055707,-0.5375389036940379,0
-0.2021368724071297,-0.441722624718335,-0.2295009911143056,-0.9651344500591792,0.2820319704866573,1.5934719656445924,1.2204302056910403,-0.8875112663966895,0
-0.894473998375977,0.5442968971095717,0.8069163028358556,1.2309772739293088,0.2820319704866573,-1.2589762098363035,-0.8193831940055707,0.1624058217112652,1
-1.5868111243448242,-0.0677152198870601,0.2334320668500999,-0.3661948889714096,-0.8847715542505659,0.3257172209864163,-0.8193831940055707,0.5123781844139168,0
-0.2021368724071297,1.169909283372795,1.4633139223376257,-0.9651344500591792,-0.3013697918819543,0.9595945933155045,1.2204302056910403,1.21232290981922,0
-0.2021368724071297,0.2858917810443273,0.1366997860814184,0.565488872720676,-1.4681733166191775,-0.9420375236717596,-0.8193831940055707,0.8623505471165683,0
0.1440316905772939,-1.1353363573145174,-1.41101670621749,-1.1647809704217689,-1.4681733166191775,-0.9420375236717596,-0.8193831940055707,-0.1875665409913863,0
0.8363688165461411,-1.0877354148814464,-1.3833789117121524,-1.5640740111469489,-1.4681733166191775,-0.6250988375072156,1.2204302056910403,-0.1875665409913863,0
-0.5483054353915534,-0.1765173740197948,-0.3607805150146597,0.565488872720676,-0.8847715542505659,0.3257172209864163,-0.8193831940055707,-0.8875112663966895,0
1.5287059425149885,-0.4145220861851513,-0.5473356279256886,-0.2330972087296831,0.8654337328552689,1.5934719656445924,-0.8193831940055707,0.5123781844139168,0
-0.2021368724071297,0.4558951468767244,0.1781564778394246,0.4989400325998128,0.2820319704866573,0.6426559071509603,-0.8193831940055707,-0.5375389036940379,0
1.5287059425149885,-0.3057199320524167,-0.6440679086943707,1.2975261140501722,-1.4681733166191775,-1.2589762098363035,-0.8193831940055707,0.1624058217112652,0
-1.2406425613604006,-0.7749292217498347,-0.7269812922103831,-0.0999995284879566,0.8654337328552689,-1.5759148960008476,-0.8193831940055707,-0.5375389036940379,0
1.5287059425149885,0.986305648273806,1.2145737717895857,-0.0999995284879566,-0.8847715542505659,1.5934719656445924,1.2204302056910403,0.8623505471165683,0
-0.5483054353915534,1.407913995538152,1.5462273058536378,1.0313307535667189,0.2820319704866573,-1.2589762098363035,1.2204302056910403,0.8623505471165683,1
0.1440316905772939,-1.1557367612144052,-1.1622765556694516,1.1644284338084456,-0.8847715542505659,-1.2589762098363035,1.2204302056910403,-1.237483629099341,0
-1.2406425613604006,1.1631091487394996,1.193845425910583,-0.1665483686088198,0.8654337328552689,1.5934719656445924,1.2204302056910403,-1.237483629099341,0
1.5287059425149885,1.2243103604391623,1.2767588094265967,-0.0999995284879566,-0.3013697918819543,-0.6250988375072156,-0.8193831940055707,-1.5874559918019926,1
0.1440316905772939,-1.5433444353122725,-1.328103322701477,-0.6323902494548628,0.2820319704866573,-0.9420375236717596,-0.8193831940055707,1.5622952725218715,0
0.4902002535617175,0.7483009361084495,0.4614438715191349,2.8281494368300275,-0.3013697918819543,-1.2589762098363035,-0.8193831940055707,-0.5375389036940379,1
1.5287059425149885,1.0271064560735803,1.1731170800315802,0.0996469918746332,-0.3013697918819543,0.6426559071509603,-0.8193831940055707,-0.5375389036940379,1
0.4902002535617175,-1.5569447045788638,-1.659756856765529,1.9630145152588048,0.2820319704866573,-0.3081601513426716,1.2204302056910403,1.5622952725218715,0
0.1440316905772939,-1.9105517055102512,-1.7495796889078763,-0.8985856099383158,-1.4681733166191775,1.5934719656445924,1.2204302056910403,0.5123781844139168,0
-0.5483054353915534,-1.0605348763482627,-1.1899143501747893,-0.3661948889714096,-1.4681733166191775,0.0087785348218723,-0.8193831940055707,1.21232290981922,0
0.1440316905772939,0.4354947429768371,0.6341800871774953,-1.0982321303009055,0.8654337328552689,0.3257172209864163,-0.8193831940055707,1.21232290981922,0
-1.5868111243448242,-0.951732722215528,-0.9204458537477468,1.8299168350170785,0.2820319704866573,1.2765332794800484,-0.8193831940055707,0.8623505471165683,0
1.1825373795305647,-0.7885294910164262,-0.6233395628153673,0.8982330733249925,0.2820319704866573,-1.5759148960008476,-0.8193831940055707,-0.8875112663966895,1
1.1825373795305647,-1.611345781645231,-1.445563949349162,-0.3661948889714096,-0.3013697918819543,1.5934719656445924,-0.8193831940055707,-0.8875112663966895,0
-1.5868111243448242,-0.0813154891536517,-0.2778671314986466,0.6985865529624027,1.4488354952238804,0.9595945933155045,-0.8193831940055707,-0.8875112663966895,0
1.1825373795305647,-1.4753430889793129,-1.3557411172068148,-1.0316832901800423,-0.8847715542505659,0.0087785348218723,-0.8193831940055707,-0.1875665409913863,0
1.5287059425149885,-0.5573249134843654,-0.8306230216053995,-2.562306612959897,-0.3013697918819543,0.9595945933155045,-0.8193831940055707,-0.8875112663966895,0
0.8363688165461411,-1.019734068548487,-0.8651702647370715,0.765135393083266,0.2820319704866573,0.6426559071509603,1.2204302056910403,1.21232290981922,1
-1.5868111243448242,-0.4349224900850392,-0.1189498130929549,-1.0982321303009055,1.4488354952238804,0.3257172209864163,-0.8193831940055707,-1.237483629099341,0
-0.2021368724071297,1.0203063214402848,1.028018658878557,0.2327446721163597,0.2820319704866573,-0.3081601513426716,-0.8193831940055707,-0.8875112663966895,0
-1.5868111243448242,0.5850977049093475,0.6756367789355021,-0.7654879296965893,0.8654337328552689,-0.3081601513426716,1.2204302056910403,-1.5874559918019926,0
0.8363688165461411,-0.0745153545203559,0.2334320668500999,-0.0334506883670933,-1.4681733166191775,-0.6250988375072156,1.2204302056910403,0.5123781844139168,0
-1.5868111243448242,1.115508206306428,1.0418375561312254,0.4323911924789496,-0.3013697918819543,-1.5759148960008476,1.2204302056910403,0.8623505471165683,0
-1.2406425613604006,-0.7001277407835794,-0.8306230216053995,0.1661958319954964,-0.3013697918819543,1.2765332794800484,1.2204302056910403,1.21232290981922,0
1.1825373795305647,0.7687013400083368,1.076384799262898,-1.0316832901800423,1.4488354952238804,1.5934719656445924,-0.8193831940055707,0.5123781844139168,1
-0.894473998375977,-1.2101378382807726,-1.3833789117121524,-2.0299158919929914,-0.3013697918819543,0.3257172209864163,-0.8193831940055707,-0.1875665409913863,0
1.1825373795305647,-1.2985395885136193,-1.224461593306461,-1.6306228512678118,-1.4681733166191775,-0.6250988375072156,-0.8193831940055707,-0.1875665409913863,0
-1.5868111243448242,-0.0269144120872844,-0.1880442993562994,0.0330981517537699,-0.3013697918819543,-1.2589762098363035,1.2204302056910403,-0.1875665409913863,0
1.1825373795305647,1.6731192462366926,1.5254989599746351,-2.163013572234718,0.8654337328552689,0.0087785348218723,-0.8193831940055707,-1.5874559918019926,1
1.5287059425149885,0.0342867996123786,-0.0844025699612829,0.765135393083266,0.2820319704866573,-0.6250988375072156,-0.8193831940055707,0.5123781844139168,1
-1.5868111243448242,1.1971098219059784,1.2629399121739269,1.6968191547753515,-0.8847715542505659,-0.6250988375072156,-0.8193831940055707,-1.5874559918019926,0
-1.5868111243448242,-1.0673350109815585,-0.8306230216053995,0.0996469918746332,-0.8847715542505659,-1.5759148960008476,-0.8193831940055707,0.1624058217112652,0
1.5287059425149885,-0.7749292217498347,-0.6647962545733734,-0.5658414093339995,1.4488354952238804,0.3257172209864163,1.2204302056910403,-0.8875112663966895,0
-0.2021368724071297,-1.1353363573145174,-1.376469463085818,-0.0999995284879566,-0.8847715542505659,1.5934719656445924,1.2204302056910403,0.5123781844139168,0
1.5287059425149885,-1.7949494167442208,-1.5630245759968475,-0.3661948889714096,-0.3013697918819543,-0.3081601513426716,-0.8193831940055707,-1.5874559918019926,0
0.8363688165461411,0.761901205375041,0.627270638551161,-1.2313298105426322,0.8654337328552689,1.2765332794800484,-0.8193831940055707,0.8623505471165683,1
0.4902002535617175,1.6663191116033969,1.5116800627219664,0.4323911924789496,1.4488354952238804,0.0087785348218723,1.2204302056910403,-0.8875112663966895,0
-0.2021368724071297,-1.4141418772796497,-1.5837529218758504,-0.2330972087296831,1.4488354952238804,-0.6250988375072156,-0.8193831940055707,1.21232290981922,0
0.4902002535617175,0.0614873381455623,0.2610698613554376,-0.0334506883670933,-0.3013697918819543,0.0087785348218723,1.2204302056910403,0.8623505471165683,0
0.8363688165461411,-1.468542954346017,-1.64593795951286,2.6285029164674376,-1.4681733166191775,-0.6250988375072156,-0.8193831940055707,0.5123781844139168,0
0.8363688165461411,0.8707033595077757,0.647998984430165,2.029563355379668,-0.3013697918819543,-0.3081601513426716,-0.8193831940055707,1.5622952725218715,1
-0.894473998375977,-1.4209420119129454,-1.259008836438133,0.8316842332041292,-0.3013697918819543,0.3257172209864163,-0.8193831940055707,1.5622952725218715,0
-1.2406425613604006,-1.0877354148814464,-1.341922219954146,0.3658423523580862,-1.4681733166191775,0.0087785348218723,-0.8193831940055707,0.8623505471165683,0
-1.2406425613604006,-1.5365443006789763,-1.4317450520964934,1.2309772739293088,1.4488354952238804,0.6426559071509603,-0.8193831940055707,-0.5375389036940379,0
-0.5483054353915534,1.3875135916382646,1.2905777066792652,0.6320377128415394,-0.8847715542505659,0.6426559071509603,1.2204302056910403,1.21232290981922,0
0.8363688165461411,0.6734994551421937,0.7930974055831871,-0.4327437290922729,0.8654337328552689,0.0087785348218723,1.2204302056910403,1.5622952725218715,1
-1.2406425613604006,-1.1897374343808846,-1.5492056787441784,0.8316842332041292,-1.4681733166191775,0.0087785348218723,-0.8193831940055707,-1.5874559918019926,0
-0.2021368724071297,1.9315243623019365,1.6498690352486542,0.765135393083266,-0.8847715542505659,-0.3081601513426716,-0.8193831940055707,-1.5874559918019926,0
-1.5868111243448242,0.4422948776101329,0.7516407138251803,-0.8985856099383158,0.2820319704866573,-1.5759148960008476,1.2204302056910403,0.5123781844139168,0
0.4902002535617175,-0.9857333953820075,-0.7200718435840489,0.2327446721163597,-1.4681733166191775,-1.2589762098363035,-0.8193831940055707,1.5622952725218715,0
0.8363688165461411,-1.2985395885136193,-1.41101670621749,-0.4992925692131362,1.4488354952238804,-0.6250988375072156,-0.8193831940055707,-1.237483629099341,0
0.8363688165461411,-1.9105517055102512,-1.7357607916552078,-0.2330972087296831,0.8654337328552689,0.0087785348218723,-0.8193831940055707,-0.5375389036940379,0
1.1825373795305647,-1.3937414733797615,-1.3833789117121524,-0.8985856099383158,0.2820319704866573,0.3257172209864163,-0.8193831940055707,-0.8875112663966895,0
-0.894473998375977,1.1903096872726826,1.1869359772842487,0.8982330733249925,-1.4681733166191775,0.6426559071509603,1.2204302056910403,0.5123781844139168,0
-0.5483054353915534,-0.2853195281525288,-0.0014891864452699,0.9647819134458556,-0.8847715542505659,-0.6250988375072156,1.2204302056910403,-1.5874559918019926,0
1.1825373795305647,-0.4961237017847023,-0.2364104397406398,-0.8985856099383158,-0.8847715542505659,-0.3081601513426716,1.2204302056910403,0.5123781844139168,0
0.4902002535617175,-1.08093528024815,-1.1968237988011234,-0.0334506883670933,1.4488354952238804,-0.9420375236717596,-0.8193831940055707,0.1624058217112652,0
-1.2406425613604006,-1.2169379729140684,-0.9549930968794188,0.2327446721163597,0.2820319704866573,-0.9420375236717596,1.2204302056910403,0.1624058217112652,0
-0.894473998375977,-1.0877354148814464,-1.3004655281961393,-0.6323902494548628,0.8654337328552689,0.3257172209864163,-0.8193831940055707,0.8623505471165683,0
-1.5868111243448242,1.0407067253401734,0.9658336212415474,1.0313307535667189,1.4488354952238804,0.6426559071509603,1.2204302056910403,1.5622952725218715,1
1.1825373795305647,1.4691152072378149,1.6291406893696514,-1.7637205315095383,1.4488354952238804,-0.9420375236717596,1.2204302056910403,-1.237483629099341,1
1.1825373795305647,1.081507533139948,1.0487470047575609,-1.7637205315095383,0.2820319704866573,0.6426559071509603,1.2204302056910403,-0.8875112663966895,1
-0.2021368724071297,-1.033334337815079,-0.8098946757263961,0.6985865529624027,0.2820319704866573,-0.9420375236717596,-0.8193831940055707,0.5123781844139168,0
0.1440316905772939,-1.0945355495147422,-0.7753474325947242,0.8316842332041292,0.8654337328552689,-1.2589762098363035,1.2204302056910403,-1.5874559918019926,0
1.1825373795305647,-1.4889433582459048,-1.64593795951286,0.6985865529624027,-0.8847715542505659,-0.9420375236717596,-0.8193831940055707,0.8623505471165683,0
-1.2406425613604006,-0.7069278754168752,-0.7477096380893865,-1.2313298105426322,1.4488354952238804,-1.2589762098363035,1.2204302056910403,1.5622952725218715,0
1.5287059425149885,-0.9925335300153032,-1.141548209790448,0.4323911924789496,-0.8847715542505659,-0.9420375236717596,1.2204302056910403,-0.8875112663966895,0
-1.2406425613604006,-0.8565308373493856,-1.100091518032441,0.299293512237223,-1.4681733166191775,1.2765332794800484,-0.8193831940055707,1.5622952725218715,0
-0.894473998375977,-0.2309184510861615,-0.3884183095199974,-1.6306228512678118,1.4488354952238804,1.5934719656445924,-0.8193831940055707,-1.5874559918019926,0
-1.5868111243448242,-1.2101378382807726,-0.9619025455057536,1.4971726344127618,-0.8847715542505659,-0.6250988375072156,-0.8193831940055707,0.8623505471165683,0
0.4902002535617175,1.822722208169203,1.6084123434906474,-1.0982321303009055,0.2820319704866573,0.9595945933155045,1.2204302056910403,-1.237483629099341,0
0.4902002535617175,-1.6793471279781904,-1.5492056787441784,-2.695404293201624,0.8654337328552689,-1.5759148960008476,1.2204302056910403,0.5123781844139168,0
-0.894473998375977,0.6462989166090106,0.7378218165725117,0.6985865529624027,0.8654337328552689,0.0087785348218723,-0.8193831940055707,-0.1875665409913863,0
-0.894473998375977,-0.0065140081873971,0.0192391594337328,1.4971726344127618,-0.8847715542505659,1.2765332794800484,-0.8193831940055707,0.5123781844139168,0
0.1440316905772939,0.1906898961781842,-0.1051309158402863,-0.1665483686088198,0.2820319704866573,-1.2589762098363035,-0.8193831940055707,0.1624058217112652,0
-0.894473998375977,0.6462989166090106,0.6687273303091679,-0.1665483686088198,0.8654337328552689,0.3257172209864163,-0.8193831940055707,-1.237483629099341,0
-1.2406425613604006,-1.278139184613731,-1.528477332865175,1.2309772739293088,-1.4681733166191775,-1.5759148960008476,-0.8193831940055707,-0.5375389036940379,0
1.1825373795305647,1.0203063214402848,0.6963651248145049,-2.163013572234718,0.8654337328552689,1.5934719656445924,1.2204302056910403,0.5123781844139168,1
-1.2406425613604006,0.8843036287743672,0.9658336212415474,0.4323911924789496,1.4488354952238804,1.2765332794800484,-0.8193831940055707,-0.8875112663966895,0
1.1825373795305647,0.7959018785415198,0.813825751462191,1.7633679948962149,1.4488354952238804,0.0087785348218723,-0.8193831940055707,0.1624058217112652,1
-0.5483054353915534,0.3878938005437656,0.4407155256401321,0.0996469918746332,0.8654337328552689,-1.2589762098363035,-0.8193831940055707,0.5123781844139168,0
-1.2406425613604006,-0.2989197974191209,-0.498969487541348,0.0330981517537699,-1.4681733166191775,0.0087785348218723,1.2204302056910403,0.8623505471165683,0
-1.5868111243448242,-1.0605348763482627,-0.9480836482530844,-0.4992925692131362,0.2820319704866573,-0.6250988375072156,1.2204302056910403,0.1624058217112652,0
1.1825373795305647,0.8095021478081126,0.5581761522878171,0.2327446721163597,0.8654337328552689,-1.5759148960008476,-0.8193831940055707,-1.5874559918019926,1
-0.2021368724071297,-0.0949157584202438,-0.3745994122673282,1.2309772739293088,1.4488354952238804,0.6426559071509603,1.2204302056910403,-0.8875112663966895,0
-0.5483054353915534,-0.0745153545203559,-0.3469616177619906,0.8316842332041292,-0.8847715542505659,1.5934719656445924,-0.8193831940055707,0.8623505471165683,0
0.4902002535617175,1.115508206306428,0.8000068542095213,-1.430976330905222,-0.3013697918819543,0.0087785348218723,-0.8193831940055707,-0.5375389036940379,0
-0.5483054353915534,-1.3937414733797615,-1.1484576584167825,-0.2996460488505464,-0.8847715542505659,-0.6250988375072156,1.2204302056910403,-1.5874559918019926,0
-0.2021368724071297,-0.9789332607487118,-1.1691860042957858,-1.0982321303009055,-0.8847715542505659,-1.5759148960008476,1.2204302056910403,-0.8875112663966895,0
1.5287059425149885,-0.9585328568488238,-1.1622765556694516,0.8982330733249925,-0.3013697918819543,0.3257172209864163,-0.8193831940055707,1.5622952725218715,1
1.5287059425149885,-0.054114950620468,0.081424197070743,1.5637214745336252,0.2820319704866573,1.5934719656445924,-0.8193831940055707,0.5123781844139168,1
0.8363688165461411,-1.2033377036474768,-0.8928080592424091,-0.8320367698174526,-0.8847715542505659,0.9595945933155045,1.2204302056910403,1.5622952725218715,0
0.4902002535617175,-0.6865274715169879,-0.5611545251783577,-0.0334506883670933,-1.4681733166191775,0.3257172209864163,-0.8193831940055707,-1.237483629099341,0
-1.5868111243448242,0.2042901654447763,0.5098100119034761,-0.8985856099383158,0.2820319704866573,0.9595945933155045,1.2204302056910403,0.1624058217112652,0
0.8363688165461411,-0.972133126115416,-0.7477096380893865,-0.2330972087296831,-1.4681733166191775,-0.6250988375072156,1.2204302056910403,-0.5375389036940379,0
1.1825373795305647,-0.0405146813538765,-0.1949537479826336,-1.430976330905222,-0.3013697918819543,0.6426559071509603,1.2204302056910403,1.5622952725218715,0
-0.5483054353915534,0.7959018785415198,0.8069163028358556,-1.0316832901800423,0.8654337328552689,0.3257172209864163,-0.8193831940055707,-1.237483629099341,0
0.1440316905772939,-0.3941216822852634,-0.0844025699612829,0.6985865529624027,0.2820319704866573,0.6426559071509603,1.2204302056910403,0.8623505471165683,0
-0.894473998375977,0.0274866649790829,-0.0291269809506076,-0.2996460488505464,0.8654337328552689,-0.6250988375072156,-0.8193831940055707,0.1624058217112652,0
-0.5483054353915534,0.7211003975752652,0.4407155256401321,-1.1647809704217689,0.2820319704866573,1.5934719656445924,1.2204302056910403,-1.237483629099341,0
-1.2406425613604006,0.8367026863412956,0.7861879569568527,-0.0334506883670933,0.2820319704866573,-1.5759148960008476,1.2204302056910403,-0.8875112663966895,0
-1.2406425613604006,-0.584525452017549,-0.5127883847940166,0.6985865529624027,1.4488354952238804,0.6426559071509603,1.2204302056910403,-1.237483629099341,0
-0.2021368724071297,-1.305339723146915,-1.2659182850644677,-0.0999995284879566,0.2820319704866573,-0.6250988375072156,-0.8193831940055707,-0.5375389036940379,0
0.8363688165461411,1.061107129240061,1.3527627443162749,2.428856396104848,0.2820319704866573,0.6426559071509603,-0.8193831940055707,-0.1875665409913863,1
1.1825373795305647,0.1566892230117048,-0.167315953477296,-0.2330972087296831,0.8654337328552689,1.2765332794800484,1.2204302056910403,0.5123781844139168,0
1.1825373795305647,0.7755014746416325,0.7032745734408403,-1.8302693716304017,-0.8847715542505659,0.0087785348218723,1.2204302056910403,0.5123781844139168,0
0.8363688165461411,-1.325740127046803,-1.4179261548438242,-0.9651344500591792,0.2820319704866573,1.2765332794800484,1.2204302056910403,0.8623505471165683,0
1.5287059425149885,0.7959018785415198,0.7585501624515157,0.299293512237223,-0.8847715542505659,0.3257172209864163,-0.8193831940055707,1.21232290981922,0
1.1825373795305647,-0.9585328568488238,-1.044815929021767,-1.1647809704217689,1.4488354952238804,1.2765332794800484,1.2204302056910403,0.1624058217112652,0
0.4902002535617175,1.0407067253401734,0.7723690597041842,0.6320377128415394,0.8654337328552689,-0.9420375236717596,-0.8193831940055707,0.5123781844139168,0
1.1825373795305647,-1.3733410694798744,-1.1070009666587763,-1.6306228512678118,-1.4681733166191775,1.5934719656445924,1.2204302056910403,-1.5874559918019926,0
-0.5483054353915534,-0.5233242403178859,-0.8513513674844029,-1.6306228512678118,1.4488354952238804,-0.3081601513426716,-0.8193831940055707,-1.237483629099341,0
1.5287059425149885,-0.2989197974191209,-0.2640482342459775,0.299293512237223,1.4488354952238804,1.2765332794800484,-0.8193831940055707,1.5622952725218715,0
-0.5483054353915534,0.4762955507766129,0.3716210393767883,-1.0316832901800423,0.2820319704866573,0.6426559071509603,1.2204302056910403,0.8623505471165683,0
1.1825373795305647,-0.135716566220019,-0.4644222444096755,-0.2996460488505464,-1.4681733166191775,-0.6250988375072156,-0.8193831940055707,-0.1875665409913863,0
0.8363688165461411,-0.6389265290839163,-0.3815088608936625,-0.5658414093339995,0.2820319704866573,-1.5759148960008476,1.2204302056910403,-0.8875112663966895,0
1.5287059425149885,-1.6249460509118232,-1.335012771327812,-0.9651344500591792,0.8654337328552689,-0.3081601513426716,-0.8193831940055707,0.5123781844139168,0
-0.2021368724071297,-0.3193202013190088,-0.1949537479826336,-0.6323902494548628,0.8654337328552689,-0.9420375236717596,-0.8193831940055707,-0.8875112663966895,0
-0.894473998375977,1.4827154765044075,1.594593446237979,0.0996469918746332,0.2820319704866573,0.3257172209864163,-0.8193831940055707,1.5622952725218715,0
0.4902002535617175,0.9999059175403976,1.3527627443162749,-0.3661948889714096,-1.4681733166191775,1.2765332794800484,-0.8193831940055707,-1.5874559918019926,0
1.1825373795305647,0.2926919156776231,0.4476249742664664,1.4971726344127618,-0.8847715542505659,0.9595945933155045,-0.8193831940055707,-0.8875112663966895,0
-0.894473998375977,0.2926919156776231,0.0054202621810642,0.4323911924789496,0.2820319704866573,0.9595945933155045,-0.8193831940055707,-0.1875665409913863,0
-1.2406425613604006,1.4419146687046318,1.5807745489853104,-0.0334506883670933,-1.4681733166191775,0.3257172209864163,1.2204302056910403,-1.5874559918019926,0
-1.2406425613604006,0.7551010707417453,0.6618178816828335,-0.0334506883670933,0.2820319704866573,0.0087785348218723,1.2204302056910403,1.21232290981922,0
1.1825373795305647,-0.938132452948936,-0.8029852271000618,-0.698939089575726,0.2820319704866573,0.6426559071509603,-0.8193831940055707,0.8623505471165683,0
-1.2406425613604006,0.7006999936753779,0.5098100119034761,0.4989400325998128,1.4488354952238804,-0.6250988375072156,1.2204302056910403,-1.5874559918019926,0
-0.894473998375977,0.3062921849442152,0.3508926934977843,-1.1647809704217689,1.4488354952238804,-1.2589762098363035,-0.8193831940055707,-1.5874559918019926,0
0.1440316905772939,-0.9109319144157524,-1.2659182850644677,-0.5658414093339995,0.8654337328552689,-1.5759148960008476,-0.8193831940055707,-1.237483629099341,0
-0.2021368724071297,-0.4349224900850392,-0.7822568812210584,0.8316842332041292,-1.4681733166191775,-0.6250988375072156,1.2204302056910403,0.8623505471165683,0
0.8363688165461411,-0.7817293563831305,-0.7200718435840489,-0.2996460488505464,-0.3013697918819543,0.3257172209864163,-0.8193831940055707,0.8623505471165683,0
-1.5868111243448242,-0.4485227593516308,-0.3469616177619906,0.6985865529624027,-0.8847715542505659,0.0087785348218723,1.2204302056910403,0.5123781844139168,0
1.5287059425149885,1.0271064560735803,1.3665816415689434,0.765135393083266,-0.3013697918819543,-0.3081601513426716,1.2204302056910403,0.5123781844139168,1
-1.2406425613604006,-1.86295076307718,-1.576843473249516,-1.1647809704217689,-0.8847715542505659,-0.6250988375072156,-0.8193831940055707,0.5123781844139168,0
0.4902002535617175,-0.1561169701199069,-0.5058789361676823,1.0978795936875825,1.4488354952238804,-0.6250988375072156,-0.8193831940055707,-1.237483629099341,0
0.4902002535617175,-1.5433444353122725,-1.611390716381188,0.1661958319954964,-0.8847715542505659,0.0087785348218723,-0.8193831940055707,0.8623505471165683,0
1.5287059425149885,-1.1557367612144052,-1.0793631721534385,-0.8985856099383158,0.2820319704866573,-1.2589762098363035,-0.8193831940055707,-1.237483629099341,0
-0.894473998375977,-1.0469346070816703,-0.9066269564950784,1.4971726344127618,-0.3013697918819543,-1.2589762098363035,1.2204302056910403,0.8623505471165683,0
-0.5483054353915534,-0.6865274715169879,-0.7062529463313802,0.299293512237223,1.4488354952238804,0.6426559071509603,-0.8193831940055707,-1.237483629099341,0
0.8363688165461411,1.2719113028722342,1.0418375561312254,0.3658423523580862,0.2820319704866573,1.5934719656445924,-0.8193831940055707,0.1624058217112652,1
-1.5868111243448242,0.9999059175403976,1.2629399121739269,1.0978795936875825,0.2820319704866573,1.5934719656445924,1.2204302056910403,1.21232290981922,1
1.5287059425149885,-0.951732722215528,-0.6786151518260426,0.0996469918746332,-0.3013697918819543,1.5934719656445924,1.2204302056910403,0.1624058217112652,0
-1.2406425613604006,-1.3801412041131702,-1.1139104152851105,1.1644284338084456,-0.3013697918819543,0.3257172209864163,-0.8193831940055707,-0.1875665409913863,0
-1.2406425613604006,-0.951732722215528,-0.6578868059470392,1.6968191547753515,-1.4681733166191775,0.9595945933155045,1.2204302056910403,-0.1875665409913863,0
-1.2406425613604006,0.9183043019408472,1.0625659020102296,-0.2996460488505464,1.4488354952238804,-0.9420375236717596,-0.8193831940055707,-0.8875112663966895,0
-0.894473998375977,-1.1829372997475889,-1.2382804905591298,0.1661958319954964,1.4488354952238804,0.3257172209864163,-0.8193831940055707,-1.237483629099341,0
-1.5868111243448242,-0.8633309719826814,-0.8928080592424091,-1.0982321303009055,-0.3013697918819543,-0.3081601513426716,1.2204302056910403,1.5622952725218715,0
1.1825373795305647,-0.6729272022503958,-0.3815088608936625,0.2327446721163597,-1.4681733166191775,-0.6250988375072156,-0.8193831940055707,0.8623505471165683,0
-1.5868111243448242,1.815922073535906,1.594593446237979,-0.0999995284879566,-1.4681733166191775,0.0087785348218723,1.2204302056910403,-0.8875112663966895,0
-1.2406425613604006,0.8775034941410714,0.7101840220671747,-0.1665483686088198,-0.8847715542505659,1.2765332794800484,-0.8193831940055707,0.1624058217112652,0
-0.894473998375977,-0.747728683216651,-1.00335923726376,0.3658423523580862,-1.4681733166191775,-1.5759148960008476,1.2204302056910403,0.5123781844139168,0
-1.2406425613604006,0.9591051097406218,1.0349281075048913,0.1661958319954964,-0.8847715542505659,0.6426559071509603,1.2204302056910403,-0.1875665409913863,0
-0.894473998375977,1.1359086102063152,1.4840422682166283,0.765135393083266,-0.8847715542505659,-0.3081601513426716,-0.8193831940055707,1.21232290981922,0
-0.894473998375977,-0.7069278754168752,-0.8928080592424091,-1.2978786506634954,-1.4681733166191775,-0.6250988375072156,-0.8193831940055707,-0.1875665409913863,0
-0.5483054353915534,1.3195122453053056,1.6084123434906474,0.9647819134458556,-1.4681733166191775,0.6426559071509603,-0.8193831940055707,-0.1875665409913863,0
1.5287059425149885,-1.1897374343808846,-1.252099387811799,0.565488872720676,-0.8847715542505659,0.9595945933155045,1.2204302056910403,-1.237483629099341,0
0.1440316905772939,0.3538931273772868,0.7032745734408403,-0.4327437290922729,-0.3013697918819543,-0.9420375236717596,-0.8193831940055707,-0.5375389036940379,0
-0.5483054353915534,-0.8021297602830183,-0.9204458537477468,-0.0334506883670933,0.2820319704866573,-0.3081601513426716,-0.8193831940055707,-0.5375389036940379,0
0.8363688165461411,-1.2169379729140684,-1.5146584356125063,0.4989400325998128,-0.8847715542505659,0.0087785348218723,1.2204302056910403,-0.5375389036940379,0
-1.2406425613604006,-1.4005416080130582,-1.3833789117121524,-0.698939089575726,0.8654337328552689,-0.9420375236717596,-0.8193831940055707,-0.8875112663966895,0
-1.2406425613604006,1.5711172267372535,1.5462273058536378,1.1644284338084456,1.4488354952238804,1.2765332794800484,-0.8193831940055707,1.5622952725218715,1
-0.5483054353915534,0.3810936659104698,0.6618178816828335,1.3640749541710353,-0.3013697918819543,-0.9420375236717596,-0.8193831940055707,0.8623505471165683,1
-0.5483054353915534,1.543916688204071,1.3251249498109363,0.8316842332041292,-0.8847715542505659,1.2765332794800484,1.2204302056910403,-1.237483629099341,0
0.1440316905772939,1.4691152072378149,1.4287666792059528,-0.6323902494548628,-0.3013697918819543,-1.5759148960008476,-0.8193831940055707,0.8623505471165683,0
-0.894473998375977,0.6870997244087852,0.9451052753625444,0.8316842332041292,0.2820319704866573,1.2765332794800484,-0.8193831940055707,1.21232290981922,1
0.8363688165461411,1.652718842336805,1.4840422682166283,-0.9651344500591792,-0.8847715542505659,0.9595945933155045,-0.8193831940055707,-1.5874559918019926,0
0.1440316905772939,-1.3529406655799865,-1.6735757540181977,0.4323911924789496,-0.8847715542505659,-0.6250988375072156,-0.8193831940055707,0.8623505471165683,0
-1.5868111243448242,-1.6861472626114862,-1.5077489869861722,-1.1647809704217689,-1.4681733166191775,0.9595945933155045,1.2204302056910403,0.5123781844139168,0
-0.5483054353915534,-0.0949157584202438,0.0745147484444081,0.299293512237223,-0.8847715542505659,0.3257172209864163,-0.8193831940055707,-0.5375389036940379,0
0.4902002535617175,-0.5437246442177732,-0.2433198883669747,-1.6971716913886752,-0.3013697918819543,-1.2589762098363035,-0.8193831940055707,-0.1875665409913863,0
0.8363688165461411,-0.5505247788510697,-0.6302490114417015,0.6320377128415394,-0.3013697918819543,0.9595945933155045,-0.8193831940055707,-0.5375389036940379,0
0.8363688165461411,-0.0813154891536517,-0.3815088608936625,1.2309772739293088,0.8654337328552689,0.3257172209864163,-0.8193831940055707,0.5123781844139168,1
0.8363688165461411,0.340292858110694,0.5098100119034761,0.1661958319954964,0.8654337328552689,0.9595945933155045,-0.8193831940055707,-0.8875112663966895,1
0.8363688165461411,0.5986979741759391,0.3785304880031225,-0.5658414093339995,0.2820319704866573,0.0087785348218723,1.2204302056910403,0.8623505471165683,1
0.1440316905772939,-0.3669211437520798,-0.6647962545733734,0.4323911924789496,0.8654337328552689,-1.5759148960008476,-0.8193831940055707,1.21232290981922,0
-0.2021368724071297,-1.0469346070816703,-1.2728277336908016,-1.963367051872128,-0.8847715542505659,-1.5759148960008476,1.2204302056910403,-0.1875665409913863,0
0.4902002535617175,-1.1897374343808846,-1.0517253776481008,1.6302703146544884,-0.3013697918819543,-0.9420375236717596,-0.8193831940055707,0.8623505471165683,0
0.8363688165461411,-0.5641250481176612,-0.5058789361676823,-0.4992925692131362,-0.3013697918819543,-0.6250988375072156,-0.8193831940055707,-1.237483629099341,0
-1.5868111243448242,0.3062921849442152,0.5789044981668199,1.5637214745336252,-1.4681733166191775,-0.6250988375072156,-0.8193831940055707,-1.237483629099341,0
-0.5483054353915534,-0.0473148159871723,-0.1396781589719583,-0.4992925692131362,-0.3013697918819543,0.6426559071509603,-0.8193831940055707,1.5622952725218715,0
-0.894473998375977,-1.3597408002132825,-1.0931820694061072,-0.6323902494548628,1.4488354952238804,-1.2589762098363035,1.2204302056910403,1.21232290981922,0
-0.894473998375977,-0.8565308373493856,-0.568063973804692,-0.2330972087296831,0.2820319704866573,0.3257172209864163,-0.8193831940055707,-0.5375389036940379,0
0.4902002535617175,1.1835095526393868,1.0141997616258884,0.299293512237223,-0.3013697918819543,0.6426559071509603,1.2204302056910403,1.5622952725218715,0
-0.2021368724071297,-1.3801412041131702,-1.6666663053918631,2.295758715863121,1.4488354952238804,0.0087785348218723,1.2204302056910403,1.21232290981922,0
1.5287059425149885,1.061107129240061,1.3527627443162749,-0.4992925692131362,1.4488354952238804,1.5934719656445924,1.2204302056910403,-0.5375389036940379,1
-1.2406425613604006,-0.8157300295496098,-0.498969487541348,1.7633679948962149,-1.4681733166191775,-0.9420375236717596,-0.8193831940055707,0.1624058217112652,0
0.8363688165461411,0.5918978395426433,0.8967391349782035,-1.5640740111469489,-0.8847715542505659,-1.5759148960008476,-0.8193831940055707,1.5622952725218715,0
1.5287059425149885,-1.325740127046803,-1.3211938740751428,1.8964656751379412,-0.8847715542505659,1.5934719656445924,1.2204302056910403,-0.1875665409913863,0
1.1825373795305647,-0.4145220861851513,-0.4644222444096755,-0.2996460488505464,-1.4681733166191775,-1.2589762098363035,1.2204302056910403,1.21232290981922,0
-0.2021368724071297,0.727900532208561,0.8483729945938624,0.8982330733249925,-0.8847715542505659,0.6426559071509603,1.2204302056910403,-0.5375389036940379,0
-1.5868111243448242,-0.1833175086530905,0.1366997860814184,-0.1665483686088198,0.8654337328552689,0.6426559071509603,1.2204302056910403,1.21232290981922,0
0.4902002535617175,-0.21731818181957,0.0883336456970773,0.6320377128415394,-0.8847715542505659,-0.3081601513426716,1.2204302056910403,-1.237483629099341,0
0.4902002535617175,1.31271211067201,1.242211566294924,-0.0999995284879566,-1.4681733166191775,-1.5759148960008476,-0.8193831940055707,-0.5375389036940379,0
1.1825373795305647,1.435114534071336,1.338943847063606,0.8982330733249925,0.2820319704866573,-0.3081601513426716,1.2204302056910403,0.8623505471165683,1
0.1440316905772939,-1.7269480704112614,-1.4801111924808346,-0.4327437290922729,0.2820319704866573,0.9595945933155045,1.2204302056910403,-1.5874559918019926,0
1.5287059425149885,1.4487148033379276,1.4564044737112911,-1.0316832901800423,-0.3013697918819543,-1.5759148960008476,1.2204302056910403,0.8623505471165683,1
-1.2406425613604006,-0.2513188549860494,0.0468769539390705,-0.698939089575726,0.8654337328552689,1.5934719656445924,-0.8193831940055707,1.21232290981922,0
0.1440316905772939,-0.4281223554517429,-0.5749734224310262,-0.7654879296965893,-1.4681733166191775,-1.5759148960008476,-0.8193831940055707,1.5622952725218715,0
0.8363688165461411,1.815922073535906,1.5393178572273036,-0.6323902494548628,-0.3013697918819543,0.9595945933155045,1.2204302056910403,-0.1875665409913863,1
-0.5483054353915534,0.1770896269115927,0.3508926934977843,-1.0316832901800423,-0.8847715542505659,1.2765332794800484,1.2204302056910403,-1.5874559918019926,0
0.4902002535617175,1.5507168228373664,1.2767588094265967,0.9647819134458556,1.4488354952238804,1.2765332794800484,1.2204302056910403,-0.8875112663966895,1
-0.5483054353915534,0.0274866649790829,0.2956171044871095,0.6320377128415394,-0.8847715542505659,0.0087785348218723,1.2204302056910403,1.5622952725218715,0
1.5287059425149885,-0.5437246442177732,-0.8444419188580686,2.428856396104848,-1.4681733166191775,0.9595945933155045,-0.8193831940055707,0.8623505471165683,0
-1.5868111243448242,0.8775034941410714,0.7101840220671747,0.3658423523580862,1.4488354952238804,-1.5759148960008476,1.2204302056910403,-1.237483629099341,0
1.1825373795305647,-0.4281223554517429,-0.4920600389150132,-0.0334506883670933,1.4488354952238804,1.5934719656445924,1.2204302056910403,-0.5375389036940379,0
-0.5483054353915534,-1.590945377745343,-1.632119062260191,-0.3661948889714096,0.8654337328552689,0.9595945933155045,-0.8193831940055707,1.5622952725218715,0
-1.5868111243448242,-1.339340396313395,-1.459382846601831,-1.4975251710260853,0.2820319704866573,0.6426559071509603,-0.8193831940055707,-0.5375389036940379,0
0.8363688165461411,-0.747728683216651,-0.4920600389150132,0.2327446721163597,-0.8847715542505659,-0.9420375236717596,-0.8193831940055707,1.5622952725218715,0
1.1825373795305647,-1.3189399924135072,-1.528477332865175,-1.3644274907843588,0.8654337328552689,0.0087785348218723,-0.8193831940055707,0.8623505471165683,0
0.1440316905772939,0.8231024170747041,0.5236289091561446,-1.4975251710260853,0.2820319704866573,1.2765332794800484,-0.8193831940055707,0.8623505471165683,0
1.5287059425149885,-1.121736088047926,-1.1899143501747893,-0.7654879296965893,0.2820319704866573,0.6426559071509603,-0.8193831940055707,0.8623505471165683,0
-0.5483054353915534,-0.7749292217498347,-0.7408001894630523,1.4971726344127618,-1.4681733166191775,0.0087785348218723,-0.8193831940055707,-1.5874559918019926,0
-0.894473998375977,1.605117899903734,1.4978611654692968,-1.4975251710260853,-0.8847715542505659,0.6426559071509603,1.2204302056910403,-1.237483629099341,0
1.1825373795305647,0.2790916464110315,0.4545344228928007,-1.430976330905222,-0.8847715542505659,-0.3081601513426716,1.2204302056910403,-1.5874559918019926,0
0.8363688165461411,-0.4757232978848144,-0.3953277581463316,0.6985865529624027,-0.8847715542505659,1.2765332794800484,-0.8193831940055707,-1.5874559918019926,0
1.5287059425149885,0.1294886844785211,0.2334320668500999,-0.6323902494548628,-0.8847715542505659,-0.6250988375072156,-0.8193831940055707,1.21232290981922,0
-0.2021368724071297,-1.842550359177292,-1.6252096136338572,0.0996469918746332,0.8654337328552689,-0.6250988375072156,-0.8193831940055707,1.5622952725218715,0
0.1440316905772939,-0.7885294910164262,-0.8513513674844029,0.2327446721163597,-1.4681733166191775,0.9595945933155045,-0.8193831940055707,-1.237483629099341,0
-1.5868111243448242,0.6734994551421937,0.931286378109876,0.3658423523580862,0.8654337328552689,1.5934719656445924,1.2204302056910403,0.8623505471165683,0
1.1825373795305647,-1.1693370304809974,-1.0379064803954317,2.295758715863121,-0.3013697918819543,-1.5759148960008476,1.2204302056910403,1.21232290981922,1
-0.5483054353915534,-0.747728683216651,-1.0240875831427632,-1.3644274907843588,-1.4681733166191775,0.9595945933155045,-0.8193831940055707,-0.1875665409913863,0
-1.5868111243448242,-0.9449325875822324,-0.6440679086943707,1.2309772739293088,0.2820319704866573,1.5934719656445924,-0.8193831940055707,1.5622952725218715,0
1.5287059425149885,-0.6661270676171,-0.6371584600680358,0.299293512237223,0.8654337328552689,0.6426559071509603,-0.8193831940055707,-0.5375389036940379,0
0.8363688165461411,0.5918978395426433,0.627270638551161,1.0313307535667189,-0.8847715542505659,0.9595945933155045,1.2204302056910403,0.8623505471165683,1
0.8363688165461411,-0.8021297602830183,-0.8582608161107372,-0.8320367698174526,-1.4681733166191775,1.2765332794800484,-0.8193831940055707,0.8623505471165683,0
1.5287059425149885,1.305911976038713,1.2905777066792652,0.4989400325998128,-0.8847715542505659,0.9595945933155045,-0.8193831940055707,0.5123781844139168,0
-0.5483054353915534,-0.3465207398521925,-0.4298750012780036,-1.2978786506634954,-1.4681733166191775,-0.6250988375072156,-0.8193831940055707,0.5123781844139168,0
1.5287059425149885,0.9999059175403976,0.9243769294835406,0.765135393083266,1.4488354952238804,-1.2589762098363035,-0.8193831940055707,-0.5375389036940379,1
1.5287059425149885,-0.6185261251840285,-0.498969487541348,-1.3644274907843588,-0.3013697918819543,0.3257172209864163,-0.8193831940055707,-0.5375389036940379,0
-0.2021368724071297,-0.1901176432863863,-0.3055049260039844,0.4323911924789496,0.2820319704866573,0.3257172209864163,1.2204302056910403,-0.5375389036940379,0
-0.5483054353915534,-0.8497307027160893,-0.6440679086943707,-0.8985856099383158,0.8654337328552689,0.9595945933155045,-0.8193831940055707,1.21232290981922,0
-0.894473998375977,-1.9309521094101385,-1.6666663053918631,-1.2978786506634954,-0.8847715542505659,1.2765332794800484,-0.8193831940055707,-1.5874559918019926,0
0.4902002535617175,1.455514937971223,1.670597381127657,0.1661958319954964,-0.3013697918819543,-1.5759148960008476,-0.8193831940055707,-0.5375389036940379,0
0.1440316905772939,1.6459187077035085,1.4080383333269502,-1.5640740111469489,-0.8847715542505659,-1.5759148960008476,1.2204302056910403,1.21232290981922,0
-1.2406425613604006,-0.1901176432863863,-0.1465876075982926,-0.4327437290922729,-1.4681733166191775,-1.5759148960008476,-0.8193831940055707,-0.1875665409913863,0
-1.2406425613604006,1.0747073985066522,1.2076643231632516,1.3640749541710353,1.4488354952238804,0.3257172209864163,-0.8193831940055707,1.21232290981922,1
-1.2406425613604006,-0.2921196627858252,-0.0567647754559453,1.6968191547753515,-0.8847715542505659,-1.2589762098363035,1.2204302056910403,-0.8875112663966895,0
-0.5483054353915534,1.407913995538152,1.124750939647239,2.0961121955005315,1.4488354952238804,1.2765332794800484,1.2204302056910403,-1.237483629099341,1
1.1825373795305647,-1.2985395885136193,-1.0862726207797728,-0.1665483686088198,-0.3013697918819543,-1.5759148960008476,1.2204302056910403,-1.237483629099341,0
-1.5868111243448242,1.373913322371673,1.4702233709639596,0.4323911924789496,0.2820319704866573,0.6426559071509603,-0.8193831940055707,1.5622952725218715,0
0.4902002535617175,-1.0129339339151913,-1.3073749768224745,0.0996469918746332,-0.8847715542505659,0.0087785348218723,1.2204302056910403,1.5622952725218715,0
-0.894473998375977,-0.4213222208184471,-0.2640482342459775,1.9630145152588048,-0.3013697918819543,1.5934719656445924,-0.8193831940055707,-1.237483629099341,0
-0.894473998375977,0.7551010707417453,0.9451052753625444,-1.963367051872128,0.2820319704866573,0.9595945933155045,-0.8193831940055707,0.1624058217112652,0
-0.5483054353915534,-1.0877354148814464,-1.2037332474274578,-0.4992925692131362,0.2820319704866573,-0.9420375236717596,1.2204302056910403,0.8623505471165683,0
1.1825373795305647,1.8703231506022733,1.6498690352486542,-0.0334506883670933,1.4488354952238804,1.5934719656445924,-0.8193831940055707,0.1624058217112652,1
1.1825373795305647,1.5847174960038453,1.387309987447946,0.1661958319954964,-1.4681733166191775,0.3257172209864163,-0.8193831940055707,0.1624058217112652,0
-0.894473998375977,0.5170963585763875,0.3508926934977843,-1.0316832901800423,-0.3013697918819543,0.6426559071509603,-0.8193831940055707,0.1624058217112652,0
-0.894473998375977,1.1835095526393868,0.9934714157468856,-0.1665483686088198,-0.3013697918819543,0.6426559071509603,-0.8193831940055707,1.5622952725218715,0
1.5287059425149885,1.0475068599734692,0.9865619671205512,0.2327446721163597,0.2820319704866573,-1.2589762098363035,-0.8193831940055707,1.21232290981922,1
-1.5868111243448242,1.401113860904856,1.477132819590294,0.765135393083266,1.4488354952238804,0.6426559071509603,1.2204302056910403,1.5622952725218715,1
1.5287059425149885,-1.3461405309466907,-1.5077489869861722,1.2975261140501722,-1.4681733166191775,1.2765332794800484,-0.8193831940055707,-1.5874559918019926,0
-0.5483054353915534,0.4150943390769498,0.2057942723447622,-1.8302693716304017,0.8654337328552689,1.2765332794800484,1.2204302056910403,1.21232290981922,0
0.4902002535617175,1.435114534071336,1.2560304635475923,0.565488872720676,1.4488354952238804,1.5934719656445924,1.2204302056910403,-1.237483629099341,0
1.5287059425149885,-0.9585328568488238,-0.6924340490787112,-0.698939089575726,-0.3013697918819543,-0.3081601513426716,-0.8193831940055707,1.5622952725218715,0
0.1440316905772939,1.2039099565392752,1.4218572305796189,0.2327446721163597,0.2820319704866573,0.0087785348218723,1.2204302056910403,-1.237483629099341,0
-0.894473998375977,1.435114534071336,1.3458532956899405,-0.8985856099383158,1.4488354952238804,1.5934719656445924,-0.8193831940055707,-0.5375389036940379,0
-0.894473998375977,0.6870997244087852,0.5719950495404856,0.8316842332041292,-0.3013697918819543,-1.5759148960008476,-0.8193831940055707,-0.8875112663966895,1
-1.5868111243448242,-0.2989197974191209,-0.53351673067302,-0.0334506883670933,-0.8847715542505659,1.2765332794800484,1.2204302056910403,0.8623505471165683,0
0.8363688165461411,-0.5437246442177732,-0.5957017683100296,-0.8320367698174526,-1.4681733166191775,-0.9420375236717596,-0.8193831940055707,1.5622952725218715,0
-1.5868111243448242,-0.8973316451491609,-1.1208198639114448,-0.4992925692131362,-0.8847715542505659,-0.9420375236717596,-0.8193831940055707,-0.1875665409913863,0
-0.894473998375977,-1.121736088047926,-1.044815929021767,0.2327446721163597,-1.4681733166191775,-1.2589762098363035,1.2204302056910403,0.5123781844139168,0
-1.2406425613604006,0.1634893576450005,-0.0429458782032767,0.0330981517537699,-0.8847715542505659,-1.5759148960008476,-0.8193831940055707,-1.5874559918019926,0
1.1825373795305647,0.1294886844785211,0.1574281319604211,0.765135393083266,0.8654337328552689,1.5934719656445924,-0.8193831940055707,1.5622952725218715,1
0.8363688165461411,0.4830956854099087,0.4268966283874637,1.1644284338084456,-0.8847715542505659,0.6426559071509603,1.2204302056910403,1.21232290981922,1
1.1825373795305647,-0.4553228939849265,-0.6233395628153673,1.6302703146544884,-0.8847715542505659,0.6426559071509603,1.2204302056910403,0.8623505471165683,0
-0.2021368724071297,-0.7273282793167631,-0.4367844499043378,-0.2330972087296831,-1.4681733166191775,1.2765332794800484,1.2204302056910403,-0.8875112663966895,0
0.1440316905772939,0.8163022824414083,0.7101840220671747,1.2309772739293088,-0.3013697918819543,0.6426559071509603,-0.8193831940055707,1.21232290981922,1
1.1825373795305647,1.4963157457709992,1.297487155305599,0.6985865529624027,0.8654337328552689,0.0087785348218723,-0.8193831940055707,1.21232290981922,1
-0.2021368724071297,-0.8089298949163141,-0.6717057031997083,-0.0999995284879566,0.8654337328552689,-1.5759148960008476,-0.8193831940055707,-0.1875665409913863,0
-0.894473998375977,1.7683211311028355,1.670597381127657,-0.1665483686088198,0.2820319704866573,-1.5759148960008476,-0.8193831940055707,1.21232290981922,0
-1.2406425613604006,-0.6389265290839163,-0.733890740836718,0.9647819134458556,1.4488354952238804,-1.2589762098363035,-0.8193831940055707,0.8623505471165683,0
-1.5868111243448242,-0.6797273368836916,-0.4920600389150132,1.2309772739293088,-0.3013697918819543,0.6426559071509603,1.2204302056910403,-0.8875112663966895,0
-1.2406425613604006,1.2923117067721217,1.332034398437272,0.8316842332041292,-0.3013697918819543,0.3257172209864163,-0.8193831940055707,0.1624058217112652,1
0.8363688165461411,-1.1761371651142931,-1.1968237988011234,-0.4992925692131362,-0.8847715542505659,1.2765332794800484,-0.8193831940055707,-0.5375389036940379,0
1.5287059425149885,-0.9313323183156402,-0.7269812922103831,-0.3661948889714096,-0.8847715542505659,-0.3081601513426716,-0.8193831940055707,-1.5874559918019926,0
0.8363688165461411,0.3538931273772868,0.4130777311347951,0.1661958319954964,-1.4681733166191775,-0.6250988375072156,-0.8193831940055707,0.5123781844139168,0
-1.5868111243448242,1.2175102258058668,1.5462273058536378,-0.4327437290922729,-1.4681733166191775,-0.3081601513426716,-0.8193831940055707,-0.5375389036940379,0
1.5287059425149885,-0.9857333953820075,-0.8237135729790652,-2.362660092597308,-0.8847715542505659,1.2765332794800484,-0.8193831940055707,1.5622952725218715,0
1.1825373795305647,1.7343204579363556,1.5807745489853104,1.2975261140501722,1.4488354952238804,-0.3081601513426716,-0.8193831940055707,-1.5874559918019926,1
0.1440316905772939,-0.2921196627858252,-0.1949537479826336,-0.0999995284879566,0.2820319704866573,0.0087785348218723,-0.8193831940055707,1.21232290981922,0
0.1440316905772939,0.0546872035122665,-0.1189498130929549,0.4989400325998128,-0.8847715542505659,0.3257172209864163,1.2204302056910403,1.21232290981922,0
-0.5483054353915534,-1.6657468587115984,-1.5975718191285195,-0.2996460488505464,1.4488354952238804,1.5934719656445924,-0.8193831940055707,-1.5874559918019926,0
1.1825373795305647,-1.7949494167442208,-1.4801111924808346,0.8316842332041292,-0.8847715542505659,0.6426559071509603,1.2204302056910403,1.5622952725218715,0
-0.2021368724071297,-0.6933276061502837,-0.9411741996267502,-0.3661948889714096,-1.4681733166191775,0.6426559071509603,1.2204302056910403,0.8623505471165683,0
0.1440316905772939,-0.9585328568488238,-1.0862726207797728,-0.8985856099383158,-0.8847715542505659,-0.9420375236717596,1.2204302056910403,0.8623505471165683,0
-0.894473998375977,1.3195122453053056,1.6360501379959858,-1.6306228512678118,-0.8847715542505659,-1.2589762098363035,-0.8193831940055707,-1.237483629099341,0
-0.894473998375977,-1.4413424158128334,-1.5906623705021845,0.765135393083266,0.2820319704866573,0.0087785348218723,-0.8193831940055707,-0.8875112663966895,0
-0.5483054353915534,-0.7001277407835794,-0.6026112169363639,-1.8302693716304017,-0.8847715542505659,0.6426559071509603,1.2204302056910403,0.8623505471165683,0
-1.2406425613604006,0.7211003975752652,0.6341800871774953,-0.4327437290922729,-1.4681733166191775,-0.9420375236717596,1.2204302056910403,1.5622952725218715,0
-0.5483054353915534,1.6799193808699884,1.5600462031063065,-0.0334506883670933,1.4488354952238804,-0.6250988375072156,1.2204302056910403,-1.5874559918019926,0
1.1825373795305647,-0.2853195281525288,-0.6233395628153673,-0.698939089575726,0.2820319704866573,-0.9420375236717596,-0.8193831940055707,-0.1875665409913863,0
1.1825373795305647,1.2039099565392752,1.449495025084957,0.1661958319954964,0.2820319704866573,-1.5759148960008476,-0.8193831940055707,-1.237483629099341,1
1.5287059425149885,1.6255183038036212,1.4287666792059528,1.3640749541710353,1.4488354952238804,-0.9420375236717596,1.2204302056910403,-1.237483629099341,1
0.8363688165461411,1.0747073985066522,0.7930974055831871,-0.4327437290922729,0.2820319704866573,0.9595945933155045,-0.8193831940055707,0.8623505471165683,1
0.1440316905772939,0.5238964932096845,0.5927233954194897,-0.0334506883670933,0.2820319704866573,-1.2589762098363035,-0.8193831940055707,0.1624058217112652,0
-0.5483054353915534,0.564697301009459,0.2956171044871095,-0.2996460488505464,-1.4681733166191775,0.3257172209864163,1.2204302056910403,-0.8875112663966895,0
-0.2021368724071297,-0.0881156237869474,0.1505186833340869,1.6968191547753515,-0.3013697918819543,1.2765332794800484,1.2204302056910403,-1.5874559918019926,0
0.1440316905772939,-0.135716566220019,-0.4782411416623446,-0.2996460488505464,1.4488354952238804,0.0087785348218723,1.2204302056910403,0.1624058217112652,0
-1.5868111243448242,-0.0677152198870601,0.1919753750920931,2.295758715863121,1.4488354952238804,-1.2589762098363035,-0.8193831940055707,1.5622952725218715,0
0.1440316905772939,-1.468542954346017,-1.445563949349162,0.2327446721163597,-0.3013697918819543,-0.3081601513426716,-0.8193831940055707,-1.237483629099341,0
0.4902002535617175,0.2246905693446642,0.0883336456970773,0.1661958319954964,1.4488354952238804,1.2765332794800484,1.2204302056910403,0.5123781844139168,0
-1.2406425613604006,0.6734994551421937,0.9243769294835406,-0.2330972087296831,-0.3013697918819543,-1.2589762098363035,-0.8193831940055707,0.5123781844139168,0
-0.2021368724071297,0.5102962239430917,0.482172217398139,-1.430976330905222,-1.4681733166191775,0.9595945933155045,1.2204302056910403,0.8623505471165683,0
0.1440316905772939,1.5575169574706622,1.553136754479972,-0.2996460488505464,-1.4681733166191775,-1.5759148960008476,-0.8193831940055707,-0.1875665409913863,0
-0.2021368724071297,0.2790916464110315,0.2541604127291033,-0.2330972087296831,0.2820319704866573,-0.9420375236717596,1.2204302056910403,0.1624058217112652,0
0.8363688165461411,0.6462989166090106,0.7861879569568527,-0.8320367698174526,-0.3013697918819543,-0.3081601513426716,-0.8193831940055707,-0.1875665409913863,1
1.5287059425149885,1.659518976970101,1.4356761278322872,-0.2330972087296831,0.2820319704866573,-0.6250988375072156,1.2204302056910403,0.8623505471165683,1
0.1440316905772939,0.4558951468767244,0.1366997860814184,1.1644284338084456,-0.8847715542505659,0.0087785348218723,-0.8193831940055707,1.5622952725218715,0
0.1440316905772939,1.2175102258058668,1.0211092102522228,-0.6323902494548628,1.4488354952238804,-1.5759148960008476,-0.8193831940055707,-0.8875112663966895,0
1.1825373795305647,-1.71334780114467,-1.5008395383598374,-2.0299158919929914,0.8654337328552689,-0.3081601513426716,-0.8193831940055707,0.1624058217112652,0
0.4902002535617175,0.0410869342456744,0.1366997860814184,0.8982330733249925,0.2820319704866573,-1.5759148960008476,-0.8193831940055707,0.1624058217112652,0
1.5287059425149885,1.305911976038713,1.2214832204159212,1.0313307535667189,-0.8847715542505659,-1.5759148960008476,-0.8193831940055707,1.21232290981922,1
0.8363688165461411,-0.2377185857194579,-0.0844025699612829,0.0330981517537699,1.4488354952238804,-1.2589762098363035,-0.8193831940055707,0.8623505471165683,0
-1.2406425613604006,-0.441722624718335,-0.6371584600680358,1.430623794291899,-1.4681733166191775,-0.9420375236717596,-0.8193831940055707,0.5123781844139168,0
-0.5483054353915534,-1.7337482050445572,-1.6873946512708669,-1.430976330905222,-0.3013697918819543,0.9595945933155045,-0.8193831940055707,1.5622952725218715,0
-0.2021368724071297,-1.019734068548487,-1.328103322701477,0.0996469918746332,-0.3013697918819543,0.0087785348218723,-0.8193831940055707,1.5622952725218715,0
0.4902002535617175,0.6530990512423064,0.7240029193198432,-0.2996460488505464,1.4488354952238804,0.0087785348218723,-0.8193831940055707,-0.1875665409913863,0
0.4902002535617175,-0.4281223554517429,-0.7408001894630523,-0.1665483686088198,0.2820319704866573,-1.5759148960008476,-0.8193831940055707,1.5622952725218715,0
1.5287059425149885,0.7755014746416325,0.7170934706935089,1.5637214745336252,-0.3013697918819543,-0.6250988375072156,1.2204302056910403,-1.237483629099341,1
-1.2406425613604006,1.2991118414054172,1.6498690352486542,0.0996469918746332,-0.8847715542505659,-1.2589762098363035,-0.8193831940055707,-0.5375389036940379,0
1.5287059425149885,1.543916688204071,1.6360501379959858,-0.0334506883670933,0.2820319704866573,1.2765332794800484,-0.8193831940055707,0.1624058217112652,1
1.1825373795305647,-0.5641250481176612,-0.6095206655626981,-0.2330972087296831,1.4488354952238804,-0.9420375236717596,-0.8193831940055707,-0.8875112663966895,0
1.5287059425149885,0.1770896269115927,0.0261486080600677,-0.2330972087296831,0.8654337328552689,1.5934719656445924,-0.8193831940055707,-0.5375389036940379,0
1.1825373795305647,-0.6389265290839163,-0.4851505902886789,-0.0334506883670933,0.8654337328552689,0.3257172209864163,1.2204302056910403,-1.237483629099341,0
-0.894473998375977,-1.7949494167442208,-1.6528474081391948,0.9647819134458556,-0.8847715542505659,0.6426559071509603,-0.8193831940055707,-1.237483629099341,0
-0.894473998375977,1.2855115721388255,1.1592981827789115,-0.4327437290922729,-0.3013697918819543,1.2765332794800484,1.2204302056910403,0.8623505471165683,0
1.1825373795305647,-0.0269144120872844,-0.1051309158402863,1.0313307535667189,-0.3013697918819543,1.5934719656445924,1.2204302056910403,1.21232290981922,1
-0.2021368724071297,-1.2033377036474768,-1.341922219954146,1.1644284338084456,-1.4681733166191775,0.6426559071509603,-0.8193831940055707,-1.5874559918019926,0
1.1825373795305647,-1.652146589445007,-1.6390285108865257,1.8299168350170785,-1.4681733166191775,1.2765332794800484,1.2204302056910403,-1.5874559918019926,0
1.5287059425149885,-1.3937414733797615,-1.5906623705021845,-1.3644274907843588,-1.4681733166191775,-0.6250988375072156,1.2204302056910403,1.5622952725218715,0
-0.894473998375977,-0.4077219515518556,-0.0844025699612829,0.0996469918746332,-1.4681733166191775,-0.6250988375072156,-0.8193831940055707,1.21232290981922,0
0.8363688165461411,-1.4345422811795376,-1.7219418944025386,-0.0334506883670933,-0.8847715542505659,-0.3081601513426716,1.2204302056910403,-1.237483629099341,0
1.1825373795305647,-0.584525452017549,-0.8375324702317338,-1.2978786506634954,-0.3013697918819543,-0.9420375236717596,1.2204302056910403,-1.237483629099341,0
0.8363688165461411,-1.7745490128443329,-1.6252096136338572,-1.3644274907843588,0.8654337328552689,1.5934719656445924,1.2204302056910403,0.1624058217112652,0
0.4902002535617175,-0.2581189896193452,-0.333142720509322,0.3658423523580862,0.8654337328552689,0.0087785348218723,-0.8193831940055707,-1.237483629099341,0
0.4902002535617175,1.0407067253401734,1.193845425910583,0.8316842332041292,0.2820319704866573,0.3257172209864163,-0.8193831940055707,1.21232290981922,1
-0.2021368724071297,1.115508206306428,0.8276446487148595,0.565488872720676,0.8654337328552689,0.9595945933155045,1.2204302056910403,1.21232290981922,0
0.1440316905772939,-0.3329204705856003,-0.498969487541348,1.6968191547753515,-0.8847715542505659,0.9595945933155045,-0.8193831940055707,-1.5874559918019926,0
-0.894473998375977,1.0747073985066522,0.76545961107785,0.6320377128415394,-0.3013697918819543,-0.6250988375072156,1.2204302056910403,0.1624058217112652,0
-0.2021368724071297,0.7347006668418568,0.8621918918465309,-0.8320367698174526,1.4488354952238804,-1.5759148960008476,1.2204302056910403,0.5123781844139168,0
0.4902002535617175,-1.257738780713844,-1.6183001650075222,1.3640749541710353,-1.4681733166191775,-1.2589762098363035,1.2204302056910403,-1.5874559918019926,0
-1.2406425613604006,1.4759153418711106,1.6360501379959858,1.0978795936875825,0.8654337328552689,-0.3081601513426716,1.2204302056910403,0.5123781844139168,1
0.8363688165461411,-0.795329625649722,-0.616430114189033,1.5637214745336252,-1.4681733166191775,0.0087785348218723,-0.8193831940055707,0.5123781844139168,0
-0.2021368724071297,-1.305339723146915,-1.6735757540181977,-0.9651344500591792,0.8654337328552689,1.5934719656445924,-0.8193831940055707,1.21232290981922,0
-0.894473998375977,-1.7473484743111494,-1.445563949349162,-0.9651344500591792,0.8654337328552689,-1.2589762098363035,1.2204302056910403,1.5622952725218715,0
0.4902002535617175,-0.441722624718335,-0.5266072820466857,0.4989400325998128,0.8654337328552689,-0.3081601513426716,-0.8193831940055707,-1.237483629099341,0
-0.2021368724071297,0.6054981088092348,0.5927233954194897,0.6320377128415394,-0.3013697918819543,1.2765332794800484,-0.8193831940055707,-1.237483629099341,0
0.1440316905772939,1.3943137262715604,1.2905777066792652,2.229209875742258,-1.4681733166191775,-1.2589762098363035,1.2204302056910403,0.1624058217112652,0
1.1825373795305647,-1.2849393192470278,-0.9895403400110911,2.229209875742258,0.2820319704866573,-1.5759148960008476,-0.8193831940055707,0.8623505471165683,1
-0.894473998375977,0.5442968971095717,0.6687273303091679,0.299293512237223,-0.8847715542505659,0.9595945933155045,1.2204302056910403,1.21232290981922,0
-0.5483054353915534,0.0410869342456744,-0.1880442993562994,-0.6323902494548628,0.8654337328552689,0.9595945933155045,-0.8193831940055707,0.5123781844139168,0
0.1440316905772939,0.1838897615448884,-0.0360364295769419,1.8299168350170785,1.4488354952238804,0.9595945933155045,-0.8193831940055707,0.5123781844139168,0
1.5287059425149885,-0.7545288178499467,-1.0724537235271037,0.4989400325998128,0.8654337328552689,-0.9420375236717596,-0.8193831940055707,0.1624058217112652,0
0.4902002535617175,-0.6253262598173243,-0.8858986106160749,-0.0999995284879566,-0.3013697918819543,-1.5759148960008476,-0.8193831940055707,0.1624058217112652,0
-1.2406425613604006,1.27871143750553,1.0694753506365635,0.8316842332041292,0.8654337328552689,1.5934719656445924,1.2204302056910403,-0.1875665409913863,1
-0.2021368724071297,1.081507533139948,1.4149477819532843,-0.4992925692131362,-0.8847715542505659,-0.9420375236717596,-0.8193831940055707,-1.5874559918019926,0
1.5287059425149885,0.4694954161433172,0.6687273303091679,-0.3661948889714096,0.8654337328552689,0.6426559071509603,-0.8193831940055707,-0.1875665409913863,1
0.1440316905772939,0.0342867996123786,-0.1742254021036302,-0.2330972087296831,1.4488354952238804,-0.3081601513426716,1.2204302056910403,-0.5375389036940379,0
0.4902002535617175,0.0002861264458992,-0.2847765801249809,-0.1665483686088198,-0.3013697918819543,-1.2589762098363035,-0.8193831940055707,-0.5375389036940379,0
-0.2021368724071297,0.6530990512423064,0.5374478064088143,0.0996469918746332,-0.3013697918819543,-0.6250988375072156,-0.8193831940055707,0.5123781844139168,0
1.5287059425149885,1.6119180345370296,1.4564044737112911,2.8281494368300275,0.2820319704866573,1.2765332794800484,-0.8193831940055707,1.5622952725218715,1
-1.2406425613604006,-1.11493595341463,-1.1691860042957858,-0.2996460488505464,-0.8847715542505659,-0.9420375236717596,1.2204302056910403,-1.237483629099341,0
-0.2021368724071297,-0.0405146813538765,-0.0636742240822795,0.9647819134458556,1.4488354952238804,0.6426559071509603,-0.8193831940055707,0.5123781844139168,0
-0.2021368724071297,-1.5977455123786397,-1.5906623705021845,0.2327446721163597,-0.3013697918819543,0.6426559071509603,-0.8193831940055707,1.21232290981922,0
0.1440316905772939,1.1903096872726826,1.5254989599746351,-0.8320367698174526,0.8654337328552689,-1.5759148960008476,-0.8193831940055707,-0.1875665409913863,0
-1.2406425613604006,-1.631746185545119,-1.528477332865175,-1.0316832901800423,1.4488354952238804,0.9595945933155045,-0.8193831940055707,0.8623505471165683,0
0.8363688165461411,-0.6729272022503958,-0.3815088608936625,-0.5658414093339995,-0.3013697918819543,0.0087785348218723,-0.8193831940055707,0.5123781844139168,0
0.1440316905772939,-1.0673350109815585,-1.017178134516429,0.1661958319954964,1.4488354952238804,1.2765332794800484,-0.8193831940055707,-1.5874559918019926,0
0.4902002535617175,-0.8837313758825687,-0.6095206655626981,0.6320377128415394,-1.4681733166191775,1.2765332794800484,-0.8193831940055707,-1.237483629099341,0
-1.2406425613604006,-0.6321263944506206,-0.7684379839683899,0.565488872720676,1.4488354952238804,-1.5759148960008476,-0.8193831940055707,1.5622952725218715,0
0.1440316905772939,-1.652146589445007,-1.4801111924808346,-0.0999995284879566,1.4488354952238804,-0.6250988375072156,1.2204302056910403,-0.5375389036940379,0
-1.5868111243448242,0.5238964932096845,0.4683533201454705,0.1661958319954964,0.2820319704866573,1.2765332794800484,-0.8193831940055707,1.21232290981922,0
-0.894473998375977,0.5238964932096845,0.8483729945938624,0.6985865529624027,-0.8847715542505659,-1.5759148960008476,1.2204302056910403,-0.8875112663966895,0
-1.2406425613604006,1.054306994606765,0.9934714157468856,-0.3661948889714096,0.2820319704866573,0.9595945933155045,1.2204302056910403,-0.5375389036940379,0
-1.2406425613604006,0.7823016092749283,0.4959911146508075,-0.8985856099383158,-0.8847715542505659,1.2765332794800484,1.2204302056910403,-0.5375389036940379,0
1.1825373795305647,0.8231024170747041,0.5029005632771418,-0.9651344500591792,0.8654337328552689,-0.6250988375072156,-0.8193831940055707,-1.237483629099341,1
0.4902002535617175,0.5714974356427548,0.8000068542095213,-1.4975251710260853,0.8654337328552689,0.6426559071509603,-0.8193831940055707,-0.1875665409913863,0
-0.894473998375977,-1.1421364919478136,-0.8375324702317338,0.6320377128415394,0.2820319704866573,0.9595945933155045,-0.8193831940055707,-0.5375389036940379,0
0.4902002535617175,-1.3529406655799865,-1.1553671070431166,-0.2996460488505464,-1.4681733166191775,-1.2589762098363035,1.2204302056910403,0.5123781844139168,0
-0.2021368724071297,1.013506186806989,0.9036485836045376,-0.0999995284879566,-0.8847715542505659,1.2765332794800484,1.2204302056910403,1.5622952725218715,0
1.1825373795305647,1.455514937971223,1.1385698368999075,0.4323911924789496,0.2820319704866573,0.6426559071509603,1.2204302056910403,-0.8875112663966895,1
0.8363688165461411,-1.4005416080130582,-1.6390285108865257,-1.1647809704217689,0.8654337328552689,-1.5759148960008476,1.2204302056910403,-1.237483629099341,0
0.4902002535617175,1.081507533139948,1.2491210149212584,0.4989400325998128,0.8654337328552689,-1.5759148960008476,1.2204302056910403,1.5622952725218715,0
0.1440316905772939,1.4895156111377037,1.3251249498109363,1.430623794291899,1.4488354952238804,0.3257172209864163,-0.8193831940055707,-0.8875112663966895,1
-0.5483054353915534,-0.9177320490490488,-0.9549930968794188,-0.698939089575726,-1.4681733166191775,1.5934719656445924,1.2204302056910403,-1.237483629099341,0
0.4902002535617175,0.6462989166090106,0.8552824432201966,-0.2996460488505464,-0.3013697918819543,0.3257172209864163,-0.8193831940055707,1.21232290981922,0
-0.2021368724071297,-0.5913255866508448,-0.3745994122673282,-0.0334506883670933,1.4488354952238804,-1.2589762098363035,-0.8193831940055707,-1.237483629099341,0
-0.894473998375977,0.2178904347113679,-0.0982214672139521,-0.3661948889714096,0.8654337328552689,1.5934719656445924,-0.8193831940055707,-0.5375389036940379,0
0.1440316905772939,0.2722915117777352,0.0676052998180739,-0.2996460488505464,0.2820319704866573,-0.9420375236717596,1.2204302056910403,-0.8875112663966895,0
-0.5483054353915534,-0.1697172393864984,-0.2087726452353022,-0.8985856099383158,-0.3013697918819543,-1.5759148960008476,1.2204302056910403,-0.8875112663966895,0
-0.894473998375977,-0.9925335300153032,-0.6786151518260426,-0.6323902494548628,-1.4681733166191775,-1.2589762098363035,-0.8193831940055707,1.21232290981922,0
1.1825373795305647,0.4218944737102456,0.364711590750454,1.1644284338084456,-0.3013697918819543,-0.6250988375072156,1.2204302056910403,0.1624058217112652,1
-0.894473998375977,-0.0201142774539886,0.281798207234441,0.299293512237223,-0.3013697918819543,1.5934719656445924,-0.8193831940055707,-1.237483629099341,0
-0.5483054353915534,0.2246905693446642,0.0192391594337328,-0.8320367698174526,1.4488354952238804,0.3257172209864163,-0.8193831940055707,-0.8875112663966895,0
-0.894473998375977,1.0407067253401734,1.193845425910583,-1.430976330905222,-0.8847715542505659,1.2765332794800484,1.2204302056910403,0.5123781844139168,0
-1.2406425613604006,1.373913322371673,1.5462273058536378,-0.0334506883670933,-0.3013697918819543,1.5934719656445924,-0.8193831940055707,1.5622952725218715,0
0.8363688165461411,-1.6181459162785268,-1.445563949349162,-1.0982321303009055,-1.4681733166191775,0.6426559071509603,1.2204302056910403,0.8623505471165683,0
0.4902002535617175,1.1631091487394996,1.449495025084957,1.9630145152588048,0.8654337328552689,-0.3081601513426716,-0.8193831940055707,0.8623505471165683,1
-0.2021368724071297,0.3946939351770613,0.647998984430165,0.8316842332041292,-1.4681733166191775,0.9595945933155045,-0.8193831940055707,1.21232290981922,0
1.5287059425149885,0.9795055136405104,1.1109320423945706,0.3658423523580862,1.4488354952238804,-1.5759148960008476,1.2204302056910403,1.21232290981922,1
1.5287059425149885,-1.985353186476506,-1.7426702402815422,0.2327446721163597,0.8654337328552689,-1.5759148960008476,1.2204302056910403,-1.237483629099341,0
-0.894473998375977,-1.7813491474776288,-1.4870206411071687,2.029563355379668,-0.3013697918819543,-0.9420375236717596,-0.8193831940055707,1.21232290981922,0
0.1440316905772939,-1.0605348763482627,-1.010268685890094,0.8982330733249925,-1.4681733166191775,0.6426559071509603,-0.8193831940055707,0.5123781844139168,0
-1.2406425613604006,-0.1969177779196821,-0.53351673067302,0.4323911924789496,0.8654337328552689,1.2765332794800484,-0.8193831940055707,-1.5874559918019926,0
-0.894473998375977,-0.3397206052188961,-0.0982214672139521,0.4989400325998128,0.8654337328552689,0.9595945933155045,-0.8193831940055707,0.5123781844139168,0
0.4902002535617175,0.1362888191118175,-0.0844025699612829,-1.2313298105426322,-0.8847715542505659,0.0087785348218723,-0.8193831940055707,1.5622952725218715,0
-0.5483054353915534,0.149889088378409,-0.0774931213349487,0.1661958319954964,-0.8847715542505659,0.0087785348218723,-0.8193831940055707,-1.237483629099341,0
1.5287059425149885,0.9659052443739176,0.882920237725535,-0.2996460488505464,-0.3013697918819543,0.3257172209864163,-0.8193831940055707,0.8623505471165683,1
-0.2021368724071297,1.407913995538152,1.2007548745369172,-0.6323902494548628,1.4488354952238804,0.6426559071509603,1.2204302056910403,-0.5375389036940379,0
1.5287059425149885,0.0002861264458992,0.0330580566864019,-1.0316832901800423,0.2820319704866573,-0.3081601513426716,1.2204302056910403,1.21232290981922,0
-1.2406425613604006,-0.829330298816202,-0.6855246004523768,0.3658423523580862,-0.3013697918819543,-0.3081601513426716,1.2204302056910403,0.5123781844139168,0
-0.5483054353915534,1.4827154765044075,1.4011288847006158,0.4989400325998128,1.4488354952238804,0.9595945933155045,-0.8193831940055707,0.1624058217112652,0
-1.5868111243448242,-1.4617428197127211,-1.5422962301178442,-1.4975251710260853,-1.4681733166191775,-0.9420375236717596,-0.8193831940055707,0.5123781844139168,0
1.1825373795305647,0.5102962239430917,0.2887076558607753,-0.5658414093339995,-0.8847715542505659,0.9595945933155045,1.2204302056910403,1.5622952725218715,0
-1.5868111243448242,1.0883076677732448,1.1523887341525765,0.4323911924789496,0.8654337328552689,0.3257172209864163,-0.8193831940055707,-0.5375389036940379,0
0.1440316905772939,-0.3737212783853755,-0.1604065048509617,2.0961121955005315,0.8654337328552689,0.6426559071509603,-0.8193831940055707,1.5622952725218715,0
0.1440316905772939,-1.1353363573145174,-1.0309970317690975,-0.698939089575726,0.2820319704866573,-0.9420375236717596,-0.8193831940055707,-1.5874559918019926,0
1.1825373795305647,-0.0065140081873971,0.0606958511917396,-1.6971716913886752,-1.4681733166191775,0.9595945933155045,1.2204302056910403,-1.5874559918019926,0
1.1825373795305647,-1.0877354148814464,-1.1208198639114448,-1.0982321303009055,0.2820319704866573,-0.3081601513426716,-0.8193831940055707,-0.5375389036940379,0
-0.894473998375977,0.0818877420454502,0.2748887586081061,0.4323911924789496,-0.8847715542505659,0.0087785348218723,-0.8193831940055707,0.1624058217112652,0
-0.894473998375977,-1.0061337992818955,-1.3211938740751428,1.2975261140501722,-0.8847715542505659,0.0087785348218723,1.2204302056910403,0.5123781844139168,0
-1.5868111243448242,0.4082942044436541,0.1021525429497458,1.0978795936875825,1.4488354952238804,-0.6250988375072156,-0.8193831940055707,1.5622952725218715,1
1.5287059425149885,-0.8837313758825687,-0.733890740836718,-0.5658414093339995,-0.3013697918819543,0.3257172209864163,-0.8193831940055707,-0.8875112663966895,0
0.4902002535617175,-0.3057199320524167,-0.2847765801249809,0.2327446721163597,0.2820319704866573,-1.5759148960008476,-0.8193831940055707,-0.8875112663966895,0
0.4902002535617175,-0.5165241056845902,-0.6855246004523768,0.565488872720676,-0.3013697918819543,0.9595945933155045,-0.8193831940055707,1.5622952725218715,0
0.1440316905772939,-1.5637448392121596,-1.569934024623182,0.299293512237223,-0.8847715542505659,1.5934719656445924,1.2204302056910403,0.8623505471165683,0
1.5287059425149885,0.2790916464110315,0.2748887586081061,1.4971726344127618,-1.4681733166191775,-1.5759148960008476,1.2204302056910403,-0.1875665409913863,0
1.1825373795305647,1.31271211067201,1.3182155011846022,0.8982330733249925,-0.3013697918819543,1.5934719656445924,-0.8193831940055707,-1.237483629099341,1
-1.2406425613604006,1.0271064560735803,0.7309123679461774,-0.9651344500591792,1.4488354952238804,-0.6250988375072156,-0.8193831940055707,-0.5375389036940379,0
-0.2021368724071297,0.9999059175403976,1.2905777066792652,-0.698939089575726,0.8654337328552689,-1.5759148960008476,-0.8193831940055707,0.5123781844139168,0
-0.2021368724071297,-0.890531510515865,-1.0586348262744352,-1.3644274907843588,-0.8847715542505659,0.0087785348218723,-0.8193831940055707,-0.8875112663966895,0
1.1825373795305647,-0.2513188549860494,-0.2433198883669747,1.0313307535667189,0.8654337328552689,-0.6250988375072156,-0.8193831940055707,1.21232290981922,1
-1.5868111243448242,-0.2309184510861615,-0.4436938985306727,1.0978795936875825,1.4488354952238804,-1.5759148960008476,1.2204302056910403,1.21232290981922,0
0.8363688165461411,-0.8361304334494978,-0.5196978334203508,-0.4992925692131362,0.2820319704866573,-1.5759148960008476,1.2204302056910403,1.5622952725218715,0
-1.5868111243448242,-0.8633309719826814,-0.8237135729790652,0.565488872720676,1.4488354952238804,0.6426559071509603,-0.8193831940055707,-0.1875665409913863,0
-0.5483054353915534,0.8095021478081126,1.0902036965155666,-0.2330972087296831,0.8654337328552689,-0.3081601513426716,-0.8193831940055707,-0.1875665409913863,0
0.8363688165461411,1.9315243623019365,1.691325727006661,-1.0316832901800423,0.8654337328552689,1.5934719656445924,-0.8193831940055707,0.8623505471165683,1
-1.5868111243448242,0.1090882805786338,0.1090619915760807,-0.9651344500591792,-0.3013697918819543,-0.6250988375072156,1.2204302056910403,0.1624058217112652,0
-0.894473998375977,-1.760948743577741,-1.7150324457762045,0.6320377128415394,0.8654337328552689,1.2765332794800484,1.2204302056910403,-0.1875665409913863,0
-1.5868111243448242,-0.2513188549860494,-0.0291269809506076,0.0330981517537699,0.8654337328552689,-0.9420375236717596,-0.8193831940055707,1.21232290981922,0
-1.5868111243448242,0.3674933966438783,0.4268966283874637,0.4323911924789496,0.2820319704866573,-1.5759148960008476,-0.8193831940055707,1.5622952725218715,0
-0.894473998375977,-1.3733410694798744,-1.2037332474274578,-0.0999995284879566,-1.4681733166191775,1.5934719656445924,-0.8193831940055707,1.21232290981922,0
1.1825373795305647,-1.631746185545119,-1.7219418944025386,0.1661958319954964,-0.3013697918819543,-0.6250988375072156,-0.8193831940055707,-0.1875665409913863,0
1.5287059425149885,-0.4281223554517429,-0.6509773573207049,0.299293512237223,1.4488354952238804,0.6426559071509603,1.2204302056910403,0.8623505471165683,0
0.1440316905772939,0.0954880113120417,-0.1396781589719583,0.765135393083266,1.4488354952238804,-0.3081601513426716,-0.8193831940055707,1.21232290981922,0
-1.2406425613604006,0.8639032248744799,1.0694753506365635,-0.4992925692131362,1.4488354952238804,-1.5759148960008476,1.2204302056910403,0.1624058217112652,0
-1.5868111243448242,0.564697301009459,0.7378218165725117,0.3658423523580862,-0.3013697918819543,-0.9420375236717596,-0.8193831940055707,-1.237483629099341,0
0.8363688165461411,-0.6797273368836916,-0.4920600389150132,-0.2330972087296831,-0.3013697918819543,0.6426559071509603,-0.8193831940055707,0.8623505471165683,0
0.1440316905772939,0.727900532208561,0.882920237725535,-1.0316832901800423,-0.8847715542505659,0.3257172209864163,-0.8193831940055707,1.21232290981922,0
-1.2406425613604006,-0.2445187203527536,0.0537864025654053,-0.6323902494548628,-0.3013697918819543,0.3257172209864163,-0.8193831940055707,1.5622952725218715,0
1.1825373795305647,-0.0133141428206928,0.2610698613554376,1.5637214745336252,-0.8847715542505659,-1.5759148960008476,-0.8193831940055707,-0.5375389036940379,0
-0.2021368724071297,0.1158884152119296,-0.0429458782032767,1.0313307535667189,0.8654337328552689,-0.3081601513426716,-0.8193831940055707,0.1624058217112652,0
0.1440316905772939,-0.5505247788510697,-0.8582608161107372,-0.0334506883670933,-0.3013697918819543,-1.5759148960008476,1.2204302056910403,-0.5375389036940379,0
-1.2406425613604006,0.6870997244087852,0.7309123679461774,-0.3661948889714096,1.4488354952238804,0.3257172209864163,-0.8193831940055707,-1.237483629099341,0
-0.2021368724071297,-1.3597408002132825,-1.0793631721534385,-2.362660092597308,-0.8847715542505659,0.0087785348218723,-0.8193831940055707,-0.5375389036940379,0
0.8363688165461411,-0.3193202013190088,-0.1604065048509617,-0.4327437290922729,-0.3013697918819543,-1.2589762098363035,1.2204302056910403,0.1624058217112652,0
1.5287059425149885,1.2923117067721217,1.6084123434906474,0.8982330733249925,0.8654337328552689,-0.6250988375072156,1.2204302056910403,1.5622952725218715,1
-0.5483054353915534,-1.937752244043435,-1.7357607916552078,-0.5658414093339995,-1.4681733166191775,1.2765332794800484,1.2204302056910403,0.8623505471165683,0
0.8363688165461411,-0.441722624718335,-0.6786151518260426,2.229209875742258,0.2820319704866573,-1.2589762098363035,-0.8193831940055707,-0.5375389036940379,1
-1.2406425613604006,1.530316418937478,1.2076643231632516,0.3658423523580862,0.2820319704866573,0.6426559071509603,-0.8193831940055707,-1.237483629099341,0
-0.894473998375977,-0.3737212783853755,-0.0360364295769419,-0.2996460488505464,0.2820319704866573,-1.5759148960008476,-0.8193831940055707,-1.237483629099341,0
-0.894473998375977,-1.0605348763482627,-1.1899143501747893,0.3658423523580862,-0.3013697918819543,0.0087785348218723,-0.8193831940055707,1.21232290981922,0
0.8363688165461411,-0.9585328568488238,-1.245189939185464,1.2309772739293088,0.2820319704866573,0.9595945933155045,1.2204302056910403,-1.5874559918019926,1
0.1440316905772939,0.8571030902411829,1.0211092102522228,0.9647819134458556,0.2820319704866573,-1.2589762098363035,-0.8193831940055707,-1.237483629099341,1
0.8363688165461411,1.210710091172571,1.0418375561312254,-0.9651344500591792,-1.4681733166191775,-1.2589762098363035,1.2204302056910403,0.5123781844139168,0
0.1440316905772939,0.9795055136405104,0.7101840220671747,0.765135393083266,-0.3013697918819543,0.9595945933155045,-0.8193831940055707,-0.5375389036940379,1
-1.2406425613604006,0.4490950122434287,0.3992588338821253,0.8982330733249925,0.2820319704866573,0.9595945933155045,1.2204302056910403,-1.5874559918019926,1
0.8363688165461411,0.1022881459453375,0.0883336456970773,0.565488872720676,0.8654337328552689,-0.9420375236717596,-0.8193831940055707,0.8623505471165683,0
-0.5483054353915534,-0.0881156237869474,-0.2709576828723124,-0.2996460488505464,-1.4681733166191775,-1.2589762098363035,1.2204302056910403,0.5123781844139168,0
-0.5483054353915534,1.5847174960038453,1.3458532956899405,-0.698939089575726,0.2820319704866573,-0.6250988375072156,-0.8193831940055707,0.1624058217112652,0
1.5287059425149885,-1.0061337992818955,-1.0240875831427632,0.565488872720676,-1.4681733166191775,0.3257172209864163,-0.8193831940055707,-1.5874559918019926,0
0.1440316905772939,0.6258985127091221,0.7723690597041842,-1.3644274907843588,-0.8847715542505659,1.2765332794800484,1.2204302056910403,1.5622952725218715,0
-0.5483054353915534,-1.1421364919478136,-1.0586348262744352,0.3658423523580862,0.8654337328552689,-0.9420375236717596,-0.8193831940055707,-0.5375389036940379,0
1.5287059425149885,0.2110903000780721,0.4061682825084596,1.1644284338084456,0.2820319704866573,-0.9420375236717596,-0.8193831940055707,-0.1875665409913863,1
-0.2021368724071297,0.2994920503109188,0.3992588338821253,-0.698939089575726,-0.3013697918819543,0.9595945933155045,-0.8193831940055707,-0.8875112663966895,0
1.5287059425149885,-1.019734068548487,-0.927355302374081,-1.0316832901800423,0.2820319704866573,-0.6250988375072156,-0.8193831940055707,1.5622952725218715,0
-0.5483054353915534,1.2039099565392752,0.9520147239888788,-0.9651344500591792,-0.3013697918819543,0.3257172209864163,-0.8193831940055707,1.5622952725218715,0
1.1825373795305647,-0.0677152198870601,0.1505186833340869,0.4989400325998128,0.2820319704866573,0.6426559071509603,1.2204302056910403,1.5622952725218715,0
-0.2021368724071297,-1.3733410694798744,-1.4179261548438242,-0.6323902494548628,-0.8847715542505659,-0.6250988375072156,1.2204302056910403,-1.237483629099341,0
-0.5483054353915534,-1.3937414733797615,-1.5422962301178442,-1.2978786506634954,0.8654337328552689,1.5934719656445924,1.2204302056910403,1.5622952725218715,0
0.8363688165461411,-1.5773451084787515,-1.5561151273705127,-1.2313298105426322,1.4488354952238804,-1.5759148960008476,-0.8193831940055707,-0.8875112663966895,0
-1.5868111243448242,-0.829330298816202,-1.0862726207797728,-0.8985856099383158,0.8654337328552689,-1.5759148960008476,-0.8193831940055707,-1.5874559918019926,0
0.4902002535617175,-1.482143223612609,-1.728851343028873,-1.0316832901800423,1.4488354952238804,-0.9420375236717596,1.2204302056910403,-0.5375389036940379,0
-0.2021368724071297,1.2923117067721217,1.3527627443162749,-0.8985856099383158,-1.4681733166191775,0.0087785348218723,-0.8193831940055707,-0.5375389036940379,0
-0.2021368724071297,-0.7069278754168752,-0.5404261792993543,1.5637214745336252,0.8654337328552689,-0.3081601513426716,-0.8193831940055707,1.21232290981922,0
-0.5483054353915534,-0.9041317797824566,-1.0862726207797728,1.0978795936875825,-0.8847715542505659,-0.6250988375072156,1.2204302056910403,0.5123781844139168,0
0.1440316905772939,-1.0061337992818955,-1.2313710419327957,-1.0982321303009055,-0.8847715542505659,1.2765332794800484,-0.8193831940055707,-0.5375389036940379,0
-0.2021368724071297,-1.6181459162785268,-1.7150324457762045,-0.1665483686088198,-0.8847715542505659,1.2765332794800484,-0.8193831940055707,0.8623505471165683,0
0.4902002535617175,-1.9241519747768427,-1.7495796889078763,0.565488872720676,0.2820319704866573,0.9595945933155045,-0.8193831940055707,0.1624058217112652,0
-0.894473998375977,-0.4145220861851513,-0.6026112169363639,-0.5658414093339995,0.2820319704866573,-0.9420375236717596,1.2204302056910403,0.1624058217112652,0
0.8363688165461411,-0.7545288178499467,-0.7546190867157208,1.0313307535667189,-0.3013697918819543,0.3257172209864163,1.2204302056910403,0.8623505471165683,1
0.8363688165461411,-0.2717192588859373,-0.4782411416623446,0.1661958319954964,0.2820319704866573,0.6426559071509603,1.2204302056910403,0.1624058217112652,0
-1.2406425613604006,1.2923117067721217,1.6567784838749886,-0.6323902494548628,-1.4681733166191775,-0.9420375236717596,-0.8193831940055707,-1.5874559918019926,0
0.4902002535617175,-0.1153161623201311,-0.0636742240822795,-0.8985856099383158,-1.4681733166191775,1.5934719656445924,-0.8193831940055707,1.5622952725218715,0
0.1440316905772939,-0.1901176432863863,-0.333142720509322,-1.0316832901800423,1.4488354952238804,0.3257172209864163,1.2204302056910403,-0.1875665409913863,0
-1.2406425613604006,0.8639032248744799,0.599632844045824,0.565488872720676,-0.8847715542505659,0.6426559071509603,-0.8193831940055707,-1.5874559918019926,0
0.8363688165461411,-0.4145220861851513,-0.2364104397406398,2.0961121955005315,1.4488354952238804,-1.2589762098363035,1.2204302056910403,-1.237483629099341,1
0.4902002535617175,-0.6933276061502837,-1.044815929021767,-0.1665483686088198,-0.8847715542505659,0.3257172209864163,1.2204302056910403,1.21232290981922,0
0.8363688165461411,-0.6661270676171,-0.7477096380893865,0.0996469918746332,1.4488354952238804,-1.5759148960008476,1.2204302056910403,-1.237483629099341,0
0.4902002535617175,-1.4005416080130582,-1.6666663053918631,0.6320377128415394,0.8654337328552689,1.2765332794800484,1.2204302056910403,-0.5375389036940379,0
0.8363688165461411,0.6190983780758263,0.2887076558607753,-0.0999995284879566,0.8654337328552689,0.6426559071509603,-0.8193831940055707,1.21232290981922,1
-0.5483054353915534,-0.8973316451491609,-0.9619025455057536,-1.0982321303009055,-0.3013697918819543,-1.2589762098363035,1.2204302056910403,-0.8875112663966895,0
-1.2406425613604006,0.3062921849442152,0.1366997860814184,-0.5658414093339995,0.8654337328552689,0.0087785348218723,1.2204302056910403,-0.5375389036940379,0
1.1825373795305647,0.6462989166090106,0.5029005632771418,-2.2295624123555813,-0.8847715542505659,0.3257172209864163,1.2204302056910403,-0.1875665409913863,0
-0.5483054353915534,-1.0945355495147422,-1.3142844254488084,1.9630145152588048,0.2820319704866573,-0.3081601513426716,-0.8193831940055707,-0.8875112663966895,0
1.5287059425149885,-0.1629171047532026,-0.167315953477296,0.1661958319954964,-0.8847715542505659,-0.6250988375072156,1.2204302056910403,-1.5874559918019926,0
0.4902002535617175,0.4422948776101329,0.3370737962451157,-1.5640740111469489,0.2820319704866573,0.9595945933155045,-0.8193831940055707,-0.1875665409913863,0
-1.2406425613604006,-0.4825234325181102,-0.3055049260039844,-0.6323902494548628,-0.3013697918819543,0.6426559071509603,1.2204302056910403,0.1624058217112652,0
-1.5868111243448242,-0.1561169701199069,0.0745147484444081,0.299293512237223,0.8654337328552689,0.0087785348218723,1.2204302056910403,0.1624058217112652,0
1.5287059425149885,-0.2037179125529778,-0.4298750012780036,0.6985865529624027,-0.8847715542505659,1.5934719656445924,1.2204302056910403,0.1624058217112652,0
-0.894473998375977,-0.1289164315867232,0.1366997860814184,-0.1665483686088198,0.8654337328552689,0.9595945933155045,-0.8193831940055707,0.8623505471165683,0
1.1825373795305647,-1.4141418772796497,-1.632119062260191,-0.0334506883670933,1.4488354952238804,1.2765332794800484,-0.8193831940055707,-0.1875665409913863,0
-0.894473998375977,-1.2033377036474768,-1.1553671070431166,1.0978795936875825,1.4488354952238804,0.6426559071509603,-0.8193831940055707,0.5123781844139168,0
0.1440316905772939,0.7415008014751525,0.7585501624515157,0.1661958319954964,-1.4681733166191775,-0.3081601513426716,-0.8193831940055707,-0.5375389036940379,0
0.8363688165461411,-1.278139184613731,-1.2382804905591298,-0.9651344500591792,-0.3013697918819543,0.6426559071509603,1.2204302056910403,-1.237483629099341,0
-0.2021368724071297,1.7751212657361315,1.6084123434906474,-0.0334506883670933,1.4488354952238804,0.6426559071509603,-0.8193831940055707,0.1624058217112652,0
0.4902002535617175,-0.9857333953820075,-0.7753474325947242,-0.2996460488505464,0.8654337328552689,-1.5759148960008476,1.2204302056910403,-0.8875112663966895,0
0.4902002535617175,0.1566892230117048,0.3370737962451157,-1.2978786506634954,-0.3013697918819543,0.0087785348218723,1.2204302056910403,-1.5874559918019926,0
0.8363688165461411,-0.4213222208184471,-0.6302490114417015,-0.3661948889714096,-0.3013697918819543,-0.6250988375072156,-0.8193831940055707,1.21232290981922,0
1.5287059425149885,0.0410869342456744,-0.0844025699612829,0.4323911924789496,-0.8847715542505659,1.2765332794800484,1.2204302056910403,-1.237483629099341,0
0.4902002535617175,1.7683211311028355,1.6498690352486542,1.4971726344127618,-1.4681733166191775,-0.3081601513426716,1.2204302056910403,-1.5874559918019926,0
0.4902002535617175,0.6462989166090106,0.4338060770137979,-0.9651344500591792,-1.4681733166191775,-1.5759148960008476,1.2204302056910403,0.5123781844139168,0
-0.5483054353915534,-1.11493595341463,-0.9619025455057536,1.3640749541710353,0.8654337328552689,-0.3081601513426716,-0.8193831940055707,-0.8875112663966895,0
-0.2021368724071297,1.373913322371673,1.0694753506365635,-0.0334506883670933,1.4488354952238804,0.0087785348218723,1.2204302056910403,1.21232290981922,0
0.4902002535617175,0.3266925888441025,0.1021525429497458,1.3640749541710353,-0.3013697918819543,0.9595945933155045,-0.8193831940055707,-1.5874559918019926,1
-0.5483054353915534,1.598317765270438,1.6222312407433173,0.8316842332041292,-0.3013697918819543,0.0087785348218723,1.2204302056910403,0.1624058217112652,1
-0.894473998375977,-1.1557367612144052,-1.2037332474274578,-0.7654879296965893,-1.4681733166191775,-1.5759148960008476,-0.8193831940055707,0.5123781844139168,0
-1.2406425613604006,1.4963157457709992,1.338943847063606,-0.698939089575726,0.8654337328552689,1.5934719656445924,1.2204302056910403,1.5622952725218715,0
0.4902002535617175,-0.7817293563831305,-0.53351673067302,0.6320377128415394,-0.8847715542505659,1.2765332794800484,-0.8193831940055707,-0.5375389036940379,0
-0.5483054353915534,-0.6865274715169879,-0.7408001894630523,-1.3644274907843588,-0.3013697918819543,0.9595945933155045,1.2204302056910403,0.8623505471165683,0
1.1825373795305647,0.1974900308114806,0.1505186833340869,1.5637214745336252,0.8654337328552689,1.2765332794800484,-0.8193831940055707,1.21232290981922,1
1.1825373795305647,1.4419146687046318,1.6636879325013227,0.8316842332041292,0.2820319704866573,-0.9420375236717596,-0.8193831940055707,0.5123781844139168,1
0.8363688165461411,-1.0741351456148542,-1.3626505658331496,-0.0334506883670933,-0.3013697918819543,-1.5759148960008476,1.2204302056910403,-0.5375389036940379,0
-0.2021368724071297,0.2654913771444394,0.4199871797611293,0.4989400325998128,1.4488354952238804,-0.9420375236717596,-0.8193831940055707,0.5123781844139168,0
0.8363688165461411,-0.2853195281525288,-0.2295009911143056,-0.6323902494548628,0.8654337328552689,-0.9420375236717596,-0.8193831940055707,-0.5375389036940379,0
1.5287059425149885,1.27871143750553,1.2076643231632516,1.6968191547753515,-0.3013697918819543,1.2765332794800484,-0.8193831940055707,-0.5375389036940379,1
0.1440316905772939,-1.6385463201784147,-1.3902883603384872,-2.0964647321138545,-0.8847715542505659,-1.2589762098363035,1.2204302056910403,-0.8875112663966895,0
-0.5483054353915534,-0.5437246442177732,-0.7269812922103831,1.6302703146544884,-0.3013697918819543,0.0087785348218723,-0.8193831940055707,-0.1875665409913863,0
1.1825373795305647,-0.3533208744854882,-0.5266072820466857,1.0313307535667189,-0.3013697918819543,-0.9420375236717596,1.2204302056910403,-0.8875112663966895,1
-1.2406425613604006,-0.5097239710512939,-0.8029852271000618,0.9647819134458556,-0.8847715542505659,-0.6250988375072156,-0.8193831940055707,0.8623505471165683,0
0.1440316905772939,0.8639032248744799,1.0141997616258884,1.1644284338084456,-0.3013697918819543,1.2765332794800484,-0.8193831940055707,1.21232290981922,1
-0.894473998375977,-0.3669211437520798,-0.5196978334203508,0.2327446721163597,-0.3013697918819543,0.9595945933155045,-0.8193831940055707,-0.1875665409913863,0
-0.2021368724071297,0.0274866649790829,0.1643375805867554,0.1661958319954964,-1.4681733166191775,0.0087785348218723,-0.8193831940055707,-1.237483629099341,0
-0.2021368724071297,-0.1017158930535396,-0.3469616177619906,1.0313307535667189,-0.3013697918819543,1.5934719656445924,1.2204302056910403,-1.237483629099341,0
-0.894473998375977,1.6119180345370296,1.5047706140956325,-1.3644274907843588,-1.4681733166191775,1.2765332794800484,1.2204302056910403,-0.1875665409913863,0
0.8363688165461411,1.2311104950724585,1.4909517168429625,0.299293512237223,1.4488354952238804,1.2765332794800484,-0.8193831940055707,0.5123781844139168,1
-1.2406425613604006,0.5238964932096845,0.8069163028358556,-1.8968182117512649,-0.3013697918819543,-0.3081601513426716,-0.8193831940055707,0.5123781844139168,0
1.5287059425149885,0.5714974356427548,0.2610698613554376,0.565488872720676,-0.3013697918819543,0.6426559071509603,-0.8193831940055707,-0.5375389036940379,1
0.4902002535617175,-0.2853195281525288,-0.0083986350716048,0.0996469918746332,-0.8847715542505659,-1.5759148960008476,-0.8193831940055707,0.8623505471165683,0
-0.2021368724071297,-0.3397206052188961,-0.416056104025335,0.1661958319954964,-0.3013697918819543,0.9595945933155045,-0.8193831940055707,-0.5375389036940379,0
-0.894473998375977,-1.7745490128443329,-1.5630245759968475,0.3658423523580862,0.8654337328552689,0.9595945933155045,1.2204302056910403,0.1624058217112652,0
0.1440316905772939,-1.1897374343808846,-1.0724537235271037,0.0330981517537699,-0.3013697918819543,0.3257172209864163,1.2204302056910403,-0.1875665409913863,0
-0.5483054353915534,-0.8701311066159771,-1.0724537235271037,0.3658423523580862,-0.3013697918819543,0.9595945933155045,-0.8193831940055707,-0.1875665409913863,0
-1.5868111243448242,1.2243103604391623,1.1800265286579144,-0.8320367698174526,0.2820319704866573,-1.2589762098363035,1.2204302056910403,-1.237483629099341,0
0.1440316905772939,0.313092319577511,0.0883336456970773,0.1661958319954964,1.4488354952238804,0.3257172209864163,1.2204302056910403,1.21232290981922,0
1.5287059425149885,0.3334927234773983,0.34398324487145,1.2309772739293088,-1.4681733166191775,-1.5759148960008476,1.2204302056910403,0.5123781844139168,1
-0.894473998375977,0.537496762476276,0.7032745734408403,-0.6323902494548628,1.4488354952238804,0.3257172209864163,1.2204302056910403,0.5123781844139168,0
-0.5483054353915534,1.115508206306428,1.2007548745369172,1.3640749541710353,-1.4681733166191775,1.5934719656445924,-0.8193831940055707,-0.8875112663966895,0
0.8363688165461411,-0.5437246442177732,-0.4229655526516693,-0.6323902494548628,-1.4681733166191775,-1.2589762098363035,-0.8193831940055707,-0.5375389036940379,0
0.4902002535617175,-0.5165241056845902,-0.498969487541348,-0.0999995284879566,0.2820319704866573,1.5934719656445924,-0.8193831940055707,-1.237483629099341,0
1.1825373795305647,1.543916688204071,1.5462273058536378,0.0330981517537699,-0.8847715542505659,1.2765332794800484,-0.8193831940055707,1.5622952725218715,0
-1.2406425613604006,-1.5025436275124964,-1.6252096136338572,1.1644284338084456,1.4488354952238804,-1.5759148960008476,-0.8193831940055707,0.5123781844139168,0
1.1825373795305647,0.6190983780758263,0.5789044981668199,0.8316842332041292,0.8654337328552689,-1.2589762098363035,-0.8193831940055707,1.5622952725218715,1
0.4902002535617175,-0.4485227593516308,-0.2985954773776501,-0.4327437290922729,-1.4681733166191775,0.9595945933155045,-0.8193831940055707,-1.237483629099341,0
-1.5868111243448242,1.7547208618362429,1.5254989599746351,0.0330981517537699,1.4488354952238804,0.0087785348218723,-0.8193831940055707,0.1624058217112652,0
-0.894473998375977,0.6734994551421937,0.9243769294835406,-0.2330972087296831,1.4488354952238804,-1.5759148960008476,1.2204302056910403,-1.5874559918019926,0
-0.894473998375977,-0.4825234325181102,-0.5749734224310262,-1.2978786506634954,-0.8847715542505659,-0.3081601513426716,-0.8193831940055707,-1.5874559918019926,0
0.1440316905772939,-1.1081358187813335,-0.9135364051214124,0.4989400325998128,0.2820319704866573,0.0087785348218723,-0.8193831940055707,0.5123781844139168,0
0.1440316905772939,-0.3873215476519677,-0.1604065048509617,0.2327446721163597,-0.8847715542505659,0.3257172209864163,-0.8193831940055707,1.5622952725218715,0
0.4902002535617175,0.3198924542108067,0.647998984430165,1.430623794291899,1.4488354952238804,-1.5759148960008476,1.2204302056910403,0.8623505471165683,0
0.4902002535617175,-1.305339723146915,-1.1484576584167825,-1.6971716913886752,-1.4681733166191775,1.5934719656445924,-0.8193831940055707,1.21232290981922,0
-1.5868111243448242,1.747920727202947,1.4978611654692968,0.6320377128415394,-1.4681733166191775,-0.6250988375072156,-0.8193831940055707,-0.8875112663966895,0
0.8363688165461411,-0.3669211437520798,-0.3400521691356563,-0.4992925692131362,1.4488354952238804,0.3257172209864163,-0.8193831940055707,1.5622952725218715,0
1.5287059425149885,0.7823016092749283,1.0625659020102296,-0.5658414093339995,0.8654337328552689,-0.9420375236717596,1.2204302056910403,-0.8875112663966895,1
0.4902002535617175,-0.2581189896193452,-0.0774931213349487,-1.1647809704217689,-1.4681733166191775,-0.3081601513426716,-0.8193831940055707,1.5622952725218715,0
1.1825373795305647,-1.5705449738454558,-1.41101670621749,-0.0334506883670933,-0.8847715542505659,0.0087785348218723,1.2204302056910403,0.1624058217112652,0
-0.5483054353915534,-0.8973316451491609,-0.8582608161107372,1.3640749541710353,0.2820319704866573,-1.2589762098363035,1.2204302056910403,0.5123781844139168,0
-1.5868111243448242,0.6734994551421937,0.8691013404728651,1.0978795936875825,0.8654337328552689,-0.9420375236717596,-0.8193831940055707,1.5622952725218715,1
0.4902002535617175,-0.9177320490490488,-1.0724537235271037,-0.4992925692131362,0.8654337328552689,0.3257172209864163,1.2204302056910403,-1.5874559918019926,0
-1.2406425613604006,-0.4621230286182229,-0.1465876075982926,-0.4327437290922729,0.8654337328552689,0.9595945933155045,-0.8193831940055707,0.8623505471165683,0
-1.2406425613604006,-1.6385463201784147,-1.569934024623182,0.1661958319954964,1.4488354952238804,1.5934719656445924,1.2204302056910403,-0.8875112663966895,0
0.8363688165461411,0.564697301009459,0.3716210393767883,0.9647819134458556,-0.3013697918819543,0.0087785348218723,-0.8193831940055707,-0.8875112663966895,1
1.1825373795305647,-0.4009218169185592,-0.2018631966089679,0.8316842332041292,-1.4681733166191775,1.2765332794800484,-0.8193831940055707,0.8623505471165683,0
-1.2406425613604006,-0.0881156237869474,-0.1051309158402863,-0.0334506883670933,0.8654337328552689,1.2765332794800484,1.2204302056910403,-0.8875112663966895,0
-1.2406425613604006,0.9795055136405104,0.7378218165725117,1.5637214745336252,0.8654337328552689,-0.3081601513426716,-0.8193831940055707,-1.5874559918019926,1
0.8363688165461411,-1.305339723146915,-1.2659182850644677,-0.0999995284879566,0.2820319704866573,0.9595945933155045,-0.8193831940055707,0.5123781844139168,0
0.4902002535617175,0.3946939351770613,0.2887076558607753,1.430623794291899,1.4488354952238804,1.5934719656445924,1.2204302056910403,1.21232290981922,1
1.1825373795305647,1.367113187738376,1.2698493608002612,-0.1665483686088198,-0.8847715542505659,0.0087785348218723,1.2204302056910403,-1.237483629099341,0
-1.5868111243448242,0.0138863957124907,-0.2640482342459775,0.0996469918746332,-1.4681733166191775,-0.3081601513426716,1.2204302056910403,-0.5375389036940379,0
-0.894473998375977,-0.8089298949163141,-1.0862726207797728,-0.9651344500591792,-0.8847715542505659,-0.9420375236717596,1.2204302056910403,0.1624058217112652,0
0.1440316905772939,0.5918978395426433,0.4476249742664664,0.4989400325998128,-0.8847715542505659,0.0087785348218723,-0.8193831940055707,-0.8875112663966895,0
-1.2406425613604006,1.7003197847698757,1.4011288847006158,0.6320377128415394,1.4488354952238804,-1.5759148960008476,-0.8193831940055707,0.1624058217112652,0
-0.2021368724071297,0.340292858110694,0.0330580566864019,2.495405236225711,-0.8847715542505659,-0.3081601513426716,1.2204302056910403,1.21232290981922,0
-0.5483054353915534,-0.8565308373493856,-1.044815929021767,-0.0999995284879566,1.4488354952238804,-0.6250988375072156,-0.8193831940055707,0.1624058217112652,0
-0.5483054353915534,1.013506186806989,0.7792785083305185,1.1644284338084456,0.2820319704866573,-0.9420375236717596,1.2204302056910403,1.5622952725218715,1
0.8363688165461411,0.6598991858756021,0.4683533201454705,0.565488872720676,-0.3013697918819543,0.3257172209864163,-0.8193831940055707,-1.5874559918019926,1
-1.5868111243448242,0.8435028209745914,0.8414635459675281,-0.5658414093339995,-0.8847715542505659,0.6426559071509603,1.2204302056910403,1.21232290981922,0
-1.2406425613604006,-0.951732722215528,-0.6440679086943707,1.5637214745336252,-1.4681733166191775,-0.3081601513426716,1.2204302056910403,1.21232290981922,0
0.8363688165461411,1.0475068599734692,1.2767588094265967,0.299293512237223,1.4488354952238804,-1.5759148960008476,1.2204302056910403,1.21232290981922,1
1.5287059425149885,0.8707033595077757,1.1800265286579144,-0.0334506883670933,1.4488354952238804,-0.3081601513426716,1.2204302056910403,-0.8875112663966895,1
-1.5868111243448242,1.0407067253401734,1.1731170800315802,0.3658423523580862,0.2820319704866573,-0.9420375236717596,-0.8193831940055707,0.1624058217112652,0
0.8363688165461411,-0.8429305680827935,-0.6924340490787112,-0.3661948889714096,1.4488354952238804,1.5934719656445924,-0.8193831940055707,-1.5874559918019926,0
-0.5483054353915534,-1.4345422811795376,-1.576843473249516,-0.6323902494548628,1.4488354952238804,-0.6250988375072156,-0.8193831940055707,-1.237483629099341,0
1.5287059425149885,0.6258985127091221,0.647998984430165,0.299293512237223,0.8654337328552689,0.3257172209864163,-0.8193831940055707,-1.237483629099341,1
0.1440316905772939,-0.0405146813538765,0.0330580566864019,-0.0999995284879566,0.8654337328552689,1.5934719656445924,-0.8193831940055707,1.5622952725218715,0
-0.2021368724071297,0.8299025517079999,0.6549084330564993,-0.6323902494548628,0.2820319704866573,-0.6250988375072156,-0.8193831940055707,-0.5375389036940379,0
1.1825373795305647,1.0067060521736932,0.7723690597041842,0.0330981517537699,1.4488354952238804,0.0087785348218723,-0.8193831940055707,0.8623505471165683,1
-1.5868111243448242,-0.2105180471862742,-0.333142720509322,0.565488872720676,0.8654337328552689,1.5934719656445924,1.2204302056910403,-0.5375389036940379,0
0.1440316905772939,-1.5433444353122725,-1.70812299714987,0.4323911924789496,-1.4681733166191775,0.3257172209864163,-0.8193831940055707,-1.5874559918019926,0
-0.5483054353915534,-0.2309184510861615,0.0330580566864019,-1.2978786506634954,-0.8847715542505659,-1.5759148960008476,-0.8193831940055707,1.5622952725218715,0
-1.2406425613604006,1.1971098219059784,1.5324084086009693,0.2327446721163597,0.2820319704866573,-0.3081601513426716,-0.8193831940055707,-0.5375389036940379,0
1.1825373795305647,0.068287472778858,-0.0291269809506076,0.4989400325998128,0.8654337328552689,1.5934719656445924,-0.8193831940055707,-1.237483629099341,0
-1.2406425613604006,1.1563090141062038,0.9451052753625444,0.3658423523580862,0.2820319704866573,0.9595945933155045,-0.8193831940055707,0.1624058217112652,0
-1.5868111243448242,-0.4825234325181102,-0.167315953477296,-1.7637205315095383,-1.4681733166191775,0.0087785348218723,1.2204302056910403,-0.8875112663966895,0
-0.894473998375977,-0.2581189896193452,-0.2640482342459775,0.765135393083266,-0.8847715542505659,0.0087785348218723,1.2204302056910403,1.5622952725218715,0
1.1825373795305647,-0.3805214130186719,-0.1465876075982926,-2.163013572234718,-0.3013697918819543,1.5934719656445924,-0.8193831940055707,-0.5375389036940379,0
1.1825373795305647,0.6326986473424191,0.5789044981668199,0.0330981517537699,0.2820319704866573,0.6426559071509603,-0.8193831940055707,1.21232290981922,1
-0.894473998375977,-0.360121009118784,-0.1604065048509617,-0.2330972087296831,-1.4681733166191775,0.9595945933155045,1.2204302056910403,-0.8875112663966895,0
-1.5868111243448242,0.7755014746416325,0.7309123679461774,-1.8302693716304017,-0.8847715542505659,0.9595945933155045,-0.8193831940055707,0.5123781844139168,0
0.8363688165461411,0.4558951468767244,0.4130777311347951,0.1661958319954964,-1.4681733166191775,-0.3081601513426716,1.2204302056910403,1.21232290981922,0
0.1440316905772939,1.3875135916382646,1.23530211766859,-0.0334506883670933,0.8654337328552689,-0.3081601513426716,1.2204302056910403,-1.5874559918019926,0
0.8363688165461411,1.2243103604391623,0.9451052753625444,0.6320377128415394,-1.4681733166191775,0.6426559071509603,1.2204302056910403,-0.8875112663966895,0
-1.2406425613604006,0.6394987819757149,0.9243769294835406,1.1644284338084456,1.4488354952238804,0.0087785348218723,-0.8193831940055707,0.8623505471165683,1
0.4902002535617175,-1.3733410694798744,-1.6252096136338572,-0.698939089575726,-0.3013697918819543,1.2765332794800484,-0.8193831940055707,-1.5874559918019926,0
-1.2406425613604006,0.925104436574143,0.7101840220671747,-0.2996460488505464,-0.8847715542505659,1.5934719656445924,-0.8193831940055707,-1.5874559918019926,0
0.1440316905772939,1.8295223428024987,1.5324084086009693,-0.0999995284879566,-0.8847715542505659,0.9595945933155045,-0.8193831940055707,-0.8875112663966895,0
-1.2406425613604006,1.176709418006091,1.1592981827789115,1.4971726344127618,-1.4681733166191775,0.3257172209864163,1.2204302056910403,-0.8875112663966895,0
-0.5483054353915534,-0.3261203359523046,-0.4713316930360104,1.0978795936875825,-1.4681733166191775,0.3257172209864163,1.2204302056910403,0.1624058217112652,0
1.5287059425149885,0.1294886844785211,0.0883336456970773,-0.2330972087296831,1.4488354952238804,1.2765332794800484,1.2204302056910403,-0.8875112663966895,0
-1.5868111243448242,0.3810936659104698,0.1366997860814184,-0.5658414093339995,0.2820319704866573,-1.5759148960008476,-0.8193831940055707,1.21232290981922,0
-1.2406425613604006,0.9115041673075502,1.166207631405246,-0.6323902494548628,-1.4681733166191775,-0.9420375236717596,-0.8193831940055707,-1.237483629099341,0
0.4902002535617175,0.0750876074121538,-0.0567647754559453,-1.963367051872128,-0.3013697918819543,-1.2589762098363035,1.2204302056910403,-0.1875665409913863,0
0.1440316905772939,1.4487148033379276,1.311306052558268,-0.7654879296965893,0.8654337328552689,0.0087785348218723,-0.8193831940055707,1.21232290981922,0
0.8363688165461411,1.6663191116033969,1.684416278380327,-0.4992925692131362,1.4488354952238804,0.0087785348218723,1.2204302056910403,1.5622952725218715,1
-1.2406425613604006,0.0206865303457865,-0.1742254021036302,-0.4327437290922729,0.8654337328552689,-0.6250988375072156,1.2204302056910403,1.5622952725218715,0
-0.5483054353915534,-1.3325402616800988,-1.6183001650075222,0.8982330733249925,0.8654337328552689,0.3257172209864163,-0.8193831940055707,0.8623505471165683,0
-1.2406425613604006,-0.0405146813538765,-0.2295009911143056,2.295758715863121,-1.4681733166191775,-0.3081601513426716,-0.8193831940055707,0.8623505471165683,0
-0.894473998375977,-0.9789332607487118,-1.0931820694061072,-0.3661948889714096,-1.4681733166191775,0.0087785348218723,1.2204302056910403,1.5622952725218715,0
-1.5868111243448242,1.632318438436917,1.5462273058536378,0.3658423523580862,0.8654337328552689,-0.6250988375072156,-0.8193831940055707,-0.5375389036940379,0
-1.2406425613604006,0.6938998590420822,0.4683533201454705,2.561954076346574,0.2820319704866573,0.9595945933155045,1.2204302056910403,-0.5375389036940379,1
-0.2021368724071297,0.8163022824414083,1.0141997616258884,0.3658423523580862,-1.4681733166191775,-0.3081601513426716,1.2204302056910403,-0.1875665409913863,0
0.1440316905772939,-0.829330298816202,-0.5058789361676823,-1.0316832901800423,1.4488354952238804,0.6426559071509603,1.2204302056910403,-0.8875112663966895,0
1.1825373795305647,0.007086261079195,-0.0014891864452699,1.3640749541710353,0.2820319704866573,0.0087785348218723,-0.8193831940055707,-0.5375389036940379,1
0.8363688165461411,-0.9789332607487118,-0.9964497886374256,-0.3661948889714096,1.4488354952238804,-1.5759148960008476,1.2204302056910403,1.21232290981922,0
-1.5868111243448242,0.1294886844785211,0.4061682825084596,-0.6323902494548628,-0.3013697918819543,-1.2589762098363035,-0.8193831940055707,0.1624058217112652,0
0.8363688165461411,0.313092319577511,0.5098100119034761,-0.4992925692131362,0.8654337328552689,-0.9420375236717596,-0.8193831940055707,-1.5874559918019926,0
-0.5483054353915534,-1.121736088047926,-1.1553671070431166,0.6985865529624027,0.2820319704866573,-1.5759148960008476,1.2204302056910403,-1.5874559918019926,0
-1.5868111243448242,-1.6045456470119352,-1.5492056787441784,-0.4992925692131362,0.2820319704866573,-0.9420375236717596,-0.8193831940055707,-0.1875665409913863,0
-1.5868111243448242,0.6394987819757149,0.910558032230872,1.430623794291899,-0.3013697918819543,-0.9420375236717596,1.2204302056910403,0.8623505471165683,1
0.8363688165461411,-1.6453464548117105,-1.5008395383598374,0.3658423523580862,-1.4681733166191775,-0.9420375236717596,-0.8193831940055707,1.5622952725218715,0
1.5287059425149885,1.6119180345370296,1.4425855764586215,-1.4975251710260853,-0.3013697918819543,-0.3081601513426716,1.2204302056910403,0.1624058217112652,1
0.8363688165461411,1.7071199194031714,1.6291406893696514,1.4971726344127618,-0.3013697918819543,-1.5759148960008476,-0.8193831940055707,-0.5375389036940379,1
-1.2406425613604006,-0.3125200666857124,-0.5611545251783577,-0.1665483686088198,0.8654337328552689,-0.9420375236717596,1.2204302056910403,-0.8875112663966895,0
-0.2021368724071297,-0.9653329914821196,-1.0240875831427632,-0.698939089575726,-1.4681733166191775,-0.3081601513426716,-0.8193831940055707,0.5123781844139168,0
1.5287059425149885,0.5850977049093475,0.2541604127291033,0.1661958319954964,0.2820319704866573,1.2765332794800484,1.2204302056910403,1.21232290981922,1
0.1440316905772939,-0.3737212783853755,-0.6233395628153673,1.2309772739293088,-0.8847715542505659,0.0087785348218723,-0.8193831940055707,0.5123781844139168,0
-1.5868111243448242,1.31271211067201,1.1523887341525765,0.6985865529624027,-1.4681733166191775,1.5934719656445924,-0.8193831940055707,0.5123781844139168,0
1.1825373795305647,1.3467127838384887,1.2698493608002612,1.0313307535667189,-0.3013697918819543,0.9595945933155045,1.2204302056910403,0.8623505471165683,1
1.1825373795305647,-1.2713390499804356,-1.445563949349162,0.299293512237223,-0.3013697918819543,-0.3081601513426716,-0.8193831940055707,0.1624058217112652,0
-0.2021368724071297,1.8363224774357945,1.5254989599746351,0.0330981517537699,-1.4681733166191775,0.0087785348218723,-0.8193831940055707,1.21232290981922,0
-0.2021368724071297,1.462315072604519,1.4840422682166283,0.6985865529624027,0.8654337328552689,1.2765332794800484,1.2204302056910403,-0.1875665409913863,0
0.1440316905772939,1.2855115721388255,1.3942194360742817,-0.2996460488505464,0.2820319704866573,1.2765332794800484,-0.8193831940055707,1.21232290981922,0
0.8363688165461411,1.4827154765044075,1.4356761278322872,1.0313307535667189,0.8654337328552689,-1.2589762098363035,-0.8193831940055707,-0.8875112663966895,1
-1.5868111243448242,-0.7341284139500589,-0.5749734224310262,0.299293512237223,0.2820319704866573,0.6426559071509603,-0.8193831940055707,-0.8875112663966895,0
-0.2021368724071297,-1.121736088047926,-1.3626505658331496,-1.6306228512678118,0.2820319704866573,-0.6250988375072156,-0.8193831940055707,-0.8875112663966895,0
-0.5483054353915534,0.5102962239430917,0.2956171044871095,0.0996469918746332,0.8654337328552689,-1.2589762098363035,-0.8193831940055707,1.5622952725218715,0
-0.5483054353915534,-1.0469346070816703,-1.2106426960537922,0.1661958319954964,0.2820319704866573,0.3257172209864163,1.2204302056910403,-1.5874559918019926,0
-0.5483054353915534,1.149508879472908,0.9658336212415474,-0.7654879296965893,0.2820319704866573,-1.2589762098363035,1.2204302056910403,1.21232290981922,0
0.1440316905772939,-0.3193202013190088,-0.2640482342459775,-0.2330972087296831,-0.8847715542505659,0.0087785348218723,-0.8193831940055707,-0.5375389036940379,0
-0.894473998375977,1.31271211067201,1.332034398437272,0.0996469918746332,0.8654337328552689,0.6426559071509603,-0.8193831940055707,0.1624058217112652,0
-0.2021368724071297,0.9319045712074387,0.76545961107785,1.0978795936875825,0.2820319704866573,-0.6250988375072156,-0.8193831940055707,-0.8875112663966895,1
-0.894473998375977,1.0271064560735803,0.7101840220671747,0.4989400325998128,-0.8847715542505659,-0.9420375236717596,-0.8193831940055707,1.21232290981922,0
0.1440316905772939,0.8435028209745914,1.076384799262898,-0.8985856099383158,0.8654337328552689,1.2765332794800484,-0.8193831940055707,-0.1875665409913863,0
1.1825373795305647,0.9455048404740304,1.117841491020905,1.3640749541710353,-0.3013697918819543,-1.2589762098363035,1.2204302056910403,-0.1875665409913863,1
-0.5483054353915534,0.4150943390769498,0.4752627687718047,-0.0334506883670933,1.4488354952238804,0.6426559071509603,-0.8193831940055707,0.8623505471165683,0
0.8363688165461411,-1.842550359177292,-1.7012135485235351,-0.0999995284879566,-0.3013697918819543,0.6426559071509603,1.2204302056910403,0.5123781844139168,0
-0.5483054353915534,-0.9789332607487118,-1.2728277336908016,0.1661958319954964,-1.4681733166191775,-0.6250988375072156,-0.8193831940055707,0.1624058217112652,0
1.1825373795305647,-1.6997475318780777,-1.694304099897201,0.2327446721163597,0.8654337328552689,-1.5759148960008476,-0.8193831940055707,0.8623505471165683,0
-0.2021368724071297,1.564317092103958,1.6567784838749886,0.8316842332041292,1.4488354952238804,-0.3081601513426716,-0.8193831940055707,1.5622952725218715,1
-0.894473998375977,-0.5301243749511817,-0.4575127957833412,0.9647819134458556,0.2820319704866573,0.3257172209864163,1.2204302056910403,1.5622952725218715,0
1.1825373795305647,-0.21731818181957,-0.1465876075982926,-0.5658414093339995,-0.3013697918819543,-0.6250988375072156,-0.8193831940055707,0.1624058217112652,0
0.1440316905772939,-1.482143223612609,-1.632119062260191,0.2327446721163597,1.4488354952238804,-0.6250988375072156,1.2204302056910403,1.5622952725218715,0
-1.5868111243448242,1.5099160150375908,1.3458532956899405,1.6302703146544884,1.4488354952238804,0.3257172209864163,-0.8193831940055707,-1.5874559918019926,1
1.5287059425149885,-0.7341284139500589,-0.7753474325947242,-0.3661948889714096,-0.3013697918819543,1.5934719656445924,1.2204302056910403,-0.5375389036940379,0
-0.2021368724071297,1.1903096872726826,1.1869359772842487,-0.7654879296965893,-0.3013697918819543,0.3257172209864163,-0.8193831940055707,-0.8875112663966895,0
0.8363688165461411,0.0818877420454502,0.1228808888287492,-1.963367051872128,-0.3013697918819543,0.6426559071509603,-0.8193831940055707,-0.5375389036940379,0
1.1825373795305647,-0.4009218169185592,-0.2847765801249809,-0.0334506883670933,0.2820319704866573,1.5934719656445924,-0.8193831940055707,-0.1875665409913863,0
-1.2406425613604006,-1.8833511669770675,-1.5906623705021845,0.0330981517537699,0.2820319704866573,1.5934719656445924,1.2204302056910403,1.5622952725218715,0
-1.2406425613604006,1.7343204579363556,1.5807745489853104,0.3658423523580862,0.8654337328552689,0.6426559071509603,1.2204302056910403,0.5123781844139168,0
-1.2406425613604006,1.5167161496708863,1.5254989599746351,-0.8985856099383158,-0.8847715542505659,0.9595945933155045,1.2204302056910403,0.5123781844139168,0
0.4902002535617175,1.5711172267372535,1.691325727006661,-0.8985856099383158,-0.8847715542505659,1.2765332794800484,-0.8193831940055707,-0.8875112663966895,0
-1.5868111243448242,1.503115880404295,1.2076643231632516,0.0330981517537699,-0.8847715542505659,0.6426559071509603,-0.8193831940055707,1.5622952725218715,0
-1.2406425613604006,-1.1489366265811094,-0.8651702647370715,0.9647819134458556,-0.8847715542505659,1.2765332794800484,1.2204302056910403,-0.5375389036940379,0
0.8363688165461411,-1.257738780713844,-1.528477332865175,0.8982330733249925,0.8654337328552689,0.0087785348218723,-0.8193831940055707,-1.237483629099341,1
0.8363688165461411,-0.0269144120872844,-0.0429458782032767,-0.2330972087296831,-1.4681733166191775,0.9595945933155045,-0.8193831940055707,-0.5375389036940379,0
1.5287059425149885,-0.795329625649722,-0.9619025455057536,-1.2978786506634954,-1.4681733166191775,0.6426559071509603,1.2204302056910403,-0.1875665409913863,0
1.5287059425149885,-0.8701311066159771,-0.7753474325947242,1.5637214745336252,-0.3013697918819543,0.0087785348218723,-0.8193831940055707,-0.5375389036940379,1
-0.894473998375977,-0.4281223554517429,-0.2018631966089679,0.765135393083266,0.2820319704866573,0.3257172209864163,-0.8193831940055707,1.21232290981922,0
-0.2021368724071297,-1.3801412041131702,-1.1899143501747893,-1.0982321303009055,0.8654337328552689,-1.5759148960008476,1.2204302056910403,-0.5375389036940379,0
0.4902002535617175,-1.257738780713844,-1.3833789117121524,0.6985865529624027,-1.4681733166191775,0.6426559071509603,1.2204302056910403,0.5123781844139168,0
-1.5868111243448242,-0.7341284139500589,-0.7615285353420557,-0.6323902494548628,-0.8847715542505659,-0.3081601513426716,-0.8193831940055707,-1.5874559918019926,0
-0.894473998375977,-1.3325402616800988,-1.5630245759968475,-0.4992925692131362,0.2820319704866573,0.0087785348218723,-0.8193831940055707,-1.237483629099341,0
-1.5868111243448242,-1.0741351456148542,-1.0862726207797728,-1.2313298105426322,0.8654337328552689,-1.2589762098363035,1.2204302056910403,-0.5375389036940379,0
1.1825373795305647,-1.3937414733797615,-1.2935560795698051,-0.2996460488505464,-0.8847715542505659,-0.9420375236717596,-0.8193831940055707,0.8623505471165683,0
1.5287059425149885,-1.4345422811795376,-1.4386545007228275,-2.895050813564214,1.4488354952238804,-0.9420375236717596,1.2204302056910403,-0.5375389036940379,0
1.5287059425149885,1.0747073985066522,1.2767588094265967,-1.963367051872128,-0.3013697918819543,1.2765332794800484,-0.8193831940055707,1.5622952725218715,1
-1.2406425613604006,-0.747728683216651,-0.5749734224310262,-0.2330972087296831,1.4488354952238804,1.2765332794800484,1.2204302056910403,-0.5375389036940379,0
0.8363688165461411,0.2178904347113679,0.2610698613554376,-1.1647809704217689,-0.3013697918819543,0.6426559071509603,-0.8193831940055707,0.5123781844139168,0
-1.2406425613604006,-0.1629171047532026,-0.1949537479826336,-1.430976330905222,0.2820319704866573,0.9595945933155045,-0.8193831940055707,-0.1875665409913863,0
-0.2021368724071297,-1.1081358187813335,-1.3142844254488084,-0.5658414093339995,-0.8847715542505659,-1.5759148960008476,-0.8193831940055707,0.1624058217112652,0
1.5287059425149885,0.3470929927439898,0.1850659264657588,1.2975261140501722,0.2820319704866573,-0.9420375236717596,-0.8193831940055707,0.1624058217112652,1
-1.5868111243448242,-0.2649191242526415,-0.2985954773776501,-1.6306228512678118,-0.3013697918819543,0.0087785348218723,-0.8193831940055707,0.5123781844139168,0
-0.2021368724071297,0.7755014746416325,1.0487470047575609,1.8964656751379412,-0.3013697918819543,0.0087785348218723,-0.8193831940055707,-0.8875112663966895,1
1.5287059425149885,0.313092319577511,0.34398324487145,-1.6306228512678118,-1.4681733166191775,0.3257172209864163,1.2204302056910403,1.21232290981922,0
-0.2021368724071297,0.007086261079195,0.2127037209710965,2.0961121955005315,0.2820319704866573,-1.5759148960008476,-0.8193831940055707,-0.8875112663966895,0
0.4902002535617175,-1.1353363573145174,-1.1968237988011234,1.0313307535667189,-1.4681733166191775,0.6426559071509603,1.2204302056910403,1.21232290981922,0
-1.2406425613604006,1.0951078024065406,1.1109320423945706,1.2309772739293088,0.8654337328552689,0.6426559071509603,-0.8193831940055707,1.21232290981922,1
1.1825373795305647,-1.1897374343808846,-0.8720797133634063,-1.4975251710260853,-0.8847715542505659,0.3257172209864163,1.2204302056910403,-0.1875665409913863,0
-0.2021368724071297,0.8027020131748168,0.6756367789355021,0.6320377128415394,0.2820319704866573,0.6426559071509603,1.2204302056910403,0.1624058217112652,0
1.5287059425149885,1.3263123799386014,1.2905777066792652,0.6985865529624027,0.2820319704866573,1.5934719656445924,1.2204302056910403,1.5622952725218715,1
-0.5483054353915534,0.6462989166090106,0.7309123679461774,2.0961121955005315,-0.8847715542505659,0.9595945933155045,-0.8193831940055707,-0.5375389036940379,0
-0.894473998375977,-0.7341284139500589,-0.5058789361676823,0.0996469918746332,-1.4681733166191775,0.9595945933155045,1.2204302056910403,0.1624058217112652,0
1.1825373795305647,0.925104436574143,0.9243769294835406,0.0330981517537699,-0.3013697918819543,-1.5759148960008476,1.2204302056910403,-0.5375389036940379,1
-0.2021368724071297,-1.3121398577802117,-1.3211938740751428,0.8982330733249925,0.8654337328552689,-1.5759148960008476,1.2204302056910403,0.5123781844139168,0
0.1440316905772939,-0.6185261251840285,-0.8513513674844029,-0.4992925692131362,1.4488354952238804,-0.6250988375072156,1.2204302056910403,-0.1875665409913863,0
0.8363688165461411,1.3331125145718972,1.553136754479972,0.6985865529624027,-1.4681733166191775,-1.5759148960008476,-0.8193831940055707,-1.5874559918019926,0
1.5287059425149885,-0.6321263944506206,-0.5404261792993543,-0.0999995284879566,1.4488354952238804,0.0087785348218723,-0.8193831940055707,1.21232290981922,0
1.1825373795305647,-1.2713390499804356,-1.4870206411071687,0.1661958319954964,1.4488354952238804,0.9595945933155045,-0.8193831940055707,-0.1875665409913863,0
-1.5868111243448242,-0.2513188549860494,-0.5058789361676823,-0.698939089575726,-1.4681733166191775,-1.5759148960008476,-0.8193831940055707,0.1624058217112652,0
0.8363688165461411,0.9455048404740304,1.2698493608002612,0.299293512237223,1.4488354952238804,1.5934719656445924,1.2204302056910403,0.1624058217112652,1
-0.2021368724071297,-0.6457266637172121,-0.5887923196836954,1.6302703146544884,-1.4681733166191775,-0.6250988375072156,1.2204302056910403,0.1624058217112652,0
-0.2021368724071297,-0.7885294910164262,-0.927355302374081,-1.0316832901800423,0.8654337328552689,-0.6250988375072156,-0.8193831940055707,1.21232290981922,0
0.1440316905772939,0.6938998590420822,0.7240029193198432,-0.2330972087296831,-0.3013697918819543,-0.3081601513426716,1.2204302056910403,-0.1875665409913863,0
-1.5868111243448242,-1.244138511447252,-1.1208198639114448,-0.8985856099383158,-1.4681733166191775,-0.9420375236717596,1.2204302056910403,-1.237483629099341,0
1.5287059425149885,-1.278139184613731,-0.9619025455057536,-0.4992925692131362,-0.3013697918819543,1.2765332794800484,1.2204302056910403,0.5123781844139168,0
1.5287059425149885,1.3535129184717845,1.1800265286579144,-0.698939089575726,0.2820319704866573,-0.6250988375072156,-0.8193831940055707,1.5622952725218715,1
1.5287059425149885,-1.5977455123786397,-1.4732017438544995,-1.2978786506634954,-0.3013697918819543,-0.3081601513426716,-0.8193831940055707,-0.5375389036940379,0
1.1825373795305647,-1.339340396313395,-1.245189939185464,1.3640749541710353,1.4488354952238804,1.2765332794800484,1.2204302056910403,1.21232290981922,1
-1.2406425613604006,-0.8361304334494978,-0.9549930968794188,-0.8320367698174526,-0.8847715542505659,-0.6250988375072156,-0.8193831940055707,0.8623505471165683,0
0.1440316905772939,0.1702894922782969,-0.0429458782032767,-1.6971716913886752,-0.3013697918819543,-0.3081601513426716,-0.8193831940055707,-0.8875112663966895,0
-1.5868111243448242,-0.1493168354866111,-0.4851505902886789,0.4989400325998128,-0.3013697918819543,0.0087785348218723,-0.8193831940055707,-0.1875665409913863,0
1.1825373795305647,0.2042901654447763,0.3992588338821253,0.2327446721163597,1.4488354952238804,-0.9420375236717596,-0.8193831940055707,-1.237483629099341,0
-0.2021368724071297,0.9183043019408472,1.1385698368999075,-0.4992925692131362,0.8654337328552689,-0.9420375236717596,-0.8193831940055707,-0.8875112663966895,0
-0.5483054353915534,0.0478870688789702,0.1505186833340869,-0.2996460488505464,0.8654337328552689,-0.9420375236717596,1.2204302056910403,1.5622952725218715,0
-1.5868111243448242,-0.6117259905507327,-0.8651702647370715,0.3658423523580862,-0.3013697918819543,-1.2589762098363035,-0.8193831940055707,0.8623505471165683,0
1.1825373795305647,-1.244138511447252,-1.459382846601831,-0.2330972087296831,0.8654337328552689,-0.3081601513426716,-0.8193831940055707,-0.5375389036940379,0
-0.894473998375977,0.3334927234773983,0.6687273303091679,-0.698939089575726,-0.8847715542505659,-1.2589762098363035,1.2204302056910403,1.21232290981922,0
-0.5483054353915534,0.2178904347113679,0.3578021421241197,0.1661958319954964,-1.4681733166191775,0.6426559071509603,1.2204302056910403,1.21232290981922,0
1.1825373795305647,0.6666993205088979,0.6203611899248267,-0.3661948889714096,0.2820319704866573,0.3257172209864163,-0.8193831940055707,-1.237483629099341,1
-1.2406425613604006,-0.0405146813538765,-0.3469616177619906,-0.698939089575726,-1.4681733166191775,0.3257172209864163,-0.8193831940055707,-1.5874559918019926,0
0.4902002535617175,1.2651111682389384,1.1385698368999075,1.6302703146544884,1.4488354952238804,1.2765332794800484,-0.8193831940055707,-0.8875112663966895,1
-0.894473998375977,0.6122982434425306,0.5374478064088143,1.6968191547753515,0.2820319704866573,0.6426559071509603,-0.8193831940055707,-1.5874559918019926,1
0.8363688165461411,1.7275203233030598,1.4149477819532843,-0.4327437290922729,0.2820319704866573,0.6426559071509603,-0.8193831940055707,-0.1875665409913863,1
-0.2021368724071297,1.6119180345370296,1.6360501379959858,-0.4992925692131362,-0.3013697918819543,-1.2589762098363035,1.2204302056910403,1.5622952725218715,0
0.4902002535617175,-1.427742146546242,-1.5077489869861722,0.6320377128415394,0.2820319704866573,1.5934719656445924,1.2204302056910403,-1.5874559918019926,0
0.4902002535617175,0.2790916464110315,0.1850659264657588,-0.9651344500591792,-0.3013697918819543,-0.6250988375072156,1.2204302056910403,-0.5375389036940379,0
-1.2406425613604006,0.0954880113120417,-0.1189498130929549,0.1661958319954964,-0.8847715542505659,-0.3081601513426716,-0.8193831940055707,0.1624058217112652,0
-1.2406425613604006,-1.3801412041131702,-1.3004655281961393,0.8982330733249925,0.8654337328552689,-1.2589762098363035,1.2204302056910403,-1.5874559918019926,0
-1.5868111243448242,0.1906898961781842,0.3163454503661129,1.2975261140501722,0.8654337328552689,-0.9420375236717596,-0.8193831940055707,0.5123781844139168,0
-0.5483054353915534,-0.6729272022503958,-0.5058789361676823,0.1661958319954964,0.2820319704866573,0.9595945933155045,-0.8193831940055707,0.5123781844139168,0
0.4902002535617175,0.1906898961781842,-0.0636742240822795,0.765135393083266,-0.8847715542505659,-0.9420375236717596,-0.8193831940055707,1.21232290981922,0
1.1825373795305647,1.1563090141062038,1.2767588094265967,-0.4992925692131362,1.4488354952238804,-1.5759148960008476,1.2204302056910403,-1.5874559918019926,1
-0.2021368724071297,-0.9993336646485996,-1.1622765556694516,0.4323911924789496,-1.4681733166191775,0.0087785348218723,1.2204302056910403,-0.8875112663966895,0
-1.5868111243448242,-0.6525267983505079,-1.00335923726376,-0.2996460488505464,-1.4681733166191775,-0.3081601513426716,-0.8193831940055707,0.8623505471165683,0
-1.2406425613604006,1.3943137262715604,1.3043966039319337,-0.5658414093339995,1.4488354952238804,-1.2589762098363035,1.2204302056910403,-0.5375389036940379,0
-0.5483054353915534,1.1427087448396125,1.2560304635475923,-0.4992925692131362,-0.3013697918819543,0.9595945933155045,-0.8193831940055707,-0.1875665409913863,0
-1.5868111243448242,-1.7269480704112614,-1.6528474081391948,-0.2330972087296831,1.4488354952238804,1.2765332794800484,1.2204302056910403,0.1624058217112652,0
-0.5483054353915534,-1.339340396313395,-1.2797371823171366,0.3658423523580862,-0.3013697918819543,0.3257172209864163,-0.8193831940055707,-0.8875112663966895,0
0.1440316905772939,-0.1629171047532026,0.0330580566864019,0.765135393083266,-1.4681733166191775,-0.9420375236717596,1.2204302056910403,0.8623505471165683,0
-1.5868111243448242,-0.0745153545203559,-0.3953277581463316,1.0313307535667189,1.4488354952238804,0.9595945933155045,1.2204302056910403,-0.5375389036940379,0
-1.2406425613604006,0.2246905693446642,0.0261486080600677,-0.5658414093339995,-0.3013697918819543,0.6426559071509603,1.2204302056910403,-0.5375389036940379,0
-0.5483054353915534,0.6938998590420822,0.7930974055831871,-0.698939089575726,-0.8847715542505659,0.3257172209864163,-0.8193831940055707,-1.5874559918019926,0
1.5287059425149885,1.2651111682389384,1.0625659020102296,-1.5640740111469489,1.4488354952238804,-1.2589762098363035,-0.8193831940055707,0.5123781844139168,1
1.1825373795305647,0.564697301009459,0.7101840220671747,1.3640749541710353,-1.4681733166191775,-0.6250988375072156,1.2204302056910403,-1.237483629099341,1
0.8363688165461411,-0.2037179125529778,-0.5058789361676823,-0.8985856099383158,-0.3013697918819543,1.2765332794800484,1.2204302056910403,-1.5874559918019926,0
0.4902002535617175,-0.6253262598173243,-0.5749734224310262,-1.0982321303009055,0.2820319704866573,-1.5759148960008476,1.2204302056910403,0.5123781844139168,0
-1.5868111243448242,0.2994920503109188,0.4683533201454705,-1.2978786506634954,-1.4681733166191775,-1.2589762098363035,1.2204302056910403,0.8623505471165683,0
-0.2021368724071297,-0.6729272022503958,-0.5266072820466857,-1.6971716913886752,-1.4681733166191775,1.2765332794800484,1.2204302056910403,1.21232290981922,0
-0.2021368724071297,-0.7681290871165383,-0.7408001894630523,0.8982330733249925,-0.8847715542505659,-1.5759148960008476,-0.8193831940055707,0.1624058217112652,0
-0.5483054353915534,0.6190983780758263,0.910558032230872,0.765135393083266,1.4488354952238804,0.6426559071509603,-0.8193831940055707,1.5622952725218715,1
-0.5483054353915534,0.8571030902411829,0.7930974055831871,-0.698939089575726,1.4488354952238804,-1.2589762098363035,-0.8193831940055707,0.8623505471165683,0
-0.2021368724071297,-1.0945355495147422,-0.927355302374081,0.3658423523580862,1.4488354952238804,1.2765332794800484,-0.8193831940055707,-1.237483629099341,0
-0.5483054353915534,0.4898958200432045,0.5927233954194897,-0.1665483686088198,0.8654337328552689,0.3257172209864163,-0.8193831940055707,-1.237483629099341,0
-0.2021368724071297,-1.0945355495147422,-1.328103322701477,-2.163013572234718,-0.8847715542505659,-0.6250988375072156,-0.8193831940055707,-0.5375389036940379,0
1.5287059425149885,0.6734994551421937,0.9243769294835406,0.0996469918746332,-1.4681733166191775,0.6426559071509603,-0.8193831940055707,0.5123781844139168,0
0.8363688165461411,0.6394987819757149,0.7240029193198432,0.0330981517537699,-0.3013697918819543,0.0087785348218723,1.2204302056910403,-0.1875665409913863,1
0.8363688165461411,-1.5365443006789763,-1.3833789117121524,-1.0982321303009055,-0.3013697918819543,0.6426559071509603,1.2204302056910403,-0.1875665409913863,0
-0.894473998375977,-0.8497307027160893,-1.017178134516429,-1.3644274907843588,-1.4681733166191775,-1.2589762098363035,-0.8193831940055707,0.1624058217112652,0
-0.5483054353915534,0.0818877420454502,0.198884823718428,1.2975261140501722,-0.3013697918819543,1.5934719656445924,1.2204302056910403,0.1624058217112652,0
-0.894473998375977,0.7143002629419695,0.8967391349782035,0.8982330733249925,-1.4681733166191775,0.6426559071509603,1.2204302056910403,1.5622952725218715,0
1.1825373795305647,-1.2645389153471398,-1.528477332865175,1.0313307535667189,0.2820319704866573,1.5934719656445924,-0.8193831940055707,-0.5375389036940379,1
0.8363688165461411,-0.7613289524832425,-0.7200718435840489,0.8982330733249925,-0.8847715542505659,0.3257172209864163,1.2204302056910403,1.5622952725218715,0
-0.894473998375977,1.5235162843041825,1.5047706140956325,0.6320377128415394,0.2820319704866573,1.2765332794800484,-0.8193831940055707,-0.1875665409913863,0
-1.2406425613604006,0.3470929927439898,0.0054202621810642,0.0330981517537699,0.2820319704866573,-0.6250988375072156,-0.8193831940055707,1.21232290981922,0
0.1440316905772939,0.0886878766787459,0.198884823718428,-0.8320367698174526,1.4488354952238804,0.0087785348218723,1.2204302056910403,-1.237483629099341,0
-1.5868111243448242,-0.0337145467205801,-0.333142720509322,0.0996469918746332,0.8654337328552689,-0.3081601513426716,1.2204302056910403,0.5123781844139168,0
0.4902002535617175,0.6802995897754894,0.4268966283874637,-0.8985856099383158,1.4488354952238804,-0.9420375236717596,-0.8193831940055707,0.1624058217112652,0
-1.2406425613604006,-0.2445187203527536,-0.049855326829611,1.6302703146544884,-1.4681733166191775,0.0087785348218723,1.2204302056910403,1.21232290981922,0
0.8363688165461411,0.8027020131748168,0.5167194605298103,-0.7654879296965893,-0.3013697918819543,-0.3081601513426716,-0.8193831940055707,0.1624058217112652,1
0.1440316905772939,1.108708071673132,0.9865619671205512,-1.0316832901800423,-1.4681733166191775,-1.2589762098363035,-0.8193831940055707,0.5123781844139168,0
-1.5868111243448242,0.3674933966438783,0.2679793099817719,1.6968191547753515,-1.4681733166191775,-1.2589762098363035,-0.8193831940055707,1.5622952725218715,0
1.1825373795305647,-0.8633309719826814,-0.9480836482530844,-0.0999995284879566,-0.8847715542505659,-0.6250988375072156,1.2204302056910403,-0.8875112663966895,0
0.4902002535617175,-0.8361304334494978,-0.5542450765520228,-0.0334506883670933,-0.8847715542505659,-0.6250988375072156,-0.8193831940055707,1.5622952725218715,0
-1.2406425613604006,0.5170963585763875,0.8483729945938624,2.6285029164674376,-0.8847715542505659,-0.9420375236717596,-0.8193831940055707,1.21232290981922,0
0.8363688165461411,-0.5641250481176612,-0.2364104397406398,0.8982330733249925,0.8654337328552689,-1.2589762098363035,1.2204302056910403,-0.1875665409913863,1
1.5287059425149885,-0.1017158930535396,-0.3884183095199974,-0.7654879296965893,-0.8847715542505659,-1.2589762098363035,1.2204302056910403,0.1624058217112652,0
-0.5483054353915534,-1.7813491474776288,-1.659756856765529,-0.3661948889714096,-1.4681733166191775,1.2765332794800484,-0.8193831940055707,0.8623505471165683,0
-0.894473998375977,0.7823016092749283,0.6825462275618364,1.8964656751379412,-0.8847715542505659,0.9595945933155045,-0.8193831940055707,-0.8875112663966895,0
1.1825373795305647,0.4762955507766129,0.1781564778394246,0.9647819134458556,-0.8847715542505659,-1.2589762098363035,-0.8193831940055707,0.8623505471165683,1
-0.894473998375977,0.8231024170747041,0.8345540973411939,0.1661958319954964,-0.8847715542505659,0.6426559071509603,-0.8193831940055707,-0.8875112663966895,0
0.4902002535617175,-1.2645389153471398,-1.1830049015484545,1.0978795936875825,0.2820319704866573,0.6426559071509603,-0.8193831940055707,-0.8875112663966895,0
-0.2021368724071297,0.0206865303457865,0.081424197070743,1.3640749541710353,-1.4681733166191775,-1.2589762098363035,1.2204302056910403,-1.5874559918019926,0
-0.5483054353915534,1.5575169574706622,1.6222312407433173,1.2975261140501722,1.4488354952238804,-1.2589762098363035,-0.8193831940055707,0.8623505471165683,1
0.8363688165461411,-1.2849393192470278,-1.41101670621749,-0.2996460488505464,-1.4681733166191775,-1.2589762098363035,-0.8193831940055707,1.21232290981922,0
0.4902002535617175,-0.9653329914821196,-1.2659182850644677,-0.698939089575726,1.4488354952238804,1.2765332794800484,-0.8193831940055707,0.8623505471165683,0
-0.894473998375977,-0.3397206052188961,-0.1396781589719583,-0.5658414093339995,-1.4681733166191775,1.2765332794800484,-0.8193831940055707,-1.237483629099341,0
-0.2021368724071297,-0.8089298949163141,-0.498969487541348,-0.1665483686088198,-1.4681733166191775,-0.3081601513426716,1.2204302056910403,1.5622952725218715,0
0.1440316905772939,1.6663191116033969,1.3734910901952777,-0.4327437290922729,-0.8847715542505659,0.0087785348218723,-0.8193831940055707,1.5622952725218715,0
-1.2406425613604006,-1.257738780713844,-1.141548209790448,-1.0982321303009055,-1.4681733166191775,0.0087785348218723,1.2204302056910403,1.5622952725218715,0
-1.5868111243448242,-0.9653329914821196,-1.1070009666587763,0.4323911924789496,1.4488354952238804,-0.3081601513426716,-0.8193831940055707,-0.5375389036940379,0
1.1825373795305647,0.8503029556078872,0.8276446487148595,-1.430976330905222,-1.4681733166191775,0.6426559071509603,-0.8193831940055707,-0.8875112663966895,0
-1.5868111243448242,-0.6321263944506206,-0.8237135729790652,0.4323911924789496,-0.3013697918819543,1.2765332794800484,1.2204302056910403,0.5123781844139168,0
-0.5483054353915534,-1.3461405309466907,-1.53538678149151,0.4989400325998128,0.2820319704866573,-1.2589762098363035,-0.8193831940055707,1.5622952725218715,0
-0.2021368724071297,0.8843036287743672,0.9658336212415474,1.0313307535667189,1.4488354952238804,-0.3081601513426716,1.2204302056910403,1.5622952725218715,1
-1.5868111243448242,1.27871143750553,1.4080383333269502,-0.0334506883670933,0.2820319704866573,0.0087785348218723,-0.8193831940055707,-0.1875665409913863,0
-0.894473998375977,-1.52974416604568,-1.632119062260191,1.6968191547753515,1.4488354952238804,0.3257172209864163,-0.8193831940055707,1.5622952725218715,0
0.1440316905772939,1.9519247662018249,1.6567784838749886,-0.1665483686088198,1.4488354952238804,1.5934719656445924,-0.8193831940055707,-0.8875112663966895,0
-0.894473998375977,-0.4553228939849265,-0.4782411416623446,-0.1665483686088198,1.4488354952238804,-1.5759148960008476,1.2204302056910403,1.5622952725218715,0
0.4902002535617175,-1.8085496860108123,-1.6804852026445325,-0.4992925692131362,-0.8847715542505659,-1.5759148960008476,1.2204302056910403,-1.237483629099341,0
-0.894473998375977,1.1223083409397236,1.117841491020905,-0.2996460488505464,0.8654337328552689,-1.5759148960008476,1.2204302056910403,-1.5874559918019926,0
-0.5483054353915534,0.068287472778858,0.1228808888287492,-0.2996460488505464,-1.4681733166191775,-0.9420375236717596,-0.8193831940055707,0.5123781844139168,0
0.8363688165461411,1.2175102258058668,1.2560304635475923,-1.2313298105426322,1.4488354952238804,0.0087785348218723,1.2204302056910403,0.5123781844139168,1
-0.5483054353915534,1.407913995538152,1.477132819590294,0.0996469918746332,-0.3013697918819543,-0.3081601513426716,-0.8193831940055707,-1.5874559918019926,0
-1.5868111243448242,-0.6185261251840285,-0.5196978334203508,-0.9651344500591792,-1.4681733166191775,1.2765332794800484,-0.8193831940055707,-0.5375389036940379,0
-0.2021368724071297,1.2515108989723456,1.4218572305796189,-0.2996460488505464,0.8654337328552689,0.0087785348218723,-0.8193831940055707,0.5123781844139168,0
0.8363688165461411,-0.6185261251840285,-0.7960757784737276,-2.2295624123555813,-0.3013697918819543,0.3257172209864163,-0.8193831940055707,-1.237483629099341,0
1.5287059425149885,0.5170963585763875,0.4614438715191349,1.6968191547753515,1.4488354952238804,1.2765332794800484,-0.8193831940055707,-1.237483629099341,1
0.4902002535617175,-0.0133141428206928,0.0676052998180739,-0.5658414093339995,1.4488354952238804,-0.9420375236717596,-0.8193831940055707,-0.1875665409913863,0
1.5287059425149885,1.5235162843041825,1.3251249498109363,-0.4327437290922729,-0.8847715542505659,-0.9420375236717596,-0.8193831940055707,-0.8875112663966895,0
0.1440316905772939,-0.7545288178499467,-0.8997175078687434,-0.0999995284879566,-0.3013697918819543,-1.5759148960008476,-0.8193831940055707,0.1624058217112652,0
-0.5483054353915534,-0.1221162969534275,-0.2571387856196432,0.4989400325998128,1.4488354952238804,0.9595945933155045,-0.8193831940055707,1.5622952725218715,0
-1.2406425613604006,-0.4757232978848144,-0.3469616177619906,0.1661958319954964,-0.3013697918819543,-0.9420375236717596,1.2204302056910403,0.5123781844139168,0
0.1440316905772939,-0.5777253173842533,-0.3055049260039844,1.9630145152588048,-1.4681733166191775,-0.3081601513426716,-0.8193831940055707,-0.5375389036940379,0
-0.2021368724071297,-0.9109319144157524,-1.017178134516429,1.4971726344127618,-0.8847715542505659,0.6426559071509603,-0.8193831940055707,-0.8875112663966895,0
0.1440316905772939,0.2042901654447763,0.4683533201454705,0.765135393083266,0.2820319704866573,1.2765332794800484,-0.8193831940055707,0.8623505471165683,0
-0.2021368724071297,-1.162536895847701,-1.2382804905591298,-1.3644274907843588,1.4488354952238804,1.2765332794800484,-0.8193831940055707,-1.5874559918019926,0
0.4902002535617175,-1.1421364919478136,-1.010268685890094,-0.4327437290922729,-0.3013697918819543,-0.9420375236717596,1.2204302056910403,1.21232290981922,0
-0.5483054353915534,-1.2033377036474768,-1.0655442749007695,0.6985865529624027,0.2820319704866573,0.3257172209864163,-0.8193831940055707,0.5123781844139168,0
-0.5483054353915534,-0.0473148159871723,0.0123297108073985,-1.1647809704217689,-1.4681733166191775,0.0087785348218723,-0.8193831940055707,1.21232290981922,0
1.5287059425149885,-0.6457266637172121,-0.9549930968794188,1.5637214745336252,0.2820319704866573,-1.2589762098363035,1.2204302056910403,0.5123781844139168,1
-1.2406425613604006,0.0342867996123786,-0.2847765801249809,0.8316842332041292,1.4488354952238804,0.9595945933155045,-0.8193831940055707,1.5622952725218715,0
-0.894473998375977,-1.257738780713844,-1.224461593306461,0.3658423523580862,-0.8847715542505659,0.6426559071509603,-0.8193831940055707,-0.5375389036940379,0
-1.5868111243448242,1.564317092103958,1.6222312407433173,1.5637214745336252,0.8654337328552689,-0.6250988375072156,-0.8193831940055707,-1.5874559918019926,1
-0.5483054353915534,-1.1693370304809974,-1.0379064803954317,0.0996469918746332,-0.8847715542505659,-1.5759148960008476,-0.8193831940055707,1.21232290981922,0
-1.5868111243448242,0.3062921849442152,0.1090619915760807,0.0996469918746332,0.2820319704866573,-0.6250988375072156,-0.8193831940055707,1.21232290981922,0
1.1825373795305647,1.305911976038713,1.2560304635475923,-0.2330972087296831,0.2820319704866573,-1.2589762098363035,-0.8193831940055707,1.5622952725218715,1
0.1440316905772939,0.9387047058407344,0.813825751462191,-0.2330972087296831,0.8654337328552689,-0.3081601513426716,1.2204302056910403,1.21232290981922,0
-0.2021368724071297,-0.604925855917437,-0.9066269564950784,-0.1665483686088198,0.2820319704866573,0.6426559071509603,-0.8193831940055707,0.8623505471165683,0
0.1440316905772939,-1.849350493810588,-1.7495796889078763,-0.6323902494548628,0.8654337328552689,-0.6250988375072156,-0.8193831940055707,0.5123781844139168,0
-0.5483054353915534,0.9047040326742544,0.9727430698678816,-2.8285019734433505,-0.3013697918819543,0.3257172209864163,-0.8193831940055707,-0.5375389036940379,0
1.5287059425149885,-1.121736088047926,-1.010268685890094,-0.2996460488505464,1.4488354952238804,1.2765332794800484,-0.8193831940055707,0.5123781844139168,0
0.1440316905772939,1.2447107643390498,1.449495025084957,0.299293512237223,-0.8847715542505659,0.0087785348218723,1.2204302056910403,1.5622952725218715,0
1.5287059425149885,-0.3805214130186719,-0.4229655526516693,-0.7654879296965893,-0.8847715542505659,0.3257172209864163,-0.8193831940055707,-0.1875665409913863,0
0.8363688165461411,-0.0609150852537638,-0.2778671314986466,0.8316842332041292,-0.8847715542505659,-1.2589762098363035,1.2204302056910403,-0.1875665409913863,0
0.4902002535617175,0.0342867996123786,0.1919753750920931,0.6985865529624027,0.2820319704866573,-0.9420375236717596,1.2204302056910403,-0.1875665409913863,0
1.5287059425149885,-0.8633309719826814,-1.0793631721534385,-0.8985856099383158,-1.4681733166191775,-0.9420375236717596,-0.8193831940055707,1.21232290981922,0
1.5287059425149885,-0.1969177779196821,-0.1465876075982926,0.765135393083266,-0.3013697918819543,-0.6250988375072156,-0.8193831940055707,-1.5874559918019926,1
1.1825373795305647,1.31271211067201,1.594593446237979,1.6302703146544884,1.4488354952238804,0.9595945933155045,-0.8193831940055707,-0.8875112663966895,1
-1.2406425613604006,-1.6657468587115984,-1.4386545007228275,1.5637214745336252,-1.4681733166191775,1.2765332794800484,1.2204302056910403,-1.5874559918019926,0
-0.5483054353915534,0.8707033595077757,0.6410895358038308,0.6320377128415394,-1.4681733166191775,-1.5759148960008476,-0.8193831940055707,-1.237483629099341,0
0.8363688165461411,-1.4005416080130582,-1.7357607916552078,1.8299168350170785,0.8654337328552689,0.0087785348218723,1.2204302056910403,1.5622952725218715,1
-0.5483054353915534,-1.8833511669770675,-1.611390716381188,0.1661958319954964,-1.4681733166191775,1.2765332794800484,-0.8193831940055707,-0.1875665409913863,0
0.8363688165461411,-0.951732722215528,-0.7753474325947242,-0.2330972087296831,0.2820319704866573,-1.2589762098363035,1.2204302056910403,0.8623505471165683,0
0.4902002535617175,-0.054114950620468,0.1850659264657588,0.2327446721163597,-0.3013697918819543,-0.9420375236717596,-0.8193831940055707,-1.5874559918019926,0
0.1440316905772939,-0.1629171047532026,-0.167315953477296,-0.3661948889714096,0.8654337328552689,-0.6250988375072156,-0.8193831940055707,-0.5375389036940379,0
-0.5483054353915534,-0.747728683216651,-0.9066269564950784,0.6985865529624027,-1.4681733166191775,1.5934719656445924,1.2204302056910403,-0.5375389036940379,0
-0.5483054353915534,1.2243103604391623,1.573865100358976,0.3658423523580862,1.4488354952238804,0.0087785348218723,1.2204302056910403,-0.8875112663966895,0
0.8363688165461411,0.6530990512423064,0.4959911146508075,1.2975261140501722,-0.8847715542505659,-1.5759148960008476,-0.8193831940055707,-0.1875665409913863,1
1.5287059425149885,1.210710091172571,0.9658336212415474,-1.0316832901800423,-0.8847715542505659,-1.2589762098363035,1.2204302056910403,0.8623505471165683,0
-0.894473998375977,-1.5229440314123843,-1.7150324457762045,-0.8320367698174526,-0.3013697918819543,-0.3081601513426716,-0.8193831940055707,0.8623505471165683,0
1.5287059425149885,0.6122982434425306,0.3716210393767883,-0.0999995284879566,-1.4681733166191775,0.6426559071509603,-0.8193831940055707,-1.237483629099341,0
-1.2406425613604006,-1.033334337815079,-1.0240875831427632,2.029563355379668,0.2820319704866573,0.0087785348218723,-0.8193831940055707,0.1624058217112652,0
-1.2406425613604006,0.2042901654447763,0.1159714402024149,1.8299168350170785,0.8654337328552689,0.6426559071509603,1.2204302056910403,1.5622952725218715,0
0.8363688165461411,0.8571030902411829,0.8069163028358556,-1.0316832901800423,-0.8847715542505659,-0.9420375236717596,1.2204302056910403,0.1624058217112652,0
0.8363688165461411,-1.1421364919478136,-1.1968237988011234,0.3658423523580862,-0.3013697918819543,0.0087785348218723,-0.8193831940055707,1.21232290981922,0
-0.894473998375977,0.1226885498452254,0.2472509641027684,-1.0316832901800423,-1.4681733166191775,-1.5759148960008476,-0.8193831940055707,-1.237483629099341,0
1.1825373795305647,0.9931057829071018,1.124750939647239,0.4323911924789496,-1.4681733166191775,-0.3081601513426716,-0.8193831940055707,-1.237483629099341,0
-0.2021368724071297,-0.2921196627858252,-0.3815088608936625,-0.8985856099383158,-0.8847715542505659,-1.2589762098363035,-0.8193831940055707,-0.5375389036940379,0
0.4902002535617175,1.305911976038713,1.0625659020102296,0.0996469918746332,-0.3013697918819543,-0.9420375236717596,-0.8193831940055707,-1.237483629099341,0
0.8363688165461411,0.6938998590420822,0.8000068542095213,0.4323911924789496,-0.3013697918819543,1.2765332794800484,-0.8193831940055707,-1.5874559918019926,1
-0.2021368724071297,0.5170963585763875,0.8000068542095213,0.0996469918746332,0.8654337328552689,1.2765332794800484,-0.8193831940055707,0.1624058217112652,0
-0.894473998375977,1.054306994606765,0.76545961107785,-1.1647809704217689,-0.8847715542505659,1.2765332794800484,1.2204302056910403,1.5622952725218715,0
0.4902002535617175,1.917924093035345,1.6222312407433173,-0.3661948889714096,1.4488354952238804,1.2765332794800484,-0.8193831940055707,1.5622952725218715,0
1.1825373795305647,-1.2033377036474768,-1.4041072575911555,0.3658423523580862,0.2820319704866573,0.9595945933155045,-0.8193831940055707,-0.8875112663966895,0
1.1825373795305647,1.3603130531050802,1.4356761278322872,0.299293512237223,-0.3013697918819543,-0.9420375236717596,-0.8193831940055707,-0.1875665409913863,1
-0.894473998375977,1.564317092103958,1.6636879325013227,-2.9615996536850773,-0.8847715542505659,-0.6250988375072156,-0.8193831940055707,-0.5375389036940379,0
-1.2406425613604006,0.4490950122434287,0.1781564778394246,0.0996469918746332,-1.4681733166191775,-0.3081601513426716,-0.8193831940055707,0.5123781844139168,0
-0.2021368724071297,-0.360121009118784,-0.4229655526516693,-1.5640740111469489,-0.3013697918819543,-0.3081601513426716,-0.8193831940055707,0.8623505471165683,0
-0.894473998375977,-1.3529406655799865,-1.528477332865175,-0.4327437290922729,1.4488354952238804,0.3257172209864163,-0.8193831940055707,-0.5375389036940379,0
0.1440316905772939,-0.2241183164528657,-0.4920600389150132,0.8982330733249925,-0.3013697918819543,0.9595945933155045,-0.8193831940055707,0.5123781844139168,0
-0.2021368724071297,-0.4145220861851513,-0.3262332718829878,-0.8985856099383158,1.4488354952238804,1.2765332794800484,1.2204302056910403,-0.5375389036940379,0
-0.2021368724071297,0.3878938005437656,0.081424197070743,1.2309772739293088,0.2820319704866573,-0.6250988375072156,-0.8193831940055707,-0.8875112663966895,1
-0.894473998375977,-0.6117259905507327,-0.7753474325947242,-0.1665483686088198,0.2820319704866573,1.5934719656445924,-0.8193831940055707,-0.8875112663966895,0
1.1825373795305647,-0.6729272022503958,-0.7131623949577146,-1.430976330905222,-1.4681733166191775,-0.9420375236717596,1.2204302056910403,0.8623505471165683,0
0.8363688165461411,-1.5161438967790886,-1.4801111924808346,0.8316842332041292,-0.3013697918819543,-0.3081601513426716,-0.8193831940055707,-0.1875665409913863,1
1.1825373795305647,-1.1693370304809974,-0.9135364051214124,0.6985865529624027,0.8654337328552689,1.5934719656445924,-0.8193831940055707,0.5123781844139168,0
0.1440316905772939,-0.1765173740197948,-0.3400521691356563,-0.7654879296965893,0.8654337328552689,1.2765332794800484,-0.8193831940055707,-1.237483629099341,0
-0.2021368724071297,-0.054114950620468,0.1297903374550835,1.5637214745336252,0.8654337328552689,-1.5759148960008476,-0.8193831940055707,-1.5874559918019926,0
-0.894473998375977,-1.0469346070816703,-0.7684379839683899,-0.9651344500591792,0.8654337328552689,-1.5759148960008476,1.2204302056910403,-1.5874559918019926,0
-1.5868111243448242,0.4150943390769498,0.6756367789355021,-1.6306228512678118,-0.3013697918819543,0.6426559071509603,-0.8193831940055707,-0.1875665409913863,0
-0.894473998375977,-1.6861472626114862,-1.3833789117121524,0.765135393083266,1.4488354952238804,1.5934719656445924,-0.8193831940055707,0.1624058217112652,0
-1.2406425613604006,-1.6657468587115984,-1.3695600144594835,0.4989400325998128,0.2820319704866573,1.2765332794800484,-0.8193831940055707,-0.8875112663966895,0
0.1440316905772939,1.0679072638733564,1.3043966039319337,0.4323911924789496,0.8654337328552689,-1.2589762098363035,1.2204302056910403,-1.237483629099341,0
1.1825373795305647,-0.4621230286182229,-0.8029852271000618,-0.6323902494548628,0.8654337328552689,0.9595945933155045,1.2204302056910403,-0.1875665409913863,0
-0.5483054353915534,-0.747728683216651,-0.927355302374081,0.0996469918746332,0.2820319704866573,0.0087785348218723,1.2204302056910403,1.21232290981922,0
0.1440316905772939,0.1158884152119296,0.3923493852557911,0.0330981517537699,0.2820319704866573,-1.5759148960008476,-0.8193831940055707,1.21232290981922,0
-1.2406425613604006,-0.8769312412492729,-1.1484576584167825,0.2327446721163597,-0.8847715542505659,-0.9420375236717596,1.2204302056910403,0.8623505471165683,0
-1.2406425613604006,-0.2853195281525288,-0.498969487541348,-0.2330972087296831,-0.8847715542505659,-1.2589762098363035,-0.8193831940055707,-0.1875665409913863,0
1.1825373795305647,0.564697301009459,0.4476249742664664,0.1661958319954964,-0.3013697918819543,-0.6250988375072156,-0.8193831940055707,1.5622952725218715,1
-1.5868111243448242,-0.5505247788510697,-0.5196978334203508,-1.7637205315095383,-0.3013697918819543,-0.6250988375072156,-0.8193831940055707,0.5123781844139168,0
-0.894473998375977,-1.2101378382807726,-1.41101670621749,2.0961121955005315,1.4488354952238804,-0.6250988375072156,1.2204302056910403,1.21232290981922,0
0.4902002535617175,0.6394987819757149,0.4476249742664664,0.299293512237223,-0.3013697918819543,-0.3081601513426716,-0.8193831940055707,-0.8875112663966895,0
-0.2021368724071297,0.9455048404740304,1.1869359772842487,-0.9651344500591792,0.2820319704866573,-1.5759148960008476,-0.8193831940055707,1.5622952725218715,0
0.1440316905772939,0.4082942044436541,0.3992588338821253,0.2327446721163597,0.2820319704866573,-0.3081601513426716,1.2204302056910403,-0.8875112663966895,0
1.5287059425149885,0.952304975107326,1.0556564533838952,0.6985865529624027,-0.8847715542505659,1.2765332794800484,-0.8193831940055707,-0.1875665409913863,0
1.1825373795305647,0.068287472778858,0.1159714402024149,-0.2330972087296831,1.4488354952238804,1.2765332794800484,-0.8193831940055707,-0.1875665409913863,0
-1.5868111243448242,1.3603130531050802,1.2491210149212584,-0.1665483686088198,0.2820319704866573,1.2765332794800484,-0.8193831940055707,0.8623505471165683,0
-1.2406425613604006,-0.8225301641829056,-1.0309970317690975,-0.0999995284879566,-0.3013697918819543,1.5934719656445924,1.2204302056910403,1.21232290981922,0
1.1825373795305647,-0.1289164315867232,-0.4436938985306727,0.2327446721163597,-1.4681733166191775,0.9595945933155045,-0.8193831940055707,-0.5375389036940379,0
-0.2021368724071297,-0.1017158930535396,0.0054202621810642,-0.8320367698174526,0.8654337328552689,1.5934719656445924,-0.8193831940055707,-0.5375389036940379,0
0.1440316905772939,-0.4077219515518556,-0.0982214672139521,-1.2978786506634954,1.4488354952238804,-0.3081601513426716,1.2204302056910403,-0.8875112663966895,0
-1.2406425613604006,1.2719113028722342,0.9865619671205512,-0.3661948889714096,-0.3013697918819543,0.9595945933155045,-0.8193831940055707,-0.8875112663966895,0
1.5287059425149885,-1.11493595341463,-0.7960757784737276,-0.8320367698174526,0.8654337328552689,-0.6250988375072156,1.2204302056910403,0.1624058217112652,0
0.8363688165461411,0.0886878766787459,-0.0774931213349487,-0.6323902494548628,-1.4681733166191775,1.5934719656445924,1.2204302056910403,-0.8875112663966895,0
-0.5483054353915534,-1.937752244043435,-1.7219418944025386,0.565488872720676,-1.4681733166191775,0.6426559071509603,-0.8193831940055707,-0.5375389036940379,0
1.5287059425149885,-0.6185261251840285,-0.450603347157007,-0.4992925692131362,-0.8847715542505659,-0.6250988375072156,1.2204302056910403,1.5622952725218715,0
0.4902002535617175,1.1223083409397236,0.931286378109876,0.299293512237223,1.4488354952238804,1.5934719656445924,-0.8193831940055707,0.1624058217112652,0
1.5287059425149885,1.013506186806989,1.0832942478892322,0.2327446721163597,0.8654337328552689,-1.2589762098363035,-0.8193831940055707,-0.5375389036940379,1
1.1825373795305647,1.1359086102063152,1.449495025084957,-0.2996460488505464,1.4488354952238804,-0.6250988375072156,1.2204302056910403,-0.8875112663966895,1
0.4902002535617175,0.8435028209745914,0.6618178816828335,0.4323911924789496,-0.3013697918819543,0.0087785348218723,-0.8193831940055707,1.5622952725218715,0
-1.5868111243448242,-1.033334337815079,-1.2797371823171366,1.0313307535667189,-0.8847715542505659,0.6426559071509603,-0.8193831940055707,0.8623505471165683,0
-1.5868111243448242,-0.3805214130186719,-0.0774931213349487,-0.0334506883670933,-0.8847715542505659,1.5934719656445924,1.2204302056910403,-0.1875665409913863,0
1.5287059425149885,0.2178904347113679,0.2956171044871095,0.3658423523580862,0.8654337328552689,1.2765332794800484,-0.8193831940055707,0.1624058217112652,0
0.8363688165461411,1.4147141301714476,1.3527627443162749,0.6320377128415394,-0.8847715542505659,-0.3081601513426716,-0.8193831940055707,-0.1875665409913863,0
-0.894473998375977,0.4966959546765002,0.6756367789355021,-0.0334506883670933,0.8654337328552689,-0.9420375236717596,1.2204302056910403,-1.237483629099341,0
0.8363688165461411,-1.2101378382807726,-1.5215678842388407,-1.4975251710260853,0.2820319704866573,0.0087785348218723,-0.8193831940055707,-0.8875112663966895,0
-0.2021368724071297,-0.4961237017847023,-0.816804124352731,-0.3661948889714096,-0.8847715542505659,-0.6250988375072156,-0.8193831940055707,-0.8875112663966895,0
0.1440316905772939,1.462315072604519,1.5254989599746351,0.1661958319954964,-1.4681733166191775,0.3257172209864163,-0.8193831940055707,-0.5375389036940379,0
0.1440316905772939,0.4966959546765002,0.7792785083305185,0.6320377128415394,1.4488354952238804,-0.3081601513426716,1.2204302056910403,0.1624058217112652,0
-0.5483054353915534,-0.0473148159871723,-0.1811348507299651,0.765135393083266,0.8654337328552689,1.2765332794800484,-0.8193831940055707,1.21232290981922,0
0.4902002535617175,-0.2853195281525288,-0.2640482342459775,0.6985865529624027,-1.4681733166191775,-0.3081601513426716,-0.8193831940055707,-0.1875665409913863,0
-0.2021368724071297,0.1770896269115927,0.4752627687718047,-0.0999995284879566,-1.4681733166191775,-0.3081601513426716,1.2204302056910403,0.1624058217112652,0
0.4902002535617175,-1.9241519747768427,-1.7357607916552078,-1.4975251710260853,1.4488354952238804,-1.5759148960008476,-0.8193831940055707,0.5123781844139168,0
-1.2406425613604006,-1.4481425504461292,-1.2728277336908016,0.0330981517537699,0.2820319704866573,0.6426559071509603,1.2204302056910403,0.1624058217112652,0
-1.2406425613604006,-1.8697508977104755,-1.5630245759968475,-0.4327437290922729,-0.8847715542505659,-0.3081601513426716,1.2204302056910403,-1.237483629099341,0
-1.2406425613604006,-0.21731818181957,0.0399675053127362,-1.6306228512678118,0.2820319704866573,-1.2589762098363035,-0.8193831940055707,0.1624058217112652,0
-0.5483054353915534,-0.8701311066159771,-1.1622765556694516,-2.0299158919929914,-1.4681733166191775,-0.6250988375072156,1.2204302056910403,1.21232290981922,0
1.5287059425149885,1.0067060521736932,1.297487155305599,1.4971726344127618,1.4488354952238804,-1.5759148960008476,-0.8193831940055707,1.21232290981922,1
-0.2021368724071297,-0.8769312412492729,-0.9411741996267502,-1.6971716913886752,-0.8847715542505659,-1.2589762098363035,1.2204302056910403,0.1624058217112652,0
0.8363688165461411,1.1631091487394996,1.2007548745369172,0.3658423523580862,1.4488354952238804,0.9595945933155045,-0.8193831940055707,0.8623505471165683,1
-1.2406425613604006,-0.9313323183156402,-0.6233395628153673,-0.1665483686088198,1.4488354952238804,0.3257172209864163,1.2204302056910403,-1.237483629099341,0
1.5287059425149885,-1.985353186476506,-1.728851343028873,0.6320377128415394,1.4488354952238804,1.5934719656445924,-0.8193831940055707,-0.5375389036940379,0
-1.5868111243448242,-1.6045456470119352,-1.64593795951286,-0.0334506883670933,-0.8847715542505659,-1.5759148960008476,1.2204302056910403,0.5123781844139168,0
-0.894473998375977,-1.856150628443884,-1.6873946512708669,0.1661958319954964,0.8654337328552689,0.3257172209864163,1.2204302056910403,-1.5874559918019926,0
0.8363688165461411,1.2855115721388255,1.5807745489853104,0.4323911924789496,-0.8847715542505659,0.3257172209864163,1.2204302056910403,-0.5375389036940379,0
1.1825373795305647,-0.2309184510861615,-0.4022372067726659,-0.2330972087296831,-0.8847715542505659,1.5934719656445924,-0.8193831940055707,-1.5874559918019926,0
0.8363688165461411,0.7483009361084495,0.482172217398139,-0.2996460488505464,0.8654337328552689,-0.6250988375072156,1.2204302056910403,-1.5874559918019926,1
-1.2406425613604006,0.4898958200432045,0.53053835778248,0.0996469918746332,0.8654337328552689,1.2765332794800484,-0.8193831940055707,0.5123781844139168,0
0.8363688165461411,0.0410869342456744,0.281798207234441,-0.4992925692131362,-0.3013697918819543,0.0087785348218723,-0.8193831940055707,0.1624058217112652,0
-1.2406425613604006,-1.71334780114467,-1.41101670621749,-2.362660092597308,-1.4681733166191775,0.3257172209864163,1.2204302056910403,1.21232290981922,0
0.8363688165461411,-0.1153161623201311,-0.0083986350716048,0.6985865529624027,-0.8847715542505659,-1.5759148960008476,-0.8193831940055707,1.21232290981922,0
0.1440316905772939,-0.0269144120872844,-0.1949537479826336,0.4323911924789496,-0.3013697918819543,-0.6250988375072156,1.2204302056910403,0.5123781844139168,0
-1.2406425613604006,0.4150943390769498,0.1712470292130903,1.0978795936875825,-0.8847715542505659,0.6426559071509603,-0.8193831940055707,-1.237483629099341,0
-0.894473998375977,-1.4889433582459048,-1.452473397975497,-0.1665483686088198,-1.4681733166191775,-0.6250988375072156,-0.8193831940055707,0.8623505471165683,0
0.8363688165461411,-0.0949157584202438,-0.0083986350716048,0.1661958319954964,-1.4681733166191775,0.6426559071509603,1.2204302056910403,-0.5375389036940379,0
1.5287059425149885,0.0138863957124907,-0.3193238232566529,0.4989400325998128,-0.3013697918819543,1.2765332794800484,-0.8193831940055707,1.5622952725218715,0
-1.5868111243448242,-1.3801412041131702,-1.5837529218758504,-1.430976330905222,-0.3013697918819543,0.0087785348218723,1.2204302056910403,0.8623505471165683,0
1.1825373795305647,-1.4617428197127211,-1.3902883603384872,0.6320377128415394,0.8654337328552689,0.9595945933155045,-0.8193831940055707,-1.5874559918019926,0
1.5287059425149885,1.0339065907068776,0.9589241726152132,-0.4992925692131362,0.2820319704866573,0.3257172209864163,-0.8193831940055707,-1.237483629099341,1
1.1825373795305647,-0.9653329914821196,-1.0724537235271037,0.299293512237223,0.2820319704866573,1.2765332794800484,-0.8193831940055707,-1.237483629099341,0
-0.5483054353915534,0.1022881459453375,0.4407155256401321,-0.2996460488505464,1.4488354952238804,0.0087785348218723,-0.8193831940055707,0.1624058217112652,0
-0.894473998375977,1.1563090141062038,1.2560304635475923,0.565488872720676,0.2820319704866573,0.0087785348218723,-0.8193831940055707,-1.5874559918019926,0
-0.5483054353915534,0.4490950122434287,0.2265226182237656,0.4989400325998128,0.8654337328552689,-0.3081601513426716,-0.8193831940055707,-1.237483629099341,0
0.8363688165461411,1.2515108989723456,1.0902036965155666,0.2327446721163597,1.4488354952238804,1.5934719656445924,-0.8193831940055707,1.5622952725218715,1
-1.2406425613604006,-0.7885294910164262,-0.6371584600680358,-0.6323902494548628,-1.4681733166191775,-1.2589762098363035,1.2204302056910403,-1.237483629099341,0
-0.5483054353915534,-1.4753430889793129,-1.5146584356125063,1.6302703146544884,-0.3013697918819543,0.3257172209864163,-0.8193831940055707,1.5622952725218715,0
-0.5483054353915534,1.9655250354684164,1.6775068297539926,0.6320377128415394,-1.4681733166191775,-0.6250988375072156,-0.8193831940055707,1.5622952725218715,0
0.8363688165461411,0.9795055136405104,0.8691013404728651,0.0330981517537699,1.4488354952238804,-0.3081601513426716,-0.8193831940055707,-0.8875112663966895,1
-0.894473998375977,-1.386941338746466,-1.3488316685804804,-0.3661948889714096,0.2820319704866573,-0.3081601513426716,1.2204302056910403,1.21232290981922,0
1.5287059425149885,0.0206865303457865,-0.0083986350716048,0.6985865529624027,-1.4681733166191775,-1.5759148960008476,1.2204302056910403,-0.5375389036940379,0
1.5287059425149885,-0.584525452017549,-0.6924340490787112,-1.5640740111469489,-0.8847715542505659,-0.9420375236717596,-0.8193831940055707,1.5622952725218715,0
0.4902002535617175,-0.0337145467205801,0.1850659264657588,-0.4992925692131362,-0.3013697918819543,0.9595945933155045,1.2204302056910403,0.5123781844139168,0
0.1440316905772939,0.0954880113120417,0.3716210393767883,0.4323911924789496,0.8654337328552689,1.5934719656445924,-0.8193831940055707,1.5622952725218715,0
1.1825373795305647,-0.0405146813538765,0.0054202621810642,1.2975261140501722,-0.8847715542505659,1.2765332794800484,-0.8193831940055707,1.21232290981922,0
0.4902002535617175,0.7075001283086737,0.4752627687718047,0.4989400325998128,0.2820319704866573,0.6426559071509603,-0.8193831940055707,-0.8875112663966895,0
1.1825373795305647,-0.6593269329838043,-0.3815088608936625,-0.698939089575726,0.2820319704866573,0.6426559071509603,1.2204302056910403,-1.237483629099341,0
-0.2021368724071297,1.564317092103958,1.691325727006661,0.2327446721163597,1.4488354952238804,-1.2589762098363035,-0.8193831940055707,1.5622952725218715,0
0.1440316905772939,1.3263123799386014,1.2905777066792652,-1.4975251710260853,0.8654337328552689,-0.3081601513426716,1.2204302056910403,0.8623505471165683,0
0.8363688165461411,0.4490950122434287,0.1574281319604211,1.5637214745336252,0.2820319704866573,0.0087785348218723,-0.8193831940055707,-1.237483629099341,1
-0.5483054353915534,-1.760948743577741,-1.7150324457762045,0.0996469918746332,-0.8847715542505659,0.9595945933155045,1.2204302056910403,0.1624058217112652,0
-0.894473998375977,1.1631091487394996,1.3043966039319337,0.0330981517537699,-0.3013697918819543,-1.2589762098363035,1.2204302056910403,-0.5375389036940379,0
0.4902002535617175,-0.7817293563831305,-0.934264751000416,0.0996469918746332,0.2820319704866573,-1.2589762098363035,-0.8193831940055707,-1.237483629099341,0
0.4902002535617175,1.2311104950724585,1.1869359772842487,-1.963367051872128,-0.3013697918819543,-1.5759148960008476,-0.8193831940055707,0.5123781844139168,0
-1.2406425613604006,-0.8225301641829056,-0.5127883847940166,-0.8320367698174526,-1.4681733166191775,0.6426559071509603,-0.8193831940055707,1.5622952725218715,0
-0.2021368724071297,-1.8289500899107003,-1.6666663053918631,-0.4992925692131362,-0.8847715542505659,0.9595945933155045,1.2204302056910403,1.5622952725218715,0
-0.894473998375977,1.3467127838384887,1.566955651732642,-0.6323902494548628,0.2820319704866573,-1.2589762098363035,1.2204302056910403,-1.237483629099341,0
0.4902002535617175,-1.0605348763482627,-1.017178134516429,-2.8285019734433505,-1.4681733166191775,-1.2589762098363035,-0.8193831940055707,-1.237483629099341,0
0.4902002535617175,1.5779173613705495,1.4702233709639596,-0.0999995284879566,0.8654337328552689,-1.2589762098363035,1.2204302056910403,-0.5375389036940379,0
-0.2021368724071297,1.6731192462366926,1.4287666792059528,-1.8968182117512649,0.8654337328552689,0.6426559071509603,-0.8193831940055707,0.1624058217112652,0
-1.5868111243448242,1.108708071673132,1.23530211766859,0.299293512237223,0.8654337328552689,1.5934719656445924,-0.8193831940055707,0.5123781844139168,0
1.5287059425149885,1.564317092103958,1.4011288847006158,0.1661958319954964,-0.3013697918819543,-1.2589762098363035,1.2204302056910403,0.8623505471165683,1
-1.5868111243448242,0.2790916464110315,0.1228808888287492,0.4323911924789496,1.4488354952238804,-0.3081601513426716,1.2204302056910403,0.5123781844139168,0
1.1825373795305647,1.0067060521736932,0.8552824432201966,0.8316842332041292,0.8654337328552689,-1.2589762098363035,1.2204302056910403,-0.8875112663966895,1
-1.5868111243448242,1.0407067253401734,0.910558032230872,0.1661958319954964,0.2820319704866573,0.9595945933155045,1.2204302056910403,0.5123781844139168,0
-1.5868111243448242,1.0951078024065406,0.8898296863518692,0.6320377128415394,-1.4681733166191775,-0.3081601513426716,-0.8193831940055707,-0.5375389036940379,0
-1.2406425613604006,1.2923117067721217,1.2145737717895857,0.6320377128415394,-1.4681733166191775,0.3257172209864163,1.2204302056910403,0.1624058217112652,0
-0.2021368724071297,0.6870997244087852,0.7792785083305185,1.7633679948962149,0.8654337328552689,-0.3081601513426716,-0.8193831940055707,1.5622952725218715,1
0.8363688165461411,-0.1085160276868353,0.1159714402024149,-0.5658414093339995,0.2820319704866573,1.2765332794800484,1.2204302056910403,-0.8875112663966895,0
1.1825373795305647,-0.4689231632515186,-0.5404261792993543,-0.1665483686088198,0.8654337328552689,1.5934719656445924,1.2204302056910403,0.5123781844139168,0
-1.5868111243448242,0.7415008014751525,0.4338060770137979,-1.5640740111469489,-0.3013697918819543,0.9595945933155045,-0.8193831940055707,1.21232290981922,0
0.4902002535617175,-0.4553228939849265,-0.7891663298473933,-0.2996460488505464,-1.4681733166191775,1.2765332794800484,-0.8193831940055707,1.5622952725218715,0
-1.5868111243448242,-1.1081358187813335,-1.1553671070431166,-0.8320367698174526,0.2820319704866573,-0.3081601513426716,-0.8193831940055707,0.1624058217112652,0
1.5287059425149885,-1.3121398577802117,-1.493930089733503,0.299293512237223,-0.3013697918819543,1.2765332794800484,1.2204302056910403,-0.8875112663966895,0
-1.5868111243448242,0.0886878766787459,0.1919753750920931,-0.9651344500591792,-1.4681733166191775,0.0087785348218723,-0.8193831940055707,-0.8875112663966895,0
-0.894473998375977,1.339912649205193,1.3182155011846022,1.8299168350170785,0.8654337328552689,-0.6250988375072156,1.2204302056910403,0.1624058217112652,1
1.1825373795305647,1.149508879472908,1.0832942478892322,-1.0982321303009055,-1.4681733166191775,0.9595945933155045,1.2204302056910403,0.1624058217112652,0
0.1440316905772939,0.4014940698103571,0.4683533201454705,-1.8968182117512649,0.2820319704866573,-1.5759148960008476,1.2204302056910403,0.5123781844139168,0
-1.5868111243448242,0.2790916464110315,0.0330580566864019,-0.4992925692131362,-0.3013697918819543,-0.6250988375072156,1.2204302056910403,-0.5375389036940379,0
-0.2021368724071297,1.1903096872726826,0.9451052753625444,-1.0316832901800423,-0.8847715542505659,-1.2589762098363035,1.2204302056910403,-0.1875665409913863,0
-1.5868111243448242,-0.1969177779196821,0.1090619915760807,1.3640749541710353,-0.3013697918819543,-0.6250988375072156,-0.8193831940055707,0.8623505471165683,0
-1.5868111243448242,0.0614873381455623,-0.0222175323242733,0.3658423523580862,1.4488354952238804,0.9595945933155045,-0.8193831940055707,0.8623505471165683,0
0.1440316905772939,0.1838897615448884,-0.1120403644666206,-1.2313298105426322,0.2820319704866573,0.6426559071509603,1.2204302056910403,-1.237483629099341,0
-1.2406425613604006,-1.6793471279781904,-1.659756856765529,-1.3644274907843588,-0.8847715542505659,-0.6250988375072156,-0.8193831940055707,-1.237483629099341,0
1.5287059425149885,-0.6661270676171,-0.9411741996267502,0.9647819134458556,0.2820319704866573,0.9595945933155045,-0.8193831940055707,-0.1875665409913863,1
-1.5868111243448242,0.3946939351770613,0.5374478064088143,0.2327446721163597,-0.3013697918819543,-0.3081601513426716,-0.8193831940055707,1.5622952725218715,0
-1.5868111243448242,-1.0061337992818955,-0.8928080592424091,-0.3661948889714096,0.8654337328552689,-1.5759148960008476,-0.8193831940055707,-0.8875112663966895,0
-1.2406425613604006,1.1359086102063152,1.2283926690422555,0.0330981517537699,-0.3013697918819543,-0.6250988375072156,-0.8193831940055707,0.5123781844139168,0
-1.5868111243448242,0.0478870688789702,0.34398324487145,0.0996469918746332,-0.8847715542505659,-1.5759148960008476,-0.8193831940055707,0.1624058217112652,0
0.1440316905772939,-0.4689231632515186,-0.7477096380893865,0.6985865529624027,-0.8847715542505659,1.5934719656445924,1.2204302056910403,1.21232290981922,0
-1.2406425613604006,0.6870997244087852,0.5719950495404856,-1.2313298105426322,1.4488354952238804,-1.2589762098363035,-0.8193831940055707,-0.8875112663966895,0
-1.5868111243448242,-0.9585328568488238,-1.00335923726376,0.9647819134458556,1.4488354952238804,-1.2589762098363035,-0.8193831940055707,1.5622952725218715,0
-1.5868111243448242,-0.4009218169185592,-0.6924340490787112,-1.2313298105426322,1.4488354952238804,0.0087785348218723,-0.8193831940055707,0.1624058217112652,0
0.4902002535617175,1.4895156111377037,1.5600462031063065,-0.5658414093339995,-0.8847715542505659,0.9595945933155045,1.2204302056910403,0.8623505471165683,0
1.1825373795305647,-0.0269144120872844,-0.0774931213349487,-0.1665483686088198,-0.3013697918819543,1.2765332794800484,-0.8193831940055707,0.5123781844139168,0
-1.2406425613604006,1.659518976970101,1.4218572305796189,0.299293512237223,0.2820319704866573,-1.5759148960008476,-0.8193831940055707,0.8623505471165683,0
-0.894473998375977,-1.278139184613731,-1.459382846601831,-2.362660092597308,0.2820319704866573,0.6426559071509603,-0.8193831940055707,0.1624058217112652,0
0.1440316905772939,1.0271064560735803,1.0625659020102296,0.4989400325998128,-1.4681733166191775,0.0087785348218723,-0.8193831940055707,1.21232290981922,0
-0.5483054353915534,-1.482143223612609,-1.7426702402815422,-0.4992925692131362,0.2820319704866573,-0.3081601513426716,-0.8193831940055707,-1.237483629099341,0
1.5287059425149885,-0.8701311066159771,-1.134638761164114,-0.4327437290922729,-0.8847715542505659,0.3257172209864163,-0.8193831940055707,0.8623505471165683,0
1.5287059425149885,1.455514937971223,1.338943847063606,-0.3661948889714096,-0.3013697918819543,1.2765332794800484,-0.8193831940055707,-0.1875665409913863,1
0.4902002535617175,-1.0061337992818955,-0.7269812922103831,0.0330981517537699,1.4488354952238804,0.3257172209864163,-0.8193831940055707,-0.8875112663966895,0
-0.2021368724071297,1.7275203233030598,1.5116800627219664,-0.2330972087296831,-0.3013697918819543,1.2765332794800484,-0.8193831940055707,0.5123781844139168,0
0.8363688165461411,0.564697301009459,0.3578021421241197,1.1644284338084456,-0.3013697918819543,0.6426559071509603,-0.8193831940055707,-1.237483629099341,1
-0.5483054353915534,-1.8289500899107003,-1.7357607916552078,-0.5658414093339995,-1.4681733166191775,-1.5759148960008476,1.2204302056910403,0.1624058217112652,0
-1.5868111243448242,-1.366540934846579,-1.245189939185464,0.0330981517537699,-0.8847715542505659,0.9595945933155045,1.2204302056910403,1.5622952725218715,0
-0.5483054353915534,0.2722915117777352,0.4683533201454705,0.8982330733249925,1.4488354952238804,0.3257172209864163,-0.8193831940055707,0.5123781844139168,0
-1.2406425613604006,0.1430889537451133,-0.0153080836979391,1.4971726344127618,0.2820319704866573,0.9595945933155045,-0.8193831940055707,-0.8875112663966895,0
1.1825373795305647,0.9999059175403976,1.1523887341525765,1.0978795936875825,-1.4681733166191775,0.9595945933155045,-0.8193831940055707,0.8623505471165683,1
0.4902002535617175,-0.1493168354866111,-0.3745994122673282,0.765135393083266,1.4488354952238804,-0.3081601513426716,1.2204302056910403,0.5123781844139168,0
-0.894473998375977,-0.278519393519233,-0.1396781589719583,-1.430976330905222,-1.4681733166191775,0.6426559071509603,1.2204302056910403,0.1624058217112652,0
-0.5483054353915534,0.8707033595077757,0.9865619671205512,1.4971726344127618,0.2820319704866573,-1.2589762098363035,1.2204302056910403,-1.5874559918019926,1
0.4902002535617175,-0.8157300295496098,-1.044815929021767,0.8316842332041292,0.8654337328552689,-1.2589762098363035,-0.8193831940055707,-0.1875665409913863,0
-0.894473998375977,0.1566892230117048,0.0399675053127362,1.4971726344127618,-1.4681733166191775,1.5934719656445924,1.2204302056910403,1.5622952725218715,0
-1.2406425613604006,-1.4345422811795376,-1.452473397975497,0.0996469918746332,-0.3013697918819543,-0.6250988375072156,-0.8193831940055707,1.5622952725218715,0
0.8363688165461411,0.5782975702760518,0.5029005632771418,-0.9651344500591792,1.4488354952238804,0.0087785348218723,1.2204302056910403,0.5123781844139168,1
-1.5868111243448242,0.8231024170747041,0.9174674808572064,0.1661958319954964,-0.8847715542505659,1.5934719656445924,-0.8193831940055707,1.21232290981922,0
-1.2406425613604006,-0.0473148159871723,0.0883336456970773,1.5637214745336252,0.2820319704866573,-0.6250988375072156,1.2204302056910403,0.1624058217112652,0
-0.5483054353915534,1.6255183038036212,1.5185895113483008,0.8982330733249925,-0.3013697918819543,1.5934719656445924,1.2204302056910403,0.5123781844139168,1
0.1440316905772939,0.5782975702760518,0.9174674808572064,0.8316842332041292,0.2820319704866573,-1.2589762098363035,1.2204302056910403,-0.1875665409913863,1
1.1825373795305647,-1.08093528024815,-0.9964497886374256,1.2309772739293088,-0.8847715542505659,0.9595945933155045,-0.8193831940055707,-1.237483629099341,0
1.5287059425149885,-0.4009218169185592,-0.0705836727086144,-0.3661948889714096,-0.8847715542505659,0.9595945933155045,-0.8193831940055707,-0.5375389036940379,0
-1.5868111243448242,0.7415008014751525,0.5098100119034761,0.8982330733249925,0.2820319704866573,0.0087785348218723,-0.8193831940055707,-0.1875665409913863,1
1.1825373795305647,-0.8633309719826814,-0.6924340490787112,1.0978795936875825,0.8654337328552689,1.5934719656445924,-0.8193831940055707,-1.5874559918019926,1
1.5287059425149885,-0.0201142774539886,-0.1604065048509617,-0.7654879296965893,0.8654337328552689,1.5934719656445924,-0.8193831940055707,-1.237483629099341,0
1.5287059425149885,0.5306966278429802,0.3923493852557911,0.6320377128415394,1.4488354952238804,1.5934719656445924,-0.8193831940055707,0.8623505471165683,1
1.1825373795305647,-0.747728683216651,-0.4298750012780036,0.6320377128415394,0.8654337328552689,-0.9420375236717596,1.2204302056910403,-0.8875112663966895,0
-0.2021368724071297,-1.1353363573145174,-0.8237135729790652,0.565488872720676,-0.3013697918819543,0.9595945933155045,-0.8193831940055707,-0.1875665409913863,0
-1.2406425613604006,-0.7749292217498347,-0.9826308913847565,-0.1665483686088198,0.8654337328552689,-0.6250988375072156,-0.8193831940055707,0.8623505471165683,0
-0.2021368724071297,-0.6865274715169879,-0.3953277581463316,-2.2295624123555813,-0.8847715542505659,0.3257172209864163,1.2204302056910403,1.21232290981922,0
0.8363688165461411,-1.2101378382807726,-1.100091518032441,0.1661958319954964,-0.3013697918819543,-0.9420375236717596,-0.8193831940055707,-1.237483629099341,0
-0.894473998375977,-1.305339723146915,-1.328103322701477,1.1644284338084456,-0.8847715542505659,-0.3081601513426716,-0.8193831940055707,-1.5874559918019926,0
-1.2406425613604006,1.054306994606765,0.8760107890992007,0.2327446721163597,-0.3013697918819543,1.2765332794800484,1.2204302056910403,-1.237483629099341,0
1.5287059425149885,1.503115880404295,1.6153217921169818,-0.6323902494548628,-0.3013697918819543,-0.6250988375072156,1.2204302056910403,-1.237483629099341,1
-1.2406425613604006,-1.6725469933448942,-1.452473397975497,-1.0982321303009055,-0.3013697918819543,-1.2589762098363035,1.2204302056910403,1.21232290981922,0
0.8363688165461411,-0.9041317797824566,-0.9480836482530844,-0.2996460488505464,-1.4681733166191775,-0.3081601513426716,1.2204302056910403,-0.1875665409913863,0
-1.2406425613604006,-0.2717192588859373,-0.049855326829611,0.0996469918746332,0.2820319704866573,-0.3081601513426716,1.2204302056910403,-0.5375389036940379,0
1.1825373795305647,0.952304975107326,1.2905777066792652,0.9647819134458556,-1.4681733166191775,-0.6250988375072156,1.2204302056910403,-1.237483629099341,1
0.1440316905772939,0.1634893576450005,-0.0636742240822795,1.4971726344127618,-0.3013697918819543,-1.2589762098363035,1.2204302056910403,-0.8875112663966895,0
-0.2021368724071297,0.1634893576450005,0.4130777311347951,-0.0334506883670933,0.2820319704866573,-0.6250988375072156,1.2204302056910403,-0.5375389036940379,0
-1.2406425613604006,0.9047040326742544,0.6065422926721582,0.8316842332041292,0.2820319704866573,-1.5759148960008476,-0.8193831940055707,0.8623505471165683,1
0.8363688165461411,1.0203063214402848,1.007290312999554,1.1644284338084456,-0.8847715542505659,1.5934719656445924,-0.8193831940055707,1.5622952725218715,1
0.8363688165461411,1.1019079370398364,1.1109320423945706,0.0996469918746332,0.2820319704866573,0.6426559071509603,1.2204302056910403,1.5622952725218715,1
-0.894473998375977,0.0478870688789702,0.0468769539390705,0.765135393083266,0.8654337328552689,-1.5759148960008476,1.2204302056910403,1.21232290981922,0
-1.2406425613604006,-0.8089298949163141,-1.134638761164114,-0.4992925692131362,-0.3013697918819543,1.5934719656445924,-0.8193831940055707,-0.5375389036940379,0
-0.894473998375977,-0.7409285485833547,-0.6924340490787112,-0.8320367698174526,0.8654337328552689,-0.9420375236717596,-0.8193831940055707,0.8623505471165683,0
1.1825373795305647,-1.1285362226812217,-1.3557411172068148,2.029563355379668,0.8654337328552689,-0.9420375236717596,1.2204302056910403,1.21232290981922,1
0.8363688165461411,1.1223083409397236,1.3182155011846022,0.0330981517537699,0.2820319704866573,-0.9420375236717596,1.2204302056910403,0.1624058217112652,1
-0.5483054353915534,-1.849350493810588,-1.7357607916552078,-0.0999995284879566,-0.8847715542505659,0.3257172209864163,1.2204302056910403,1.21232290981922,0
-0.2021368724071297,-0.3941216822852634,-0.2778671314986466,-1.6971716913886752,0.2820319704866573,0.0087785348218723,-0.8193831940055707,1.21232290981922,0
-0.2021368724071297,0.5306966278429802,0.3163454503661129,0.765135393083266,0.2820319704866573,-0.9420375236717596,-0.8193831940055707,-0.1875665409913863,1
-1.2406425613604006,-0.3533208744854882,-0.4367844499043378,-0.1665483686088198,-0.8847715542505659,-1.5759148960008476,1.2204302056910403,-1.5874559918019926,0
0.4902002535617175,-1.2305382421806603,-0.9895403400110911,-0.2330972087296831,1.4488354952238804,1.2765332794800484,1.2204302056910403,1.5622952725218715,0
-0.2021368724071297,0.5442968971095717,0.2956171044871095,-0.3661948889714096,0.2820319704866573,-0.6250988375072156,1.2204302056910403,0.8623505471165683,0
1.1825373795305647,0.6666993205088979,0.4752627687718047,0.0330981517537699,0.2820319704866573,-0.6250988375072156,1.2204302056910403,-0.8875112663966895,1
-1.2406425613604006,-1.4209420119129454,-1.335012771327812,0.0330981517537699,0.2820319704866573,-0.9420375236717596,-0.8193831940055707,0.5123781844139168,0
0.1440316905772939,-0.8225301641829056,-0.9964497886374256,1.6302703146544884,0.2820319704866573,-0.9420375236717596,1.2204302056910403,1.21232290981922,0
-0.2021368724071297,1.564317092103958,1.5807745489853104,-1.1647809704217689,0.2820319704866573,1.5934719656445924,1.2204302056910403,0.1624058217112652,0
0.4902002535617175,-1.0061337992818955,-0.8513513674844029,0.6985865529624027,-1.4681733166191775,-0.3081601513426716,1.2204302056910403,0.1624058217112652,0
0.4902002535617175,0.5918978395426433,0.3854399366294568,-0.9651344500591792,-0.3013697918819543,1.2765332794800484,-0.8193831940055707,-1.5874559918019926,0
-0.894473998375977,-0.8361304334494978,-1.0655442749007695,-0.4992925692131362,0.8654337328552689,1.5934719656445924,-0.8193831940055707,-0.8875112663966895,0
0.4902002535617175,-0.2241183164528657,-0.3055049260039844,-0.9651344500591792,1.4488354952238804,0.0087785348218723,1.2204302056910403,-1.237483629099341,0
1.1825373795305647,-1.767748878211037,-1.4801111924808346,2.0961121955005315,-1.4681733166191775,0.6426559071509603,-0.8193831940055707,-0.5375389036940379,0
0.4902002535617175,-0.1017158930535396,0.1090619915760807,0.0996469918746332,-0.3013697918819543,-0.9420375236717596,-0.8193831940055707,0.5123781844139168,0
-1.5868111243448242,-1.6453464548117105,-1.4386545007228275,0.6320377128415394,0.2820319704866573,0.6426559071509603,-0.8193831940055707,0.1624058217112652,0
-1.5868111243448242,1.4759153418711106,1.64295958662232,0.3658423523580862,0.2820319704866573,0.6426559071509603,-0.8193831940055707,0.5123781844139168,0
-0.894473998375977,0.1974900308114806,-0.1189498130929549,0.4323911924789496,0.2820319704866573,-1.2589762098363035,1.2204302056910403,-0.5375389036940379,0
-0.894473998375977,-1.3529406655799865,-1.5630245759968475,-0.1665483686088198,1.4488354952238804,-0.6250988375072156,-0.8193831940055707,-0.1875665409913863,0
-1.2406425613604006,-1.2645389153471398,-1.3073749768224745,1.5637214745336252,0.8654337328552689,0.0087785348218723,-0.8193831940055707,-0.8875112663966895,0
-0.5483054353915534,-1.5229440314123843,-1.445563949349162,-0.4992925692131362,-0.3013697918819543,0.9595945933155045,-0.8193831940055707,0.1624058217112652,0
-0.5483054353915534,0.2518911078778479,0.5581761522878171,1.6968191547753515,-0.3013697918819543,0.3257172209864163,1.2204302056910403,0.1624058217112652,0
-0.5483054353915534,1.7275203233030598,1.5807745489853104,-1.0316832901800423,0.2820319704866573,-1.5759148960008476,-0.8193831940055707,-1.5874559918019926,0
-1.2406425613604006,-1.5229440314123843,-1.6804852026445325,-0.8985856099383158,-1.4681733166191775,0.6426559071509603,-0.8193831940055707,-0.8875112663966895,0
1.1825373795305647,1.3467127838384887,1.4149477819532843,-0.2996460488505464,-1.4681733166191775,0.3257172209864163,1.2204302056910403,1.21232290981922,0
-0.5483054353915534,1.373913322371673,1.242211566294924,-1.430976330905222,0.2820319704866573,0.0087785348218723,-0.8193831940055707,0.1624058217112652,0
-0.5483054353915534,0.1022881459453375,0.2334320668500999,-1.6971716913886752,1.4488354952238804,-0.3081601513426716,1.2204302056910403,1.21232290981922,0
1.5287059425149885,1.4691152072378149,1.2007548745369172,0.765135393083266,-0.8847715542505659,0.6426559071509603,-0.8193831940055707,1.5622952725218715,1
-1.5868111243448242,1.435114534071336,1.4702233709639596,-0.3661948889714096,0.2820319704866573,0.9595945933155045,1.2204302056910403,0.1624058217112652,0
1.5287059425149885,-0.5573249134843654,-0.4782411416623446,-0.0334506883670933,1.4488354952238804,1.2765332794800484,-0.8193831940055707,-1.5874559918019926,0
0.1440316905772939,-0.795329625649722,-0.6233395628153673,0.2327446721163597,0.2820319704866573,-1.2589762098363035,-0.8193831940055707,-1.237483629099341,0
0.4902002535617175,-0.2989197974191209,-0.4851505902886789,-0.0334506883670933,1.4488354952238804,-0.9420375236717596,1.2204302056910403,-1.5874559918019926,0
1.1825373795305647,-1.339340396313395,-1.3073749768224745,0.299293512237223,-1.4681733166191775,0.9595945933155045,1.2204302056910403,0.5123781844139168,0
1.5287059425149885,-1.162536895847701,-0.9895403400110911,-0.4992925692131362,1.4488354952238804,0.0087785348218723,1.2204302056910403,-0.5375389036940379,0
-1.2406425613604006,0.3810936659104698,0.3094360017397787,0.9647819134458556,-0.8847715542505659,0.3257172209864163,1.2204302056910403,1.5622952725218715,0
-0.2021368724071297,1.877123285235569,1.684416278380327,-0.8320367698174526,-0.8847715542505659,1.5934719656445924,1.2204302056910403,0.1624058217112652,0
1.5287059425149885,1.5235162843041825,1.4702233709639596,-0.1665483686088198,0.2820319704866573,-1.5759148960008476,-0.8193831940055707,0.8623505471165683,1
-1.5868111243448242,-0.4281223554517429,-0.616430114189033,-0.2330972087296831,-1.4681733166191775,-0.6250988375072156,1.2204302056910403,-0.5375389036940379,0
0.4902002535617175,0.9047040326742544,0.7378218165725117,-1.5640740111469489,-0.8847715542505659,1.5934719656445924,1.2204302056910403,-0.1875665409913863,0
0.4902002535617175,-1.6725469933448942,-1.6390285108865257,0.765135393083266,0.2820319704866573,-1.2589762098363035,-0.8193831940055707,0.1624058217112652,0
-1.5868111243448242,-0.4281223554517429,-0.167315953477296,-1.1647809704217689,-1.4681733166191775,-0.3081601513426716,-0.8193831940055707,-1.237483629099341,0
1.1825373795305647,-0.9109319144157524,-0.927355302374081,0.4323911924789496,-1.4681733166191775,1.5934719656445924,-0.8193831940055707,0.1624058217112652,0
1.1825373795305647,1.1019079370398364,1.3804005388216118,-0.1665483686088198,1.4488354952238804,0.0087785348218723,1.2204302056910403,-1.237483629099341,1
0.8363688165461411,1.4827154765044075,1.2698493608002612,0.6320377128415394,1.4488354952238804,0.6426559071509603,-0.8193831940055707,0.8623505471165683,1
-1.2406425613604006,1.4147141301714476,1.6498690352486542,-0.0334506883670933,-0.3013697918819543,-0.9420375236717596,1.2204302056910403,0.8623505471165683,0
0.8363688165461411,-0.8157300295496098,-0.8306230216053995,-1.430976330905222,1.4488354952238804,1.5934719656445924,-0.8193831940055707,0.8623505471165683,0
-0.2021368724071297,0.0478870688789702,-0.0982214672139521,-0.6323902494548628,-1.4681733166191775,0.3257172209864163,-0.8193831940055707,0.8623505471165683,0
0.8363688165461411,-0.795329625649722,-0.6786151518260426,-0.8320367698174526,0.8654337328552689,-0.3081601513426716,-0.8193831940055707,0.8623505471165683,0
0.8363688165461411,-0.1561169701199069,-0.250229336993309,0.1661958319954964,0.8654337328552689,0.3257172209864163,1.2204302056910403,-1.237483629099341,0
-1.5868111243448242,1.1903096872726826,1.0694753506365635,-0.7654879296965893,0.8654337328552689,-0.3081601513426716,1.2204302056910403,-0.1875665409913863,0
-0.5483054353915534,-1.3461405309466907,-1.4248356034701593,-1.4975251710260853,-0.8847715542505659,0.3257172209864163,-0.8193831940055707,-0.8875112663966895,0
-0.5483054353915534,-1.652146589445007,-1.5008395383598374,0.299293512237223,1.4488354952238804,-1.5759148960008476,1.2204302056910403,1.21232290981922,0
0.1440316905772939,-1.1897374343808846,-1.4386545007228275,0.765135393083266,-0.8847715542505659,-1.5759148960008476,1.2204302056910403,1.5622952725218715,0
-0.2021368724071297,0.7415008014751525,0.7516407138251803,-0.1665483686088198,0.8654337328552689,0.6426559071509603,-0.8193831940055707,-0.5375389036940379,0
1.1825373795305647,-0.2513188549860494,-0.4091466553990002,0.9647819134458556,-0.3013697918819543,-0.9420375236717596,-0.8193831940055707,-0.5375389036940379,1
0.1440316905772939,0.9319045712074387,0.9243769294835406,0.6985865529624027,0.8654337328552689,0.3257172209864163,1.2204302056910403,-0.8875112663966895,0
0.1440316905772939,-0.6321263944506206,-0.7269812922103831,0.6320377128415394,0.8654337328552689,1.5934719656445924,-0.8193831940055707,0.1624058217112652,0
0.8363688165461411,1.210710091172571,1.5047706140956325,-0.698939089575726,1.4488354952238804,1.2765332794800484,1.2204302056910403,1.5622952725218715,1
-1.2406425613604006,0.9591051097406218,0.6618178816828335,1.0313307535667189,-0.3013697918819543,0.3257172209864163,1.2204302056910403,-1.237483629099341,1
0.1440316905772939,1.7683211311028355,1.6360501379959858,-1.3644274907843588,-1.4681733166191775,0.3257172209864163,-0.8193831940055707,0.1624058217112652,0
1.1825373795305647,0.0954880113120417,-0.0014891864452699,0.1661958319954964,0.8654337328552689,0.6426559071509603,1.2204302056910403,0.8623505471165683,0
-0.2021368724071297,-0.6729272022503958,-0.5749734224310262,-0.0999995284879566,-0.8847715542505659,0.0087785348218723,1.2204302056910403,-0.5375389036940379,0
-0.894473998375977,-1.121736088047926,-1.127729312537779,-0.1665483686088198,-0.8847715542505659,-0.6250988375072156,-0.8193831940055707,-1.237483629099341,0
-0.5483054353915534,0.2654913771444394,0.2265226182237656,-0.1665483686088198,-0.8847715542505659,-0.6250988375072156,-0.8193831940055707,0.1624058217112652,0
0.1440316905772939,0.9999059175403976,0.76545961107785,-0.4992925692131362,-1.4681733166191775,-0.6250988375072156,1.2204302056910403,0.5123781844139168,0
0.8363688165461411,-0.1493168354866111,0.1574281319604211,1.7633679948962149,0.8654337328552689,-1.5759148960008476,-0.8193831940055707,-0.5375389036940379,1
-0.2021368724071297,1.5779173613705495,1.359672192942609,-0.8985856099383158,-0.3013697918819543,1.2765332794800484,-0.8193831940055707,-1.237483629099341,0
1.5287059425149885,0.7959018785415198,0.6341800871774953,1.4971726344127618,0.8654337328552689,-0.9420375236717596,-0.8193831940055707,-1.5874559918019926,1
0.1440316905772939,-1.2101378382807726,-1.4248356034701593,1.4971726344127618,-0.8847715542505659,-1.2589762098363035,1.2204302056910403,0.1624058217112652,0
-0.2021368724071297,1.435114534071336,1.3043966039319337,1.2309772739293088,-0.3013697918819543,0.3257172209864163,-0.8193831940055707,1.21232290981922,1
1.1825373795305647,-0.0201142774539886,0.1505186833340869,0.4323911924789496,-1.4681733166191775,1.5934719656445924,-0.8193831940055707,0.8623505471165683,0
0.1440316905772939,0.6802995897754894,0.7723690597041842,-1.6971716913886752,-0.8847715542505659,-0.6250988375072156,1.2204302056910403,-1.5874559918019926,0
1.1825373795305647,1.210710091172571,1.1109320423945706,-1.1647809704217689,-0.3013697918819543,-0.9420375236717596,-0.8193831940055707,1.21232290981922,1
-0.5483054353915534,-0.9245321836823444,-0.9549930968794188,-0.2996460488505464,-0.8847715542505659,-0.9420375236717596,-0.8193831940055707,-1.237483629099341,0
0.8363688165461411,-1.3325402616800988,-1.1622765556694516,-0.8320367698174526,0.2820319704866573,-0.3081601513426716,1.2204302056910403,1.5622952725218715,0
-0.5483054353915534,-1.407341742646354,-1.7150324457762045,-0.9651344500591792,1.4488354952238804,1.2765332794800484,-0.8193831940055707,-1.237483629099341,0
-0.894473998375977,-0.795329625649722,-0.8997175078687434,-1.4975251710260853,0.2820319704866573,1.2765332794800484,-0.8193831940055707,1.5622952725218715,0
0.8363688165461411,0.5170963585763875,0.2748887586081061,0.8316842332041292,-0.3013697918819543,-1.5759148960008476,1.2204302056910403,1.5622952725218715,1
-1.2406425613604006,-1.0469346070816703,-0.7546190867157208,0.299293512237223,0.8654337328552689,-0.9420375236717596,-0.8193831940055707,0.5123781844139168,0
-0.2021368724071297,0.5442968971095717,0.4614438715191349,-0.9651344500591792,0.8654337328552689,1.5934719656445924,-0.8193831940055707,-0.5375389036940379,0
-1.2406425613604006,-1.52974416604568,-1.694304099897201,0.3658423523580862,1.4488354952238804,-0.3081601513426716,-0.8193831940055707,-1.237483629099341,0
1.5287059425149885,0.7006999936753779,0.6134517412984924,0.765135393083266,0.2820319704866573,-1.2589762098363035,-0.8193831940055707,0.1624058217112652,1
0.4902002535617175,-0.3465207398521925,-0.5887923196836954,-0.0334506883670933,-0.3013697918819543,-1.5759148960008476,-0.8193831940055707,0.5123781844139168,0
1.1825373795305647,1.2311104950724585,0.9865619671205512,0.3658423523580862,0.8654337328552689,0.0087785348218723,-0.8193831940055707,-1.5874559918019926,1
0.8363688165461411,0.9047040326742544,0.8691013404728651,-0.0999995284879566,0.8654337328552689,0.3257172209864163,-0.8193831940055707,-1.237483629099341,1
0.4902002535617175,-0.8225301641829056,-1.0240875831427632,0.4323911924789496,1.4488354952238804,-1.5759148960008476,1.2204302056910403,0.8623505471165683,0
1.1825373795305647,0.5102962239430917,0.4752627687718047,-0.7654879296965893,1.4488354952238804,0.6426559071509603,-0.8193831940055707,0.1624058217112652,1
0.8363688165461411,0.1770896269115927,0.2748887586081061,1.8964656751379412,1.4488354952238804,-0.3081601513426716,-0.8193831940055707,0.1624058217112652,1
-0.5483054353915534,0.0818877420454502,0.3578021421241197,0.3658423523580862,-0.8847715542505659,0.0087785348218723,1.2204302056910403,-0.8875112663966895,0
0.8363688165461411,-0.9177320490490488,-1.044815929021767,-0.4992925692131362,1.4488354952238804,-1.5759148960008476,1.2204302056910403,-1.5874559918019926,0
1.1825373795305647,-0.6865274715169879,-0.968811994132088,-0.2330972087296831,0.8654337328552689,0.6426559071509603,1.2204302056910403,1.21232290981922,0
1.5287059425149885,-1.11493595341463,-1.0862726207797728,0.0996469918746332,-1.4681733166191775,-1.2589762098363035,-0.8193831940055707,0.1624058217112652,0
-1.5868111243448242,0.8163022824414083,0.7032745734408403,-0.6323902494548628,1.4488354952238804,1.5934719656445924,1.2204302056910403,1.5622952725218715,0
1.5287059425149885,-0.0609150852537638,0.1436092347077526,-1.2313298105426322,0.2820319704866573,0.9595945933155045,-0.8193831940055707,0.5123781844139168,0
1.1825373795305647,-0.6321263944506206,-0.9204458537477468,-1.1647809704217689,-0.8847715542505659,-0.9420375236717596,-0.8193831940055707,-1.237483629099341,0
1.5287059425149885,-0.938132452948936,-0.7891663298473933,1.430623794291899,-0.8847715542505659,-0.3081601513426716,1.2204302056910403,1.5622952725218715,0
-0.5483054353915534,1.2039099565392752,1.076384799262898,0.8982330733249925,1.4488354952238804,-1.5759148960008476,-0.8193831940055707,-1.237483629099341,1
-1.5868111243448242,-0.441722624718335,-0.4713316930360104,0.1661958319954964,0.8654337328552689,-0.6250988375072156,1.2204302056910403,-0.5375389036940379,0
1.1825373795305647,-1.4413424158128334,-1.659756856765529,-0.6323902494548628,-1.4681733166191775,1.5934719656445924,-0.8193831940055707,-0.5375389036940379,0
-0.2021368724071297,0.6122982434425306,0.9243769294835406,1.4971726344127618,0.8654337328552689,-1.2589762098363035,-0.8193831940055707,0.1624058217112652,1
-1.2406425613604006,1.4283143994380405,1.3527627443162749,0.3658423523580862,1.4488354952238804,0.0087785348218723,-0.8193831940055707,1.5622952725218715,0
-1.2406425613604006,-1.278139184613731,-1.141548209790448,0.8316842332041292,1.4488354952238804,1.5934719656445924,1.2204302056910403,1.5622952725218715,0
-1.2406425613604006,0.3946939351770613,0.6341800871774953,1.6302703146544884,0.2820319704866573,-0.6250988375072156,-0.8193831940055707,-1.237483629099341,1
1.5287059425149885,0.4150943390769498,0.3370737962451157,-1.0316832901800423,-0.3013697918819543,-1.2589762098363035,-0.8193831940055707,-0.5375389036940379,1
-1.2406425613604006,0.3878938005437656,0.0952430943234115,-0.9651344500591792,0.2820319704866573,-0.3081601513426716,-0.8193831940055707,1.5622952725218715,0
-0.2021368724071297,-0.0133141428206928,-0.2433198883669747,-1.6306228512678118,0.2820319704866573,-0.3081601513426716,-0.8193831940055707,1.5622952725218715,0
0.8363688165461411,-1.5705449738454558,-1.376469463085818,0.6320377128415394,-1.4681733166191775,1.2765332794800484,1.2204302056910403,-0.5375389036940379,0
0.1440316905772939,0.9047040326742544,1.1385698368999075,0.0330981517537699,0.8654337328552689,-0.9420375236717596,-0.8193831940055707,0.1624058217112652,0
-1.2406425613604006,1.8091219389026103,1.5807745489853104,-1.2978786506634954,-0.3013697918819543,-0.6250988375072156,-0.8193831940055707,-0.5375389036940379,0
1.5287059425149885,-0.3873215476519677,-0.0705836727086144,-2.163013572234718,-0.8847715542505659,1.2765332794800484,1.2204302056910403,-0.8875112663966895,0
0.1440316905772939,0.986305648273806,1.166207631405246,-2.0964647321138545,-0.3013697918819543,-0.3081601513426716,-0.8193831940055707,-0.5375389036940379,0
-0.2021368724071297,0.7755014746416325,0.6963651248145049,-0.9651344500591792,-0.8847715542505659,-1.2589762098363035,-0.8193831940055707,1.21232290981922,0
-1.2406425613604006,-0.1629171047532026,0.1643375805867554,-1.1647809704217689,-1.4681733166191775,-1.2589762098363035,1.2204302056910403,-1.5874559918019926,0
-1.5868111243448242,1.0679072638733564,0.8000068542095213,-2.163013572234718,0.2820319704866573,-1.2589762098363035,-0.8193831940055707,-1.5874559918019926,0
-0.2021368724071297,0.6326986473424191,0.3785304880031225,0.0330981517537699,-0.3013697918819543,0.3257172209864163,1.2204302056910403,-0.5375389036940379,0
-0.5483054353915534,-0.1969177779196821,-0.4575127957833412,-0.0999995284879566,0.8654337328552689,1.2765332794800484,-0.8193831940055707,0.1624058217112652,0
-1.2406425613604006,-1.1557367612144052,-1.0724537235271037,-0.7654879296965893,-0.8847715542505659,0.3257172209864163,1.2204302056910403,-0.5375389036940379,0
0.1440316905772939,-1.244138511447252,-1.252099387811799,1.2975261140501722,-1.4681733166191775,0.9595945933155045,1.2204302056910403,0.8623505471165683,0
0.1440316905772939,-1.11493595341463,-1.2866466309434708,0.4989400325998128,-1.4681733166191775,-0.3081601513426716,-0.8193831940055707,-0.1875665409913863,0
-1.2406425613604006,-1.0741351456148542,-1.41101670621749,1.8964656751379412,0.2820319704866573,-0.3081601513426716,-0.8193831940055707,0.8623505471165683,0
0.8363688165461411,-0.9993336646485996,-0.8237135729790652,0.1661958319954964,0.2820319704866573,-0.9420375236717596,1.2204302056910403,0.1624058217112652,0
1.5287059425149885,0.5238964932096845,0.5581761522878171,1.0313307535667189,-1.4681733166191775,0.9595945933155045,-0.8193831940055707,1.5622952725218715,1
-0.894473998375977,-1.5025436275124964,-1.611390716381188,0.565488872720676,-0.3013697918819543,0.6426559071509603,1.2204302056910403,-1.237483629099341,0
1.1825373795305647,-0.7545288178499467,-0.4920600389150132,0.3658423523580862,0.8654337328552689,1.5934719656445924,-0.8193831940055707,-0.5375389036940379,0
-1.2406425613604006,-0.3193202013190088,-0.0913120185876172,-0.2330972087296831,-0.8847715542505659,-0.3081601513426716,-0.8193831940055707,-1.5874559918019926,0
-0.894473998375977,0.3470929927439898,0.53053835778248,0.9647819134458556,-0.8847715542505659,0.0087785348218723,1.2204302056910403,-0.5375389036940379,0
1.5287059425149885,1.543916688204071,1.4702233709639596,0.6985865529624027,-0.8847715542505659,-0.6250988375072156,-0.8193831940055707,1.5622952725218715,0
0.1440316905772939,-0.1697172393864984,0.0399675053127362,0.4323911924789496,-1.4681733166191775,-0.6250988375072156,-0.8193831940055707,-0.5375389036940379,0
-0.5483054353915534,0.2586912425111436,-0.0291269809506076,-0.8985856099383158,-0.8847715542505659,0.6426559071509603,-0.8193831940055707,-1.237483629099341,0
0.8363688165461411,-0.8837313758825687,-1.0309970317690975,1.3640749541710353,-0.8847715542505659,-0.6250988375072156,-0.8193831940055707,-0.8875112663966895,0
0.8363688165461411,1.462315072604519,1.601502894864313,-1.0316832901800423,0.2820319704866573,-0.3081601513426716,1.2204302056910403,-0.8875112663966895,1
-0.2021368724071297,0.4422948776101329,0.7516407138251803,0.6320377128415394,0.2820319704866573,0.6426559071509603,-0.8193831940055707,1.21232290981922,0
0.1440316905772939,1.0203063214402848,1.0971131451419007,-0.2330972087296831,0.8654337328552689,-1.5759148960008476,1.2204302056910403,-1.237483629099341,0
1.5287059425149885,-0.1425167008533148,-0.0429458782032767,-0.2996460488505464,-0.3013697918819543,0.3257172209864163,1.2204302056910403,-1.5874559918019926,0
-0.5483054353915534,1.0475068599734692,1.1869359772842487,-0.7654879296965893,1.4488354952238804,0.0087785348218723,-0.8193831940055707,0.1624058217112652,0
-0.894473998375977,0.0342867996123786,0.0537864025654053,-0.8985856099383158,-1.4681733166191775,-1.5759148960008476,-0.8193831940055707,0.8623505471165683,0
0.1440316905772939,1.367113187738376,1.2698493608002612,-0.698939089575726,0.8654337328552689,1.2765332794800484,-0.8193831940055707,-0.8875112663966895,0
-1.5868111243448242,0.1770896269115927,-0.0429458782032767,0.1661958319954964,-1.4681733166191775,0.3257172209864163,1.2204302056910403,-0.8875112663966895,0
1.5287059425149885,-0.0473148159871723,-0.1120403644666206,0.9647819134458556,-0.3013697918819543,0.9595945933155045,-0.8193831940055707,1.5622952725218715,1
1.5287059425149885,-0.5029238364179981,-0.2571387856196432,0.4323911924789496,-0.3013697918819543,-0.6250988375072156,-0.8193831940055707,0.8623505471165683,0
0.4902002535617175,-0.1221162969534275,-0.333142720509322,-1.1647809704217689,0.8654337328552689,-1.2589762098363035,-0.8193831940055707,1.21232290981922,0
-1.2406425613604006,-1.8289500899107003,-1.528477332865175,0.2327446721163597,-0.8847715542505659,0.9595945933155045,1.2204302056910403,0.5123781844139168,0
-1.2406425613604006,-1.2509386460805478,-1.3902883603384872,-1.8968182117512649,-0.3013697918819543,-0.6250988375072156,-0.8193831940055707,0.1624058217112652,0
-1.2406425613604006,-1.611345781645231,-1.328103322701477,0.8982330733249925,1.4488354952238804,-1.5759148960008476,-0.8193831940055707,1.21232290981922,0
0.8363688165461411,0.23149070397796,0.2127037209710965,0.4989400325998128,0.8654337328552689,0.6426559071509603,-0.8193831940055707,0.8623505471165683,0
0.4902002535617175,0.8095021478081126,0.6756367789355021,1.430623794291899,0.2820319704866573,0.9595945933155045,1.2204302056910403,-1.237483629099341,1
-0.5483054353915534,1.061107129240061,0.9243769294835406,-0.4992925692131362,0.2820319704866573,-1.2589762098363035,1.2204302056910403,-0.5375389036940379,0
1.1825373795305647,-1.339340396313395,-1.044815929021767,0.4323911924789496,0.2820319704866573,-0.6250988375072156,-0.8193831940055707,-0.8875112663966895,0
0.8363688165461411,-1.407341742646354,-1.2037332474274578,0.4989400325998128,0.8654337328552689,0.6426559071509603,1.2204302056910403,1.21232290981922,0
-1.5868111243448242,0.1770896269115927,0.0123297108073985,-0.698939089575726,0.2820319704866573,0.9595945933155045,-0.8193831940055707,0.5123781844139168,0
-0.2021368724071297,1.7547208618362429,1.5876839976116446,-0.9651344500591792,0.8654337328552689,1.5934719656445924,1.2204302056910403,-0.1875665409913863,0
-0.894473998375977,0.3470929927439898,0.3578021421241197,-0.6323902494548628,0.2820319704866573,1.5934719656445924,-0.8193831940055707,-1.5874559918019926,0
-0.2021368724071297,-0.054114950620468,-0.0429458782032767,0.9647819134458556,-0.8847715542505659,-0.3081601513426716,-0.8193831940055707,-1.5874559918019926,0
1.1825373795305647,-0.6253262598173243,-0.8513513674844029,0.0996469918746332,0.2820319704866573,0.0087785348218723,1.2204302056910403,-0.8875112663966895,0
-1.2406425613604006,-1.4141418772796497,-1.1691860042957858,1.6302703146544884,0.8654337328552689,0.3257172209864163,-0.8193831940055707,-0.8875112663966895,0
1.5287059425149885,0.7823016092749283,0.813825751462191,-0.2996460488505464,1.4488354952238804,0.6426559071509603,1.2204302056910403,-0.1875665409913863,1
-0.2021368724071297,1.081507533139948,0.9520147239888788,1.1644284338084456,-1.4681733166191775,-0.9420375236717596,-0.8193831940055707,0.1624058217112652,0
1.5287059425149885,0.9591051097406218,0.9174674808572064,-1.4975251710260853,1.4488354952238804,-0.3081601513426716,1.2204302056910403,-0.8875112663966895,1
0.8363688165461411,1.2923117067721217,1.007290312999554,0.1661958319954964,0.2820319704866573,-1.5759148960008476,1.2204302056910403,-1.237483629099341,1
0.8363688165461411,-1.2509386460805478,-1.3488316685804804,0.0330981517537699,0.2820319704866573,0.9595945933155045,1.2204302056910403,0.8623505471165683,0
-1.5868111243448242,-0.5913255866508448,-0.4920600389150132,1.430623794291899,1.4488354952238804,-0.9420375236717596,1.2204302056910403,1.21232290981922,0
-0.5483054353915534,1.0271064560735803,1.1869359772842487,0.6320377128415394,0.2820319704866573,-0.6250988375072156,-0.8193831940055707,-1.5874559918019926,0
-0.5483054353915534,0.1770896269115927,0.2403415154764342,0.6320377128415394,-0.8847715542505659,0.3257172209864163,-0.8193831940055707,0.5123781844139168,0
-0.894473998375977,0.2382908386112558,-0.0913120185876172,0.8982330733249925,-0.8847715542505659,1.5934719656445924,1.2204302056910403,-0.8875112663966895,0
-0.5483054353915534,1.0951078024065406,1.0556564533838952,0.765135393083266,-0.8847715542505659,0.9595945933155045,1.2204302056910403,-0.8875112663966895,0
-0.894473998375977,-0.360121009118784,-0.1396781589719583,-0.0334506883670933,-1.4681733166191775,-0.9420375236717596,1.2204302056910403,0.8623505471165683,0
0.4902002535617175,-1.706547666511374,-1.7150324457762045,0.0996469918746332,1.4488354952238804,-1.5759148960008476,1.2204302056910403,0.5123781844139168,0
1.1825373795305647,-1.6793471279781904,-1.5215678842388407,-0.0999995284879566,-1.4681733166191775,-1.5759148960008476,-0.8193831940055707,-0.8875112663966895,0
0.4902002535617175,-0.0609150852537638,-0.2087726452353022,0.8316842332041292,0.2820319704866573,0.9595945933155045,1.2204302056910403,1.21232290981922,0
-0.5483054353915534,-1.4617428197127211,-1.2106426960537922,1.430623794291899,1.4488354952238804,-0.9420375236717596,1.2204302056910403,0.5123781844139168,0
-0.5483054353915534,0.7891017439082241,0.7723690597041842,1.6302703146544884,0.2820319704866573,-0.6250988375072156,1.2204302056910403,-0.8875112663966895,1
1.1825373795305647,-0.3805214130186719,-0.3953277581463316,-2.2961112524764444,1.4488354952238804,0.6426559071509603,1.2204302056910403,-1.5874559918019926,0
-0.2021368724071297,0.7959018785415198,0.6618178816828335,-0.8320367698174526,0.2820319704866573,1.5934719656445924,-0.8193831940055707,-1.237483629099341,0
-0.894473998375977,-0.604925855917437,-0.7200718435840489,-0.8320367698174526,-1.4681733166191775,-1.2589762098363035,-0.8193831940055707,0.5123781844139168,0
1.1825373795305647,0.9931057829071018,1.193845425910583,1.3640749541710353,-0.3013697918819543,0.0087785348218723,-0.8193831940055707,1.5622952725218715,1
0.8363688165461411,-1.1421364919478136,-1.245189939185464,-1.0982321303009055,-1.4681733166191775,0.6426559071509603,1.2204302056910403,0.8623505471165683,0
-1.2406425613604006,-1.5365443006789763,-1.5422962301178442,1.2975261140501722,-0.8847715542505659,-0.9420375236717596,1.2204302056910403,0.8623505471165683,0
-1.2406425613604006,-1.339340396313395,-1.5077489869861722,-0.0999995284879566,1.4488354952238804,-0.6250988375072156,1.2204302056910403,0.5123781844139168,0
0.4902002535617175,-1.4889433582459048,-1.7357607916552078,-0.6323902494548628,-1.4681733166191775,0.0087785348218723,-0.8193831940055707,0.5123781844139168,0
0.8363688165461411,0.7959018785415198,1.1316603882735734,-1.8968182117512649,0.8654337328552689,-1.5759148960008476,-0.8193831940055707,-0.5375389036940379,1
0.4902002535617175,0.5170963585763875,0.7516407138251803,-0.3661948889714096,0.2820319704866573,0.9595945933155045,-0.8193831940055707,0.1624058217112652,0
1.5287059425149885,-0.1153161623201311,0.1574281319604211,-1.2978786506634954,0.8654337328552689,1.2765332794800484,-0.8193831940055707,1.21232290981922,0
0.1440316905772939,0.7006999936753779,0.6341800871774953,-0.1665483686088198,-0.3013697918819543,-1.2589762098363035,-0.8193831940055707,-1.5874559918019926,0
-1.2406425613604006,-0.6865274715169879,-0.8098946757263961,-0.6323902494548628,0.8654337328552689,1.5934719656445924,-0.8193831940055707,-0.5375389036940379,0
0.4902002535617175,1.4895156111377037,1.4149477819532843,-0.3661948889714096,0.2820319704866573,1.2765332794800484,-0.8193831940055707,-0.8875112663966895,0
-0.5483054353915534,0.4490950122434287,0.2334320668500999,-1.2313298105426322,-0.8847715542505659,0.0087785348218723,1.2204302056910403,-0.1875665409913863,0
-0.5483054353915534,1.0747073985066522,0.8967391349782035,0.0996469918746332,-0.3013697918819543,0.6426559071509603,-0.8193831940055707,0.1624058217112652,0
1.5287059425149885,-0.0949157584202438,0.1643375805867554,-1.3644274907843588,1.4488354952238804,1.2765332794800484,-0.8193831940055707,1.5622952725218715,0
0.1440316905772939,0.4966959546765002,0.6687273303091679,0.299293512237223,0.8654337328552689,0.9595945933155045,-0.8193831940055707,-0.5375389036940379,0
1.1825373795305647,-0.2649191242526415,-0.6095206655626981,-0.5658414093339995,-0.8847715542505659,-0.6250988375072156,-0.8193831940055707,-1.5874559918019926,0
-0.2021368724071297,0.2858917810443273,0.081424197070743,-1.0316832901800423,1.4488354952238804,0.0087785348218723,-0.8193831940055707,0.1624058217112652,0
1.1825373795305647,0.727900532208561,0.7516407138251803,-0.3661948889714096,0.2820319704866573,-0.9420375236717596,-0.8193831940055707,-0.8875112663966895,1
1.1825373795305647,-0.8837313758825687,-0.6647962545733734,-0.8320367698174526,0.8654337328552689,0.9595945933155045,-0.8193831940055707,-0.5375389036940379,0
-0.894473998375977,0.007086261079195,-0.1742254021036302,-0.2330972087296831,-0.8847715542505659,0.9595945933155045,-0.8193831940055707,0.5123781844139168,0
-0.894473998375977,0.6734994551421937,0.9589241726152132,0.3658423523580862,-1.4681733166191775,-0.3081601513426716,1.2204302056910403,-1.237483629099341,0
-0.2021368724071297,0.503496089309796,0.5167194605298103,-2.628855453080761,-0.3013697918819543,-0.3081601513426716,-0.8193831940055707,-0.8875112663966895,0
-1.2406425613604006,1.3263123799386014,1.4978611654692968,1.4971726344127618,1.4488354952238804,-1.2589762098363035,-0.8193831940055707,0.1624058217112652,1
1.5287059425149885,1.543916688204071,1.297487155305599,-0.3661948889714096,0.2820319704866573,-1.5759148960008476,-0.8193831940055707,1.5622952725218715,1
1.1825373795305647,-0.3805214130186719,-0.3815088608936625,0.4323911924789496,-1.4681733166191775,-1.5759148960008476,-0.8193831940055707,-0.8875112663966895,0
-0.5483054353915534,-0.0949157584202438,-0.2985954773776501,0.299293512237223,-0.8847715542505659,0.0087785348218723,-0.8193831940055707,0.1624058217112652,0
-0.5483054353915534,-0.9041317797824566,-1.00335923726376,-2.562306612959897,1.4488354952238804,0.9595945933155045,1.2204302056910403,0.5123781844139168,0
-1.5868111243448242,1.339912649205193,1.0832942478892322,2.0961121955005315,-0.8847715542505659,0.0087785348218723,-0.8193831940055707,-1.237483629099341,0
0.1440316905772939,-0.8021297602830183,-1.0517253776481008,0.6985865529624027,-1.4681733166191775,-0.6250988375072156,1.2204302056910403,1.21232290981922,0
1.5287059425149885,-0.9041317797824566,-0.8306230216053995,0.1661958319954964,0.8654337328552689,0.3257172209864163,-0.8193831940055707,0.5123781844139168,0
1.5287059425149885,-0.8429305680827935,-1.17609545292212,1.2975261140501722,-0.8847715542505659,1.2765332794800484,-0.8193831940055707,-0.8875112663966895,0
-0.5483054353915534,0.2450909732445515,0.4476249742664664,1.2309772739293088,0.2820319704866573,0.9595945933155045,1.2204302056910403,1.21232290981922,0
-1.5868111243448242,-0.4213222208184471,-0.4298750012780036,1.6302703146544884,-1.4681733166191775,0.6426559071509603,1.2204302056910403,-1.237483629099341,0
-0.5483054353915534,0.4898958200432045,0.7585501624515157,-0.0334506883670933,0.8654337328552689,1.5934719656445924,-0.8193831940055707,-1.5874559918019926,0
0.1440316905772939,-1.468542954346017,-1.6804852026445325,-0.2330972087296831,-0.8847715542505659,1.5934719656445924,-0.8193831940055707,0.1624058217112652,0
0.4902002535617175,0.2994920503109188,0.3163454503661129,-0.4992925692131362,1.4488354952238804,-0.3081601513426716,-0.8193831940055707,1.5622952725218715,0
-0.2021368724071297,0.1974900308114806,0.5029005632771418,0.1661958319954964,-0.8847715542505659,-0.6250988375072156,-0.8193831940055707,-1.5874559918019926,0
-1.2406425613604006,-1.0877354148814464,-1.3833789117121524,0.4989400325998128,1.4488354952238804,-0.9420375236717596,1.2204302056910403,-0.1875665409913863,0
-0.894473998375977,0.6326986473424191,0.7309123679461774,-0.3661948889714096,0.8654337328552689,1.2765332794800484,-0.8193831940055707,0.5123781844139168,0
-0.894473998375977,0.7143002629419695,0.5029005632771418,1.3640749541710353,0.8654337328552689,-0.6250988375072156,1.2204302056910403,0.8623505471165683,1
0.1440316905772939,-0.4825234325181102,-0.2364104397406398,0.0330981517537699,0.2820319704866573,-0.3081601513426716,-0.8193831940055707,1.5622952725218715,0
-0.5483054353915534,1.176709418006091,1.4425855764586215,-1.3644274907843588,-0.8847715542505659,-0.9420375236717596,1.2204302056910403,0.5123781844139168,0
-0.894473998375977,-0.5777253173842533,-0.7131623949577146,-0.698939089575726,-0.8847715542505659,0.0087785348218723,-0.8193831940055707,0.1624058217112652,0
1.1825373795305647,1.210710091172571,1.2905777066792652,0.4989400325998128,1.4488354952238804,-1.2589762098363035,-0.8193831940055707,-0.1875665409913863,1
-0.5483054353915534,-1.2985395885136193,-1.6183001650075222,2.1626610356213947,-0.3013697918819543,-0.6250988375072156,1.2204302056910403,0.8623505471165683,0
-0.5483054353915534,-0.3193202013190088,-0.1880442993562994,1.2975261140501722,-0.3013697918819543,-0.9420375236717596,-0.8193831940055707,1.5622952725218715,0
0.1440316905772939,0.4898958200432045,0.2679793099817719,0.3658423523580862,0.2820319704866573,-1.5759148960008476,1.2204302056910403,-0.1875665409913863,0
-0.2021368724071297,0.0002861264458992,-0.0636742240822795,1.0313307535667189,1.4488354952238804,-0.9420375236717596,1.2204302056910403,0.8623505471165683,0
0.8363688165461411,0.7551010707417453,1.0694753506365635,-0.0334506883670933,-1.4681733166191775,-0.6250988375072156,-0.8193831940055707,0.1624058217112652,0
-0.5483054353915534,0.8707033595077757,0.9451052753625444,-0.5658414093339995,0.2820319704866573,0.0087785348218723,-0.8193831940055707,-0.1875665409913863,0
1.1825373795305647,-0.7817293563831305,-0.968811994132088,2.0961121955005315,0.8654337328552689,1.2765332794800484,-0.8193831940055707,-0.5375389036940379,1
0.4902002535617175,-1.611345781645231,-1.4041072575911555,0.6985865529624027,1.4488354952238804,-1.2589762098363035,-0.8193831940055707,0.5123781844139168,0
-0.5483054353915534,-0.8225301641829056,-0.7891663298473933,-0.8320367698174526,-0.3013697918819543,-1.2589762098363035,-0.8193831940055707,-0.5375389036940379,0
1.5287059425149885,-1.2033377036474768,-0.9411741996267502,-0.0999995284879566,0.8654337328552689,-0.9420375236717596,-0.8193831940055707,-0.5375389036940379,0
-0.894473998375977,-0.7001277407835794,-0.8997175078687434,-1.430976330905222,-0.8847715542505659,-0.6250988375072156,-0.8193831940055707,0.5123781844139168,0
-1.2406425613604006,1.061107129240061,1.0694753506365635,0.0996469918746332,0.8654337328552689,0.0087785348218723,-0.8193831940055707,0.8623505471165683,0
-1.5868111243448242,-0.4553228939849265,-0.5404261792993543,-1.4975251710260853,0.8654337328552689,0.6426559071509603,-0.8193831940055707,0.1624058217112652,0
-1.5868111243448242,-0.6797273368836916,-1.017178134516429,-1.5640740111469489,0.8654337328552689,1.2765332794800484,1.2204302056910403,0.8623505471165683,0
-1.2406425613604006,-1.5433444353122725,-1.5975718191285195,0.1661958319954964,-0.3013697918819543,-1.5759148960008476,1.2204302056910403,0.1624058217112652,0
0.4902002535617175,-0.0745153545203559,0.0676052998180739,-1.1647809704217689,0.2820319704866573,-0.9420375236717596,1.2204302056910403,-1.237483629099341,0
1.1825373795305647,-0.5641250481176612,-0.7408001894630523,-1.0316832901800423,-1.4681733166191775,0.3257172209864163,1.2204302056910403,-1.5874559918019926,0
0.8363688165461411,0.068287472778858,-0.1258592617192898,0.0330981517537699,-1.4681733166191775,-1.2589762098363035,1.2204302056910403,0.5123781844139168,0
0.1440316905772939,0.3946939351770613,0.5098100119034761,-1.7637205315095383,0.2820319704866573,-1.5759148960008476,-0.8193831940055707,0.1624058217112652,0
1.1825373795305647,-1.6861472626114862,-1.7357607916552078,2.029563355379668,-0.3013697918819543,0.0087785348218723,-0.8193831940055707,-1.5874559918019926,1
0.8363688165461411,-1.3937414733797615,-1.2659182850644677,1.3640749541710353,1.4488354952238804,0.3257172209864163,1.2204302056910403,1.21232290981922,1
-1.2406425613604006,1.530316418937478,1.359672192942609,-0.3661948889714096,1.4488354952238804,1.2765332794800484,-0.8193831940055707,-0.1875665409913863,0
1.5287059425149885,-0.6933276061502837,-0.5196978334203508,0.565488872720676,-1.4681733166191775,-0.6250988375072156,1.2204302056910403,1.21232290981922,0
1.5287059425149885,1.652718842336805,1.6567784838749886,0.2327446721163597,-0.3013697918819543,0.3257172209864163,1.2204302056910403,1.5622952725218715,1
1.1825373795305647,0.1702894922782969,0.1297903374550835,0.0330981517537699,-1.4681733166191775,-1.2589762098363035,-0.8193831940055707,0.8623505471165683,0
-1.2406425613604006,0.8435028209745914,0.8069163028358556,0.6320377128415394,1.4488354952238804,0.0087785348218723,1.2204302056910403,0.1624058217112652,0
1.1825373795305647,-0.9789332607487118,-0.6924340490787112,-0.2330972087296831,1.4488354952238804,0.6426559071509603,1.2204302056910403,-0.1875665409913863,0
-1.2406425613604006,-1.257738780713844,-1.0862726207797728,-0.2996460488505464,0.8654337328552689,0.9595945933155045,1.2204302056910403,0.8623505471165683,0
0.4902002535617175,-0.713728010050171,-0.6786151518260426,-0.4992925692131362,-1.4681733166191775,-0.9420375236717596,1.2204302056910403,-1.5874559918019926,0
-0.2021368724071297,-1.5365443006789763,-1.70812299714987,0.299293512237223,0.2820319704866573,0.9595945933155045,-0.8193831940055707,-1.237483629099341,0
-0.5483054353915534,1.985925439368304,1.6982351756329954,-1.1647809704217689,-1.4681733166191775,0.6426559071509603,1.2204302056910403,-0.5375389036940379,0
1.5287059425149885,0.9659052443739176,1.1040225937682364,0.565488872720676,0.8654337328552689,-1.2589762098363035,1.2204302056910403,-0.8875112663966895,1
1.1825373795305647,-0.829330298816202,-1.134638761164114,-0.1665483686088198,0.8654337328552689,1.2765332794800484,-0.8193831940055707,-0.5375389036940379,0
0.1440316905772939,-0.0337145467205801,-0.3124143746303186,0.4989400325998128,1.4488354952238804,1.2765332794800484,-0.8193831940055707,1.21232290981922,0
-1.5868111243448242,0.5782975702760518,0.3508926934977843,-1.5640740111469489,0.8654337328552689,0.3257172209864163,-0.8193831940055707,1.21232290981922,0
1.5287059425149885,0.1634893576450005,0.3301643476187815,-1.0982321303009055,-1.4681733166191775,0.0087785348218723,-0.8193831940055707,-0.5375389036940379,0
-1.5868111243448242,1.7139200540364683,1.4702233709639596,0.8982330733249925,0.8654337328552689,0.3257172209864163,1.2204302056910403,-0.1875665409913863,1
0.4902002535617175,-0.6933276061502837,-0.8582608161107372,-1.0316832901800423,0.8654337328552689,0.9595945933155045,-0.8193831940055707,0.8623505471165683,0
-0.2021368724071297,0.1702894922782969,0.0468769539390705,0.4323911924789496,-0.8847715542505659,-0.9420375236717596,-0.8193831940055707,-0.5375389036940379,0
-0.894473998375977,0.0206865303457865,0.198884823718428,0.6985865529624027,-0.3013697918819543,1.5934719656445924,-0.8193831940055707,0.8623505471165683,0
-0.2021368724071297,-1.5093437621457928,-1.5837529218758504,0.8982330733249925,-0.8847715542505659,0.6426559071509603,-0.8193831940055707,0.1624058217112652,0
0.4902002535617175,0.8095021478081126,0.7032745734408403,0.6985865529624027,1.4488354952238804,-0.9420375236717596,-0.8193831940055707,1.21232290981922,0
-1.2406425613604006,0.3742935312771741,0.1021525429497458,-0.5658414093339995,-0.8847715542505659,-0.3081601513426716,1.2204302056910403,-1.5874559918019926,0
1.1825373795305647,-1.2509386460805478,-1.3695600144594835,-0.1665483686088198,1.4488354952238804,0.9595945933155045,1.2204302056910403,-0.8875112663966895,0
1.5287059425149885,1.0271064560735803,0.7516407138251803,1.6302703146544884,-1.4681733166191775,0.6426559071509603,1.2204302056910403,-0.5375389036940379,1
-0.2021368724071297,-0.7681290871165383,-0.7408001894630523,1.9630145152588048,1.4488354952238804,0.3257172209864163,-0.8193831940055707,0.5123781844139168,0
0.8363688165461411,-0.6253262598173243,-0.6371584600680358,-0.2996460488505464,0.8654337328552689,0.6426559071509603,-0.8193831940055707,-1.5874559918019926,0
-0.894473998375977,1.8635230159689773,1.6498690352486542,-1.1647809704217689,1.4488354952238804,-1.2589762098363035,1.2204302056910403,-0.1875665409913863,0
-0.5483054353915534,1.5371165535707738,1.4840422682166283,-0.0334506883670933,-1.4681733166191775,-1.2589762098363035,-0.8193831940055707,-0.5375389036940379,0
-0.2021368724071297,-0.135716566220019,-0.0429458782032767,2.362307555983985,-1.4681733166191775,-1.5759148960008476,-0.8193831940055707,0.1624058217112652,0
0.8363688165461411,1.4827154765044075,1.297487155305599,1.0313307535667189,-1.4681733166191775,-1.2589762098363035,-0.8193831940055707,-0.1875665409913863,1
0.4902002535617175,-1.11493595341463,-0.9619025455057536,0.0330981517537699,0.2820319704866573,1.2765332794800484,1.2204302056910403,0.5123781844139168,0
-0.5483054353915534,-0.8089298949163141,-0.4920600389150132,-1.2313298105426322,-0.8847715542505659,-1.2589762098363035,-0.8193831940055707,-1.237483629099341,0
0.1440316905772939,-1.2373383768139563,-1.459382846601831,1.0978795936875825,-0.8847715542505659,-0.3081601513426716,-0.8193831940055707,-1.237483629099341,0
-0.2021368724071297,1.149508879472908,1.4702233709639596,-0.7654879296965893,-0.8847715542505659,-0.9420375236717596,1.2204302056910403,-0.8875112663966895,0
-1.5868111243448242,1.7071199194031714,1.4011288847006158,-0.4992925692131362,1.4488354952238804,-1.5759148960008476,1.2204302056910403,-0.1875665409913863,0
0.8363688165461411,0.2722915117777352,0.4752627687718047,-0.698939089575726,1.4488354952238804,-0.6250988375072156,-0.8193831940055707,-0.5375389036940379,0
0.1440316905772939,0.8299025517079999,1.145479285526242,1.6302703146544884,-0.3013697918819543,-0.9420375236717596,1.2204302056910403,0.8623505471165683,1
-0.5483054353915534,0.7891017439082241,0.7170934706935089,-1.963367051872128,-1.4681733166191775,-0.6250988375072156,1.2204302056910403,-0.5375389036940379,0
-0.5483054353915534,-1.6045456470119352,-1.3142844254488084,-0.0999995284879566,-0.3013697918819543,1.2765332794800484,-0.8193831940055707,0.8623505471165683,0
0.4902002535617175,0.4694954161433172,0.3094360017397787,-0.4327437290922729,0.8654337328552689,0.3257172209864163,-0.8193831940055707,-0.8875112663966895,0
-0.894473998375977,1.720720188669764,1.4564044737112911,0.8316842332041292,-0.8847715542505659,-0.6250988375072156,-0.8193831940055707,1.21232290981922,0
1.5287059425149885,1.0203063214402848,1.2007548745369172,0.0996469918746332,0.2820319704866573,1.5934719656445924,1.2204302056910403,1.21232290981922,1
0.8363688165461411,0.4014940698103571,0.3232548989924472,-0.4327437290922729,-0.3013697918819543,-0.3081601513426716,1.2204302056910403,-0.1875665409913863,1
1.5287059425149885,1.0883076677732448,1.4218572305796189,-0.1665483686088198,0.8654337328552689,0.3257172209864163,1.2204302056910403,-0.8875112663966895,1
-1.2406425613604006,0.9387047058407344,0.8483729945938624,-0.1665483686088198,0.8654337328552689,1.2765332794800484,-0.8193831940055707,1.5622952725218715,0
-0.2021368724071297,0.952304975107326,1.2491210149212584,-0.9651344500591792,1.4488354952238804,-0.6250988375072156,-0.8193831940055707,-1.237483629099341,0
-0.894473998375977,-1.52974416604568,-1.4801111924808346,0.3658423523580862,0.8654337328552689,1.5934719656445924,-0.8193831940055707,-1.237483629099341,0
-0.2021368724071297,-0.7205281446834674,-0.9549930968794188,0.4323911924789496,-0.3013697918819543,1.2765332794800484,1.2204302056910403,1.21232290981922,0
-1.5868111243448242,0.1838897615448884,-0.0291269809506076,0.3658423523580862,0.2820319704866573,1.2765332794800484,-0.8193831940055707,-0.1875665409913863,0
1.1825373795305647,-0.278519393519233,-0.5404261792993543,-0.5658414093339995,-0.3013697918819543,0.6426559071509603,1.2204302056910403,-0.8875112663966895,0
0.1440316905772939,-0.4825234325181102,-0.6026112169363639,-0.4992925692131362,0.2820319704866573,0.9595945933155045,-0.8193831940055707,-0.5375389036940379,0
-0.894473998375977,0.1226885498452254,0.2057942723447622,0.9647819134458556,-0.3013697918819543,-1.2589762098363035,1.2204302056910403,-1.5874559918019926,0
1.1825373795305647,-1.6453464548117105,-1.6804852026445325,0.1661958319954964,-0.8847715542505659,-1.2589762098363035,-0.8193831940055707,0.1624058217112652,0
-1.2406425613604006,1.8023218042693143,1.6153217921169818,0.8982330733249925,0.8654337328552689,1.2765332794800484,-0.8193831940055707,-0.5375389036940379,1
-0.894473998375977,-1.896951436243659,-1.611390716381188,0.4989400325998128,-1.4681733166191775,0.6426559071509603,-0.8193831940055707,-0.1875665409913863,0
1.1825373795305647,-0.5981257212841405,-0.8375324702317338,1.4971726344127618,0.8654337328552689,1.5934719656445924,1.2204302056910403,-0.1875665409913863,1
-0.2021368724071297,-0.9993336646485996,-1.0309970317690975,0.3658423523580862,-0.8847715542505659,-0.6250988375072156,-0.8193831940055707,0.5123781844139168,0
-0.5483054353915534,-0.5709251827509569,-0.4713316930360104,-0.5658414093339995,-1.4681733166191775,-0.3081601513426716,1.2204302056910403,-0.8875112663966895,0
1.5287059425149885,0.3946939351770613,0.5927233954194897,0.1661958319954964,-0.3013697918819543,-0.3081601513426716,-0.8193831940055707,-1.5874559918019926,1
0.4902002535617175,-0.0473148159871723,-0.333142720509322,0.6320377128415394,-1.4681733166191775,-1.5759148960008476,1.2204302056910403,1.5622952725218715,0
-0.5483054353915534,-1.482143223612609,-1.17609545292212,-0.4327437290922729,0.2820319704866573,-1.5759148960008476,-0.8193831940055707,1.21232290981922,0
-1.5868111243448242,-0.3261203359523046,-0.1189498130929549,0.9647819134458556,0.8654337328552689,-0.6250988375072156,1.2204302056910403,1.5622952725218715,0
0.8363688165461411,-0.2921196627858252,-0.4022372067726659,0.299293512237223,-0.8847715542505659,-0.6250988375072156,-0.8193831940055707,1.21232290981922,0
-0.894473998375977,-1.3529406655799865,-1.694304099897201,1.2975261140501722,-0.3013697918819543,1.5934719656445924,1.2204302056910403,0.5123781844139168,0
-0.5483054353915534,-0.2581189896193452,-0.3953277581463316,-0.8985856099383158,-1.4681733166191775,0.0087785348218723,-0.8193831940055707,-0.1875665409913863,0
1.5287059425149885,0.6598991858756021,0.4545344228928007,-0.6323902494548628,-1.4681733166191775,0.6426559071509603,1.2204302056910403,-1.237483629099341,0
1.1825373795305647,1.0475068599734692,0.8276446487148595,-0.8320367698174526,0.2820319704866573,1.5934719656445924,-0.8193831940055707,1.5622952725218715,1
1.5287059425149885,1.2243103604391623,1.124750939647239,-0.1665483686088198,-1.4681733166191775,1.5934719656445924,1.2204302056910403,-1.237483629099341,0
0.8363688165461411,0.3810936659104698,0.4476249742664664,0.299293512237223,1.4488354952238804,-1.2589762098363035,-0.8193831940055707,1.21232290981922,1
-0.2021368724071297,0.5986979741759391,0.6894556761881706,1.0978795936875825,1.4488354952238804,-1.5759148960008476,-0.8193831940055707,-0.1875665409913863,1
0.8363688165461411,-1.0877354148814464,-1.3833789117121524,1.3640749541710353,1.4488354952238804,0.0087785348218723,1.2204302056910403,0.1624058217112652,1
-1.2406425613604006,-0.135716566220019,0.1021525429497458,-1.2313298105426322,0.8654337328552689,1.5934719656445924,1.2204302056910403,0.5123781844139168,0
0.8363688165461411,-1.7813491474776288,-1.6804852026445325,0.565488872720676,0.8654337328552689,-0.3081601513426716,1.2204302056910403,-1.5874559918019926,0
-1.2406425613604006,1.1971098219059784,1.2283926690422555,0.4989400325998128,1.4488354952238804,0.0087785348218723,1.2204302056910403,1.5622952725218715,0
-0.894473998375977,1.543916688204071,1.64295958662232,-0.4992925692131362,1.4488354952238804,1.2765332794800484,-0.8193831940055707,0.8623505471165683,0
1.1825373795305647,-1.1489366265811094,-1.1208198639114448,-0.2996460488505464,-0.8847715542505659,0.6426559071509603,1.2204302056910403,0.8623505471165683,0
1.5287059425149885,0.8979038980409587,0.9451052753625444,-0.2330972087296831,-0.8847715542505659,-0.3081601513426716,1.2204302056910403,0.8623505471165683,0
-1.2406425613604006,-1.7269480704112614,-1.6252096136338572,-0.3661948889714096,-0.8847715542505659,0.6426559071509603,-0.8193831940055707,1.21232290981922,0
1.1825373795305647,1.788721535002723,1.7051446242593296,-0.0334506883670933,-0.3013697918819543,-0.6250988375072156,-0.8193831940055707,-0.8875112663966895,1
-0.2021368724071297,0.1974900308114806,0.3508926934977843,1.3640749541710353,-0.8847715542505659,-0.3081601513426716,-0.8193831940055707,-1.5874559918019926,0
1.5287059425149885,1.720720188669764,1.4702233709639596,-0.5658414093339995,-1.4681733166191775,1.5934719656445924,-0.8193831940055707,0.5123781844139168,0
1.1825373795305647,-0.2717192588859373,-0.5196978334203508,1.1644284338084456,1.4488354952238804,0.0087785348218723,1.2204302056910403,-0.8875112663966895,1
-0.2021368724071297,0.3606932620105825,0.647998984430165,0.0996469918746332,-0.3013697918819543,-1.2589762098363035,1.2204302056910403,-0.1875665409913863,0
1.1825373795305647,-1.2169379729140684,-1.100091518032441,0.4989400325998128,-0.8847715542505659,-0.6250988375072156,-0.8193831940055707,-1.5874559918019926,0
1.5287059425149885,1.945124631568529,1.6982351756329954,-0.698939089575726,1.4488354952238804,-0.3081601513426716,-0.8193831940055707,1.5622952725218715,1
0.8363688165461411,0.8639032248744799,0.6549084330564993,0.6320377128415394,1.4488354952238804,0.6426559071509603,1.2204302056910403,-1.5874559918019926,1
0.8363688165461411,0.891103763407663,0.9451052753625444,1.0313307535667189,0.2820319704866573,0.6426559071509603,-0.8193831940055707,-0.5375389036940379,1
1.5287059425149885,0.0410869342456744,0.1919753750920931,-0.698939089575726,1.4488354952238804,-0.3081601513426716,-0.8193831940055707,-1.5874559918019926,0
-0.894473998375977,0.6938998590420822,1.00038086437322,-0.0999995284879566,-0.3013697918819543,0.9595945933155045,-0.8193831940055707,0.1624058217112652,0
1.5287059425149885,0.0750876074121538,-0.1949537479826336,-0.9651344500591792,0.2820319704866573,-0.3081601513426716,1.2204302056910403,1.5622952725218715,0
-1.5868111243448242,0.1158884152119296,-0.132768710345624,1.8964656751379412,-1.4681733166191775,0.9595945933155045,-0.8193831940055707,0.5123781844139168,0
-1.2406425613604006,0.8299025517079999,1.1731170800315802,-0.8985856099383158,0.8654337328552689,1.2765332794800484,-0.8193831940055707,-0.5375389036940379,0
-1.2406425613604006,-0.0473148159871723,-0.333142720509322,0.0330981517537699,1.4488354952238804,1.5934719656445924,1.2204302056910403,-0.1875665409913863,0
0.8363688165461411,1.7275203233030598,1.5254989599746351,0.565488872720676,-0.3013697918819543,0.0087785348218723,1.2204302056910403,0.5123781844139168,1
0.4902002535617175,0.7959018785415198,1.1109320423945706,-0.7654879296965893,-1.4681733166191775,-1.5759148960008476,-0.8193831940055707,1.21232290981922,0
1.5287059425149885,-0.8225301641829056,-1.0793631721534385,0.2327446721163597,1.4488354952238804,-0.9420375236717596,-0.8193831940055707,-0.1875665409913863,0
0.1440316905772939,0.1702894922782969,-0.049855326829611,0.299293512237223,1.4488354952238804,0.3257172209864163,-0.8193831940055707,-1.5874559918019926,0
-0.2021368724071297,-0.7001277407835794,-1.044815929021767,1.8299168350170785,1.4488354952238804,0.3257172209864163,1.2204302056910403,0.8623505471165683,0
-0.894473998375977,-1.767748878211037,-1.452473397975497,-0.4992925692131362,0.2820319704866573,-1.2589762098363035,1.2204302056910403,1.5622952725218715,0
1.5287059425149885,0.4422948776101329,0.5512667036614829,1.8299168350170785,-0.3013697918819543,1.5934719656445924,-0.8193831940055707,1.5622952725218715,1
1.5287059425149885,-1.2101378382807726,-1.044815929021767,-0.4327437290922729,0.2820319704866573,1.5934719656445924,-0.8193831940055707,-1.5874559918019926,0
0.8363688165461411,1.564317092103958,1.3734910901952777,-0.1665483686088198,-0.3013697918819543,1.2765332794800484,1.2204302056910403,-0.8875112663966895,1
1.5287059425149885,0.5442968971095717,0.5650856009141514,-0.6323902494548628,0.8654337328552689,0.6426559071509603,-0.8193831940055707,-0.5375389036940379,1
-1.2406425613604006,-1.325740127046803,-1.0931820694061072,-1.430976330905222,-1.4681733166191775,-0.3081601513426716,-0.8193831940055707,0.5123781844139168,0
-1.2406425613604006,0.503496089309796,0.2196131695974308,1.0313307535667189,1.4488354952238804,-0.6250988375072156,-0.8193831940055707,-0.5375389036940379,1
-0.5483054353915534,1.3263123799386014,1.6498690352486542,-0.698939089575726,1.4488354952238804,-0.3081601513426716,-0.8193831940055707,-0.1875665409913863,0
0.8363688165461411,-1.1897374343808846,-0.9411741996267502,-0.1665483686088198,0.2820319704866573,0.0087785348218723,-0.8193831940055707,-0.1875665409913863,0
0.8363688165461411,0.1566892230117048,0.4199871797611293,-0.7654879296965893,0.2820319704866573,0.9595945933155045,1.2204302056910403,1.5622952725218715,0
-1.2406425613604006,-0.6797273368836916,-0.8582608161107372,0.0330981517537699,-0.3013697918819543,-0.6250988375072156,-0.8193831940055707,1.21232290981922,0
-0.5483054353915534,1.169909283372795,1.0694753506365635,0.0996469918746332,-1.4681733166191775,0.3257172209864163,1.2204302056910403,-0.8875112663966895,0
1.5287059425149885,0.8299025517079999,0.6065422926721582,-1.8302693716304017,-1.4681733166191775,0.0087785348218723,-0.8193831940055707,0.5123781844139168,0
0.1440316905772939,-1.6657468587115984,-1.4801111924808346,-0.6323902494548628,-1.4681733166191775,-0.3081601513426716,-0.8193831940055707,1.21232290981922,0
-0.2021368724071297,0.3062921849442152,0.1159714402024149,1.0978795936875825,-1.4681733166191775,-0.3081601513426716,-0.8193831940055707,-0.8875112663966895,0
-0.894473998375977,-1.3461405309466907,-1.376469463085818,-1.8968182117512649,0.2820319704866573,1.5934719656445924,-0.8193831940055707,0.5123781844139168,0
0.8363688165461411,1.013506186806989,0.7861879569568527,1.2975261140501722,0.2820319704866573,1.5934719656445924,1.2204302056910403,-0.5375389036940379,1
0.1440316905772939,1.2311104950724585,1.3251249498109363,1.2975261140501722,-0.8847715542505659,-1.5759148960008476,-0.8193831940055707,1.5622952725218715,0
-0.5483054353915534,-0.4485227593516308,-0.53351673067302,-0.5658414093339995,-1.4681733166191775,1.2765332794800484,1.2204302056910403,-0.5375389036940379,0
0.4902002535617175,-0.9653329914821196,-1.252099387811799,-0.0999995284879566,-1.4681733166191775,-1.2589762098363035,-0.8193831940055707,-0.1875665409913863,0
-0.2021368724071297,0.7891017439082241,0.882920237725535,-0.3661948889714096,-1.4681733166191775,0.9595945933155045,-0.8193831940055707,-1.237483629099341,0
-0.2021368724071297,0.4014940698103571,0.2334320668500999,2.029563355379668,0.2820319704866573,0.0087785348218723,1.2204302056910403,-0.5375389036940379,1
0.4902002535617175,-0.584525452017549,-0.9204458537477468,0.565488872720676,-0.3013697918819543,1.2765332794800484,1.2204302056910403,-0.8875112663966895,0
-1.5868111243448242,-0.9789332607487118,-0.9895403400110911,0.6320377128415394,-0.8847715542505659,0.9595945933155045,1.2204302056910403,1.5622952725218715,0
-1.5868111243448242,-0.7273282793167631,-0.8237135729790652,0.1661958319954964,-1.4681733166191775,-1.2589762098363035,-0.8193831940055707,-1.5874559918019926,0
-0.894473998375977,-1.0945355495147422,-1.245189939185464,0.765135393083266,0.2820319704866573,0.9595945933155045,1.2204302056910403,-1.5874559918019926,0
-0.894473998375977,0.2178904347113679,0.3578021421241197,1.2975261140501722,0.2820319704866573,1.2765332794800484,1.2204302056910403,-0.5375389036940379,0
-1.2406425613604006,-0.0813154891536517,0.0330580566864019,-0.1665483686088198,0.2820319704866573,0.3257172209864163,-0.8193831940055707,-0.1875665409913863,0
-0.894473998375977,-0.8089298949163141,-0.616430114189033,0.0996469918746332,-0.3013697918819543,-0.6250988375072156,1.2204302056910403,1.21232290981922,0
-0.894473998375977,-1.9581526479433224,-1.7150324457762045,0.0330981517537699,-1.4681733166191775,-1.5759148960008476,-0.8193831940055707,0.1624058217112652,0
-0.894473998375977,0.2382908386112558,0.5789044981668199,-2.2295624123555813,1.4488354952238804,-0.6250988375072156,-0.8193831940055707,0.1624058217112652,0
-1.2406425613604006,0.7347006668418568,0.9381958267362104,0.299293512237223,-1.4681733166191775,-0.3081601513426716,-0.8193831940055707,0.5123781844139168,0
0.8363688165461411,0.537496762476276,0.2610698613554376,-1.0982321303009055,1.4488354952238804,-0.3081601513426716,1.2204302056910403,-1.237483629099341,1
-0.5483054353915534,0.5442968971095717,0.4407155256401321,-1.3644274907843588,0.2820319704866573,1.2765332794800484,-0.8193831940055707,-1.5874559918019926,0
-0.894473998375977,1.543916688204071,1.4011288847006158,0.6985865529624027,-1.4681733166191775,-1.2589762098363035,-0.8193831940055707,-0.5375389036940379,0
0.1440316905772939,-1.3189399924135072,-1.2037332474274578,1.1644284338084456,-1.4681733166191775,0.0087785348218723,-0.8193831940055707,-0.1875665409913863,0
-1.5868111243448242,1.6663191116033969,1.4218572305796189,0.4323911924789496,-0.8847715542505659,-0.6250988375072156,1.2204302056910403,0.8623505471165683,0
0.8363688165461411,1.8431226120690904,1.566955651732642,-1.0982321303009055,-1.4681733166191775,1.2765332794800484,-0.8193831940055707,1.5622952725218715,0
-1.5868111243448242,-1.0265342031817832,-0.7891663298473933,0.0330981517537699,1.4488354952238804,-1.5759148960008476,1.2204302056910403,0.1624058217112652,0
1.5287059425149885,0.149889088378409,0.2265226182237656,0.2327446721163597,-1.4681733166191775,0.3257172209864163,-0.8193831940055707,0.5123781844139168,0
-1.2406425613604006,1.3603130531050802,1.6567784838749886,0.3658423523580862,1.4488354952238804,0.3257172209864163,1.2204302056910403,-1.5874559918019926,0
-0.5483054353915534,-0.6593269329838043,-0.8306230216053995,-0.2996460488505464,-0.8847715542505659,0.9595945933155045,-0.8193831940055707,1.21232290981922,0
-1.5868111243448242,-0.5369245095844775,-0.5542450765520228,0.0330981517537699,0.2820319704866573,0.0087785348218723,-0.8193831940055707,-0.1875665409913863,0
1.1825373795305647,0.1022881459453375,-0.0636742240822795,1.1644284338084456,-0.3013697918819543,0.0087785348218723,1.2204302056910403,0.5123781844139168,1
-0.5483054353915534,-0.5505247788510697,-0.6233395628153673,1.0978795936875825,1.4488354952238804,0.0087785348218723,1.2204302056910403,-1.237483629099341,0
-1.2406425613604006,-1.244138511447252,-1.53538678149151,-0.4992925692131362,1.4488354952238804,-0.9420375236717596,1.2204302056910403,1.21232290981922,0
1.1825373795305647,1.6187181691703254,1.5462273058536378,-1.2978786506634954,0.8654337328552689,-1.5759148960008476,1.2204302056910403,-1.5874559918019926,1
-1.2406425613604006,-0.7885294910164262,-1.0862726207797728,-0.0999995284879566,1.4488354952238804,-1.5759148960008476,-0.8193831940055707,-0.1875665409913863,0
-1.2406425613604006,0.3266925888441025,0.599632844045824,0.0996469918746332,-1.4681733166191775,0.0087785348218723,1.2204302056910403,1.21232290981922,0
1.1825373795305647,-0.4893235671514065,-0.4229655526516693,-1.4975251710260853,-0.3013697918819543,-1.5759148960008476,1.2204302056910403,0.1624058217112652,0
0.8363688165461411,-0.2241183164528657,-0.5542450765520228,-1.0982321303009055,-1.4681733166191775,1.5934719656445924,1.2204302056910403,0.8623505471165683,0
0.4902002535617175,1.115508206306428,1.193845425910583,0.4323911924789496,-0.3013697918819543,0.0087785348218723,1.2204302056910403,0.5123781844139168,0
-0.2021368724071297,1.5575169574706622,1.359672192942609,-0.4327437290922729,0.8654337328552689,0.9595945933155045,1.2204302056910403,-1.237483629099341,0
-1.5868111243448242,-0.1833175086530905,0.0399675053127362,2.6950517565883008,1.4488354952238804,-1.2589762098363035,-0.8193831940055707,0.1624058217112652,0
-0.2021368724071297,0.2450909732445515,0.4338060770137979,-0.5658414093339995,-0.8847715542505659,0.9595945933155045,-0.8193831940055707,-0.1875665409913863,0
-0.894473998375977,-1.2305382421806603,-1.4041072575911555,0.565488872720676,0.8654337328552689,-1.2589762098363035,-0.8193831940055707,-1.237483629099341,0
-1.2406425613604006,0.4218944737102456,0.198884823718428,-0.2330972087296831,-0.8847715542505659,-0.9420375236717596,1.2204302056910403,-0.5375389036940379,0
-1.2406425613604006,0.1634893576450005,-0.0774931213349487,0.0330981517537699,-1.4681733166191775,-0.3081601513426716,1.2204302056910403,0.8623505471165683,0
0.8363688165461411,0.0002861264458992,-0.0429458782032767,0.9647819134458556,-0.8847715542505659,-0.9420375236717596,-0.8193831940055707,-0.8875112663966895,0
-1.2406425613604006,-1.611345781645231,-1.328103322701477,-0.4327437290922729,-0.8847715542505659,0.6426559071509603,1.2204302056910403,-1.5874559918019926,0
-0.5483054353915534,-1.4753430889793129,-1.7219418944025386,0.765135393083266,-1.4681733166191775,0.6426559071509603,-0.8193831940055707,-0.8875112663966895,0
1.1825373795305647,-0.5301243749511817,-0.5196978334203508,0.299293512237223,1.4488354952238804,0.0087785348218723,1.2204302056910403,-0.5375389036940379,0
0.4902002535617175,-1.0401344724483748,-1.2313710419327957,-0.2330972087296831,-1.4681733166191775,-0.3081601513426716,-0.8193831940055707,1.21232290981922,0
0.8363688165461411,0.6326986473424191,0.9243769294835406,-1.6306228512678118,1.4488354952238804,0.9595945933155045,-0.8193831940055707,-1.5874559918019926,1
0.1440316905772939,0.0954880113120417,0.0330580566864019,0.299293512237223,0.8654337328552689,0.9595945933155045,-0.8193831940055707,1.21232290981922,0
-1.2406425613604006,0.068287472778858,0.3716210393767883,-0.3661948889714096,1.4488354952238804,0.9595945933155045,1.2204302056910403,-0.5375389036940379,0
1.1825373795305647,0.4626952815100214,0.3992588338821253,-2.8285019734433505,-1.4681733166191775,-1.2589762098363035,1.2204302056910403,-0.1875665409913863,0
-1.5868111243448242,0.9387047058407344,1.1316603882735734,1.2309772739293088,-1.4681733166191775,-1.2589762098363035,-0.8193831940055707,0.5123781844139168,0
-0.894473998375977,-0.5301243749511817,-0.816804124352731,1.1644284338084456,-1.4681733166191775,-0.3081601513426716,-0.8193831940055707,0.1624058217112652,0
1.1825373795305647,0.2450909732445515,0.1643375805867554,-1.0316832901800423,-0.8847715542505659,1.5934719656445924,-0.8193831940055707,0.5123781844139168,0
0.8363688165461411,-1.244138511447252,-1.0586348262744352,-0.4327437290922729,0.2820319704866573,1.2765332794800484,1.2204302056910403,-1.237483629099341,0
0.4902002535617175,-0.1425167008533148,-0.3745994122673282,0.1661958319954964,0.2820319704866573,0.0087785348218723,-0.8193831940055707,0.1624058217112652,0
0.1440316905772939,1.3331125145718972,1.5876839976116446,-1.1647809704217689,-0.3013697918819543,-1.5759148960008476,1.2204302056910403,-1.5874559918019926,0
-1.5868111243448242,1.210710091172571,1.5600462031063065,-0.2330972087296831,-1.4681733166191775,-1.2589762098363035,-0.8193831940055707,1.21232290981922,0
0.4902002535617175,0.6190983780758263,0.3992588338821253,0.565488872720676,0.2820319704866573,-0.3081601513426716,1.2204302056910403,-1.5874559918019926,0
0.1440316905772939,-0.9653329914821196,-1.1691860042957858,0.8982330733249925,0.2820319704866573,-1.5759148960008476,1.2204302056910403,0.8623505471165683,0
0.8363688165461411,-1.5365443006789763,-1.252099387811799,-0.4327437290922729,1.4488354952238804,-0.9420375236717596,1.2204302056910403,-0.8875112663966895,0
-1.2406425613604006,0.3266925888441025,0.3854399366294568,0.4989400325998128,0.8654337328552689,0.0087785348218723,1.2204302056910403,-0.5375389036940379,0
-1.2406425613604006,0.0954880113120417,0.34398324487145,0.765135393083266,1.4488354952238804,-0.6250988375072156,-0.8193831940055707,1.5622952725218715,0
1.1825373795305647,0.5170963585763875,0.5029005632771418,0.6320377128415394,1.4488354952238804,-1.2589762098363035,-0.8193831940055707,-0.8875112663966895,1
-0.2021368724071297,-0.1901176432863863,-0.2778671314986466,-0.8320367698174526,-0.8847715542505659,1.2765332794800484,-0.8193831940055707,-0.8875112663966895,0
-0.2021368724071297,-0.8361304334494978,-0.8928080592424091,-1.3644274907843588,0.2820319704866573,-0.6250988375072156,1.2204302056910403,1.21232290981922,0
-0.894473998375977,-1.9105517055102512,-1.6804852026445325,-1.0316832901800423,-1.4681733166191775,0.3257172209864163,-0.8193831940055707,1.5622952725218715,0
-1.2406425613604006,1.5235162843041825,1.6775068297539926,-0.8985856099383158,1.4488354952238804,0.0087785348218723,-0.8193831940055707,1.5622952725218715,0
-0.894473998375977,0.1294886844785211,0.198884823718428,-2.163013572234718,-0.3013697918819543,-0.6250988375072156,-0.8193831940055707,0.8623505471165683,0
0.1440316905772939,0.891103763407663,0.9036485836045376,0.765135393083266,-0.8847715542505659,0.0087785348218723,1.2204302056910403,-0.1875665409913863,0
-0.894473998375977,1.435114534071336,1.5876839976116446,0.6320377128415394,-0.3013697918819543,-0.9420375236717596,-0.8193831940055707,-0.5375389036940379,0
-0.894473998375977,0.2450909732445515,0.3854399366294568,-0.1665483686088198,0.8654337328552689,0.0087785348218723,1.2204302056910403,-0.8875112663966895,0
0.4902002535617175,-1.3121398577802117,-1.3557411172068148,-0.5658414093339995,0.8654337328552689,1.2765332794800484,-0.8193831940055707,-1.237483629099341,0
0.8363688165461411,0.2586912425111436,0.4130777311347951,0.2327446721163597,-1.4681733166191775,-0.6250988375072156,-0.8193831940055707,-0.5375389036940379,0
1.5287059425149885,1.258311033605643,0.9451052753625444,0.0330981517537699,-1.4681733166191775,0.0087785348218723,-0.8193831940055707,-0.1875665409913863,0
-0.5483054353915534,-0.0337145467205801,-0.0429458782032767,0.4323911924789496,-1.4681733166191775,0.9595945933155045,-0.8193831940055707,0.1624058217112652,0
0.4902002535617175,1.2515108989723456,1.1869359772842487,0.6985865529624027,1.4488354952238804,0.6426559071509603,-0.8193831940055707,0.5123781844139168,0
-1.2406425613604006,-1.7473484743111494,-1.6804852026445325,-0.7654879296965893,-0.3013697918819543,-1.2589762098363035,1.2204302056910403,1.5622952725218715,0
-1.5868111243448242,-0.1901176432863863,-0.3055049260039844,-0.2330972087296831,0.2820319704866573,1.5934719656445924,-0.8193831940055707,1.21232290981922,0
1.5287059425149885,1.3331125145718972,1.1731170800315802,0.1661958319954964,0.8654337328552689,1.5934719656445924,-0.8193831940055707,-0.1875665409913863,1
-0.894473998375977,-1.1829372997475889,-1.3902883603384872,-0.0334506883670933,-0.8847715542505659,-1.5759148960008476,1.2204302056910403,0.1624058217112652,0
-0.2021368724071297,-1.0605348763482627,-1.1070009666587763,-1.430976330905222,-1.4681733166191775,0.0087785348218723,-0.8193831940055707,0.8623505471165683,0
-1.5868111243448242,-1.5161438967790886,-1.2106426960537922,-0.0334506883670933,-1.4681733166191775,0.0087785348218723,-0.8193831940055707,0.1624058217112652,0
-1.5868111243448242,-0.3533208744854882,-0.049855326829611,0.2327446721163597,-0.8847715542505659,-1.2589762098363035,-0.8193831940055707,-1.237483629099341,0
1.5287059425149885,-1.2985395885136193,-1.5975718191285195,-0.2330972087296831,0.8654337328552689,0.6426559071509603,1.2204302056910403,0.1624058217112652,0
-1.5868111243448242,-0.8225301641829056,-1.0240875831427632,-0.2330972087296831,-1.4681733166191775,0.9595945933155045,-0.8193831940055707,-1.5874559918019926,0
0.8363688165461411,-0.1833175086530905,-0.5266072820466857,-0.0334506883670933,0.2820319704866573,-1.5759148960008476,-0.8193831940055707,0.1624058217112652,0
0.1440316905772939,-0.0949157584202438,0.0261486080600677,-1.4975251710260853,0.2820319704866573,-0.9420375236717596,1.2204302056910403,-1.5874559918019926,0
-0.5483054353915534,-0.7205281446834674,-0.6717057031997083,1.430623794291899,-0.8847715542505659,-0.6250988375072156,-0.8193831940055707,1.5622952725218715,0
-1.5868111243448242,0.0886878766787459,-0.2087726452353022,-1.2978786506634954,0.2820319704866573,1.2765332794800484,-0.8193831940055707,-0.1875665409913863,0
-0.894473998375977,1.2651111682389384,1.007290312999554,1.2309772739293088,0.8654337328552689,0.0087785348218723,1.2204302056910403,-0.5375389036940379,1
-0.5483054353915534,-1.6725469933448942,-1.5492056787441784,-0.2330972087296831,-0.3013697918819543,0.6426559071509603,1.2204302056910403,-0.8875112663966895,0
-0.2021368724071297,-1.1285362226812217,-1.4248356034701593,1.2975261140501722,1.4488354952238804,-1.2589762098363035,1.2204302056910403,-0.1875665409913863,0
0.1440316905772939,-0.5913255866508448,-0.8098946757263961,-1.1647809704217689,-0.8847715542505659,-0.3081601513426716,-0.8193831940055707,-0.5375389036940379,0
-0.894473998375977,-1.0877354148814464,-0.816804124352731,2.0961121955005315,1.4488354952238804,0.9595945933155045,1.2204302056910403,-0.5375389036940379,0
1.1825373795305647,-1.0061337992818955,-1.1691860042957858,-0.2330972087296831,0.2820319704866573,1.5934719656445924,-0.8193831940055707,0.8623505471165683,0
-0.894473998375977,1.4487148033379276,1.691325727006661,-1.430976330905222,-0.3013697918819543,1.2765332794800484,1.2204302056910403,0.8623505471165683,0
-1.2406425613604006,0.8231024170747041,0.5098100119034761,-0.0334506883670933,-1.4681733166191775,-0.9420375236717596,1.2204302056910403,1.5622952725218715,0
-1.2406425613604006,-1.706547666511374,-1.459382846601831,0.3658423523580862,-1.4681733166191775,-1.2589762098363035,-0.8193831940055707,-1.5874559918019926,0
1.1825373795305647,-1.033334337815079,-1.1070009666587763,0.0996469918746332,-0.3013697918819543,-0.3081601513426716,1.2204302056910403,1.5622952725218715,0
0.4902002535617175,0.2586912425111436,0.3508926934977843,0.3658423523580862,1.4488354952238804,-0.6250988375072156,-0.8193831940055707,-0.8875112663966895,0
-1.2406425613604006,0.8979038980409587,0.9036485836045376,-1.6971716913886752,-1.4681733166191775,0.3257172209864163,1.2204302056910403,-0.1875665409913863,0
0.8363688165461411,0.3198924542108067,0.1712470292130903,-0.0334506883670933,-0.3013697918819543,1.5934719656445924,-0.8193831940055707,1.21232290981922,0
-0.894473998375977,1.7751212657361315,1.573865100358976,0.0330981517537699,1.4488354952238804,0.6426559071509603,-0.8193831940055707,-1.237483629099341,0
1.5287059425149885,-0.4553228939849265,-0.132768710345624,1.1644284338084456,0.2820319704866573,-0.9420375236717596,-0.8193831940055707,0.5123781844139168,1
1.5287059425149885,-0.8633309719826814,-1.010268685890094,0.2327446721163597,-0.3013697918819543,-0.9420375236717596,-0.8193831940055707,-1.5874559918019926,0
1.1825373795305647,-0.6389265290839163,-0.3884183095199974,0.299293512237223,-0.8847715542505659,-1.2589762098363035,1.2204302056910403,-1.5874559918019926,0
1.5287059425149885,1.7955216696360188,1.6222312407433173,1.6968191547753515,-0.3013697918819543,1.5934719656445924,-0.8193831940055707,-0.5375389036940379,1
0.8363688165461411,0.7891017439082241,0.9451052753625444,0.299293512237223,0.8654337328552689,-1.5759148960008476,-0.8193831940055707,0.8623505471165683,1
1.5287059425149885,-1.2645389153471398,-0.9895403400110911,1.0313307535667189,-0.3013697918819543,-1.2589762098363035,-0.8193831940055707,-0.5375389036940379,1
-1.5868111243448242,-0.6593269329838043,-0.934264751000416,-0.7654879296965893,-1.4681733166191775,0.9595945933155045,-0.8193831940055707,0.1624058217112652,0
0.4902002535617175,-1.6453464548117105,-1.4386545007228275,0.4989400325998128,1.4488354952238804,-0.6250988375072156,1.2204302056910403,1.5622952725218715,0
-0.5483054353915534,-1.2101378382807726,-1.1830049015484545,1.0313307535667189,0.2820319704866573,0.3257172209864163,1.2204302056910403,0.5123781844139168,0
-1.5868111243448242,0.3062921849442152,0.5098100119034761,0.4323911924789496,-1.4681733166191775,1.2765332794800484,1.2204302056910403,0.8623505471165683,0
1.5287059425149885,0.4830956854099087,0.5029005632771418,1.7633679948962149,1.4488354952238804,-0.3081601513426716,-0.8193831940055707,-0.5375389036940379,1
1.5287059425149885,-0.1153161623201311,-0.2225915424879713,1.430623794291899,-0.3013697918819543,0.3257172209864163,-0.8193831940055707,-0.5375389036940379,1
0.1440316905772939,-0.0337145467205801,0.1643375805867554,0.6985865529624027,-0.8847715542505659,-0.3081601513426716,-0.8193831940055707,0.1624058217112652,0
0.4902002535617175,1.401113860904856,1.64295958662232,-1.430976330905222,-0.8847715542505659,-0.9420375236717596,-0.8193831940055707,-1.237483629099341,0
0.1440316905772939,-1.101335684148038,-0.9964497886374256,-0.7654879296965893,-1.4681733166191775,0.0087785348218723,1.2204302056910403,-0.1875665409913863,0
0.1440316905772939,-0.3737212783853755,-0.5611545251783577,-1.4975251710260853,-0.8847715542505659,-1.2589762098363035,1.2204302056910403,0.8623505471165683,0
1.5287059425149885,0.5102962239430917,0.6894556761881706,0.4323911924789496,-0.3013697918819543,-0.9420375236717596,-0.8193831940055707,-0.5375389036940379,1
1.5287059425149885,-0.0813154891536517,-0.2433198883669747,0.765135393083266,0.2820319704866573,-1.5759148960008476,-0.8193831940055707,0.5123781844139168,1
-1.5868111243448242,1.2991118414054172,1.566955651732642,0.6985865529624027,-0.8847715542505659,0.3257172209864163,-0.8193831940055707,-1.237483629099341,0
1.5287059425149885,-0.7069278754168752,-0.6717057031997083,-0.7654879296965893,-0.3013697918819543,1.2765332794800484,1.2204302056910403,0.8623505471165683,0
-1.2406425613604006,-0.8157300295496098,-0.6095206655626981,-0.0334506883670933,0.8654337328552689,-0.3081601513426716,-0.8193831940055707,0.5123781844139168,0
0.1440316905772939,-0.2853195281525288,-0.367689963640994,-2.2961112524764444,1.4488354952238804,0.3257172209864163,-0.8193831940055707,0.5123781844139168,0
-1.5868111243448242,-1.9241519747768427,-1.6735757540181977,-0.0334506883670933,0.8654337328552689,0.9595945933155045,-0.8193831940055707,-0.1875665409913863,0
1.5287059425149885,-0.8633309719826814,-1.2106426960537922,0.4989400325998128,1.4488354952238804,-0.9420375236717596,-0.8193831940055707,-0.1875665409913863,0
0.4902002535617175,1.407913995538152,1.5876839976116446,2.1626610356213947,-0.8847715542505659,-1.2589762098363035,1.2204302056910403,-1.5874559918019926,0
1.1825373795305647,-0.2309184510861615,0.0883336456970773,1.2309772739293088,0.2820319704866573,0.0087785348218723,-0.8193831940055707,0.8623505471165683,1
-0.2021368724071297,-0.2105180471862742,0.1228808888287492,-0.2996460488505464,0.8654337328552689,0.3257172209864163,-0.8193831940055707,1.21232290981922,0
0.8363688165461411,1.4963157457709992,1.4080383333269502,0.3658423523580862,0.2820319704866573,1.2765332794800484,-0.8193831940055707,0.5123781844139168,1
-1.2406425613604006,0.5782975702760518,0.8552824432201966,-0.2996460488505464,1.4488354952238804,0.3257172209864163,1.2204302056910403,-0.8875112663966895,0
1.1825373795305647,-1.4345422811795376,-1.2382804905591298,-0.4992925692131362,0.8654337328552689,-1.5759148960008476,-0.8193831940055707,-1.237483629099341,0
0.4902002535617175,-1.590945377745343,-1.2728277336908016,-0.8320367698174526,-1.4681733166191775,-1.2589762098363035,1.2204302056910403,-1.5874559918019926,0
1.5287059425149885,-1.5025436275124964,-1.6735757540181977,0.6320377128415394,0.8654337328552689,0.0087785348218723,-0.8193831940055707,-1.237483629099341,0
0.1440316905772939,-1.2917394538803235,-1.2382804905591298,-0.5658414093339995,0.8654337328552689,1.5934719656445924,-0.8193831940055707,-1.5874559918019926,0
-0.2021368724071297,1.2039099565392752,1.4011288847006158,-0.4327437290922729,0.2820319704866573,-0.6250988375072156,1.2204302056910403,0.5123781844139168,0
1.5287059425149885,-0.4213222208184471,-0.132768710345624,1.0978795936875825,1.4488354952238804,1.5934719656445924,-0.8193831940055707,-1.237483629099341,1
-0.5483054353915534,0.4830956854099087,0.6065422926721582,1.430623794291899,-0.3013697918819543,0.0087785348218723,1.2204302056910403,0.5123781844139168,1
0.4902002535617175,0.0274866649790829,0.2748887586081061,-0.0334506883670933,-1.4681733166191775,-1.2589762098363035,-0.8193831940055707,-0.1875665409913863,0
-0.2021368724071297,0.2926919156776231,0.1090619915760807,-0.1665483686088198,1.4488354952238804,-0.6250988375072156,1.2204302056910403,-0.1875665409913863,0
0.4902002535617175,-0.1765173740197948,-0.333142720509322,0.3658423523580862,0.2820319704866573,0.6426559071509603,-0.8193831940055707,-1.237483629099341,0
-0.2021368724071297,-1.4549426850794254,-1.5561151273705127,-1.0316832901800423,0.8654337328552689,-0.3081601513426716,-0.8193831940055707,0.8623505471165683,0
1.1825373795305647,-0.0949157584202438,-0.1811348507299651,1.2309772739293088,-1.4681733166191775,-0.3081601513426716,-0.8193831940055707,1.5622952725218715,0
-0.5483054353915534,-1.033334337815079,-1.0862726207797728,-0.3661948889714096,0.2820319704866573,-0.9420375236717596,1.2204302056910403,0.5123781844139168,0
-0.2021368724071297,0.1430889537451133,0.1781564778394246,-1.8968182117512649,-1.4681733166191775,-0.9420375236717596,1.2204302056910403,0.1624058217112652,0
-0.2021368724071297,-0.5233242403178859,-0.5818828710573605,-0.8985856099383158,-0.3013697918819543,-0.9420375236717596,-0.8193831940055707,0.1624058217112652,0
0.8363688165461411,0.6938998590420822,0.6134517412984924,-0.5658414093339995,1.4488354952238804,0.0087785348218723,-0.8193831940055707,-0.8875112663966895,1
1.1825373795305647,0.9319045712074387,1.0556564533838952,-0.4992925692131362,-0.3013697918819543,0.9595945933155045,-0.8193831940055707,-0.1875665409913863,1
-1.5868111243448242,1.3263123799386014,1.2283926690422555,-0.0999995284879566,-0.8847715542505659,0.9595945933155045,1.2204302056910403,-0.1875665409913863,0
0.1440316905772939,-1.2509386460805478,-1.4732017438544995,0.565488872720676,-1.4681733166191775,1.2765332794800484,-0.8193831940055707,-0.8875112663966895,0
-0.5483054353915534,-0.8157300295496098,-0.9204458537477468,-0.4327437290922729,0.8654337328552689,-1.5759148960008476,-0.8193831940055707,1.21232290981922,0
1.5287059425149885,1.373913322371673,1.166207631405246,0.9647819134458556,1.4488354952238804,1.2765332794800484,-0.8193831940055707,0.5123781844139168,1
-0.2021368724071297,0.0954880113120417,0.0952430943234115,-0.6323902494548628,1.4488354952238804,-0.3081601513426716,1.2204302056910403,0.5123781844139168,0
-1.2406425613604006,1.061107129240061,1.3182155011846022,1.1644284338084456,-0.8847715542505659,-1.5759148960008476,-0.8193831940055707,-0.5375389036940379,0
-0.894473998375977,1.4147141301714476,1.1385698368999075,-0.2996460488505464,0.2820319704866573,-0.6250988375072156,1.2204302056910403,-0.5375389036940379,0
1.5287059425149885,-0.1969177779196821,-0.498969487541348,-0.9651344500591792,0.2820319704866573,0.0087785348218723,-0.8193831940055707,-1.5874559918019926,0
-1.5868111243448242,-0.2989197974191209,-0.1742254021036302,2.362307555983985,-0.3013697918819543,-1.5759148960008476,-0.8193831940055707,-0.1875665409913863,0
0.1440316905772939,0.3946939351770613,0.0606958511917396,-1.0982321303009055,0.2820319704866573,-0.9420375236717596,-0.8193831940055707,-0.8875112663966895,0
0.1440316905772939,1.27871143750553,1.5185895113483008,0.8982330733249925,-0.3013697918819543,-0.9420375236717596,-0.8193831940055707,-0.8875112663966895,1
-0.2021368724071297,-0.1153161623201311,-0.0014891864452699,-0.0334506883670933,-0.3013697918819543,0.9595945933155045,-0.8193831940055707,1.21232290981922,0
-0.5483054353915534,-0.5981257212841405,-0.6578868059470392,-1.1647809704217689,0.2820319704866573,0.0087785348218723,-0.8193831940055707,-1.5874559918019926,0
1.1825373795305647,0.7823016092749283,0.8345540973411939,0.0996469918746332,1.4488354952238804,0.3257172209864163,1.2204302056910403,-1.5874559918019926,1
1.5287059425149885,0.6326986473424191,0.8483729945938624,1.0313307535667189,-1.4681733166191775,-0.3081601513426716,-0.8193831940055707,1.5622952725218715,1
1.1825373795305647,0.6734994551421937,0.5167194605298103,1.8964656751379412,-1.4681733166191775,-1.5759148960008476,1.2204302056910403,-0.8875112663966895,1
-0.2021368724071297,-1.5433444353122725,-1.528477332865175,1.2975261140501722,1.4488354952238804,1.2765332794800484,-0.8193831940055707,0.5123781844139168,0
-0.2021368724071297,0.3810936659104698,0.6756367789355021,1.4971726344127618,-0.8847715542505659,-1.2589762098363035,-0.8193831940055707,0.1624058217112652,0
0.4902002535617175,1.2243103604391623,1.5324084086009693,0.0996469918746332,0.8654337328552689,0.3257172209864163,-0.8193831940055707,1.5622952725218715,0
1.1825373795305647,-1.3597408002132825,-1.4870206411071687,1.1644284338084456,-0.3013697918819543,-0.3081601513426716,1.2204302056910403,0.1624058217112652,1
-0.5483054353915534,0.340292858110694,0.5927233954194897,-0.0999995284879566,0.2820319704866573,0.0087785348218723,1.2204302056910403,-0.1875665409913863,0
-1.5868111243448242,-0.2581189896193452,-0.1949537479826336,0.299293512237223,0.8654337328552689,0.3257172209864163,1.2204302056910403,0.5123781844139168,0
1.1825373795305647,1.4759153418711106,1.691325727006661,-1.6971716913886752,0.8654337328552689,0.6426559071509603,1.2204302056910403,-1.5874559918019926,1
1.5287059425149885,-1.4209420119129454,-1.4801111924808346,0.1661958319954964,0.8654337328552689,-0.9420375236717596,1.2204302056910403,-0.8875112663966895,0
1.5287059425149885,-0.1629171047532026,-0.1742254021036302,-0.5658414093339995,-0.3013697918819543,-0.6250988375072156,1.2204302056910403,0.5123781844139168,0
-0.5483054353915534,0.2178904347113679,0.0399675053127362,0.3658423523580862,-0.3013697918819543,-1.2589762098363035,-0.8193831940055707,-1.237483629099341,0
-1.5868111243448242,0.0750876074121538,-0.1811348507299651,1.2975261140501722,1.4488354952238804,-0.9420375236717596,1.2204302056910403,-0.8875112663966895,0
0.4902002535617175,0.2042901654447763,-0.1258592617192898,-0.8985856099383158,-1.4681733166191775,0.9595945933155045,1.2204302056910403,0.1624058217112652,0
1.5287059425149885,1.530316418937478,1.4425855764586215,-0.2330972087296831,0.2820319704866573,-1.5759148960008476,1.2204302056910403,0.8623505471165683,1
1.1825373795305647,0.6802995897754894,0.6065422926721582,-0.2996460488505464,0.2820319704866573,0.0087785348218723,-0.8193831940055707,-1.237483629099341,1
0.8363688165461411,1.061107129240061,0.8414635459675281,0.0330981517537699,0.8654337328552689,-0.9420375236717596,1.2204302056910403,-0.5375389036940379,1
-0.2021368724071297,0.2790916464110315,0.1436092347077526,0.0996469918746332,-1.4681733166191775,0.6426559071509603,-0.8193831940055707,-0.8875112663966895,0
-1.5868111243448242,1.6255183038036212,1.4218572305796189,0.299293512237223,-1.4681733166191775,-0.6250988375072156,-0.8193831940055707,-0.5375389036940379,0
-0.5483054353915534,0.7823016092749283,0.6549084330564993,0.4323911924789496,-0.8847715542505659,-1.5759148960008476,-0.8193831940055707,-1.5874559918019926,0
1.1825373795305647,1.407913995538152,1.359672192942609,0.299293512237223,-0.3013697918819543,0.9595945933155045,1.2204302056910403,0.8623505471165683,1
-0.5483054353915534,-0.4621230286182229,-0.4229655526516693,-0.8985856099383158,-0.3013697918819543,-0.6250988375072156,-0.8193831940055707,0.1624058217112652,0
-1.2406425613604006,-0.3669211437520798,-0.7200718435840489,1.1644284338084456,-0.3013697918819543,-1.2589762098363035,-0.8193831940055707,1.21232290981922,0
-0.2021368724071297,-0.3329204705856003,-0.6440679086943707,-0.8320367698174526,-0.3013697918819543,-1.2589762098363035,-0.8193831940055707,0.5123781844139168,0
0.8363688165461411,-1.7881492821109246,-1.611390716381188,2.1626610356213947,1.4488354952238804,0.3257172209864163,-0.8193831940055707,0.8623505471165683,1
1.1825373795305647,0.23149070397796,0.1021525429497458,0.6985865529624027,-1.4681733166191775,-0.6250988375072156,-0.8193831940055707,-1.237483629099341,0
0.4902002535617175,1.169909283372795,1.0625659020102296,1.8964656751379412,0.2820319704866573,-0.3081601513426716,-0.8193831940055707,1.5622952725218715,1
0.4902002535617175,-0.6661270676171,-0.4782411416623446,0.4323911924789496,-0.8847715542505659,0.3257172209864163,1.2204302056910403,-0.1875665409913863,0
0.4902002535617175,1.237910629705754,1.4633139223376257,-0.9651344500591792,0.8654337328552689,0.3257172209864163,-0.8193831940055707,0.1624058217112652,0
1.5287059425149885,-0.1221162969534275,0.1712470292130903,0.2327446721163597,1.4488354952238804,0.6426559071509603,-0.8193831940055707,1.21232290981922,0
-0.2021368724071297,-1.3529406655799865,-1.659756856765529,0.299293512237223,0.2820319704866573,0.0087785348218723,-0.8193831940055707,-0.5375389036940379,0
1.5287059425149885,-0.938132452948936,-1.0586348262744352,-1.5640740111469489,0.2820319704866573,0.0087785348218723,1.2204302056910403,1.5622952725218715,0
-1.2406425613604006,-1.2509386460805478,-1.3695600144594835,1.1644284338084456,1.4488354952238804,0.9595945933155045,-0.8193831940055707,1.21232290981922,0
-1.2406425613604006,1.2923117067721217,0.979652518494216,0.6985865529624027,1.4488354952238804,-0.9420375236717596,-0.8193831940055707,0.1624058217112652,0
0.4902002535617175,-1.121736088047926,-1.2935560795698051,1.3640749541710353,-0.8847715542505659,-0.3081601513426716,1.2204302056910403,0.8623505471165683,0
0.4902002535617175,-0.3941216822852634,-0.132768710345624,0.765135393083266,-0.3013697918819543,-0.6250988375072156,-0.8193831940055707,1.5622952725218715,0
0.4902002535617175,1.5779173613705495,1.2767588094265967,-0.9651344500591792,0.8654337328552689,1.2765332794800484,1.2204302056910403,-0.1875665409913863,0
-0.2021368724071297,0.1362888191118175,0.3508926934977843,0.4323911924789496,0.2820319704866573,-0.9420375236717596,-0.8193831940055707,1.5622952725218715,0
-1.5868111243448242,-1.1081358187813335,-1.2382804905591298,-0.8320367698174526,-1.4681733166191775,-1.2589762098363035,-0.8193831940055707,1.21232290981922,0
-1.2406425613604006,1.530316418937478,1.6153217921169818,-1.3644274907843588,0.2820319704866573,1.2765332794800484,-0.8193831940055707,-1.237483629099341,0
-0.5483054353915534,-1.2849393192470278,-1.1899143501747893,-1.1647809704217689,-0.3013697918819543,0.0087785348218723,-0.8193831940055707,-0.5375389036940379,0
1.1825373795305647,-0.5981257212841405,-0.616430114189033,0.4323911924789496,-0.3013697918819543,0.6426559071509603,-0.8193831940055707,1.21232290981922,0
-0.5483054353915534,0.2382908386112558,0.081424197070743,0.0330981517537699,-1.4681733166191775,1.5934719656445924,1.2204302056910403,-0.5375389036940379,0
1.1825373795305647,-0.6525267983505079,-0.6717057031997083,-0.1665483686088198,-0.3013697918819543,-1.5759148960008476,1.2204302056910403,-1.237483629099341,0
0.4902002535617175,1.115508206306428,1.4564044737112911,-1.2978786506634954,1.4488354952238804,0.0087785348218723,-0.8193831940055707,-0.5375389036940379,0
-1.5868111243448242,0.4694954161433172,0.4476249742664664,-0.698939089575726,-0.8847715542505659,1.5934719656445924,-0.8193831940055707,0.8623505471165683,0
0.4902002535617175,0.1838897615448884,0.5167194605298103,0.0330981517537699,1.4488354952238804,0.3257172209864163,-0.8193831940055707,1.5622952725218715,0
1.5287059425149885,-1.101335684148038,-1.010268685890094,0.0330981517537699,-0.8847715542505659,0.3257172209864163,-0.8193831940055707,1.5622952725218715,0
1.5287059425149885,0.0274866649790829,0.0054202621810642,0.4989400325998128,0.2820319704866573,-0.6250988375072156,-0.8193831940055707,0.8623505471165683,0
-0.2021368724071297,-0.1697172393864984,-0.3884183095199974,-0.5658414093339995,0.8654337328552689,1.5934719656445924,1.2204302056910403,1.5622952725218715,0
-1.5868111243448242,1.7547208618362429,1.5116800627219664,0.765135393083266,-1.4681733166191775,-0.3081601513426716,-0.8193831940055707,1.21232290981922,0
-0.5483054353915534,-1.3325402616800988,-1.2313710419327957,-0.1665483686088198,1.4488354952238804,-0.9420375236717596,-0.8193831940055707,-1.5874559918019926,0
1.1825373795305647,-0.6457266637172121,-0.5473356279256886,0.3658423523580862,-1.4681733166191775,0.3257172209864163,-0.8193831940055707,-1.237483629099341,0
0.4902002535617175,0.1430889537451133,0.4683533201454705,-1.2313298105426322,0.8654337328552689,-0.9420375236717596,1.2204302056910403,-0.5375389036940379,0
0.1440316905772939,1.1835095526393868,1.4011288847006158,-0.3661948889714096,-0.8847715542505659,-1.2589762098363035,-0.8193831940055707,0.5123781844139168,0
0.1440316905772939,0.1566892230117048,0.34398324487145,-0.0334506883670933,0.8654337328552689,-0.9420375236717596,-0.8193831940055707,1.21232290981922,0
-0.5483054353915534,0.537496762476276,0.8000068542095213,-1.0982321303009055,0.2820319704866573,-0.9420375236717596,1.2204302056910403,-0.8875112663966895,0
0.1440316905772939,-0.5913255866508448,-0.7753474325947242,-0.3661948889714096,-1.4681733166191775,-0.6250988375072156,-0.8193831940055707,0.1624058217112652,0
-1.5868111243448242,0.3742935312771741,0.4614438715191349,-0.2330972087296831,-1.4681733166191775,0.3257172209864163,-0.8193831940055707,-0.5375389036940379,0
1.1825373795305647,-0.1561169701199069,0.0952430943234115,-0.5658414093339995,-0.3013697918819543,0.6426559071509603,-0.8193831940055707,-0.5375389036940379,0
-0.5483054353915534,-1.11493595341463,-1.459382846601831,0.565488872720676,0.2820319704866573,-1.2589762098363035,-0.8193831940055707,0.1624058217112652,0
0.1440316905772939,-1.5365443006789763,-1.7357607916552078,0.6985865529624027,-1.4681733166191775,-0.9420375236717596,1.2204302056910403,-0.5375389036940379,0
-0.894473998375977,0.1430889537451133,0.2057942723447622,0.4989400325998128,1.4488354952238804,-0.9420375236717596,1.2204302056910403,1.21232290981922,0
1.1825373795305647,-0.4009218169185592,-0.0844025699612829,0.8316842332041292,-0.8847715542505659,-1.2589762098363035,1.2204302056910403,1.5622952725218715,0
-0.894473998375977,0.9591051097406218,0.7032745734408403,0.1661958319954964,0.8654337328552689,0.0087785348218723,1.2204302056910403,-0.1875665409913863,0
-0.2021368724071297,-0.5369245095844775,-0.7408001894630523,1.430623794291899,1.4488354952238804,1.5934719656445924,-0.8193831940055707,0.5123781844139168,0
0.8363688165461411,0.2858917810443273,0.2057942723447622,-1.8302693716304017,-0.8847715542505659,0.0087785348218723,-0.8193831940055707,-0.1875665409913863,0
0.8363688165461411,-0.3125200666857124,-0.6095206655626981,0.6320377128415394,0.8654337328552689,0.0087785348218723,-0.8193831940055707,1.5622952725218715,0
-0.5483054353915534,0.8707033595077757,0.5650856009141514,-1.0982321303009055,-1.4681733166191775,-0.3081601513426716,-0.8193831940055707,0.5123781844139168,0
0.1440316905772939,-1.5433444353122725,-1.659756856765529,0.6985865529624027,1.4488354952238804,1.5934719656445924,1.2204302056910403,0.1624058217112652,0
1.5287059425149885,-0.5913255866508448,-0.6855246004523768,-0.0334506883670933,-0.8847715542505659,-1.2589762098363035,-0.8193831940055707,-0.1875665409913863,0
-0.5483054353915534,0.7143002629419695,0.5789044981668199,-0.4992925692131362,1.4488354952238804,-0.3081601513426716,-0.8193831940055707,-0.1875665409913863,0
-0.2021368724071297,-1.325740127046803,-1.4317450520964934,0.4989400325998128,-1.4681733166191775,0.0087785348218723,1.2204302056910403,-1.237483629099341,0
0.1440316905772939,-0.9177320490490488,-0.8098946757263961,-0.4992925692131362,-0.8847715542505659,-0.3081601513426716,-0.8193831940055707,0.5123781844139168,0
0.4902002535617175,0.3266925888441025,0.2887076558607753,-1.963367051872128,0.8654337328552689,-0.6250988375072156,1.2204302056910403,-0.1875665409913863,0
-0.894473998375977,-1.1081358187813335,-1.0240875831427632,1.2975261140501722,-1.4681733166191775,-0.3081601513426716,1.2204302056910403,-0.5375389036940379,0
1.5287059425149885,1.169909283372795,1.166207631405246,-0.4992925692131362,-0.8847715542505659,0.9595945933155045,-0.8193831940055707,1.5622952725218715,0
-1.2406425613604006,-0.2581189896193452,-0.167315953477296,-1.4975251710260853,0.8654337328552689,-0.6250988375072156,-0.8193831940055707,-1.237483629099341,0
-0.2021368724071297,1.632318438436917,1.5116800627219664,-0.0999995284879566,-1.4681733166191775,0.0087785348218723,-0.8193831940055707,-0.1875665409913863,0
1.5287059425149885,0.4898958200432045,0.4130777311347951,0.299293512237223,-0.8847715542505659,1.5934719656445924,1.2204302056910403,-1.237483629099341,0
0.1440316905772939,-0.4213222208184471,-0.7408001894630523,-0.7654879296965893,-1.4681733166191775,0.3257172209864163,-0.8193831940055707,1.21232290981922,0
1.1825373795305647,0.9047040326742544,0.9174674808572064,-1.6306228512678118,-1.4681733166191775,-0.9420375236717596,1.2204302056910403,-0.8875112663966895,0
-0.2021368724071297,-0.0405146813538765,0.1919753750920931,0.565488872720676,0.8654337328552689,0.3257172209864163,-0.8193831940055707,-0.5375389036940379,0
0.4902002535617175,0.7959018785415198,0.5719950495404856,0.4989400325998128,0.8654337328552689,-1.5759148960008476,-0.8193831940055707,-1.237483629099341,0
0.8363688165461411,1.2243103604391623,1.311306052558268,-0.2996460488505464,-0.8847715542505659,-1.2589762098363035,1.2204302056910403,-0.5375389036940379,0
-0.2021368724071297,0.9795055136405104,0.813825751462191,0.6320377128415394,-0.3013697918819543,-1.2589762098363035,-0.8193831940055707,1.21232290981922,0
-1.5868111243448242,0.1770896269115927,0.3025265531134438,-0.8320367698174526,-0.3013697918819543,0.9595945933155045,-0.8193831940055707,0.5123781844139168,0
-1.2406425613604006,-0.4349224900850392,-0.2985954773776501,-0.1665483686088198,-0.8847715542505659,0.0087785348218723,-0.8193831940055707,-0.8875112663966895,0
-0.5483054353915534,0.0342867996123786,-0.1051309158402863,-1.430976330905222,0.8654337328552689,-1.2589762098363035,-0.8193831940055707,-0.1875665409913863,0
0.1440316905772939,0.761901205375041,0.979652518494216,-0.2330972087296831,-0.3013697918819543,-0.6250988375072156,-0.8193831940055707,-0.1875665409913863,0
0.8363688165461411,-1.842550359177292,-1.53538678149151,-0.3661948889714096,-1.4681733166191775,-1.2589762098363035,-0.8193831940055707,-0.8875112663966895,0
-1.2406425613604006,1.5779173613705495,1.3527627443162749,0.299293512237223,0.2820319704866573,1.2765332794800484,-0.8193831940055707,-0.1875665409913863,0
0.1440316905772939,-0.5437246442177732,-0.7753474325947242,0.0996469918746332,0.8654337328552689,0.3257172209864163,1.2204302056910403,-0.5375389036940379,0
1.1825373795305647,1.1019079370398364,1.124750939647239,0.0330981517537699,-0.8847715542505659,1.2765332794800484,-0.8193831940055707,-0.1875665409913863,0
1.1825373795305647,-0.8973316451491609,-0.7753474325947242,-0.4992925692131362,-1.4681733166191775,-0.6250988375072156,-0.8193831940055707,0.8623505471165683,0
-1.2406425613604006,0.3470929927439898,0.3716210393767883,-0.6323902494548628,-1.4681733166191775,-0.9420375236717596,1.2204302056910403,1.21232290981922,0
1.5287059425149885,-0.6457266637172121,-0.6509773573207049,0.765135393083266,-0.3013697918819543,-0.9420375236717596,1.2204302056910403,0.8623505471165683,1
1.5287059425149885,0.0274866649790829,0.2334320668500999,-0.2330972087296831,0.2820319704866573,-0.3081601513426716,1.2204302056910403,0.1624058217112652,0
-0.894473998375977,1.0407067253401734,0.882920237725535,-0.2330972087296831,1.4488354952238804,1.5934719656445924,-0.8193831940055707,-0.5375389036940379,0
0.8363688165461411,0.5306966278429802,0.6065422926721582,-0.0999995284879566,-0.3013697918819543,-0.9420375236717596,-0.8193831940055707,0.1624058217112652,1
0.8363688165461411,0.9455048404740304,1.0418375561312254,0.299293512237223,1.4488354952238804,-1.2589762098363035,-0.8193831940055707,0.5123781844139168,1
-0.894473998375977,-0.9449325875822324,-0.8720797133634063,-1.1647809704217689,1.4488354952238804,0.3257172209864163,-0.8193831940055707,1.5622952725218715,0
-0.2021368724071297,1.339912649205193,1.387309987447946,-0.0334506883670933,0.2820319704866573,-1.5759148960008476,-0.8193831940055707,-0.8875112663966895,0
-1.2406425613604006,0.2994920503109188,0.1643375805867554,-0.7654879296965893,-0.3013697918819543,0.9595945933155045,1.2204302056910403,-0.5375389036940379,0
-1.2406425613604006,-1.1285362226812217,-1.1830049015484545,-0.0999995284879566,-1.4681733166191775,-0.9420375236717596,-0.8193831940055707,-1.5874559918019926,0
1.1825373795305647,0.8775034941410714,1.0418375561312254,-3.0281484938059404,-1.4681733166191775,0.0087785348218723,1.2204302056910403,-0.5375389036940379,0
-0.894473998375977,0.727900532208561,0.9658336212415474,-1.6306228512678118,1.4488354952238804,-1.2589762098363035,1.2204302056910403,0.1624058217112652,0
-1.5868111243448242,-0.4145220861851513,-0.3953277581463316,-0.8320367698174526,-0.3013697918819543,-1.5759148960008476,1.2204302056910403,1.5622952725218715,0
1.5287059425149885,-0.0405146813538765,-0.2916860287513152,2.6950517565883008,-0.8847715542505659,0.6426559071509603,-0.8193831940055707,1.5622952725218715,0
1.1825373795305647,0.5986979741759391,0.6065422926721582,1.1644284338084456,-1.4681733166191775,-0.9420375236717596,1.2204302056910403,-0.8875112663966895,1
1.1825373795305647,-1.1081358187813335,-0.8651702647370715,-2.2295624123555813,-0.8847715542505659,1.5934719656445924,-0.8193831940055707,0.8623505471165683,0
0.4902002535617175,0.7211003975752652,0.8760107890992007,1.0313307535667189,0.2820319704866573,1.2765332794800484,-0.8193831940055707,-1.5874559918019926,1
-1.5868111243448242,-0.5233242403178859,-0.7408001894630523,-1.8302693716304017,0.8654337328552689,-1.2589762098363035,-0.8193831940055707,-1.5874559918019926,0
-0.5483054353915534,0.9455048404740304,1.00038086437322,0.1661958319954964,-0.3013697918819543,-0.3081601513426716,-0.8193831940055707,-1.237483629099341,0
1.5287059425149885,0.6394987819757149,0.5789044981668199,-0.4327437290922729,-0.3013697918819543,-1.5759148960008476,1.2204302056910403,1.5622952725218715,1
-0.894473998375977,-1.631746185545119,-1.7150324457762045,-1.1647809704217689,-0.8847715542505659,-0.9420375236717596,-0.8193831940055707,0.1624058217112652,0
-0.2021368724071297,-1.162536895847701,-1.493930089733503,2.295758715863121,-0.8847715542505659,-1.2589762098363035,-0.8193831940055707,0.5123781844139168,0
-0.894473998375977,0.7891017439082241,0.9658336212415474,0.6985865529624027,-1.4681733166191775,0.6426559071509603,1.2204302056910403,0.5123781844139168,0
-0.2021368724071297,1.0407067253401734,1.338943847063606,0.0996469918746332,1.4488354952238804,0.6426559071509603,1.2204302056910403,-0.8875112663966895,0
-0.5483054353915534,1.305911976038713,1.1316603882735734,1.1644284338084456,0.8654337328552689,-0.3081601513426716,-0.8193831940055707,-0.8875112663966895,1
1.1825373795305647,0.2926919156776231,0.2403415154764342,-0.2330972087296831,0.2820319704866573,0.0087785348218723,-0.8193831940055707,0.5123781844139168,0
0.1440316905772939,0.7006999936753779,0.8483729945938624,1.7633679948962149,-0.3013697918819543,-0.9420375236717596,-0.8193831940055707,-1.5874559918019926,1
-0.5483054353915534,-0.8973316451491609,-0.7753474325947242,0.4323911924789496,-0.8847715542505659,-1.5759148960008476,1.2204302056910403,-0.8875112663966895,0
-0.2021368724071297,-0.3057199320524167,-0.1604065048509617,0.6320377128415394,-0.3013697918819543,0.0087785348218723,1.2204302056910403,-0.1875665409913863,0
-0.2021368724071297,1.6187181691703254,1.5185895113483008,-2.163013572234718,0.8654337328552689,-0.6250988375072156,-0.8193831940055707,-0.1875665409913863,0
1.5287059425149885,-0.5913255866508448,-0.2916860287513152,-0.7654879296965893,0.8654337328552689,-1.2589762098363035,-0.8193831940055707,-1.5874559918019926,0
-0.5483054353915534,1.27871143750553,1.573865100358976,-0.2330972087296831,0.2820319704866573,0.0087785348218723,1.2204302056910403,1.21232290981922,0
0.4902002535617175,0.986305648273806,1.166207631405246,0.2327446721163597,1.4488354952238804,0.3257172209864163,-0.8193831940055707,-0.8875112663966895,0
0.8363688165461411,0.2926919156776231,0.0606958511917396,-0.698939089575726,0.2820319704866573,1.2765332794800484,-0.8193831940055707,-1.237483629099341,0
0.1440316905772939,-0.9925335300153032,-0.7269812922103831,-1.2978786506634954,1.4488354952238804,-0.6250988375072156,-0.8193831940055707,-1.5874559918019926,0
0.8363688165461411,1.8567228813356815,1.5876839976116446,-0.5658414093339995,-0.3013697918819543,0.9595945933155045,-0.8193831940055707,0.8623505471165683,1
-1.2406425613604006,-1.917351840143547,-1.7219418944025386,-0.9651344500591792,0.8654337328552689,0.9595945933155045,-0.8193831940055707,-0.8875112663966895,0
0.8363688165461411,0.7755014746416325,0.4614438715191349,0.4323911924789496,0.8654337328552689,-0.9420375236717596,1.2204302056910403,-0.8875112663966895,1
1.1825373795305647,-0.7409285485833547,-0.8789891619897406,-0.0999995284879566,1.4488354952238804,1.5934719656445924,-0.8193831940055707,-1.237483629099341,0
0.8363688165461411,1.543916688204071,1.5047706140956325,-1.8968182117512649,-1.4681733166191775,-1.5759148960008476,1.2204302056910403,-0.8875112663966895,0
1.1825373795305647,-1.767748878211037,-1.5077489869861722,-0.4327437290922729,0.2820319704866573,0.6426559071509603,-0.8193831940055707,-1.5874559918019926,0
-1.5868111243448242,0.0342867996123786,0.198884823718428,0.6320377128415394,0.8654337328552689,-0.3081601513426716,-0.8193831940055707,1.5622952725218715,0
-0.2021368724071297,-0.5981257212841405,-0.2847765801249809,0.9647819134458556,-1.4681733166191775,-0.9420375236717596,-0.8193831940055707,-1.5874559918019926,0
-1.2406425613604006,0.9727053790072144,1.2905777066792652,-1.4975251710260853,0.2820319704866573,-1.2589762098363035,1.2204302056910403,1.5622952725218715,0
1.1825373795305647,-0.4485227593516308,-0.6440679086943707,-1.963367051872128,-1.4681733166191775,0.9595945933155045,-0.8193831940055707,0.8623505471165683,0
0.4902002535617175,0.0614873381455623,-0.0844025699612829,-0.0334506883670933,-1.4681733166191775,0.3257172209864163,-0.8193831940055707,-1.5874559918019926,0
-0.894473998375977,0.8707033595077757,1.007290312999554,0.4989400325998128,-0.8847715542505659,1.2765332794800484,1.2204302056910403,-0.5375389036940379,0
1.1825373795305647,1.2855115721388255,1.4633139223376257,-0.698939089575726,0.8654337328552689,1.2765332794800484,-0.8193831940055707,-1.5874559918019926,1
0.4902002535617175,-1.692947397244782,-1.6804852026445325,0.1661958319954964,1.4488354952238804,0.9595945933155045,-0.8193831940055707,-0.8875112663966895,0
1.5287059425149885,0.0274866649790829,0.2610698613554376,-1.2978786506634954,0.8654337328552689,0.9595945933155045,-0.8193831940055707,-0.1875665409913863,0
1.1825373795305647,0.9795055136405104,1.0625659020102296,-0.698939089575726,-0.3013697918819543,-1.5759148960008476,-0.8193831940055707,-1.237483629099341,1
0.8363688165461411,0.2110903000780721,-0.0083986350716048,-0.4327437290922729,0.2820319704866573,-1.2589762098363035,-0.8193831940055707,-1.237483629099341,0
-1.2406425613604006,0.6122982434425306,0.7170934706935089,0.765135393083266,0.2820319704866573,-0.6250988375072156,1.2204302056910403,-0.1875665409913863,1
0.4902002535617175,-0.4485227593516308,-0.3745994122673282,1.8299168350170785,0.2820319704866573,-1.5759148960008476,1.2204302056910403,1.21232290981922,0
1.1825373795305647,-0.8089298949163141,-0.8513513674844029,1.7633679948962149,0.2820319704866573,0.0087785348218723,1.2204302056910403,1.21232290981922,1
0.8363688165461411,-0.8157300295496098,-0.7062529463313802,0.0996469918746332,0.8654337328552689,1.2765332794800484,1.2204302056910403,-1.237483629099341,0
-1.2406425613604006,0.9931057829071018,1.2905777066792652,1.1644284338084456,-0.8847715542505659,0.3257172209864163,1.2204302056910403,0.1624058217112652,0
1.1825373795305647,-0.3465207398521925,-0.0636742240822795,-0.0334506883670933,0.8654337328552689,1.2765332794800484,-0.8193831940055707,-0.5375389036940379,0
0.4902002535617175,0.7211003975752652,0.5719950495404856,0.4989400325998128,-1.4681733166191775,-0.9420375236717596,1.2204302056910403,0.5123781844139168,0
1.5287059425149885,-1.08093528024815,-1.1553671070431166,-0.3661948889714096,-0.3013697918819543,-1.5759148960008476,1.2204302056910403,0.1624058217112652,0
1.5287059425149885,0.6734994551421937,0.3923493852557911,-0.2996460488505464,-1.4681733166191775,-0.3081601513426716,1.2204302056910403,-0.5375389036940379,0
0.1440316905772939,-0.278519393519233,-0.3124143746303186,0.565488872720676,-0.3013697918819543,0.6426559071509603,1.2204302056910403,-1.237483629099341,0
-0.894473998375977,1.367113187738376,1.6291406893696514,-1.2313298105426322,-0.8847715542505659,1.2765332794800484,-0.8193831940055707,0.1624058217112652,0
-1.5868111243448242,-1.1285362226812217,-0.8098946757263961,1.8964656751379412,0.8654337328552689,-0.6250988375072156,1.2204302056910403,-0.1875665409913863,0
0.4902002535617175,1.5779173613705495,1.5876839976116446,1.1644284338084456,0.2820319704866573,1.5934719656445924,-0.8193831940055707,0.5123781844139168,1
1.1825373795305647,0.5714974356427548,0.6963651248145049,0.565488872720676,-1.4681733166191775,-0.3081601513426716,-0.8193831940055707,-0.5375389036940379,0
-0.894473998375977,-1.1761371651142931,-1.452473397975497,-1.430976330905222,-0.3013697918819543,0.9595945933155045,-0.8193831940055707,-0.1875665409913863,0
0.8363688165461411,0.3062921849442152,0.0606958511917396,0.3658423523580862,-0.3013697918819543,-1.2589762098363035,-0.8193831940055707,-0.5375389036940379,0
-1.5868111243448242,-0.5369245095844775,-0.4851505902886789,0.299293512237223,1.4488354952238804,1.5934719656445924,1.2204302056910403,1.5622952725218715,0
0.1440316905772939,-0.8225301641829056,-0.7822568812210584,0.765135393083266,0.8654337328552689,-1.5759148960008476,-0.8193831940055707,-1.237483629099341,0
0.1440316905772939,-1.6453464548117105,-1.335012771327812,0.299293512237223,-1.4681733166191775,-0.9420375236717596,1.2204302056910403,-1.5874559918019926,0
0.8363688165461411,-0.9857333953820075,-0.975721442758422,0.299293512237223,-1.4681733166191775,-1.2589762098363035,-0.8193831940055707,0.1624058217112652,0
1.5287059425149885,-1.4889433582459048,-1.6044812677548537,-0.6323902494548628,0.8654337328552689,-0.6250988375072156,-0.8193831940055707,-1.5874559918019926,0
-0.2021368724071297,0.1294886844785211,0.1919753750920931,0.4989400325998128,-0.8847715542505659,-1.5759148960008476,-0.8193831940055707,0.8623505471165683,0
0.1440316905772939,-1.6725469933448942,-1.4248356034701593,-0.2996460488505464,1.4488354952238804,-0.6250988375072156,1.2204302056910403,1.21232290981922,0
0.1440316905772939,-0.0745153545203559,0.1505186833340869,-0.0334506883670933,1.4488354952238804,1.2765332794800484,-0.8193831940055707,-0.8875112663966895,0
-1.5868111243448242,-0.4621230286182229,-0.2295009911143056,-0.6323902494548628,-0.8847715542505659,1.5934719656445924,1.2204302056910403,0.8623505471165683,0
-0.2021368724071297,0.4014940698103571,0.7101840220671747,-0.6323902494548628,-1.4681733166191775,-1.2589762098363035,1.2204302056910403,0.1624058217112652,0
-1.2406425613604006,1.054306994606765,0.7309123679461774,-0.698939089575726,0.8654337328552689,0.6426559071509603,-0.8193831940055707,-0.5375389036940379,0
-0.894473998375977,1.883923419868866,1.601502894864313,-0.3661948889714096,1.4488354952238804,-0.9420375236717596,1.2204302056910403,-0.8875112663966895,0
-0.5483054353915534,0.2722915117777352,0.4407155256401321,-0.2330972087296831,-0.3013697918819543,-1.5759148960008476,1.2204302056910403,-0.5375389036940379,0
-0.2021368724071297,0.4082942044436541,0.2748887586081061,0.8982330733249925,1.4488354952238804,-0.6250988375072156,-0.8193831940055707,-1.237483629099341,1
0.4902002535617175,-0.5165241056845902,-0.498969487541348,1.3640749541710353,1.4488354952238804,-0.3081601513426716,1.2204302056910403,0.5123781844139168,0
0.8363688165461411,1.3535129184717845,1.6084123434906474,-0.4992925692131362,-0.8847715542505659,-1.5759148960008476,-0.8193831940055707,-1.5874559918019926,0
0.8363688165461411,1.1019079370398364,1.338943847063606,-1.7637205315095383,-1.4681733166191775,-0.3081601513426716,-0.8193831940055707,-1.237483629099341,0
1.5287059425149885,-1.3325402616800988,-1.4248356034701593,0.2327446721163597,1.4488354952238804,-0.9420375236717596,-0.8193831940055707,-1.237483629099341,0
0.4902002535617175,-1.1761371651142931,-1.0724537235271037,1.0978795936875825,-0.3013697918819543,1.2765332794800484,1.2204302056910403,0.8623505471165683,0
1.1825373795305647,-0.747728683216651,-0.927355302374081,-0.4992925692131362,0.2820319704866573,1.2765332794800484,-0.8193831940055707,0.1624058217112652,0
0.4902002535617175,-0.7069278754168752,-0.9619025455057536,-0.8985856099383158,0.2820319704866573,-0.3081601513426716,-0.8193831940055707,0.8623505471165683,0
1.1825373795305647,-0.2241183164528657,0.1021525429497458,-0.9651344500591792,-0.3013697918819543,0.3257172209864163,-0.8193831940055707,1.21232290981922,0
1.1825373795305647,-1.6997475318780777,-1.528477332865175,-0.0334506883670933,0.8654337328552689,-0.9420375236717596,-0.8193831940055707,1.5622952725218715,0
0.1440316905772939,1.258311033605643,1.2836682580529308,-0.8985856099383158,-0.8847715542505659,-1.2589762098363035,-0.8193831940055707,0.8623505471165683,0
0.4902002535617175,0.3334927234773983,-0.0083986350716048,-0.0334506883670933,0.8654337328552689,0.9595945933155045,1.2204302056910403,-0.5375389036940379,0
0.4902002535617175,1.2855115721388255,1.0556564533838952,0.765135393083266,1.4488354952238804,-0.6250988375072156,1.2204302056910403,-0.1875665409913863,1
-1.2406425613604006,1.061107129240061,1.3182155011846022,-0.1665483686088198,1.4488354952238804,0.6426559071509603,-0.8193831940055707,0.1624058217112652,0
0.8363688165461411,1.6731192462366926,1.573865100358976,0.6320377128415394,-1.4681733166191775,-1.5759148960008476,1.2204302056910403,-1.5874559918019926,0
0.1440316905772939,0.1906898961781842,0.4061682825084596,-0.8320367698174526,0.8654337328552689,-1.5759148960008476,-0.8193831940055707,1.5622952725218715,0
-0.5483054353915534,-0.7681290871165383,-0.7062529463313802,1.0313307535667189,-0.8847715542505659,1.2765332794800484,1.2204302056910403,0.5123781844139168,0
-0.894473998375977,-0.938132452948936,-0.9480836482530844,0.3658423523580862,0.2820319704866573,-0.9420375236717596,-0.8193831940055707,-0.1875665409913863,0
-0.5483054353915534,-0.8021297602830183,-0.6440679086943707,2.295758715863121,1.4488354952238804,-1.5759148960008476,-0.8193831940055707,0.5123781844139168,0
-0.2021368724071297,0.7211003975752652,0.8069163028358556,0.8982330733249925,0.2820319704866573,0.3257172209864163,-0.8193831940055707,-1.5874559918019926,1
1.1825373795305647,-0.938132452948936,-0.975721442758422,0.2327446721163597,-1.4681733166191775,-1.5759148960008476,1.2204302056910403,-1.237483629099341,0
-0.2021368724071297,1.3535129184717845,1.297487155305599,1.0313307535667189,1.4488354952238804,-1.2589762098363035,-0.8193831940055707,-1.237483629099341,1
0.8363688165461411,1.27871143750553,1.1592981827789115,0.9647819134458556,1.4488354952238804,1.5934719656445924,1.2204302056910403,-0.5375389036940379,1
-1.5868111243448242,1.2855115721388255,1.3182155011846022,-0.5658414093339995,1.4488354952238804,0.0087785348218723,-0.8193831940055707,0.5123781844139168,0
-0.5483054353915534,-1.7745490128443329,-1.694304099897201,2.561954076346574,-0.8847715542505659,0.9595945933155045,1.2204302056910403,1.21232290981922,0
-0.2021368724071297,0.068287472778858,0.3785304880031225,0.765135393083266,-0.8847715542505659,-1.5759148960008476,-0.8193831940055707,1.5622952725218715,0
-0.2021368724071297,-1.427742146546242,-1.2037332474274578,1.4971726344127618,1.4488354952238804,-0.6250988375072156,1.2204302056910403,-1.5874559918019926,0
-1.5868111243448242,1.0271064560735803,1.338943847063606,0.8982330733249925,1.4488354952238804,1.5934719656445924,1.2204302056910403,1.5622952725218715,1
0.4902002535617175,-0.6321263944506206,-0.3400521691356563,0.4989400325998128,1.4488354952238804,1.2765332794800484,-0.8193831940055707,-0.8875112663966895,0
0.4902002535617175,-1.4345422811795376,-1.6528474081391948,0.0330981517537699,0.8654337328552689,1.2765332794800484,-0.8193831940055707,-1.5874559918019926,0
1.1825373795305647,1.2651111682389384,1.028018658878557,-2.163013572234718,0.2820319704866573,0.6426559071509603,1.2204302056910403,0.5123781844139168,1
-1.2406425613604006,-0.3805214130186719,-0.132768710345624,0.0996469918746332,-1.4681733166191775,0.0087785348218723,1.2204302056910403,1.21232290981922,0
1.1825373795305647,0.1566892230117048,-0.0636742240822795,-0.7654879296965893,-1.4681733166191775,1.5934719656445924,-0.8193831940055707,0.1624058217112652,0
-1.2406425613604006,-0.2581189896193452,-0.0360364295769419,0.1661958319954964,0.8654337328552689,0.3257172209864163,-0.8193831940055707,0.8623505471165683,0
0.1440316905772939,1.5167161496708863,1.6084123434906474,-1.430976330905222,-1.4681733166191775,0.9595945933155045,-0.8193831940055707,-1.237483629099341,0
-1.2406425613604006,0.9591051097406218,0.8483729945938624,0.2327446721163597,-1.4681733166191775,0.9595945933155045,1.2204302056910403,-1.5874559918019926,0
1.5287059425149885,-0.2445187203527536,-0.367689963640994,-0.9651344500591792,0.8654337328552689,-1.5759148960008476,-0.8193831940055707,1.5622952725218715,0
0.8363688165461411,1.9383244969352331,1.6222312407433173,-0.5658414093339995,-0.3013697918819543,0.0087785348218723,-0.8193831940055707,-0.8875112663966895,1
-0.894473998375977,-0.8973316451491609,-0.934264751000416,0.0996469918746332,1.4488354952238804,-0.6250988375072156,1.2204302056910403,-0.1875665409913863,0
0.1440316905772939,1.6731192462366926,1.6567784838749886,0.0330981517537699,1.4488354952238804,0.9595945933155045,-0.8193831940055707,0.8623505471165683,0
1.5287059425149885,0.7075001283086737,0.4683533201454705,0.299293512237223,0.2820319704866573,-0.6250988375072156,-0.8193831940055707,0.1624058217112652,1
1.1825373795305647,1.0951078024065406,1.2283926690422555,-0.2330972087296831,-0.8847715542505659,-0.6250988375072156,-0.8193831940055707,0.8623505471165683,0
0.1440316905772939,1.3263123799386014,1.5393178572273036,-1.4975251710260853,-1.4681733166191775,-0.9420375236717596,-0.8193831940055707,-0.1875665409913863,0
1.1825373795305647,1.747920727202947,1.5600462031063065,1.0978795936875825,-1.4681733166191775,0.3257172209864163,1.2204302056910403,-0.1875665409913863,1
-0.894473998375977,1.4487148033379276,1.4080383333269502,-0.6323902494548628,0.8654337328552689,0.3257172209864163,1.2204302056910403,0.8623505471165683,0
-1.5868111243448242,-0.4145220861851513,-0.3745994122673282,-1.3644274907843588,0.2820319704866573,1.5934719656445924,-0.8193831940055707,0.8623505471165683,0
1.1825373795305647,-0.3397206052188961,-0.0774931213349487,-0.4992925692131362,-0.3013697918819543,-0.6250988375072156,-0.8193831940055707,1.5622952725218715,0
-0.2021368724071297,-0.5233242403178859,-0.4644222444096755,0.4989400325998128,-1.4681733166191775,0.0087785348218723,-0.8193831940055707,0.8623505471165683,0
-0.894473998375977,0.2518911078778479,0.5581761522878171,0.8316842332041292,1.4488354952238804,0.6426559071509603,-0.8193831940055707,0.8623505471165683,0
-1.5868111243448242,0.8095021478081126,1.0211092102522228,0.565488872720676,-0.8847715542505659,0.6426559071509603,-0.8193831940055707,0.5123781844139168,0
-0.894473998375977,1.7003197847698757,1.4218572305796189,-0.2330972087296831,-0.8847715542505659,-1.5759148960008476,-0.8193831940055707,0.8623505471165683,0
-1.2406425613604006,0.0206865303457865,0.0676052998180739,1.0313307535667189,-1.4681733166191775,-1.5759148960008476,1.2204302056910403,-1.237483629099341,0
-0.894473998375977,0.7823016092749283,0.9658336212415474,1.1644284338084456,1.4488354952238804,-0.3081601513426716,1.2204302056910403,1.21232290981922,1
-0.2021368724071297,0.1566892230117048,0.1090619915760807,-1.8302693716304017,-0.8847715542505659,1.5934719656445924,-0.8193831940055707,1.21232290981922,0
-0.894473998375977,-0.3533208744854882,-0.0429458782032767,-1.0982321303009055,0.2820319704866573,0.6426559071509603,1.2204302056910403,-1.237483629099341,0
-0.894473998375977,0.8639032248744799,1.0349281075048913,0.2327446721163597,0.8654337328552689,-0.9420375236717596,-0.8193831940055707,0.8623505471165683,0
1.1825373795305647,-1.6793471279781904,-1.694304099897201,-0.1665483686088198,-0.3013697918819543,-0.3081601513426716,-0.8193831940055707,1.21232290981922,0
0.8363688165461411,-0.2309184510861615,-0.3400521691356563,0.9647819134458556,1.4488354952238804,-0.9420375236717596,1.2204302056910403,-1.237483629099341,1
0.4902002535617175,-0.1833175086530905,-0.3400521691356563,-1.2978786506634954,-0.3013697918819543,1.5934719656445924,-0.8193831940055707,0.1624058217112652,0
-0.2021368724071297,1.0951078024065406,1.297487155305599,-1.0316832901800423,1.4488354952238804,-1.2589762098363035,-0.8193831940055707,0.8623505471165683,0
1.5287059425149885,1.258311033605643,1.1316603882735734,0.6320377128415394,0.8654337328552689,-0.3081601513426716,-0.8193831940055707,-0.1875665409913863,1
-1.2406425613604006,0.2178904347113679,0.4407155256401321,0.0996469918746332,-1.4681733166191775,-0.9420375236717596,1.2204302056910403,-0.8875112663966895,0
-0.5483054353915534,-0.4009218169185592,-0.3262332718829878,1.0313307535667189,1.4488354952238804,0.3257172209864163,-0.8193831940055707,-0.1875665409913863,0
-0.5483054353915534,-0.5233242403178859,-0.6371584600680358,0.4989400325998128,-1.4681733166191775,-0.3081601513426716,-0.8193831940055707,1.21232290981922,0
0.4902002535617175,0.3062921849442152,0.1228808888287492,0.9647819134458556,-1.4681733166191775,-0.6250988375072156,1.2204302056910403,1.21232290981922,0
1.1825373795305647,0.0546872035122665,0.2541604127291033,1.6968191547753515,0.2820319704866573,0.3257172209864163,1.2204302056910403,-0.8875112663966895,1
0.8363688165461411,-1.1353363573145174,-0.8098946757263961,0.4989400325998128,1.4488354952238804,-1.5759148960008476,1.2204302056910403,-0.8875112663966895,0
-0.2021368724071297,0.8639032248744799,0.7309123679461774,0.565488872720676,0.8654337328552689,0.3257172209864163,-0.8193831940055707,-1.5874559918019926,0
-0.2021368724071297,-0.951732722215528,-0.7546190867157208,1.2975261140501722,0.8654337328552689,-0.6250988375072156,1.2204302056910403,1.5622952725218715,0
1.5287059425149885,-0.9585328568488238,-1.1208198639114448,-0.2996460488505464,0.2820319704866573,0.9595945933155045,-0.8193831940055707,-1.5874559918019926,0
-1.2406425613604006,-0.9245321836823444,-1.217552144680127,0.765135393083266,-0.3013697918819543,-0.9420375236717596,-0.8193831940055707,0.1624058217112652,0
-1.2406425613604006,-0.6661270676171,-0.4091466553990002,-0.5658414093339995,-0.8847715542505659,1.2765332794800484,-0.8193831940055707,-0.1875665409913863,0
1.1825373795305647,-0.7681290871165383,-0.6302490114417015,-0.4327437290922729,-1.4681733166191775,0.9595945933155045,1.2204302056910403,-0.1875665409913863,0
-1.2406425613604006,1.7411205925696511,1.6498690352486542,-2.163013572234718,0.8654337328552689,0.9595945933155045,1.2204302056910403,0.5123781844139168,0
-0.2021368724071297,-0.3805214130186719,-0.167315953477296,-1.5640740111469489,0.8654337328552689,-0.6250988375072156,-0.8193831940055707,-0.1875665409913863,0
-0.894473998375977,0.5442968971095717,0.4199871797611293,0.565488872720676,0.8654337328552689,0.6426559071509603,1.2204302056910403,0.8623505471165683,0
-0.5483054353915534,-0.6457266637172121,-0.7684379839683899,0.2327446721163597,-0.3013697918819543,1.5934719656445924,1.2204302056910403,0.1624058217112652,0
-0.5483054353915534,-0.1289164315867232,-0.4436938985306727,-1.2313298105426322,-1.4681733166191775,0.3257172209864163,-0.8193831940055707,-0.5375389036940379,0
1.5287059425149885,-0.1629171047532026,0.0123297108073985,-2.0964647321138545,1.4488354952238804,0.6426559071509603,-0.8193831940055707,-1.5874559918019926,0
0.1440316905772939,-1.101335684148038,-1.1070009666587763,0.6320377128415394,-0.3013697918819543,0.6426559071509603,-0.8193831940055707,1.5622952725218715,0
0.1440316905772939,-0.7749292217498347,-0.616430114189033,0.1661958319954964,1.4488354952238804,-1.5759148960008476,-0.8193831940055707,1.5622952725218715,0
-1.5868111243448242,0.2994920503109188,0.2472509641027684,-0.9651344500591792,-0.3013697918819543,1.2765332794800484,-0.8193831940055707,1.5622952725218715,0
-1.2406425613604006,-1.019734068548487,-0.7269812922103831,0.6320377128415394,-0.8847715542505659,0.6426559071509603,1.2204302056910403,-0.1875665409913863,0
-1.5868111243448242,-1.3121398577802117,-1.0586348262744352,-0.4327437290922729,1.4488354952238804,-0.6250988375072156,1.2204302056910403,1.5622952725218715,0
-1.2406425613604006,-0.0405146813538765,-0.1120403644666206,-1.7637205315095383,0.2820319704866573,0.6426559071509603,-0.8193831940055707,0.5123781844139168,0
0.1440316905772939,1.149508879472908,1.3942194360742817,1.1644284338084456,-0.3013697918819543,0.6426559071509603,-0.8193831940055707,1.21232290981922,1
0.8363688165461411,1.1427087448396125,1.0625659020102296,0.6985865529624027,-1.4681733166191775,0.9595945933155045,1.2204302056910403,-0.1875665409913863,0
1.1825373795305647,-0.3737212783853755,-0.2295009911143056,0.6985865529624027,0.8654337328552689,0.3257172209864163,-0.8193831940055707,-0.1875665409913863,0
0.1440316905772939,0.5918978395426433,0.8483729945938624,-0.0999995284879566,-0.3013697918819543,1.2765332794800484,1.2204302056910403,0.1624058217112652,0
-1.5868111243448242,-1.5229440314123843,-1.5492056787441784,-0.8985856099383158,0.8654337328552689,0.3257172209864163,1.2204302056910403,1.21232290981922,0
-0.894473998375977,1.455514937971223,1.5600462031063065,0.3658423523580862,-0.3013697918819543,-1.5759148960008476,1.2204302056910403,0.8623505471165683,0
1.1825373795305647,-1.2985395885136193,-1.100091518032441,0.765135393083266,0.2820319704866573,0.0087785348218723,-0.8193831940055707,-0.8875112663966895,1
-0.2021368724071297,0.2110903000780721,0.1366997860814184,1.0978795936875825,1.4488354952238804,0.0087785348218723,1.2204302056910403,0.5123781844139168,0
-0.5483054353915534,-1.366540934846579,-1.4870206411071687,-1.0316832901800423,0.8654337328552689,1.5934719656445924,-0.8193831940055707,1.21232290981922,0
1.5287059425149885,-0.8497307027160893,-0.8582608161107372,-0.8320367698174526,-1.4681733166191775,0.0087785348218723,1.2204302056910403,-0.8875112663966895,0
1.1825373795305647,1.3875135916382646,1.4287666792059528,0.565488872720676,-0.8847715542505659,-1.5759148960008476,-0.8193831940055707,-1.5874559918019926,0
-1.2406425613604006,1.3263123799386014,1.1800265286579144,1.2975261140501722,-1.4681733166191775,-1.2589762098363035,-0.8193831940055707,-0.5375389036940379,0
-0.2021368724071297,-0.6253262598173243,-0.5266072820466857,0.2327446721163597,-0.8847715542505659,0.0087785348218723,-0.8193831940055707,-0.5375389036940379,0
0.1440316905772939,-0.7681290871165383,-0.4575127957833412,0.8982330733249925,1.4488354952238804,0.6426559071509603,-0.8193831940055707,-0.5375389036940379,0
-0.5483054353915534,-1.3461405309466907,-1.245189939185464,-0.0999995284879566,0.2820319704866573,-0.3081601513426716,-0.8193831940055707,1.21232290981922,0
-1.2406425613604006,1.543916688204071,1.2836682580529308,-0.0334506883670933,-1.4681733166191775,0.6426559071509603,1.2204302056910403,-0.5375389036940379,0
0.8363688165461411,-0.6593269329838043,-0.4644222444096755,1.6302703146544884,0.8654337328552689,-0.9420375236717596,-0.8193831940055707,-0.1875665409913863,1
0.1440316905772939,-0.6865274715169879,-0.8582608161107372,-1.0982321303009055,1.4488354952238804,-0.6250988375072156,-0.8193831940055707,-1.237483629099341,0
1.5287059425149885,-0.890531510515865,-0.9411741996267502,0.3658423523580862,0.8654337328552689,1.2765332794800484,-0.8193831940055707,-0.5375389036940379,0
0.1440316905772939,0.5850977049093475,0.882920237725535,-1.1647809704217689,1.4488354952238804,0.3257172209864163,-0.8193831940055707,1.5622952725218715,0
1.1825373795305647,0.3810936659104698,0.5029005632771418,0.6320377128415394,0.2820319704866573,1.2765332794800484,-0.8193831940055707,-1.5874559918019926,1
-0.5483054353915534,-0.0813154891536517,0.1159714402024149,-0.0999995284879566,-0.8847715542505659,0.6426559071509603,-0.8193831940055707,-0.1875665409913863,0
0.4902002535617175,0.9115041673075502,0.9865619671205512,0.565488872720676,-1.4681733166191775,-0.6250988375072156,-0.8193831940055707,1.21232290981922,0
1.1825373795305647,-0.3125200666857124,-0.5749734224310262,-0.4327437290922729,1.4488354952238804,0.6426559071509603,-0.8193831940055707,-0.8875112663966895,0
0.4902002535617175,-1.2509386460805478,-1.5008395383598374,-0.2330972087296831,-0.8847715542505659,-1.2589762098363035,1.2204302056910403,-0.8875112663966895,0
0.8363688165461411,-0.5437246442177732,-0.2295009911143056,-0.2996460488505464,1.4488354952238804,0.9595945933155045,-0.8193831940055707,0.5123781844139168,0
-1.5868111243448242,-1.2169379729140684,-1.528477332865175,-0.2996460488505464,0.2820319704866573,-1.5759148960008476,-0.8193831940055707,-0.8875112663966895,0
0.4902002535617175,1.8567228813356815,1.64295958662232,-1.7637205315095383,-1.4681733166191775,-1.5759148960008476,1.2204302056910403,0.8623505471165683,0
0.8363688165461411,1.462315072604519,1.6775068297539926,-0.5658414093339995,1.4488354952238804,0.9595945933155045,-0.8193831940055707,-1.237483629099341,1
1.1825373795305647,1.5507168228373664,1.64295958662232,-0.8320367698174526,0.2820319704866573,0.6426559071509603,1.2204302056910403,-0.8875112663966895,1
1.1825373795305647,1.27871143750553,1.0902036965155666,-1.2313298105426322,-1.4681733166191775,0.0087785348218723,-0.8193831940055707,-0.1875665409913863,0
-0.894473998375977,0.4694954161433172,0.1436092347077526,-0.0999995284879566,-0.3013697918819543,0.0087785348218723,-0.8193831940055707,1.21232290981922,0
1.5287059425149885,-0.3057199320524167,-0.5887923196836954,-1.0982321303009055,-1.4681733166191775,-0.3081601513426716,1.2204302056910403,-0.8875112663966895,0
0.4902002535617175,0.9727053790072144,0.7861879569568527,1.3640749541710353,-1.4681733166191775,0.3257172209864163,-0.8193831940055707,-1.237483629099341,0
0.8363688165461411,0.3878938005437656,0.1090619915760807,0.3658423523580862,-0.3013697918819543,-1.2589762098363035,-0.8193831940055707,1.21232290981922,1
-0.894473998375977,-1.468542954346017,-1.7012135485235351,-1.6306228512678118,-0.8847715542505659,-0.6250988375072156,1.2204302056910403,1.21232290981922,0
-0.2021368724071297,-1.71334780114467,-1.4870206411071687,1.430623794291899,-1.4681733166191775,0.0087785348218723,-0.8193831940055707,-0.5375389036940379,0
1.1825373795305647,0.4558951468767244,0.6549084330564993,0.3658423523580862,-1.4681733166191775,-0.6250988375072156,-0.8193831940055707,-1.237483629099341,0
0.4902002535617175,1.0951078024065406,0.813825751462191,-1.6971716913886752,-1.4681733166191775,0.3257172209864163,-0.8193831940055707,1.21232290981922,0
-0.5483054353915534,-0.0133141428206928,-0.1949537479826336,0.1661958319954964,1.4488354952238804,-0.9420375236717596,1.2204302056910403,-0.8875112663966895,0
1.1825373795305647,-1.52974416604568,-1.376469463085818,0.4989400325998128,-0.3013697918819543,0.6426559071509603,1.2204302056910403,-0.8875112663966895,0
-0.894473998375977,1.3195122453053056,1.1385698368999075,0.0330981517537699,-0.8847715542505659,0.3257172209864163,-0.8193831940055707,1.21232290981922,0
-1.5868111243448242,0.5782975702760518,0.5029005632771418,-0.0999995284879566,-0.8847715542505659,0.9595945933155045,-0.8193831940055707,0.8623505471165683,0
0.1440316905772939,1.5507168228373664,1.23530211766859,1.2309772739293088,0.2820319704866573,-0.9420375236717596,1.2204302056910403,-1.237483629099341,1
0.1440316905772939,-0.1969177779196821,0.0537864025654053,-1.2313298105426322,-1.4681733166191775,0.3257172209864163,1.2204302056910403,-0.1875665409913863,0
1.1825373795305647,-1.2033377036474768,-1.141548209790448,0.0996469918746332,0.8654337328552689,0.9595945933155045,-0.8193831940055707,0.8623505471165683,0
-0.5483054353915534,1.7955216696360188,1.601502894864313,0.565488872720676,0.2820319704866573,-0.3081601513426716,1.2204302056910403,0.5123781844139168,0
1.1825373795305647,-0.360121009118784,-0.3815088608936625,0.0996469918746332,-0.3013697918819543,0.0087785348218723,-0.8193831940055707,-0.8875112663966895,0
-0.2021368724071297,-0.1221162969534275,-0.333142720509322,0.0330981517537699,0.2820319704866573,-0.3081601513426716,1.2204302056910403,0.5123781844139168,0
1.1825373795305647,0.23149070397796,0.5581761522878171,0.0996469918746332,0.2820319704866573,0.6426559071509603,-0.8193831940055707,1.21232290981922,0
-0.5483054353915534,0.6938998590420822,0.6065422926721582,-0.2996460488505464,0.8654337328552689,1.5934719656445924,1.2204302056910403,-1.237483629099341,0
-0.894473998375977,-1.4617428197127211,-1.2659182850644677,1.4971726344127618,-0.3013697918819543,-0.3081601513426716,-0.8193831940055707,0.5123781844139168,0
0.1440316905772939,1.4283143994380405,1.5393178572273036,2.362307555983985,-0.3013697918819543,1.2765332794800484,-0.8193831940055707,0.8623505471165683,1
1.1825373795305647,0.0886878766787459,0.3370737962451157,-0.5658414093339995,1.4488354952238804,0.3257172209864163,1.2204302056910403,-0.5375389036940379,0
0.1440316905772939,0.068287472778858,0.2127037209710965,-3.62708805489371,0.2820319704866573,0.3257172209864163,-0.8193831940055707,-1.237483629099341,0
1.5287059425149885,1.3943137262715604,1.691325727006661,-0.6323902494548628,-0.3013697918819543,-0.3081601513426716,1.2204302056910403,0.8623505471165683,1
1.5287059425149885,1.2719113028722342,1.601502894864313,1.3640749541710353,-0.3013697918819543,-1.5759148960008476,-0.8193831940055707,0.8623505471165683,1
0.4902002535617175,-0.5981257212841405,-0.616430114189033,-0.4992925692131362,-0.3013697918819543,-1.2589762098363035,1.2204302056910403,-0.8875112663966895,0
0.4902002535617175,-1.257738780713844,-1.252099387811799,-0.7654879296965893,0.8654337328552689,1.5934719656445924,-0.8193831940055707,0.8623505471165683,0
-0.894473998375977,0.4422948776101329,0.7378218165725117,-0.8320367698174526,0.8654337328552689,0.9595945933155045,-0.8193831940055707,-0.1875665409913863,0
-0.2021368724071297,-1.5637448392121596,-1.6390285108865257,-0.5658414093339995,1.4488354952238804,-0.3081601513426716,-0.8193831940055707,0.5123781844139168,0
0.4902002535617175,0.2926919156776231,0.2127037209710965,-0.6323902494548628,-1.4681733166191775,-0.3081601513426716,-0.8193831940055707,0.1624058217112652,0
-0.5483054353915534,1.149508879472908,1.0556564533838952,0.765135393083266,1.4488354952238804,0.9595945933155045,1.2204302056910403,-0.8875112663966895,1
-1.2406425613604006,-0.6185261251840285,-0.7891663298473933,-0.6323902494548628,-0.8847715542505659,0.9595945933155045,1.2204302056910403,-0.8875112663966895,0
-1.5868111243448242,0.0750876074121538,0.0745147484444081,-0.6323902494548628,0.8654337328552689,0.9595945933155045,1.2204302056910403,-0.1875665409913863,0
-0.2021368724071297,-0.4621230286182229,-0.2571387856196432,-1.430976330905222,0.8654337328552689,-0.9420375236717596,-0.8193831940055707,-0.8875112663966895,0
0.4902002535617175,0.3810936659104698,0.3716210393767883,1.3640749541710353,-0.8847715542505659,-0.3081601513426716,-0.8193831940055707,1.5622952725218715,0
-0.2021368724071297,-1.590945377745343,-1.576843473249516,-0.6323902494548628,1.4488354952238804,1.2765332794800484,1.2204302056910403,0.8623505471165683,0
-1.5868111243448242,0.6054981088092348,0.3370737962451157,-1.0982321303009055,-0.3013697918819543,-0.6250988375072156,-0.8193831940055707,1.21232290981922,0
1.5287059425149885,-0.0609150852537638,-0.0913120185876172,-0.2330972087296831,-0.3013697918819543,-0.6250988375072156,1.2204302056910403,0.5123781844139168,0
1.5287059425149885,-0.9585328568488238,-1.0862726207797728,-1.430976330905222,1.4488354952238804,1.5934719656445924,-0.8193831940055707,-0.5375389036940379,0
0.4902002535617175,1.169909283372795,0.8483729945938624,1.3640749541710353,1.4488354952238804,0.0087785348218723,-0.8193831940055707,1.5622952725218715,1
1.5287059425149885,-1.1761371651142931,-1.2797371823171366,-0.8985856099383158,0.8654337328552689,-1.5759148960008476,-0.8193831940055707,-0.1875665409913863,0
-1.2406425613604006,-0.3941216822852634,-0.5058789361676823,-0.1665483686088198,-0.8847715542505659,-1.2589762098363035,1.2204302056910403,1.5622952725218715,0
1.5287059425149885,-0.2377185857194579,-0.1534970562246274,-0.2330972087296831,1.4488354952238804,-0.9420375236717596,1.2204302056910403,1.21232290981922,0
0.1440316905772939,1.2515108989723456,1.2214832204159212,1.1644284338084456,1.4488354952238804,0.6426559071509603,1.2204302056910403,-1.237483629099341,1
-0.5483054353915534,-0.795329625649722,-0.8513513674844029,0.4989400325998128,-1.4681733166191775,-0.9420375236717596,-0.8193831940055707,-1.5874559918019926,0
0.1440316905772939,-0.2105180471862742,-0.1534970562246274,0.1661958319954964,0.2820319704866573,0.9595945933155045,1.2204302056910403,-0.5375389036940379,0
0.1440316905772939,0.3470929927439898,0.5443572550351486,0.299293512237223,0.8654337328552689,-0.3081601513426716,1.2204302056910403,-0.8875112663966895,0
0.1440316905772939,-1.2305382421806603,-1.2866466309434708,1.0313307535667189,0.2820319704866573,0.6426559071509603,-0.8193831940055707,-1.237483629099341,0
-0.5483054353915534,0.6462989166090106,0.6549084330564993,-0.2996460488505464,0.8654337328552689,0.0087785348218723,-0.8193831940055707,1.5622952725218715,0
-0.2021368724071297,0.0410869342456744,-0.2018631966089679,0.1661958319954964,1.4488354952238804,1.5934719656445924,1.2204302056910403,-0.1875665409913863,0
0.1440316905772939,-1.08093528024815,-1.4317450520964934,0.1661958319954964,-1.4681733166191775,0.3257172209864163,-0.8193831940055707,1.5622952725218715,0
-0.2021368724071297,-1.658946724078303,-1.6735757540181977,1.5637214745336252,1.4488354952238804,1.2765332794800484,-0.8193831940055707,0.8623505471165683,0
-0.5483054353915534,-1.3937414733797615,-1.376469463085818,0.1661958319954964,0.8654337328552689,-1.2589762098363035,1.2204302056910403,-1.5874559918019926,0
-0.894473998375977,0.5578971663761633,0.5374478064088143,1.430623794291899,1.4488354952238804,0.0087785348218723,1.2204302056910403,-0.5375389036940379,1
-1.2406425613604006,0.9931057829071018,1.076384799262898,-0.5658414093339995,0.8654337328552689,0.3257172209864163,-0.8193831940055707,-0.5375389036940379,0
1.1825373795305647,1.2651111682389384,1.028018658878557,1.0313307535667189,-0.3013697918819543,-1.5759148960008476,1.2204302056910403,1.21232290981922,1
-0.2021368724071297,0.7483009361084495,0.53053835778248,0.565488872720676,0.8654337328552689,-1.5759148960008476,-0.8193831940055707,-0.8875112663966895,0
0.1440316905772939,1.1835095526393868,1.5047706140956325,2.961247117071754,-1.4681733166191775,0.6426559071509603,1.2204302056910403,-0.8875112663966895,0
-0.894473998375977,1.31271211067201,1.2076643231632516,1.2975261140501722,-0.3013697918819543,-0.6250988375072156,-0.8193831940055707,-1.237483629099341,1
-0.2021368724071297,-0.3465207398521925,-0.3193238232566529,-0.1665483686088198,-1.4681733166191775,-1.5759148960008476,-0.8193831940055707,-1.5874559918019926,0
0.4902002535617175,-1.101335684148038,-1.1622765556694516,-1.1647809704217689,-0.3013697918819543,-1.2589762098363035,-0.8193831940055707,1.5622952725218715,0
1.5287059425149885,-0.829330298816202,-0.616430114189033,0.4323911924789496,-0.3013697918819543,1.2765332794800484,-0.8193831940055707,-1.237483629099341,0
1.1825373795305647,-0.1153161623201311,-0.2916860287513152,-1.1647809704217689,1.4488354952238804,-0.3081601513426716,-0.8193831940055707,-1.237483629099341,0
0.1440316905772939,0.0206865303457865,0.0537864025654053,0.4989400325998128,0.8654337328552689,0.6426559071509603,-0.8193831940055707,-1.237483629099341,0
-0.894473998375977,0.0954880113120417,0.1574281319604211,0.4989400325998128,1.4488354952238804,0.9595945933155045,-0.8193831940055707,-1.5874559918019926,0
1.1825373795305647,0.4422948776101329,0.7170934706935089,0.0996469918746332,-0.3013697918819543,-0.3081601513426716,1.2204302056910403,-0.5375389036940379,1
1.5287059425149885,-0.8837313758825687,-1.0655442749007695,-0.1665483686088198,-0.8847715542505659,1.2765332794800484,-0.8193831940055707,1.21232290981922,0
-0.5483054353915534,1.6391185730702127,1.5876839976116446,0.9647819134458556,0.2820319704866573,0.0087785348218723,-0.8193831940055707,0.8623505471165683,1
-0.2021368724071297,-0.1969177779196821,-0.3124143746303186,-0.1665483686088198,-0.3013697918819543,-0.3081601513426716,-0.8193831940055707,0.8623505471165683,0
-0.5483054353915534,0.2654913771444394,0.5443572550351486,-0.2330972087296831,-0.8847715542505659,1.2765332794800484,-0.8193831940055707,-1.237483629099341,0
1.1825373795305647,1.0067060521736932,1.2491210149212584,-1.0982321303009055,0.8654337328552689,-0.9420375236717596,1.2204302056910403,-0.5375389036940379,1
-0.5483054353915534,-0.5777253173842533,-0.3815088608936625,0.2327446721163597,-0.8847715542505659,-0.9420375236717596,-0.8193831940055707,-0.1875665409913863,0
0.1440316905772939,-1.5025436275124964,-1.3488316685804804,0.1661958319954964,0.8654337328552689,0.3257172209864163,1.2204302056910403,1.5622952725218715,0
0.4902002535617175,-0.2649191242526415,-0.0636742240822795,-0.2996460488505464,0.2820319704866573,1.2765332794800484,-0.8193831940055707,-1.5874559918019926,0
-0.2021368724071297,-0.829330298816202,-0.9964497886374256,0.0996469918746332,0.8654337328552689,1.5934719656445924,1.2204302056910403,-1.5874559918019926,0
1.1825373795305647,1.2175102258058668,1.0211092102522228,0.299293512237223,-0.8847715542505659,1.5934719656445924,1.2204302056910403,0.5123781844139168,0
-0.2021368724071297,1.27871143750553,1.1523887341525765,-0.0999995284879566,-1.4681733166191775,0.6426559071509603,-0.8193831940055707,-1.5874559918019926,0
1.1825373795305647,-0.3261203359523046,-0.250229336993309,-1.2978786506634954,0.2820319704866573,1.5934719656445924,1.2204302056910403,0.1624058217112652,0
-1.5868111243448242,0.7959018785415198,0.7447312651988459,-0.4327437290922729,-1.4681733166191775,-0.3081601513426716,-0.8193831940055707,-1.237483629099341,0
-0.2021368724071297,0.7687013400083368,0.6963651248145049,0.2327446721163597,-0.3013697918819543,1.5934719656445924,1.2204302056910403,-0.5375389036940379,0
0.4902002535617175,-0.3873215476519677,-0.250229336993309,0.0996469918746332,-0.8847715542505659,-0.6250988375072156,-0.8193831940055707,-1.5874559918019926,0
1.1825373795305647,-1.3733410694798744,-1.70812299714987,0.765135393083266,-1.4681733166191775,-1.2589762098363035,-0.8193831940055707,0.8623505471165683,0
-1.5868111243448242,-0.9041317797824566,-0.7062529463313802,0.2327446721163597,-1.4681733166191775,0.3257172209864163,-0.8193831940055707,-1.237483629099341,0
1.5287059425149885,1.5507168228373664,1.553136754479972,0.0996469918746332,0.8654337328552689,-0.3081601513426716,-0.8193831940055707,0.8623505471165683,1
-0.894473998375977,1.591517630637141,1.4425855764586215,1.8964656751379412,-0.8847715542505659,0.9595945933155045,-0.8193831940055707,-0.1875665409913863,0
-1.5868111243448242,1.0407067253401734,0.7861879569568527,1.8299168350170785,-1.4681733166191775,0.6426559071509603,-0.8193831940055707,0.5123781844139168,0
1.1825373795305647,0.6870997244087852,1.0349281075048913,-0.3661948889714096,-1.4681733166191775,-0.6250988375072156,1.2204302056910403,-0.8875112663966895,0
-0.5483054353915534,-1.2033377036474768,-0.9480836482530844,-0.9651344500591792,-1.4681733166191775,0.9595945933155045,1.2204302056910403,0.5123781844139168,0
-1.5868111243448242,1.6459187077035085,1.6222312407433173,-1.6971716913886752,0.8654337328552689,-1.5759148960008476,1.2204302056910403,-0.5375389036940379,0
-1.5868111243448242,-1.6997475318780777,-1.5630245759968475,0.2327446721163597,0.8654337328552689,1.2765332794800484,-0.8193831940055707,0.8623505471165683,0
0.8363688165461411,0.7006999936753779,0.627270638551161,-1.0316832901800423,0.8654337328552689,1.5934719656445924,-0.8193831940055707,-1.5874559918019926,1
-1.2406425613604006,0.7551010707417453,0.8276446487148595,-0.8320367698174526,-0.8847715542505659,0.9595945933155045,-0.8193831940055707,-0.5375389036940379,0
1.1825373795305647,-0.3805214130186719,-0.0567647754559453,1.4971726344127618,-1.4681733166191775,0.9595945933155045,-0.8193831940055707,-1.237483629099341,0
0.8363688165461411,-0.8157300295496098,-0.733890740836718,-0.4992925692131362,1.4488354952238804,0.6426559071509603,-0.8193831940055707,1.21232290981922,0
0.1440316905772939,-1.0061337992818955,-0.7062529463313802,-1.2978786506634954,-1.4681733166191775,-1.2589762098363035,1.2204302056910403,-1.237483629099341,0
-0.2021368724071297,-0.4825234325181102,-0.5957017683100296,1.7633679948962149,1.4488354952238804,-0.9420375236717596,-0.8193831940055707,0.8623505471165683,0
1.5287059425149885,-0.2105180471862742,0.0537864025654053,-0.8985856099383158,0.8654337328552689,0.0087785348218723,-0.8193831940055707,-0.5375389036940379,0
1.1825373795305647,-1.3937414733797615,-1.7150324457762045,-1.2313298105426322,-0.3013697918819543,0.0087785348218723,-0.8193831940055707,0.8623505471165683,0
-0.894473998375977,1.4147141301714476,1.3458532956899405,0.0330981517537699,-0.8847715542505659,-0.9420375236717596,-0.8193831940055707,-0.1875665409913863,0
0.4902002535617175,-1.08093528024815,-1.1691860042957858,-0.7654879296965893,-0.8847715542505659,1.2765332794800484,-0.8193831940055707,-1.237483629099341,0
-0.894473998375977,0.2246905693446642,0.3094360017397787,-0.8320367698174526,-0.3013697918819543,-1.5759148960008476,1.2204302056910403,-0.1875665409913863,0
0.4902002535617175,-0.5913255866508448,-0.6855246004523768,-0.2996460488505464,-0.8847715542505659,-0.3081601513426716,-0.8193831940055707,-0.1875665409913863,0
0.8363688165461411,0.4150943390769498,0.4476249742664664,0.4989400325998128,0.8654337328552689,-0.6250988375072156,-0.8193831940055707,0.1624058217112652,1
1.1825373795305647,0.7483009361084495,0.5374478064088143,0.2327446721163597,1.4488354952238804,1.5934719656445924,-0.8193831940055707,-0.8875112663966895,1
-1.2406425613604006,-1.3325402616800988,-1.5975718191285195,-0.0999995284879566,-0.3013697918819543,-1.5759148960008476,1.2204302056910403,-0.1875665409913863,0
-0.5483054353915534,-0.6661270676171,-0.4920600389150132,-0.3661948889714096,0.8654337328552689,0.3257172209864163,-0.8193831940055707,-0.8875112663966895,0
-0.2021368724071297,-0.1493168354866111,0.1781564778394246,0.6320377128415394,0.8654337328552689,0.0087785348218723,1.2204302056910403,0.8623505471165683,0
-1.2406425613604006,0.5510970317428675,0.6134517412984924,0.4989400325998128,0.8654337328552689,1.5934719656445924,-0.8193831940055707,-1.237483629099341,0
-0.894473998375977,-0.2989197974191209,-0.2709576828723124,-0.1665483686088198,-0.8847715542505659,0.9595945933155045,-0.8193831940055707,0.5123781844139168,0
0.1440316905772939,0.149889088378409,0.1228808888287492,0.4989400325998128,0.8654337328552689,-0.9420375236717596,1.2204302056910403,-0.5375389036940379,0
0.4902002535617175,-0.5505247788510697,-0.3538710663883254,-1.4975251710260853,-0.3013697918819543,-1.2589762098363035,-0.8193831940055707,1.21232290981922,0
-0.5483054353915534,0.5442968971095717,0.2887076558607753,-1.6306228512678118,-0.3013697918819543,-1.5759148960008476,1.2204302056910403,1.21232290981922,0
-0.2021368724071297,1.169909283372795,1.076384799262898,-1.0982321303009055,-0.8847715542505659,1.5934719656445924,1.2204302056910403,-0.8875112663966895,0
-0.2021368724071297,1.4215142648047434,1.4011288847006158,0.8982330733249925,-1.4681733166191775,-1.5759148960008476,-0.8193831940055707,-0.8875112663966895,0
0.8363688165461411,0.986305648273806,0.8691013404728651,-0.6323902494548628,-1.4681733166191775,-1.2589762098363035,-0.8193831940055707,-0.5375389036940379,0
0.4902002535617175,1.2923117067721217,1.2629399121739269,0.3658423523580862,1.4488354952238804,1.5934719656445924,1.2204302056910403,1.5622952725218715,0
0.8363688165461411,-1.5365443006789763,-1.4179261548438242,-0.2996460488505464,0.8654337328552689,-1.5759148960008476,1.2204302056910403,-0.8875112663966895,0
0.8363688165461411,0.3334927234773983,0.0676052998180739,-0.5658414093339995,-1.4681733166191775,0.3257172209864163,-0.8193831940055707,1.21232290981922,0
-0.2021368724071297,0.0750876074121538,0.0468769539390705,1.1644284338084456,0.8654337328552689,1.5934719656445924,-0.8193831940055707,-0.8875112663966895,0
1.1825373795305647,-2.019353859642986,-1.7426702402815422,-0.0334506883670933,0.8654337328552689,-1.5759148960008476,1.2204302056910403,-0.1875665409913863,0
-1.5868111243448242,-0.7001277407835794,-0.4575127957833412,-0.0334506883670933,-0.8847715542505659,-1.2589762098363035,-0.8193831940055707,-1.237483629099341,0
1.5287059425149885,-0.9789332607487118,-0.7131623949577146,0.8316842332041292,1.4488354952238804,-0.3081601513426716,1.2204302056910403,1.5622952725218715,1
1.5287059425149885,-1.6045456470119352,-1.4248356034701593,-0.0334506883670933,0.2820319704866573,-0.6250988375072156,-0.8193831940055707,0.1624058217112652,0
-1.2406425613604006,-1.8833511669770675,-1.5837529218758504,0.3658423523580862,0.2820319704866573,0.9595945933155045,-0.8193831940055707,-0.5375389036940379,0
-0.2021368724071297,-1.019734068548487,-1.0655442749007695,0.6320377128415394,0.2820319704866573,1.2765332794800484,1.2204302056910403,-0.5375389036940379,0
1.5287059425149885,-0.7409285485833547,-0.6440679086943707,1.4971726344127618,-1.4681733166191775,1.5934719656445924,-0.8193831940055707,-0.5375389036940379,0
0.4902002535617175,1.081507533139948,1.2836682580529308,0.299293512237223,0.8654337328552689,1.2765332794800484,1.2204302056910403,-1.5874559918019926,0
1.1825373795305647,0.6462989166090106,0.7585501624515157,1.2309772739293088,1.4488354952238804,-0.3081601513426716,-0.8193831940055707,0.8623505471165683,1
-1.2406425613604006,-0.6729272022503958,-0.9135364051214124,2.229209875742258,-0.8847715542505659,-0.3081601513426716,1.2204302056910403,0.8623505471165683,0
-1.2406425613604006,-1.2101378382807726,-0.9066269564950784,-0.5658414093339995,1.4488354952238804,-1.5759148960008476,1.2204302056910403,-0.5375389036940379,0
0.1440316905772939,0.537496762476276,0.2748887586081061,-0.0334506883670933,0.2820319704866573,-1.2589762098363035,1.2204302056910403,-0.8875112663966895,0
-1.5868111243448242,-1.08093528024815,-0.8789891619897406,1.0978795936875825,0.2820319704866573,-1.2589762098363035,-0.8193831940055707,-0.5375389036940379,0
-0.894473998375977,-1.3189399924135072,-1.0240875831427632,0.1661958319954964,0.8654337328552689,1.2765332794800484,1.2204302056910403,0.5123781844139168,0
-0.2021368724071297,1.0271064560735803,0.979652518494216,1.2975261140501722,-0.3013697918819543,-1.5759148960008476,1.2204302056910403,0.1624058217112652,1
-0.5483054353915534,-0.6933276061502837,-0.6095206655626981,-0.2996460488505464,1.4488354952238804,-1.5759148960008476,-0.8193831940055707,-0.5375389036940379,0
-0.894473998375977,0.0410869342456744,-0.2985954773776501,-0.1665483686088198,0.2820319704866573,-0.9420375236717596,-0.8193831940055707,0.5123781844139168,0
1.1825373795305647,1.149508879472908,1.4633139223376257,0.0330981517537699,1.4488354952238804,-0.3081601513426716,1.2204302056910403,1.5622952725218715,1
-1.5868111243448242,1.2447107643390498,1.007290312999554,0.4989400325998128,-1.4681733166191775,0.9595945933155045,-0.8193831940055707,0.8623505471165683,0
0.4902002535617175,0.9999059175403976,1.332034398437272,-0.8320367698174526,0.8654337328552689,-1.5759148960008476,1.2204302056910403,0.5123781844139168,0
-0.5483054353915534,0.23149070397796,-0.0291269809506076,-0.8985856099383158,-0.8847715542505659,-0.9420375236717596,1.2204302056910403,-0.1875665409913863,0
-1.5868111243448242,1.210710091172571,1.5116800627219664,0.2327446721163597,0.8654337328552689,1.5934719656445924,1.2204302056910403,-0.8875112663966895,0
-1.5868111243448242,0.3470929927439898,0.6687273303091679,-0.2996460488505464,0.2820319704866573,0.0087785348218723,-0.8193831940055707,0.5123781844139168,0
1.5287059425149885,0.7891017439082241,1.076384799262898,-0.0999995284879566,-1.4681733166191775,-0.6250988375072156,-0.8193831940055707,-0.8875112663966895,0
0.1440316905772939,-1.2033377036474768,-0.927355302374081,-0.1665483686088198,0.2820319704866573,0.6426559071509603,-0.8193831940055707,0.5123781844139168,0
-1.2406425613604006,0.8707033595077757,1.028018658878557,-0.9651344500591792,-0.3013697918819543,-0.6250988375072156,1.2204302056910403,-0.8875112663966895,0
-0.894473998375977,1.6119180345370296,1.5807745489853104,-0.5658414093339995,-1.4681733166191775,-0.3081601513426716,1.2204302056910403,-0.1875665409913863,0
-0.2021368724071297,0.1770896269115927,0.5098100119034761,0.6320377128415394,-0.8847715542505659,0.9595945933155045,-0.8193831940055707,-1.237483629099341,0
0.8363688165461411,-0.441722624718335,-0.6095206655626981,1.0313307535667189,-1.4681733166191775,0.0087785348218723,-0.8193831940055707,0.8623505471165683,0
-0.894473998375977,0.0002861264458992,0.2541604127291033,-0.4992925692131362,-1.4681733166191775,-0.9420375236717596,1.2204302056910403,-1.5874559918019926,0
-0.894473998375977,-0.5573249134843654,-0.5058789361676823,1.430623794291899,-0.3013697918819543,0.9595945933155045,-0.8193831940055707,-0.5375389036940379,0
0.1440316905772939,0.6394987819757149,0.599632844045824,-0.7654879296965893,0.8654337328552689,0.0087785348218723,-0.8193831940055707,-0.5375389036940379,0
0.1440316905772939,0.0954880113120417,-0.2364104397406398,-1.0982321303009055,-0.8847715542505659,0.9595945933155045,1.2204302056910403,0.8623505471165683,0
-1.5868111243448242,-1.0945355495147422,-0.934264751000416,0.4989400325998128,-1.4681733166191775,1.2765332794800484,1.2204302056910403,0.5123781844139168,0
1.1825373795305647,-0.3805214130186719,-0.5957017683100296,-0.5658414093339995,-1.4681733166191775,0.9595945933155045,-0.8193831940055707,0.1624058217112652,0
-1.5868111243448242,0.8231024170747041,1.1040225937682364,-0.1665483686088198,-0.3013697918819543,0.9595945933155045,-0.8193831940055707,-1.5874559918019926,0
0.8363688165461411,-0.938132452948936,-1.17609545292212,-0.5658414093339995,-1.4681733166191775,0.3257172209864163,-0.8193831940055707,-1.237483629099341,0
-1.5868111243448242,-0.7069278754168752,-0.8029852271000618,-0.0334506883670933,-1.4681733166191775,0.0087785348218723,-0.8193831940055707,-1.237483629099341,0
0.4902002535617175,-0.4009218169185592,-0.6026112169363639,-0.9651344500591792,-1.4681733166191775,0.9595945933155045,-0.8193831940055707,1.21232290981922,0
-0.5483054353915534,-0.135716566220019,-0.2364104397406398,1.430623794291899,0.2820319704866573,-0.9420375236717596,-0.8193831940055707,-0.5375389036940379,0
-0.5483054353915534,-0.8021297602830183,-0.498969487541348,-1.0982321303009055,-0.8847715542505659,-1.5759148960008476,-0.8193831940055707,0.8623505471165683,0
1.5287059425149885,-0.4689231632515186,-0.5542450765520228,0.6320377128415394,0.2820319704866573,1.2765332794800484,-0.8193831940055707,0.8623505471165683,0
0.8363688165461411,-0.2921196627858252,-0.4851505902886789,1.1644284338084456,0.8654337328552689,-0.6250988375072156,-0.8193831940055707,0.1624058217112652,1
0.4902002535617175,0.7075001283086737,0.6410895358038308,-0.8320367698174526,-1.4681733166191775,1.2765332794800484,1.2204302056910403,-0.1875665409913863,0
0.8363688165461411,-1.7269480704112614,-1.6666663053918631,-0.4327437290922729,0.8654337328552689,0.6426559071509603,1.2204302056910403,1.5622952725218715,0
0.4902002535617175,1.407913995538152,1.6567784838749886,1.3640749541710353,-0.8847715542505659,-0.9420375236717596,1.2204302056910403,-0.8875112663966895,0
0.4902002535617175,1.2855115721388255,1.601502894864313,0.3658423523580862,-0.3013697918819543,1.2765332794800484,1.2204302056910403,0.5123781844139168,0
-0.5483054353915534,0.8027020131748168,0.7032745734408403,0.2327446721163597,-0.3013697918819543,1.2765332794800484,-0.8193831940055707,0.5123781844139168,0
1.5287059425149885,-1.0741351456148542,-1.3902883603384872,-0.0334506883670933,0.8654337328552689,-1.2589762098363035,1.2204302056910403,0.8623505471165683,0
-0.2021368724071297,-0.21731818181957,-0.0014891864452699,-1.4975251710260853,-1.4681733166191775,0.0087785348218723,-0.8193831940055707,0.1624058217112652,0
1.1825373795305647,1.2039099565392752,1.553136754479972,-0.9651344500591792,-0.8847715542505659,1.2765332794800484,1.2204302056910403,-1.237483629099341,0
-1.5868111243448242,0.986305648273806,0.9451052753625444,0.4989400325998128,0.2820319704866573,-1.2589762098363035,-0.8193831940055707,0.5123781844139168,0
1.1825373795305647,-0.9245321836823444,-0.6924340490787112,-0.5658414093339995,-0.3013697918819543,0.0087785348218723,-0.8193831940055707,-1.237483629099341,0
1.1825373795305647,1.108708071673132,1.2629399121739269,0.9647819134458556,0.8654337328552689,0.3257172209864163,-0.8193831940055707,-1.237483629099341,1
-1.5868111243448242,-0.054114950620468,0.281798207234441,0.0330981517537699,0.8654337328552689,0.6426559071509603,-0.8193831940055707,-0.1875665409913863,0
-0.5483054353915534,0.340292858110694,0.3094360017397787,1.1644284338084456,0.2820319704866573,0.0087785348218723,-0.8193831940055707,0.1624058217112652,1
0.8363688165461411,0.4286946083435414,0.3232548989924472,1.1644284338084456,-0.3013697918819543,0.9595945933155045,-0.8193831940055707,0.1624058217112652,1
0.4902002535617175,0.0342867996123786,0.364711590750454,-0.6323902494548628,0.8654337328552689,-0.3081601513426716,1.2204302056910403,-1.237483629099341,0
-0.5483054353915534,-0.3533208744854882,-0.2709576828723124,-1.0982321303009055,0.2820319704866573,1.2765332794800484,-0.8193831940055707,-1.5874559918019926,0
0.8363688165461411,-1.4481425504461292,-1.3488316685804804,0.1661958319954964,-0.3013697918819543,0.0087785348218723,-0.8193831940055707,0.5123781844139168,0
1.5287059425149885,-0.1493168354866111,0.0606958511917396,0.4323911924789496,-0.3013697918819543,-1.5759148960008476,1.2204302056910403,-1.5874559918019926,0
0.4902002535617175,1.081507533139948,0.9727430698678816,0.299293512237223,-0.8847715542505659,1.2765332794800484,1.2204302056910403,1.5622952725218715,0
0.4902002535617175,0.7483009361084495,0.8760107890992007,0.8316842332041292,-0.8847715542505659,-0.6250988375072156,-0.8193831940055707,-0.5375389036940379,0
1.5287059425149885,-0.0677152198870601,-0.4091466553990002,-0.4992925692131362,1.4488354952238804,-1.5759148960008476,-0.8193831940055707,-0.8875112663966895,0
-0.5483054353915534,0.6870997244087852,0.9451052753625444,1.0313307535667189,0.8654337328552689,-1.2589762098363035,1.2204302056910403,-1.237483629099341,1
0.1440316905772939,0.9115041673075502,0.6203611899248267,-0.1665483686088198,-1.4681733166191775,1.2765332794800484,-0.8193831940055707,0.1624058217112652,0
0.1440316905772939,1.9655250354684164,1.670597381127657,-0.8320367698174526,0.2820319704866573,0.0087785348218723,-0.8193831940055707,1.5622952725218715,0
0.1440316905772939,1.401113860904856,1.1385698368999075,-0.1665483686088198,-0.8847715542505659,1.2765332794800484,-0.8193831940055707,0.8623505471165683,0
0.1440316905772939,1.4283143994380405,1.5876839976116446,0.4323911924789496,-1.4681733166191775,1.5934719656445924,1.2204302056910403,-0.1875665409913863,0
-1.5868111243448242,-0.1493168354866111,0.0054202621810642,-1.6971716913886752,1.4488354952238804,0.6426559071509603,-0.8193831940055707,-0.1875665409913863,0
0.8363688165461411,0.5782975702760518,0.4268966283874637,0.0330981517537699,1.4488354952238804,0.3257172209864163,1.2204302056910403,-1.237483629099341,1
-0.5483054353915534,0.7415008014751525,0.6756367789355021,1.5637214745336252,1.4488354952238804,0.9595945933155045,-0.8193831940055707,-1.237483629099341,1
-1.5868111243448242,-0.7001277407835794,-0.4367844499043378,-0.0334506883670933,1.4488354952238804,0.0087785348218723,-0.8193831940055707,0.1624058217112652,0
0.4902002535617175,1.4215142648047434,1.684416278380327,-0.1665483686088198,0.8654337328552689,-0.3081601513426716,-0.8193831940055707,0.5123781844139168,0
0.1440316905772939,0.6258985127091221,0.3094360017397787,0.4323911924789496,-1.4681733166191775,0.9595945933155045,-0.8193831940055707,0.1624058217112652,0
0.4902002535617175,-0.2105180471862742,-0.3400521691356563,0.4323911924789496,0.8654337328552689,-0.3081601513426716,-0.8193831940055707,-1.237483629099341,0
-1.2406425613604006,-1.4549426850794254,-1.2106426960537922,-0.0334506883670933,1.4488354952238804,0.0087785348218723,1.2204302056910403,1.5622952725218715,0
1.5287059425149885,0.1702894922782969,0.0123297108073985,-0.8320367698174526,1.4488354952238804,-0.9420375236717596,1.2204302056910403,-0.1875665409913863,0
-1.2406425613604006,1.1359086102063152,0.8069163028358556,0.3658423523580862,0.8654337328552689,-0.6250988375072156,-0.8193831940055707,-0.1875665409913863,0
-0.894473998375977,0.9455048404740304,0.7930974055831871,-0.0999995284879566,1.4488354952238804,0.0087785348218723,-0.8193831940055707,1.5622952725218715,0
0.1440316905772939,-1.0877354148814464,-1.134638761164114,-0.4327437290922729,0.8654337328552689,-0.3081601513426716,-0.8193831940055707,1.5622952725218715,0
1.1825373795305647,1.2243103604391623,1.1869359772842487,-1.8302693716304017,-0.3013697918819543,-1.2589762098363035,1.2204302056910403,1.5622952725218715,1
0.4902002535617175,0.0002861264458992,-0.2778671314986466,-0.8985856099383158,-0.8847715542505659,-0.6250988375072156,-0.8193831940055707,-0.8875112663966895,0
-0.894473998375977,0.5102962239430917,0.4890816660244733,-0.2330972087296831,1.4488354952238804,1.2765332794800484,1.2204302056910403,1.21232290981922,0
-0.894473998375977,0.2382908386112558,0.0054202621810642,-0.6323902494548628,0.8654337328552689,-0.9420375236717596,-0.8193831940055707,-1.5874559918019926,0
1.5287059425149885,0.1634893576450005,0.1574281319604211,-0.2996460488505464,-0.3013697918819543,0.6426559071509603,1.2204302056910403,-0.8875112663966895,0
-0.2021368724071297,1.598317765270438,1.6153217921169818,-2.2961112524764444,-0.8847715542505659,1.2765332794800484,1.2204302056910403,0.1624058217112652,0
-0.894473998375977,0.3878938005437656,0.5789044981668199,0.0996469918746332,0.8654337328552689,1.5934719656445924,-0.8193831940055707,1.21232290981922,0
-0.5483054353915534,-1.2985395885136193,-1.6528474081391948,0.299293512237223,-1.4681733166191775,-0.3081601513426716,1.2204302056910403,0.8623505471165683,0
0.4902002535617175,1.7275203233030598,1.64295958662232,-0.4327437290922729,0.2820319704866573,-1.5759148960008476,1.2204302056910403,-0.1875665409913863,0
-0.2021368724071297,0.7415008014751525,0.9381958267362104,1.430623794291899,-1.4681733166191775,0.6426559071509603,1.2204302056910403,1.5622952725218715,0
1.1825373795305647,1.061107129240061,1.1523887341525765,1.5637214745336252,1.4488354952238804,-1.2589762098363035,-0.8193831940055707,-0.1875665409913863,1
-1.2406425613604006,-0.829330298816202,-0.6855246004523768,1.0978795936875825,0.8654337328552689,1.2765332794800484,-0.8193831940055707,1.5622952725218715,0
1.5287059425149885,-1.2985395885136193,-0.9826308913847565,0.1661958319954964,-1.4681733166191775,-0.6250988375072156,-0.8193831940055707,0.5123781844139168,0
-0.2021368724071297,0.2110903000780721,0.0676052998180739,0.299293512237223,1.4488354952238804,-0.9420375236717596,1.2204302056910403,1.21232290981922,0
-0.5483054353915534,1.747920727202947,1.691325727006661,-0.0334506883670933,-1.4681733166191775,-1.5759148960008476,-0.8193831940055707,-0.8875112663966895,0
-0.5483054353915534,-0.4621230286182229,-0.367689963640994,-0.1665483686088198,0.2820319704866573,0.0087785348218723,-0.8193831940055707,-1.237483629099341,0
1.1825373795305647,-0.3057199320524167,-0.3400521691356563,0.3658423523580862,-0.8847715542505659,-0.6250988375072156,-0.8193831940055707,-0.8875112663966895,0
1.1825373795305647,0.4830956854099087,0.6065422926721582,-0.7654879296965893,-1.4681733166191775,-1.2589762098363035,-0.8193831940055707,-0.5375389036940379,0
-0.2021368724071297,0.7687013400083368,0.9727430698678816,1.3640749541710353,-0.8847715542505659,0.6426559071509603,-0.8193831940055707,-0.8875112663966895,0
0.8363688165461411,-1.5433444353122725,-1.2382804905591298,-0.8985856099383158,0.2820319704866573,1.5934719656445924,-0.8193831940055707,0.1624058217112652,0
0.1440316905772939,-1.550144569945568,-1.2797371823171366,-1.6306228512678118,0.8654337328552689,0.0087785348218723,1.2204302056910403,-1.237483629099341,0
-1.2406425613604006,0.7483009361084495,0.9451052753625444,-0.698939089575726,-1.4681733166191775,1.2765332794800484,-0.8193831940055707,0.1624058217112652,0
-0.2021368724071297,1.6799193808699884,1.5462273058536378,2.295758715863121,0.2820319704866573,-1.2589762098363035,1.2204302056910403,-1.5874559918019926,1
0.4902002535617175,0.8299025517079999,1.00038086437322,-0.0334506883670933,0.8654337328552689,-0.3081601513426716,1.2204302056910403,-1.5874559918019926,0
0.4902002535617175,0.5782975702760518,0.5719950495404856,0.2327446721163597,0.8654337328552689,-1.2589762098363035,1.2204302056910403,0.8623505471165683,0
0.4902002535617175,1.0271064560735803,1.3043966039319337,-0.2330972087296831,-0.8847715542505659,1.5934719656445924,1.2204302056910403,0.1624058217112652,0
0.4902002535617175,1.7003197847698757,1.4909517168429625,0.0996469918746332,1.4488354952238804,0.9595945933155045,1.2204302056910403,-0.1875665409913863,0
-1.2406425613604006,1.4215142648047434,1.6982351756329954,-0.0334506883670933,0.2820319704866573,0.0087785348218723,1.2204302056910403,1.21232290981922,0
-1.5868111243448242,-0.4757232978848144,-0.6371584600680358,0.299293512237223,0.2820319704866573,1.5934719656445924,-0.8193831940055707,-1.237483629099341,0
0.1440316905772939,-0.2989197974191209,-0.5818828710573605,0.1661958319954964,1.4488354952238804,0.6426559071509603,-0.8193831940055707,-0.1875665409913863,0
1.5287059425149885,-0.890531510515865,-0.7684379839683899,0.0330981517537699,-1.4681733166191775,1.5934719656445924,1.2204302056910403,1.21232290981922,0
0.1440316905772939,1.1019079370398364,1.0141997616258884,-0.8320367698174526,0.8654337328552689,0.6426559071509603,-0.8193831940055707,-1.5874559918019926,0
-1.2406425613604006,0.8163022824414083,0.7101840220671747,1.8299168350170785,0.8654337328552689,-0.6250988375072156,-0.8193831940055707,-0.1875665409913863,1
1.5287059425149885,1.3603130531050802,1.4564044737112911,0.0996469918746332,0.8654337328552689,-1.2589762098363035,1.2204302056910403,-0.1875665409913863,1
-1.2406425613604006,-0.0065140081873971,-0.1604065048509617,-1.4975251710260853,1.4488354952238804,-1.2589762098363035,-0.8193831940055707,1.5622952725218715,0
0.4902002535617175,-1.2509386460805478,-1.0931820694061072,0.9647819134458556,1.4488354952238804,-0.6250988375072156,-0.8193831940055707,1.5622952725218715,0
-1.5868111243448242,1.0339065907068776,1.193845425910583,0.3658423523580862,1.4488354952238804,-0.3081601513426716,1.2204302056910403,0.8623505471165683,0
0.8363688165461411,1.081507533139948,0.7792785083305185,-1.3644274907843588,-1.4681733166191775,1.5934719656445924,1.2204302056910403,1.5622952725218715,0
0.1440316905772939,1.2175102258058668,1.2629399121739269,-0.0999995284879566,1.4488354952238804,0.0087785348218723,1.2204302056910403,-1.237483629099341,0
0.4902002535617175,-1.1761371651142931,-0.9964497886374256,-0.4992925692131362,-0.8847715542505659,-1.5759148960008476,1.2204302056910403,-0.8875112663966895,0
-1.5868111243448242,-1.611345781645231,-1.5077489869861722,-1.3644274907843588,0.2820319704866573,-1.2589762098363035,-0.8193831940055707,-1.237483629099341,0
-0.5483054353915534,0.0750876074121538,0.1505186833340869,-0.698939089575726,-1.4681733166191775,-0.6250988375072156,1.2204302056910403,0.5123781844139168,0
-1.5868111243448242,0.2586912425111436,-0.0153080836979391,-0.4327437290922729,-1.4681733166191775,-1.5759148960008476,-0.8193831940055707,1.21232290981922,0
0.4902002535617175,-1.257738780713844,-0.9826308913847565,-0.4327437290922729,0.2820319704866573,-1.2589762098363035,-0.8193831940055707,-1.5874559918019926,0
-0.5483054353915534,1.7003197847698757,1.4702233709639596,-0.0999995284879566,1.4488354952238804,-1.5759148960008476,1.2204302056910403,-1.5874559918019926,0
0.1440316905772939,-1.4209420119129454,-1.127729312537779,-0.4992925692131362,-0.3013697918819543,-0.3081601513426716,1.2204302056910403,-0.8875112663966895,0
0.1440316905772939,0.2994920503109188,0.1366997860814184,-0.4327437290922729,-1.4681733166191775,-1.2589762098363035,-0.8193831940055707,-1.237483629099341,0
0.4902002535617175,1.3535129184717845,1.64295958662232,-1.6971716913886752,0.8654337328552689,0.0087785348218723,1.2204302056910403,-0.5375389036940379,0
0.4902002535617175,1.4691152072378149,1.4564044737112911,0.6320377128415394,0.8654337328552689,1.2765332794800484,1.2204302056910403,0.1624058217112652,0
0.4902002535617175,-0.9109319144157524,-1.044815929021767,-0.2996460488505464,1.4488354952238804,-0.6250988375072156,-0.8193831940055707,0.5123781844139168,0
-0.2021368724071297,0.0954880113120417,-0.1258592617192898,0.4989400325998128,0.8654337328552689,0.0087785348218723,-0.8193831940055707,1.5622952725218715,0
-1.5868111243448242,-0.8021297602830183,-0.5266072820466857,0.0330981517537699,1.4488354952238804,-1.5759148960008476,-0.8193831940055707,-0.5375389036940379,0
-1.2406425613604006,1.4827154765044075,1.3043966039319337,-0.8320367698174526,0.2820319704866573,-1.5759148960008476,-0.8193831940055707,-1.237483629099341,0
1.5287059425149885,1.788721535002723,1.5600462031063065,-0.4327437290922729,0.2820319704866573,-1.2589762098363035,-0.8193831940055707,0.5123781844139168,1
0.1440316905772939,-0.8497307027160893,-0.6717057031997083,-0.4992925692131362,0.2820319704866573,-0.6250988375072156,-0.8193831940055707,-1.5874559918019926,0
-0.5483054353915534,1.054306994606765,1.076384799262898,-1.2313298105426322,-0.3013697918819543,-0.3081601513426716,-0.8193831940055707,0.8623505471165683,0
-0.5483054353915534,0.7891017439082241,0.5167194605298103,-1.3644274907843588,0.2820319704866573,-0.9420375236717596,-0.8193831940055707,0.5123781844139168,0
0.1440316905772939,-1.5637448392121596,-1.3833789117121524,-1.2978786506634954,1.4488354952238804,-1.2589762098363035,-0.8193831940055707,0.8623505471165683,0
-1.2406425613604006,-0.7817293563831305,-0.5887923196836954,1.0313307535667189,0.2820319704866573,1.2765332794800484,1.2204302056910403,-0.1875665409913863,0
-1.2406425613604006,0.3266925888441025,0.2472509641027684,-0.2330972087296831,-1.4681733166191775,-0.9420375236717596,1.2204302056910403,-1.5874559918019926,0
-0.894473998375977,-0.7409285485833547,-0.8928080592424091,1.2309772739293088,-0.8847715542505659,0.6426559071509603,1.2204302056910403,0.5123781844139168,0
0.1440316905772939,-0.8089298949163141,-0.6233395628153673,1.430623794291899,-0.3013697918819543,-0.3081601513426716,-0.8193831940055707,1.21232290981922,0
1.5287059425149885,-0.3805214130186719,-0.3400521691356563,1.6968191547753515,1.4488354952238804,0.9595945933155045,1.2204302056910403,-0.1875665409913863,1
-1.5868111243448242,-0.0609150852537638,-0.2018631966089679,0.565488872720676,0.8654337328552689,-1.2589762098363035,1.2204302056910403,0.1624058217112652,0
-0.2021368724071297,-1.7541486089444451,-1.7495796889078763,-0.4992925692131362,1.4488354952238804,-1.2589762098363035,1.2204302056910403,-0.5375389036940379,0
0.8363688165461411,-0.4145220861851513,-0.6509773573207049,0.4323911924789496,1.4488354952238804,1.2765332794800484,-0.8193831940055707,0.1624058217112652,0
-1.5868111243448242,0.0478870688789702,-0.0222175323242733,-0.6323902494548628,0.8654337328552689,1.5934719656445924,1.2204302056910403,-0.1875665409913863,0
0.1440316905772939,0.2042901654447763,0.5167194605298103,0.0330981517537699,-0.8847715542505659,-0.6250988375072156,1.2204302056910403,0.5123781844139168,0
0.8363688165461411,-1.7473484743111494,-1.4870206411071687,-1.2313298105426322,-0.3013697918819543,-1.2589762098363035,1.2204302056910403,-1.237483629099341,0
-0.2021368724071297,-0.3057199320524167,-0.4022372067726659,1.2309772739293088,0.8654337328552689,1.5934719656445924,-0.8193831940055707,1.21232290981922,0
0.1440316905772939,-0.3737212783853755,-0.6578868059470392,1.6968191547753515,1.4488354952238804,0.6426559071509603,1.2204302056910403,-1.237483629099341,0
-0.894473998375977,0.6802995897754894,0.5512667036614829,3.826382038642977,-1.4681733166191775,0.9595945933155045,-0.8193831940055707,-0.5375389036940379,0
-0.894473998375977,-0.1561169701199069,-0.3745994122673282,0.4323911924789496,-0.3013697918819543,0.3257172209864163,1.2204302056910403,-1.237483629099341,0
-0.5483054353915534,-1.305339723146915,-1.1622765556694516,1.430623794291899,-0.3013697918819543,0.0087785348218723,1.2204302056910403,-0.1875665409913863,0
-0.894473998375977,0.5782975702760518,0.3370737962451157,-1.963367051872128,-1.4681733166191775,-0.9420375236717596,-0.8193831940055707,0.8623505471165683,0
0.4902002535617175,0.3606932620105825,0.1436092347077526,0.1661958319954964,0.8654337328552689,-0.9420375236717596,-0.8193831940055707,0.1624058217112652,0
0.4902002535617175,0.2994920503109188,0.364711590750454,-0.9651344500591792,-0.8847715542505659,0.0087785348218723,-0.8193831940055707,-0.8875112663966895,0
-0.2021368724071297,-1.2645389153471398,-1.3833789117121524,0.0330981517537699,-0.3013697918819543,0.6426559071509603,-0.8193831940055707,-1.5874559918019926,0
-1.2406425613604006,-1.1421364919478136,-1.5008395383598374,-0.8320367698174526,1.4488354952238804,0.0087785348218723,1.2204302056910403,-1.5874559918019926,0
0.4902002535617175,0.0002861264458992,0.281798207234441,-1.0982321303009055,-0.3013697918819543,1.2765332794800484,1.2204302056910403,0.1624058217112652,0
0.4902002535617175,0.3334927234773983,0.0883336456970773,1.8964656751379412,-1.4681733166191775,0.3257172209864163,-0.8193831940055707,0.1624058217112652,0
-0.5483054353915534,-0.0473148159871723,0.0606958511917396,-0.7654879296965893,-0.8847715542505659,0.3257172209864163,-0.8193831940055707,1.21232290981922,0
1.5287059425149885,-0.8769312412492729,-0.9895403400110911,0.565488872720676,-0.3013697918819543,0.6426559071509603,-0.8193831940055707,-1.237483629099341,0
0.8363688165461411,0.149889088378409,0.0745147484444081,0.6985865529624027,-1.4681733166191775,0.6426559071509603,1.2204302056910403,-0.8875112663966895,0
-0.894473998375977,-1.767748878211037,-1.632119062260191,-0.1665483686088198,-0.8847715542505659,-0.9420375236717596,-0.8193831940055707,0.1624058217112652,0
-1.2406425613604006,-0.8837313758825687,-0.816804124352731,0.299293512237223,0.8654337328552689,1.5934719656445924,1.2204302056910403,0.1624058217112652,0
1.1825373795305647,0.0818877420454502,0.0676052998180739,0.2327446721163597,0.8654337328552689,1.5934719656445924,-0.8193831940055707,0.5123781844139168,0
0.8363688165461411,0.4762955507766129,0.364711590750454,-2.429208932718171,-0.8847715542505659,-0.6250988375072156,-0.8193831940055707,1.5622952725218715,0
1.1825373795305647,-0.360121009118784,-0.6026112169363639,-1.6306228512678118,0.2820319704866573,-1.2589762098363035,-0.8193831940055707,1.5622952725218715,0
1.5287059425149885,-0.1289164315867232,-0.4298750012780036,0.9647819134458556,1.4488354952238804,0.6426559071509603,-0.8193831940055707,-0.8875112663966895,1
0.1440316905772939,-0.8361304334494978,-0.8789891619897406,-0.2330972087296831,0.2820319704866573,-0.9420375236717596,-0.8193831940055707,-0.8875112663966895,0
1.5287059425149885,-1.0673350109815585,-0.7822568812210584,0.4989400325998128,-0.3013697918819543,-1.2589762098363035,1.2204302056910403,0.1624058217112652,0
-1.2406425613604006,1.373913322371673,1.4978611654692968,1.8964656751379412,1.4488354952238804,0.3257172209864163,-0.8193831940055707,-0.5375389036940379,1
0.8363688165461411,0.2246905693446642,0.4407155256401321,-0.6323902494548628,-0.3013697918819543,0.6426559071509603,-0.8193831940055707,0.5123781844139168,0
0.4902002535617175,1.210710091172571,0.8967391349782035,-0.7654879296965893,-0.8847715542505659,1.5934719656445924,-0.8193831940055707,0.8623505471165683,0
-1.2406425613604006,-0.441722624718335,-0.568063973804692,0.1661958319954964,-0.8847715542505659,0.0087785348218723,-0.8193831940055707,-1.5874559918019926,0
0.1440316905772939,0.0274866649790829,-0.1051309158402863,-0.3661948889714096,0.2820319704866573,1.2765332794800484,-0.8193831940055707,-0.5375389036940379,0
0.8363688165461411,0.1294886844785211,-0.0774931213349487,-0.0334506883670933,-0.3013697918819543,-1.2589762098363035,1.2204302056910403,-0.8875112663966895,0
1.5287059425149885,-0.3125200666857124,-0.0844025699612829,-0.1665483686088198,-1.4681733166191775,-1.2589762098363035,1.2204302056910403,-0.8875112663966895,0
-0.2021368724071297,-0.0269144120872844,-0.2709576828723124,1.6968191547753515,1.4488354952238804,1.5934719656445924,-0.8193831940055707,0.5123781844139168,0
-0.894473998375977,0.1906898961781842,0.1574281319604211,-1.2978786506634954,-0.8847715542505659,-0.9420375236717596,-0.8193831940055707,1.21232290981922,0
-1.5868111243448242,0.6462989166090106,0.4683533201454705,0.6320377128415394,0.8654337328552689,-0.6250988375072156,1.2204302056910403,-0.1875665409913863,0
-0.2021368724071297,1.5099160150375908,1.7051446242593296,-0.3661948889714096,0.2820319704866573,1.5934719656445924,-0.8193831940055707,-1.237483629099341,0
0.1440316905772939,-1.0265342031817832,-0.9204458537477468,-1.5640740111469489,0.2820319704866573,1.5934719656445924,-0.8193831940055707,0.8623505471165683,0
0.8363688165461411,1.4895156111377037,1.6982351756329954,0.8316842332041292,-0.3013697918819543,0.0087785348218723,1.2204302056910403,-1.5874559918019926,1
1.5287059425149885,-0.6865274715169879,-0.5611545251783577,-0.0334506883670933,0.2820319704866573,0.0087785348218723,-0.8193831940055707,-0.8875112663966895,0
0.8363688165461411,0.891103763407663,0.6618178816828335,-0.3661948889714096,-0.3013697918819543,-1.2589762098363035,-0.8193831940055707,-0.8875112663966895,1
-0.5483054353915534,0.4422948776101329,0.3854399366294568,-0.3661948889714096,-1.4681733166191775,-0.9420375236717596,-0.8193831940055707,-1.5874559918019926,0
-0.5483054353915534,0.952304975107326,0.6410895358038308,1.0978795936875825,0.2820319704866573,0.3257172209864163,1.2204302056910403,1.21232290981922,1
-1.2406425613604006,1.6731192462366926,1.691325727006661,-0.3661948889714096,-0.8847715542505659,-1.5759148960008476,-0.8193831940055707,1.5622952725218715,0
1.5287059425149885,0.5170963585763875,0.4752627687718047,1.8964656751379412,0.8654337328552689,0.3257172209864163,1.2204302056910403,-0.5375389036940379,1
-0.5483054353915534,-1.1761371651142931,-1.217552144680127,0.6320377128415394,-0.3013697918819543,0.9595945933155045,1.2204302056910403,-0.8875112663966895,0
1.1825373795305647,-0.6661270676171,-0.8237135729790652,0.6320377128415394,-1.4681733166191775,-1.2589762098363035,-0.8193831940055707,0.1624058217112652,0
-1.2406425613604006,0.1906898961781842,0.1850659264657588,-0.8320367698174526,-0.8847715542505659,0.0087785348218723,-0.8193831940055707,-1.5874559918019926,0
1.1825373795305647,-0.5981257212841405,-0.6302490114417015,-0.9651344500591792,0.8654337328552689,1.5934719656445924,-0.8193831940055707,-1.5874559918019926,0
-0.5483054353915534,0.4218944737102456,0.5650856009141514,0.565488872720676,1.4488354952238804,-0.6250988375072156,1.2204302056910403,-0.8875112663966895,0
1.1825373795305647,-0.5437246442177732,-0.7477096380893865,0.8982330733249925,0.2820319704866573,-1.2589762098363035,-0.8193831940055707,1.21232290981922,1
-0.2021368724071297,-1.196537569014181,-1.3142844254488084,0.2327446721163597,-1.4681733166191775,-1.5759148960008476,-0.8193831940055707,-1.5874559918019926,0
-0.2021368724071297,0.8775034941410714,0.6825462275618364,-0.8320367698174526,1.4488354952238804,0.0087785348218723,-0.8193831940055707,-1.237483629099341,0
-0.894473998375977,1.5847174960038453,1.4356761278322872,1.0978795936875825,0.2820319704866573,0.0087785348218723,1.2204302056910403,1.21232290981922,1
-0.894473998375977,0.9659052443739176,0.6618178816828335,-1.0982321303009055,0.8654337328552689,-0.9420375236717596,-0.8193831940055707,-1.5874559918019926,0
0.8363688165461411,-1.5161438967790886,-1.3073749768224745,-0.4327437290922729,-1.4681733166191775,-1.2589762098363035,1.2204302056910403,1.5622952725218715,0
1.1825373795305647,-1.0401344724483748,-0.7477096380893865,-0.1665483686088198,-0.8847715542505659,-0.6250988375072156,-0.8193831940055707,1.5622952725218715,0
1.5287059425149885,-0.5913255866508448,-0.5404261792993543,1.6968191547753515,-0.3013697918819543,-0.6250988375072156,-0.8193831940055707,-1.5874559918019926,1
-0.2021368724071297,0.8639032248744799,0.5443572550351486,-0.0334506883670933,-0.8847715542505659,-0.3081601513426716,1.2204302056910403,-0.8875112663966895,0
-0.2021368724071297,1.7139200540364683,1.4425855764586215,0.6985865529624027,0.8654337328552689,-0.9420375236717596,-0.8193831940055707,-0.8875112663966895,0
0.8363688165461411,-0.3533208744854882,-0.5196978334203508,0.2327446721163597,0.8654337328552689,1.5934719656445924,1.2204302056910403,0.8623505471165683,0
-1.2406425613604006,-0.5165241056845902,-0.250229336993309,-0.5658414093339995,0.8654337328552689,-1.5759148960008476,-0.8193831940055707,-0.8875112663966895,0
-0.2021368724071297,0.1702894922782969,0.4130777311347951,1.430623794291899,1.4488354952238804,-0.9420375236717596,-0.8193831940055707,0.8623505471165683,0
-1.2406425613604006,1.7547208618362429,1.5807745489853104,-0.1665483686088198,1.4488354952238804,0.9595945933155045,-0.8193831940055707,-0.8875112663966895,0
-0.5483054353915534,-1.325740127046803,-1.2659182850644677,0.6985865529624027,0.8654337328552689,1.2765332794800484,1.2204302056910403,-0.5375389036940379,0
0.8363688165461411,1.3263123799386014,1.5047706140956325,0.3658423523580862,0.8654337328552689,-1.5759148960008476,-0.8193831940055707,-0.5375389036940379,1
-1.2406425613604006,0.3334927234773983,0.364711590750454,-0.0334506883670933,0.2820319704866573,0.9595945933155045,-0.8193831940055707,-0.5375389036940379,0
-0.5483054353915534,-0.5233242403178859,-0.7546190867157208,-1.5640740111469489,0.2820319704866573,-0.3081601513426716,1.2204302056910403,0.1624058217112652,0
-1.2406425613604006,-1.7405483396778536,-1.4662922952281654,-1.1647809704217689,-0.3013697918819543,-0.6250988375072156,1.2204302056910403,-0.5375389036940379,0
1.5287059425149885,0.5170963585763875,0.2748887586081061,1.4971726344127618,0.8654337328552689,1.5934719656445924,-0.8193831940055707,0.8623505471165683,1
-0.5483054353915534,-0.8089298949163141,-0.5058789361676823,0.2327446721163597,-1.4681733166191775,-0.9420375236717596,-0.8193831940055707,0.1624058217112652,0
0.8363688165461411,-1.3325402616800988,-1.6528474081391948,1.430623794291899,-0.8847715542505659,0.0087785348218723,-0.8193831940055707,-0.5375389036940379,0
0.4902002535617175,0.8639032248744799,0.7447312651988459,0.8316842332041292,1.4488354952238804,-0.9420375236717596,1.2204302056910403,-1.5874559918019926,1
1.5287059425149885,0.6666993205088979,0.4752627687718047,1.1644284338084456,1.4488354952238804,-0.6250988375072156,-0.8193831940055707,1.21232290981922,1
0.8363688165461411,0.1430889537451133,-0.0360364295769419,-0.6323902494548628,0.8654337328552689,0.9595945933155045,-0.8193831940055707,0.5123781844139168,0
0.1440316905772939,0.6462989166090106,0.5650856009141514,0.765135393083266,0.2820319704866573,0.9595945933155045,1.2204302056910403,-0.8875112663966895,1
0.4902002535617175,0.8707033595077757,0.599632844045824,-0.1665483686088198,-1.4681733166191775,-0.9420375236717596,-0.8193831940055707,-0.8875112663966895,0
0.4902002535617175,0.0206865303457865,-0.0153080836979391,0.1661958319954964,-0.3013697918819543,-0.3081601513426716,-0.8193831940055707,1.5622952725218715,0
1.1825373795305647,1.0067060521736932,1.0418375561312254,0.6985865529624027,-0.3013697918819543,-0.6250988375072156,-0.8193831940055707,-1.5874559918019926,1
-1.2406425613604006,-1.4209420119129454,-1.1070009666587763,0.4989400325998128,-1.4681733166191775,-1.2589762098363035,-0.8193831940055707,-1.237483629099341,0
-1.5868111243448242,0.5578971663761633,0.4752627687718047,-0.0999995284879566,0.8654337328552689,-0.9420375236717596,-0.8193831940055707,-0.5375389036940379,0
-0.894473998375977,-1.550144569945568,-1.528477332865175,-0.8320367698174526,1.4488354952238804,-0.3081601513426716,-0.8193831940055707,-1.237483629099341,0
-1.2406425613604006,-0.5165241056845902,-0.5887923196836954,1.9630145152588048,-1.4681733166191775,0.6426559071509603,1.2204302056910403,0.1624058217112652,0
0.4902002535617175,-1.3121398577802117,-1.64593795951286,-1.0982321303009055,-0.8847715542505659,-1.5759148960008476,1.2204302056910403,0.5123781844139168,0
0.1440316905772939,1.3603130531050802,1.1109320423945706,0.4989400325998128,0.2820319704866573,-1.5759148960008476,-0.8193831940055707,-1.237483629099341,0
0.4902002535617175,0.8299025517079999,0.627270638551161,0.6320377128415394,-1.4681733166191775,1.5934719656445924,1.2204302056910403,0.8623505471165683,0
0.8363688165461411,1.4963157457709992,1.4978611654692968,-1.0982321303009055,-0.3013697918819543,1.5934719656445924,1.2204302056910403,-0.5375389036940379,1
-0.5483054353915534,1.0747073985066522,1.3734910901952777,-0.6323902494548628,-0.3013697918819543,1.5934719656445924,1.2204302056910403,-0.8875112663966895,0
-0.2021368724071297,0.2926919156776231,0.5098100119034761,0.0330981517537699,-0.3013697918819543,1.2765332794800484,1.2204302056910403,-0.5375389036940379,0
0.8363688165461411,1.4691152072378149,1.6153217921169818,-0.698939089575726,0.2820319704866573,1.5934719656445924,1.2204302056910403,0.5123781844139168,1
-1.2406425613604006,0.313092319577511,0.4959911146508075,0.6985865529624027,1.4488354952238804,1.5934719656445924,-0.8193831940055707,-0.1875665409913863,0
-0.2021368724071297,-0.5573249134843654,-0.2364104397406398,-1.430976330905222,-0.3013697918819543,-0.3081601513426716,-0.8193831940055707,1.21232290981922,0
-1.5868111243448242,0.4490950122434287,0.6065422926721582,-0.698939089575726,-1.4681733166191775,0.9595945933155045,-0.8193831940055707,1.21232290981922,0
1.1825373795305647,0.5782975702760518,0.6341800871774953,1.2975261140501722,-1.4681733166191775,0.6426559071509603,-0.8193831940055707,-0.1875665409913863,1
-0.894473998375977,1.0067060521736932,0.7170934706935089,-1.430976330905222,-0.8847715542505659,0.0087785348218723,-0.8193831940055707,-0.8875112663966895,0
-0.2021368724071297,-0.1153161623201311,-0.3538710663883254,-0.698939089575726,-0.3013697918819543,-1.2589762098363035,1.2204302056910403,-1.5874559918019926,0
0.4902002535617175,0.891103763407663,1.117841491020905,0.765135393083266,-1.4681733166191775,0.9595945933155045,-0.8193831940055707,-1.237483629099341,0
-0.2021368724071297,-1.3597408002132825,-1.1622765556694516,-0.8985856099383158,-1.4681733166191775,1.2765332794800484,1.2204302056910403,0.8623505471165683,0
-0.2021368724071297,-1.2305382421806603,-1.5008395383598374,-0.3661948889714096,0.2820319704866573,1.5934719656445924,-0.8193831940055707,-1.5874559918019926,0
-0.2021368724071297,-1.5365443006789763,-1.728851343028873,-0.7654879296965893,0.8654337328552689,1.2765332794800484,1.2204302056910403,0.1624058217112652,0
-0.894473998375977,-1.2849393192470278,-1.328103322701477,0.0330981517537699,0.8654337328552689,-0.6250988375072156,-0.8193831940055707,-0.5375389036940379,0
-0.2021368724071297,-0.4009218169185592,-0.4782411416623446,-0.1665483686088198,-0.3013697918819543,1.2765332794800484,1.2204302056910403,0.1624058217112652,0
1.1825373795305647,-1.3529406655799865,-1.4801111924808346,-0.0334506883670933,-0.3013697918819543,0.9595945933155045,-0.8193831940055707,-0.8875112663966895,0
-1.2406425613604006,-0.6797273368836916,-0.5887923196836954,0.0330981517537699,1.4488354952238804,-0.3081601513426716,-0.8193831940055707,1.5622952725218715,0
1.5287059425149885,-0.9449325875822324,-0.6717057031997083,-0.7654879296965893,-0.8847715542505659,0.6426559071509603,-0.8193831940055707,1.21232290981922,0
-1.2406425613604006,-0.6593269329838043,-0.5266072820466857,0.3658423523580862,-0.3013697918819543,-1.5759148960008476,1.2204302056910403,0.5123781844139168,0
-0.5483054353915534,-0.1493168354866111,-0.2709576828723124,-0.4992925692131362,-1.4681733166191775,0.0087785348218723,-0.8193831940055707,0.1624058217112652,0
1.5287059425149885,-0.0269144120872844,0.2403415154764342,-1.0982321303009055,0.8654337328552689,-0.3081601513426716,1.2204302056910403,-0.5375389036940379,0
0.4902002535617175,-1.1761371651142931,-1.00335923726376,-0.3661948889714096,0.8654337328552689,0.0087785348218723,1.2204302056910403,-1.237483629099341,0
0.8363688165461411,0.8775034941410714,1.028018658878557,0.765135393083266,0.8654337328552689,0.3257172209864163,-0.8193831940055707,-0.1875665409913863,1
-1.5868111243448242,-0.9041317797824566,-0.7269812922103831,0.6985865529624027,0.8654337328552689,-1.5759148960008476,-0.8193831940055707,-0.8875112663966895,0
1.5287059425149885,0.7075001283086737,0.6410895358038308,1.9630145152588048,0.2820319704866573,0.9595945933155045,-0.8193831940055707,-0.5375389036940379,1
0.1440316905772939,-1.0741351456148542,-0.816804124352731,-0.8320367698174526,-0.3013697918819543,-0.3081601513426716,-0.8193831940055707,-1.5874559918019926,0
0.8363688165461411,-0.4485227593516308,-0.1534970562246274,-0.1665483686088198,-0.3013697918819543,0.6426559071509603,-0.8193831940055707,1.5622952725218715,0
-0.894473998375977,0.7143002629419695,0.6065422926721582,0.8316842332041292,0.2820319704866573,-0.6250988375072156,-0.8193831940055707,-1.237483629099341,1
1.5287059425149885,-1.6657468587115984,-1.659756856765529,0.6985865529624027,0.8654337328552689,-1.2589762098363035,1.2204302056910403,-0.8875112663966895,0
-1.5868111243448242,-0.7749292217498347,-0.9619025455057536,-0.3661948889714096,-1.4681733166191775,1.5934719656445924,-0.8193831940055707,-0.1875665409913863,0
-0.2021368724071297,-1.196537569014181,-1.459382846601831,-0.5658414093339995,0.2820319704866573,-0.9420375236717596,1.2204302056910403,-0.8875112663966895,0
-1.2406425613604006,1.0679072638733564,1.2629399121739269,-0.3661948889714096,-1.4681733166191775,0.6426559071509603,1.2204302056910403,0.1624058217112652,0
-1.2406425613604006,-1.5093437621457928,-1.6390285108865257,0.765135393083266,-0.8847715542505659,-1.2589762098363035,-0.8193831940055707,-0.1875665409913863,0
0.1440316905772939,1.6119180345370296,1.6982351756329954,0.765135393083266,0.8654337328552689,-1.5759148960008476,-0.8193831940055707,-0.5375389036940379,1
1.1825373795305647,-0.0745153545203559,0.0330580566864019,-1.430976330905222,1.4488354952238804,-1.5759148960008476,-0.8193831940055707,0.1624058217112652,0
0.1440316905772939,1.2991118414054172,1.6222312407433173,-0.6323902494548628,-0.8847715542505659,0.3257172209864163,1.2204302056910403,-0.1875665409913863,0
-1.2406425613604006,0.4898958200432045,0.8207352000885253,-0.2996460488505464,-0.3013697918819543,1.2765332794800484,-0.8193831940055707,-0.1875665409913863,0
0.4902002535617175,-0.6321263944506206,-0.8582608161107372,0.8982330733249925,-0.8847715542505659,0.3257172209864163,-0.8193831940055707,0.1624058217112652,0
0.1440316905772939,0.8231024170747041,0.53053835778248,-0.4992925692131362,-1.4681733166191775,-0.9420375236717596,-0.8193831940055707,-0.8875112663966895,0
-1.2406425613604006,-1.5705449738454558,-1.5906623705021845,0.1661958319954964,-1.4681733166191775,-1.2589762098363035,-0.8193831940055707,-1.5874559918019926,0
0.8363688165461411,0.6870997244087852,0.5098100119034761,0.8316842332041292,-0.3013697918819543,1.5934719656445924,1.2204302056910403,1.21232290981922,1
0.1440316905772939,0.3878938005437656,0.4959911146508075,-0.6323902494548628,-0.3013697918819543,-0.6250988375072156,1.2204302056910403,1.21232290981922,0
-0.5483054353915534,-0.6117259905507327,-0.6717057031997083,1.2975261140501722,1.4488354952238804,-0.9420375236717596,-0.8193831940055707,-1.5874559918019926,0
-1.2406425613604006,1.9383244969352331,1.6567784838749886,0.299293512237223,0.2820319704866573,0.6426559071509603,-0.8193831940055707,-1.5874559918019926,0
-0.894473998375977,0.1158884152119296,-0.0913120185876172,-0.0999995284879566,1.4488354952238804,1.2765332794800484,-0.8193831940055707,1.5622952725218715,0
-0.894473998375977,0.4490950122434287,0.5374478064088143,-1.2313298105426322,-0.3013697918819543,-0.6250988375072156,1.2204302056910403,1.5622952725218715,0
-1.2406425613604006,-0.9653329914821196,-0.9895403400110911,0.0996469918746332,-0.8847715542505659,1.5934719656445924,-0.8193831940055707,1.5622952725218715,0
-0.2021368724071297,-1.0945355495147422,-0.934264751000416,0.0996469918746332,-0.8847715542505659,-0.6250988375072156,-0.8193831940055707,0.1624058217112652,0
-1.5868111243448242,0.5306966278429802,0.5927233954194897,-0.2330972087296831,0.8654337328552689,0.6426559071509603,-0.8193831940055707,0.8623505471165683,0
0.1440316905772939,0.7551010707417453,0.7585501624515157,-0.3661948889714096,0.8654337328552689,1.2765332794800484,-0.8193831940055707,-1.237483629099341,0
0.1440316905772939,-0.1969177779196821,-0.0222175323242733,-0.0334506883670933,-0.3013697918819543,0.0087785348218723,-0.8193831940055707,-1.237483629099341,0
-0.2021368724071297,-0.3465207398521925,-0.2571387856196432,0.2327446721163597,1.4488354952238804,0.6426559071509603,-0.8193831940055707,-0.1875665409913863,0
-0.2021368724071297,-0.4961237017847023,-0.8098946757263961,-1.3644274907843588,-0.8847715542505659,-0.3081601513426716,1.2204302056910403,-1.237483629099341,0
-1.5868111243448242,-1.3597408002132825,-1.5077489869861722,-0.3661948889714096,-0.8847715542505659,0.9595945933155045,-0.8193831940055707,-0.5375389036940379,0
-1.2406425613604006,-0.4961237017847023,-0.2225915424879713,-0.1665483686088198,1.4488354952238804,1.2765332794800484,-0.8193831940055707,-1.5874559918019926,0
0.1440316905772939,1.115508206306428,1.2767588094265967,-0.2330972087296831,0.8654337328552689,0.3257172209864163,1.2204302056910403,1.5622952725218715,0
0.8363688165461411,1.0679072638733564,1.242211566294924,-0.3661948889714096,0.2820319704866573,1.5934719656445924,-0.8193831940055707,1.21232290981922,1
-0.894473998375977,0.2722915117777352,0.0745147484444081,-0.6323902494548628,0.2820319704866573,-0.6250988375072156,-0.8193831940055707,-0.5375389036940379,0
1.1825373795305647,1.0747073985066522,0.8345540973411939,1.5637214745336252,-1.4681733166191775,-0.9420375236717596,-0.8193831940055707,0.8623505471165683,1
-1.5868111243448242,1.0407067253401734,0.7585501624515157,0.3658423523580862,-1.4681733166191775,-0.9420375236717596,-0.8193831940055707,-1.237483629099341,0
-0.894473998375977,-0.6593269329838043,-0.3745994122673282,-1.4975251710260853,1.4488354952238804,-1.5759148960008476,1.2204302056910403,1.5622952725218715,0
0.8363688165461411,-1.11493595341463,-1.010268685890094,3.89293087876384,0.2820319704866573,0.0087785348218723,-0.8193831940055707,0.8623505471165683,1
1.5287059425149885,-1.4005416080130582,-1.2313710419327957,-0.2330972087296831,0.2820319704866573,-0.3081601513426716,-0.8193831940055707,-0.5375389036940379,0
-0.5483054353915534,0.8163022824414083,0.9381958267362104,-1.1647809704217689,1.4488354952238804,-1.2589762098363035,-0.8193831940055707,-1.5874559918019926,0
-0.2021368724071297,1.108708071673132,1.2214832204159212,-2.695404293201624,-0.8847715542505659,-0.6250988375072156,-0.8193831940055707,-0.5375389036940379,0
-0.2021368724071297,-1.4957434928792006,-1.5975718191285195,0.299293512237223,1.4488354952238804,0.6426559071509603,-0.8193831940055707,-0.5375389036940379,0
-0.5483054353915534,1.0203063214402848,1.1385698368999075,0.4323911924789496,-1.4681733166191775,0.9595945933155045,-0.8193831940055707,1.21232290981922,0
1.5287059425149885,0.2042901654447763,0.1366997860814184,-0.3661948889714096,0.2820319704866573,-0.9420375236717596,1.2204302056910403,0.5123781844139168,0
1.1825373795305647,0.8163022824414083,0.6825462275618364,0.8316842332041292,-1.4681733166191775,-1.5759148960008476,1.2204302056910403,1.5622952725218715,1
0.4902002535617175,1.1631091487394996,1.2560304635475923,-1.0316832901800423,-0.8847715542505659,0.0087785348218723,-0.8193831940055707,1.21232290981922,0
-0.2021368724071297,-1.7337482050445572,-1.459382846601831,-1.430976330905222,-0.8847715542505659,1.2765332794800484,1.2204302056910403,0.8623505471165683,0
-0.5483054353915534,1.7955216696360188,1.573865100358976,-0.8985856099383158,-0.8847715542505659,1.2765332794800484,-0.8193831940055707,1.5622952725218715,0
-1.5868111243448242,-0.938132452948936,-0.934264751000416,0.6320377128415394,0.2820319704866573,-0.9420375236717596,-0.8193831940055707,0.8623505471165683,0
-0.894473998375977,0.6530990512423064,0.5927233954194897,-0.2996460488505464,0.8654337328552689,1.5934719656445924,1.2204302056910403,-1.5874559918019926,0
-0.894473998375977,1.462315072604519,1.2560304635475923,2.0961121955005315,-0.3013697918819543,-0.9420375236717596,1.2204302056910403,1.21232290981922,1
-0.2021368724071297,0.6326986473424191,0.3578021421241197,2.561954076346574,-0.8847715542505659,-0.9420375236717596,-0.8193831940055707,0.8623505471165683,0
0.1440316905772939,0.4354947429768371,0.7516407138251803,0.1661958319954964,-0.8847715542505659,0.0087785348218723,1.2204302056910403,-0.5375389036940379,0
-0.5483054353915534,1.1359086102063152,1.4702233709639596,0.0996469918746332,1.4488354952238804,0.6426559071509603,-0.8193831940055707,0.8623505471165683,0
1.5287059425149885,0.0886878766787459,0.3301643476187815,1.3640749541710353,1.4488354952238804,-0.6250988375072156,1.2204302056910403,-1.237483629099341,1
1.5287059425149885,-1.278139184613731,-1.3902883603384872,0.765135393083266,-0.8847715542505659,-0.9420375236717596,-0.8193831940055707,-1.237483629099341,0
-0.5483054353915534,1.2039099565392752,1.1592981827789115,0.6985865529624027,1.4488354952238804,-1.5759148960008476,-0.8193831940055707,0.1624058217112652,0
-0.894473998375977,1.27871143750553,1.4287666792059528,-0.0334506883670933,-0.3013697918819543,0.9595945933155045,-0.8193831940055707,0.8623505471165683,0
-0.5483054353915534,-0.1629171047532026,-0.0083986350716048,-0.5658414093339995,-1.4681733166191775,-1.2589762098363035,-0.8193831940055707,1.21232290981922,0
1.5287059425149885,-0.4825234325181102,-0.4920600389150132,-0.4992925692131362,0.2820319704866573,0.6426559071509603,1.2204302056910403,1.21232290981922,0
1.5287059425149885,1.3603130531050802,1.2560304635475923,-0.2996460488505464,-0.8847715542505659,0.9595945933155045,-0.8193831940055707,-1.237483629099341,0
-1.5868111243448242,0.4150943390769498,0.5650856009141514,-0.5658414093339995,0.2820319704866573,0.9595945933155045,-0.8193831940055707,-0.1875665409913863,0
-1.2406425613604006,1.1427087448396125,1.3527627443162749,-0.4327437290922729,-0.8847715542505659,-1.5759148960008476,-0.8193831940055707,1.5622952725218715,0
0.8363688165461411,-0.2377185857194579,-0.0291269809506076,-0.4992925692131362,-1.4681733166191775,0.9595945933155045,-0.8193831940055707,1.21232290981922,0
-0.5483054353915534,0.9455048404740304,1.00038086437322,-1.7637205315095383,0.8654337328552689,0.0087785348218723,-0.8193831940055707,-1.5874559918019926,0
1.1825373795305647,-0.2241183164528657,-0.1534970562246274,-2.0964647321138545,-1.4681733166191775,1.2765332794800484,1.2204302056910403,-0.8875112663966895,0
-0.2021368724071297,0.4082942044436541,0.1090619915760807,0.0996469918746332,0.2820319704866573,0.0087785348218723,1.2204302056910403,1.5622952725218715,0
0.4902002535617175,-1.1421364919478136,-1.3142844254488084,1.0313307535667189,0.2820319704866573,1.2765332794800484,-0.8193831940055707,-1.237483629099341,0
-1.2406425613604006,-1.842550359177292,-1.659756856765529,-1.2978786506634954,-0.3013697918819543,1.2765332794800484,-0.8193831940055707,1.5622952725218715,0
0.8363688165461411,0.7483009361084495,0.5029005632771418,0.2327446721163597,1.4488354952238804,0.9595945933155045,-0.8193831940055707,-1.5874559918019926,1
1.5287059425149885,-1.1421364919478136,-1.3833789117121524,-0.5658414093339995,0.2820319704866573,-0.3081601513426716,-0.8193831940055707,0.1624058217112652,0
-1.5868111243448242,-0.0473148159871723,0.2748887586081061,1.4971726344127618,-1.4681733166191775,1.5934719656445924,1.2204302056910403,0.5123781844139168,0
0.4902002535617175,1.605117899903734,1.3804005388216118,0.0330981517537699,1.4488354952238804,1.5934719656445924,1.2204302056910403,0.5123781844139168,0
0.1440316905772939,-0.2445187203527536,-0.5404261792993543,2.362307555983985,0.2820319704866573,0.3257172209864163,-0.8193831940055707,-1.5874559918019926,0
-0.2021368724071297,0.4694954161433172,0.6894556761881706,1.6302703146544884,-0.3013697918819543,0.9595945933155045,1.2204302056910403,1.21232290981922,1
1.1825373795305647,0.2382908386112558,-0.0222175323242733,-1.4975251710260853,-1.4681733166191775,-0.6250988375072156,1.2204302056910403,-1.5874559918019926,0
-0.2021368724071297,0.503496089309796,0.813825751462191,0.3658423523580862,-0.8847715542505659,0.9595945933155045,1.2204302056910403,0.8623505471165683,0
-1.2406425613604006,1.1427087448396125,0.8207352000885253,0.1661958319954964,0.2820319704866573,0.9595945933155045,1.2204302056910403,1.5622952725218715,0
-0.5483054353915534,-0.8225301641829056,-1.0655442749007695,-0.8320367698174526,0.2820319704866573,0.0087785348218723,-0.8193831940055707,0.1624058217112652,0
1.1825373795305647,-1.611345781645231,-1.6528474081391948,-1.3644274907843588,-0.8847715542505659,1.2765332794800484,-0.8193831940055707,-0.1875665409913863,0
1.1825373795305647,0.313092319577511,0.0261486080600677,-0.2330972087296831,0.8654337328552689,1.5934719656445924,-0.8193831940055707,0.1624058217112652,0
-1.2406425613604006,-0.0609150852537638,-0.1534970562246274,-0.8320367698174526,1.4488354952238804,0.0087785348218723,-0.8193831940055707,-0.5375389036940379,0
-0.894473998375977,-0.890531510515865,-1.1484576584167825,-0.8320367698174526,0.2820319704866573,-1.5759148960008476,-0.8193831940055707,-1.5874559918019926,0
-0.5483054353915534,-1.033334337815079,-1.2106426960537922,0.6320377128415394,-1.4681733166191775,0.9595945933155045,-0.8193831940055707,-0.1875665409913863,0
0.1440316905772939,0.8095021478081126,0.9381958267362104,0.4323911924789496,1.4488354952238804,0.0087785348218723,1.2204302056910403,0.1624058217112652,0
-1.2406425613604006,1.3467127838384887,1.3942194360742817,0.2327446721163597,0.8654337328552689,1.2765332794800484,-0.8193831940055707,-1.237483629099341,0
0.1440316905772939,1.4215142648047434,1.3804005388216118,2.295758715863121,-0.3013697918819543,0.9595945933155045,-0.8193831940055707,0.1624058217112652,1
0.4902002535617175,0.4218944737102456,0.7447312651988459,-1.1647809704217689,-1.4681733166191775,0.3257172209864163,-0.8193831940055707,-0.5375389036940379,0
1.1825373795305647,-0.1085160276868353,-0.3884183095199974,-1.8302693716304017,0.8654337328552689,0.6426559071509603,1.2204302056910403,-1.5874559918019926,0
0.8363688165461411,0.8979038980409587,0.8483729945938624,1.0978795936875825,1.4488354952238804,0.3257172209864163,-0.8193831940055707,-1.5874559918019926,1
-1.2406425613604006,-1.3189399924135072,-1.611390716381188,-0.2330972087296831,1.4488354952238804,0.9595945933155045,1.2204302056910403,-1.237483629099341,0
1.1825373795305647,-0.938132452948936,-0.7684379839683899,0.565488872720676,1.4488354952238804,0.9595945933155045,-0.8193831940055707,-0.1875665409913863,0
0.8363688165461411,0.7483009361084495,1.0971131451419007,1.0313307535667189,0.8654337328552689,0.3257172209864163,-0.8193831940055707,-0.8875112663966895,1
-1.2406425613604006,0.7959018785415198,0.8552824432201966,0.0330981517537699,0.2820319704866573,-0.6250988375072156,1.2204302056910403,-0.5375389036940379,0
0.4902002535617175,0.8571030902411829,1.00038086437322,1.0313307535667189,1.4488354952238804,1.5934719656445924,1.2204302056910403,1.21232290981922,1
0.4902002535617175,1.4963157457709992,1.5324084086009693,0.0330981517537699,0.8654337328552689,0.9595945933155045,-0.8193831940055707,0.8623505471165683,0
-0.5483054353915534,1.3943137262715604,1.6222312407433173,-1.0982321303009055,1.4488354952238804,-1.5759148960008476,-0.8193831940055707,-1.5874559918019926,0
1.5287059425149885,-0.3397206052188961,-0.4644222444096755,0.1661958319954964,-1.4681733166191775,1.2765332794800484,-0.8193831940055707,-1.237483629099341,0
-1.2406425613604006,1.7411205925696511,1.4978611654692968,1.1644284338084456,-0.3013697918819543,1.5934719656445924,-0.8193831940055707,0.5123781844139168,1
0.8363688165461411,-0.1017158930535396,-0.0153080836979391,-0.2330972087296831,-0.3013697918819543,-0.6250988375072156,-0.8193831940055707,0.5123781844139168,0
1.5287059425149885,-1.407341742646354,-1.493930089733503,-0.8985856099383158,-0.8847715542505659,-0.6250988375072156,1.2204302056910403,-1.5874559918019926,0
-1.2406425613604006,1.7003197847698757,1.4702233709639596,0.3658423523580862,-0.8847715542505659,-0.6250988375072156,-0.8193831940055707,-0.5375389036940379,0
-1.5868111243448242,0.9047040326742544,0.7447312651988459,-1.1647809704217689,-1.4681733166191775,0.6426559071509603,-0.8193831940055707,0.8623505471165683,0
0.8363688165461411,0.891103763407663,0.9589241726152132,-0.3661948889714096,-1.4681733166191775,-0.9420375236717596,1.2204302056910403,1.5622952725218715,0
1.5287059425149885,-1.5229440314123843,-1.341922219954146,-0.0334506883670933,-0.3013697918819543,-1.5759148960008476,1.2204302056910403,0.1624058217112652,0
-0.894473998375977,-0.951732722215528,-1.1691860042957858,0.765135393083266,1.4488354952238804,0.9595945933155045,1.2204302056910403,-1.5874559918019926,0
0.4902002535617175,1.27871143750553,1.332034398437272,0.6320377128415394,1.4488354952238804,0.0087785348218723,1.2204302056910403,-0.1875665409913863,0
0.8363688165461411,1.7003197847698757,1.684416278380327,0.8982330733249925,-0.3013697918819543,0.0087785348218723,-0.8193831940055707,-1.237483629099341,1
-0.2021368724071297,0.4014940698103571,0.1919753750920931,0.4989400325998128,1.4488354952238804,-0.6250988375072156,-0.8193831940055707,-1.237483629099341,0
1.5287059425149885,0.4626952815100214,0.5719950495404856,-0.7654879296965893,-0.8847715542505659,0.6426559071509603,1.2204302056910403,0.5123781844139168,0
0.4902002535617175,-0.4961237017847023,-0.7891663298473933,-0.8985856099383158,-0.8847715542505659,-0.6250988375072156,-0.8193831940055707,0.1624058217112652,0
0.8363688165461411,-0.1153161623201311,0.1159714402024149,-0.8320367698174526,0.8654337328552689,0.0087785348218723,-0.8193831940055707,-0.5375389036940379,0
0.4902002535617175,-1.11493595341463,-0.9135364051214124,-0.0334506883670933,-1.4681733166191775,-0.6250988375072156,-0.8193831940055707,-0.8875112663966895,0
-1.2406425613604006,1.081507533139948,1.3804005388216118,-1.2978786506634954,0.8654337328552689,0.6426559071509603,-0.8193831940055707,-1.237483629099341,0
1.5287059425149885,-1.033334337815079,-0.9826308913847565,-0.2996460488505464,-1.4681733166191775,0.3257172209864163,-0.8193831940055707,0.1624058217112652,0
0.1440316905772939,0.891103763407663,1.1869359772842487,1.4971726344127618,-0.8847715542505659,1.2765332794800484,1.2204302056910403,1.5622952725218715,0
-1.2406425613604006,-0.1493168354866111,-0.1189498130929549,1.2309772739293088,-1.4681733166191775,-1.5759148960008476,-0.8193831940055707,-0.8875112663966895,0
-0.894473998375977,0.4762955507766129,0.1574281319604211,0.9647819134458556,1.4488354952238804,0.3257172209864163,1.2204302056910403,0.5123781844139168,1
-0.5483054353915534,0.9659052443739176,0.647998984430165,0.2327446721163597,1.4488354952238804,-1.2589762098363035,-0.8193831940055707,-0.5375389036940379,0
0.8363688165461411,0.4490950122434287,0.7861879569568527,-0.4992925692131362,-1.4681733166191775,-0.9420375236717596,1.2204302056910403,-0.8875112663966895,0
0.1440316905772939,-0.5709251827509569,-0.6371584600680358,0.299293512237223,-0.8847715542505659,0.3257172209864163,1.2204302056910403,-0.1875665409913863,0
0.4902002535617175,1.6255183038036212,1.5876839976116446,-0.3661948889714096,0.8654337328552689,0.0087785348218723,1.2204302056910403,0.5123781844139168,0
-1.2406425613604006,0.8571030902411829,0.7723690597041842,2.362307555983985,-0.8847715542505659,0.9595945933155045,1.2204302056910403,1.5622952725218715,0
-0.5483054353915534,1.747920727202947,1.64295958662232,0.8316842332041292,-1.4681733166191775,0.0087785348218723,-0.8193831940055707,1.5622952725218715,0
0.1440316905772939,-0.6457266637172121,-0.498969487541348,-1.6306228512678118,1.4488354952238804,-0.9420375236717596,1.2204302056910403,0.5123781844139168,0
-0.2021368724071297,0.8095021478081126,0.4890816660244733,-1.0316832901800423,0.2820319704866573,1.2765332794800484,1.2204302056910403,0.8623505471165683,0
1.5287059425149885,1.4487148033379276,1.5116800627219664,1.6302703146544884,0.8654337328552689,0.6426559071509603,-0.8193831940055707,-0.1875665409913863,1
0.8363688165461411,1.3195122453053056,1.3665816415689434,1.3640749541710353,1.4488354952238804,0.3257172209864163,1.2204302056910403,0.8623505471165683,1
-0.894473998375977,-0.5505247788510697,-0.7546190867157208,-0.5658414093339995,1.4488354952238804,0.0087785348218723,1.2204302056910403,-0.5375389036940379,0
-1.2406425613604006,0.5578971663761633,0.3163454503661129,0.1661958319954964,-0.3013697918819543,-0.6250988375072156,-0.8193831940055707,-0.5375389036940379,0
-1.2406425613604006,-0.9313323183156402,-0.7131623949577146,0.299293512237223,0.2820319704866573,-0.3081601513426716,-0.8193831940055707,1.5622952725218715,0
0.4902002535617175,0.3266925888441025,-0.0153080836979391,0.2327446721163597,-0.8847715542505659,-0.3081601513426716,-0.8193831940055707,0.1624058217112652,0
0.4902002535617175,-0.3329204705856003,-0.5957017683100296,-0.2996460488505464,-1.4681733166191775,1.2765332794800484,-0.8193831940055707,-0.8875112663966895,0
-1.5868111243448242,-1.2509386460805478,-1.5630245759968475,1.0978795936875825,0.8654337328552689,0.3257172209864163,1.2204302056910403,-0.1875665409913863,0
-1.2406425613604006,1.5167161496708863,1.6153217921169818,-1.6971716913886752,-0.3013697918819543,-0.6250988375072156,-0.8193831940055707,-1.237483629099341,0
0.8363688165461411,-1.4753430889793129,-1.3902883603384872,-0.0334506883670933,-1.4681733166191775,1.2765332794800484,-0.8193831940055707,-1.237483629099341,0
-1.2406425613604006,0.0546872035122665,-0.0291269809506076,1.7633679948962149,0.8654337328552689,0.6426559071509603,-0.8193831940055707,1.21232290981922,0
0.8363688165461411,0.5442968971095717,0.7516407138251803,0.565488872720676,0.2820319704866573,1.2765332794800484,-0.8193831940055707,1.21232290981922,1
-1.5868111243448242,1.0883076677732448,1.3458532956899405,-0.0334506883670933,0.8654337328552689,1.2765332794800484,1.2204302056910403,0.5123781844139168,0
1.5287059425149885,1.2515108989723456,0.9865619671205512,-0.1665483686088198,-0.8847715542505659,-1.5759148960008476,-0.8193831940055707,1.21232290981922,0
1.5287059425149885,0.0410869342456744,-0.1465876075982926,-1.963367051872128,-1.4681733166191775,-1.2589762098363035,-0.8193831940055707,0.8623505471165683,0
0.1440316905772939,-1.4005416080130582,-1.3557411172068148,1.3640749541710353,-1.4681733166191775,1.2765332794800484,-0.8193831940055707,-0.8875112663966895,0
-0.5483054353915534,0.0818877420454502,0.0192391594337328,2.295758715863121,0.8654337328552689,-1.5759148960008476,-0.8193831940055707,-0.8875112663966895,0
1.5287059425149885,0.5850977049093475,0.8691013404728651,-0.8985856099383158,-0.8847715542505659,-0.6250988375072156,-0.8193831940055707,0.8623505471165683,0
-0.894473998375977,1.2923117067721217,1.4909517168429625,-1.0316832901800423,0.2820319704866573,0.0087785348218723,1.2204302056910403,0.5123781844139168,0
0.8363688165461411,-0.3397206052188961,-0.0291269809506076,-0.3661948889714096,0.2820319704866573,-0.6250988375072156,-0.8193831940055707,-0.8875112663966895,0
-0.894473998375977,1.0679072638733564,1.1385698368999075,-0.9651344500591792,0.8654337328552689,0.3257172209864163,-0.8193831940055707,-0.1875665409913863,0
-1.2406425613604006,1.7547208618362429,1.4840422682166283,0.1661958319954964,1.4488354952238804,0.0087785348218723,-0.8193831940055707,-0.1875665409913863,0
-1.5868111243448242,-0.8497307027160893,-0.5542450765520228,-0.8320367698174526,-0.8847715542505659,-1.5759148960008476,-0.8193831940055707,-1.5874559918019926,0
-0.5483054353915534,-0.4349224900850392,-0.7822568812210584,-1.2313298105426322,0.8654337328552689,-1.2589762098363035,-0.8193831940055707,-1.5874559918019926,0
0.1440316905772939,0.0274866649790829,-0.1465876075982926,1.8964656751379412,-1.4681733166191775,0.3257172209864163,-0.8193831940055707,-1.237483629099341,0
0.8363688165461411,-0.0133141428206928,-0.0429458782032767,0.3658423523580862,0.8654337328552689,0.6426559071509603,-0.8193831940055707,0.1624058217112652,0
-1.2406425613604006,-0.7273282793167631,-0.8444419188580686,-0.2330972087296831,0.8654337328552689,-1.5759148960008476,1.2204302056910403,-0.1875665409913863,0
-0.2021368724071297,-0.3465207398521925,-0.0291269809506076,-0.7654879296965893,1.4488354952238804,0.9595945933155045,-0.8193831940055707,-0.8875112663966895,0
0.4902002535617175,1.543916688204071,1.594593446237979,-0.0334506883670933,0.8654337328552689,0.6426559071509603,-0.8193831940055707,-0.5375389036940379,0
-0.5483054353915534,-0.2513188549860494,-0.3815088608936625,0.6320377128415394,-0.8847715542505659,-0.3081601513426716,1.2204302056910403,-1.5874559918019926,0
-0.894473998375977,-1.2305382421806603,-1.17609545292212,-0.0999995284879566,-1.4681733166191775,-1.5759148960008476,1.2204302056910403,1.5622952725218715,0
-1.2406425613604006,-1.6997475318780777,-1.4870206411071687,-1.8968182117512649,-1.4681733166191775,0.6426559071509603,-0.8193831940055707,-0.8875112663966895,0
-1.2406425613604006,1.2515108989723456,1.3251249498109363,0.6320377128415394,-1.4681733166191775,1.5934719656445924,-0.8193831940055707,1.5622952725218715,0
-0.894473998375977,0.2110903000780721,0.4199871797611293,-0.4992925692131362,1.4488354952238804,-0.9420375236717596,-0.8193831940055707,-0.1875665409913863,0
-0.894473998375977,1.3195122453053056,1.4978611654692968,0.3658423523580862,-1.4681733166191775,-0.9420375236717596,-0.8193831940055707,1.5622952725218715,0
-0.2021368724071297,0.4354947429768371,0.76545961107785,0.2327446721163597,-0.8847715542505659,-0.6250988375072156,-0.8193831940055707,-0.5375389036940379,0
0.4902002535617175,0.0138863957124907,-0.0705836727086144,-0.698939089575726,-0.3013697918819543,-0.9420375236717596,1.2204302056910403,0.1624058217112652,0
1.5287059425149885,0.761901205375041,0.9243769294835406,0.3658423523580862,1.4488354952238804,-0.6250988375072156,-0.8193831940055707,-1.5874559918019926,1
-1.5868111243448242,1.3331125145718972,1.601502894864313,2.029563355379668,-0.3013697918819543,1.2765332794800484,1.2204302056910403,-1.5874559918019926,1
-1.2406425613604006,0.2586912425111436,0.0676052998180739,-1.1647809704217689,1.4488354952238804,-1.2589762098363035,-0.8193831940055707,0.1624058217112652,0
0.8363688165461411,1.7955216696360188,1.691325727006661,0.8982330733249925,1.4488354952238804,1.2765332794800484,1.2204302056910403,1.21232290981922,1
-1.2406425613604006,-1.482143223612609,-1.4801111924808346,-1.8968182117512649,-1.4681733166191775,0.6426559071509603,-0.8193831940055707,0.1624058217112652,0
0.4902002535617175,1.2311104950724585,1.1731170800315802,0.0330981517537699,-1.4681733166191775,1.2765332794800484,1.2204302056910403,-0.8875112663966895,0
0.4902002535617175,-1.1557367612144052,-1.2935560795698051,0.2327446721163597,-1.4681733166191775,-0.6250988375072156,-0.8193831940055707,-1.5874559918019926,0
-1.2406425613604006,1.2175102258058668,1.0971131451419007,-0.2996460488505464,1.4488354952238804,0.0087785348218723,-0.8193831940055707,-1.5874559918019926,0
1.5287059425149885,0.7891017439082241,0.9243769294835406,-0.7654879296965893,-1.4681733166191775,0.0087785348218723,-0.8193831940055707,0.5123781844139168,0
-0.5483054353915534,-0.9925335300153032,-0.968811994132088,-1.0982321303009055,1.4488354952238804,-0.3081601513426716,1.2204302056910403,-0.5375389036940379,0
-1.5868111243448242,0.0410869342456744,0.0606958511917396,0.4989400325998128,0.2820319704866573,-1.2589762098363035,-0.8193831940055707,0.1624058217112652,0
-0.5483054353915534,1.7275203233030598,1.449495025084957,-0.8320367698174526,-1.4681733166191775,0.9595945933155045,1.2204302056910403,0.5123781844139168,0
0.1440316905772939,-0.890531510515865,-0.7960757784737276,0.2327446721163597,1.4488354952238804,0.3257172209864163,-0.8193831940055707,-0.8875112663966895,0
-0.5483054353915534,-0.5097239710512939,-0.3400521691356563,-0.4992925692131362,-0.3013697918819543,-0.6250988375072156,1.2204302056910403,0.8623505471165683,0
-0.5483054353915534,0.7823016092749283,0.5858139467931555,-2.0299158919929914,-0.8847715542505659,-1.2589762098363035,1.2204302056910403,0.1624058217112652,0
-1.5868111243448242,-0.4009218169185592,-0.6855246004523768,-1.430976330905222,-0.3013697918819543,-1.5759148960008476,1.2204302056910403,1.21232290981922,0
-1.5868111243448242,-0.360121009118784,-0.4644222444096755,-0.7654879296965893,0.2820319704866573,-0.3081601513426716,-0.8193831940055707,-0.5375389036940379,0
1.1825373795305647,-1.2849393192470278,-1.3211938740751428,1.0313307535667189,-1.4681733166191775,0.6426559071509603,-0.8193831940055707,0.1624058217112652,0
0.8363688165461411,-0.1969177779196821,-0.3884183095199974,0.6320377128415394,0.8654337328552689,0.6426559071509603,-0.8193831940055707,-1.5874559918019926,0
1.1825373795305647,-0.5029238364179981,-0.367689963640994,-0.1665483686088198,0.2820319704866573,0.0087785348218723,-0.8193831940055707,1.21232290981922,0
-0.894473998375977,0.7823016092749283,0.4890816660244733,-0.0334506883670933,0.2820319704866573,0.0087785348218723,-0.8193831940055707,0.1624058217112652,0
-0.5483054353915534,-0.604925855917437,-0.8789891619897406,0.0996469918746332,0.2820319704866573,0.6426559071509603,-0.8193831940055707,1.5622952725218715,0
-1.5868111243448242,0.5510970317428675,0.4614438715191349,-1.3644274907843588,-0.8847715542505659,0.3257172209864163,1.2204302056910403,0.1624058217112652,0
1.1825373795305647,-1.2713390499804356,-1.0379064803954317,0.6985865529624027,1.4488354952238804,1.2765332794800484,-0.8193831940055707,-0.5375389036940379,0
-1.2406425613604006,-0.6865274715169879,-0.9826308913847565,0.9647819134458556,0.8654337328552689,0.3257172209864163,-0.8193831940055707,0.8623505471165683,0
-0.2021368724071297,0.8503029556078872,0.7378218165725117,0.2327446721163597,-0.3013697918819543,-1.5759148960008476,1.2204302056910403,1.5622952725218715,0
0.1440316905772939,0.4830956854099087,0.7447312651988459,0.299293512237223,1.4488354952238804,-1.5759148960008476,1.2204302056910403,0.5123781844139168,0
0.4902002535617175,-0.3873215476519677,-0.132768710345624,-0.0334506883670933,-0.3013697918819543,-0.3081601513426716,1.2204302056910403,0.8623505471165683,0
0.8363688165461411,0.2994920503109188,0.5650856009141514,0.8316842332041292,0.2820319704866573,0.0087785348218723,-0.8193831940055707,0.5123781844139168,1
-0.5483054353915534,1.2311104950724585,1.2076643231632516,0.9647819134458556,0.2820319704866573,-1.2589762098363035,1.2204302056910403,1.21232290981922,1
0.8363688165461411,1.1019079370398364,1.2698493608002612,-1.0316832901800423,-1.4681733166191775,1.5934719656445924,-0.8193831940055707,-1.237483629099341,0
1.1825373795305647,-0.0473148159871723,0.1574281319604211,-0.7654879296965893,-1.4681733166191775,-1.5759148960008476,1.2204302056910403,1.5622952725218715,0
1.5287059425149885,0.1566892230117048,0.0399675053127362,2.0961121955005315,-0.3013697918819543,0.9595945933155045,-0.8193831940055707,-0.1875665409913863,1
0.8363688165461411,-1.0061337992818955,-0.7891663298473933,-0.0999995284879566,-0.8847715542505659,-1.2589762098363035,-0.8193831940055707,1.21232290981922,0
1.5287059425149885,0.4150943390769498,0.4338060770137979,0.3658423523580862,-0.3013697918819543,1.5934719656445924,-0.8193831940055707,-0.8875112663966895,1
-0.5483054353915534,-0.951732722215528,-1.2313710419327957,1.3640749541710353,-0.8847715542505659,-0.6250988375072156,-0.8193831940055707,0.1624058217112652,0
-1.2406425613604006,-0.0881156237869474,0.2057942723447622,0.1661958319954964,1.4488354952238804,-0.6250988375072156,-0.8193831940055707,1.5622952725218715,0
1.5287059425149885,0.6190983780758263,0.7861879569568527,0.2327446721163597,0.8654337328552689,1.2765332794800484,-0.8193831940055707,-0.5375389036940379,1
1.1825373795305647,0.4694954161433172,0.3094360017397787,-1.2313298105426322,1.4488354952238804,-0.9420375236717596,1.2204302056910403,0.8623505471165683,1
0.4902002535617175,-1.0673350109815585,-1.4317450520964934,1.6968191547753515,-0.3013697918819543,0.9595945933155045,-0.8193831940055707,1.21232290981922,0
1.1825373795305647,0.8095021478081126,1.0211092102522228,0.6985865529624027,0.2820319704866573,-0.3081601513426716,-0.8193831940055707,0.5123781844139168,1
0.1440316905772939,-1.4753430889793129,-1.2935560795698051,-0.0999995284879566,-1.4681733166191775,1.5934719656445924,1.2204302056910403,-0.8875112663966895,0
0.1440316905772939,0.4762955507766129,0.1574281319604211,1.1644284338084456,-0.8847715542505659,1.2765332794800484,-0.8193831940055707,1.21232290981922,0
1.1825373795305647,-0.4825234325181102,-0.8098946757263961,2.0961121955005315,0.8654337328552689,0.6426559071509603,-0.8193831940055707,1.21232290981922,1
-0.2021368724071297,-1.1693370304809974,-1.224461593306461,-0.698939089575726,0.8654337328552689,-0.9420375236717596,1.2204302056910403,-1.5874559918019926,0
-0.5483054353915534,0.6666993205088979,0.8276446487148595,0.8982330733249925,-0.8847715542505659,0.6426559071509603,1.2204302056910403,-0.8875112663966895,0
-1.2406425613604006,-0.6457266637172121,-0.333142720509322,0.4989400325998128,0.8654337328552689,0.3257172209864163,-0.8193831940055707,1.5622952725218715,0
-0.894473998375977,0.3742935312771741,0.1436092347077526,-0.8985856099383158,-1.4681733166191775,1.2765332794800484,-0.8193831940055707,-1.237483629099341,0
1.5287059425149885,-0.7205281446834674,-0.8928080592424091,0.0330981517537699,0.8654337328552689,1.5934719656445924,-0.8193831940055707,-1.237483629099341,0
-1.5868111243448242,1.1291084755730194,1.1385698368999075,2.029563355379668,1.4488354952238804,-0.3081601513426716,-0.8193831940055707,-0.8875112663966895,1
1.5287059425149885,-1.0265342031817832,-1.1899143501747893,-1.0982321303009055,0.2820319704866573,0.3257172209864163,1.2204302056910403,-0.1875665409913863,0
0.4902002535617175,-0.2581189896193452,-0.2018631966089679,-0.5658414093339995,-0.8847715542505659,1.5934719656445924,1.2204302056910403,0.5123781844139168,0
1.1825373795305647,1.2311104950724585,1.2836682580529308,-0.8320367698174526,-0.3013697918819543,1.5934719656445924,1.2204302056910403,1.5622952725218715,1
0.1440316905772939,0.5850977049093475,0.4476249742664664,-0.6323902494548628,-0.3013697918819543,0.3257172209864163,1.2204302056910403,0.1624058217112652,0
0.4902002535617175,-0.5233242403178859,-0.4367844499043378,-0.2996460488505464,-0.3013697918819543,0.6426559071509603,-0.8193831940055707,1.5622952725218715,0
0.8363688165461411,0.3538931273772868,0.34398324487145,-0.8985856099383158,-0.8847715542505659,0.6426559071509603,-0.8193831940055707,1.21232290981922,0
1.1825373795305647,0.9183043019408472,0.931286378109876,-0.5658414093339995,-0.8847715542505659,-0.3081601513426716,1.2204302056910403,1.21232290981922,0
-1.2406425613604006,-0.0201142774539886,-0.2640482342459775,-0.0334506883670933,1.4488354952238804,-1.2589762098363035,-0.8193831940055707,-0.8875112663966895,0
1.1825373795305647,1.747920727202947,1.6567784838749886,1.2309772739293088,1.4488354952238804,1.2765332794800484,-0.8193831940055707,0.8623505471165683,1
-1.2406425613604006,-1.5977455123786397,-1.5975718191285195,1.4971726344127618,1.4488354952238804,-0.9420375236717596,-0.8193831940055707,0.1624058217112652,0
1.1825373795305647,-1.2645389153471398,-1.3488316685804804,1.3640749541710353,-1.4681733166191775,0.6426559071509603,-0.8193831940055707,0.5123781844139168,0
1.5287059425149885,-0.6525267983505079,-0.5058789361676823,0.4989400325998128,-0.3013697918819543,0.3257172209864163,-0.8193831940055707,0.8623505471165683,0
1.5287059425149885,-0.8021297602830183,-0.7477096380893865,0.2327446721163597,1.4488354952238804,0.3257172209864163,-0.8193831940055707,-1.5874559918019926,0
-0.2021368724071297,-1.0265342031817832,-0.7408001894630523,0.4989400325998128,0.2820319704866573,0.3257172209864163,1.2204302056910403,-1.237483629099341,0
0.4902002535617175,-1.3597408002132825,-1.5906623705021845,-2.2295624123555813,1.4488354952238804,-1.5759148960008476,1.2204302056910403,-0.1875665409913863,0
-0.894473998375977,1.5847174960038453,1.4218572305796189,0.565488872720676,-0.8847715542505659,-0.3081601513426716,1.2204302056910403,0.5123781844139168,0
-1.5868111243448242,-0.9993336646485996,-0.9066269564950784,0.2327446721163597,1.4488354952238804,0.3257172209864163,-0.8193831940055707,-0.1875665409913863,0
-1.2406425613604006,1.108708071673132,0.9243769294835406,-0.0999995284879566,-0.3013697918819543,1.2765332794800484,1.2204302056910403,-1.5874559918019926,0
0.4902002535617175,1.8023218042693143,1.684416278380327,-0.2996460488505464,0.8654337328552689,0.9595945933155045,-0.8193831940055707,-0.8875112663966895,0
0.4902002535617175,0.1566892230117048,0.0054202621810642,0.8316842332041292,-0.8847715542505659,0.0087785348218723,-0.8193831940055707,-0.8875112663966895,0
-0.894473998375977,1.4963157457709992,1.311306052558268,-1.4975251710260853,-0.3013697918819543,0.3257172209864163,-0.8193831940055707,0.1624058217112652,0
1.1825373795305647,0.5238964932096845,0.6687273303091679,-0.2330972087296831,-1.4681733166191775,-0.9420375236717596,1.2204302056910403,1.5622952725218715,0
1.5287059425149885,1.1019079370398364,1.0625659020102296,0.765135393083266,-0.3013697918819543,0.9595945933155045,1.2204302056910403,0.1624058217112652,1
0.4902002535617175,-1.2713390499804356,-1.53538678149151,-1.0982321303009055,0.8654337328552689,-1.5759148960008476,-0.8193831940055707,0.5123781844139168,0
0.4902002535617175,-0.5505247788510697,-0.3745994122673282,1.4971726344127618,1.4488354952238804,0.0087785348218723,1.2204302056910403,1.21232290981922,0
-0.2021368724071297,-1.366540934846579,-1.5077489869861722,0.6320377128415394,0.8654337328552689,-1.5759148960008476,-0.8193831940055707,1.21232290981922,0
-1.5868111243448242,1.6459187077035085,1.601502894864313,0.8982330733249925,0.2820319704866573,-0.6250988375072156,1.2204302056910403,-0.5375389036940379,1
0.1440316905772939,-1.5977455123786397,-1.2797371823171366,-0.0999995284879566,-1.4681733166191775,1.2765332794800484,1.2204302056910403,0.8623505471165683,0
0.1440316905772939,0.1566892230117048,0.3578021421241197,-0.2996460488505464,0.8654337328552689,-1.2589762098363035,1.2204302056910403,0.8623505471165683,0
-1.2406425613604006,1.7071199194031714,1.5254989599746351,1.3640749541710353,-0.8847715542505659,-0.6250988375072156,-0.8193831940055707,-0.8875112663966895,0
0.8363688165461411,1.0067060521736932,1.3251249498109363,-0.8985856099383158,0.2820319704866573,-1.5759148960008476,-0.8193831940055707,-1.5874559918019926,1
-1.5868111243448242,-1.631746185545119,-1.5008395383598374,-0.7654879296965893,-1.4681733166191775,-0.6250988375072156,-0.8193831940055707,-0.8875112663966895,0
-1.5868111243448242,-0.6321263944506206,-0.816804124352731,-0.9651344500591792,-0.8847715542505659,0.9595945933155045,1.2204302056910403,-0.8875112663966895,0
-0.5483054353915534,0.2246905693446642,0.4199871797611293,1.0313307535667189,-1.4681733166191775,0.9595945933155045,-0.8193831940055707,0.8623505471165683,0
1.5287059425149885,-1.427742146546242,-1.141548209790448,-0.2996460488505464,-0.8847715542505659,1.5934719656445924,-0.8193831940055707,0.5123781844139168,0
0.1440316905772939,1.4419146687046318,1.6222312407433173,1.430623794291899,-1.4681733166191775,-1.2589762098363035,1.2204302056910403,0.8623505471165683,0
-1.5868111243448242,0.3878938005437656,0.5858139467931555,-1.0316832901800423,-0.3013697918819543,0.9595945933155045,-0.8193831940055707,-0.8875112663966895,0
0.4902002535617175,0.6530990512423064,1.007290312999554,-1.6306228512678118,-1.4681733166191775,-1.2589762098363035,1.2204302056910403,0.1624058217112652,0
-0.2021368724071297,-1.244138511447252,-1.3073749768224745,1.2309772739293088,-0.8847715542505659,-1.2589762098363035,1.2204302056910403,0.8623505471165683,0
1.5287059425149885,-0.9653329914821196,-1.3004655281961393,0.9647819134458556,-1.4681733166191775,0.9595945933155045,-0.8193831940055707,0.8623505471165683,0
-1.5868111243448242,1.0407067253401734,0.9174674808572064,0.8316842332041292,1.4488354952238804,0.6426559071509603,-0.8193831940055707,0.1624058217112652,1
1.1825373795305647,-0.890531510515865,-1.1139104152851105,0.3658423523580862,0.2820319704866573,-0.6250988375072156,-0.8193831940055707,-0.8875112663966895,0
-0.894473998375977,1.4283143994380405,1.2214832204159212,-0.2330972087296831,0.8654337328552689,-0.6250988375072156,-0.8193831940055707,1.5622952725218715,0
0.4902002535617175,-0.1221162969534275,-0.167315953477296,1.0978795936875825,-0.8847715542505659,1.2765332794800484,1.2204302056910403,0.8623505471165683,0
-0.5483054353915534,0.761901205375041,0.5512667036614829,0.3658423523580862,-1.4681733166191775,1.2765332794800484,-0.8193831940055707,0.8623505471165683,0
-0.894473998375977,1.169909283372795,1.1869359772842487,1.2309772739293088,0.8654337328552689,0.6426559071509603,1.2204302056910403,0.8623505471165683,1
0.8363688165461411,-1.3121398577802117,-1.6183001650075222,0.4989400325998128,-0.8847715542505659,0.9595945933155045,-0.8193831940055707,-0.8875112663966895,0
0.4902002535617175,-1.5841452431120473,-1.3004655281961393,-0.8320367698174526,-1.4681733166191775,1.5934719656445924,1.2204302056910403,-0.8875112663966895,0
-1.2406425613604006,-0.938132452948936,-1.1139104152851105,0.8316842332041292,-0.8847715542505659,-0.3081601513426716,1.2204302056910403,-1.237483629099341,0
0.1440316905772939,-0.0405146813538765,-0.3815088608936625,-1.0982321303009055,0.8654337328552689,-0.6250988375072156,1.2204302056910403,0.1624058217112652,0
-1.2406425613604006,-1.4957434928792006,-1.3211938740751428,1.0978795936875825,-0.3013697918819543,1.5934719656445924,-0.8193831940055707,0.1624058217112652,0
-1.2406425613604006,-1.121736088047926,-1.3073749768224745,1.0978795936875825,-1.4681733166191775,1.5934719656445924,-0.8193831940055707,0.8623505471165683,0
1.5287059425149885,-1.1285362226812217,-0.968811994132088,0.0330981517537699,-0.8847715542505659,1.2765332794800484,-0.8193831940055707,0.8623505471165683,0
-0.2021368724071297,1.652718842336805,1.449495025084957,-0.2996460488505464,0.2820319704866573,-1.2589762098363035,-0.8193831940055707,-0.1875665409913863,0
0.8363688165461411,-0.3397206052188961,-0.0429458782032767,-0.5658414093339995,0.2820319704866573,-0.9420375236717596,1.2204302056910403,1.5622952725218715,0
0.4902002535617175,-1.9241519747768427,-1.6873946512708669,-0.1665483686088198,-0.3013697918819543,0.0087785348218723,-0.8193831940055707,-1.237483629099341,0
-1.2406425613604006,-1.2645389153471398,-1.0586348262744352,0.565488872720676,-0.8847715542505659,0.0087785348218723,1.2204302056910403,-0.8875112663966895,0
1.5287059425149885,-1.2509386460805478,-0.9964497886374256,1.3640749541710353,-0.8847715542505659,0.6426559071509603,1.2204302056910403,0.5123781844139168,0
0.4902002535617175,-0.2989197974191209,-0.1465876075982926,-0.4327437290922729,0.8654337328552689,0.9595945933155045,-0.8193831940055707,-0.5375389036940379,0
-1.2406425613604006,0.23149070397796,0.4199871797611293,-1.8968182117512649,-0.3013697918819543,-0.6250988375072156,-0.8193831940055707,-0.1875665409913863,0
0.1440316905772939,-0.8361304334494978,-0.968811994132088,-0.0999995284879566,-1.4681733166191775,-1.2589762098363035,-0.8193831940055707,1.5622952725218715,0
0.1440316905772939,-0.6865274715169879,-0.8858986106160749,0.6320377128415394,1.4488354952238804,1.2765332794800484,-0.8193831940055707,0.5123781844139168,0
0.8363688165461411,-0.3329204705856003,-0.4091466553990002,1.5637214745336252,-0.3013697918819543,0.0087785348218723,1.2204302056910403,0.5123781844139168,1
-0.5483054353915534,0.3334927234773983,0.4890816660244733,-0.0999995284879566,-0.3013697918819543,0.9595945933155045,-0.8193831940055707,-1.5874559918019926,0
1.1825373795305647,1.2243103604391623,1.5600462031063065,-1.0982321303009055,-0.8847715542505659,0.6426559071509603,1.2204302056910403,0.1624058217112652,0
1.5287059425149885,0.3062921849442152,0.3163454503661129,0.2327446721163597,1.4488354952238804,0.6426559071509603,-0.8193831940055707,1.21232290981922,0
1.1825373795305647,0.1226885498452254,0.4061682825084596,0.4989400325998128,0.8654337328552689,0.9595945933155045,-0.8193831940055707,-0.1875665409913863,0
1.1825373795305647,-1.5433444353122725,-1.41101670621749,-2.761953133322488,1.4488354952238804,-1.5759148960008476,-0.8193831940055707,0.8623505471165683,0
-0.894473998375977,0.9795055136405104,1.124750939647239,0.2327446721163597,-1.4681733166191775,1.5934719656445924,1.2204302056910403,-1.237483629099341,0
-0.2021368724071297,1.1903096872726826,1.4978611654692968,0.3658423523580862,1.4488354952238804,1.5934719656445924,-0.8193831940055707,-0.5375389036940379,0
1.1825373795305647,1.108708071673132,1.4356761278322872,0.4323911924789496,0.2820319704866573,0.3257172209864163,-0.8193831940055707,-1.5874559918019926,1
-0.894473998375977,0.0886878766787459,0.2887076558607753,1.1644284338084456,-1.4681733166191775,0.6426559071509603,1.2204302056910403,-0.8875112663966895,0
0.1440316905772939,0.9591051097406218,1.193845425910583,-0.0334506883670933,-0.8847715542505659,1.2765332794800484,-0.8193831940055707,0.5123781844139168,0
0.8363688165461411,0.8571030902411829,1.0556564533838952,-1.8302693716304017,-0.3013697918819543,-0.3081601513426716,1.2204302056910403,-1.5874559918019926,1
0.1440316905772939,-1.8085496860108123,-1.5492056787441784,1.1644284338084456,0.2820319704866573,-1.2589762098363035,-0.8193831940055707,0.5123781844139168,0
0.4902002535617175,-1.0265342031817832,-1.3142844254488084,0.8316842332041292,1.4488354952238804,-1.2589762098363035,-0.8193831940055707,1.21232290981922,0
-1.5868111243448242,0.6054981088092348,0.6134517412984924,2.1626610356213947,-0.8847715542505659,-0.3081601513426716,-0.8193831940055707,1.5622952725218715,0
-0.2021368724071297,-0.1629171047532026,-0.0429458782032767,0.6985865529624027,0.2820319704866573,1.5934719656445924,1.2204302056910403,-0.8875112663966895,0
-0.5483054353915534,1.4147141301714476,1.670597381127657,1.430623794291899,0.8654337328552689,0.6426559071509603,1.2204302056910403,0.8623505471165683,1
-0.894473998375977,0.8571030902411829,0.6341800871774953,1.6302703146544884,0.8654337328552689,1.2765332794800484,-0.8193831940055707,-1.5874559918019926,1
-1.5868111243448242,1.258311033605643,1.5047706140956325,0.565488872720676,1.4488354952238804,1.2765332794800484,1.2204302056910403,-1.237483629099341,0
1.5287059425149885,-0.2309184510861615,0.0537864025654053,-0.9651344500591792,1.4488354952238804,-0.9420375236717596,1.2204302056910403,-0.5375389036940379,0
-0.5483054353915534,1.2243103604391623,1.297487155305599,0.1661958319954964,0.2820319704866573,-1.5759148960008476,-0.8193831940055707,-0.1875665409913863,0
1.1825373795305647,1.4963157457709992,1.6636879325013227,-0.3661948889714096,-0.3013697918819543,1.2765332794800484,-0.8193831940055707,0.8623505471165683,1
0.1440316905772939,0.23149070397796,-0.0636742240822795,-0.2330972087296831,-0.8847715542505659,0.0087785348218723,-0.8193831940055707,-1.237483629099341,0
0.4902002535617175,0.5782975702760518,0.4752627687718047,0.0330981517537699,-0.8847715542505659,-0.3081601513426716,1.2204302056910403,-0.5375389036940379,0
0.8363688165461411,0.1906898961781842,0.0606958511917396,0.565488872720676,0.8654337328552689,1.5934719656445924,-0.8193831940055707,-1.237483629099341,0
-0.2021368724071297,0.8299025517079999,0.9727430698678816,-2.4957577728390343,-0.3013697918819543,1.2765332794800484,-0.8193831940055707,0.5123781844139168,0
0.4902002535617175,1.1359086102063152,0.9934714157468856,-0.5658414093339995,0.2820319704866573,0.3257172209864163,1.2204302056910403,-0.1875665409913863,0
1.5287059425149885,0.6530990512423064,0.3785304880031225,-0.5658414093339995,0.2820319704866573,-0.3081601513426716,1.2204302056910403,-0.8875112663966895,1
-0.894473998375977,0.0478870688789702,-0.1949537479826336,-0.7654879296965893,0.2820319704866573,-0.3081601513426716,-0.8193831940055707,-0.1875665409913863,0
-0.5483054353915534,-1.3121398577802117,-1.6528474081391948,0.8316842332041292,-1.4681733166191775,-0.3081601513426716,1.2204302056910403,0.5123781844139168,0
-0.5483054353915534,0.3198924542108067,0.0952430943234115,-0.698939089575726,-0.3013697918819543,0.9595945933155045,-0.8193831940055707,0.5123781844139168,0
1.5287059425149885,-0.7341284139500589,-0.4713316930360104,0.2327446721163597,-0.8847715542505659,0.0087785348218723,-0.8193831940055707,1.5622952725218715,0
1.1825373795305647,-0.1085160276868353,-0.3607805150146597,1.0978795936875825,-0.3013697918819543,-0.3081601513426716,-0.8193831940055707,-0.5375389036940379,1
-1.2406425613604006,-0.3873215476519677,-0.167315953477296,2.761600596709164,-1.4681733166191775,0.3257172209864163,-0.8193831940055707,-1.237483629099341,0
-1.2406425613604006,-1.0265342031817832,-1.217552144680127,0.4323911924789496,-0.8847715542505659,-0.6250988375072156,1.2204302056910403,0.1624058217112652,0
1.1825373795305647,1.013506186806989,0.6963651248145049,-0.5658414093339995,-1.4681733166191775,-0.9420375236717596,-0.8193831940055707,1.5622952725218715,0
1.5287059425149885,0.5714974356427548,0.2679793099817719,0.6985865529624027,-0.3013697918819543,0.9595945933155045,1.2204302056910403,-0.5375389036940379,1
0.1440316905772939,-0.1697172393864984,-0.250229336993309,1.2309772739293088,0.8654337328552689,0.3257172209864163,-0.8193831940055707,1.5622952725218715,0
0.4902002535617175,0.6326986473424191,0.4959911146508075,0.6985865529624027,1.4488354952238804,0.3257172209864163,1.2204302056910403,0.5123781844139168,0
-0.894473998375977,-1.257738780713844,-1.53538678149151,-0.0999995284879566,0.2820319704866573,-1.2589762098363035,1.2204302056910403,-0.5375389036940379,0
-0.5483054353915534,-1.706547666511374,-1.41101670621749,-0.7654879296965893,-0.8847715542505659,-0.9420375236717596,1.2204302056910403,-0.8875112663966895,0
-1.5868111243448242,-1.7405483396778536,-1.4662922952281654,0.0996469918746332,0.8654337328552689,0.9595945933155045,-0.8193831940055707,-0.5375389036940379,0
-1.5868111243448242,-0.0269144120872844,-0.132768710345624,-0.1665483686088198,0.8654337328552689,0.6426559071509603,-0.8193831940055707,1.5622952725218715,0
0.1440316905772939,1.3875135916382646,1.2214832204159212,0.3658423523580862,-0.3013697918819543,-1.2589762098363035,-0.8193831940055707,-0.1875665409913863,0
-0.2021368724071297,-1.407341742646354,-1.1691860042957858,-0.0334506883670933,0.2820319704866573,0.0087785348218723,-0.8193831940055707,0.8623505471165683,0
0.1440316905772939,-1.5977455123786397,-1.53538678149151,0.1661958319954964,1.4488354952238804,0.9595945933155045,-0.8193831940055707,0.8623505471165683,0
1.1825373795305647,1.339912649205193,1.076384799262898,-0.7654879296965893,0.2820319704866573,1.5934719656445924,-0.8193831940055707,0.1624058217112652,1
-0.5483054353915534,0.6870997244087852,0.4061682825084596,0.2327446721163597,0.2820319704866573,0.3257172209864163,1.2204302056910403,1.21232290981922,0
-0.2021368724071297,-0.1425167008533148,-0.0567647754559453,-0.0334506883670933,-0.8847715542505659,-1.5759148960008476,-0.8193831940055707,-1.5874559918019926,0
1.1825373795305647,-1.0265342031817832,-0.8582608161107372,0.1661958319954964,0.8654337328552689,-1.5759148960008476,1.2204302056910403,0.5123781844139168,0
-1.5868111243448242,-0.8225301641829056,-0.5473356279256886,-0.0999995284879566,1.4488354952238804,1.5934719656445924,1.2204302056910403,-0.5375389036940379,0
0.8363688165461411,-0.2921196627858252,-0.4298750012780036,-0.0999995284879566,-0.3013697918819543,0.6426559071509603,-0.8193831940055707,-0.1875665409913863,0
-0.5483054353915534,-1.427742146546242,-1.127729312537779,-0.0334506883670933,0.8654337328552689,-1.2589762098363035,1.2204302056910403,0.1624058217112652,0
-0.2021368724071297,-0.8973316451491609,-0.816804124352731,1.0978795936875825,-0.8847715542505659,1.2765332794800484,1.2204302056910403,0.8623505471165683,0
-0.894473998375977,0.9387047058407344,0.7516407138251803,-0.6323902494548628,0.2820319704866573,0.6426559071509603,1.2204302056910403,-0.1875665409913863,0
-0.5483054353915534,-1.2917394538803235,-1.2037332474274578,-1.8968182117512649,0.8654337328552689,-1.5759148960008476,-0.8193831940055707,1.21232290981922,0
-0.2021368724071297,1.503115880404295,1.2007548745369172,-0.0999995284879566,0.2820319704866573,0.9595945933155045,-0.8193831940055707,-0.1875665409913863,0
0.4902002535617175,-1.019734068548487,-1.1899143501747893,-1.1647809704217689,-0.3013697918819543,0.6426559071509603,-0.8193831940055707,0.8623505471165683,0
1.1825373795305647,-0.9653329914821196,-1.2728277336908016,-0.4992925692131362,-0.8847715542505659,-0.3081601513426716,-0.8193831940055707,-0.5375389036940379,0
-1.2406425613604006,-1.2849393192470278,-1.4179261548438242,0.3658423523580862,0.2820319704866573,-1.5759148960008476,1.2204302056910403,-0.8875112663966895,0
0.1440316905772939,-1.0605348763482627,-1.0517253776481008,-0.3661948889714096,-1.4681733166191775,-1.2589762098363035,1.2204302056910403,0.1624058217112652,0
-1.2406425613604006,-0.4825234325181102,-0.2847765801249809,0.299293512237223,-0.8847715542505659,1.5934719656445924,1.2204302056910403,0.8623505471165683,0
-0.5483054353915534,-0.135716566220019,-0.3815088608936625,1.5637214745336252,-1.4681733166191775,1.2765332794800484,1.2204302056910403,1.5622952725218715,0
1.5287059425149885,1.7751212657361315,1.4909517168429625,0.3658423523580862,0.8654337328552689,-1.2589762098363035,1.2204302056910403,-0.5375389036940379,1
-1.5868111243448242,-0.6797273368836916,-0.4644222444096755,0.9647819134458556,0.8654337328552689,0.6426559071509603,1.2204302056910403,-1.237483629099341,0
0.8363688165461411,-1.468542954346017,-1.217552144680127,0.2327446721163597,1.4488354952238804,-0.9420375236717596,-0.8193831940055707,-1.237483629099341,0
-0.5483054353915534,-0.4009218169185592,-0.3469616177619906,-0.0999995284879566,0.8654337328552689,0.6426559071509603,-0.8193831940055707,1.21232290981922,0
0.8363688165461411,-1.6657468587115984,-1.5975718191285195,0.4989400325998128,0.8654337328552689,0.3257172209864163,1.2204302056910403,0.1624058217112652,0
1.5287059425149885,-1.196537569014181,-1.00335923726376,-0.0999995284879566,-0.3013697918819543,-0.9420375236717596,-0.8193831940055707,-0.8875112663966895,0
1.5287059425149885,-1.1285362226812217,-1.3902883603384872,-0.0999995284879566,1.4488354952238804,0.0087785348218723,-0.8193831940055707,0.5123781844139168,0
1.5287059425149885,-1.0469346070816703,-0.9964497886374256,0.8982330733249925,1.4488354952238804,1.5934719656445924,1.2204302056910403,0.1624058217112652,1
0.4902002535617175,1.5099160150375908,1.4149477819532843,-2.4957577728390343,1.4488354952238804,0.3257172209864163,-0.8193831940055707,-0.8875112663966895,0
1.1825373795305647,0.0342867996123786,-0.2778671314986466,0.6320377128415394,1.4488354952238804,1.5934719656445924,-0.8193831940055707,0.1624058217112652,0
-1.5868111243448242,1.2719113028722342,1.1109320423945706,0.565488872720676,1.4488354952238804,-1.5759148960008476,1.2204302056910403,-0.8875112663966895,0
1.1825373795305647,0.1362888191118175,0.081424197070743,1.6302703146544884,0.8654337328552689,0.9595945933155045,-0.8193831940055707,-0.8875112663966895,1
1.5287059425149885,-1.11493595341463,-1.127729312537779,-1.1647809704217689,0.2820319704866573,1.2765332794800484,1.2204302056910403,0.8623505471165683,0
-1.2406425613604006,0.6190983780758263,0.7240029193198432,-0.5658414093339995,-1.4681733166191775,-0.6250988375072156,1.2204302056910403,0.5123781844139168,0
-1.2406425613604006,-1.760948743577741,-1.6804852026445325,0.8316842332041292,-1.4681733166191775,1.5934719656445924,1.2204302056910403,-0.1875665409913863,0
-0.894473998375977,-1.5025436275124964,-1.376469463085818,1.2309772739293088,-1.4681733166191775,-1.2589762098363035,-0.8193831940055707,1.21232290981922,0
-0.5483054353915534,0.0206865303457865,0.3578021421241197,-0.4992925692131362,0.2820319704866573,1.2765332794800484,1.2204302056910403,-1.237483629099341,0
-0.894473998375977,-1.8289500899107003,-1.528477332865175,-0.4327437290922729,1.4488354952238804,0.3257172209864163,1.2204302056910403,0.1624058217112652,0
-0.5483054353915534,-0.7341284139500589,-0.6233395628153673,-1.0982321303009055,-0.3013697918819543,0.6426559071509603,1.2204302056910403,-0.1875665409913863,0
1.1825373795305647,0.7483009361084495,0.627270638551161,0.8316842332041292,0.2820319704866573,-0.9420375236717596,-0.8193831940055707,-0.8875112663966895,1
-0.2021368724071297,-0.5369245095844775,-0.7269812922103831,-0.4992925692131362,0.2820319704866573,-0.3081601513426716,1.2204302056910403,-0.8875112663966895,0
1.1825373795305647,-0.1629171047532026,0.0468769539390705,0.4323911924789496,0.2820319704866573,0.6426559071509603,-0.8193831940055707,-1.237483629099341,0
0.8363688165461411,1.3535129184717845,1.3734910901952777,1.1644284338084456,0.2820319704866573,1.5934719656445924,-0.8193831940055707,-1.5874559918019926,1
-1.2406425613604006,1.7071199194031714,1.670597381127657,-0.0999995284879566,1.4488354952238804,-0.9420375236717596,1.2204302056910403,-0.1875665409913863,0
-1.2406425613604006,-1.5569447045788638,-1.5146584356125063,-0.6323902494548628,1.4488354952238804,-0.6250988375072156,-0.8193831940055707,-0.1875665409913863,0
-0.2021368724071297,-1.611345781645231,-1.528477332865175,-0.0999995284879566,0.8654337328552689,-1.5759148960008476,-0.8193831940055707,-0.5375389036940379,0
-1.2406425613604006,0.6802995897754894,0.882920237725535,0.0996469918746332,1.4488354952238804,-0.6250988375072156,-0.8193831940055707,-1.237483629099341,0
1.5287059425149885,-0.3941216822852634,-0.6786151518260426,1.0313307535667189,-1.4681733166191775,-1.2589762098363035,1.2204302056910403,0.8623505471165683,0
-1.2406425613604006,0.3674933966438783,0.4752627687718047,-0.4327437290922729,-0.3013697918819543,0.3257172209864163,1.2204302056910403,-0.5375389036940379,0
-1.2406425613604006,0.7551010707417453,0.6134517412984924,0.765135393083266,1.4488354952238804,-0.6250988375072156,-0.8193831940055707,0.5123781844139168,1
1.5287059425149885,0.6666993205088979,0.3508926934977843,-1.4975251710260853,1.4488354952238804,-1.5759148960008476,-0.8193831940055707,1.5622952725218715,1
-1.2406425613604006,-1.0605348763482627,-1.328103322701477,-0.2330972087296831,0.2820319704866573,-1.5759148960008476,-0.8193831940055707,1.21232290981922,0
0.1440316905772939,0.7483009361084495,1.0141997616258884,2.1626610356213947,0.8654337328552689,-1.2589762098363035,-0.8193831940055707,-0.8875112663966895,1
-0.5483054353915534,1.4759153418711106,1.242211566294924,-0.2996460488505464,-1.4681733166191775,0.9595945933155045,1.2204302056910403,-1.237483629099341,0
0.8363688165461411,-1.325740127046803,-1.528477332865175,-1.4975251710260853,-0.3013697918819543,0.0087785348218723,-0.8193831940055707,-1.5874559918019926,0
0.1440316905772939,-0.829330298816202,-0.5749734224310262,0.9647819134458556,0.8654337328552689,-0.9420375236717596,1.2204302056910403,-0.8875112663966895,0
0.1440316905772939,1.530316418937478,1.359672192942609,-0.2330972087296831,-0.8847715542505659,-0.6250988375072156,-0.8193831940055707,1.5622952725218715,0
1.1825373795305647,-1.407341742646354,-1.2797371823171366,0.765135393083266,1.4488354952238804,1.5934719656445924,-0.8193831940055707,0.5123781844139168,1
-0.2021368724071297,0.7551010707417453,0.7585501624515157,0.8982330733249925,-0.3013697918819543,0.0087785348218723,1.2204302056910403,0.8623505471165683,1
-0.5483054353915534,0.0750876074121538,0.2334320668500999,0.0996469918746332,-0.8847715542505659,0.3257172209864163,-0.8193831940055707,0.5123781844139168,0
1.1825373795305647,-1.339340396313395,-1.5837529218758504,0.565488872720676,-0.8847715542505659,-0.6250988375072156,-0.8193831940055707,-1.5874559918019926,0
1.5287059425149885,0.0138863957124907,-0.3055049260039844,0.0996469918746332,-0.3013697918819543,-0.3081601513426716,1.2204302056910403,-1.237483629099341,0
1.1825373795305647,1.2651111682389384,1.1109320423945706,-0.2330972087296831,0.8654337328552689,1.5934719656445924,1.2204302056910403,-0.5375389036940379,1
0.8363688165461411,1.7003197847698757,1.691325727006661,0.765135393083266,-0.8847715542505659,0.0087785348218723,1.2204302056910403,1.21232290981922,1
1.1825373795305647,-1.3733410694798744,-1.224461593306461,1.0978795936875825,-0.8847715542505659,0.0087785348218723,1.2204302056910403,-0.5375389036940379,0
0.4902002535617175,-1.244138511447252,-1.5077489869861722,-1.2978786506634954,-0.3013697918819543,0.3257172209864163,1.2204302056910403,-0.5375389036940379,0
1.5287059425149885,1.455514937971223,1.387309987447946,-1.6306228512678118,-0.8847715542505659,1.2765332794800484,-0.8193831940055707,-1.237483629099341,0
0.1440316905772939,-0.7341284139500589,-0.5611545251783577,0.9647819134458556,-1.4681733166191775,-0.6250988375072156,-0.8193831940055707,-1.237483629099341,0
0.8363688165461411,1.210710091172571,0.8967391349782035,-0.4327437290922729,-1.4681733166191775,0.6426559071509603,-0.8193831940055707,1.5622952725218715,0
0.4902002535617175,-1.223738107547364,-1.2106426960537922,0.0996469918746332,-0.8847715542505659,-0.6250988375072156,-0.8193831940055707,0.1624058217112652,0
1.5287059425149885,-0.2853195281525288,-0.1120403644666206,-0.2330972087296831,0.8654337328552689,1.5934719656445924,-0.8193831940055707,1.21232290981922,0
1.1825373795305647,1.5235162843041825,1.4287666792059528,-0.9651344500591792,0.2820319704866573,1.5934719656445924,-0.8193831940055707,0.8623505471165683,1
-1.2406425613604006,0.5850977049093475,0.4199871797611293,0.3658423523580862,-1.4681733166191775,-1.2589762098363035,-0.8193831940055707,-1.5874559918019926,0
1.1825373795305647,-1.6385463201784147,-1.3626505658331496,-1.5640740111469489,0.8654337328552689,1.2765332794800484,1.2204302056910403,-0.8875112663966895,0
0.1440316905772939,-1.5093437621457928,-1.2659182850644677,0.6985865529624027,0.8654337328552689,1.5934719656445924,-0.8193831940055707,-1.237483629099341,0
0.1440316905772939,-1.1557367612144052,-0.8720797133634063,0.1661958319954964,0.8654337328552689,0.3257172209864163,-0.8193831940055707,1.5622952725218715,0
-1.5868111243448242,1.6731192462366926,1.670597381127657,1.430623794291899,0.8654337328552689,0.6426559071509603,-0.8193831940055707,-1.5874559918019926,1
-1.2406425613604006,-1.5365443006789763,-1.3488316685804804,0.4323911924789496,-0.8847715542505659,-0.3081601513426716,1.2204302056910403,-0.1875665409913863,0
1.1825373795305647,-0.0813154891536517,0.081424197070743,1.3640749541710353,-0.8847715542505659,0.6426559071509603,-0.8193831940055707,-0.1875665409913863,0
-1.5868111243448242,1.31271211067201,1.6360501379959858,1.3640749541710353,0.2820319704866573,0.9595945933155045,-0.8193831940055707,-1.237483629099341,1
0.1440316905772939,0.2790916464110315,0.3094360017397787,-0.2330972087296831,-0.3013697918819543,0.3257172209864163,1.2204302056910403,-0.1875665409913863,0
1.5287059425149885,1.4691152072378149,1.3665816415689434,-0.8985856099383158,-0.8847715542505659,-0.3081601513426716,-0.8193831940055707,0.1624058217112652,0
0.4902002535617175,-0.1833175086530905,-0.3538710663883254,0.565488872720676,0.2820319704866573,0.6426559071509603,-0.8193831940055707,-1.5874559918019926,0
-0.2021368724071297,-1.5365443006789763,-1.5561151273705127,-0.8320367698174526,-0.8847715542505659,1.5934719656445924,-0.8193831940055707,0.8623505471165683,0
0.1440316905772939,-0.5369245095844775,-0.7684379839683899,-0.6323902494548628,-0.3013697918819543,0.6426559071509603,-0.8193831940055707,-0.8875112663966895,0
-0.894473998375977,-1.366540934846579,-1.0862726207797728,-0.2330972087296831,0.2820319704866573,0.3257172209864163,1.2204302056910403,-1.237483629099341,0
0.1440316905772939,1.210710091172571,1.4909517168429625,-0.4327437290922729,-0.3013697918819543,0.6426559071509603,-0.8193831940055707,-1.237483629099341,0
-1.2406425613604006,-0.7205281446834674,-1.00335923726376,-1.6971716913886752,-0.8847715542505659,-0.3081601513426716,1.2204302056910403,1.5622952725218715,0
-1.2406425613604006,-0.5437246442177732,-0.568063973804692,-0.4992925692131362,-1.4681733166191775,-1.5759148960008476,-0.8193831940055707,0.8623505471165683,0
1.5287059425149885,-1.386941338746466,-1.659756856765529,-1.0316832901800423,-0.3013697918819543,1.5934719656445924,1.2204302056910403,-1.237483629099341,0
-0.5483054353915534,1.3603130531050802,1.4840422682166283,-1.5640740111469489,1.4488354952238804,1.2765332794800484,-0.8193831940055707,0.8623505471165683,0
-1.2406425613604006,0.149889088378409,0.2887076558607753,-0.2996460488505464,-0.3013697918819543,-0.6250988375072156,-0.8193831940055707,0.8623505471165683,0
-0.894473998375977,0.1634893576450005,0.0399675053127362,-1.3644274907843588,-1.4681733166191775,0.0087785348218723,-0.8193831940055707,0.5123781844139168,0
0.8363688165461411,-1.278139184613731,-1.4870206411071687,-0.0334506883670933,0.8654337328552689,0.3257172209864163,1.2204302056910403,0.8623505471165683,0
1.5287059425149885,-0.5505247788510697,-0.8720797133634063,-1.430976330905222,-0.3013697918819543,-1.5759148960008476,1.2204302056910403,1.21232290981922,0
-1.5868111243448242,-1.4481425504461292,-1.224461593306461,-0.1665483686088198,1.4488354952238804,0.3257172209864163,-0.8193831940055707,0.5123781844139168,0
-0.5483054353915534,0.1974900308114806,0.0261486080600677,-0.698939089575726,-0.3013697918819543,1.5934719656445924,-0.8193831940055707,1.5622952725218715,0
-0.5483054353915534,0.9931057829071018,0.6963651248145049,-0.3661948889714096,1.4488354952238804,-1.2589762098363035,1.2204302056910403,1.21232290981922,0
-0.894473998375977,0.503496089309796,0.1919753750920931,-0.8320367698174526,1.4488354952238804,0.0087785348218723,1.2204302056910403,1.21232290981922,0
0.1440316905772939,0.007086261079195,-0.2433198883669747,0.6985865529624027,1.4488354952238804,-1.2589762098363035,1.2204302056910403,0.1624058217112652,0
-0.2021368724071297,0.0002861264458992,-0.1604065048509617,-0.7654879296965893,0.8654337328552689,1.2765332794800484,-0.8193831940055707,0.8623505471165683,0
-0.894473998375977,0.7211003975752652,0.8345540973411939,-1.5640740111469489,-0.3013697918819543,-0.3081601513426716,-0.8193831940055707,-0.5375389036940379,0
-0.2021368724071297,-0.5029238364179981,-0.6924340490787112,-0.8985856099383158,1.4488354952238804,0.0087785348218723,1.2204302056910403,0.8623505471165683,0
-0.894473998375977,1.169909283372795,1.338943847063606,-0.6323902494548628,1.4488354952238804,-0.3081601513426716,-0.8193831940055707,-0.5375389036940379,0
-0.2021368724071297,1.176709418006091,1.3043966039319337,-1.1647809704217689,1.4488354952238804,-0.6250988375072156,1.2204302056910403,-1.237483629099341,0
1.1825373795305647,-0.0337145467205801,0.2610698613554376,0.6985865529624027,-0.3013697918819543,-0.9420375236717596,-0.8193831940055707,-1.237483629099341,0
-0.894473998375977,1.149508879472908,1.4356761278322872,-1.2313298105426322,-0.8847715542505659,0.3257172209864163,-0.8193831940055707,-0.5375389036940379,0
-0.5483054353915534,1.686719515503284,1.573865100358976,-1.430976330905222,1.4488354952238804,1.2765332794800484,-0.8193831940055707,-1.5874559918019926,0
-1.5868111243448242,-0.951732722215528,-0.9411741996267502,-0.8985856099383158,-0.3013697918819543,-1.2589762098363035,-0.8193831940055707,1.21232290981922,0
0.8363688165461411,-1.1761371651142931,-0.8789891619897406,1.3640749541710353,-0.3013697918819543,0.0087785348218723,-0.8193831940055707,0.8623505471165683,1
0.1440316905772939,1.7955216696360188,1.477132819590294,-0.7654879296965893,0.2820319704866573,-1.2589762098363035,1.2204302056910403,-0.1875665409913863,0
0.1440316905772939,-0.9245321836823444,-0.9411741996267502,1.6968191547753515,-0.3013697918819543,-0.3081601513426716,-0.8193831940055707,0.1624058217112652,0
0.4902002535617175,0.5306966278429802,0.8691013404728651,0.2327446721163597,0.2820319704866573,-0.9420375236717596,-0.8193831940055707,-0.1875665409913863,0
-0.2021368724071297,-1.121736088047926,-0.975721442758422,-0.1665483686088198,1.4488354952238804,-1.2589762098363035,1.2204302056910403,-0.5375389036940379,0
1.5287059425149885,0.0138863957124907,0.2196131695974308,-0.4327437290922729,0.8654337328552689,-1.5759148960008476,-0.8193831940055707,-0.5375389036940379,0
1.1825373795305647,-0.3193202013190088,-0.0083986350716048,-1.0316832901800423,1.4488354952238804,1.2765332794800484,-0.8193831940055707,-0.5375389036940379,0
1.5287059425149885,0.0478870688789702,0.1850659264657588,0.299293512237223,-0.8847715542505659,-1.2589762098363035,1.2204302056910403,0.5123781844139168,0
0.1440316905772939,-0.2921196627858252,-0.3469616177619906,-0.6323902494548628,0.8654337328552689,0.6426559071509603,-0.8193831940055707,1.5622952725218715,0
-1.2406425613604006,-1.0673350109815585,-0.7684379839683899,-2.0964647321138545,0.8654337328552689,-0.9420375236717596,-0.8193831940055707,-1.5874559918019926,0
0.4902002535617175,-0.054114950620468,-0.3469616177619906,-0.4327437290922729,0.2820319704866573,1.2765332794800484,-0.8193831940055707,-1.237483629099341,0
-0.894473998375977,-1.985353186476506,-1.7495796889078763,0.3658423523580862,-0.8847715542505659,0.6426559071509603,-0.8193831940055707,0.8623505471165683,0
0.8363688165461411,-1.550144569945568,-1.245189939185464,1.2975261140501722,-0.3013697918819543,-0.3081601513426716,1.2204302056910403,0.8623505471165683,1
-1.2406425613604006,-1.835750224543996,-1.5492056787441784,0.565488872720676,0.8654337328552689,-0.6250988375072156,-0.8193831940055707,0.1624058217112652,0
0.8363688165461411,-1.760948743577741,-1.7426702402815422,1.0978795936875825,-0.8847715542505659,-0.6250988375072156,-0.8193831940055707,0.8623505471165683,0
0.4902002535617175,1.686719515503284,1.6982351756329954,0.9647819134458556,-0.8847715542505659,0.9595945933155045,1.2204302056910403,-0.1875665409913863,0
0.8363688165461411,-1.101335684148038,-1.0379064803954317,-0.0334506883670933,1.4488354952238804,1.5934719656445924,-0.8193831940055707,0.5123781844139168,0
0.4902002535617175,1.0747073985066522,1.297487155305599,0.3658423523580862,-0.3013697918819543,-1.5759148960008476,1.2204302056910403,-0.1875665409913863,0
1.5287059425149885,-0.6593269329838043,-0.6233395628153673,1.2975261140501722,-1.4681733166191775,-0.6250988375072156,-0.8193831940055707,-0.1875665409913863,0
-1.5868111243448242,0.9047040326742544,0.8898296863518692,1.6968191547753515,-1.4681733166191775,0.9595945933155045,-0.8193831940055707,-0.5375389036940379,0
-0.2021368724071297,1.7751212657361315,1.6498690352486542,0.299293512237223,-1.4681733166191775,-0.6250988375072156,-0.8193831940055707,0.8623505471165683,0
0.8363688165461411,-1.2713390499804356,-1.1070009666587763,-0.5658414093339995,0.8654337328552689,1.2765332794800484,-0.8193831940055707,-0.5375389036940379,0
-0.894473998375977,-0.0609150852537638,0.2265226182237656,0.565488872720676,-0.3013697918819543,-1.5759148960008476,-0.8193831940055707,-1.237483629099341,0
-0.5483054353915534,-1.4617428197127211,-1.4179261548438242,1.7633679948962149,-0.3013697918819543,0.9595945933155045,1.2204302056910403,-0.1875665409913863,0
-0.894473998375977,1.4215142648047434,1.5254989599746351,3.094344797313481,0.2820319704866573,0.3257172209864163,-0.8193831940055707,1.21232290981922,1
-0.2021368724071297,0.2246905693446642,0.1228808888287492,-1.0316832901800423,-0.3013697918819543,-1.2589762098363035,-0.8193831940055707,-0.5375389036940379,0
0.4902002535617175,0.7006999936753779,0.7516407138251803,0.8316842332041292,1.4488354952238804,-1.2589762098363035,1.2204302056910403,-1.5874559918019926,1
-0.2021368724071297,-0.9925335300153032,-1.2313710419327957,0.8316842332041292,-0.3013697918819543,0.9595945933155045,1.2204302056910403,-0.1875665409913863,0
0.4902002535617175,-1.4005416080130582,-1.5837529218758504,0.765135393083266,-0.3013697918819543,0.3257172209864163,-0.8193831940055707,-0.8875112663966895,0
-0.894473998375977,-0.7613289524832425,-1.1070009666587763,0.6985865529624027,1.4488354952238804,-1.5759148960008476,-0.8193831940055707,0.1624058217112652,0
-1.5868111243448242,-0.5573249134843654,-0.2778671314986466,0.4989400325998128,0.2820319704866573,0.9595945933155045,-0.8193831940055707,0.1624058217112652,0
1.5287059425149885,0.1906898961781842,0.3301643476187815,0.1661958319954964,0.2820319704866573,1.2765332794800484,1.2204302056910403,-0.5375389036940379,0
1.5287059425149885,-0.4213222208184471,-0.3538710663883254,0.765135393083266,-0.3013697918819543,-1.2589762098363035,-0.8193831940055707,0.8623505471165683,1
-0.2021368724071297,-0.4077219515518556,-0.3124143746303186,1.1644284338084456,1.4488354952238804,-0.6250988375072156,1.2204302056910403,-1.237483629099341,0
-0.894473998375977,0.6122982434425306,0.5512667036614829,-0.7654879296965893,0.2820319704866573,0.3257172209864163,1.2204302056910403,1.5622952725218715,0
-0.2021368724071297,0.0002861264458992,-0.0429458782032767,0.1661958319954964,-0.3013697918819543,1.5934719656445924,-0.8193831940055707,-1.5874559918019926,0
0.8363688165461411,-0.0881156237869474,-0.0014891864452699,-1.8302693716304017,0.2820319704866573,0.3257172209864163,-0.8193831940055707,-0.8875112663966895,0
1.1825373795305647,0.4830956854099087,0.5650856009141514,-0.9651344500591792,-1.4681733166191775,0.9595945933155045,-0.8193831940055707,-1.5874559918019926,0
0.8363688165461411,-0.9653329914821196,-1.1830049015484545,-0.2996460488505464,-0.8847715542505659,1.5934719656445924,-0.8193831940055707,0.1624058217112652,0
0.8363688165461411,-0.2649191242526415,0.0330580566864019,3.160893637434344,-0.3013697918819543,-1.5759148960008476,-0.8193831940055707,-0.5375389036940379,1
1.5287059425149885,-0.3737212783853755,-0.5957017683100296,-0.7654879296965893,-0.8847715542505659,0.9595945933155045,-0.8193831940055707,0.8623505471165683,0
-0.5483054353915534,1.054306994606765,0.9381958267362104,-0.698939089575726,-1.4681733166191775,-1.2589762098363035,-0.8193831940055707,0.5123781844139168,0
-1.2406425613604006,0.340292858110694,0.1781564778394246,0.0996469918746332,0.2820319704866573,-0.9420375236717596,1.2204302056910403,0.8623505471165683,0
-1.2406425613604006,1.0951078024065406,1.0487470047575609,-0.6323902494548628,-0.3013697918819543,-0.6250988375072156,-0.8193831940055707,1.5622952725218715,0
0.8363688165461411,-0.2105180471862742,-0.1465876075982926,0.0996469918746332,-0.3013697918819543,-0.9420375236717596,-0.8193831940055707,-1.237483629099341,0
-1.2406425613604006,-0.9449325875822324,-0.6717057031997083,0.3658423523580862,-1.4681733166191775,1.5934719656445924,1.2204302056910403,-0.1875665409913863,0
-0.5483054353915534,0.2654913771444394,0.4545344228928007,-2.362660092597308,0.2820319704866573,-1.2589762098363035,-0.8193831940055707,1.21232290981922,0
-1.2406425613604006,1.543916688204071,1.2283926690422555,0.6320377128415394,-0.3013697918819543,-0.6250988375072156,1.2204302056910403,0.5123781844139168,0
0.8363688165461411,0.0002861264458992,0.1021525429497458,1.0978795936875825,-0.3013697918819543,0.3257172209864163,-0.8193831940055707,-0.1875665409913863,1
-1.2406425613604006,0.4898958200432045,0.4407155256401321,0.2327446721163597,-0.8847715542505659,-0.3081601513426716,1.2204302056910403,0.1624058217112652,0
-1.2406425613604006,1.8295223428024987,1.6567784838749886,0.1661958319954964,1.4488354952238804,-1.2589762098363035,-0.8193831940055707,-1.5874559918019926,0
1.1825373795305647,0.8367026863412956,0.7309123679461774,0.6320377128415394,-0.3013697918819543,1.5934719656445924,1.2204302056910403,0.1624058217112652,1
1.1825373795305647,-0.6797273368836916,-0.4713316930360104,0.8316842332041292,-0.8847715542505659,-1.2589762098363035,1.2204302056910403,-0.5375389036940379,0
-0.5483054353915534,1.3603130531050802,1.3734910901952777,0.6320377128415394,0.8654337328552689,-0.6250988375072156,-0.8193831940055707,-1.5874559918019926,0
0.4902002535617175,-1.3801412041131702,-1.3626505658331496,0.3658423523580862,1.4488354952238804,-0.9420375236717596,-0.8193831940055707,0.5123781844139168,0
-1.5868111243448242,0.7143002629419695,0.7309123679461774,0.8316842332041292,-0.8847715542505659,-1.5759148960008476,-0.8193831940055707,-0.1875665409913863,0
1.5287059425149885,0.7687013400083368,0.6065422926721582,0.4989400325998128,-1.4681733166191775,0.0087785348218723,1.2204302056910403,0.1624058217112652,0
0.1440316905772939,1.598317765270438,1.5393178572273036,2.961247117071754,-0.3013697918819543,0.9595945933155045,1.2204302056910403,-0.8875112663966895,1
-1.2406425613604006,1.3535129184717845,1.2698493608002612,-2.362660092597308,1.4488354952238804,1.5934719656445924,-0.8193831940055707,0.5123781844139168,0
1.5287059425149885,-0.054114950620468,0.2679793099817719,-0.1665483686088198,0.8654337328552689,-1.2589762098363035,1.2204302056910403,-1.237483629099341,0
-0.2021368724071297,-1.86295076307718,-1.6044812677548537,0.2327446721163597,0.8654337328552689,-1.2589762098363035,-0.8193831940055707,1.21232290981922,0
-0.5483054353915534,-0.9313323183156402,-0.8789891619897406,-0.8320367698174526,-0.3013697918819543,1.5934719656445924,-0.8193831940055707,1.5622952725218715,0
-0.894473998375977,-1.366540934846579,-1.2935560795698051,-1.0982321303009055,-0.8847715542505659,0.9595945933155045,-0.8193831940055707,0.5123781844139168,0
-1.2406425613604006,0.8027020131748168,1.007290312999554,1.1644284338084456,-1.4681733166191775,0.3257172209864163,-0.8193831940055707,-0.1875665409913863,0
-0.5483054353915534,1.401113860904856,1.670597381127657,1.6302703146544884,0.8654337328552689,0.6426559071509603,1.2204302056910403,-0.1875665409913863,1
-0.2021368724071297,0.3334927234773983,0.4614438715191349,0.4323911924789496,-0.3013697918819543,0.6426559071509603,1.2204302056910403,1.5622952725218715,0
-0.894473998375977,-0.8157300295496098,-0.816804124352731,0.299293512237223,-0.3013697918819543,-0.6250988375072156,1.2204302056910403,-0.8875112663966895,0
-1.2406425613604006,-0.2921196627858252,-0.6095206655626981,0.765135393083266,0.8654337328552689,0.3257172209864163,1.2204302056910403,-0.8875112663966895,0
-1.2406425613604006,0.4082942044436541,0.0952430943234115,0.1661958319954964,1.4488354952238804,0.9595945933155045,-0.8193831940055707,-0.5375389036940379,0
0.4902002535617175,0.5306966278429802,0.599632844045824,0.2327446721163597,-0.8847715542505659,0.6426559071509603,-0.8193831940055707,-0.5375389036940379,0
-0.894473998375977,-1.7269480704112614,-1.64593795951286,2.1626610356213947,-0.3013697918819543,0.3257172209864163,-0.8193831940055707,1.5622952725218715,0
-0.894473998375977,0.4490950122434287,0.3578021421241197,0.0996469918746332,-1.4681733166191775,1.5934719656445924,-0.8193831940055707,0.1624058217112652,0
0.8363688165461411,0.3674933966438783,0.3508926934977843,-0.698939089575726,0.2820319704866573,-0.9420375236717596,1.2204302056910403,1.21232290981922,1
0.8363688165461411,0.8299025517079999,1.0625659020102296,-0.9651344500591792,-0.8847715542505659,1.2765332794800484,-0.8193831940055707,-0.1875665409913863,0
-0.2021368724071297,-0.5981257212841405,-0.6717057031997083,-2.429208932718171,-1.4681733166191775,1.2765332794800484,-0.8193831940055707,-0.5375389036940379,0
-1.2406425613604006,1.4283143994380405,1.6982351756329954,-0.7654879296965893,-1.4681733166191775,0.0087785348218723,1.2204302056910403,0.8623505471165683,0
1.5287059425149885,1.5507168228373664,1.6222312407433173,0.0330981517537699,-1.4681733166191775,0.0087785348218723,-0.8193831940055707,-1.5874559918019926,0
1.5287059425149885,-0.0473148159871723,0.0330580566864019,0.0996469918746332,-1.4681733166191775,-0.6250988375072156,-0.8193831940055707,-1.5874559918019926,0
1.1825373795305647,-0.2989197974191209,-0.6440679086943707,0.0330981517537699,0.8654337328552689,0.3257172209864163,-0.8193831940055707,0.1624058217112652,0
0.4902002535617175,0.3742935312771741,0.3025265531134438,0.8982330733249925,0.2820319704866573,-1.2589762098363035,1.2204302056910403,-0.8875112663966895,1
-1.2406425613604006,-0.054114950620468,0.2057942723447622,-0.2330972087296831,-1.4681733166191775,1.2765332794800484,1.2204302056910403,0.5123781844139168,0
1.1825373795305647,-1.278139184613731,-1.5630245759968475,-0.6323902494548628,-1.4681733166191775,0.3257172209864163,1.2204302056910403,0.1624058217112652,0
0.4902002535617175,-1.3733410694798744,-1.4732017438544995,-1.0982321303009055,0.8654337328552689,0.0087785348218723,1.2204302056910403,1.5622952725218715,0
0.8363688165461411,-0.7885294910164262,-0.4851505902886789,-0.9651344500591792,-1.4681733166191775,0.0087785348218723,-0.8193831940055707,0.8623505471165683,0
-1.5868111243448242,-0.951732722215528,-1.2728277336908016,0.1661958319954964,-0.3013697918819543,0.3257172209864163,1.2204302056910403,-1.5874559918019926,0
0.1440316905772939,-0.0745153545203559,-0.2225915424879713,0.1661958319954964,-0.3013697918819543,1.5934719656445924,1.2204302056910403,-0.1875665409913863,0
1.1825373795305647,0.0206865303457865,0.1159714402024149,0.9647819134458556,0.2820319704866573,0.0087785348218723,-0.8193831940055707,-1.237483629099341,1
-0.2021368724071297,-0.8701311066159771,-1.1070009666587763,0.765135393083266,-0.8847715542505659,0.9595945933155045,-0.8193831940055707,1.5622952725218715,0
-1.2406425613604006,-0.1289164315867232,-0.2364104397406398,0.0330981517537699,-1.4681733166191775,-0.6250988375072156,1.2204302056910403,1.5622952725218715,0
-0.894473998375977,-1.998953455743098,-1.70812299714987,-0.0999995284879566,-1.4681733166191775,-0.6250988375072156,-0.8193831940055707,0.8623505471165683,0
1.1825373795305647,0.2450909732445515,-0.0705836727086144,-2.2295624123555813,0.8654337328552689,-0.6250988375072156,-0.8193831940055707,-0.5375389036940379,0
1.5287059425149885,-1.6249460509118232,-1.6390285108865257,-0.1665483686088198,0.2820319704866573,0.0087785348218723,-0.8193831940055707,-0.1875665409913863,0
1.5287059425149885,0.2790916464110315,0.6203611899248267,-1.0316832901800423,-0.3013697918819543,0.9595945933155045,-0.8193831940055707,0.8623505471165683,0
1.5287059425149885,-0.0473148159871723,0.0952430943234115,0.0330981517537699,0.8654337328552689,-0.6250988375072156,-0.8193831940055707,1.5622952725218715,0
-0.5483054353915534,-1.1081358187813335,-1.100091518032441,0.299293512237223,0.8654337328552689,-0.6250988375072156,-0.8193831940055707,-1.237483629099341,0
-1.5868111243448242,0.727900532208561,1.0211092102522228,0.6985865529624027,-1.4681733166191775,1.5934719656445924,-0.8193831940055707,1.21232290981922,0
-1.5868111243448242,-0.1221162969534275,-0.0083986350716048,2.029563355379668,0.2820319704866573,0.0087785348218723,-0.8193831940055707,-1.5874559918019926,0
0.1440316905772939,1.258311033605643,1.4564044737112911,-0.4992925692131362,-0.8847715542505659,1.2765332794800484,1.2204302056910403,1.21232290981922,0
-1.2406425613604006,-1.325740127046803,-1.010268685890094,0.0996469918746332,0.8654337328552689,0.6426559071509603,1.2204302056910403,-0.8875112663966895,0
0.4902002535617175,-1.3597408002132825,-1.7012135485235351,-1.0982321303009055,1.4488354952238804,0.9595945933155045,1.2204302056910403,1.5622952725218715,0
-0.2021368724071297,-0.1221162969534275,-0.0153080836979391,-1.0982321303009055,-1.4681733166191775,0.6426559071509603,1.2204302056910403,0.5123781844139168,0
-1.5868111243448242,1.115508206306428,1.0418375561312254,-0.2996460488505464,-0.3013697918819543,-1.2589762098363035,-0.8193831940055707,0.8623505471165683,0
0.8363688165461411,0.8571030902411829,0.7585501624515157,0.2327446721163597,-0.3013697918819543,-1.5759148960008476,1.2204302056910403,0.1624058217112652,1
0.4902002535617175,0.1566892230117048,0.1505186833340869,2.428856396104848,0.2820319704866573,1.5934719656445924,-0.8193831940055707,1.5622952725218715,0
-1.2406425613604006,-0.1289164315867232,-0.2571387856196432,1.6302703146544884,0.2820319704866573,0.3257172209864163,1.2204302056910403,-0.1875665409913863,0
-0.2021368724071297,0.2042901654447763,0.0606958511917396,-0.2330972087296831,0.2820319704866573,1.2765332794800484,-0.8193831940055707,-0.5375389036940379,0
-0.894473998375977,-1.2373383768139563,-1.0724537235271037,0.3658423523580862,-0.3013697918819543,0.6426559071509603,1.2204302056910403,-0.5375389036940379,0
0.8363688165461411,0.007086261079195,0.3163454503661129,-1.5640740111469489,0.2820319704866573,-0.3081601513426716,1.2204302056910403,-0.1875665409913863,0
0.8363688165461411,-0.9585328568488238,-1.1484576584167825,0.0330981517537699,-0.8847715542505659,-0.9420375236717596,-0.8193831940055707,1.5622952725218715,0
-0.894473998375977,1.2651111682389384,1.3734910901952777,-0.4327437290922729,0.8654337328552689,0.9595945933155045,-0.8193831940055707,-0.8875112663966895,0
0.8363688165461411,-1.550144569945568,-1.632119062260191,-0.2996460488505464,-0.8847715542505659,0.0087785348218723,-0.8193831940055707,1.21232290981922,0
-1.5868111243448242,0.8843036287743672,0.599632844045824,-0.0334506883670933,0.2820319704866573,0.0087785348218723,1.2204302056910403,0.5123781844139168,0
0.4902002535617175,-0.2513188549860494,-0.4298750012780036,-0.2996460488505464,-0.3013697918819543,-0.3081601513426716,-0.8193831940055707,-0.1875665409913863,0
-0.2021368724071297,-0.1697172393864984,-0.049855326829611,-0.0999995284879566,0.8654337328552689,-1.2589762098363035,1.2204302056910403,-0.5375389036940379,0
1.5287059425149885,0.8095021478081126,1.166207631405246,0.2327446721163597,-1.4681733166191775,-0.6250988375072156,1.2204302056910403,-0.5375389036940379,0
1.1825373795305647,0.313092319577511,0.6134517412984924,2.0961121955005315,0.2820319704866573,-1.5759148960008476,1.2204302056910403,-0.5375389036940379,1
-0.5483054353915534,-1.3937414733797615,-1.2037332474274578,-1.1647809704217689,0.8654337328552689,0.3257172209864163,1.2204302056910403,1.5622952725218715,0
-0.894473998375977,1.6799193808699884,1.6567784838749886,-0.1665483686088198,-0.8847715542505659,0.9595945933155045,-0.8193831940055707,0.8623505471165683,0
1.5287059425149885,1.3195122453053056,1.3665816415689434,-1.3644274907843588,0.2820319704866573,1.5934719656445924,-0.8193831940055707,1.21232290981922,1
-0.2021368724071297,-0.4689231632515186,-0.1880442993562994,-0.2996460488505464,-1.4681733166191775,-1.2589762098363035,-0.8193831940055707,-0.1875665409913863,0
0.8363688165461411,1.1359086102063152,1.4287666792059528,0.0330981517537699,0.2820319704866573,0.0087785348218723,-0.8193831940055707,-0.1875665409913863,1
-0.2021368724071297,-1.5025436275124964,-1.64593795951286,3.160893637434344,-1.4681733166191775,1.5934719656445924,1.2204302056910403,1.21232290981922,0
-0.894473998375977,0.0274866649790829,0.2057942723447622,-0.6323902494548628,1.4488354952238804,-0.9420375236717596,1.2204302056910403,-0.5375389036940379,0
-0.2021368724071297,-0.5097239710512939,-0.6302490114417015,-1.8302693716304017,-0.8847715542505659,1.5934719656445924,-0.8193831940055707,0.1624058217112652,0
0.1440316905772939,0.6870997244087852,0.8414635459675281,0.6985865529624027,-0.8847715542505659,0.6426559071509603,-0.8193831940055707,-0.8875112663966895,0
0.1440316905772939,-0.6661270676171,-0.450603347157007,0.6320377128415394,-1.4681733166191775,-1.5759148960008476,1.2204302056910403,0.1624058217112652,0
1.5287059425149885,-1.8085496860108123,-1.5975718191285195,-0.2330972087296831,-0.8847715542505659,0.3257172209864163,1.2204302056910403,-0.1875665409913863,0
0.1440316905772939,-1.3733410694798744,-1.4732017438544995,0.765135393083266,-0.3013697918819543,-0.9420375236717596,1.2204302056910403,0.8623505471165683,0
-0.2021368724071297,0.4626952815100214,0.482172217398139,-2.4957577728390343,-1.4681733166191775,-0.9420375236717596,1.2204302056910403,-0.5375389036940379,0
1.5287059425149885,-1.760948743577741,-1.569934024623182,0.4323911924789496,-1.4681733166191775,0.0087785348218723,-0.8193831940055707,0.8623505471165683,0
1.5287059425149885,-0.6933276061502837,-0.5611545251783577,0.4989400325998128,0.8654337328552689,-1.2589762098363035,-0.8193831940055707,-0.5375389036940379,0
-1.5868111243448242,0.0206865303457865,-0.0913120185876172,0.6985865529624027,1.4488354952238804,-1.5759148960008476,-0.8193831940055707,1.5622952725218715,0
-1.2406425613604006,0.1430889537451133,0.4338060770137979,1.4971726344127618,-0.3013697918819543,-0.3081601513426716,-0.8193831940055707,-0.5375389036940379,0
0.4902002535617175,-0.3261203359523046,-0.0705836727086144,-0.698939089575726,1.4488354952238804,-0.6250988375072156,-0.8193831940055707,-1.5874559918019926,0
-1.2406425613604006,-1.386941338746466,-1.6804852026445325,2.0961121955005315,-1.4681733166191775,-1.2589762098363035,-0.8193831940055707,-0.5375389036940379,0
-1.2406425613604006,-1.692947397244782,-1.4662922952281654,-0.8320367698174526,-1.4681733166191775,-1.5759148960008476,1.2204302056910403,0.8623505471165683,0
1.5287059425149885,1.2447107643390498,1.124750939647239,3.160893637434344,0.8654337328552689,0.6426559071509603,-0.8193831940055707,1.5622952725218715,1
-1.2406425613604006,0.1634893576450005,0.4890816660244733,0.565488872720676,-0.3013697918819543,1.5934719656445924,-0.8193831940055707,-1.5874559918019926,0
0.8363688165461411,1.2651111682389384,1.477132819590294,1.4971726344127618,0.2820319704866573,-0.3081601513426716,-0.8193831940055707,-1.237483629099341,1
1.1825373795305647,1.108708071673132,1.1731170800315802,-1.0316832901800423,1.4488354952238804,0.3257172209864163,1.2204302056910403,0.8623505471165683,1
-1.5868111243448242,0.9047040326742544,0.5858139467931555,0.0330981517537699,0.2820319704866573,1.2765332794800484,1.2204302056910403,1.5622952725218715,0
1.1825373795305647,0.6598991858756021,0.8414635459675281,-0.8320367698174526,1.4488354952238804,1.5934719656445924,-0.8193831940055707,0.5123781844139168,1
-0.894473998375977,1.210710091172571,1.193845425910583,-1.4975251710260853,-0.8847715542505659,0.9595945933155045,1.2204302056910403,-0.8875112663966895,0
-1.5868111243448242,-0.8497307027160893,-0.7477096380893865,1.9630145152588048,-1.4681733166191775,-1.5759148960008476,-0.8193831940055707,0.5123781844139168,0
-0.894473998375977,-1.0469346070816703,-1.3695600144594835,-0.4327437290922729,0.8654337328552689,0.6426559071509603,-0.8193831940055707,0.1624058217112652,0
-0.2021368724071297,0.891103763407663,0.9658336212415474,-0.8985856099383158,1.4488354952238804,-0.9420375236717596,1.2204302056910403,-1.237483629099341,0
-0.894473998375977,0.925104436574143,0.7585501624515157,-0.7654879296965893,0.8654337328552689,0.0087785348218723,-0.8193831940055707,0.8623505471165683,0
-0.5483054353915534,0.1158884152119296,0.0606958511917396,-0.8985856099383158,0.2820319704866573,0.9595945933155045,1.2204302056910403,1.21232290981922,0
-0.5483054353915534,-0.8769312412492729,-1.1070009666587763,-1.4975251710260853,0.8654337328552689,0.6426559071509603,-0.8193831940055707,-1.237483629099341,0
-0.894473998375977,-1.257738780713844,-1.569934024623182,-0.2996460488505464,0.2820319704866573,-0.9420375236717596,1.2204302056910403,1.21232290981922,0
1.1825373795305647,-1.1761371651142931,-1.3211938740751428,-1.3644274907843588,-1.4681733166191775,-0.9420375236717596,-0.8193831940055707,1.5622952725218715,0
-0.894473998375977,1.054306994606765,1.4149477819532843,1.5637214745336252,1.4488354952238804,0.0087785348218723,1.2204302056910403,0.1624058217112652,1
-1.2406425613604006,0.3062921849442152,0.4614438715191349,1.3640749541710353,-1.4681733166191775,0.6426559071509603,-0.8193831940055707,0.1624058217112652,0
0.1440316905772939,-0.4961237017847023,-0.333142720509322,-1.2978786506634954,0.8654337328552689,0.0087785348218723,-0.8193831940055707,-0.8875112663966895,0
1.1825373795305647,-1.3121398577802117,-1.6044812677548537,0.6320377128415394,-0.8847715542505659,-0.6250988375072156,1.2204302056910403,-0.8875112663966895,0
-1.5868111243448242,1.2719113028722342,1.3804005388216118,-0.5658414093339995,-0.8847715542505659,0.3257172209864163,-0.8193831940055707,-0.5375389036940379,0
0.1440316905772939,-0.2445187203527536,-0.0913120185876172,-1.2313298105426322,0.8654337328552689,0.9595945933155045,1.2204302056910403,-0.8875112663966895,0
1.5287059425149885,-1.4549426850794254,-1.7219418944025386,1.0978795936875825,-0.3013697918819543,-1.5759148960008476,-0.8193831940055707,1.21232290981922,1
0.8363688165461411,1.8091219389026103,1.6084123434906474,0.299293512237223,0.8654337328552689,0.6426559071509603,-0.8193831940055707,0.5123781844139168,1
-0.5483054353915534,0.1294886844785211,-0.0083986350716048,-0.2996460488505464,0.8654337328552689,0.6426559071509603,-0.8193831940055707,-1.237483629099341,0
-1.5868111243448242,0.6462989166090106,0.6341800871774953,-1.7637205315095383,-0.8847715542505659,1.2765332794800484,1.2204302056910403,1.21232290981922,0
-0.2021368724071297,0.9183043019408472,0.8345540973411939,1.2309772739293088,-1.4681733166191775,0.0087785348218723,1.2204302056910403,0.5123781844139168,0
0.1440316905772939,0.7006999936753779,0.6687273303091679,-0.5658414093339995,0.2820319704866573,0.3257172209864163,-0.8193831940055707,-0.1875665409913863,0
-0.894473998375977,-1.2509386460805478,-1.1553671070431166,0.8982330733249925,1.4488354952238804,-1.2589762098363035,1.2204302056910403,-0.5375389036940379,0
1.5287059425149885,0.6666993205088979,0.6825462275618364,0.565488872720676,0.2820319704866573,-1.5759148960008476,-0.8193831940055707,0.5123781844139168,1
0.8363688165461411,-1.0265342031817832,-0.7891663298473933,0.299293512237223,0.2820319704866573,1.2765332794800484,-0.8193831940055707,-1.5874559918019926,0
0.1440316905772939,1.543916688204071,1.2214832204159212,0.9647819134458556,1.4488354952238804,-0.6250988375072156,-0.8193831940055707,-0.8875112663966895,1
0.4902002535617175,0.4626952815100214,0.1712470292130903,-0.6323902494548628,0.8654337328552689,-0.9420375236717596,-0.8193831940055707,1.21232290981922,0
1.1825373795305647,0.068287472778858,0.2265226182237656,-1.2313298105426322,-0.8847715542505659,0.9595945933155045,-0.8193831940055707,1.5622952725218715,0
-0.894473998375977,1.013506186806989,1.193845425910583,0.2327446721163597,-0.8847715542505659,0.0087785348218723,-0.8193831940055707,1.5622952725218715,0
-0.2021368724071297,0.7347006668418568,0.9520147239888788,0.2327446721163597,0.8654337328552689,-0.9420375236717596,1.2204302056910403,-0.1875665409913863,0
0.1440316905772939,1.2719113028722342,1.117841491020905,0.0330981517537699,-1.4681733166191775,-1.2589762098363035,-0.8193831940055707,-1.237483629099341,0
-1.5868111243448242,0.1022881459453375,-0.0222175323242733,-1.7637205315095383,-1.4681733166191775,0.6426559071509603,-0.8193831940055707,0.8623505471165683,0
0.1440316905772939,1.1359086102063152,1.4356761278322872,1.0313307535667189,1.4488354952238804,-0.3081601513426716,-0.8193831940055707,-1.237483629099341,1
0.1440316905772939,1.3263123799386014,1.0832942478892322,2.362307555983985,0.2820319704866573,0.6426559071509603,-0.8193831940055707,1.21232290981922,1
0.4902002535617175,-0.0677152198870601,-0.2364104397406398,-0.0334506883670933,0.2820319704866573,0.0087785348218723,-0.8193831940055707,-0.8875112663966895,0
0.4902002535617175,1.598317765270438,1.311306052558268,-0.1665483686088198,0.8654337328552689,1.2765332794800484,-0.8193831940055707,-0.8875112663966895,0
-1.5868111243448242,-1.9581526479433224,-1.694304099897201,-1.4975251710260853,0.2820319704866573,-0.6250988375072156,1.2204302056910403,-0.5375389036940379,0
-1.5868111243448242,0.1022881459453375,-0.0153080836979391,0.4989400325998128,0.2820319704866573,0.3257172209864163,-0.8193831940055707,-1.5874559918019926,0
1.5287059425149885,0.0614873381455623,0.2472509641027684,-2.429208932718171,-1.4681733166191775,0.9595945933155045,-0.8193831940055707,0.5123781844139168,0
0.4902002535617175,-0.2037179125529778,-0.498969487541348,1.6302703146544884,0.2820319704866573,-0.3081601513426716,-0.8193831940055707,0.8623505471165683,0
0.4902002535617175,-0.0881156237869474,0.0330580566864019,0.6985865529624027,0.2820319704866573,0.6426559071509603,-0.8193831940055707,0.8623505471165683,0
1.1825373795305647,-1.2033377036474768,-1.3557411172068148,-0.0999995284879566,1.4488354952238804,1.5934719656445924,-0.8193831940055707,0.8623505471165683,0
-0.2021368724071297,-0.6117259905507327,-0.498969487541348,-0.4327437290922729,0.8654337328552689,0.6426559071509603,-0.8193831940055707,-0.5375389036940379,0
-1.5868111243448242,1.373913322371673,1.670597381127657,1.0313307535667189,-0.3013697918819543,-0.9420375236717596,-0.8193831940055707,0.1624058217112652,1
-0.5483054353915534,-1.257738780713844,-1.5008395383598374,0.565488872720676,-0.8847715542505659,0.9595945933155045,1.2204302056910403,1.5622952725218715,0
-0.2021368724071297,1.0475068599734692,1.3804005388216118,-0.1665483686088198,-0.8847715542505659,-0.6250988375072156,-0.8193831940055707,1.21232290981922,0
-1.2406425613604006,0.1702894922782969,0.4476249742664664,0.6985865529624027,0.2820319704866573,0.6426559071509603,1.2204302056910403,0.1624058217112652,0
-1.5868111243448242,-0.8701311066159771,-1.2106426960537922,-0.6323902494548628,1.4488354952238804,0.6426559071509603,-0.8193831940055707,-0.1875665409913863,0
1.1825373795305647,-1.4005416080130582,-1.252099387811799,-1.2978786506634954,1.4488354952238804,-0.6250988375072156,-0.8193831940055707,0.5123781844139168,0
-0.2021368724071297,1.367113187738376,1.6360501379959858,0.2327446721163597,1.4488354952238804,-0.3081601513426716,1.2204302056910403,-0.8875112663966895,0
0.8363688165461411,-1.7949494167442208,-1.53538678149151,0.2327446721163597,-0.8847715542505659,-0.6250988375072156,-0.8193831940055707,0.1624058217112652,0
-0.894473998375977,1.3195122453053056,1.6084123434906474,0.4989400325998128,-1.4681733166191775,1.5934719656445924,-0.8193831940055707,1.21232290981922,0
0.1440316905772939,1.013506186806989,1.2905777066792652,0.4989400325998128,-1.4681733166191775,0.3257172209864163,1.2204302056910403,0.1624058217112652,0
-0.5483054353915534,1.4283143994380405,1.6222312407433173,1.8964656751379412,-0.3013697918819543,-0.6250988375072156,-0.8193831940055707,0.5123781844139168,1
0.1440316905772939,-0.1629171047532026,-0.2018631966089679,1.6968191547753515,0.2820319704866573,0.3257172209864163,1.2204302056910403,1.5622952725218715,0
-1.5868111243448242,0.8979038980409587,1.2491210149212584,1.0978795936875825,0.8654337328552689,-0.9420375236717596,-0.8193831940055707,0.8623505471165683,1
1.1825373795305647,0.3878938005437656,0.4683533201454705,0.6985865529624027,-0.8847715542505659,-1.5759148960008476,-0.8193831940055707,0.1624058217112652,0
0.8363688165461411,0.9183043019408472,0.9381958267362104,-1.2313298105426322,0.8654337328552689,-0.9420375236717596,1.2204302056910403,0.1624058217112652,1
-1.5868111243448242,1.0407067253401734,0.9451052753625444,-0.0999995284879566,1.4488354952238804,0.9595945933155045,-0.8193831940055707,1.5622952725218715,0
1.1825373795305647,0.0410869342456744,-0.250229336993309,0.1661958319954964,0.2820319704866573,-0.6250988375072156,-0.8193831940055707,-1.5874559918019926,0
0.8363688165461411,0.1634893576450005,0.1850659264657588,0.6320377128415394,-0.8847715542505659,-1.5759148960008476,-0.8193831940055707,0.5123781844139168,0
1.1825373795305647,-0.2445187203527536,0.0537864025654053,1.9630145152588048,0.8654337328552689,0.6426559071509603,-0.8193831940055707,-1.237483629099341,1
0.1440316905772939,-0.8701311066159771,-0.9549930968794188,-0.0334506883670933,0.8654337328552689,-0.3081601513426716,1.2204302056910403,0.5123781844139168,0
0.4902002535617175,0.8503029556078872,0.7585501624515157,0.2327446721163597,-0.8847715542505659,-1.5759148960008476,-0.8193831940055707,0.8623505471165683,0
-0.5483054353915534,1.462315072604519,1.4149477819532843,0.9647819134458556,-1.4681733166191775,0.6426559071509603,1.2204302056910403,-0.5375389036940379,0
-1.5868111243448242,1.1291084755730194,1.2076643231632516,-2.628855453080761,-0.3013697918819543,0.0087785348218723,-0.8193831940055707,1.5622952725218715,0
-0.894473998375977,0.1362888191118175,0.4683533201454705,1.430623794291899,0.2820319704866573,0.9595945933155045,-0.8193831940055707,-1.5874559918019926,0
1.1825373795305647,-0.3941216822852634,-0.1189498130929549,1.2309772739293088,-1.4681733166191775,-0.3081601513426716,1.2204302056910403,-0.1875665409913863,0
-1.5868111243448242,-1.257738780713844,-1.569934024623182,0.8316842332041292,-0.8847715542505659,0.0087785348218723,1.2204302056910403,1.21232290981922,0
-1.5868111243448242,0.3742935312771741,0.4476249742664664,0.4323911924789496,-0.8847715542505659,1.5934719656445924,-0.8193831940055707,0.5123781844139168,0
0.4902002535617175,-1.8697508977104755,-1.6390285108865257,0.0996469918746332,-0.8847715542505659,-1.5759148960008476,-0.8193831940055707,1.21232290981922,0
-1.5868111243448242,0.0342867996123786,0.2196131695974308,0.6320377128415394,-1.4681733166191775,0.9595945933155045,-0.8193831940055707,1.21232290981922,0
-1.5868111243448242,0.2858917810443273,0.3785304880031225,-1.1647809704217689,-1.4681733166191775,-0.9420375236717596,1.2204302056910403,0.5123781844139168,0
1.1825373795305647,0.5714974356427548,0.5719950495404856,0.765135393083266,0.2820319704866573,-0.6250988375072156,1.2204302056910403,-1.237483629099341,1
-0.5483054353915534,-0.0813154891536517,-0.1604065048509617,-1.7637205315095383,-0.3013697918819543,0.9595945933155045,-0.8193831940055707,0.1624058217112652,0
1.5287059425149885,-0.3941216822852634,-0.2709576828723124,0.8316842332041292,0.2820319704866573,0.0087785348218723,-0.8193831940055707,-0.5375389036940379,1
0.1440316905772939,1.1631091487394996,1.1731170800315802,2.495405236225711,0.8654337328552689,-1.5759148960008476,-0.8193831940055707,-0.8875112663966895,1
-0.894473998375977,1.543916688204071,1.3458532956899405,-0.2996460488505464,0.8654337328552689,-0.9420375236717596,1.2204302056910403,1.5622952725218715,0
-0.2021368724071297,1.2719113028722342,1.1592981827789115,-0.6323902494548628,1.4488354952238804,0.3257172209864163,-0.8193831940055707,0.5123781844139168,0
-0.5483054353915534,0.5918978395426433,0.4130777311347951,-0.8985856099383158,0.2820319704866573,-0.6250988375072156,-0.8193831940055707,-1.237483629099341,0
1.1825373795305647,0.1906898961781842,0.482172217398139,-0.2996460488505464,0.2820319704866573,1.5934719656445924,1.2204302056910403,0.1624058217112652,0
0.4902002535617175,-0.2513188549860494,-0.5957017683100296,-0.6323902494548628,1.4488354952238804,-0.9420375236717596,1.2204302056910403,0.1624058217112652,0
1.5287059425149885,0.1838897615448884,0.3370737962451157,0.4989400325998128,1.4488354952238804,1.2765332794800484,-0.8193831940055707,0.1624058217112652,0
-1.2406425613604006,0.149889088378409,0.2679793099817719,-0.0999995284879566,-0.3013697918819543,1.2765332794800484,-0.8193831940055707,-0.1875665409913863,0
1.1825373795305647,-0.5097239710512939,-0.6371584600680358,0.8316842332041292,0.8654337328552689,1.5934719656445924,1.2204302056910403,-0.8875112663966895,1
-1.5868111243448242,-1.1557367612144052,-1.5008395383598374,0.6320377128415394,-0.8847715542505659,-0.6250988375072156,-0.8193831940055707,1.21232290981922,0
-1.5868111243448242,1.2311104950724585,1.4909517168429625,-0.6323902494548628,-1.4681733166191775,0.6426559071509603,-0.8193831940055707,1.21232290981922,0
1.1825373795305647,1.1019079370398364,1.3527627443162749,-0.1665483686088198,0.8654337328552689,0.3257172209864163,1.2204302056910403,-0.1875665409913863,1
-0.894473998375977,0.6666993205088979,0.6894556761881706,0.565488872720676,0.2820319704866573,-1.2589762098363035,1.2204302056910403,-0.1875665409913863,0
0.8363688165461411,-0.0813154891536517,-0.0844025699612829,0.6320377128415394,-0.8847715542505659,-0.3081601513426716,-0.8193831940055707,0.8623505471165683,0
-0.2021368724071297,1.632318438436917,1.64295958662232,-0.1665483686088198,0.2820319704866573,-1.2589762098363035,1.2204302056910403,-0.1875665409913863,0
-0.894473998375977,-1.992153321109802,-1.6873946512708669,-0.4992925692131362,-0.3013697918819543,-0.3081601513426716,-0.8193831940055707,0.8623505471165683,0
0.8363688165461411,-1.3597408002132825,-1.0862726207797728,1.0313307535667189,-1.4681733166191775,-0.3081601513426716,-0.8193831940055707,-0.5375389036940379,0
-0.5483054353915534,-0.7545288178499467,-1.1070009666587763,-0.0334506883670933,-1.4681733166191775,0.6426559071509603,-0.8193831940055707,0.1624058217112652,0
0.1440316905772939,1.747920727202947,1.566955651732642,-0.0999995284879566,0.2820319704866573,0.3257172209864163,-0.8193831940055707,-1.237483629099341,0
0.1440316905772939,-0.2309184510861615,-0.5542450765520228,0.9647819134458556,-0.3013697918819543,0.3257172209864163,-0.8193831940055707,1.21232290981922,0
-0.5483054353915534,-0.0269144120872844,0.1090619915760807,1.0313307535667189,1.4488354952238804,0.9595945933155045,1.2204302056910403,0.8623505471165683,0
-0.5483054353915534,0.1294886844785211,0.3578021421241197,1.3640749541710353,0.8654337328552689,-0.3081601513426716,-0.8193831940055707,0.8623505471165683,0
-0.5483054353915534,-1.101335684148038,-0.975721442758422,-0.6323902494548628,-1.4681733166191775,0.9595945933155045,-0.8193831940055707,1.21232290981922,0
-0.5483054353915534,0.0750876074121538,0.2956171044871095,-1.963367051872128,0.8654337328552689,-1.2589762098363035,-0.8193831940055707,-0.8875112663966895,0
0.4902002535617175,-0.2989197974191209,-0.4644222444096755,1.8964656751379412,0.2820319704866573,-0.3081601513426716,1.2204302056910403,-1.5874559918019926,0
0.1440316905772939,-0.0269144120872844,-0.333142720509322,1.1644284338084456,-1.4681733166191775,-1.2589762098363035,-0.8193831940055707,1.5622952725218715,0
0.1440316905772939,-0.3329204705856003,-0.0636742240822795,-1.0316832901800423,-0.8847715542505659,1.5934719656445924,1.2204302056910403,-0.1875665409913863,0
0.8363688165461411,-1.366540934846579,-1.5906623705021845,1.6302703146544884,0.8654337328552689,0.0087785348218723,-0.8193831940055707,1.21232290981922,1
1.1825373795305647,-1.590945377745343,-1.376469463085818,-0.4327437290922729,1.4488354952238804,-0.9420375236717596,-0.8193831940055707,-1.5874559918019926,0
0.4902002535617175,-0.0745153545203559,0.2334320668500999,-0.2996460488505464,-0.3013697918819543,-1.5759148960008476,-0.8193831940055707,0.8623505471165683,0
-0.5483054353915534,1.061107129240061,0.7447312651988459,-0.0999995284879566,0.8654337328552689,0.9595945933155045,1.2204302056910403,-1.237483629099341,0
-0.894473998375977,1.5847174960038453,1.553136754479972,0.6985865529624027,0.8654337328552689,0.0087785348218723,1.2204302056910403,1.5622952725218715,0
1.1825373795305647,0.8163022824414083,0.9243769294835406,1.4971726344127618,-0.3013697918819543,-1.5759148960008476,1.2204302056910403,1.5622952725218715,1
-1.2406425613604006,-1.0741351456148542,-1.3695600144594835,0.299293512237223,-1.4681733166191775,-0.9420375236717596,1.2204302056910403,0.8623505471165683,0
0.8363688165461411,0.8503029556078872,0.9174674808572064,-0.1665483686088198,0.8654337328552689,1.5934719656445924,-0.8193831940055707,0.1624058217112652,1
1.1825373795305647,-1.0129339339151913,-1.1070009666587763,0.8316842332041292,0.2820319704866573,-0.6250988375072156,-0.8193831940055707,-0.1875665409913863,1
-0.2021368724071297,0.8775034941410714,0.6963651248145049,1.0978795936875825,0.2820319704866573,-0.9420375236717596,-0.8193831940055707,0.8623505471165683,1
-1.5868111243448242,0.0206865303457865,0.1505186833340869,2.495405236225711,-0.3013697918819543,1.2765332794800484,1.2204302056910403,-0.5375389036940379,0
0.8363688165461411,-1.2169379729140684,-1.4801111924808346,-0.6323902494548628,-1.4681733166191775,1.2765332794800484,1.2204302056910403,1.21232290981922,0
0.4902002535617175,0.8503029556078872,1.1040225937682364,-0.1665483686088198,-1.4681733166191775,1.2765332794800484,-0.8193831940055707,-1.237483629099341,0
-1.2406425613604006,-0.9313323183156402,-0.6855246004523768,-0.4327437290922729,1.4488354952238804,0.9595945933155045,-0.8193831940055707,1.21232290981922,0
0.1440316905772939,0.2586912425111436,0.4268966283874637,-0.4992925692131362,0.2820319704866573,-0.6250988375072156,-0.8193831940055707,-0.5375389036940379,0
-1.2406425613604006,1.169909283372795,1.3043966039319337,-1.1647809704217689,0.8654337328552689,-1.2589762098363035,-0.8193831940055707,-0.5375389036940379,0
0.4902002535617175,-1.257738780713844,-1.127729312537779,-0.9651344500591792,0.8654337328552689,1.2765332794800484,-0.8193831940055707,-0.5375389036940379,0
1.1825373795305647,1.2719113028722342,1.23530211766859,-0.7654879296965893,0.8654337328552689,0.3257172209864163,-0.8193831940055707,-1.5874559918019926,1
0.1440316905772939,-1.550144569945568,-1.3004655281961393,-0.0999995284879566,1.4488354952238804,0.6426559071509603,-0.8193831940055707,1.5622952725218715,0
1.5287059425149885,-0.1969177779196821,-0.4851505902886789,1.1644284338084456,0.2820319704866573,-1.2589762098363035,-0.8193831940055707,0.8623505471165683,1
-0.2021368724071297,-0.8769312412492729,-1.2313710419327957,0.4323911924789496,1.4488354952238804,0.3257172209864163,1.2204302056910403,1.21232290981922,0
0.8363688165461411,-0.0609150852537638,-0.0705836727086144,0.2327446721163597,0.2820319704866573,1.5934719656445924,-0.8193831940055707,-0.5375389036940379,0
-1.2406425613604006,1.4215142648047434,1.4011288847006158,0.8982330733249925,0.8654337328552689,-0.6250988375072156,1.2204302056910403,-0.5375389036940379,1
0.4902002535617175,-0.4553228939849265,-0.4851505902886789,1.0313307535667189,-0.3013697918819543,1.5934719656445924,1.2204302056910403,1.21232290981922,0
1.5287059425149885,-1.2985395885136193,-1.3626505658331496,-2.2295624123555813,-0.8847715542505659,-0.3081601513426716,1.2204302056910403,0.5123781844139168,0
1.5287059425149885,-1.339340396313395,-1.134638761164114,1.2975261140501722,1.4488354952238804,0.9595945933155045,-0.8193831940055707,-0.5375389036940379,1
1.1825373795305647,0.6054981088092348,0.6825462275618364,0.8982330733249925,0.2820319704866573,-1.5759148960008476,1.2204302056910403,0.8623505471165683,1
-0.894473998375977,1.1971098219059784,1.1523887341525765,0.4989400325998128,1.4488354952238804,-1.2589762098363035,1.2204302056910403,-0.1875665409913863,0
1.5287059425149885,-0.9109319144157524,-0.8789891619897406,-1.1647809704217689,0.2820319704866573,-1.5759148960008476,-0.8193831940055707,0.1624058217112652,0
-1.2406425613604006,-1.1557367612144052,-1.0931820694061072,0.565488872720676,1.4488354952238804,-0.9420375236717596,1.2204302056910403,1.5622952725218715,0
1.5287059425149885,-0.6457266637172121,-1.00335923726376,-1.8302693716304017,0.8654337328552689,-0.3081601513426716,1.2204302056910403,-0.5375389036940379,0
-0.2021368724071297,-0.2445187203527536,-0.1396781589719583,0.2327446721163597,-1.4681733166191775,0.3257172209864163,1.2204302056910403,-0.8875112663966895,0
-1.2406425613604006,-1.5977455123786397,-1.4801111924808346,-0.5658414093339995,1.4488354952238804,0.3257172209864163,-0.8193831940055707,0.8623505471165683,0
-0.894473998375977,0.5442968971095717,0.8069163028358556,1.6302703146544884,0.2820319704866573,-1.2589762098363035,-0.8193831940055707,-0.8875112663966895,1
-0.894473998375977,0.5578971663761633,0.364711590750454,-1.4975251710260853,0.2820319704866573,0.0087785348218723,1.2204302056910403,-1.237483629099341,0
-1.2406425613604006,-0.0745153545203559,-0.3538710663883254,0.8316842332041292,-0.3013697918819543,0.9595945933155045,-0.8193831940055707,1.5622952725218715,0
0.8363688165461411,-0.1697172393864984,-0.3953277581463316,-1.0982321303009055,-0.8847715542505659,1.5934719656445924,-0.8193831940055707,-1.5874559918019926,0
-0.2021368724071297,-0.6457266637172121,-0.9204458537477468,-0.9651344500591792,-1.4681733166191775,0.9595945933155045,-0.8193831940055707,0.8623505471165683,0
-1.2406425613604006,-1.1897374343808846,-0.8789891619897406,0.3658423523580862,0.2820319704866573,-1.2589762098363035,-0.8193831940055707,0.5123781844139168,0
1.1825373795305647,0.5238964932096845,0.4614438715191349,-0.2330972087296831,0.8654337328552689,-1.2589762098363035,-0.8193831940055707,0.5123781844139168,1
-1.5868111243448242,-1.4345422811795376,-1.134638761164114,1.2975261140501722,0.8654337328552689,0.9595945933155045,1.2204302056910403,0.1624058217112652,0
0.1440316905772939,0.2722915117777352,0.1850659264657588,0.0330981517537699,0.8654337328552689,-0.9420375236717596,-0.8193831940055707,-0.8875112663966895,0
-0.894473998375977,1.0339065907068776,0.7723690597041842,1.3640749541710353,0.2820319704866573,0.0087785348218723,1.2204302056910403,0.5123781844139168,1
0.8363688165461411,-0.7613289524832425,-0.6302490114417015,-1.2313298105426322,-0.3013697918819543,-0.9420375236717596,-0.8193831940055707,0.8623505471165683,0
-0.5483054353915534,-1.611345781645231,-1.3695600144594835,-1.2313298105426322,1.4488354952238804,0.9595945933155045,1.2204302056910403,-0.8875112663966895,0
1.5287059425149885,-0.0133141428206928,0.2334320668500999,0.2327446721163597,-0.3013697918819543,0.6426559071509603,1.2204302056910403,-1.237483629099341,0
-0.2021368724071297,-1.2305382421806603,-1.0655442749007695,1.2975261140501722,0.2820319704866573,0.3257172209864163,-0.8193831940055707,0.8623505471165683,0
1.5287059425149885,1.5507168228373664,1.4425855764586215,-0.4327437290922729,0.2820319704866573,0.6426559071509603,-0.8193831940055707,-1.237483629099341,1
-1.5868111243448242,0.0750876074121538,0.2887076558607753,-1.0982321303009055,0.2820319704866573,0.3257172209864163,-0.8193831940055707,0.5123781844139168,0
-1.5868111243448242,-0.5097239710512939,-0.3262332718829878,-0.3661948889714096,-0.3013697918819543,-0.9420375236717596,-0.8193831940055707,1.5622952725218715,0
-0.5483054353915534,-0.604925855917437,-0.6233395628153673,0.4989400325998128,-0.3013697918819543,1.5934719656445924,-0.8193831940055707,-1.5874559918019926,0
-1.5868111243448242,-0.0813154891536517,-0.1742254021036302,0.299293512237223,0.2820319704866573,0.6426559071509603,1.2204302056910403,-1.237483629099341,0
-0.2021368724071297,0.9455048404740304,0.9658336212415474,-0.1665483686088198,-0.8847715542505659,0.9595945933155045,-0.8193831940055707,1.21232290981922,0
-0.5483054353915534,-1.0741351456148542,-1.3557411172068148,-0.0999995284879566,0.8654337328552689,1.2765332794800484,-0.8193831940055707,1.5622952725218715,0
0.8363688165461411,-1.4617428197127211,-1.5077489869861722,-2.0299158919929914,-0.8847715542505659,-0.3081601513426716,-0.8193831940055707,-1.5874559918019926,0
-0.894473998375977,-1.7745490128443329,-1.6252096136338572,-0.0334506883670933,-0.8847715542505659,0.9595945933155045,1.2204302056910403,1.21232290981922,0
1.1825373795305647,-1.4481425504461292,-1.1899143501747893,0.0996469918746332,-0.3013697918819543,0.9595945933155045,1.2204302056910403,-1.5874559918019926,0
-1.2406425613604006,-0.4009218169185592,-0.1880442993562994,-1.6971716913886752,1.4488354952238804,-1.5759148960008476,-0.8193831940055707,1.5622952725218715,0
-0.894473998375977,-1.1897374343808846,-1.41101670621749,-1.0982321303009055,-1.4681733166191775,0.9595945933155045,-0.8193831940055707,-1.237483629099341,0
-1.2406425613604006,0.6734994551421937,0.8276446487148595,1.1644284338084456,0.2820319704866573,-1.5759148960008476,-0.8193831940055707,-0.8875112663966895,1
-0.2021368724071297,0.4490950122434287,0.2541604127291033,0.6985865529624027,-1.4681733166191775,-1.5759148960008476,-0.8193831940055707,-0.5375389036940379,0
-0.2021368724071297,1.2175102258058668,1.2767588094265967,-2.4957577728390343,-0.8847715542505659,-0.6250988375072156,-0.8193831940055707,0.5123781844139168,0
-0.5483054353915534,-1.8085496860108123,-1.5146584356125063,0.765135393083266,1.4488354952238804,-0.9420375236717596,-0.8193831940055707,0.8623505471165683,0
1.5287059425149885,-1.2849393192470278,-1.217552144680127,-0.0334506883670933,0.8654337328552689,-0.9420375236717596,-0.8193831940055707,-0.8875112663966895,0
1.1825373795305647,-0.972133126115416,-0.8858986106160749,0.8316842332041292,0.8654337328552689,-1.2589762098363035,-0.8193831940055707,-0.5375389036940379,1
1.1825373795305647,1.1903096872726826,1.2491210149212584,-1.2313298105426322,-0.3013697918819543,-0.9420375236717596,1.2204302056910403,-0.1875665409913863,1
-0.894473998375977,0.564697301009459,0.4338060770137979,0.0330981517537699,-0.3013697918819543,0.3257172209864163,1.2204302056910403,0.1624058217112652,0
-0.2021368724071297,0.5510970317428675,0.6618178816828335,-0.2996460488505464,-0.8847715542505659,-0.6250988375072156,1.2204302056910403,0.8623505471165683,0
-0.2021368724071297,-0.2853195281525288,-0.3745994122673282,0.1661958319954964,0.2820319704866573,1.2765332794800484,-0.8193831940055707,1.21232290981922,0
1.5287059425149885,-0.7273282793167631,-1.0517253776481008,1.2309772739293088,-0.3013697918819543,1.2765332794800484,1.2204302056910403,0.8623505471165683,1
0.1440316905772939,-0.7205281446834674,-0.9135364051214124,2.295758715863121,-0.3013697918819543,0.9595945933155045,-0.8193831940055707,-0.5375389036940379,0
-0.5483054353915534,1.0679072638733564,1.166207631405246,0.0330981517537699,-0.3013697918819543,0.0087785348218723,-0.8193831940055707,-1.237483629099341,0
0.1440316905772939,-0.1153161623201311,0.2057942723447622,-0.698939089575726,1.4488354952238804,-0.9420375236717596,-0.8193831940055707,0.8623505471165683,0
1.5287059425149885,1.4487148033379276,1.5254989599746351,0.4323911924789496,0.2820319704866573,-1.5759148960008476,-0.8193831940055707,1.5622952725218715,1
-0.2021368724071297,-1.52974416604568,-1.5146584356125063,0.9647819134458556,-1.4681733166191775,0.9595945933155045,-0.8193831940055707,-0.5375389036940379,0
1.5287059425149885,1.0203063214402848,1.0556564533838952,-2.695404293201624,0.2820319704866573,-1.2589762098363035,1.2204302056910403,-1.237483629099341,1
-0.894473998375977,1.7683211311028355,1.594593446237979,0.8982330733249925,-0.8847715542505659,0.0087785348218723,-0.8193831940055707,1.21232290981922,0
0.1440316905772939,0.891103763407663,1.166207631405246,0.8982330733249925,1.4488354952238804,-0.9420375236717596,1.2204302056910403,-0.8875112663966895,1
0.1440316905772939,-0.5709251827509569,-0.367689963640994,-0.7654879296965893,-0.3013697918819543,0.0087785348218723,1.2204302056910403,1.5622952725218715,0
-1.5868111243448242,0.8571030902411829,0.9727430698678816,-0.2996460488505464,-0.3013697918819543,-1.5759148960008476,1.2204302056910403,0.8623505471165683,0
-0.2021368724071297,-1.4141418772796497,-1.53538678149151,-0.8985856099383158,0.2820319704866573,-0.6250988375072156,1.2204302056910403,-1.5874559918019926,0
0.8363688165461411,1.061107129240061,1.0832942478892322,-0.7654879296965893,0.2820319704866573,-1.2589762098363035,-0.8193831940055707,-0.1875665409913863,1
-0.2021368724071297,1.169909283372795,1.124750939647239,-0.5658414093339995,-1.4681733166191775,-0.9420375236717596,-0.8193831940055707,-0.1875665409913863,0
1.5287059425149885,0.1702894922782969,0.2472509641027684,-0.0999995284879566,-1.4681733166191775,0.3257172209864163,-0.8193831940055707,0.5123781844139168,0
1.5287059425149885,1.054306994606765,1.2560304635475923,0.6985865529624027,-1.4681733166191775,0.9595945933155045,1.2204302056910403,0.8623505471165683,0
-1.2406425613604006,-0.5573249134843654,-0.4920600389150132,1.3640749541710353,1.4488354952238804,-1.2589762098363035,-0.8193831940055707,0.5123781844139168,0
0.4902002535617175,1.373913322371673,1.4149477819532843,-0.4327437290922729,0.2820319704866573,-0.6250988375072156,-0.8193831940055707,-0.1875665409913863,0
1.5287059425149885,0.7755014746416325,0.5789044981668199,0.0996469918746332,-0.8847715542505659,1.5934719656445924,1.2204302056910403,0.8623505471165683,0
-1.5868111243448242,-0.4009218169185592,-0.1258592617192898,1.6302703146544884,0.2820319704866573,0.9595945933155045,1.2204302056910403,0.1624058217112652,0
-0.2021368724071297,-0.0133141428206928,0.2265226182237656,2.561954076346574,-0.3013697918819543,-1.5759148960008476,-0.8193831940055707,-0.8875112663966895,0
-0.894473998375977,-1.4549426850794254,-1.4870206411071687,-1.0982321303009055,1.4488354952238804,0.3257172209864163,-0.8193831940055707,-0.1875665409913863,0
-0.894473998375977,-0.6797273368836916,-0.6717057031997083,0.9647819134458556,0.2820319704866573,0.6426559071509603,1.2204302056910403,-1.5874559918019926,0
-1.2406425613604006,-1.7949494167442208,-1.576843473249516,0.2327446721163597,-1.4681733166191775,0.9595945933155045,-0.8193831940055707,1.5622952725218715,0
-0.5483054353915534,1.3875135916382646,1.5254989599746351,-0.0334506883670933,0.8654337328552689,-1.5759148960008476,-0.8193831940055707,-0.1875665409913863,0
1.1825373795305647,-1.52974416604568,-1.3073749768224745,-1.7637205315095383,-1.4681733166191775,-1.5759148960008476,-0.8193831940055707,-0.8875112663966895,0
-0.5483054353915534,-0.5301243749511817,-0.8029852271000618,0.2327446721163597,1.4488354952238804,0.6426559071509603,1.2204302056910403,0.8623505471165683,0
-1.2406425613604006,-1.5433444353122725,-1.7219418944025386,-0.8320367698174526,-1.4681733166191775,-1.5759148960008476,1.2204302056910403,0.5123781844139168,0
0.8363688165461411,1.108708071673132,1.2698493608002612,0.6985865529624027,-0.8847715542505659,-0.9420375236717596,-0.8193831940055707,1.5622952725218715,0
0.1440316905772939,-1.305339723146915,-1.17609545292212,-0.1665483686088198,0.2820319704866573,0.0087785348218723,1.2204302056910403,0.8623505471165683,0
-0.5483054353915534,-0.3261203359523046,-0.2847765801249809,0.8982330733249925,0.8654337328552689,0.0087785348218723,-0.8193831940055707,1.5622952725218715,0
-0.5483054353915534,-0.2309184510861615,-0.5542450765520228,0.2327446721163597,1.4488354952238804,-1.2589762098363035,-0.8193831940055707,0.1624058217112652,0
-0.2021368724071297,-1.611345781645231,-1.7150324457762045,-0.0334506883670933,-0.3013697918819543,0.3257172209864163,1.2204302056910403,1.5622952725218715,0
0.8363688165461411,-1.7473484743111494,-1.6252096136338572,-0.2330972087296831,0.2820319704866573,-0.9420375236717596,1.2204302056910403,-0.1875665409913863,0
0.8363688165461411,-0.441722624718335,-0.6509773573207049,-1.0316832901800423,0.2820319704866573,-1.5759148960008476,1.2204302056910403,0.5123781844139168,0
-1.5868111243448242,-0.2581189896193452,-0.6026112169363639,0.4989400325998128,-0.3013697918819543,-0.6250988375072156,-0.8193831940055707,-0.8875112663966895,0
-0.2021368724071297,1.1563090141062038,0.9520147239888788,-0.0334506883670933,1.4488354952238804,-0.3081601513426716,-0.8193831940055707,0.1624058217112652,0
0.8363688165461411,-1.1081358187813335,-0.8651702647370715,-1.8968182117512649,-1.4681733166191775,0.3257172209864163,-0.8193831940055707,-0.1875665409913863,0
0.8363688165461411,-1.658946724078303,-1.4317450520964934,0.1661958319954964,-0.8847715542505659,-0.9420375236717596,-0.8193831940055707,-1.5874559918019926,0
-1.5868111243448242,0.9659052443739176,1.193845425910583,-0.4992925692131362,0.2820319704866573,0.6426559071509603,1.2204302056910403,0.8623505471165683,0
-1.5868111243448242,1.0407067253401734,1.2560304635475923,-0.8320367698174526,-0.3013697918819543,-0.6250988375072156,1.2204302056910403,-0.1875665409913863,0
1.5287059425149885,1.462315072604519,1.4149477819532843,-0.0334506883670933,-1.4681733166191775,0.9595945933155045,1.2204302056910403,-1.237483629099341,0
0.8363688165461411,1.3195122453053056,1.4356761278322872,1.0313307535667189,0.2820319704866573,0.6426559071509603,-0.8193831940055707,0.8623505471165683,1
0.4902002535617175,-1.3461405309466907,-1.632119062260191,1.6302703146544884,1.4488354952238804,0.9595945933155045,-0.8193831940055707,-0.8875112663966895,0
0.8363688165461411,0.2382908386112558,0.1436092347077526,0.8316842332041292,0.2820319704866573,0.9595945933155045,-0.8193831940055707,-0.1875665409913863,1
-0.894473998375977,-0.3193202013190088,-0.416056104025335,0.765135393083266,1.4488354952238804,0.0087785348218723,-0.8193831940055707,0.8623505471165683,0
0.4902002535617175,-0.9653329914821196,-1.252099387811799,-1.2313298105426322,0.8654337328552689,0.3257172209864163,1.2204302056910403,-0.8875112663966895,0
-0.5483054353915534,-1.760948743577741,-1.6183001650075222,-0.698939089575726,0.2820319704866573,-1.2589762098363035,-0.8193831940055707,0.1624058217112652,0
-1.5868111243448242,-0.1765173740197948,0.0123297108073985,1.0978795936875825,0.2820319704866573,-0.3081601513426716,-0.8193831940055707,1.21232290981922,0
0.1440316905772939,-0.4281223554517429,-0.2985954773776501,-0.8320367698174526,0.8654337328552689,1.5934719656445924,1.2204302056910403,1.21232290981922,0
0.4902002535617175,0.8571030902411829,1.117841491020905,0.4323911924789496,-0.3013697918819543,-1.2589762098363035,-0.8193831940055707,-0.5375389036940379,0
-0.894473998375977,1.0067060521736932,1.193845425910583,-1.1647809704217689,1.4488354952238804,0.3257172209864163,1.2204302056910403,-0.8875112663966895,0
0.8363688165461411,1.2175102258058668,1.166207631405246,1.7633679948962149,-0.8847715542505659,0.6426559071509603,-0.8193831940055707,0.5123781844139168,1
0.8363688165461411,-0.6525267983505079,-0.367689963640994,-0.0334506883670933,0.2820319704866573,-0.9420375236717596,1.2204302056910403,0.1624058217112652,0
-0.2021368724071297,-0.3669211437520798,-0.4644222444096755,-0.2330972087296831,0.8654337328552689,1.2765332794800484,-0.8193831940055707,-0.5375389036940379,0
-1.2406425613604006,0.340292858110694,0.2541604127291033,2.0961121955005315,-0.8847715542505659,0.9595945933155045,1.2204302056910403,1.5622952725218715,0
-0.894473998375977,0.340292858110694,0.6134517412984924,0.565488872720676,-0.3013697918819543,0.6426559071509603,-0.8193831940055707,0.5123781844139168,0
-0.894473998375977,1.2719113028722342,1.573865100358976,-1.430976330905222,-1.4681733166191775,0.0087785348218723,-0.8193831940055707,1.5622952725218715,0
-0.5483054353915534,0.2994920503109188,0.0261486080600677,-0.2996460488505464,-0.8847715542505659,-0.9420375236717596,-0.8193831940055707,1.5622952725218715,0
1.1825373795305647,-1.0605348763482627,-1.2659182850644677,0.2327446721163597,-0.3013697918819543,-0.9420375236717596,1.2204302056910403,0.8623505471165683,0
1.1825373795305647,1.2311104950724585,1.242211566294924,2.495405236225711,-1.4681733166191775,0.0087785348218723,1.2204302056910403,0.1624058217112652,1
0.1440316905772939,1.176709418006091,1.338943847063606,-0.8985856099383158,0.8654337328552689,0.9595945933155045,1.2204302056910403,1.5622952725218715,0
-1.2406425613604006,0.6870997244087852,0.9243769294835406,-0.1665483686088198,-0.8847715542505659,0.9595945933155045,-0.8193831940055707,1.5622952725218715,0
1.5287059425149885,0.9183043019408472,0.882920237725535,0.765135393083266,-0.3013697918819543,0.0087785348218723,1.2204302056910403,-0.8875112663966895,1
0.1440316905772939,1.367113187738376,1.1523887341525765,-0.7654879296965893,-0.3013697918819543,0.3257172209864163,-0.8193831940055707,0.1624058217112652,0
-1.5868111243448242,1.3943137262715604,1.4840422682166283,-0.6323902494548628,0.8654337328552689,1.5934719656445924,1.2204302056910403,1.21232290981922,0
0.8363688165461411,1.4487148033379276,1.166207631405246,-0.8985856099383158,1.4488354952238804,0.0087785348218723,1.2204302056910403,0.5123781844139168,1
-0.2021368724071297,0.5306966278429802,0.8552824432201966,-0.1665483686088198,-0.3013697918819543,-1.5759148960008476,-0.8193831940055707,-0.1875665409913863,0
0.8363688165461411,0.9727053790072144,0.7792785083305185,2.0961121955005315,-0.3013697918819543,1.2765332794800484,-0.8193831940055707,-0.5375389036940379,1
0.1440316905772939,1.0407067253401734,1.297487155305599,-2.429208932718171,0.8654337328552689,1.5934719656445924,-0.8193831940055707,1.5622952725218715,0
-0.894473998375977,0.2926919156776231,0.1366997860814184,1.6302703146544884,-0.8847715542505659,0.9595945933155045,-0.8193831940055707,-0.8875112663966895,0
-0.5483054353915534,-1.5433444353122725,-1.6735757540181977,0.4989400325998128,0.8654337328552689,0.0087785348218723,-0.8193831940055707,1.21232290981922,0
-1.2406425613604006,0.4354947429768371,0.76545961107785,0.765135393083266,-1.4681733166191775,0.0087785348218723,-0.8193831940055707,-1.5874559918019926,0
0.1440316905772939,-0.2377185857194579,-0.132768710345624,0.0996469918746332,0.2820319704866573,-0.6250988375072156,-0.8193831940055707,-0.5375389036940379,0
-0.894473998375977,1.407913995538152,1.5185895113483008,0.3658423523580862,0.8654337328552689,0.0087785348218723,-0.8193831940055707,-0.8875112663966895,0
-1.2406425613604006,1.2719113028722342,1.4978611654692968,-1.7637205315095383,-1.4681733166191775,0.6426559071509603,1.2204302056910403,0.8623505471165683,0
0.1440316905772939,1.1835095526393868,1.3734910901952777,-0.6323902494548628,0.8654337328552689,1.2765332794800484,1.2204302056910403,0.1624058217112652,0
0.4902002535617175,0.8639032248744799,0.7930974055831871,-0.5658414093339995,0.2820319704866573,0.0087785348218723,1.2204302056910403,1.5622952725218715,0
1.1825373795305647,-0.951732722215528,-0.8997175078687434,1.2309772739293088,0.8654337328552689,0.6426559071509603,-0.8193831940055707,-0.8875112663966895,1
1.5287059425149885,-0.054114950620468,-0.2225915424879713,-0.7654879296965893,0.8654337328552689,-1.5759148960008476,1.2204302056910403,0.8623505471165683,0
-1.5868111243448242,0.0478870688789702,0.2541604127291033,-0.4992925692131362,-0.3013697918819543,0.9595945933155045,1.2204302056910403,0.5123781844139168,0
-0.2021368724071297,-0.4757232978848144,-0.816804124352731,-0.2996460488505464,-1.4681733166191775,1.2765332794800484,-0.8193831940055707,1.21232290981922,0
-0.2021368724071297,0.9591051097406218,1.0625659020102296,-0.1665483686088198,0.8654337328552689,0.9595945933155045,1.2204302056910403,0.5123781844139168,0
-0.2021368724071297,1.2243103604391623,1.4080383333269502,-0.1665483686088198,0.8654337328552689,-1.2589762098363035,-0.8193831940055707,1.5622952725218715,0
0.1440316905772939,1.4283143994380405,1.1109320423945706,-0.0999995284879566,1.4488354952238804,0.0087785348218723,-0.8193831940055707,1.5622952725218715,0
0.8363688165461411,-0.4689231632515186,-0.1949537479826336,0.4323911924789496,-1.4681733166191775,0.3257172209864163,1.2204302056910403,-0.5375389036940379,0
0.1440316905772939,-0.6593269329838043,-0.975721442758422,0.565488872720676,1.4488354952238804,-0.3081601513426716,-0.8193831940055707,1.5622952725218715,0
0.8363688165461411,-1.0877354148814464,-1.4248356034701593,-1.5640740111469489,-1.4681733166191775,0.0087785348218723,-0.8193831940055707,0.1624058217112652,0
-1.2406425613604006,0.8367026863412956,0.9934714157468856,0.6320377128415394,-1.4681733166191775,1.2765332794800484,1.2204302056910403,-1.5874559918019926,0
-0.894473998375977,1.2175102258058668,1.4564044737112911,1.9630145152588048,0.8654337328552689,0.6426559071509603,-0.8193831940055707,-1.237483629099341,1
-0.894473998375977,-1.033334337815079,-0.7477096380893865,0.4989400325998128,-0.3013697918819543,-0.3081601513426716,-0.8193831940055707,0.8623505471165683,0
1.5287059425149885,1.4895156111377037,1.3251249498109363,-1.2313298105426322,-0.8847715542505659,0.9595945933155045,1.2204302056910403,-0.1875665409913863,0
-1.5868111243448242,-0.2853195281525288,0.0537864025654053,0.6985865529624027,0.8654337328552689,1.2765332794800484,-0.8193831940055707,0.8623505471165683,0
-1.2406425613604006,-0.054114950620468,-0.2847765801249809,-0.5658414093339995,-0.3013697918819543,0.9595945933155045,1.2204302056910403,1.21232290981922,0
-1.2406425613604006,-1.2169379729140684,-1.2382804905591298,0.6985865529624027,0.2820319704866573,0.3257172209864163,-0.8193831940055707,0.1624058217112652,0
1.1825373795305647,0.2518911078778479,0.5236289091561446,0.1661958319954964,-1.4681733166191775,-0.6250988375072156,1.2204302056910403,0.1624058217112652,0
0.1440316905772939,-1.3189399924135072,-1.0379064803954317,0.3658423523580862,0.2820319704866573,-0.6250988375072156,-0.8193831940055707,-1.237483629099341,0
0.8363688165461411,1.2039099565392752,1.3458532956899405,0.3658423523580862,1.4488354952238804,0.9595945933155045,-0.8193831940055707,-0.1875665409913863,1
-1.5868111243448242,1.2923117067721217,0.9934714157468856,0.4989400325998128,-0.8847715542505659,1.5934719656445924,-0.8193831940055707,0.1624058217112652,0
1.1825373795305647,-0.0337145467205801,0.1919753750920931,0.8982330733249925,-0.3013697918819543,-1.5759148960008476,-0.8193831940055707,-1.237483629099341,1
-0.894473998375977,0.1838897615448884,-0.049855326829611,0.0330981517537699,1.4488354952238804,-0.6250988375072156,1.2204302056910403,0.1624058217112652,0
0.4902002535617175,-0.8429305680827935,-1.0586348262744352,-0.698939089575726,-1.4681733166191775,-0.9420375236717596,-0.8193831940055707,0.1624058217112652,0
0.1440316905772939,1.013506186806989,0.910558032230872,0.0996469918746332,0.8654337328552689,-1.5759148960008476,-0.8193831940055707,0.1624058217112652,0
-0.894473998375977,-0.890531510515865,-0.9964497886374256,0.8316842332041292,0.2820319704866573,-0.6250988375072156,1.2204302056910403,1.21232290981922,0
0.1440316905772939,-0.584525452017549,-0.816804124352731,0.0996469918746332,-1.4681733166191775,-1.5759148960008476,-0.8193831940055707,0.8623505471165683,0
-0.5483054353915534,-0.6117259905507327,-0.7753474325947242,0.3658423523580862,0.8654337328552689,-1.5759148960008476,1.2204302056910403,-0.8875112663966895,0
-0.2021368724071297,-0.441722624718335,-0.5818828710573605,-0.8320367698174526,-1.4681733166191775,-0.3081601513426716,-0.8193831940055707,0.1624058217112652,0
0.1440316905772939,-0.2717192588859373,-0.3953277581463316,-0.3661948889714096,1.4488354952238804,1.2765332794800484,1.2204302056910403,-0.8875112663966895,0
-1.2406425613604006,0.2246905693446642,0.4476249742664664,1.2975261140501722,0.2820319704866573,-0.3081601513426716,-0.8193831940055707,1.5622952725218715,0
1.5287059425149885,-0.5641250481176612,-0.6302490114417015,-0.6323902494548628,-0.8847715542505659,-0.9420375236717596,-0.8193831940055707,-0.1875665409913863,0
1.1825373795305647,-1.0673350109815585,-0.7822568812210584,-1.4975251710260853,0.2820319704866573,-0.3081601513426716,-0.8193831940055707,0.8623505471165683,0
0.1440316905772939,-1.162536895847701,-1.4317450520964934,-1.2978786506634954,-0.8847715542505659,-0.3081601513426716,1.2204302056910403,-0.5375389036940379,0
1.5287059425149885,1.69351965013658,1.670597381127657,-0.7654879296965893,-0.8847715542505659,0.3257172209864163,-0.8193831940055707,-0.8875112663966895,0
-1.5868111243448242,1.4895156111377037,1.594593446237979,-1.5640740111469489,-0.8847715542505659,-0.3081601513426716,-0.8193831940055707,1.21232290981922,0
-0.894473998375977,-0.1969177779196821,-0.0567647754559453,-0.0999995284879566,-0.3013697918819543,-0.6250988375072156,1.2204302056910403,1.21232290981922,0
-1.5868111243448242,1.4419146687046318,1.3942194360742817,-1.7637205315095383,1.4488354952238804,0.3257172209864163,1.2204302056910403,1.21232290981922,0
1.1825373795305647,0.5578971663761633,0.7240029193198432,0.4989400325998128,-1.4681733166191775,0.0087785348218723,-0.8193831940055707,-0.8875112663966895,0
0.1440316905772939,-0.7205281446834674,-0.6855246004523768,0.299293512237223,0.8654337328552689,-1.5759148960008476,1.2204302056910403,1.5622952725218715,0
-0.894473998375977,0.8571030902411829,0.647998984430165,-0.2996460488505464,1.4488354952238804,-0.6250988375072156,1.2204302056910403,-0.8875112663966895,0
1.5287059425149885,-0.0269144120872844,-0.3055049260039844,-0.5658414093339995,-0.3013697918819543,0.9595945933155045,1.2204302056910403,1.21232290981922,0
0.4902002535617175,0.4014940698103571,0.6756367789355021,2.961247117071754,1.4488354952238804,-0.6250988375072156,1.2204302056910403,-0.5375389036940379,1
-0.5483054353915534,-0.1969177779196821,-0.167315953477296,2.6285029164674376,0.8654337328552689,0.9595945933155045,-0.8193831940055707,0.8623505471165683,0
-1.5868111243448242,-0.5641250481176612,-0.3607805150146597,-2.163013572234718,1.4488354952238804,-0.3081601513426716,-0.8193831940055707,0.5123781844139168,0
-1.5868111243448242,1.2651111682389384,1.124750939647239,1.9630145152588048,0.2820319704866573,-0.3081601513426716,1.2204302056910403,0.8623505471165683,1
1.1825373795305647,-1.6181459162785268,-1.6390285108865257,0.0996469918746332,-0.3013697918819543,-1.5759148960008476,-0.8193831940055707,1.21232290981922,0
0.4902002535617175,1.2243103604391623,1.0694753506365635,0.0330981517537699,0.2820319704866573,-0.6250988375072156,-0.8193831940055707,-0.1875665409913863,0
0.4902002535617175,-1.5705449738454558,-1.7219418944025386,-0.2996460488505464,0.8654337328552689,-1.2589762098363035,1.2204302056910403,-0.5375389036940379,0
0.4902002535617175,-0.0337145467205801,-0.0844025699612829,1.7633679948962149,0.2820319704866573,-0.9420375236717596,-0.8193831940055707,-1.5874559918019926,0
-0.5483054353915534,-1.033334337815079,-0.9066269564950784,-1.0982321303009055,-1.4681733166191775,0.9595945933155045,1.2204302056910403,1.21232290981922,0
1.5287059425149885,-0.1765173740197948,0.0261486080600677,-0.9651344500591792,0.8654337328552689,-0.9420375236717596,1.2204302056910403,-0.1875665409913863,0
1.1825373795305647,-0.278519393519233,-0.6233395628153673,-1.3644274907843588,-1.4681733166191775,-0.3081601513426716,-0.8193831940055707,1.5622952725218715,0
-0.2021368724071297,0.5510970317428675,0.2679793099817719,1.7633679948962149,-0.3013697918819543,-1.5759148960008476,1.2204302056910403,-1.237483629099341,1
-0.894473998375977,0.0138863957124907,-0.0913120185876172,-0.1665483686088198,0.2820319704866573,1.2765332794800484,-0.8193831940055707,-1.237483629099341,0
0.8363688165461411,-0.0405146813538765,-0.0083986350716048,0.0330981517537699,1.4488354952238804,-1.2589762098363035,1.2204302056910403,-0.1875665409913863,0
0.1440316905772939,0.3810936659104698,0.1505186833340869,1.2309772739293088,-0.8847715542505659,0.9595945933155045,1.2204302056910403,-0.8875112663966895,0
0.8363688165461411,0.1702894922782969,0.2127037209710965,0.565488872720676,-0.3013697918819543,0.0087785348218723,-0.8193831940055707,0.5123781844139168,0
0.8363688165461411,-0.0405146813538765,0.2610698613554376,-0.8985856099383158,-0.8847715542505659,-0.6250988375072156,1.2204302056910403,0.8623505471165683,0
1.1825373795305647,0.1362888191118175,0.1366997860814184,-1.4975251710260853,0.8654337328552689,-0.3081601513426716,1.2204302056910403,-0.1875665409913863,0
-0.5483054353915534,-0.3533208744854882,-0.1811348507299651,-1.8302693716304017,0.2820319704866573,0.3257172209864163,-0.8193831940055707,-1.5874559918019926,0
-0.2021368724071297,-0.6593269329838043,-0.5957017683100296,1.6302703146544884,-0.8847715542505659,-0.9420375236717596,-0.8193831940055707,-0.1875665409913863,0
-0.5483054353915534,0.6530990512423064,0.4199871797611293,0.0330981517537699,0.8654337328552689,1.2765332794800484,-0.8193831940055707,-1.5874559918019926,0
-0.2021368724071297,1.4487148033379276,1.3182155011846022,-0.3661948889714096,0.8654337328552689,1.2765332794800484,1.2204302056910403,1.21232290981922,0
0.1440316905772939,0.9387047058407344,1.00038086437322,1.5637214745336252,1.4488354952238804,-0.3081601513426716,-0.8193831940055707,-0.5375389036940379,1
-1.5868111243448242,-0.4349224900850392,-0.2295009911143056,0.6320377128415394,-0.3013697918819543,0.6426559071509603,-0.8193831940055707,-1.237483629099341,0
1.5287059425149885,-0.0269144120872844,-0.2087726452353022,-0.0334506883670933,-0.8847715542505659,1.2765332794800484,-0.8193831940055707,-0.8875112663966895,0
0.1440316905772939,-0.6865274715169879,-0.4022372067726659,1.2309772739293088,-1.4681733166191775,-1.2589762098363035,-0.8193831940055707,-0.5375389036940379,0
-0.2021368724071297,0.727900532208561,0.5029005632771418,-1.430976330905222,1.4488354952238804,1.2765332794800484,-0.8193831940055707,0.8623505471165683,0
-1.5868111243448242,0.0546872035122665,0.3370737962451157,-0.2330972087296831,1.4488354952238804,1.5934719656445924,1.2204302056910403,0.1624058217112652,0
1.5287059425149885,-0.278519393519233,-0.4367844499043378,-1.6306228512678118,0.8654337328552689,0.0087785348218723,-0.8193831940055707,-0.1875665409913863,0
-1.5868111243448242,1.788721535002723,1.7051446242593296,-0.2330972087296831,-0.3013697918819543,-1.5759148960008476,-0.8193831940055707,-1.5874559918019926,0
-1.2406425613604006,0.7415008014751525,0.5789044981668199,0.0330981517537699,-0.8847715542505659,-0.3081601513426716,-0.8193831940055707,0.8623505471165683,0
0.4902002535617175,0.1226885498452254,0.1228808888287492,2.295758715863121,-0.3013697918819543,-0.9420375236717596,-0.8193831940055707,0.5123781844139168,0
1.5287059425149885,0.5442968971095717,0.8207352000885253,-1.0316832901800423,-1.4681733166191775,1.2765332794800484,-0.8193831940055707,-0.8875112663966895,0
-1.2406425613604006,-0.1085160276868353,-0.2225915424879713,0.1661958319954964,1.4488354952238804,-0.9420375236717596,-0.8193831940055707,0.8623505471165683,0
0.8363688165461411,0.4694954161433172,0.1574281319604211,-0.2996460488505464,1.4488354952238804,-1.5759148960008476,-0.8193831940055707,-0.1875665409913863,1
0.4902002535617175,0.8231024170747041,0.9381958267362104,0.0996469918746332,-0.8847715542505659,0.0087785348218723,-0.8193831940055707,-1.5874559918019926,0
0.4902002535617175,1.1971098219059784,1.1592981827789115,1.1644284338084456,1.4488354952238804,1.2765332794800484,-0.8193831940055707,0.8623505471165683,1
0.4902002535617175,-0.0473148159871723,-0.1258592617192898,-0.698939089575726,-0.8847715542505659,1.5934719656445924,-0.8193831940055707,-0.5375389036940379,0
0.8363688165461411,-1.5637448392121596,-1.611390716381188,-0.7654879296965893,-0.3013697918819543,0.3257172209864163,1.2204302056910403,1.21232290981922,0
0.8363688165461411,-0.8497307027160893,-1.1622765556694516,0.1661958319954964,0.8654337328552689,-1.5759148960008476,-0.8193831940055707,-1.237483629099341,0
1.5287059425149885,1.2651111682389384,1.145479285526242,0.299293512237223,0.8654337328552689,-0.6250988375072156,1.2204302056910403,1.5622952725218715,1
0.8363688165461411,-1.11493595341463,-1.0309970317690975,0.9647819134458556,0.8654337328552689,0.3257172209864163,1.2204302056910403,-0.5375389036940379,1
-0.2021368724071297,-0.2513188549860494,-0.0014891864452699,1.6302703146544884,1.4488354952238804,0.6426559071509603,1.2204302056910403,-1.5874559918019926,0
1.1825373795305647,-0.054114950620468,-0.3607805150146597,0.8982330733249925,1.4488354952238804,1.2765332794800484,1.2204302056910403,-0.8875112663966895,1
-0.894473998375977,-1.1489366265811094,-1.4662922952281654,-2.0964647321138545,-0.8847715542505659,1.5934719656445924,-0.8193831940055707,0.8623505471165683,0
1.5287059425149885,0.7006999936753779,0.931286378109876,1.3640749541710353,-0.8847715542505659,-0.3081601513426716,1.2204302056910403,0.8623505471165683,1
0.4902002535617175,0.2450909732445515,-0.0705836727086144,-0.8320367698174526,-1.4681733166191775,0.9595945933155045,1.2204302056910403,1.5622952725218715,0
-1.5868111243448242,0.0138863957124907,0.2057942723447622,-1.0316832901800423,-1.4681733166191775,-0.6250988375072156,-0.8193831940055707,-1.237483629099341,0
0.4902002535617175,1.31271211067201,1.449495025084957,-1.4975251710260853,0.8654337328552689,-0.6250988375072156,-0.8193831940055707,1.21232290981922,0
0.1440316905772939,-0.4485227593516308,-0.4367844499043378,0.6320377128415394,-0.3013697918819543,1.2765332794800484,1.2204302056910403,-0.5375389036940379,0
-0.5483054353915534,1.27871143750553,1.311306052558268,-0.4327437290922729,1.4488354952238804,-0.3081601513426716,-0.8193831940055707,0.5123781844139168,0
-0.894473998375977,0.2994920503109188,0.4130777311347951,-1.0982321303009055,0.8654337328552689,1.2765332794800484,-0.8193831940055707,-1.237483629099341,0
1.1825373795305647,1.747920727202947,1.4633139223376257,0.765135393083266,1.4488354952238804,-0.3081601513426716,1.2204302056910403,0.8623505471165683,1
1.5287059425149885,-0.972133126115416,-1.017178134516429,0.765135393083266,0.8654337328552689,1.2765332794800484,1.2204302056910403,0.1624058217112652,1
-0.894473998375977,0.1634893576450005,-0.0153080836979391,-1.0982321303009055,-0.8847715542505659,1.5934719656445924,-0.8193831940055707,0.8623505471165683,0
-1.5868111243448242,1.6799193808699884,1.6084123434906474,0.0330981517537699,1.4488354952238804,0.9595945933155045,1.2204302056910403,0.5123781844139168,0
-0.894473998375977,-0.1901176432863863,0.0606958511917396,-0.8985856099383158,1.4488354952238804,-1.2589762098363035,1.2204302056910403,-1.5874559918019926,0
-1.5868111243448242,-0.4961237017847023,-0.6440679086943707,-0.9651344500591792,0.2820319704866573,-1.5759148960008476,1.2204302056910403,-0.8875112663966895,0
-0.5483054353915534,0.7823016092749283,0.4752627687718047,0.4323911924789496,0.2820319704866573,0.0087785348218723,-0.8193831940055707,0.1624058217112652,0
-1.5868111243448242,-0.2717192588859373,-0.5818828710573605,-1.2313298105426322,0.8654337328552689,-0.3081601513426716,1.2204302056910403,0.8623505471165683,0
-0.894473998375977,-0.6185261251840285,-0.934264751000416,1.1644284338084456,-0.3013697918819543,-0.3081601513426716,-0.8193831940055707,-0.8875112663966895,0
0.4902002535617175,-0.890531510515865,-0.9964497886374256,-1.5640740111469489,-0.8847715542505659,0.3257172209864163,1.2204302056910403,-1.237483629099341,0
-0.2021368724071297,0.3606932620105825,0.4683533201454705,0.4323911924789496,0.8654337328552689,0.0087785348218723,1.2204302056910403,-1.5874559918019926,0
-0.5483054353915534,-1.7745490128443329,-1.5146584356125063,0.299293512237223,1.4488354952238804,0.0087785348218723,-0.8193831940055707,-1.5874559918019926,0
-0.894473998375977,1.0407067253401734,0.7240029193198432,-0.0999995284879566,-1.4681733166191775,-1.5759148960008476,1.2204302056910403,-1.5874559918019926,0
0.1440316905772939,1.0747073985066522,1.3804005388216118,0.0330981517537699,-1.4681733166191775,0.0087785348218723,1.2204302056910403,-0.8875112663966895,0
1.1825373795305647,0.7823016092749283,0.5581761522878171,-0.698939089575726,-1.4681733166191775,-0.3081601513426716,-0.8193831940055707,-1.5874559918019926,0
0.4902002535617175,1.2991118414054172,1.5116800627219664,3.094344797313481,0.8654337328552689,1.2765332794800484,1.2204302056910403,0.8623505471165683,1
0.1440316905772939,-1.1557367612144052,-1.1968237988011234,2.428856396104848,0.8654337328552689,-1.2589762098363035,1.2204302056910403,-0.1875665409913863,0
1.1825373795305647,0.6054981088092348,0.910558032230872,1.7633679948962149,0.8654337328552689,-0.6250988375072156,-0.8193831940055707,-0.8875112663966895,1
0.1440316905772939,-1.0605348763482627,-1.0862726207797728,1.8299168350170785,0.8654337328552689,0.9595945933155045,1.2204302056910403,0.8623505471165683,0
1.5287059425149885,1.210710091172571,1.4287666792059528,-0.1665483686088198,-1.4681733166191775,-0.3081601513426716,1.2204302056910403,0.1624058217112652,0
-0.894473998375977,-1.7881492821109246,-1.5077489869861722,0.1661958319954964,0.2820319704866573,-0.6250988375072156,-0.8193831940055707,-0.5375389036940379,0
-0.5483054353915534,0.6802995897754894,0.5581761522878171,-0.4327437290922729,0.8654337328552689,0.3257172209864163,1.2204302056910403,-0.8875112663966895,0
-0.5483054353915534,1.8635230159689773,1.691325727006661,-1.2313298105426322,0.8654337328552689,-0.3081601513426716,-0.8193831940055707,0.5123781844139168,0
1.1825373795305647,0.2994920503109188,0.364711590750454,0.4989400325998128,-0.8847715542505659,1.5934719656445924,-0.8193831940055707,0.5123781844139168,0
0.1440316905772939,-0.3941216822852634,-0.5887923196836954,-0.3661948889714096,-0.8847715542505659,1.5934719656445924,-0.8193831940055707,0.5123781844139168,0
-0.894473998375977,0.0614873381455623,-0.0913120185876172,0.2327446721163597,-1.4681733166191775,0.0087785348218723,1.2204302056910403,-0.8875112663966895,0
-1.2406425613604006,0.9795055136405104,0.7585501624515157,-0.0999995284879566,-0.8847715542505659,-0.9420375236717596,-0.8193831940055707,-1.5874559918019926,0
0.8363688165461411,-0.1561169701199069,-0.3607805150146597,0.6320377128415394,1.4488354952238804,0.3257172209864163,-0.8193831940055707,1.21232290981922,0
0.8363688165461411,-1.1353363573145174,-1.245189939185464,-1.430976330905222,-0.3013697918819543,0.6426559071509603,-0.8193831940055707,-0.8875112663966895,0
-1.5868111243448242,0.0410869342456744,-0.1189498130929549,-0.8985856099383158,0.8654337328552689,-0.6250988375072156,1.2204302056910403,-1.237483629099341,0
-0.2021368724071297,0.5578971663761633,0.482172217398139,0.565488872720676,1.4488354952238804,0.3257172209864163,-0.8193831940055707,1.21232290981922,0
-0.2021368724071297,-0.0065140081873971,0.2541604127291033,-0.6323902494548628,-0.3013697918819543,1.2765332794800484,1.2204302056910403,-0.8875112663966895,0
-0.894473998375977,-0.5165241056845902,-0.4436938985306727,-0.5658414093339995,-0.8847715542505659,0.0087785348218723,-0.8193831940055707,0.5123781844139168,0
1.5287059425149885,-1.5093437621457928,-1.3695600144594835,-0.1665483686088198,0.2820319704866573,-0.6250988375072156,-0.8193831940055707,0.1624058217112652,0
1.5287059425149885,0.0138863957124907,0.2472509641027684,-0.8320367698174526,-0.8847715542505659,1.5934719656445924,1.2204302056910403,-0.1875665409913863,0
0.8363688165461411,-0.1697172393864984,-0.0222175323242733,1.5637214745336252,1.4488354952238804,0.0087785348218723,-0.8193831940055707,1.21232290981922,1
0.1440316905772939,-1.2849393192470278,-1.4386545007228275,0.6985865529624027,-0.8847715542505659,-1.5759148960008476,-0.8193831940055707,1.5622952725218715,0
0.4902002535617175,0.1226885498452254,0.2127037209710965,-1.5640740111469489,-0.8847715542505659,-0.6250988375072156,-0.8193831940055707,-1.5874559918019926,0
0.1440316905772939,-0.2241183164528657,-0.2433198883669747,-1.4975251710260853,0.8654337328552689,0.0087785348218723,-0.8193831940055707,1.5622952725218715,0
-0.5483054353915534,-0.5233242403178859,-0.6233395628153673,1.8299168350170785,0.8654337328552689,0.0087785348218723,1.2204302056910403,0.1624058217112652,0
-1.5868111243448242,-1.0537347417149665,-0.8375324702317338,1.4971726344127618,0.8654337328552689,0.9595945933155045,-0.8193831940055707,1.21232290981922,0
-1.5868111243448242,-0.2377185857194579,-0.5196978334203508,1.5637214745336252,-0.8847715542505659,-0.3081601513426716,1.2204302056910403,1.5622952725218715,0
-0.5483054353915534,0.5918978395426433,0.2748887586081061,1.6302703146544884,1.4488354952238804,-1.2589762098363035,1.2204302056910403,-0.5375389036940379,1
0.8363688165461411,1.6391185730702127,1.6222312407433173,-0.3661948889714096,1.4488354952238804,0.6426559071509603,-0.8193831940055707,-0.5375389036940379,1
0.8363688165461411,0.2790916464110315,0.1366997860814184,1.3640749541710353,0.2820319704866573,1.2765332794800484,1.2204302056910403,-1.5874559918019926,1
-0.5483054353915534,1.5779173613705495,1.6636879325013227,-0.4992925692131362,0.2820319704866573,-0.3081601513426716,-0.8193831940055707,-1.237483629099341,0
0.8363688165461411,-1.7881492821109246,-1.728851343028873,1.0978795936875825,0.8654337328552689,-0.6250988375072156,1.2204302056910403,0.1624058217112652,1
-0.894473998375977,1.9043238237687532,1.6636879325013227,0.765135393083266,-0.8847715542505659,-0.9420375236717596,-0.8193831940055707,1.5622952725218715,0
0.1440316905772939,0.9319045712074387,0.8276446487148595,-0.4327437290922729,-1.4681733166191775,0.0087785348218723,1.2204302056910403,-1.237483629099341,0
1.5287059425149885,0.6870997244087852,0.6963651248145049,0.4989400325998128,0.2820319704866573,1.2765332794800484,-0.8193831940055707,1.5622952725218715,1
0.1440316905772939,1.176709418006091,1.4702233709639596,-2.628855453080761,-0.8847715542505659,0.0087785348218723,-0.8193831940055707,-1.5874559918019926,0
-0.5483054353915534,-0.0337145467205801,-0.1949537479826336,-0.698939089575726,1.4488354952238804,0.3257172209864163,-0.8193831940055707,1.21232290981922,0
-0.5483054353915534,1.503115880404295,1.4425855764586215,-0.0999995284879566,0.2820319704866573,1.2765332794800484,-0.8193831940055707,0.1624058217112652,0
0.4902002535617175,-1.3733410694798744,-1.5077489869861722,1.2309772739293088,-0.8847715542505659,-0.3081601513426716,-0.8193831940055707,-0.1875665409913863,0
1.1825373795305647,-0.938132452948936,-1.0379064803954317,0.565488872720676,1.4488354952238804,-0.6250988375072156,1.2204302056910403,-0.1875665409913863,0
-1.2406425613604006,-0.6457266637172121,-0.4091466553990002,-0.2330972087296831,1.4488354952238804,1.2765332794800484,-0.8193831940055707,-1.237483629099341,0
0.4902002535617175,1.6119180345370296,1.3527627443162749,-0.1665483686088198,0.8654337328552689,0.6426559071509603,-0.8193831940055707,-1.5874559918019926,0
0.1440316905772939,0.4694954161433172,0.5374478064088143,-1.4975251710260853,1.4488354952238804,0.6426559071509603,-0.8193831940055707,0.1624058217112652,0
-1.2406425613604006,-1.2305382421806603,-1.3488316685804804,-0.698939089575726,0.8654337328552689,-1.5759148960008476,1.2204302056910403,-1.5874559918019926,0
0.1440316905772939,-0.7341284139500589,-0.450603347157007,-0.4992925692131362,-0.3013697918819543,0.9595945933155045,-0.8193831940055707,-1.5874559918019926,0
-0.894473998375977,-1.6045456470119352,-1.3211938740751428,-0.3661948889714096,-0.3013697918819543,-1.2589762098363035,1.2204302056910403,-1.237483629099341,0
-1.2406425613604006,-0.1493168354866111,-0.1880442993562994,0.299293512237223,0.2820319704866573,0.6426559071509603,1.2204302056910403,-0.1875665409913863,0
0.4902002535617175,-0.0609150852537638,0.0261486080600677,-0.4992925692131362,-0.8847715542505659,0.3257172209864163,1.2204302056910403,-0.5375389036940379,0
0.4902002535617175,0.8027020131748168,0.6756367789355021,-0.8320367698174526,0.8654337328552689,0.6426559071509603,-0.8193831940055707,-0.8875112663966895,0
-1.5868111243448242,-0.4485227593516308,-0.699343497705046,-0.8320367698174526,-0.8847715542505659,0.3257172209864163,1.2204302056910403,0.5123781844139168,0
-1.5868111243448242,0.1022881459453375,0.198884823718428,0.4323911924789496,-0.8847715542505659,-1.5759148960008476,-0.8193831940055707,-1.5874559918019926,0
1.5287059425149885,-1.998953455743098,-1.7219418944025386,2.029563355379668,0.8654337328552689,-1.2589762098363035,1.2204302056910403,-0.8875112663966895,1
1.1825373795305647,0.564697301009459,0.7240029193198432,0.6985865529624027,0.2820319704866573,-0.3081601513426716,-0.8193831940055707,-0.8875112663966895,1
1.1825373795305647,-1.52974416604568,-1.7150324457762045,-1.2978786506634954,1.4488354952238804,-1.2589762098363035,1.2204302056910403,1.5622952725218715,0
-0.894473998375977,0.5238964932096845,0.5374478064088143,-0.2996460488505464,0.2820319704866573,0.6426559071509603,1.2204302056910403,1.21232290981922,0
-0.5483054353915534,-1.5569447045788638,-1.70812299714987,-0.2996460488505464,1.4488354952238804,0.9595945933155045,-0.8193831940055707,1.5622952725218715,0
-1.5868111243448242,-1.856150628443884,-1.5630245759968475,-0.7654879296965893,-1.4681733166191775,0.0087785348218723,-0.8193831940055707,1.21232290981922,0
0.4902002535617175,0.4422948776101329,0.6549084330564993,1.3640749541710353,1.4488354952238804,-1.2589762098363035,-0.8193831940055707,-0.5375389036940379,1
1.5287059425149885,-0.0949157584202438,-0.2087726452353022,0.4989400325998128,-1.4681733166191775,0.6426559071509603,1.2204302056910403,0.1624058217112652,0
-0.894473998375977,1.305911976038713,1.166207631405246,1.8299168350170785,-1.4681733166191775,-0.9420375236717596,-0.8193831940055707,1.21232290981922,0
0.8363688165461411,0.0206865303457865,0.2679793099817719,-1.5640740111469489,0.2820319704866573,-1.2589762098363035,1.2204302056910403,0.5123781844139168,0
-0.5483054353915534,0.0342867996123786,-0.1189498130929549,-1.7637205315095383,-0.8847715542505659,-0.9420375236717596,1.2204302056910403,-1.237483629099341,0
-0.894473998375977,-0.1493168354866111,-0.0291269809506076,1.3640749541710353,-1.4681733166191775,0.3257172209864163,1.2204302056910403,-0.8875112663966895,0
0.4902002535617175,-1.1761371651142931,-1.1208198639114448,-0.9651344500591792,-0.3013697918819543,-1.2589762098363035,-0.8193831940055707,-1.5874559918019926,0
-1.5868111243448242,-0.4349224900850392,-0.6786151518260426,-1.7637205315095383,0.8654337328552689,1.2765332794800484,1.2204302056910403,1.5622952725218715,0
0.8363688165461411,1.1563090141062038,0.9381958267362104,-1.3644274907843588,-0.8847715542505659,-0.3081601513426716,-0.8193831940055707,-1.5874559918019926,0
1.5287059425149885,0.2586912425111436,0.3992588338821253,-0.6323902494548628,-0.8847715542505659,0.3257172209864163,1.2204302056910403,0.8623505471165683,0
-1.5868111243448242,1.1971098219059784,0.9243769294835406,0.9647819134458556,-1.4681733166191775,1.5934719656445924,1.2204302056910403,0.8623505471165683,0
-0.2021368724071297,-0.0813154891536517,0.1090619915760807,1.3640749541710353,1.4488354952238804,0.3257172209864163,-0.8193831940055707,0.8623505471165683,0
0.4902002535617175,-0.7069278754168752,-0.9895403400110911,-0.698939089575726,-0.8847715542505659,1.5934719656445924,1.2204302056910403,-0.8875112663966895,0
1.5287059425149885,0.0206865303457865,-0.0083986350716048,-0.3661948889714096,1.4488354952238804,-0.6250988375072156,-0.8193831940055707,0.5123781844139168,0
0.8363688165461411,-1.1489366265811094,-1.4386545007228275,-0.1665483686088198,-0.3013697918819543,-1.5759148960008476,1.2204302056910403,1.5622952725218715,0
-1.5868111243448242,-0.6797273368836916,-0.8582608161107372,-0.0999995284879566,-0.8847715542505659,1.5934719656445924,1.2204302056910403,1.5622952725218715,0
-1.2406425613604006,0.6530990512423064,0.6065422926721582,0.0996469918746332,0.8654337328552689,0.6426559071509603,-0.8193831940055707,1.5622952725218715,0
-0.5483054353915534,-1.325740127046803,-1.528477332865175,0.8316842332041292,-1.4681733166191775,-0.6250988375072156,-0.8193831940055707,0.5123781844139168,0
-0.894473998375977,-0.8089298949163141,-0.4920600389150132,-2.8285019734433505,-1.4681733166191775,-0.6250988375072156,-0.8193831940055707,-0.8875112663966895,0
0.1440316905772939,-0.360121009118784,-0.4644222444096755,2.6285029164674376,0.2820319704866573,-0.6250988375072156,1.2204302056910403,0.5123781844139168,0
0.8363688165461411,-1.325740127046803,-1.4870206411071687,1.0978795936875825,0.2820319704866573,0.9595945933155045,1.2204302056910403,0.8623505471165683,1
-0.894473998375977,0.1974900308114806,0.3370737962451157,-1.430976330905222,-0.3013697918819543,-0.3081601513426716,1.2204302056910403,0.1624058217112652,0
-0.894473998375977,-0.0337145467205801,0.0537864025654053,0.8316842332041292,1.4488354952238804,-1.2589762098363035,-0.8193831940055707,-0.5375389036940379,0
1.1825373795305647,-0.6661270676171,-0.5887923196836954,-0.1665483686088198,-1.4681733166191775,0.6426559071509603,1.2204302056910403,-0.8875112663966895,0
-0.5483054353915534,-0.0337145467205801,-0.1949537479826336,-1.4975251710260853,1.4488354952238804,-1.5759148960008476,-0.8193831940055707,0.8623505471165683,0
1.1825373795305647,-0.7749292217498347,-0.7891663298473933,-0.4327437290922729,0.2820319704866573,-0.3081601513426716,-0.8193831940055707,-1.5874559918019926,0
0.8363688165461411,0.1838897615448884,0.2334320668500999,-0.0999995284879566,-1.4681733166191775,0.0087785348218723,-0.8193831940055707,-0.5375389036940379,0
-0.894473998375977,0.3878938005437656,0.3094360017397787,1.0313307535667189,0.2820319704866573,0.9595945933155045,-0.8193831940055707,0.5123781844139168,1
-1.5868111243448242,-1.5773451084787515,-1.6804852026445325,0.2327446721163597,-1.4681733166191775,0.9595945933155045,-0.8193831940055707,-1.237483629099341,0
0.1440316905772939,0.4286946083435414,0.2748887586081061,-0.4327437290922729,0.8654337328552689,0.3257172209864163,-0.8193831940055707,0.5123781844139168,0
0.8363688165461411,0.4082942044436541,0.081424197070743,-1.430976330905222,0.2820319704866573,0.6426559071509603,-0.8193831940055707,-0.5375389036940379,1
-0.894473998375977,1.4963157457709992,1.6222312407433173,-0.4327437290922729,-0.3013697918819543,0.3257172209864163,1.2204302056910403,-1.237483629099341,0
1.1825373795305647,-0.2853195281525288,-0.333142720509322,0.299293512237223,-0.8847715542505659,-0.6250988375072156,1.2204302056910403,0.8623505471165683,0
-1.2406425613604006,-0.1833175086530905,-0.3745994122673282,1.0313307535667189,-0.3013697918819543,-0.3081601513426716,-0.8193831940055707,1.21232290981922,0
0.1440316905772939,1.27871143750553,1.477132819590294,-0.5658414093339995,0.2820319704866573,0.3257172209864163,1.2204302056910403,-0.8875112663966895,0
-0.2021368724071297,1.108708071673132,0.882920237725535,-1.2313298105426322,-0.8847715542505659,1.5934719656445924,1.2204302056910403,-0.8875112663966895,0
0.4902002535617175,-1.2917394538803235,-1.5630245759968475,0.4989400325998128,-1.4681733166191775,0.9595945933155045,-0.8193831940055707,0.1624058217112652,0
-0.5483054353915534,0.2518911078778479,0.3785304880031225,-0.9651344500591792,0.2820319704866573,-0.9420375236717596,-0.8193831940055707,0.5123781844139168,0
0.8363688165461411,1.2311104950724585,1.5462273058536378,-1.6971716913886752,0.8654337328552689,0.3257172209864163,1.2204302056910403,-0.1875665409913863,1
-1.5868111243448242,-1.5093437621457928,-1.632119062260191,-0.0334506883670933,0.8654337328552689,0.6426559071509603,1.2204302056910403,1.21232290981922,0
1.1825373795305647,-1.2509386460805478,-1.4317450520964934,1.0313307535667189,0.8654337328552689,-0.9420375236717596,1.2204302056910403,-0.5375389036940379,1
1.5287059425149885,-0.5641250481176612,-0.6786151518260426,0.4323911924789496,-1.4681733166191775,0.6426559071509603,-0.8193831940055707,1.5622952725218715,0
0.4902002535617175,1.1903096872726826,1.1731170800315802,-1.2313298105426322,-1.4681733166191775,-1.2589762098363035,1.2204302056910403,0.5123781844139168,0
1.5287059425149885,0.4626952815100214,0.5443572550351486,-1.2313298105426322,0.2820319704866573,-1.2589762098363035,1.2204302056910403,-0.1875665409913863,1
1.5287059425149885,0.3062921849442152,0.2127037209710965,0.1661958319954964,-1.4681733166191775,-0.3081601513426716,-0.8193831940055707,0.5123781844139168,0
1.5287059425149885,1.0271064560735803,1.3043966039319337,0.299293512237223,0.8654337328552689,-0.9420375236717596,1.2204302056910403,1.5622952725218715,1
-0.2021368724071297,0.6462989166090106,0.7516407138251803,-1.4975251710260853,0.8654337328552689,0.3257172209864163,1.2204302056910403,-0.5375389036940379,0
1.1825373795305647,1.4147141301714476,1.2214832204159212,1.2975261140501722,0.8654337328552689,1.2765332794800484,-0.8193831940055707,-0.5375389036940379,1
0.4902002535617175,-0.6661270676171,-0.7615285353420557,-0.8320367698174526,0.2820319704866573,0.3257172209864163,-0.8193831940055707,-0.1875665409913863,0
1.5287059425149885,1.7275203233030598,1.6636879325013227,-0.8985856099383158,-0.8847715542505659,1.2765332794800484,-0.8193831940055707,-0.5375389036940379,0
0.1440316905772939,-1.8085496860108123,-1.7495796889078763,1.1644284338084456,-0.8847715542505659,0.9595945933155045,1.2204302056910403,-0.8875112663966895,0
-0.5483054353915534,0.6530990512423064,0.7930974055831871,-0.1665483686088198,0.2820319704866573,0.6426559071509603,-0.8193831940055707,-0.1875665409913863,0
-1.5868111243448242,1.7343204579363556,1.5876839976116446,0.1661958319954964,0.2820319704866573,1.5934719656445924,-0.8193831940055707,1.21232290981922,0
1.5287059425149885,-0.5437246442177732,-0.733890740836718,-0.9651344500591792,0.2820319704866573,-0.9420375236717596,-0.8193831940055707,1.21232290981922,0
-0.894473998375977,0.7075001283086737,0.6549084330564993,-1.2978786506634954,0.8654337328552689,0.6426559071509603,1.2204302056910403,-0.8875112663966895,0
-1.5868111243448242,0.7143002629419695,0.53053835778248,0.6985865529624027,-0.8847715542505659,0.9595945933155045,-0.8193831940055707,1.21232290981922,0
1.5287059425149885,0.503496089309796,0.4130777311347951,1.4971726344127618,0.8654337328552689,-1.2589762098363035,1.2204302056910403,-1.237483629099341,1
1.1825373795305647,-0.1901176432863863,-0.5058789361676823,1.6968191547753515,-1.4681733166191775,-0.6250988375072156,-0.8193831940055707,-0.1875665409913863,0
-1.2406425613604006,-0.5777253173842533,-0.616430114189033,-0.2330972087296831,1.4488354952238804,-1.2589762098363035,-0.8193831940055707,0.1624058217112652,0
-0.2021368724071297,-0.7885294910164262,-0.5058789361676823,0.9647819134458556,-0.8847715542505659,-0.3081601513426716,-0.8193831940055707,-0.1875665409913863,0
0.1440316905772939,0.5102962239430917,0.7861879569568527,0.1661958319954964,-0.3013697918819543,0.0087785348218723,-0.8193831940055707,-1.5874559918019926,0
0.4902002535617175,0.4014940698103571,0.3992588338821253,0.565488872720676,0.8654337328552689,-0.3081601513426716,1.2204302056910403,-0.1875665409913863,0
0.8363688165461411,0.5306966278429802,0.3025265531134438,0.565488872720676,0.8654337328552689,0.3257172209864163,1.2204302056910403,-1.5874559918019926,1
-1.2406425613604006,1.013506186806989,0.8000068542095213,1.5637214745336252,1.4488354952238804,0.0087785348218723,1.2204302056910403,1.5622952725218715,1
0.1440316905772939,0.0614873381455623,0.1366997860814184,1.1644284338084456,0.8654337328552689,1.2765332794800484,-0.8193831940055707,-0.8875112663966895,0
1.1825373795305647,0.564697301009459,0.8552824432201966,-0.5658414093339995,1.4488354952238804,1.2765332794800484,-0.8193831940055707,-1.5874559918019926,1
1.1825373795305647,-1.244138511447252,-1.328103322701477,0.3658423523580862,-0.8847715542505659,0.3257172209864163,-0.8193831940055707,-1.237483629099341,0
0.8363688165461411,1.1359086102063152,1.3942194360742817,0.765135393083266,-0.3013697918819543,-0.9420375236717596,1.2204302056910403,-0.8875112663966895,1
1.5287059425149885,-0.6729272022503958,-0.7477096380893865,-2.0964647321138545,-1.4681733166191775,0.0087785348218723,-0.8193831940055707,1.21232290981922,0
-1.5868111243448242,0.7006999936753779,1.007290312999554,0.6320377128415394,-0.8847715542505659,0.3257172209864163,-0.8193831940055707,0.1624058217112652,0
0.1440316905772939,-0.7749292217498347,-0.733890740836718,-0.8320367698174526,0.2820319704866573,-1.5759148960008476,1.2204302056910403,-1.5874559918019926,0
0.8363688165461411,-0.6185261251840285,-0.2916860287513152,-0.4327437290922729,-1.4681733166191775,-0.6250988375072156,1.2204302056910403,0.1624058217112652,0
0.1440316905772939,1.2175102258058668,0.979652518494216,-0.7654879296965893,0.8654337328552689,0.6426559071509603,-0.8193831940055707,-0.1875665409913863,0
-0.2021368724071297,-0.3125200666857124,-0.5196978334203508,0.6985865529624027,0.8654337328552689,0.3257172209864163,-0.8193831940055707,0.1624058217112652,0
1.5287059425149885,0.0002861264458992,0.0123297108073985,-2.4957577728390343,1.4488354952238804,1.2765332794800484,-0.8193831940055707,-1.5874559918019926,0
-1.2406425613604006,-1.5365443006789763,-1.6390285108865257,1.6968191547753515,-0.8847715542505659,-0.6250988375072156,-0.8193831940055707,-0.8875112663966895,0
0.4902002535617175,-0.1629171047532026,0.1297903374550835,0.565488872720676,0.8654337328552689,0.9595945933155045,1.2204302056910403,-1.237483629099341,0
-1.2406425613604006,1.0339065907068776,1.2283926690422555,-0.2330972087296831,-1.4681733166191775,0.9595945933155045,1.2204302056910403,1.5622952725218715,0
-1.5868111243448242,0.9183043019408472,1.145479285526242,-1.430976330905222,0.2820319704866573,0.6426559071509603,-0.8193831940055707,0.5123781844139168,0
-1.2406425613604006,-0.7885294910164262,-0.5473356279256886,-0.0334506883670933,0.2820319704866573,1.2765332794800484,1.2204302056910403,0.8623505471165683,0
0.4902002535617175,-0.2377185857194579,-0.1880442993562994,1.8964656751379412,-1.4681733166191775,-0.6250988375072156,1.2204302056910403,1.5622952725218715,0
1.5287059425149885,-0.8497307027160893,-0.53351673067302,-1.1647809704217689,0.2820319704866573,0.3257172209864163,1.2204302056910403,1.21232290981922,0
-0.894473998375977,1.3263123799386014,1.4702233709639596,-1.0316832901800423,-0.8847715542505659,-0.6250988375072156,1.2204302056910403,0.1624058217112652,0
0.4902002535617175,-1.6181459162785268,-1.5906623705021845,-0.8985856099383158,-0.8847715542505659,0.9595945933155045,-0.8193831940055707,1.21232290981922,0
0.1440316905772939,1.3467127838384887,1.553136754479972,0.1661958319954964,1.4488354952238804,1.2765332794800484,-0.8193831940055707,-0.1875665409913863,0
-0.894473998375977,-0.2853195281525288,-0.0567647754559453,-0.2330972087296831,0.8654337328552689,0.0087785348218723,-0.8193831940055707,1.5622952725218715,0
-0.894473998375977,0.925104436574143,1.1731170800315802,-3.161246174047667,1.4488354952238804,0.0087785348218723,-0.8193831940055707,-0.8875112663966895,0
0.1440316905772939,0.8299025517079999,1.1731170800315802,-0.2996460488505464,0.2820319704866573,0.0087785348218723,1.2204302056910403,-0.5375389036940379,0
0.4902002535617175,0.727900532208561,0.6687273303091679,0.4989400325998128,-0.3013697918819543,1.2765332794800484,-0.8193831940055707,-1.237483629099341,0
-0.5483054353915534,0.2654913771444394,0.5927233954194897,0.1661958319954964,-1.4681733166191775,0.6426559071509603,-0.8193831940055707,1.5622952725218715,0
-0.5483054353915534,0.503496089309796,0.8345540973411939,0.0330981517537699,-1.4681733166191775,0.9595945933155045,-0.8193831940055707,-0.8875112663966895,0
0.1440316905772939,-1.815349820644108,-1.70812299714987,0.2327446721163597,-0.3013697918819543,1.5934719656445924,-0.8193831940055707,-0.5375389036940379,0
0.1440316905772939,-1.5637448392121596,-1.611390716381188,-0.7654879296965893,-0.3013697918819543,1.5934719656445924,1.2204302056910403,0.5123781844139168,0
0.4902002535617175,0.5714974356427548,0.8760107890992007,-0.4992925692131362,0.8654337328552689,1.5934719656445924,1.2204302056910403,1.5622952725218715,0
0.8363688165461411,-1.5093437621457928,-1.4870206411071687,1.5637214745336252,1.4488354952238804,-0.3081601513426716,-0.8193831940055707,-0.8875112663966895,1
-0.5483054353915534,-1.5773451084787515,-1.3971978089648216,-2.429208932718171,-1.4681733166191775,-1.5759148960008476,1.2204302056910403,-0.8875112663966895,0
1.1825373795305647,-0.3941216822852634,-0.167315953477296,-1.2978786506634954,0.8654337328552689,-0.6250988375072156,-0.8193831940055707,0.8623505471165683,0
-0.5483054353915534,-0.8157300295496098,-1.1622765556694516,0.0330981517537699,-1.4681733166191775,0.6426559071509603,1.2204302056910403,0.5123781844139168,0
0.1440316905772939,-0.8701311066159771,-1.0586348262744352,1.4971726344127618,-0.3013697918819543,-1.5759148960008476,1.2204302056910403,1.5622952725218715,0
-0.5483054353915534,-0.2037179125529778,-0.132768710345624,-1.963367051872128,-0.8847715542505659,0.6426559071509603,-0.8193831940055707,-0.1875665409913863,0
-0.2021368724071297,1.5371165535707738,1.3734910901952777,1.2975261140501722,-1.4681733166191775,1.5934719656445924,-0.8193831940055707,-0.8875112663966895,0
1.1825373795305647,-0.360121009118784,-0.3953277581463316,1.2309772739293088,0.2820319704866573,1.2765332794800484,1.2204302056910403,-0.5375389036940379,1
0.8363688165461411,0.4354947429768371,0.4890816660244733,0.6985865529624027,-0.3013697918819543,-0.6250988375072156,1.2204302056910403,-0.8875112663966895,1
-1.5868111243448242,-0.6321263944506206,-0.968811994132088,1.2309772739293088,0.2820319704866573,0.0087785348218723,-0.8193831940055707,-1.5874559918019926,0
-1.5868111243448242,-1.611345781645231,-1.6666663053918631,1.7633679948962149,-0.3013697918819543,-0.9420375236717596,1.2204302056910403,-1.237483629099341,0
-1.5868111243448242,-0.7273282793167631,-0.8720797133634063,-0.0999995284879566,-0.8847715542505659,-1.2589762098363035,-0.8193831940055707,-1.237483629099341,0
-0.894473998375977,-1.196537569014181,-1.5561151273705127,0.6985865529624027,0.2820319704866573,-1.5759148960008476,1.2204302056910403,-0.1875665409913863,0
0.4902002535617175,-0.5097239710512939,-0.568063973804692,-0.2996460488505464,-1.4681733166191775,-1.2589762098363035,1.2204302056910403,-1.237483629099341,0
0.1440316905772939,1.1427087448396125,1.2905777066792652,-0.4327437290922729,-0.3013697918819543,0.3257172209864163,-0.8193831940055707,1.5622952725218715,0
-1.5868111243448242,-0.6593269329838043,-0.7062529463313802,-0.8985856099383158,-1.4681733166191775,1.5934719656445924,-0.8193831940055707,1.21232290981922,0
-0.5483054353915534,-1.0061337992818955,-0.7822568812210584,-0.0999995284879566,0.8654337328552689,-1.2589762098363035,1.2204302056910403,-1.237483629099341,0
-0.2021368724071297,0.8639032248744799,1.193845425910583,0.8982330733249925,-1.4681733166191775,-0.6250988375072156,-0.8193831940055707,-0.8875112663966895,0
0.1440316905772939,-0.1561169701199069,-0.2847765801249809,-0.2330972087296831,0.2820319704866573,-0.9420375236717596,-0.8193831940055707,1.5622952725218715,0
-1.5868111243448242,-0.6729272022503958,-1.0309970317690975,0.565488872720676,-0.3013697918819543,0.0087785348218723,-0.8193831940055707,-0.5375389036940379,0
1.1825373795305647,-0.584525452017549,-0.816804124352731,-0.8320367698174526,0.2820319704866573,0.0087785348218723,1.2204302056910403,-0.8875112663966895,0
-0.5483054353915534,-0.5573249134843654,-0.5196978334203508,-1.1647809704217689,0.8654337328552689,-0.3081601513426716,-0.8193831940055707,-1.5874559918019926,0
-0.894473998375977,1.1903096872726826,1.338943847063606,-0.698939089575726,0.2820319704866573,0.6426559071509603,-0.8193831940055707,-0.8875112663966895,0
-0.894473998375977,0.6802995897754894,0.7447312651988459,0.6320377128415394,1.4488354952238804,1.2765332794800484,-0.8193831940055707,0.8623505471165683,0
1.5287059425149885,-1.2985395885136193,-1.3902883603384872,1.0313307535667189,-0.8847715542505659,-0.3081601513426716,1.2204302056910403,1.21232290981922,0
-0.5483054353915534,1.1903096872726826,1.338943847063606,-1.2978786506634954,-0.3013697918819543,0.0087785348218723,-0.8193831940055707,-0.5375389036940379,0
1.1825373795305647,-0.9109319144157524,-0.9480836482530844,-0.4327437290922729,-1.4681733166191775,-1.5759148960008476,-0.8193831940055707,-1.5874559918019926,0
0.8363688165461411,0.0410869342456744,-0.0153080836979391,-1.0982321303009055,-0.8847715542505659,1.2765332794800484,1.2204302056910403,-1.237483629099341,0
-1.2406425613604006,0.0750876074121538,-0.1465876075982926,0.765135393083266,0.8654337328552689,0.9595945933155045,1.2204302056910403,1.5622952725218715,0
-0.894473998375977,-1.1761371651142931,-1.5008395383598374,0.0996469918746332,0.2820319704866573,-0.9420375236717596,1.2204302056910403,-0.8875112663966895,0
1.1825373795305647,-0.9449325875822324,-1.2659182850644677,0.8982330733249925,-0.3013697918819543,0.0087785348218723,1.2204302056910403,1.21232290981922,1
-0.5483054353915534,-0.441722624718335,-0.1604065048509617,-1.3644274907843588,-0.3013697918819543,0.3257172209864163,1.2204302056910403,0.1624058217112652,0
0.1440316905772939,1.0339065907068776,1.193845425910583,-0.2996460488505464,0.8654337328552689,-0.3081601513426716,1.2204302056910403,-0.8875112663966895,0
0.1440316905772939,-0.5369245095844775,-0.7822568812210584,-0.7654879296965893,-0.8847715542505659,0.6426559071509603,-0.8193831940055707,-1.5874559918019926,0
1.1825373795305647,1.339912649205193,1.3942194360742817,-0.8320367698174526,1.4488354952238804,0.6426559071509603,1.2204302056910403,-0.8875112663966895,1
1.5287059425149885,-0.7817293563831305,-0.5127883847940166,0.565488872720676,1.4488354952238804,-0.3081601513426716,-0.8193831940055707,-1.237483629099341,0
0.4902002535617175,0.0410869342456744,0.0261486080600677,0.299293512237223,-0.3013697918819543,0.9595945933155045,-0.8193831940055707,0.8623505471165683,0
-0.2021368724071297,1.7615209964695389,1.6982351756329954,1.2975261140501722,-0.3013697918819543,0.6426559071509603,-0.8193831940055707,-1.5874559918019926,1
0.4902002535617175,-1.5841452431120473,-1.53538678149151,-0.0999995284879566,1.4488354952238804,1.5934719656445924,1.2204302056910403,-1.5874559918019926,0
0.1440316905772939,0.8435028209745914,0.7101840220671747,-0.0999995284879566,0.8654337328552689,-0.6250988375072156,-0.8193831940055707,1.5622952725218715,0
1.5287059425149885,-1.4481425504461292,-1.493930089733503,-0.2330972087296831,-0.3013697918819543,0.0087785348218723,-0.8193831940055707,0.5123781844139168,0
-0.5483054353915534,0.5986979741759391,0.8691013404728651,0.299293512237223,0.8654337328552689,1.5934719656445924,1.2204302056910403,-0.1875665409913863,0
-0.894473998375977,0.8367026863412956,1.0418375561312254,-0.698939089575726,-0.3013697918819543,-0.9420375236717596,-0.8193831940055707,-0.8875112663966895,0
0.1440316905772939,0.3538931273772868,0.4407155256401321,0.0996469918746332,-0.8847715542505659,0.6426559071509603,-0.8193831940055707,1.21232290981922,0
1.1825373795305647,-0.9993336646485996,-0.9964497886374256,-1.0982321303009055,-1.4681733166191775,0.9595945933155045,-0.8193831940055707,-1.5874559918019926,0
-0.2021368724071297,0.4286946083435414,0.1505186833340869,-0.698939089575726,-0.8847715542505659,-1.2589762098363035,1.2204302056910403,0.1624058217112652,0
-1.5868111243448242,1.7955216696360188,1.4909517168429625,-0.2996460488505464,-0.3013697918819543,1.2765332794800484,1.2204302056910403,0.1624058217112652,0
0.8363688165461411,0.007086261079195,-0.1949537479826336,-1.963367051872128,-0.8847715542505659,1.5934719656445924,-0.8193831940055707,-0.1875665409913863,0
1.5287059425149885,0.0410869342456744,-0.250229336993309,-0.4327437290922729,0.8654337328552689,-0.6250988375072156,-0.8193831940055707,-0.8875112663966895,0
0.8363688165461411,0.1158884152119296,0.0883336456970773,-0.0334506883670933,0.8654337328552689,1.5934719656445924,-0.8193831940055707,0.5123781844139168,0
1.1825373795305647,-0.2309184510861615,-0.4022372067726659,-1.0982321303009055,0.8654337328552689,-0.9420375236717596,-0.8193831940055707,-1.5874559918019926,0
